case_id,baseline_case_id,source_case_id,source_case_ids,analysis_variant,case_domain,ideological_universe,k,gap_count,case_order,registry_order,focal_order,election_year,case_label,case_display,cabinet_period,source_periods,period_start,period_end,period_days,ideology_start_index,ideology_end_index,start_party,end_party,minimal_inversion,minimal_status,observed_coalition,synthetic_ideological_interval,main_text_focal,appendix_minimal,shared_numerical_vector,numerical_vector_group,coalition_parties,coalition_party_order,party,electoral_unit,v_id,V_d,district_party_vote_share,s_id,S_d,district_party_seat_share,within_district_quota,national_quota_contribution,a_id,b_id,d_id,A_i,B_i,d_i,a_id_exact,b_id_exact,d_id_exact,accounting_qualification
cabinet/C2014-a264923b9881ebab3d9b,cabinet/C2014-a264923b9881ebab3d9b,cabinet/C2014-a264923b9881ebab3d9b,cabinet/C2014-a264923b9881ebab3d9b,focal,cabinet,not_applicable,,,1,1,1,2014,Cabinet 2014/14-05,Cabinet 2014/14-05,14-05,"[""dilma_2-2016-04-14""]",2016-04-14,2016-04-18,5,,,,,,not applicable,true,false,true,false,false,cabinet/C2014-a264923b9881ebab3d9b,"PCdoB, PDT, PMDB, PR, PSD, PT, PTB",1,PCdoB,AC,18109,399201,0.045363112817853664,0,8,0.0,0.3629049025428293,0.09542276431966956,-0.3629049025428293,0.26748213822315975,-0.09542276431966956,-0.5688758702547635,0.4885191699956283,-0.0803567002591352,-144872//399201,547132667809//2045492351166,-488943//5123966,accounting attribution; not an independent causal effect
cabinet/C2014-a264923b9881ebab3d9b,cabinet/C2014-a264923b9881ebab3d9b,cabinet/C2014-a264923b9881ebab3d9b,cabinet/C2014-a264923b9881ebab3d9b,focal,cabinet,not_applicable,,,1,1,1,2014,Cabinet 2014/14-05,Cabinet 2014/14-05,14-05,"[""dilma_2-2016-04-14""]",2016-04-14,2016-04-18,5,,,,,,not applicable,true,false,true,false,false,cabinet/C2014-a264923b9881ebab3d9b,"PCdoB, PDT, PMDB, PR, PSD, PT, PTB",1,PCdoB,AL,585,1384584,0.0004225095768837427,0,9,0.0,0.0038025861919536844,0.003082573147440869,-0.0038025861919536844,0.0007200130445128152,-0.003082573147440869,-0.5688758702547635,0.4885191699956283,-0.0803567002591352,-1755//461528,851362785//1182426890024,-15795//5123966,accounting attribution; not an independent causal effect
cabinet/C2014-a264923b9881ebab3d9b,cabinet/C2014-a264923b9881ebab3d9b,cabinet/C2014-a264923b9881ebab3d9b,cabinet/C2014-a264923b9881ebab3d9b,focal,cabinet,not_applicable,,,1,1,1,2014,Cabinet 2014/14-05,Cabinet 2014/14-05,14-05,"[""dilma_2-2016-04-14""]",2016-04-14,2016-04-18,5,,,,,,not applicable,true,false,true,false,false,cabinet/C2014-a264923b9881ebab3d9b,"PCdoB, PDT, PMDB, PR, PSD, PT, PTB",1,PCdoB,AM,61162,1658407,0.03687996975410741,0,8,0.0,0.29503975803285926,0.32228433990389477,-0.29503975803285926,-0.02724458187103551,-0.32228433990389477,-0.5688758702547635,0.4885191699956283,-0.0803567002591352,-489296//1658407,-115757066641//4248810541081,-825687//2561983,accounting attribution; not an independent causal effect
cabinet/C2014-a264923b9881ebab3d9b,cabinet/C2014-a264923b9881ebab3d9b,cabinet/C2014-a264923b9881ebab3d9b,cabinet/C2014-a264923b9881ebab3d9b,focal,cabinet,not_applicable,,,1,1,1,2014,Cabinet 2014/14-05,Cabinet 2014/14-05,14-05,"[""dilma_2-2016-04-14""]",2016-04-14,2016-04-18,5,,,,,,not applicable,true,false,true,false,false,cabinet/C2014-a264923b9881ebab3d9b,"PCdoB, PDT, PMDB, PR, PSD, PT, PTB",1,PCdoB,AP,11358,386084,0.02941846851980398,0,8,0.0,0.23534774815843185,0.05984934326262118,-0.23534774815843185,0.17549840489581067,-0.05984934326262118,-0.5688758702547635,0.4885191699956283,-0.0803567002591352,-22716//96521,43398151335//247285161143,-153333//2561983,accounting attribution; not an independent causal effect
cabinet/C2014-a264923b9881ebab3d9b,cabinet/C2014-a264923b9881ebab3d9b,cabinet/C2014-a264923b9881ebab3d9b,cabinet/C2014-a264923b9881ebab3d9b,focal,cabinet,not_applicable,,,1,1,1,2014,Cabinet 2014/14-05,Cabinet 2014/14-05,14-05,"[""dilma_2-2016-04-14""]",2016-04-14,2016-04-18,5,,,,,,not applicable,true,false,true,false,false,cabinet/C2014-a264923b9881ebab3d9b,"PCdoB, PDT, PMDB, PR, PSD, PT, PTB",1,PCdoB,BA,288152,6646541,0.04335367825158981,2,39,0.05128205128205128,1.6907934518120027,1.5183754146690278,0.3092065481879973,0.1724180371429748,0.48162458533097213,-0.5688758702547635,0.4885191699956283,-0.0803567002591352,2055154//6646541,2935990381092//17028325050803,1233914//2561983,accounting attribution; not an independent causal effect
cabinet/C2014-a264923b9881ebab3d9b,cabinet/C2014-a264923b9881ebab3d9b,cabinet/C2014-a264923b9881ebab3d9b,cabinet/C2014-a264923b9881ebab3d9b,focal,cabinet,not_applicable,,,1,1,1,2014,Cabinet 2014/14-05,Cabinet 2014/14-05,14-05,"[""dilma_2-2016-04-14""]",2016-04-14,2016-04-18,5,,,,,,not applicable,true,false,true,false,false,cabinet/C2014-a264923b9881ebab3d9b,"PCdoB, PDT, PMDB, PR, PSD, PT, PTB",1,PCdoB,CE,142236,4367020,0.0325704942958814,1,22,0.045454545454545456,0.7165508745093908,0.7494920926485461,0.28344912549060913,-0.03294121813915522,0.25050790735145395,-0.5688758702547635,0.4885191699956283,-0.0803567002591352,309457//1091755,-92138489496//2797057750165,641797//2561983,accounting attribution; not an independent causal effect
cabinet/C2014-a264923b9881ebab3d9b,cabinet/C2014-a264923b9881ebab3d9b,cabinet/C2014-a264923b9881ebab3d9b,cabinet/C2014-a264923b9881ebab3d9b,focal,cabinet,not_applicable,,,1,1,1,2014,Cabinet 2014/14-05,Cabinet 2014/14-05,14-05,"[""dilma_2-2016-04-14""]",2016-04-14,2016-04-18,5,,,,,,not applicable,true,false,true,false,false,cabinet/C2014-a264923b9881ebab3d9b,"PCdoB, PDT, PMDB, PR, PSD, PT, PTB",1,PCdoB,DF,6995,1454063,0.004810658135170209,0,8,0.0,0.03848526508136167,0.03685914387410065,-0.03848526508136167,0.0016261212072610264,-0.03685914387410065,-0.5688758702547635,0.4885191699956283,-0.0803567002591352,-55960//1454063,12115528865//7450569373858,-188865//5123966,accounting attribution; not an independent causal effect
cabinet/C2014-a264923b9881ebab3d9b,cabinet/C2014-a264923b9881ebab3d9b,cabinet/C2014-a264923b9881ebab3d9b,cabinet/C2014-a264923b9881ebab3d9b,focal,cabinet,not_applicable,,,1,1,1,2014,Cabinet 2014/14-05,Cabinet 2014/14-05,14-05,"[""dilma_2-2016-04-14""]",2016-04-14,2016-04-18,5,,,,,,not applicable,true,false,true,false,false,cabinet/C2014-a264923b9881ebab3d9b,"PCdoB, PDT, PMDB, PR, PSD, PT, PTB",1,PCdoB,ES,2268,1794470,0.0012638829292214414,0,10,0.0,0.012638829292214415,0.011950898971616908,-0.012638829292214415,0.0006879303205975066,-0.011950898971616908,-0.5688758702547635,0.4885191699956283,-0.0803567002591352,-2268//179447,316269198//459740163401,-30618//2561983,accounting attribution; not an independent causal effect
cabinet/C2014-a264923b9881ebab3d9b,cabinet/C2014-a264923b9881ebab3d9b,cabinet/C2014-a264923b9881ebab3d9b,cabinet/C2014-a264923b9881ebab3d9b,focal,cabinet,not_applicable,,,1,1,1,2014,Cabinet 2014/14-05,Cabinet 2014/14-05,14-05,"[""dilma_2-2016-04-14""]",2016-04-14,2016-04-18,5,,,,,,not applicable,true,false,true,false,false,cabinet/C2014-a264923b9881ebab3d9b,"PCdoB, PDT, PMDB, PR, PSD, PT, PTB",1,PCdoB,GO,35594,3032760,0.011736504042522323,0,17,0.0,0.1995205687228795,0.18755745061540222,-0.1995205687228795,0.011963118107477279,-0.18755745061540222,-0.5688758702547635,0.4885191699956283,-0.0803567002591352,-302549//1516380,46475993447//3884939781540,-480519//2561983,accounting attribution; not an independent causal effect
cabinet/C2014-a264923b9881ebab3d9b,cabinet/C2014-a264923b9881ebab3d9b,cabinet/C2014-a264923b9881ebab3d9b,cabinet/C2014-a264923b9881ebab3d9b,focal,cabinet,not_applicable,,,1,1,1,2014,Cabinet 2014/14-05,Cabinet 2014/14-05,14-05,"[""dilma_2-2016-04-14""]",2016-04-14,2016-04-18,5,,,,,,not applicable,true,false,true,false,false,cabinet/C2014-a264923b9881ebab3d9b,"PCdoB, PDT, PMDB, PR, PSD, PT, PTB",1,PCdoB,MA,210574,3130492,0.0672654649812234,1,18,0.05555555555555555,1.2107783696620211,1.1095893298277155,-0.21077836966202118,0.10118903983430569,-0.10958932982771548,-0.5688758702547635,0.4885191699956283,-0.0803567002591352,-164960//782623,202890786462//2005066821409,-280766//2561983,accounting attribution; not an independent causal effect
cabinet/C2014-a264923b9881ebab3d9b,cabinet/C2014-a264923b9881ebab3d9b,cabinet/C2014-a264923b9881ebab3d9b,cabinet/C2014-a264923b9881ebab3d9b,focal,cabinet,not_applicable,,,1,1,1,2014,Cabinet 2014/14-05,Cabinet 2014/14-05,14-05,"[""dilma_2-2016-04-14""]",2016-04-14,2016-04-18,5,,,,,,not applicable,true,false,true,false,false,cabinet/C2014-a264923b9881ebab3d9b,"PCdoB, PDT, PMDB, PR, PSD, PT, PTB",1,PCdoB,MG,137066,10118666,0.013545856736451228,1,53,0.018867924528301886,0.7179304070319151,0.7222495231232994,0.2820695929680849,-0.004319116091384336,0.27775047687670057,-0.5688758702547635,0.4885191699956283,-0.0803567002591352,1427084//5059333,-55984059436//12961925137339,711592//2561983,accounting attribution; not an independent causal effect
cabinet/C2014-a264923b9881ebab3d9b,cabinet/C2014-a264923b9881ebab3d9b,cabinet/C2014-a264923b9881ebab3d9b,cabinet/C2014-a264923b9881ebab3d9b,focal,cabinet,not_applicable,,,1,1,1,2014,Cabinet 2014/14-05,Cabinet 2014/14-05,14-05,"[""dilma_2-2016-04-14""]",2016-04-14,2016-04-18,5,,,,,,not applicable,true,false,true,false,false,cabinet/C2014-a264923b9881ebab3d9b,"PCdoB, PDT, PMDB, PR, PSD, PT, PTB",1,PCdoB,MS,2376,1276893,0.0018607667204691388,0,8,0.0,0.01488613376375311,0.012519989398836761,-0.01488613376375311,0.0023661443649163495,-0.012519989398836761,-0.5688758702547635,0.4885191699956283,-0.0803567002591352,-2112//141877,860061444//363486462091,-32076//2561983,accounting attribution; not an independent causal effect
cabinet/C2014-a264923b9881ebab3d9b,cabinet/C2014-a264923b9881ebab3d9b,cabinet/C2014-a264923b9881ebab3d9b,cabinet/C2014-a264923b9881ebab3d9b,focal,cabinet,not_applicable,,,1,1,1,2014,Cabinet 2014/14-05,Cabinet 2014/14-05,14-05,"[""dilma_2-2016-04-14""]",2016-04-14,2016-04-18,5,,,,,,not applicable,true,false,true,false,false,cabinet/C2014-a264923b9881ebab3d9b,"PCdoB, PDT, PMDB, PR, PSD, PT, PTB",1,PCdoB,MT,3508,1454612,0.0024116396674852126,0,8,0.0,0.0192931173398817,0.018484900173030033,-0.0192931173398817,0.0008082171668516686,-0.018484900173030033,-0.5688758702547635,0.4885191699956283,-0.0803567002591352,-7016//363653,752993954//931672803899,-47358//2561983,accounting attribution; not an independent causal effect
cabinet/C2014-a264923b9881ebab3d9b,cabinet/C2014-a264923b9881ebab3d9b,cabinet/C2014-a264923b9881ebab3d9b,cabinet/C2014-a264923b9881ebab3d9b,focal,cabinet,not_applicable,,,1,1,1,2014,Cabinet 2014/14-05,Cabinet 2014/14-05,14-05,"[""dilma_2-2016-04-14""]",2016-04-14,2016-04-18,5,,,,,,not applicable,true,false,true,false,false,cabinet/C2014-a264923b9881ebab3d9b,"PCdoB, PDT, PMDB, PR, PSD, PT, PTB",1,PCdoB,PA,20949,3756049,0.0055774032766878175,0,17,0.0,0.0948158557036929,0.11038773481322865,-0.0948158557036929,-0.015571879109535763,-0.11038773481322865,-0.5688758702547635,0.4885191699956283,-0.0803567002591352,-356133//3756049,-299694320049//19245867370334,-565623//5123966,accounting attribution; not an independent causal effect
cabinet/C2014-a264923b9881ebab3d9b,cabinet/C2014-a264923b9881ebab3d9b,cabinet/C2014-a264923b9881ebab3d9b,cabinet/C2014-a264923b9881ebab3d9b,focal,cabinet,not_applicable,,,1,1,1,2014,Cabinet 2014/14-05,Cabinet 2014/14-05,14-05,"[""dilma_2-2016-04-14""]",2016-04-14,2016-04-18,5,,,,,,not applicable,true,false,true,false,false,cabinet/C2014-a264923b9881ebab3d9b,"PCdoB, PDT, PMDB, PR, PSD, PT, PTB",1,PCdoB,PB,4808,1936819,0.0024824209180104076,0,12,0.0,0.029789051016124894,0.02533506272289863,-0.029789051016124894,0.0044539882932262635,-0.02533506272289863,-0.5688758702547635,0.4885191699956283,-0.0803567002591352,-57696//1936819,22101123516//4962097352077,-64908//2561983,accounting attribution; not an independent causal effect
cabinet/C2014-a264923b9881ebab3d9b,cabinet/C2014-a264923b9881ebab3d9b,cabinet/C2014-a264923b9881ebab3d9b,cabinet/C2014-a264923b9881ebab3d9b,focal,cabinet,not_applicable,,,1,1,1,2014,Cabinet 2014/14-05,Cabinet 2014/14-05,14-05,"[""dilma_2-2016-04-14""]",2016-04-14,2016-04-18,5,,,,,,not applicable,true,false,true,false,false,cabinet/C2014-a264923b9881ebab3d9b,"PCdoB, PDT, PMDB, PR, PSD, PT, PTB",1,PCdoB,PE,129290,4483227,0.028838602194356876,1,25,0.04,0.7209650548589219,0.68127501236347,0.2790349451410781,0.03969004249545192,0.31872498763653,-0.5688758702547635,0.4885191699956283,-0.0803567002591352,178711//640461,65125413935//1640850194163,816568//2561983,accounting attribution; not an independent causal effect
cabinet/C2014-a264923b9881ebab3d9b,cabinet/C2014-a264923b9881ebab3d9b,cabinet/C2014-a264923b9881ebab3d9b,cabinet/C2014-a264923b9881ebab3d9b,focal,cabinet,not_applicable,,,1,1,1,2014,Cabinet 2014/14-05,Cabinet 2014/14-05,14-05,"[""dilma_2-2016-04-14""]",2016-04-14,2016-04-18,5,,,,,,not applicable,true,false,true,false,false,cabinet/C2014-a264923b9881ebab3d9b,"PCdoB, PDT, PMDB, PR, PSD, PT, PTB",1,PCdoB,PI,72131,1733434,0.04161162178658086,0,10,0.0,0.41611621786580855,0.38008390375736295,-0.41611621786580855,0.036032314108445616,-0.38008390375736295,-0.5688758702547635,0.4885191699956283,-0.0803567002591352,-360655//866717,160020531701//4441028439622,-1947537//5123966,accounting attribution; not an independent causal effect
cabinet/C2014-a264923b9881ebab3d9b,cabinet/C2014-a264923b9881ebab3d9b,cabinet/C2014-a264923b9881ebab3d9b,cabinet/C2014-a264923b9881ebab3d9b,focal,cabinet,not_applicable,,,1,1,1,2014,Cabinet 2014/14-05,Cabinet 2014/14-05,14-05,"[""dilma_2-2016-04-14""]",2016-04-14,2016-04-18,5,,,,,,not applicable,true,false,true,false,false,cabinet/C2014-a264923b9881ebab3d9b,"PCdoB, PDT, PMDB, PR, PSD, PT, PTB",1,PCdoB,PR,116641,5665222,0.020588954854725904,1,30,0.03333333333333333,0.6176686456417771,0.6146229307532486,0.38233135435822285,0.003045714888528587,0.38537706924675147,-0.5688758702547635,0.4885191699956283,-0.0803567002591352,1082996//2832611,44206122513//14514202455226,1974659//5123966,accounting attribution; not an independent causal effect
cabinet/C2014-a264923b9881ebab3d9b,cabinet/C2014-a264923b9881ebab3d9b,cabinet/C2014-a264923b9881ebab3d9b,cabinet/C2014-a264923b9881ebab3d9b,focal,cabinet,not_applicable,,,1,1,1,2014,Cabinet 2014/14-05,Cabinet 2014/14-05,14-05,"[""dilma_2-2016-04-14""]",2016-04-14,2016-04-18,5,,,,,,not applicable,true,false,true,false,false,cabinet/C2014-a264923b9881ebab3d9b,"PCdoB, PDT, PMDB, PR, PSD, PT, PTB",1,PCdoB,RJ,94924,7673438,0.01237046549408492,1,46,0.021739130434782608,0.5690414127279063,0.5001883306797898,0.4309585872720937,0.06885308204811648,0.49981166932021015,-0.5688758702547635,0.4885191699956283,-0.0803567002591352,1653467//3836719,676798864910//9829608853777,1280509//2561983,accounting attribution; not an independent causal effect
cabinet/C2014-a264923b9881ebab3d9b,cabinet/C2014-a264923b9881ebab3d9b,cabinet/C2014-a264923b9881ebab3d9b,cabinet/C2014-a264923b9881ebab3d9b,focal,cabinet,not_applicable,,,1,1,1,2014,Cabinet 2014/14-05,Cabinet 2014/14-05,14-05,"[""dilma_2-2016-04-14""]",2016-04-14,2016-04-18,5,,,,,,not applicable,true,false,true,false,false,cabinet/C2014-a264923b9881ebab3d9b,"PCdoB, PDT, PMDB, PR, PSD, PT, PTB",1,PCdoB,RN,9118,1580871,0.005767706536459964,0,8,0.0,0.04614165229167971,0.04804598625361683,-0.04614165229167971,-0.001904333961937114,-0.04804598625361683,-0.5688758702547635,0.4885191699956283,-0.0803567002591352,-72944//1580871,-7712866051//4050164627193,-123093//2561983,accounting attribution; not an independent causal effect
cabinet/C2014-a264923b9881ebab3d9b,cabinet/C2014-a264923b9881ebab3d9b,cabinet/C2014-a264923b9881ebab3d9b,cabinet/C2014-a264923b9881ebab3d9b,focal,cabinet,not_applicable,,,1,1,1,2014,Cabinet 2014/14-05,Cabinet 2014/14-05,14-05,"[""dilma_2-2016-04-14""]",2016-04-14,2016-04-18,5,,,,,,not applicable,true,false,true,false,false,cabinet/C2014-a264923b9881ebab3d9b,"PCdoB, PDT, PMDB, PR, PSD, PT, PTB",1,PCdoB,RO,9550,798475,0.011960299320579855,0,8,0.0,0.09568239456463884,0.05032234796249624,-0.09568239456463884,0.04536004660214261,-0.05032234796249624,-0.5688758702547635,0.4885191699956283,-0.0803567002591352,-3056//31939,3711684473//81827175037,-128925//2561983,accounting attribution; not an independent causal effect
cabinet/C2014-a264923b9881ebab3d9b,cabinet/C2014-a264923b9881ebab3d9b,cabinet/C2014-a264923b9881ebab3d9b,cabinet/C2014-a264923b9881ebab3d9b,focal,cabinet,not_applicable,,,1,1,1,2014,Cabinet 2014/14-05,Cabinet 2014/14-05,14-05,"[""dilma_2-2016-04-14""]",2016-04-14,2016-04-18,5,,,,,,not applicable,true,false,true,false,false,cabinet/C2014-a264923b9881ebab3d9b,"PCdoB, PDT, PMDB, PR, PSD, PT, PTB",1,PCdoB,RR,1084,238099,0.004552728066896543,0,8,0.0,0.03642182453517234,0.005711981695428892,-0.03642182453517234,0.030709842839743453,-0.005711981695428892,-0.5688758702547635,0.4885191699956283,-0.0803567002591352,-8672//238099,18733175810//610005590317,-14634//2561983,accounting attribution; not an independent causal effect
cabinet/C2014-a264923b9881ebab3d9b,cabinet/C2014-a264923b9881ebab3d9b,cabinet/C2014-a264923b9881ebab3d9b,cabinet/C2014-a264923b9881ebab3d9b,focal,cabinet,not_applicable,,,1,1,1,2014,Cabinet 2014/14-05,Cabinet 2014/14-05,14-05,"[""dilma_2-2016-04-14""]",2016-04-14,2016-04-18,5,,,,,,not applicable,true,false,true,false,false,cabinet/C2014-a264923b9881ebab3d9b,"PCdoB, PDT, PMDB, PR, PSD, PT, PTB",1,PCdoB,RS,193099,5942063,0.032496962755191254,1,31,0.03225806451612903,1.007405845410929,1.0175073370900587,-0.00740584541092883,-0.010101491679129925,-0.017507337090058757,-0.5688758702547635,0.4885191699956283,-0.0803567002591352,-44006//5942063,-307559397745//30446928781858,-89707//5123966,accounting attribution; not an independent causal effect
cabinet/C2014-a264923b9881ebab3d9b,cabinet/C2014-a264923b9881ebab3d9b,cabinet/C2014-a264923b9881ebab3d9b,cabinet/C2014-a264923b9881ebab3d9b,focal,cabinet,not_applicable,,,1,1,1,2014,Cabinet 2014/14-05,Cabinet 2014/14-05,14-05,"[""dilma_2-2016-04-14""]",2016-04-14,2016-04-18,5,,,,,,not applicable,true,false,true,false,false,cabinet/C2014-a264923b9881ebab3d9b,"PCdoB, PDT, PMDB, PR, PSD, PT, PTB",1,PCdoB,SC,89826,3391619,0.026484696541681126,0,16,0.0,0.423755144666898,0.47332515477268977,-0.423755144666898,-0.04957001010579173,-0.47332515477268977,-0.5688758702547635,0.4885191699956283,-0.0803567002591352,-130656//308329,-39157019331//789933656407,-1212651//2561983,accounting attribution; not an independent causal effect
cabinet/C2014-a264923b9881ebab3d9b,cabinet/C2014-a264923b9881ebab3d9b,cabinet/C2014-a264923b9881ebab3d9b,cabinet/C2014-a264923b9881ebab3d9b,focal,cabinet,not_applicable,,,1,1,1,2014,Cabinet 2014/14-05,Cabinet 2014/14-05,14-05,"[""dilma_2-2016-04-14""]",2016-04-14,2016-04-18,5,,,,,,not applicable,true,false,true,false,false,cabinet/C2014-a264923b9881ebab3d9b,"PCdoB, PDT, PMDB, PR, PSD, PT, PTB",1,PCdoB,SE,37740,1052826,0.0358463791737666,0,8,0.0,0.2867710333901328,0.19886548817849298,-0.2867710333901328,0.08790554521163986,-0.19886548817849298,-0.5688758702547635,0.4885191699956283,-0.0803567002591352,-50320//175471,39518264770//449553718993,-509490//2561983,accounting attribution; not an independent causal effect
cabinet/C2014-a264923b9881ebab3d9b,cabinet/C2014-a264923b9881ebab3d9b,cabinet/C2014-a264923b9881ebab3d9b,cabinet/C2014-a264923b9881ebab3d9b,focal,cabinet,not_applicable,,,1,1,1,2014,Cabinet 2014/14-05,Cabinet 2014/14-05,14-05,"[""dilma_2-2016-04-14""]",2016-04-14,2016-04-18,5,,,,,,not applicable,true,false,true,false,false,cabinet/C2014-a264923b9881ebab3d9b,"PCdoB, PDT, PMDB, PR, PSD, PT, PTB",1,PCdoB,SP,213564,21266194,0.010042417557180189,1,70,0.014285714285714285,0.7029692290026133,1.1253447036924134,0.29703077099738673,-0.4223754746898,-0.12534470369241327,-0.5688758702547635,0.4885191699956283,-0.0803567002591352,85361//287381,-310980378774//736265236523,-321131//2561983,accounting attribution; not an independent causal effect
cabinet/C2014-a264923b9881ebab3d9b,cabinet/C2014-a264923b9881ebab3d9b,cabinet/C2014-a264923b9881ebab3d9b,cabinet/C2014-a264923b9881ebab3d9b,focal,cabinet,not_applicable,,,1,1,1,2014,Cabinet 2014/14-05,Cabinet 2014/14-05,14-05,"[""dilma_2-2016-04-14""]",2016-04-14,2016-04-18,5,,,,,,not applicable,true,false,true,false,false,cabinet/C2014-a264923b9881ebab3d9b,"PCdoB, PDT, PMDB, PR, PSD, PT, PTB",1,PCdoB,TO,308,733225,0.0004200620546217055,0,8,0.0,0.003360496436973644,0.0016229615887380987,-0.003360496436973644,0.0017375348482355452,-0.0016229615887380987,-0.5688758702547635,0.4885191699956283,-0.0803567002591352,-2464//733225,3263976562//1878509985175,-4158//2561983,accounting attribution; not an independent causal effect
cabinet/C2014-a264923b9881ebab3d9b,cabinet/C2014-a264923b9881ebab3d9b,cabinet/C2014-a264923b9881ebab3d9b,cabinet/C2014-a264923b9881ebab3d9b,focal,cabinet,not_applicable,,,1,1,1,2014,Cabinet 2014/14-05,Cabinet 2014/14-05,14-05,"[""dilma_2-2016-04-14""]",2016-04-14,2016-04-18,5,,,,,,not applicable,true,false,true,false,false,cabinet/C2014-a264923b9881ebab3d9b,"PCdoB, PDT, PMDB, PR, PSD, PT, PTB",2,PDT,AC,13026,399201,0.032630178782117276,0,8,0.0,0.2610414302569382,0.06863862874968335,-0.2610414302569382,0.1924028015072549,-0.06863862874968335,-0.15563789039051862,1.5635274040992357,1.407889513708717,-34736//133067,65593076471//340915391861,-175851//2561983,accounting attribution; not an independent causal effect
cabinet/C2014-a264923b9881ebab3d9b,cabinet/C2014-a264923b9881ebab3d9b,cabinet/C2014-a264923b9881ebab3d9b,cabinet/C2014-a264923b9881ebab3d9b,focal,cabinet,not_applicable,,,1,1,1,2014,Cabinet 2014/14-05,Cabinet 2014/14-05,14-05,"[""dilma_2-2016-04-14""]",2016-04-14,2016-04-18,5,,,,,,not applicable,true,false,true,false,false,cabinet/C2014-a264923b9881ebab3d9b,"PCdoB, PDT, PMDB, PR, PSD, PT, PTB",2,PDT,AL,95519,1384584,0.0689875081612961,1,9,0.1111111111111111,0.6208875734516649,0.5033235973853066,0.3791124265483351,0.1175639760663583,0.49667640261469337,-0.15563789039051862,1.5635274040992357,1.407889513708717,174971//461528,139010806599//1182426890024,2544953//5123966,accounting attribution; not an independent causal effect
cabinet/C2014-a264923b9881ebab3d9b,cabinet/C2014-a264923b9881ebab3d9b,cabinet/C2014-a264923b9881ebab3d9b,cabinet/C2014-a264923b9881ebab3d9b,focal,cabinet,not_applicable,,,1,1,1,2014,Cabinet 2014/14-05,Cabinet 2014/14-05,14-05,"[""dilma_2-2016-04-14""]",2016-04-14,2016-04-18,5,,,,,,not applicable,true,false,true,false,false,cabinet/C2014-a264923b9881ebab3d9b,"PCdoB, PDT, PMDB, PR, PSD, PT, PTB",2,PDT,AM,9622,1658407,0.005801953320264567,0,8,0.0,0.046415626562116535,0.050701741580642806,-0.046415626562116535,-0.00428611501852627,-0.050701741580642806,-0.15563789039051862,1.5635274040992357,1.407889513708717,-76976//1658407,-18210890671//4248810541081,-129897//2561983,accounting attribution; not an independent causal effect
cabinet/C2014-a264923b9881ebab3d9b,cabinet/C2014-a264923b9881ebab3d9b,cabinet/C2014-a264923b9881ebab3d9b,cabinet/C2014-a264923b9881ebab3d9b,focal,cabinet,not_applicable,,,1,1,1,2014,Cabinet 2014/14-05,Cabinet 2014/14-05,14-05,"[""dilma_2-2016-04-14""]",2016-04-14,2016-04-18,5,,,,,,not applicable,true,false,true,false,false,cabinet/C2014-a264923b9881ebab3d9b,"PCdoB, PDT, PMDB, PR, PSD, PT, PTB",2,PDT,AP,34799,386084,0.0901332352545042,1,8,0.125,0.7210658820360336,0.18336831274836718,0.2789341179639664,0.5376975692876664,0.8166316872516328,-0.15563789039051862,1.5635274040992357,1.407889513708717,26923//96521,265929260135//494570322286,4184393//5123966,accounting attribution; not an independent causal effect
cabinet/C2014-a264923b9881ebab3d9b,cabinet/C2014-a264923b9881ebab3d9b,cabinet/C2014-a264923b9881ebab3d9b,cabinet/C2014-a264923b9881ebab3d9b,focal,cabinet,not_applicable,,,1,1,1,2014,Cabinet 2014/14-05,Cabinet 2014/14-05,14-05,"[""dilma_2-2016-04-14""]",2016-04-14,2016-04-18,5,,,,,,not applicable,true,false,true,false,false,cabinet/C2014-a264923b9881ebab3d9b,"PCdoB, PDT, PMDB, PR, PSD, PT, PTB",2,PDT,BA,205969,6646541,0.030988900843310827,1,39,0.02564102564102564,1.2085671328891223,1.0853239463337578,-0.20856713288912232,0.12324318655536445,-0.08532394633375788,-0.15563789039051862,1.5635274040992357,1.407889513708717,-1386250//6646541,4197250081923//34056650101606,-437197//5123966,accounting attribution; not an independent causal effect
cabinet/C2014-a264923b9881ebab3d9b,cabinet/C2014-a264923b9881ebab3d9b,cabinet/C2014-a264923b9881ebab3d9b,cabinet/C2014-a264923b9881ebab3d9b,focal,cabinet,not_applicable,,,1,1,1,2014,Cabinet 2014/14-05,Cabinet 2014/14-05,14-05,"[""dilma_2-2016-04-14""]",2016-04-14,2016-04-18,5,,,,,,not applicable,true,false,true,false,false,cabinet/C2014-a264923b9881ebab3d9b,"PCdoB, PDT, PMDB, PR, PSD, PT, PTB",2,PDT,CE,145772,4367020,0.03338019977009494,1,22,0.045454545454545456,0.7343643949420886,0.7681245347841886,0.26563560505791134,-0.033760139842099995,0.23187546521581134,-0.15563789039051862,1.5635274040992357,1.407889513708717,290009//1091755,-94429060792//2797057750165,594061//2561983,accounting attribution; not an independent causal effect
cabinet/C2014-a264923b9881ebab3d9b,cabinet/C2014-a264923b9881ebab3d9b,cabinet/C2014-a264923b9881ebab3d9b,cabinet/C2014-a264923b9881ebab3d9b,focal,cabinet,not_applicable,,,1,1,1,2014,Cabinet 2014/14-05,Cabinet 2014/14-05,14-05,"[""dilma_2-2016-04-14""]",2016-04-14,2016-04-18,5,,,,,,not applicable,true,false,true,false,false,cabinet/C2014-a264923b9881ebab3d9b,"PCdoB, PDT, PMDB, PR, PSD, PT, PTB",2,PDT,DF,50104,1454063,0.03445792926441289,0,8,0.0,0.27566343411530314,0.26401580338355096,-0.27566343411530314,0.011647630731752175,-0.26401580338355096,-0.15563789039051862,1.5635274040992357,1.407889513708717,-400832//1454063,43390740404//3725284686929,-676404//2561983,accounting attribution; not an independent causal effect
cabinet/C2014-a264923b9881ebab3d9b,cabinet/C2014-a264923b9881ebab3d9b,cabinet/C2014-a264923b9881ebab3d9b,cabinet/C2014-a264923b9881ebab3d9b,focal,cabinet,not_applicable,,,1,1,1,2014,Cabinet 2014/14-05,Cabinet 2014/14-05,14-05,"[""dilma_2-2016-04-14""]",2016-04-14,2016-04-18,5,,,,,,not applicable,true,false,true,false,false,cabinet/C2014-a264923b9881ebab3d9b,"PCdoB, PDT, PMDB, PR, PSD, PT, PTB",2,PDT,ES,209979,1794470,0.11701449453041846,1,10,0.1,1.1701449453041846,1.1064540631221986,-0.17014494530418453,0.06369088218198582,-0.1064540631221987,-0.15563789039051862,1.5635274040992357,1.407889513708717,-30532//179447,58562513163//919480326802,-545467//5123966,accounting attribution; not an independent causal effect
cabinet/C2014-a264923b9881ebab3d9b,cabinet/C2014-a264923b9881ebab3d9b,cabinet/C2014-a264923b9881ebab3d9b,cabinet/C2014-a264923b9881ebab3d9b,focal,cabinet,not_applicable,,,1,1,1,2014,Cabinet 2014/14-05,Cabinet 2014/14-05,14-05,"[""dilma_2-2016-04-14""]",2016-04-14,2016-04-18,5,,,,,,not applicable,true,false,true,false,false,cabinet/C2014-a264923b9881ebab3d9b,"PCdoB, PDT, PMDB, PR, PSD, PT, PTB",2,PDT,GO,171024,3032760,0.056392197206504964,1,17,0.058823529411764705,0.9586673525105844,0.9011863076374824,0.041332647489415585,0.057481044873102044,0.09881369236251762,-0.15563789039051862,1.5635274040992357,1.407889513708717,5223//126365,18609199826//323744981795,253159//2561983,accounting attribution; not an independent causal effect
cabinet/C2014-a264923b9881ebab3d9b,cabinet/C2014-a264923b9881ebab3d9b,cabinet/C2014-a264923b9881ebab3d9b,cabinet/C2014-a264923b9881ebab3d9b,focal,cabinet,not_applicable,,,1,1,1,2014,Cabinet 2014/14-05,Cabinet 2014/14-05,14-05,"[""dilma_2-2016-04-14""]",2016-04-14,2016-04-18,5,,,,,,not applicable,true,false,true,false,false,cabinet/C2014-a264923b9881ebab3d9b,"PCdoB, PDT, PMDB, PR, PSD, PT, PTB",2,PDT,MA,283402,3130492,0.09052953976563428,2,18,0.1111111111111111,1.629531715781417,1.4933459745829696,0.3704682842185829,0.1361857411984476,0.5066540254170305,-0.15563789039051862,1.5635274040992357,1.407889513708717,289937//782623,273061511226//2005066821409,1298039//2561983,accounting attribution; not an independent causal effect
cabinet/C2014-a264923b9881ebab3d9b,cabinet/C2014-a264923b9881ebab3d9b,cabinet/C2014-a264923b9881ebab3d9b,cabinet/C2014-a264923b9881ebab3d9b,focal,cabinet,not_applicable,,,1,1,1,2014,Cabinet 2014/14-05,Cabinet 2014/14-05,14-05,"[""dilma_2-2016-04-14""]",2016-04-14,2016-04-18,5,,,,,,not applicable,true,false,true,false,false,cabinet/C2014-a264923b9881ebab3d9b,"PCdoB, PDT, PMDB, PR, PSD, PT, PTB",2,PDT,MG,269937,10118666,0.026677133131976092,2,53,0.03773584905660377,1.4138880559947329,1.4223940986337535,0.5861119440052671,-0.008506042639020717,0.5776059013662463,-0.15563789039051862,1.5635274040992357,1.407889513708717,5930671//10118666,-110254687902//12961925137339,2959633//5123966,accounting attribution; not an independent causal effect
cabinet/C2014-a264923b9881ebab3d9b,cabinet/C2014-a264923b9881ebab3d9b,cabinet/C2014-a264923b9881ebab3d9b,cabinet/C2014-a264923b9881ebab3d9b,focal,cabinet,not_applicable,,,1,1,1,2014,Cabinet 2014/14-05,Cabinet 2014/14-05,14-05,"[""dilma_2-2016-04-14""]",2016-04-14,2016-04-18,5,,,,,,not applicable,true,false,true,false,false,cabinet/C2014-a264923b9881ebab3d9b,"PCdoB, PDT, PMDB, PR, PSD, PT, PTB",2,PDT,MS,65677,1276893,0.051435006692025095,1,8,0.125,0.41148005353620076,0.34607548137516914,0.5885199464637992,0.06540457216103161,0.6539245186248308,-0.15563789039051862,1.5635274040992357,1.407889513708717,751477//1276893,427926177709//6542756317638,3350687//5123966,accounting attribution; not an independent causal effect
cabinet/C2014-a264923b9881ebab3d9b,cabinet/C2014-a264923b9881ebab3d9b,cabinet/C2014-a264923b9881ebab3d9b,cabinet/C2014-a264923b9881ebab3d9b,focal,cabinet,not_applicable,,,1,1,1,2014,Cabinet 2014/14-05,Cabinet 2014/14-05,14-05,"[""dilma_2-2016-04-14""]",2016-04-14,2016-04-18,5,,,,,,not applicable,true,false,true,false,false,cabinet/C2014-a264923b9881ebab3d9b,"PCdoB, PDT, PMDB, PR, PSD, PT, PTB",2,PDT,MT,88693,1454612,0.06097364795560603,0,8,0.0,0.48778918364484825,0.4673549746426889,-0.48778918364484825,0.02043420900215936,-0.4673549746426889,-0.15563789039051862,1.5635274040992357,1.407889513708717,-177386//363653,38075993593//1863345607798,-2394711//5123966,accounting attribution; not an independent causal effect
cabinet/C2014-a264923b9881ebab3d9b,cabinet/C2014-a264923b9881ebab3d9b,cabinet/C2014-a264923b9881ebab3d9b,cabinet/C2014-a264923b9881ebab3d9b,focal,cabinet,not_applicable,,,1,1,1,2014,Cabinet 2014/14-05,Cabinet 2014/14-05,14-05,"[""dilma_2-2016-04-14""]",2016-04-14,2016-04-18,5,,,,,,not applicable,true,false,true,false,false,cabinet/C2014-a264923b9881ebab3d9b,"PCdoB, PDT, PMDB, PR, PSD, PT, PTB",2,PDT,PA,126457,3756049,0.03366755865006021,0,17,0.0,0.5723484970510235,0.6663469273605641,-0.5723484970510235,-0.0939984303095405,-0.6663469273605641,-0.15563789039051862,1.5635274040992357,1.407889513708717,-2149769//3756049,-1809081322757//19245867370334,-3414339//5123966,accounting attribution; not an independent causal effect
cabinet/C2014-a264923b9881ebab3d9b,cabinet/C2014-a264923b9881ebab3d9b,cabinet/C2014-a264923b9881ebab3d9b,cabinet/C2014-a264923b9881ebab3d9b,focal,cabinet,not_applicable,,,1,1,1,2014,Cabinet 2014/14-05,Cabinet 2014/14-05,14-05,"[""dilma_2-2016-04-14""]",2016-04-14,2016-04-18,5,,,,,,not applicable,true,false,true,false,false,cabinet/C2014-a264923b9881ebab3d9b,"PCdoB, PDT, PMDB, PR, PSD, PT, PTB",2,PDT,PB,84758,1936819,0.04376144595855369,1,12,0.08333333333333333,0.5251373515026443,0.4466200595398174,0.4748626484973557,0.07851729196282689,0.5533799404601826,-0.15563789039051862,1.5635274040992357,1.407889513708717,919723//1936819,389610446541//4962097352077,1417750//2561983,accounting attribution; not an independent causal effect
cabinet/C2014-a264923b9881ebab3d9b,cabinet/C2014-a264923b9881ebab3d9b,cabinet/C2014-a264923b9881ebab3d9b,cabinet/C2014-a264923b9881ebab3d9b,focal,cabinet,not_applicable,,,1,1,1,2014,Cabinet 2014/14-05,Cabinet 2014/14-05,14-05,"[""dilma_2-2016-04-14""]",2016-04-14,2016-04-18,5,,,,,,not applicable,true,false,true,false,false,cabinet/C2014-a264923b9881ebab3d9b,"PCdoB, PDT, PMDB, PR, PSD, PT, PTB",2,PDT,PE,138156,4483227,0.030816195566274025,1,25,0.04,0.7704048891568507,0.7279931209535738,0.22959511084314937,0.04241176820327678,0.2720068790464261,-0.15563789039051862,1.5635274040992357,1.407889513708717,343109//1494409,162379835546//3828650453047,696877//2561983,accounting attribution; not an independent causal effect
cabinet/C2014-a264923b9881ebab3d9b,cabinet/C2014-a264923b9881ebab3d9b,cabinet/C2014-a264923b9881ebab3d9b,cabinet/C2014-a264923b9881ebab3d9b,focal,cabinet,not_applicable,,,1,1,1,2014,Cabinet 2014/14-05,Cabinet 2014/14-05,14-05,"[""dilma_2-2016-04-14""]",2016-04-14,2016-04-18,5,,,,,,not applicable,true,false,true,false,false,cabinet/C2014-a264923b9881ebab3d9b,"PCdoB, PDT, PMDB, PR, PSD, PT, PTB",2,PDT,PI,99633,1733434,0.05747723882189919,0,10,0.0,0.5747723882189919,0.525001727177737,-0.5747723882189919,0.049770661041254965,-0.525001727177737,-0.15563789039051862,1.5635274040992357,1.407889513708717,-498165//866717,221032921143//4441028439622,-2690091//5123966,accounting attribution; not an independent causal effect
cabinet/C2014-a264923b9881ebab3d9b,cabinet/C2014-a264923b9881ebab3d9b,cabinet/C2014-a264923b9881ebab3d9b,cabinet/C2014-a264923b9881ebab3d9b,focal,cabinet,not_applicable,,,1,1,1,2014,Cabinet 2014/14-05,Cabinet 2014/14-05,14-05,"[""dilma_2-2016-04-14""]",2016-04-14,2016-04-18,5,,,,,,not applicable,true,false,true,false,false,cabinet/C2014-a264923b9881ebab3d9b,"PCdoB, PDT, PMDB, PR, PSD, PT, PTB",2,PDT,PR,43432,5665222,0.007666425075663407,0,30,0.0,0.22999275226990223,0.22885866143530226,-0.22999275226990223,0.001134090834599957,-0.22885866143530226,-0.15563789039051862,1.5635274040992357,1.407889513708717,-651480//2832611,8230211988//7257101227613,-586332//2561983,accounting attribution; not an independent causal effect
cabinet/C2014-a264923b9881ebab3d9b,cabinet/C2014-a264923b9881ebab3d9b,cabinet/C2014-a264923b9881ebab3d9b,cabinet/C2014-a264923b9881ebab3d9b,focal,cabinet,not_applicable,,,1,1,1,2014,Cabinet 2014/14-05,Cabinet 2014/14-05,14-05,"[""dilma_2-2016-04-14""]",2016-04-14,2016-04-18,5,,,,,,not applicable,true,false,true,false,false,cabinet/C2014-a264923b9881ebab3d9b,"PCdoB, PDT, PMDB, PR, PSD, PT, PTB",2,PDT,RJ,227702,7673438,0.02967405223056471,1,46,0.021739130434782608,1.3650064026059767,1.199842856100138,-0.3650064026059766,0.16516354650583856,-0.19984285610013805,-0.15563789039051862,1.5635274040992357,1.407889513708717,-1400427//3836719,1623493059055//9829608853777,-511994//2561983,accounting attribution; not an independent causal effect
cabinet/C2014-a264923b9881ebab3d9b,cabinet/C2014-a264923b9881ebab3d9b,cabinet/C2014-a264923b9881ebab3d9b,cabinet/C2014-a264923b9881ebab3d9b,focal,cabinet,not_applicable,,,1,1,1,2014,Cabinet 2014/14-05,Cabinet 2014/14-05,14-05,"[""dilma_2-2016-04-14""]",2016-04-14,2016-04-18,5,,,,,,not applicable,true,false,true,false,false,cabinet/C2014-a264923b9881ebab3d9b,"PCdoB, PDT, PMDB, PR, PSD, PT, PTB",2,PDT,RN,51497,1580871,0.03257508044615911,0,8,0.0,0.26060064356927287,0.27135601602352555,-0.26060064356927287,-0.010755372454252638,-0.27135601602352555,-0.15563789039051862,1.5635274040992357,1.407889513708717,-411976//1580871,-87122058133//8100329254386,-1390419//5123966,accounting attribution; not an independent causal effect
cabinet/C2014-a264923b9881ebab3d9b,cabinet/C2014-a264923b9881ebab3d9b,cabinet/C2014-a264923b9881ebab3d9b,cabinet/C2014-a264923b9881ebab3d9b,focal,cabinet,not_applicable,,,1,1,1,2014,Cabinet 2014/14-05,Cabinet 2014/14-05,14-05,"[""dilma_2-2016-04-14""]",2016-04-14,2016-04-18,5,,,,,,not applicable,true,false,true,false,false,cabinet/C2014-a264923b9881ebab3d9b,"PCdoB, PDT, PMDB, PR, PSD, PT, PTB",2,PDT,RO,91644,798475,0.1147737875324838,1,8,0.125,0.9181903002598704,0.4829048436308906,0.08180969974012962,0.43528545662897977,0.5170951563691094,-0.15563789039051862,1.5635274040992357,1.407889513708717,65323//798475,890454481266//2045679375925,1324789//2561983,accounting attribution; not an independent causal effect
cabinet/C2014-a264923b9881ebab3d9b,cabinet/C2014-a264923b9881ebab3d9b,cabinet/C2014-a264923b9881ebab3d9b,cabinet/C2014-a264923b9881ebab3d9b,focal,cabinet,not_applicable,,,1,1,1,2014,Cabinet 2014/14-05,Cabinet 2014/14-05,14-05,"[""dilma_2-2016-04-14""]",2016-04-14,2016-04-18,5,,,,,,not applicable,true,false,true,false,false,cabinet/C2014-a264923b9881ebab3d9b,"PCdoB, PDT, PMDB, PR, PSD, PT, PTB",2,PDT,RR,18733,238099,0.07867735689776102,1,8,0.125,0.6294188551820882,0.0987108423436065,0.3705811448179119,0.5307080128384817,0.9012891576563935,-0.15563789039051862,1.5635274040992357,1.407889513708717,88235//238099,647469709315//1220011180634,4618175//5123966,accounting attribution; not an independent causal effect
cabinet/C2014-a264923b9881ebab3d9b,cabinet/C2014-a264923b9881ebab3d9b,cabinet/C2014-a264923b9881ebab3d9b,cabinet/C2014-a264923b9881ebab3d9b,focal,cabinet,not_applicable,,,1,1,1,2014,Cabinet 2014/14-05,Cabinet 2014/14-05,14-05,"[""dilma_2-2016-04-14""]",2016-04-14,2016-04-18,5,,,,,,not applicable,true,false,true,false,false,cabinet/C2014-a264923b9881ebab3d9b,"PCdoB, PDT, PMDB, PR, PSD, PT, PTB",2,PDT,RS,507269,5942063,0.08536917228915278,3,31,0.0967741935483871,2.646444340963736,2.6729808511609954,0.353555659036264,-0.02653651019725922,0.3270191488390048,-0.15563789039051862,1.5635274040992357,1.407889513708717,2100850//5942063,-807955236095//30446928781858,1675635//5123966,accounting attribution; not an independent causal effect
cabinet/C2014-a264923b9881ebab3d9b,cabinet/C2014-a264923b9881ebab3d9b,cabinet/C2014-a264923b9881ebab3d9b,cabinet/C2014-a264923b9881ebab3d9b,focal,cabinet,not_applicable,,,1,1,1,2014,Cabinet 2014/14-05,Cabinet 2014/14-05,14-05,"[""dilma_2-2016-04-14""]",2016-04-14,2016-04-18,5,,,,,,not applicable,true,false,true,false,false,cabinet/C2014-a264923b9881ebab3d9b,"PCdoB, PDT, PMDB, PR, PSD, PT, PTB",2,PDT,SC,31984,3391619,0.00943030452418152,0,16,0.0,0.15088487238690432,0.16853507614999788,-0.15088487238690432,-0.017650203763093564,-0.16853507614999788,-0.15563789039051862,1.5635274040992357,1.407889513708717,-511744//3391619,-153367389944//8689270220477,-431784//2561983,accounting attribution; not an independent causal effect
cabinet/C2014-a264923b9881ebab3d9b,cabinet/C2014-a264923b9881ebab3d9b,cabinet/C2014-a264923b9881ebab3d9b,cabinet/C2014-a264923b9881ebab3d9b,focal,cabinet,not_applicable,,,1,1,1,2014,Cabinet 2014/14-05,Cabinet 2014/14-05,14-05,"[""dilma_2-2016-04-14""]",2016-04-14,2016-04-18,5,,,,,,not applicable,true,false,true,false,false,cabinet/C2014-a264923b9881ebab3d9b,"PCdoB, PDT, PMDB, PR, PSD, PT, PTB",2,PDT,SE,6685,1052826,0.006349577233085049,0,8,0.0,0.05079661786468039,0.03522564357374737,-0.05079661786468039,0.015570974290933027,-0.03522564357374737,-0.15563789039051862,1.5635274040992357,1.407889513708717,-26740//526413,41999936405//2697322313958,-180495//5123966,accounting attribution; not an independent causal effect
cabinet/C2014-a264923b9881ebab3d9b,cabinet/C2014-a264923b9881ebab3d9b,cabinet/C2014-a264923b9881ebab3d9b,cabinet/C2014-a264923b9881ebab3d9b,focal,cabinet,not_applicable,,,1,1,1,2014,Cabinet 2014/14-05,Cabinet 2014/14-05,14-05,"[""dilma_2-2016-04-14""]",2016-04-14,2016-04-18,5,,,,,,not applicable,true,false,true,false,false,cabinet/C2014-a264923b9881ebab3d9b,"PCdoB, PDT, PMDB, PR, PSD, PT, PTB",2,PDT,SP,454473,21266194,0.021370678740163847,1,70,0.014285714285714285,1.4959475118114693,2.394779941943409,-0.4959475118114694,-0.8988324301319393,-1.3947799419434086,-0.15563789039051862,1.5635274040992357,1.407889513708717,-5273458//10633097,-48971651310657//54483627502702,-7146805//5123966,accounting attribution; not an independent causal effect
cabinet/C2014-a264923b9881ebab3d9b,cabinet/C2014-a264923b9881ebab3d9b,cabinet/C2014-a264923b9881ebab3d9b,cabinet/C2014-a264923b9881ebab3d9b,focal,cabinet,not_applicable,,,1,1,1,2014,Cabinet 2014/14-05,Cabinet 2014/14-05,14-05,"[""dilma_2-2016-04-14""]",2016-04-14,2016-04-18,5,,,,,,not applicable,true,false,true,false,false,cabinet/C2014-a264923b9881ebab3d9b,"PCdoB, PDT, PMDB, PR, PSD, PT, PTB",2,PDT,TO,2400,733225,0.0032732108152340685,0,8,0.0,0.02618568652187255,0.01264645393821895,-0.02618568652187255,0.0135392325836536,-0.01264645393821895,-0.15563789039051862,1.5635274040992357,1.407889513708717,-768//29329,1017343344//75140399407,-32400//2561983,accounting attribution; not an independent causal effect
cabinet/C2014-a264923b9881ebab3d9b,cabinet/C2014-a264923b9881ebab3d9b,cabinet/C2014-a264923b9881ebab3d9b,cabinet/C2014-a264923b9881ebab3d9b,focal,cabinet,not_applicable,,,1,1,1,2014,Cabinet 2014/14-05,Cabinet 2014/14-05,14-05,"[""dilma_2-2016-04-14""]",2016-04-14,2016-04-18,5,,,,,,not applicable,true,false,true,false,false,cabinet/C2014-a264923b9881ebab3d9b,"PCdoB, PDT, PMDB, PR, PSD, PT, PTB",3,PMDB,AC,39751,399201,0.09957640386672378,2,8,0.25,0.7966112309337903,0.20946216270755896,1.2033887690662097,0.5871490682262313,1.790537837292441,3.9086952162479633,4.224685645373679,8.133380861621642,480394//399201,1201008928051//2045492351166,9174655//5123966,accounting attribution; not an independent causal effect
cabinet/C2014-a264923b9881ebab3d9b,cabinet/C2014-a264923b9881ebab3d9b,cabinet/C2014-a264923b9881ebab3d9b,cabinet/C2014-a264923b9881ebab3d9b,focal,cabinet,not_applicable,,,1,1,1,2014,Cabinet 2014/14-05,Cabinet 2014/14-05,14-05,"[""dilma_2-2016-04-14""]",2016-04-14,2016-04-18,5,,,,,,not applicable,true,false,true,false,false,cabinet/C2014-a264923b9881ebab3d9b,"PCdoB, PDT, PMDB, PR, PSD, PT, PTB",3,PMDB,AL,189044,1384584,0.13653487256822266,1,9,0.1111111111111111,1.2288138531140038,0.9961400992902764,-0.22881385311400393,0.2326737538237276,0.003859900709723679,3.9086952162479633,4.224685645373679,8.133380861621642,-26401//115382,68779925781//295606722506,9889//2561983,accounting attribution; not an independent causal effect
cabinet/C2014-a264923b9881ebab3d9b,cabinet/C2014-a264923b9881ebab3d9b,cabinet/C2014-a264923b9881ebab3d9b,cabinet/C2014-a264923b9881ebab3d9b,focal,cabinet,not_applicable,,,1,1,1,2014,Cabinet 2014/14-05,Cabinet 2014/14-05,14-05,"[""dilma_2-2016-04-14""]",2016-04-14,2016-04-18,5,,,,,,not applicable,true,false,true,false,false,cabinet/C2014-a264923b9881ebab3d9b,"PCdoB, PDT, PMDB, PR, PSD, PT, PTB",3,PMDB,AM,208803,1658407,0.12590576378416155,1,8,0.125,1.0072461102732924,1.1002573006924714,-0.007246110273292383,-0.09301119041917903,-0.10025730069247142,3.9086952162479633,4.224685645373679,8.133380861621642,-197//27187,-12956948403//139305263642,-513715//5123966,accounting attribution; not an independent causal effect
cabinet/C2014-a264923b9881ebab3d9b,cabinet/C2014-a264923b9881ebab3d9b,cabinet/C2014-a264923b9881ebab3d9b,cabinet/C2014-a264923b9881ebab3d9b,focal,cabinet,not_applicable,,,1,1,1,2014,Cabinet 2014/14-05,Cabinet 2014/14-05,14-05,"[""dilma_2-2016-04-14""]",2016-04-14,2016-04-18,5,,,,,,not applicable,true,false,true,false,false,cabinet/C2014-a264923b9881ebab3d9b,"PCdoB, PDT, PMDB, PR, PSD, PT, PTB",3,PMDB,AP,39944,386084,0.10345935081484858,1,8,0.125,0.8276748065187887,0.21047914837842405,0.17232519348121134,0.6171956581403646,0.7895208516215759,3.9086952162479633,4.224685645373679,8.133380861621642,16633//96521,152623327780//247285161143,2022739//2561983,accounting attribution; not an independent causal effect
cabinet/C2014-a264923b9881ebab3d9b,cabinet/C2014-a264923b9881ebab3d9b,cabinet/C2014-a264923b9881ebab3d9b,cabinet/C2014-a264923b9881ebab3d9b,focal,cabinet,not_applicable,,,1,1,1,2014,Cabinet 2014/14-05,Cabinet 2014/14-05,14-05,"[""dilma_2-2016-04-14""]",2016-04-14,2016-04-18,5,,,,,,not applicable,true,false,true,false,false,cabinet/C2014-a264923b9881ebab3d9b,"PCdoB, PDT, PMDB, PR, PSD, PT, PTB",3,PMDB,BA,366891,6646541,0.05520029139969196,1,39,0.02564102564102564,2.1528113645879863,1.9332792216029537,-1.1528113645879865,0.2195321429850328,-0.9332792216029536,3.9086952162479633,4.224685645373679,8.133380861621642,-7662208//6646541,7476529379697//34056650101606,-4782091//5123966,accounting attribution; not an independent causal effect
cabinet/C2014-a264923b9881ebab3d9b,cabinet/C2014-a264923b9881ebab3d9b,cabinet/C2014-a264923b9881ebab3d9b,cabinet/C2014-a264923b9881ebab3d9b,focal,cabinet,not_applicable,,,1,1,1,2014,Cabinet 2014/14-05,Cabinet 2014/14-05,14-05,"[""dilma_2-2016-04-14""]",2016-04-14,2016-04-18,5,,,,,,not applicable,true,false,true,false,false,cabinet/C2014-a264923b9881ebab3d9b,"PCdoB, PDT, PMDB, PR, PSD, PT, PTB",3,PMDB,CE,655297,4367020,0.1500558733415464,3,22,0.13636363636363635,3.301229213514021,3.4529930526471095,-0.301229213514021,-0.1517638391330887,-0.4529930526471097,3.9086952162479633,4.224685645373679,8.133380861621642,-657737//2183510,-424492222442//2797057750165,-2321121//5123966,accounting attribution; not an independent causal effect
cabinet/C2014-a264923b9881ebab3d9b,cabinet/C2014-a264923b9881ebab3d9b,cabinet/C2014-a264923b9881ebab3d9b,cabinet/C2014-a264923b9881ebab3d9b,focal,cabinet,not_applicable,,,1,1,1,2014,Cabinet 2014/14-05,Cabinet 2014/14-05,14-05,"[""dilma_2-2016-04-14""]",2016-04-14,2016-04-18,5,,,,,,not applicable,true,false,true,false,false,cabinet/C2014-a264923b9881ebab3d9b,"PCdoB, PDT, PMDB, PR, PSD, PT, PTB",3,PMDB,DF,115873,1454063,0.07968911938478594,1,8,0.125,0.6375129550782875,0.6105760654930185,0.36248704492171246,0.026936889585269037,0.3894239345069815,3.9086952162479633,4.224685645373679,8.133380861621642,527079//1454063,200695164571//7450569373858,1995395//5123966,accounting attribution; not an independent causal effect
cabinet/C2014-a264923b9881ebab3d9b,cabinet/C2014-a264923b9881ebab3d9b,cabinet/C2014-a264923b9881ebab3d9b,cabinet/C2014-a264923b9881ebab3d9b,focal,cabinet,not_applicable,,,1,1,1,2014,Cabinet 2014/14-05,Cabinet 2014/14-05,14-05,"[""dilma_2-2016-04-14""]",2016-04-14,2016-04-18,5,,,,,,not applicable,true,false,true,false,false,cabinet/C2014-a264923b9881ebab3d9b,"PCdoB, PDT, PMDB, PR, PSD, PT, PTB",3,PMDB,ES,186461,1794470,0.10390867498481446,1,10,0.1,1.0390867498481446,0.9825293532392682,-0.03908674984814458,0.056557396608876404,0.017470646760731824,3.9086952162479633,4.224685645373679,8.133380861621642,-7014//179447,52003413517//919480326802,89519//5123966,accounting attribution; not an independent causal effect
cabinet/C2014-a264923b9881ebab3d9b,cabinet/C2014-a264923b9881ebab3d9b,cabinet/C2014-a264923b9881ebab3d9b,cabinet/C2014-a264923b9881ebab3d9b,focal,cabinet,not_applicable,,,1,1,1,2014,Cabinet 2014/14-05,Cabinet 2014/14-05,14-05,"[""dilma_2-2016-04-14""]",2016-04-14,2016-04-18,5,,,,,,not applicable,true,false,true,false,false,cabinet/C2014-a264923b9881ebab3d9b,"PCdoB, PDT, PMDB, PR, PSD, PT, PTB",3,PMDB,GO,416210,3032760,0.1372380274073781,2,17,0.11764705882352941,2.3330464659254275,2.1931585806775455,-0.33304646592542764,0.13988788524788218,-0.1931585806775455,3.9086952162479633,4.224685645373679,8.133380861621642,-101005//303276,108691202071//776987956308,-494869//2561983,accounting attribution; not an independent causal effect
cabinet/C2014-a264923b9881ebab3d9b,cabinet/C2014-a264923b9881ebab3d9b,cabinet/C2014-a264923b9881ebab3d9b,cabinet/C2014-a264923b9881ebab3d9b,focal,cabinet,not_applicable,,,1,1,1,2014,Cabinet 2014/14-05,Cabinet 2014/14-05,14-05,"[""dilma_2-2016-04-14""]",2016-04-14,2016-04-18,5,,,,,,not applicable,true,false,true,false,false,cabinet/C2014-a264923b9881ebab3d9b,"PCdoB, PDT, PMDB, PR, PSD, PT, PTB",3,PMDB,MA,475676,3130492,0.15194927826041402,2,18,0.1111111111111111,2.735087008687452,2.5065060931317653,-0.7350870086874524,0.22858091555568683,-0.5065060931317655,3.9086952162479633,4.224685645373679,8.133380861621642,-575296//782623,458320009788//2005066821409,-1297660//2561983,accounting attribution; not an independent causal effect
cabinet/C2014-a264923b9881ebab3d9b,cabinet/C2014-a264923b9881ebab3d9b,cabinet/C2014-a264923b9881ebab3d9b,cabinet/C2014-a264923b9881ebab3d9b,focal,cabinet,not_applicable,,,1,1,1,2014,Cabinet 2014/14-05,Cabinet 2014/14-05,14-05,"[""dilma_2-2016-04-14""]",2016-04-14,2016-04-18,5,,,,,,not applicable,true,false,true,false,false,cabinet/C2014-a264923b9881ebab3d9b,"PCdoB, PDT, PMDB, PR, PSD, PT, PTB",3,PMDB,MG,891648,10118666,0.08811912558434086,6,53,0.11320754716981132,4.670313655970066,4.698410567127104,1.3296863440299345,-0.02809691115703866,1.3015894328728956,3.9086952162479633,4.224685645373679,8.133380861621642,6727326//5059333,-8469536256//301440119473,77550//59581,accounting attribution; not an independent causal effect
cabinet/C2014-a264923b9881ebab3d9b,cabinet/C2014-a264923b9881ebab3d9b,cabinet/C2014-a264923b9881ebab3d9b,cabinet/C2014-a264923b9881ebab3d9b,focal,cabinet,not_applicable,,,1,1,1,2014,Cabinet 2014/14-05,Cabinet 2014/14-05,14-05,"[""dilma_2-2016-04-14""]",2016-04-14,2016-04-18,5,,,,,,not applicable,true,false,true,false,false,cabinet/C2014-a264923b9881ebab3d9b,"PCdoB, PDT, PMDB, PR, PSD, PT, PTB",3,PMDB,MS,355077,1276893,0.2780788993282914,2,8,0.25,2.224631194626331,1.8710270520920709,-0.22463119462633127,0.35360414253426037,0.12897294790792913,3.9086952162479633,4.224685645373679,8.133380861621642,-31870//141877,257060637501//726972924182,660853//5123966,accounting attribution; not an independent causal effect
cabinet/C2014-a264923b9881ebab3d9b,cabinet/C2014-a264923b9881ebab3d9b,cabinet/C2014-a264923b9881ebab3d9b,cabinet/C2014-a264923b9881ebab3d9b,focal,cabinet,not_applicable,,,1,1,1,2014,Cabinet 2014/14-05,Cabinet 2014/14-05,14-05,"[""dilma_2-2016-04-14""]",2016-04-14,2016-04-18,5,,,,,,not applicable,true,false,true,false,false,cabinet/C2014-a264923b9881ebab3d9b,"PCdoB, PDT, PMDB, PR, PSD, PT, PTB",3,PMDB,MT,126218,1454612,0.08677090523108567,1,8,0.125,0.6941672418486854,0.6650875513225497,0.30583275815131455,0.029079690526135665,0.33491244867745024,3.9086952162479633,4.224685645373679,8.133380861621642,111217//363653,27092756809//931672803899,858040//2561983,accounting attribution; not an independent causal effect
cabinet/C2014-a264923b9881ebab3d9b,cabinet/C2014-a264923b9881ebab3d9b,cabinet/C2014-a264923b9881ebab3d9b,cabinet/C2014-a264923b9881ebab3d9b,focal,cabinet,not_applicable,,,1,1,1,2014,Cabinet 2014/14-05,Cabinet 2014/14-05,14-05,"[""dilma_2-2016-04-14""]",2016-04-14,2016-04-18,5,,,,,,not applicable,true,false,true,false,false,cabinet/C2014-a264923b9881ebab3d9b,"PCdoB, PDT, PMDB, PR, PSD, PT, PTB",3,PMDB,PA,466727,3756049,0.12426009351848179,3,17,0.17647058823529413,2.1124215898141903,2.4593506280096316,0.8875784101858096,-0.3469290381954412,0.5406493719903684,3.9086952162479633,4.224685645373679,8.133380861621642,3333788//3756049,-6676950256027//19245867370334,2770269//5123966,accounting attribution; not an independent causal effect
cabinet/C2014-a264923b9881ebab3d9b,cabinet/C2014-a264923b9881ebab3d9b,cabinet/C2014-a264923b9881ebab3d9b,cabinet/C2014-a264923b9881ebab3d9b,focal,cabinet,not_applicable,,,1,1,1,2014,Cabinet 2014/14-05,Cabinet 2014/14-05,14-05,"[""dilma_2-2016-04-14""]",2016-04-14,2016-04-18,5,,,,,,not applicable,true,false,true,false,false,cabinet/C2014-a264923b9881ebab3d9b,"PCdoB, PDT, PMDB, PR, PSD, PT, PTB",3,PMDB,PB,441731,1936819,0.2280703566001779,3,12,0.25,2.7368442792021352,2.3276378102430813,0.263155720797865,0.4092064689590538,0.6723621897569187,3.9086952162479633,4.224685645373679,8.133380861621642,509685//1936819,4061044672149//9924194704154,3445161//5123966,accounting attribution; not an independent causal effect
cabinet/C2014-a264923b9881ebab3d9b,cabinet/C2014-a264923b9881ebab3d9b,cabinet/C2014-a264923b9881ebab3d9b,cabinet/C2014-a264923b9881ebab3d9b,focal,cabinet,not_applicable,,,1,1,1,2014,Cabinet 2014/14-05,Cabinet 2014/14-05,14-05,"[""dilma_2-2016-04-14""]",2016-04-14,2016-04-18,5,,,,,,not applicable,true,false,true,false,false,cabinet/C2014-a264923b9881ebab3d9b,"PCdoB, PDT, PMDB, PR, PSD, PT, PTB",3,PMDB,PE,236048,4483227,0.05265136028133307,1,25,0.04,1.3162840070333266,1.2438208996702944,-0.31628400703332665,0.07246310736303221,-0.24382089967029447,3.9086952162479633,4.224685645373679,8.133380861621642,-1417973//4483227,832307726504//11485951359141,-624665//2561983,accounting attribution; not an independent causal effect
cabinet/C2014-a264923b9881ebab3d9b,cabinet/C2014-a264923b9881ebab3d9b,cabinet/C2014-a264923b9881ebab3d9b,cabinet/C2014-a264923b9881ebab3d9b,focal,cabinet,not_applicable,,,1,1,1,2014,Cabinet 2014/14-05,Cabinet 2014/14-05,14-05,"[""dilma_2-2016-04-14""]",2016-04-14,2016-04-18,5,,,,,,not applicable,true,false,true,false,false,cabinet/C2014-a264923b9881ebab3d9b,"PCdoB, PDT, PMDB, PR, PSD, PT, PTB",3,PMDB,PI,199085,1733434,0.11485006063109411,1,10,0.1,1.148500606310941,1.0490497009542998,-0.14850060631094117,0.09945090535664132,-0.049049700954299856,3.9086952162479633,4.224685645373679,8.133380861621642,-128708//866717,441664299035//4441028439622,-251329//5123966,accounting attribution; not an independent causal effect
cabinet/C2014-a264923b9881ebab3d9b,cabinet/C2014-a264923b9881ebab3d9b,cabinet/C2014-a264923b9881ebab3d9b,cabinet/C2014-a264923b9881ebab3d9b,focal,cabinet,not_applicable,,,1,1,1,2014,Cabinet 2014/14-05,Cabinet 2014/14-05,14-05,"[""dilma_2-2016-04-14""]",2016-04-14,2016-04-18,5,,,,,,not applicable,true,false,true,false,false,cabinet/C2014-a264923b9881ebab3d9b,"PCdoB, PDT, PMDB, PR, PSD, PT, PTB",3,PMDB,PR,747306,5665222,0.1319111589978292,4,30,0.13333333333333333,3.957334769934876,3.9378212111477713,0.04266523006512366,0.019513558787105256,0.06217878885222892,3.9086952162479633,4.224685645373679,8.133380861621642,120854//2832611,141611871429//7257101227613,159301//2561983,accounting attribution; not an independent causal effect
cabinet/C2014-a264923b9881ebab3d9b,cabinet/C2014-a264923b9881ebab3d9b,cabinet/C2014-a264923b9881ebab3d9b,cabinet/C2014-a264923b9881ebab3d9b,focal,cabinet,not_applicable,,,1,1,1,2014,Cabinet 2014/14-05,Cabinet 2014/14-05,14-05,"[""dilma_2-2016-04-14""]",2016-04-14,2016-04-18,5,,,,,,not applicable,true,false,true,false,false,cabinet/C2014-a264923b9881ebab3d9b,"PCdoB, PDT, PMDB, PR, PSD, PT, PTB",3,PMDB,RJ,1249836,7673438,0.16287823007105812,8,46,0.17391304347826086,7.492398583268673,6.585830585136591,0.507601416731327,0.9065679981320816,1.4141694148634085,3.9086952162479633,4.224685645373679,8.133380861621642,1947524//3836719,8911208820990//9829608853777,3623078//2561983,accounting attribution; not an independent causal effect
cabinet/C2014-a264923b9881ebab3d9b,cabinet/C2014-a264923b9881ebab3d9b,cabinet/C2014-a264923b9881ebab3d9b,cabinet/C2014-a264923b9881ebab3d9b,focal,cabinet,not_applicable,,,1,1,1,2014,Cabinet 2014/14-05,Cabinet 2014/14-05,14-05,"[""dilma_2-2016-04-14""]",2016-04-14,2016-04-18,5,,,,,,not applicable,true,false,true,false,false,cabinet/C2014-a264923b9881ebab3d9b,"PCdoB, PDT, PMDB, PR, PSD, PT, PTB",3,PMDB,RN,240150,1580871,0.15190992813455367,1,8,0.125,1.2152794250764294,1.2654357971930337,-0.2152794250764294,-0.05015637211660429,-0.2654357971930337,3.9086952162479633,4.224685645373679,8.133380861621642,-113443//526957,-67713854725//1350054875731,-680042//2561983,accounting attribution; not an independent causal effect
cabinet/C2014-a264923b9881ebab3d9b,cabinet/C2014-a264923b9881ebab3d9b,cabinet/C2014-a264923b9881ebab3d9b,cabinet/C2014-a264923b9881ebab3d9b,focal,cabinet,not_applicable,,,1,1,1,2014,Cabinet 2014/14-05,Cabinet 2014/14-05,14-05,"[""dilma_2-2016-04-14""]",2016-04-14,2016-04-18,5,,,,,,not applicable,true,false,true,false,false,cabinet/C2014-a264923b9881ebab3d9b,"PCdoB, PDT, PMDB, PR, PSD, PT, PTB",3,PMDB,RO,207478,798475,0.2598428253858919,3,8,0.375,2.078742603087135,1.093275404247413,0.9212573969128651,0.9854671988397218,1.906724595752587,3.9086952162479633,4.224685645373679,8.133380861621642,735601//798475,2015949924317//2045679375925,4884996//2561983,accounting attribution; not an independent causal effect
cabinet/C2014-a264923b9881ebab3d9b,cabinet/C2014-a264923b9881ebab3d9b,cabinet/C2014-a264923b9881ebab3d9b,cabinet/C2014-a264923b9881ebab3d9b,focal,cabinet,not_applicable,,,1,1,1,2014,Cabinet 2014/14-05,Cabinet 2014/14-05,14-05,"[""dilma_2-2016-04-14""]",2016-04-14,2016-04-18,5,,,,,,not applicable,true,false,true,false,false,cabinet/C2014-a264923b9881ebab3d9b,"PCdoB, PDT, PMDB, PR, PSD, PT, PTB",3,PMDB,RR,16096,238099,0.0676021318863162,1,8,0.125,0.5408170550905296,0.08481555107898843,0.4591829449094704,0.45600150401154116,0.9151844489210116,3.9086952162479633,4.224685645373679,8.133380861621642,109331//238099,278163466640//610005590317,2344687//2561983,accounting attribution; not an independent causal effect
cabinet/C2014-a264923b9881ebab3d9b,cabinet/C2014-a264923b9881ebab3d9b,cabinet/C2014-a264923b9881ebab3d9b,cabinet/C2014-a264923b9881ebab3d9b,focal,cabinet,not_applicable,,,1,1,1,2014,Cabinet 2014/14-05,Cabinet 2014/14-05,14-05,"[""dilma_2-2016-04-14""]",2016-04-14,2016-04-18,5,,,,,,not applicable,true,false,true,false,false,cabinet/C2014-a264923b9881ebab3d9b,"PCdoB, PDT, PMDB, PR, PSD, PT, PTB",3,PMDB,RS,981415,5942063,0.16516401795134114,5,31,0.16129032258064516,5.120084556491576,5.171424829907147,-0.1200845564915754,-0.05134027341557074,-0.17142482990714614,3.9086952162479633,4.224685645373679,8.133380861621642,-713550//5942063,-1563153648325//30446928781858,-878375//5123966,accounting attribution; not an independent causal effect
cabinet/C2014-a264923b9881ebab3d9b,cabinet/C2014-a264923b9881ebab3d9b,cabinet/C2014-a264923b9881ebab3d9b,cabinet/C2014-a264923b9881ebab3d9b,focal,cabinet,not_applicable,,,1,1,1,2014,Cabinet 2014/14-05,Cabinet 2014/14-05,14-05,"[""dilma_2-2016-04-14""]",2016-04-14,2016-04-18,5,,,,,,not applicable,true,false,true,false,false,cabinet/C2014-a264923b9881ebab3d9b,"PCdoB, PDT, PMDB, PR, PSD, PT, PTB",3,PMDB,SC,828201,3391619,0.24419045889293578,5,16,0.3125,3.9070473422869725,4.3640857492028635,1.0929526577130273,-0.45703840691589087,0.6359142507971365,3.9086952162479633,4.224685645373679,8.133380861621642,336989//308329,-722060039787//1579867312814,3258403//5123966,accounting attribution; not an independent causal effect
cabinet/C2014-a264923b9881ebab3d9b,cabinet/C2014-a264923b9881ebab3d9b,cabinet/C2014-a264923b9881ebab3d9b,cabinet/C2014-a264923b9881ebab3d9b,focal,cabinet,not_applicable,,,1,1,1,2014,Cabinet 2014/14-05,Cabinet 2014/14-05,14-05,"[""dilma_2-2016-04-14""]",2016-04-14,2016-04-18,5,,,,,,not applicable,true,false,true,false,false,cabinet/C2014-a264923b9881ebab3d9b,"PCdoB, PDT, PMDB, PR, PSD, PT, PTB",3,PMDB,SE,92624,1052826,0.08797655073107997,1,8,0.125,0.7038124058486398,0.48806881232233,0.29618759415136026,0.21574359352630976,0.51193118767767,3.9086952162479633,4.224685645373679,8.133380861621642,155917//526413,290965004456//1348661156979,1311559//2561983,accounting attribution; not an independent causal effect
cabinet/C2014-a264923b9881ebab3d9b,cabinet/C2014-a264923b9881ebab3d9b,cabinet/C2014-a264923b9881ebab3d9b,cabinet/C2014-a264923b9881ebab3d9b,focal,cabinet,not_applicable,,,1,1,1,2014,Cabinet 2014/14-05,Cabinet 2014/14-05,14-05,"[""dilma_2-2016-04-14""]",2016-04-14,2016-04-18,5,,,,,,not applicable,true,false,true,false,false,cabinet/C2014-a264923b9881ebab3d9b,"PCdoB, PDT, PMDB, PR, PSD, PT, PTB",3,PMDB,SP,787168,21266194,0.037014991963301005,2,70,0.02857142857142857,2.59104943743107,4.147868272349973,-0.5910494374310702,-1.5568188349189025,-2.1478682723499727,3.9086952162479633,4.224685645373679,8.133380861621642,-6284686//10633097,-42410568745456//27241813751351,-5502802//2561983,accounting attribution; not an independent causal effect
cabinet/C2014-a264923b9881ebab3d9b,cabinet/C2014-a264923b9881ebab3d9b,cabinet/C2014-a264923b9881ebab3d9b,cabinet/C2014-a264923b9881ebab3d9b,focal,cabinet,not_applicable,,,1,1,1,2014,Cabinet 2014/14-05,Cabinet 2014/14-05,14-05,"[""dilma_2-2016-04-14""]",2016-04-14,2016-04-18,5,,,,,,not applicable,true,false,true,false,false,cabinet/C2014-a264923b9881ebab3d9b,"PCdoB, PDT, PMDB, PR, PSD, PT, PTB",3,PMDB,TO,231191,733225,0.31530703399365817,3,8,0.375,2.5224562719492654,1.218227638512824,0.47754372805073475,1.3042286334364415,1.781772361487176,3.9086952162479633,4.224685645373679,8.133380861621642,350147//733225,4900013021723//3757019970350,9129741//5123966,accounting attribution; not an independent causal effect
cabinet/C2014-a264923b9881ebab3d9b,cabinet/C2014-a264923b9881ebab3d9b,cabinet/C2014-a264923b9881ebab3d9b,cabinet/C2014-a264923b9881ebab3d9b,focal,cabinet,not_applicable,,,1,1,1,2014,Cabinet 2014/14-05,Cabinet 2014/14-05,14-05,"[""dilma_2-2016-04-14""]",2016-04-14,2016-04-18,5,,,,,,not applicable,true,false,true,false,false,cabinet/C2014-a264923b9881ebab3d9b,"PCdoB, PDT, PMDB, PR, PSD, PT, PTB",4,PR,AC,13953,399201,0.034952317253714296,0,8,0.0,0.27961853802971437,0.07352332158332042,-0.27961853802971437,0.20609521644639395,-0.07352332158332042,5.0428381901786,-0.7383929616193156,4.304445228559284,-37208//133067,140522062951//681830783722,-376731//5123966,accounting attribution; not an independent causal effect
cabinet/C2014-a264923b9881ebab3d9b,cabinet/C2014-a264923b9881ebab3d9b,cabinet/C2014-a264923b9881ebab3d9b,cabinet/C2014-a264923b9881ebab3d9b,focal,cabinet,not_applicable,,,1,1,1,2014,Cabinet 2014/14-05,Cabinet 2014/14-05,14-05,"[""dilma_2-2016-04-14""]",2016-04-14,2016-04-18,5,,,,,,not applicable,true,false,true,false,false,cabinet/C2014-a264923b9881ebab3d9b,"PCdoB, PDT, PMDB, PR, PSD, PT, PTB",4,PR,AL,80360,1384584,0.05803909333055994,1,9,0.1111111111111111,0.5223518399750394,0.4234454326980312,0.4776481600249606,0.09890640727700827,0.5765545673019689,5.0428381901786,-0.7383929616193156,4.304445228559284,27556//57691,14618699445//147803361253,1477123//2561983,accounting attribution; not an independent causal effect
cabinet/C2014-a264923b9881ebab3d9b,cabinet/C2014-a264923b9881ebab3d9b,cabinet/C2014-a264923b9881ebab3d9b,cabinet/C2014-a264923b9881ebab3d9b,focal,cabinet,not_applicable,,,1,1,1,2014,Cabinet 2014/14-05,Cabinet 2014/14-05,14-05,"[""dilma_2-2016-04-14""]",2016-04-14,2016-04-18,5,,,,,,not applicable,true,false,true,false,false,cabinet/C2014-a264923b9881ebab3d9b,"PCdoB, PDT, PMDB, PR, PSD, PT, PTB",4,PR,AM,123448,1658407,0.07443769834546043,1,8,0.125,0.5955015867636835,0.650491435735522,0.4044984132363165,-0.05498984897183859,0.34950856426447796,5.0428381901786,-0.7383929616193156,4.304445228559284,670823//1658407,-233641449964//4248810541081,895435//2561983,accounting attribution; not an independent causal effect
cabinet/C2014-a264923b9881ebab3d9b,cabinet/C2014-a264923b9881ebab3d9b,cabinet/C2014-a264923b9881ebab3d9b,cabinet/C2014-a264923b9881ebab3d9b,focal,cabinet,not_applicable,,,1,1,1,2014,Cabinet 2014/14-05,Cabinet 2014/14-05,14-05,"[""dilma_2-2016-04-14""]",2016-04-14,2016-04-18,5,,,,,,not applicable,true,false,true,false,false,cabinet/C2014-a264923b9881ebab3d9b,"PCdoB, PDT, PMDB, PR, PSD, PT, PTB",4,PR,AP,20278,386084,0.05252224904424944,1,8,0.125,0.4201779923539955,0.10685199706633494,0.5798220076460044,0.3133259952876606,0.893148002933665,5.0428381901786,-0.7383929616193156,4.304445228559284,55965//96521,77480869235//247285161143,2288230//2561983,accounting attribution; not an independent causal effect
cabinet/C2014-a264923b9881ebab3d9b,cabinet/C2014-a264923b9881ebab3d9b,cabinet/C2014-a264923b9881ebab3d9b,cabinet/C2014-a264923b9881ebab3d9b,focal,cabinet,not_applicable,,,1,1,1,2014,Cabinet 2014/14-05,Cabinet 2014/14-05,14-05,"[""dilma_2-2016-04-14""]",2016-04-14,2016-04-18,5,,,,,,not applicable,true,false,true,false,false,cabinet/C2014-a264923b9881ebab3d9b,"PCdoB, PDT, PMDB, PR, PSD, PT, PTB",4,PR,BA,242545,6646541,0.03649191361341185,2,39,0.05128205128205128,1.423184630923062,1.2780559043522146,0.5768153690769379,0.1451287265708474,0.7219440956477853,5.0428381901786,-0.7383929616193156,4.304445228559284,3833827//6646541,4942598260515//34056650101606,3699217//5123966,accounting attribution; not an independent causal effect
cabinet/C2014-a264923b9881ebab3d9b,cabinet/C2014-a264923b9881ebab3d9b,cabinet/C2014-a264923b9881ebab3d9b,cabinet/C2014-a264923b9881ebab3d9b,focal,cabinet,not_applicable,,,1,1,1,2014,Cabinet 2014/14-05,Cabinet 2014/14-05,14-05,"[""dilma_2-2016-04-14""]",2016-04-14,2016-04-18,5,,,,,,not applicable,true,false,true,false,false,cabinet/C2014-a264923b9881ebab3d9b,"PCdoB, PDT, PMDB, PR, PSD, PT, PTB",4,PR,CE,279982,4367020,0.064112827511667,2,22,0.09090909090909091,1.410482205256674,1.4753247777210075,0.5895177947433261,-0.06484257246433363,0.5246752222789924,5.0428381901786,-0.7383929616193156,4.304445228559284,643609//1091755,-181368419852//2797057750165,1344209//2561983,accounting attribution; not an independent causal effect
cabinet/C2014-a264923b9881ebab3d9b,cabinet/C2014-a264923b9881ebab3d9b,cabinet/C2014-a264923b9881ebab3d9b,cabinet/C2014-a264923b9881ebab3d9b,focal,cabinet,not_applicable,,,1,1,1,2014,Cabinet 2014/14-05,Cabinet 2014/14-05,14-05,"[""dilma_2-2016-04-14""]",2016-04-14,2016-04-18,5,,,,,,not applicable,true,false,true,false,false,cabinet/C2014-a264923b9881ebab3d9b,"PCdoB, PDT, PMDB, PR, PSD, PT, PTB",4,PR,DF,47118,1454063,0.03240437312551107,1,8,0.125,0.25923498500408854,0.24828150694208354,0.7407650149959114,0.01095347806200501,0.7517184930579165,5.0428381901786,-0.7383929616193156,4.304445228559284,1077119//1454063,40804824093//3725284686929,1925890//2561983,accounting attribution; not an independent causal effect
cabinet/C2014-a264923b9881ebab3d9b,cabinet/C2014-a264923b9881ebab3d9b,cabinet/C2014-a264923b9881ebab3d9b,cabinet/C2014-a264923b9881ebab3d9b,focal,cabinet,not_applicable,,,1,1,1,2014,Cabinet 2014/14-05,Cabinet 2014/14-05,14-05,"[""dilma_2-2016-04-14""]",2016-04-14,2016-04-18,5,,,,,,not applicable,true,false,true,false,false,cabinet/C2014-a264923b9881ebab3d9b,"PCdoB, PDT, PMDB, PR, PSD, PT, PTB",4,PR,ES,23598,1794470,0.01315040095404214,0,10,0.0,0.1315040095404214,0.12434625834753782,-0.1315040095404214,0.00715775119288358,-0.12434625834753782,5.0428381901786,-0.7383929616193156,4.304445228559284,-23598//179447,3290705703//459740163401,-318573//2561983,accounting attribution; not an independent causal effect
cabinet/C2014-a264923b9881ebab3d9b,cabinet/C2014-a264923b9881ebab3d9b,cabinet/C2014-a264923b9881ebab3d9b,cabinet/C2014-a264923b9881ebab3d9b,focal,cabinet,not_applicable,,,1,1,1,2014,Cabinet 2014/14-05,Cabinet 2014/14-05,14-05,"[""dilma_2-2016-04-14""]",2016-04-14,2016-04-18,5,,,,,,not applicable,true,false,true,false,false,cabinet/C2014-a264923b9881ebab3d9b,"PCdoB, PDT, PMDB, PR, PSD, PT, PTB",4,PR,GO,122335,3032760,0.04033784407602316,1,17,0.058823529411764705,0.6857433492923938,0.644626642721673,0.3142566507076063,0.04111670657072071,0.355373357278327,5.0428381901786,-0.7383929616193156,4.304445228559284,190613//606552,1485915619//36138974712,42347//119162,accounting attribution; not an independent causal effect
cabinet/C2014-a264923b9881ebab3d9b,cabinet/C2014-a264923b9881ebab3d9b,cabinet/C2014-a264923b9881ebab3d9b,cabinet/C2014-a264923b9881ebab3d9b,focal,cabinet,not_applicable,,,1,1,1,2014,Cabinet 2014/14-05,Cabinet 2014/14-05,14-05,"[""dilma_2-2016-04-14""]",2016-04-14,2016-04-18,5,,,,,,not applicable,true,false,true,false,false,cabinet/C2014-a264923b9881ebab3d9b,"PCdoB, PDT, PMDB, PR, PSD, PT, PTB",4,PR,MA,74650,3130492,0.02384609192420872,0,18,0.0,0.4292296546357569,0.39335741103668526,-0.4292296546357569,0.03587224359907168,-0.39335741103668526,5.0428381901786,-0.7383929616193156,4.304445228559284,-335925//782623,71926245450//2005066821409,-1007775//2561983,accounting attribution; not an independent causal effect
cabinet/C2014-a264923b9881ebab3d9b,cabinet/C2014-a264923b9881ebab3d9b,cabinet/C2014-a264923b9881ebab3d9b,cabinet/C2014-a264923b9881ebab3d9b,focal,cabinet,not_applicable,,,1,1,1,2014,Cabinet 2014/14-05,Cabinet 2014/14-05,14-05,"[""dilma_2-2016-04-14""]",2016-04-14,2016-04-18,5,,,,,,not applicable,true,false,true,false,false,cabinet/C2014-a264923b9881ebab3d9b,"PCdoB, PDT, PMDB, PR, PSD, PT, PTB",4,PR,MG,343798,10118666,0.03397661312271796,3,53,0.05660377358490566,1.8007604955040517,1.8115939879382494,1.1992395044959483,-0.010833492434197773,1.1884060120617506,5.0428381901786,-0.7383929616193156,4.304445228559284,6067352//5059333,-140422917908//12961925137339,3044676//2561983,accounting attribution; not an independent causal effect
cabinet/C2014-a264923b9881ebab3d9b,cabinet/C2014-a264923b9881ebab3d9b,cabinet/C2014-a264923b9881ebab3d9b,cabinet/C2014-a264923b9881ebab3d9b,focal,cabinet,not_applicable,,,1,1,1,2014,Cabinet 2014/14-05,Cabinet 2014/14-05,14-05,"[""dilma_2-2016-04-14""]",2016-04-14,2016-04-18,5,,,,,,not applicable,true,false,true,false,false,cabinet/C2014-a264923b9881ebab3d9b,"PCdoB, PDT, PMDB, PR, PSD, PT, PTB",4,PR,MS,37589,1276893,0.029437862060485882,0,8,0.0,0.23550289648388706,0.1980698154515467,-0.23550289648388706,0.037433081032340346,-0.1980698154515467,5.0428381901786,-0.7383929616193156,4.304445228559284,-300712//1276893,244915527413//6542756317638,-1014903//5123966,accounting attribution; not an independent causal effect
cabinet/C2014-a264923b9881ebab3d9b,cabinet/C2014-a264923b9881ebab3d9b,cabinet/C2014-a264923b9881ebab3d9b,cabinet/C2014-a264923b9881ebab3d9b,focal,cabinet,not_applicable,,,1,1,1,2014,Cabinet 2014/14-05,Cabinet 2014/14-05,14-05,"[""dilma_2-2016-04-14""]",2016-04-14,2016-04-18,5,,,,,,not applicable,true,false,true,false,false,cabinet/C2014-a264923b9881ebab3d9b,"PCdoB, PDT, PMDB, PR, PSD, PT, PTB",4,PR,MT,90859,1454612,0.06246270483125397,0,8,0.0,0.49970163865003175,0.4787683993219315,-0.49970163865003175,0.020933239328100272,-0.4787683993219315,5.0428381901786,-0.7383929616193156,4.304445228559284,-181718//363653,907113013//43333618786,-57051//119162,accounting attribution; not an independent causal effect
cabinet/C2014-a264923b9881ebab3d9b,cabinet/C2014-a264923b9881ebab3d9b,cabinet/C2014-a264923b9881ebab3d9b,cabinet/C2014-a264923b9881ebab3d9b,focal,cabinet,not_applicable,,,1,1,1,2014,Cabinet 2014/14-05,Cabinet 2014/14-05,14-05,"[""dilma_2-2016-04-14""]",2016-04-14,2016-04-18,5,,,,,,not applicable,true,false,true,false,false,cabinet/C2014-a264923b9881ebab3d9b,"PCdoB, PDT, PMDB, PR, PSD, PT, PTB",4,PR,PA,153596,3756049,0.04089297024612831,1,17,0.058823529411764705,0.6951804941841813,0.8093519746227824,0.3048195058158187,-0.11417148043860113,0.19064802537721756,5.0428381901786,-0.7383929616193156,4.304445228559284,1144917//3756049,-25550339186//223789155469,11359//59581,accounting attribution; not an independent causal effect
cabinet/C2014-a264923b9881ebab3d9b,cabinet/C2014-a264923b9881ebab3d9b,cabinet/C2014-a264923b9881ebab3d9b,cabinet/C2014-a264923b9881ebab3d9b,focal,cabinet,not_applicable,,,1,1,1,2014,Cabinet 2014/14-05,Cabinet 2014/14-05,14-05,"[""dilma_2-2016-04-14""]",2016-04-14,2016-04-18,5,,,,,,not applicable,true,false,true,false,false,cabinet/C2014-a264923b9881ebab3d9b,"PCdoB, PDT, PMDB, PR, PSD, PT, PTB",4,PR,PB,107525,1936819,0.055516287273100894,1,12,0.08333333333333333,0.6661954472772107,0.566587483211247,0.33380455272278925,0.09960796406596381,0.4334125167887531,5.0428381901786,-0.7383929616193156,4.304445228559284,646519//1936819,988528829475//9924194704154,2220791//5123966,accounting attribution; not an independent causal effect
cabinet/C2014-a264923b9881ebab3d9b,cabinet/C2014-a264923b9881ebab3d9b,cabinet/C2014-a264923b9881ebab3d9b,cabinet/C2014-a264923b9881ebab3d9b,focal,cabinet,not_applicable,,,1,1,1,2014,Cabinet 2014/14-05,Cabinet 2014/14-05,14-05,"[""dilma_2-2016-04-14""]",2016-04-14,2016-04-18,5,,,,,,not applicable,true,false,true,false,false,cabinet/C2014-a264923b9881ebab3d9b,"PCdoB, PDT, PMDB, PR, PSD, PT, PTB",4,PR,PE,281583,4483227,0.06280810674989243,2,25,0.08,1.5702026687473107,1.4837610163689612,0.4297973312526892,0.08644165237834973,0.5162389836310389,5.0428381901786,-0.7383929616193156,4.304445228559284,642293//1494409,661909743081//7657300906094,2645191//5123966,accounting attribution; not an independent causal effect
cabinet/C2014-a264923b9881ebab3d9b,cabinet/C2014-a264923b9881ebab3d9b,cabinet/C2014-a264923b9881ebab3d9b,cabinet/C2014-a264923b9881ebab3d9b,focal,cabinet,not_applicable,,,1,1,1,2014,Cabinet 2014/14-05,Cabinet 2014/14-05,14-05,"[""dilma_2-2016-04-14""]",2016-04-14,2016-04-18,5,,,,,,not applicable,true,false,true,false,false,cabinet/C2014-a264923b9881ebab3d9b,"PCdoB, PDT, PMDB, PR, PSD, PT, PTB",4,PR,PI,76776,1733434,0.04429127385294162,0,10,0.0,0.44291273852941615,0.4045600614836242,-0.44291273852941615,0.03835267704579197,-0.4045600614836242,5.0428381901786,-0.7383929616193156,4.304445228559284,-383880//866717,85162664748//2220514219811,-1036476//2561983,accounting attribution; not an independent causal effect
cabinet/C2014-a264923b9881ebab3d9b,cabinet/C2014-a264923b9881ebab3d9b,cabinet/C2014-a264923b9881ebab3d9b,cabinet/C2014-a264923b9881ebab3d9b,focal,cabinet,not_applicable,,,1,1,1,2014,Cabinet 2014/14-05,Cabinet 2014/14-05,14-05,"[""dilma_2-2016-04-14""]",2016-04-14,2016-04-18,5,,,,,,not applicable,true,false,true,false,false,cabinet/C2014-a264923b9881ebab3d9b,"PCdoB, PDT, PMDB, PR, PSD, PT, PTB",4,PR,PR,279572,5665222,0.04934881633941265,2,30,0.06666666666666667,1.4804644901823794,1.4731643418398952,0.5195355098176205,0.007300148342484325,0.5268356581601049,5.0428381901786,-0.7383929616193156,4.304445228559284,1471642//2832611,52977915498//7257101227613,1349744//2561983,accounting attribution; not an independent causal effect
cabinet/C2014-a264923b9881ebab3d9b,cabinet/C2014-a264923b9881ebab3d9b,cabinet/C2014-a264923b9881ebab3d9b,cabinet/C2014-a264923b9881ebab3d9b,focal,cabinet,not_applicable,,,1,1,1,2014,Cabinet 2014/14-05,Cabinet 2014/14-05,14-05,"[""dilma_2-2016-04-14""]",2016-04-14,2016-04-18,5,,,,,,not applicable,true,false,true,false,false,cabinet/C2014-a264923b9881ebab3d9b,"PCdoB, PDT, PMDB, PR, PSD, PT, PTB",4,PR,RJ,1055405,7673438,0.13754004398028627,6,46,0.13043478260869565,6.326842023093169,5.561304466110821,-0.32684202309316895,0.7655375569823477,0.4386955338891788,5.0428381901786,-0.7383929616193156,4.304445228559284,-1254001//3836719,15049869496025//19659217707554,2247861//5123966,accounting attribution; not an independent causal effect
cabinet/C2014-a264923b9881ebab3d9b,cabinet/C2014-a264923b9881ebab3d9b,cabinet/C2014-a264923b9881ebab3d9b,cabinet/C2014-a264923b9881ebab3d9b,focal,cabinet,not_applicable,,,1,1,1,2014,Cabinet 2014/14-05,Cabinet 2014/14-05,14-05,"[""dilma_2-2016-04-14""]",2016-04-14,2016-04-18,5,,,,,,not applicable,true,false,true,false,false,cabinet/C2014-a264923b9881ebab3d9b,"PCdoB, PDT, PMDB, PR, PSD, PT, PTB",4,PR,RN,137263,1580871,0.08682745144923273,1,8,0.125,0.6946196115938619,0.7232875862173949,0.3053803884061381,-0.02866797462353302,0.27671241378260514,5.0428381901786,-0.7383929616193156,4.304445228559284,482767//1580871,-232220033507//8100329254386,1417865//5123966,accounting attribution; not an independent causal effect
cabinet/C2014-a264923b9881ebab3d9b,cabinet/C2014-a264923b9881ebab3d9b,cabinet/C2014-a264923b9881ebab3d9b,cabinet/C2014-a264923b9881ebab3d9b,focal,cabinet,not_applicable,,,1,1,1,2014,Cabinet 2014/14-05,Cabinet 2014/14-05,14-05,"[""dilma_2-2016-04-14""]",2016-04-14,2016-04-18,5,,,,,,not applicable,true,false,true,false,false,cabinet/C2014-a264923b9881ebab3d9b,"PCdoB, PDT, PMDB, PR, PSD, PT, PTB",4,PR,RO,44869,798475,0.056193368608910735,1,8,0.125,0.4495469488712859,0.23643072573081086,0.5504530511287141,0.21311622314047504,0.7635692742691892,5.0428381901786,-0.7383929616193156,4.304445228559284,439523//798475,871934924707//4091358751850,3912503//5123966,accounting attribution; not an independent causal effect
cabinet/C2014-a264923b9881ebab3d9b,cabinet/C2014-a264923b9881ebab3d9b,cabinet/C2014-a264923b9881ebab3d9b,cabinet/C2014-a264923b9881ebab3d9b,focal,cabinet,not_applicable,,,1,1,1,2014,Cabinet 2014/14-05,Cabinet 2014/14-05,14-05,"[""dilma_2-2016-04-14""]",2016-04-14,2016-04-18,5,,,,,,not applicable,true,false,true,false,false,cabinet/C2014-a264923b9881ebab3d9b,"PCdoB, PDT, PMDB, PR, PSD, PT, PTB",4,PR,RR,20684,238099,0.08687142743144659,1,8,0.125,0.6949714194515727,0.10899135552421699,0.30502858054842735,0.5859800639273557,0.891008644475783,5.0428381901786,-0.7383929616193156,4.304445228559284,72627//238099,357451114810//610005590317,2282749//2561983,accounting attribution; not an independent causal effect
cabinet/C2014-a264923b9881ebab3d9b,cabinet/C2014-a264923b9881ebab3d9b,cabinet/C2014-a264923b9881ebab3d9b,cabinet/C2014-a264923b9881ebab3d9b,focal,cabinet,not_applicable,,,1,1,1,2014,Cabinet 2014/14-05,Cabinet 2014/14-05,14-05,"[""dilma_2-2016-04-14""]",2016-04-14,2016-04-18,5,,,,,,not applicable,true,false,true,false,false,cabinet/C2014-a264923b9881ebab3d9b,"PCdoB, PDT, PMDB, PR, PSD, PT, PTB",4,PR,RS,58324,5942063,0.009815446251579629,0,31,0.0,0.3042788337989685,0.3073299081219508,-0.3042788337989685,-0.0030510743229823756,-0.3073299081219508,5.0428381901786,-0.7383929616193156,4.304445228559284,-1808044//5942063,-46447921310//15223464390929,-787374//2561983,accounting attribution; not an independent causal effect
cabinet/C2014-a264923b9881ebab3d9b,cabinet/C2014-a264923b9881ebab3d9b,cabinet/C2014-a264923b9881ebab3d9b,cabinet/C2014-a264923b9881ebab3d9b,focal,cabinet,not_applicable,,,1,1,1,2014,Cabinet 2014/14-05,Cabinet 2014/14-05,14-05,"[""dilma_2-2016-04-14""]",2016-04-14,2016-04-18,5,,,,,,not applicable,true,false,true,false,false,cabinet/C2014-a264923b9881ebab3d9b,"PCdoB, PDT, PMDB, PR, PSD, PT, PTB",4,PR,SC,151189,3391619,0.044577235827491235,1,16,0.0625,0.7132357732398598,0.7966686351939103,0.28676422676014024,-0.08343286195405056,0.20333136480608965,5.0428381901786,-0.7383929616193156,4.304445228559284,972595//3391619,-1449941365573//17378540440954,1041863//5123966,accounting attribution; not an independent causal effect
cabinet/C2014-a264923b9881ebab3d9b,cabinet/C2014-a264923b9881ebab3d9b,cabinet/C2014-a264923b9881ebab3d9b,cabinet/C2014-a264923b9881ebab3d9b,focal,cabinet,not_applicable,,,1,1,1,2014,Cabinet 2014/14-05,Cabinet 2014/14-05,14-05,"[""dilma_2-2016-04-14""]",2016-04-14,2016-04-18,5,,,,,,not applicable,true,false,true,false,false,cabinet/C2014-a264923b9881ebab3d9b,"PCdoB, PDT, PMDB, PR, PSD, PT, PTB",4,PR,SE,30689,1052826,0.02914916614901228,0,8,0.0,0.23319332919209823,0.16171126037916722,-0.23319332919209823,0.07148206881293098,-0.16171126037916722,5.0428381901786,-0.7383929616193156,4.304445228559284,-122756//526413,192810179257//2697322313958,-828603//5123966,accounting attribution; not an independent causal effect
cabinet/C2014-a264923b9881ebab3d9b,cabinet/C2014-a264923b9881ebab3d9b,cabinet/C2014-a264923b9881ebab3d9b,cabinet/C2014-a264923b9881ebab3d9b,focal,cabinet,not_applicable,,,1,1,1,2014,Cabinet 2014/14-05,Cabinet 2014/14-05,14-05,"[""dilma_2-2016-04-14""]",2016-04-14,2016-04-18,5,,,,,,not applicable,true,false,true,false,false,cabinet/C2014-a264923b9881ebab3d9b,"PCdoB, PDT, PMDB, PR, PSD, PT, PTB",4,PR,SP,1701667,21266194,0.08001746809983959,6,70,0.08571428571428572,5.601222766988771,8.966688889036345,0.39877723301122897,-3.365466122047573,-2.966688889036344,5.0428381901786,-0.7383929616193156,4.304445228559284,114601//287381,-4955751420719//1472530473046,-15201213//5123966,accounting attribution; not an independent causal effect
cabinet/C2014-a264923b9881ebab3d9b,cabinet/C2014-a264923b9881ebab3d9b,cabinet/C2014-a264923b9881ebab3d9b,cabinet/C2014-a264923b9881ebab3d9b,focal,cabinet,not_applicable,,,1,1,1,2014,Cabinet 2014/14-05,Cabinet 2014/14-05,14-05,"[""dilma_2-2016-04-14""]",2016-04-14,2016-04-18,5,,,,,,not applicable,true,false,true,false,false,cabinet/C2014-a264923b9881ebab3d9b,"PCdoB, PDT, PMDB, PR, PSD, PT, PTB",4,PR,TO,35864,733225,0.048912680282314436,0,8,0.0,0.3913014422585155,0.18898017668345185,-0.3913014422585155,0.2023212655750636,-0.18898017668345185,5.0428381901786,-0.7383929616193156,4.304445228559284,-286912//733225,380062517596//1878509985175,-484164//2561983,accounting attribution; not an independent causal effect
cabinet/C2014-a264923b9881ebab3d9b,cabinet/C2014-a264923b9881ebab3d9b,cabinet/C2014-a264923b9881ebab3d9b,cabinet/C2014-a264923b9881ebab3d9b,focal,cabinet,not_applicable,,,1,1,1,2014,Cabinet 2014/14-05,Cabinet 2014/14-05,14-05,"[""dilma_2-2016-04-14""]",2016-04-14,2016-04-18,5,,,,,,not applicable,true,false,true,false,false,cabinet/C2014-a264923b9881ebab3d9b,"PCdoB, PDT, PMDB, PR, PSD, PT, PTB",5,PSD,AC,19289,399201,0.04831901723693077,0,8,0.0,0.3865521378954462,0.10164060417262721,-0.3865521378954462,0.2849115337228189,-0.10164060417262721,4.645941310001025,-0.09320910998252392,4.552732200018501,-154312//399201,582784362989//2045492351166,-520803//5123966,accounting attribution; not an independent causal effect
cabinet/C2014-a264923b9881ebab3d9b,cabinet/C2014-a264923b9881ebab3d9b,cabinet/C2014-a264923b9881ebab3d9b,cabinet/C2014-a264923b9881ebab3d9b,focal,cabinet,not_applicable,,,1,1,1,2014,Cabinet 2014/14-05,Cabinet 2014/14-05,14-05,"[""dilma_2-2016-04-14""]",2016-04-14,2016-04-18,5,,,,,,not applicable,true,false,true,false,false,cabinet/C2014-a264923b9881ebab3d9b,"PCdoB, PDT, PMDB, PR, PSD, PT, PTB",5,PSD,AL,3681,1384584,0.0026585602606992425,0,9,0.0,0.023927042346293184,0.019396498727743315,-0.023927042346293184,0.004530543618549868,-0.019396498727743315,4.645941310001025,-0.09320910998252392,4.552732200018501,-11043//461528,5357036601//1182426890024,-99387//5123966,accounting attribution; not an independent causal effect
cabinet/C2014-a264923b9881ebab3d9b,cabinet/C2014-a264923b9881ebab3d9b,cabinet/C2014-a264923b9881ebab3d9b,cabinet/C2014-a264923b9881ebab3d9b,focal,cabinet,not_applicable,,,1,1,1,2014,Cabinet 2014/14-05,Cabinet 2014/14-05,14-05,"[""dilma_2-2016-04-14""]",2016-04-14,2016-04-18,5,,,,,,not applicable,true,false,true,false,false,cabinet/C2014-a264923b9881ebab3d9b,"PCdoB, PDT, PMDB, PR, PSD, PT, PTB",5,PSD,AM,329925,1658407,0.19894091136856032,2,8,0.25,1.5915272909484826,1.7384922148195363,0.4084727090515175,-0.14696492387105378,0.26150778518046375,4.645941310001025,-0.09320910998252392,4.552732200018501,677414//1658407,-1248852235425//8497621082162,1339957//5123966,accounting attribution; not an independent causal effect
cabinet/C2014-a264923b9881ebab3d9b,cabinet/C2014-a264923b9881ebab3d9b,cabinet/C2014-a264923b9881ebab3d9b,cabinet/C2014-a264923b9881ebab3d9b,focal,cabinet,not_applicable,,,1,1,1,2014,Cabinet 2014/14-05,Cabinet 2014/14-05,14-05,"[""dilma_2-2016-04-14""]",2016-04-14,2016-04-18,5,,,,,,not applicable,true,false,true,false,false,cabinet/C2014-a264923b9881ebab3d9b,"PCdoB, PDT, PMDB, PR, PSD, PT, PTB",5,PSD,AP,15627,386084,0.040475647786492056,0,8,0.0,0.32380518229193644,0.08234422320522813,-0.32380518229193644,0.24146095908670834,-0.08234422320522813,4.645941310001025,-0.09320910998252392,4.552732200018501,-31254//96521,119419424355//494570322286,-421929//5123966,accounting attribution; not an independent causal effect
cabinet/C2014-a264923b9881ebab3d9b,cabinet/C2014-a264923b9881ebab3d9b,cabinet/C2014-a264923b9881ebab3d9b,cabinet/C2014-a264923b9881ebab3d9b,focal,cabinet,not_applicable,,,1,1,1,2014,Cabinet 2014/14-05,Cabinet 2014/14-05,14-05,"[""dilma_2-2016-04-14""]",2016-04-14,2016-04-18,5,,,,,,not applicable,true,false,true,false,false,cabinet/C2014-a264923b9881ebab3d9b,"PCdoB, PDT, PMDB, PR, PSD, PT, PTB",5,PSD,BA,633536,6646541,0.09531815120075239,4,39,0.10256410256410256,3.7174078968293434,3.338326600918117,0.28259210317065675,0.3790812959112263,0.661673399081883,4.645941310001025,-0.09320910998252392,4.552732200018501,1878260//6646541,6455119527456//17028325050803,1695196//2561983,accounting attribution; not an independent causal effect
cabinet/C2014-a264923b9881ebab3d9b,cabinet/C2014-a264923b9881ebab3d9b,cabinet/C2014-a264923b9881ebab3d9b,cabinet/C2014-a264923b9881ebab3d9b,focal,cabinet,not_applicable,,,1,1,1,2014,Cabinet 2014/14-05,Cabinet 2014/14-05,14-05,"[""dilma_2-2016-04-14""]",2016-04-14,2016-04-18,5,,,,,,not applicable,true,false,true,false,false,cabinet/C2014-a264923b9881ebab3d9b,"PCdoB, PDT, PMDB, PR, PSD, PT, PTB",5,PSD,CE,26981,4367020,0.006178355033867489,0,22,0.0,0.13592381074508475,0.14217248904461896,-0.13592381074508475,-0.006248678299534204,-0.14217248904461896,4.645941310001025,-0.09320910998252392,4.552732200018501,-296791//2183510,-17477914066//2797057750165,-728487//5123966,accounting attribution; not an independent causal effect
cabinet/C2014-a264923b9881ebab3d9b,cabinet/C2014-a264923b9881ebab3d9b,cabinet/C2014-a264923b9881ebab3d9b,cabinet/C2014-a264923b9881ebab3d9b,focal,cabinet,not_applicable,,,1,1,1,2014,Cabinet 2014/14-05,Cabinet 2014/14-05,14-05,"[""dilma_2-2016-04-14""]",2016-04-14,2016-04-18,5,,,,,,not applicable,true,false,true,false,false,cabinet/C2014-a264923b9881ebab3d9b,"PCdoB, PDT, PMDB, PR, PSD, PT, PTB",5,PSD,DF,94804,1454063,0.06519937581796661,1,8,0.125,0.5215950065437329,0.4995560079828789,0.478404993456267,0.022038998560854086,0.5004439920171211,4.645941310001025,-0.09320910998252392,4.552732200018501,695631//1454063,82101543854//3725284686929,1282129//2561983,accounting attribution; not an independent causal effect
cabinet/C2014-a264923b9881ebab3d9b,cabinet/C2014-a264923b9881ebab3d9b,cabinet/C2014-a264923b9881ebab3d9b,cabinet/C2014-a264923b9881ebab3d9b,focal,cabinet,not_applicable,,,1,1,1,2014,Cabinet 2014/14-05,Cabinet 2014/14-05,14-05,"[""dilma_2-2016-04-14""]",2016-04-14,2016-04-18,5,,,,,,not applicable,true,false,true,false,false,cabinet/C2014-a264923b9881ebab3d9b,"PCdoB, PDT, PMDB, PR, PSD, PT, PTB",5,PSD,ES,15187,1794470,0.008463223124376557,0,10,0.0,0.08463223124376557,0.08002570664988799,-0.08463223124376557,0.004606524593877572,-0.08002570664988799,4.645941310001025,-0.09320910998252392,4.552732200018501,-15187//179447,4235608739//919480326802,-410049//5123966,accounting attribution; not an independent causal effect
cabinet/C2014-a264923b9881ebab3d9b,cabinet/C2014-a264923b9881ebab3d9b,cabinet/C2014-a264923b9881ebab3d9b,cabinet/C2014-a264923b9881ebab3d9b,focal,cabinet,not_applicable,,,1,1,1,2014,Cabinet 2014/14-05,Cabinet 2014/14-05,14-05,"[""dilma_2-2016-04-14""]",2016-04-14,2016-04-18,5,,,,,,not applicable,true,false,true,false,false,cabinet/C2014-a264923b9881ebab3d9b,"PCdoB, PDT, PMDB, PR, PSD, PT, PTB",5,PSD,GO,265622,3032760,0.08758424669278149,2,17,0.11764705882352941,1.4889321937772855,1.3996568283239974,0.5110678062227146,0.08927536545328792,0.6003431716760025,4.645941310001025,-0.09320910998252392,4.552732200018501,774973//1516380,346829418761//3884939781540,1538069//2561983,accounting attribution; not an independent causal effect
cabinet/C2014-a264923b9881ebab3d9b,cabinet/C2014-a264923b9881ebab3d9b,cabinet/C2014-a264923b9881ebab3d9b,cabinet/C2014-a264923b9881ebab3d9b,focal,cabinet,not_applicable,,,1,1,1,2014,Cabinet 2014/14-05,Cabinet 2014/14-05,14-05,"[""dilma_2-2016-04-14""]",2016-04-14,2016-04-18,5,,,,,,not applicable,true,false,true,false,false,cabinet/C2014-a264923b9881ebab3d9b,"PCdoB, PDT, PMDB, PR, PSD, PT, PTB",5,PSD,MA,92596,3130492,0.029578737144193307,0,18,0.0,0.5324172685954796,0.48792127035971744,-0.5324172685954796,0.044495998235762106,-0.48792127035971744,4.645941310001025,-0.09320910998252392,4.552732200018501,-416682//782623,89217449748//2005066821409,-1250046//2561983,accounting attribution; not an independent causal effect
cabinet/C2014-a264923b9881ebab3d9b,cabinet/C2014-a264923b9881ebab3d9b,cabinet/C2014-a264923b9881ebab3d9b,cabinet/C2014-a264923b9881ebab3d9b,focal,cabinet,not_applicable,,,1,1,1,2014,Cabinet 2014/14-05,Cabinet 2014/14-05,14-05,"[""dilma_2-2016-04-14""]",2016-04-14,2016-04-18,5,,,,,,not applicable,true,false,true,false,false,cabinet/C2014-a264923b9881ebab3d9b,"PCdoB, PDT, PMDB, PR, PSD, PT, PTB",5,PSD,MG,621232,10118666,0.061394654196511675,3,53,0.05660377358490566,3.253916672415119,3.2734924470615145,-0.2539166724151187,-0.01957577464639571,-0.27349244706151443,4.645941310001025,-0.09320910998252392,4.552732200018501,-1284649//5059333,-253739725472//12961925137339,-700683//2561983,accounting attribution; not an independent causal effect
cabinet/C2014-a264923b9881ebab3d9b,cabinet/C2014-a264923b9881ebab3d9b,cabinet/C2014-a264923b9881ebab3d9b,cabinet/C2014-a264923b9881ebab3d9b,focal,cabinet,not_applicable,,,1,1,1,2014,Cabinet 2014/14-05,Cabinet 2014/14-05,14-05,"[""dilma_2-2016-04-14""]",2016-04-14,2016-04-18,5,,,,,,not applicable,true,false,true,false,false,cabinet/C2014-a264923b9881ebab3d9b,"PCdoB, PDT, PMDB, PR, PSD, PT, PTB",5,PSD,MS,42153,1276893,0.033012163117818016,0,8,0.0,0.26409730494254413,0.22211915535739307,-0.26409730494254413,0.041978149585151045,-0.22211915535739307,4.645941310001025,-0.09320910998252392,4.552732200018501,-112408//425631,91550934467//2180918772546,-1138131//5123966,accounting attribution; not an independent causal effect
cabinet/C2014-a264923b9881ebab3d9b,cabinet/C2014-a264923b9881ebab3d9b,cabinet/C2014-a264923b9881ebab3d9b,cabinet/C2014-a264923b9881ebab3d9b,focal,cabinet,not_applicable,,,1,1,1,2014,Cabinet 2014/14-05,Cabinet 2014/14-05,14-05,"[""dilma_2-2016-04-14""]",2016-04-14,2016-04-18,5,,,,,,not applicable,true,false,true,false,false,cabinet/C2014-a264923b9881ebab3d9b,"PCdoB, PDT, PMDB, PR, PSD, PT, PTB",5,PSD,MT,153992,1454612,0.10586465669195634,0,8,0.0,0.8469172535356507,0.8114386395225885,-0.8469172535356507,0.03547861401306219,-0.8114386395225885,4.645941310001025,-0.09320910998252392,4.552732200018501,-307984//363653,33054459796//931672803899,-2078892//2561983,accounting attribution; not an independent causal effect
cabinet/C2014-a264923b9881ebab3d9b,cabinet/C2014-a264923b9881ebab3d9b,cabinet/C2014-a264923b9881ebab3d9b,cabinet/C2014-a264923b9881ebab3d9b,focal,cabinet,not_applicable,,,1,1,1,2014,Cabinet 2014/14-05,Cabinet 2014/14-05,14-05,"[""dilma_2-2016-04-14""]",2016-04-14,2016-04-18,5,,,,,,not applicable,true,false,true,false,false,cabinet/C2014-a264923b9881ebab3d9b,"PCdoB, PDT, PMDB, PR, PSD, PT, PTB",5,PSD,PA,419372,3756049,0.11165243051941015,3,17,0.17647058823529413,1.8980913188299726,2.209820283741149,1.1019086811700274,-0.3117289649111763,0.7901797162588511,4.645941310001025,-0.09320910998252392,4.552732200018501,4138823//3756049,-2999747157086//9622933685167,2024427//2561983,accounting attribution; not an independent causal effect
cabinet/C2014-a264923b9881ebab3d9b,cabinet/C2014-a264923b9881ebab3d9b,cabinet/C2014-a264923b9881ebab3d9b,cabinet/C2014-a264923b9881ebab3d9b,focal,cabinet,not_applicable,,,1,1,1,2014,Cabinet 2014/14-05,Cabinet 2014/14-05,14-05,"[""dilma_2-2016-04-14""]",2016-04-14,2016-04-18,5,,,,,,not applicable,true,false,true,false,false,cabinet/C2014-a264923b9881ebab3d9b,"PCdoB, PDT, PMDB, PR, PSD, PT, PTB",5,PSD,PB,88719,1936819,0.045806551877072665,1,12,0.08333333333333333,0.549678622524872,0.46749197789368624,0.450321377475128,0.0821866446311857,0.5325080221063138,4.645941310001025,-0.09320910998252392,4.552732200018501,872191//1936819,815636263401//9924194704154,2728553//5123966,accounting attribution; not an independent causal effect
cabinet/C2014-a264923b9881ebab3d9b,cabinet/C2014-a264923b9881ebab3d9b,cabinet/C2014-a264923b9881ebab3d9b,cabinet/C2014-a264923b9881ebab3d9b,focal,cabinet,not_applicable,,,1,1,1,2014,Cabinet 2014/14-05,Cabinet 2014/14-05,14-05,"[""dilma_2-2016-04-14""]",2016-04-14,2016-04-18,5,,,,,,not applicable,true,false,true,false,false,cabinet/C2014-a264923b9881ebab3d9b,"PCdoB, PDT, PMDB, PR, PSD, PT, PTB",5,PSD,PE,104370,4483227,0.02328010604861186,1,25,0.04,0.5820026512152965,0.5499626656382965,0.4179973487847035,0.0320399855769999,0.4500373343617034,4.645941310001025,-0.09320910998252392,4.552732200018501,89237//213487,17524272185//546950064721,1152988//2561983,accounting attribution; not an independent causal effect
cabinet/C2014-a264923b9881ebab3d9b,cabinet/C2014-a264923b9881ebab3d9b,cabinet/C2014-a264923b9881ebab3d9b,cabinet/C2014-a264923b9881ebab3d9b,focal,cabinet,not_applicable,,,1,1,1,2014,Cabinet 2014/14-05,Cabinet 2014/14-05,14-05,"[""dilma_2-2016-04-14""]",2016-04-14,2016-04-18,5,,,,,,not applicable,true,false,true,false,false,cabinet/C2014-a264923b9881ebab3d9b,"PCdoB, PDT, PMDB, PR, PSD, PT, PTB",5,PSD,PI,164819,1733434,0.09508236252433032,1,10,0.1,0.9508236252433032,0.8684899548513788,0.049176374756696825,0.08233367039192438,0.13151004514862122,4.645941310001025,-0.09320910998252392,4.552732200018501,42622//866717,8503399343//103279731154,15671//119162,accounting attribution; not an independent causal effect
cabinet/C2014-a264923b9881ebab3d9b,cabinet/C2014-a264923b9881ebab3d9b,cabinet/C2014-a264923b9881ebab3d9b,cabinet/C2014-a264923b9881ebab3d9b,focal,cabinet,not_applicable,,,1,1,1,2014,Cabinet 2014/14-05,Cabinet 2014/14-05,14-05,"[""dilma_2-2016-04-14""]",2016-04-14,2016-04-18,5,,,,,,not applicable,true,false,true,false,false,cabinet/C2014-a264923b9881ebab3d9b,"PCdoB, PDT, PMDB, PR, PSD, PT, PTB",5,PSD,PR,232398,5665222,0.04102186992848647,1,30,0.03333333333333333,1.2306560978545942,1.2245877509725864,-0.23065609785459423,0.006068346882007755,-0.22458775097258646,4.645941310001025,-0.09320910998252392,4.552732200018501,-653359//2832611,44038607607//7257101227613,-575390//2561983,accounting attribution; not an independent causal effect
cabinet/C2014-a264923b9881ebab3d9b,cabinet/C2014-a264923b9881ebab3d9b,cabinet/C2014-a264923b9881ebab3d9b,cabinet/C2014-a264923b9881ebab3d9b,focal,cabinet,not_applicable,,,1,1,1,2014,Cabinet 2014/14-05,Cabinet 2014/14-05,14-05,"[""dilma_2-2016-04-14""]",2016-04-14,2016-04-18,5,,,,,,not applicable,true,false,true,false,false,cabinet/C2014-a264923b9881ebab3d9b,"PCdoB, PDT, PMDB, PR, PSD, PT, PTB",5,PSD,RJ,574611,7673438,0.07488312279319909,6,46,0.13043478260869565,3.4446236484871577,3.027829809955804,2.5553763515128423,0.41679383853135415,2.972170190044196,4.645941310001025,-0.09320910998252392,4.552732200018501,9804261//3836719,8193840810855//19659217707554,15229299//5123966,accounting attribution; not an independent causal effect
cabinet/C2014-a264923b9881ebab3d9b,cabinet/C2014-a264923b9881ebab3d9b,cabinet/C2014-a264923b9881ebab3d9b,cabinet/C2014-a264923b9881ebab3d9b,focal,cabinet,not_applicable,,,1,1,1,2014,Cabinet 2014/14-05,Cabinet 2014/14-05,14-05,"[""dilma_2-2016-04-14""]",2016-04-14,2016-04-18,5,,,,,,not applicable,true,false,true,false,false,cabinet/C2014-a264923b9881ebab3d9b,"PCdoB, PDT, PMDB, PR, PSD, PT, PTB",5,PSD,RN,190891,1580871,0.12075052297119752,1,8,0.125,0.9660041837695802,1.0058725994668973,0.03399581623041981,-0.03986841569731713,-0.005872599466897321,4.645941310001025,-0.09320910998252392,4.552732200018501,53743//1580871,-322947293999//8100329254386,-30091//5123966,accounting attribution; not an independent causal effect
cabinet/C2014-a264923b9881ebab3d9b,cabinet/C2014-a264923b9881ebab3d9b,cabinet/C2014-a264923b9881ebab3d9b,cabinet/C2014-a264923b9881ebab3d9b,focal,cabinet,not_applicable,,,1,1,1,2014,Cabinet 2014/14-05,Cabinet 2014/14-05,14-05,"[""dilma_2-2016-04-14""]",2016-04-14,2016-04-18,5,,,,,,not applicable,true,false,true,false,false,cabinet/C2014-a264923b9881ebab3d9b,"PCdoB, PDT, PMDB, PR, PSD, PT, PTB",5,PSD,RO,20167,798475,0.025256895957919783,0,8,0.0,0.20205516766335826,0.10626709857169232,-0.20205516766335826,0.09578806909166596,-0.10626709857169232,4.645941310001025,-0.09320910998252392,4.552732200018501,-161336//798475,9114031507//95147877950,-12663//119162,accounting attribution; not an independent causal effect
cabinet/C2014-a264923b9881ebab3d9b,cabinet/C2014-a264923b9881ebab3d9b,cabinet/C2014-a264923b9881ebab3d9b,cabinet/C2014-a264923b9881ebab3d9b,focal,cabinet,not_applicable,,,1,1,1,2014,Cabinet 2014/14-05,Cabinet 2014/14-05,14-05,"[""dilma_2-2016-04-14""]",2016-04-14,2016-04-18,5,,,,,,not applicable,true,false,true,false,false,cabinet/C2014-a264923b9881ebab3d9b,"PCdoB, PDT, PMDB, PR, PSD, PT, PTB",5,PSD,RR,5239,238099,0.02200345234545294,0,8,0.0,0.17602761876362352,0.02760615507597045,-0.17602761876362352,0.14842146368765308,-0.02760615507597045,4.645941310001025,-0.09320910998252392,4.552732200018501,-41912//238099,181075845145//1220011180634,-141453//5123966,accounting attribution; not an independent causal effect
cabinet/C2014-a264923b9881ebab3d9b,cabinet/C2014-a264923b9881ebab3d9b,cabinet/C2014-a264923b9881ebab3d9b,cabinet/C2014-a264923b9881ebab3d9b,focal,cabinet,not_applicable,,,1,1,1,2014,Cabinet 2014/14-05,Cabinet 2014/14-05,14-05,"[""dilma_2-2016-04-14""]",2016-04-14,2016-04-18,5,,,,,,not applicable,true,false,true,false,false,cabinet/C2014-a264923b9881ebab3d9b,"PCdoB, PDT, PMDB, PR, PSD, PT, PTB",5,PSD,RS,198237,5942063,0.033361645610287205,1,31,0.03225806451612903,1.0342110139189034,1.0445812872294624,-0.03421101391890325,-0.01037027331055924,-0.04458128722946249,4.645941310001025,-0.09320910998252392,4.552732200018501,-203284//5942063,-315742972935//30446928781858,-228433//5123966,accounting attribution; not an independent causal effect
cabinet/C2014-a264923b9881ebab3d9b,cabinet/C2014-a264923b9881ebab3d9b,cabinet/C2014-a264923b9881ebab3d9b,cabinet/C2014-a264923b9881ebab3d9b,focal,cabinet,not_applicable,,,1,1,1,2014,Cabinet 2014/14-05,Cabinet 2014/14-05,14-05,"[""dilma_2-2016-04-14""]",2016-04-14,2016-04-18,5,,,,,,not applicable,true,false,true,false,false,cabinet/C2014-a264923b9881ebab3d9b,"PCdoB, PDT, PMDB, PR, PSD, PT, PTB",5,PSD,SC,558000,3391619,0.16452319673878463,3,16,0.1875,2.632371147820554,2.940300540635906,0.36762885217944585,-0.3079293928153517,0.05969945936409414,4.645941310001025,-0.09320910998252392,4.552732200018501,1246857//3391619,-2675681703000//8689270220477,152949//2561983,accounting attribution; not an independent causal effect
cabinet/C2014-a264923b9881ebab3d9b,cabinet/C2014-a264923b9881ebab3d9b,cabinet/C2014-a264923b9881ebab3d9b,cabinet/C2014-a264923b9881ebab3d9b,focal,cabinet,not_applicable,,,1,1,1,2014,Cabinet 2014/14-05,Cabinet 2014/14-05,14-05,"[""dilma_2-2016-04-14""]",2016-04-14,2016-04-18,5,,,,,,not applicable,true,false,true,false,false,cabinet/C2014-a264923b9881ebab3d9b,"PCdoB, PDT, PMDB, PR, PSD, PT, PTB",5,PSD,SE,93455,1052826,0.08876585494659137,1,8,0.125,0.7101268395727309,0.4924476469984383,0.28987316042726907,0.2176791925742926,0.5075523530015617,4.645941310001025,-0.09320910998252392,4.552732200018501,152593//526413,587150943415//2697322313958,2600681//5123966,accounting attribution; not an independent causal effect
cabinet/C2014-a264923b9881ebab3d9b,cabinet/C2014-a264923b9881ebab3d9b,cabinet/C2014-a264923b9881ebab3d9b,cabinet/C2014-a264923b9881ebab3d9b,focal,cabinet,not_applicable,,,1,1,1,2014,Cabinet 2014/14-05,Cabinet 2014/14-05,14-05,"[""dilma_2-2016-04-14""]",2016-04-14,2016-04-18,5,,,,,,not applicable,true,false,true,false,false,cabinet/C2014-a264923b9881ebab3d9b,"PCdoB, PDT, PMDB, PR, PSD, PT, PTB",5,PSD,SP,936889,21266194,0.04405532085336944,4,70,0.05714285714285714,3.0838724597358604,4.936801493218339,0.9161275402641395,-1.8529290334824784,-0.936801493218339,4.645941310001025,-0.09320910998252392,4.552732200018501,9741273//10633097,-100954295249201//54483627502702,-4800139//5123966,accounting attribution; not an independent causal effect
cabinet/C2014-a264923b9881ebab3d9b,cabinet/C2014-a264923b9881ebab3d9b,cabinet/C2014-a264923b9881ebab3d9b,cabinet/C2014-a264923b9881ebab3d9b,focal,cabinet,not_applicable,,,1,1,1,2014,Cabinet 2014/14-05,Cabinet 2014/14-05,14-05,"[""dilma_2-2016-04-14""]",2016-04-14,2016-04-18,5,,,,,,not applicable,true,false,true,false,false,cabinet/C2014-a264923b9881ebab3d9b,"PCdoB, PDT, PMDB, PR, PSD, PT, PTB",5,PSD,TO,66161,733225,0.0902328753111255,1,8,0.125,0.721863002489004,0.3486258495860433,0.27813699751099596,0.3732371529029607,0.6513741504139567,4.645941310001025,-0.09320910998252392,4.552732200018501,203937//733225,1402259437133//3757019970350,3337619//5123966,accounting attribution; not an independent causal effect
cabinet/C2014-a264923b9881ebab3d9b,cabinet/C2014-a264923b9881ebab3d9b,cabinet/C2014-a264923b9881ebab3d9b,cabinet/C2014-a264923b9881ebab3d9b,focal,cabinet,not_applicable,,,1,1,1,2014,Cabinet 2014/14-05,Cabinet 2014/14-05,14-05,"[""dilma_2-2016-04-14""]",2016-04-14,2016-04-18,5,,,,,,not applicable,true,false,true,false,false,cabinet/C2014-a264923b9881ebab3d9b,"PCdoB, PDT, PMDB, PR, PSD, PT, PTB",6,PT,AC,97639,399201,0.24458606065616068,3,8,0.375,1.9566884852492854,0.5144946316974001,1.0433115147507146,1.4421938535518855,2.4855053683026,-1.215411226585322,-1.2063121025702577,-2.4217233291555798,416491//399201,2949996496339//2045492351166,12735645//5123966,accounting attribution; not an independent causal effect
cabinet/C2014-a264923b9881ebab3d9b,cabinet/C2014-a264923b9881ebab3d9b,cabinet/C2014-a264923b9881ebab3d9b,cabinet/C2014-a264923b9881ebab3d9b,focal,cabinet,not_applicable,,,1,1,1,2014,Cabinet 2014/14-05,Cabinet 2014/14-05,14-05,"[""dilma_2-2016-04-14""]",2016-04-14,2016-04-18,5,,,,,,not applicable,true,false,true,false,false,cabinet/C2014-a264923b9881ebab3d9b,"PCdoB, PDT, PMDB, PR, PSD, PT, PTB",6,PT,AL,64621,1384584,0.04667178011590485,1,9,0.1111111111111111,0.42004602104314365,0.3405110416423528,0.5799539789568564,0.07953497940079082,0.6594889583576472,-1.215411226585322,-1.2063121025702577,-2.4217233291555798,267665//461528,94044298341//1182426890024,3379199//5123966,accounting attribution; not an independent causal effect
cabinet/C2014-a264923b9881ebab3d9b,cabinet/C2014-a264923b9881ebab3d9b,cabinet/C2014-a264923b9881ebab3d9b,cabinet/C2014-a264923b9881ebab3d9b,focal,cabinet,not_applicable,,,1,1,1,2014,Cabinet 2014/14-05,Cabinet 2014/14-05,14-05,"[""dilma_2-2016-04-14""]",2016-04-14,2016-04-18,5,,,,,,not applicable,true,false,true,false,false,cabinet/C2014-a264923b9881ebab3d9b,"PCdoB, PDT, PMDB, PR, PSD, PT, PTB",6,PT,AM,78725,1658407,0.04747025308021493,0,8,0.0,0.37976202464171943,0.4148300359526195,-0.37976202464171943,-0.03506801131090008,-0.4148300359526195,-1.215411226585322,-1.2063121025702577,-2.4217233291555798,-629800//1658407,-297994672225//8497621082162,-2125575//5123966,accounting attribution; not an independent causal effect
cabinet/C2014-a264923b9881ebab3d9b,cabinet/C2014-a264923b9881ebab3d9b,cabinet/C2014-a264923b9881ebab3d9b,cabinet/C2014-a264923b9881ebab3d9b,focal,cabinet,not_applicable,,,1,1,1,2014,Cabinet 2014/14-05,Cabinet 2014/14-05,14-05,"[""dilma_2-2016-04-14""]",2016-04-14,2016-04-18,5,,,,,,not applicable,true,false,true,false,false,cabinet/C2014-a264923b9881ebab3d9b,"PCdoB, PDT, PMDB, PR, PSD, PT, PTB",6,PT,AP,41218,386084,0.10675915085836243,1,8,0.125,0.8540732068668995,0.21719230767729528,0.14592679313310056,0.6368808991896041,0.7828076923227048,-1.215411226585322,-1.2063121025702577,-2.4217233291555798,14085//96521,157491195785//247285161143,2005540//2561983,accounting attribution; not an independent causal effect
cabinet/C2014-a264923b9881ebab3d9b,cabinet/C2014-a264923b9881ebab3d9b,cabinet/C2014-a264923b9881ebab3d9b,cabinet/C2014-a264923b9881ebab3d9b,focal,cabinet,not_applicable,,,1,1,1,2014,Cabinet 2014/14-05,Cabinet 2014/14-05,14-05,"[""dilma_2-2016-04-14""]",2016-04-14,2016-04-18,5,,,,,,not applicable,true,false,true,false,false,cabinet/C2014-a264923b9881ebab3d9b,"PCdoB, PDT, PMDB, PR, PSD, PT, PTB",6,PT,BA,1393083,6646541,0.20959518642854982,8,39,0.20512820512820512,8.174212270713443,7.340649996506612,-0.17421227071344328,0.833562274206831,0.6593500034933878,-1.215411226585322,-1.2063121025702577,-2.4217233291555798,-1157909//6646541,28388338710561//34056650101606,3378487//5123966,accounting attribution; not an independent causal effect
cabinet/C2014-a264923b9881ebab3d9b,cabinet/C2014-a264923b9881ebab3d9b,cabinet/C2014-a264923b9881ebab3d9b,cabinet/C2014-a264923b9881ebab3d9b,focal,cabinet,not_applicable,,,1,1,1,2014,Cabinet 2014/14-05,Cabinet 2014/14-05,14-05,"[""dilma_2-2016-04-14""]",2016-04-14,2016-04-18,5,,,,,,not applicable,true,false,true,false,false,cabinet/C2014-a264923b9881ebab3d9b,"PCdoB, PDT, PMDB, PR, PSD, PT, PTB",6,PT,CE,703532,4367020,0.16110116280667366,4,22,0.18181818181818182,3.5442255817468205,3.707160430026273,0.4557744182531795,-0.16293484827945212,0.2928395699737274,-1.215411226585322,-1.2063121025702577,-2.4217233291555798,497594//1091755,-455738180152//2797057750165,750250//2561983,accounting attribution; not an independent causal effect
cabinet/C2014-a264923b9881ebab3d9b,cabinet/C2014-a264923b9881ebab3d9b,cabinet/C2014-a264923b9881ebab3d9b,cabinet/C2014-a264923b9881ebab3d9b,focal,cabinet,not_applicable,,,1,1,1,2014,Cabinet 2014/14-05,Cabinet 2014/14-05,14-05,"[""dilma_2-2016-04-14""]",2016-04-14,2016-04-18,5,,,,,,not applicable,true,false,true,false,false,cabinet/C2014-a264923b9881ebab3d9b,"PCdoB, PDT, PMDB, PR, PSD, PT, PTB",6,PT,DF,206728,1454063,0.14217265689313324,1,8,0.125,1.137381255145066,1.0893233873917196,-0.13738125514506594,0.04805786775334631,-0.08932338739171962,-1.215411226585322,-1.2063121025702577,-2.4217233291555798,-199761//1454063,179029238828//3725284686929,-228845//2561983,accounting attribution; not an independent causal effect
cabinet/C2014-a264923b9881ebab3d9b,cabinet/C2014-a264923b9881ebab3d9b,cabinet/C2014-a264923b9881ebab3d9b,cabinet/C2014-a264923b9881ebab3d9b,focal,cabinet,not_applicable,,,1,1,1,2014,Cabinet 2014/14-05,Cabinet 2014/14-05,14-05,"[""dilma_2-2016-04-14""]",2016-04-14,2016-04-18,5,,,,,,not applicable,true,false,true,false,false,cabinet/C2014-a264923b9881ebab3d9b,"PCdoB, PDT, PMDB, PR, PSD, PT, PTB",6,PT,ES,220112,1794470,0.12266128717671514,2,10,0.2,1.2266128717671514,1.1598484455205207,0.7733871282328487,0.06676442624663068,0.8401515544794794,-1.215411226585322,-1.2063121025702577,-2.4217233291555798,138782//179447,30694288232//459740163401,2152454//2561983,accounting attribution; not an independent causal effect
cabinet/C2014-a264923b9881ebab3d9b,cabinet/C2014-a264923b9881ebab3d9b,cabinet/C2014-a264923b9881ebab3d9b,cabinet/C2014-a264923b9881ebab3d9b,focal,cabinet,not_applicable,,,1,1,1,2014,Cabinet 2014/14-05,Cabinet 2014/14-05,14-05,"[""dilma_2-2016-04-14""]",2016-04-14,2016-04-18,5,,,,,,not applicable,true,false,true,false,false,cabinet/C2014-a264923b9881ebab3d9b,"PCdoB, PDT, PMDB, PR, PSD, PT, PTB",6,PT,GO,280901,3032760,0.09262223189438004,1,17,0.058823529411764705,1.5745779422044606,1.4801673157081838,-0.5745779422044607,0.09441062649627677,-0.48016731570818383,-1.215411226585322,-1.2063121025702577,-2.4217233291555798,-1742557//3032760,733559197351//7769879563080,-2460361//5123966,accounting attribution; not an independent causal effect
cabinet/C2014-a264923b9881ebab3d9b,cabinet/C2014-a264923b9881ebab3d9b,cabinet/C2014-a264923b9881ebab3d9b,cabinet/C2014-a264923b9881ebab3d9b,focal,cabinet,not_applicable,,,1,1,1,2014,Cabinet 2014/14-05,Cabinet 2014/14-05,14-05,"[""dilma_2-2016-04-14""]",2016-04-14,2016-04-18,5,,,,,,not applicable,true,false,true,false,false,cabinet/C2014-a264923b9881ebab3d9b,"PCdoB, PDT, PMDB, PR, PSD, PT, PTB",6,PT,MA,181248,3130492,0.05789760842704597,1,18,0.05555555555555555,1.0421569516868274,0.9550602014142952,-0.0421569516868275,0.0870967502725324,0.044939798585704904,-1.215411226585322,-1.2063121025702577,-2.4217233291555798,-32993//782623,174634804224//2005066821409,115135//2561983,accounting attribution; not an independent causal effect
cabinet/C2014-a264923b9881ebab3d9b,cabinet/C2014-a264923b9881ebab3d9b,cabinet/C2014-a264923b9881ebab3d9b,cabinet/C2014-a264923b9881ebab3d9b,focal,cabinet,not_applicable,,,1,1,1,2014,Cabinet 2014/14-05,Cabinet 2014/14-05,14-05,"[""dilma_2-2016-04-14""]",2016-04-14,2016-04-18,5,,,,,,not applicable,true,false,true,false,false,cabinet/C2014-a264923b9881ebab3d9b,"PCdoB, PDT, PMDB, PR, PSD, PT, PTB",6,PT,MG,1868998,10118666,0.18470794470338284,10,53,0.18867924528301888,9.78952106927929,9.848415465676393,0.21047893072070964,-0.0588943963971017,0.1515845343236079,-1.215411226585322,-1.2063121025702577,-2.4217233291555798,1064883//5059333,-763384757108//12961925137339,388357//2561983,accounting attribution; not an independent causal effect
cabinet/C2014-a264923b9881ebab3d9b,cabinet/C2014-a264923b9881ebab3d9b,cabinet/C2014-a264923b9881ebab3d9b,cabinet/C2014-a264923b9881ebab3d9b,focal,cabinet,not_applicable,,,1,1,1,2014,Cabinet 2014/14-05,Cabinet 2014/14-05,14-05,"[""dilma_2-2016-04-14""]",2016-04-14,2016-04-18,5,,,,,,not applicable,true,false,true,false,false,cabinet/C2014-a264923b9881ebab3d9b,"PCdoB, PDT, PMDB, PR, PSD, PT, PTB",6,PT,MS,319786,1276893,0.2504407182120976,2,8,0.25,2.003525745696781,1.6850662162863688,-0.0035257456967811712,0.3184595294104124,0.3149337837136312,-1.215411226585322,-1.2063121025702577,-2.4217233291555798,-4502//1276893,1041801548981//3271378158819,806855//2561983,accounting attribution; not an independent causal effect
cabinet/C2014-a264923b9881ebab3d9b,cabinet/C2014-a264923b9881ebab3d9b,cabinet/C2014-a264923b9881ebab3d9b,cabinet/C2014-a264923b9881ebab3d9b,focal,cabinet,not_applicable,,,1,1,1,2014,Cabinet 2014/14-05,Cabinet 2014/14-05,14-05,"[""dilma_2-2016-04-14""]",2016-04-14,2016-04-18,5,,,,,,not applicable,true,false,true,false,false,cabinet/C2014-a264923b9881ebab3d9b,"PCdoB, PDT, PMDB, PR, PSD, PT, PTB",6,PT,MT,136113,1454612,0.09357340651665186,1,8,0.125,0.7485872521332149,0.717227827038665,0.2514127478667851,0.031359425094549934,0.28277217296133506,-1.215411226585322,-1.2063121025702577,-2.4217233291555798,91427//363653,58433447013//1863345607798,1448915//5123966,accounting attribution; not an independent causal effect
cabinet/C2014-a264923b9881ebab3d9b,cabinet/C2014-a264923b9881ebab3d9b,cabinet/C2014-a264923b9881ebab3d9b,cabinet/C2014-a264923b9881ebab3d9b,focal,cabinet,not_applicable,,,1,1,1,2014,Cabinet 2014/14-05,Cabinet 2014/14-05,14-05,"[""dilma_2-2016-04-14""]",2016-04-14,2016-04-18,5,,,,,,not applicable,true,false,true,false,false,cabinet/C2014-a264923b9881ebab3d9b,"PCdoB, PDT, PMDB, PR, PSD, PT, PTB",6,PT,PA,589532,3756049,0.15695535388382845,2,17,0.11764705882352941,2.668241016025084,3.1064538679608726,-0.6682410160250838,-0.4382128519357887,-1.1064538679608724,-1.215411226585322,-1.2063121025702577,-2.4217233291555798,-2509946//3756049,-4216893214166//9622933685167,-2834716//2561983,accounting attribution; not an independent causal effect
cabinet/C2014-a264923b9881ebab3d9b,cabinet/C2014-a264923b9881ebab3d9b,cabinet/C2014-a264923b9881ebab3d9b,cabinet/C2014-a264923b9881ebab3d9b,focal,cabinet,not_applicable,,,1,1,1,2014,Cabinet 2014/14-05,Cabinet 2014/14-05,14-05,"[""dilma_2-2016-04-14""]",2016-04-14,2016-04-18,5,,,,,,not applicable,true,false,true,false,false,cabinet/C2014-a264923b9881ebab3d9b,"PCdoB, PDT, PMDB, PR, PSD, PT, PTB",6,PT,PB,132973,1936819,0.06865535705711272,1,12,0.08333333333333333,0.8238642846853527,0.7006820498028286,0.17613571531464736,0.12318223488252412,0.2993179501971715,-1.215411226585322,-1.2063121025702577,-2.4217233291555798,341143//1936819,1222484483067//9924194704154,1533695//5123966,accounting attribution; not an independent causal effect
cabinet/C2014-a264923b9881ebab3d9b,cabinet/C2014-a264923b9881ebab3d9b,cabinet/C2014-a264923b9881ebab3d9b,cabinet/C2014-a264923b9881ebab3d9b,focal,cabinet,not_applicable,,,1,1,1,2014,Cabinet 2014/14-05,Cabinet 2014/14-05,14-05,"[""dilma_2-2016-04-14""]",2016-04-14,2016-04-18,5,,,,,,not applicable,true,false,true,false,false,cabinet/C2014-a264923b9881ebab3d9b,"PCdoB, PDT, PMDB, PR, PSD, PT, PTB",6,PT,PE,384699,4483227,0.0858085035622778,0,25,0.0,2.145212589056945,2.027115909824538,-2.145212589056945,0.11809667923240666,-2.027115909824538,-1.215411226585322,-1.2063121025702577,-2.4217233291555798,-457975//213487,129185972699//1093900129442,-10386873//5123966,accounting attribution; not an independent causal effect
cabinet/C2014-a264923b9881ebab3d9b,cabinet/C2014-a264923b9881ebab3d9b,cabinet/C2014-a264923b9881ebab3d9b,cabinet/C2014-a264923b9881ebab3d9b,focal,cabinet,not_applicable,,,1,1,1,2014,Cabinet 2014/14-05,Cabinet 2014/14-05,14-05,"[""dilma_2-2016-04-14""]",2016-04-14,2016-04-18,5,,,,,,not applicable,true,false,true,false,false,cabinet/C2014-a264923b9881ebab3d9b,"PCdoB, PDT, PMDB, PR, PSD, PT, PTB",6,PT,PI,321864,1733434,0.18567998550853393,2,10,0.2,1.8567998550853393,1.6960159376545434,0.14320014491466074,0.1607839174307959,0.3039840623454566,-1.215411226585322,-1.2063121025702577,-2.4217233291555798,124114//866717,357022974972//2220514219811,778802//2561983,accounting attribution; not an independent causal effect
cabinet/C2014-a264923b9881ebab3d9b,cabinet/C2014-a264923b9881ebab3d9b,cabinet/C2014-a264923b9881ebab3d9b,cabinet/C2014-a264923b9881ebab3d9b,focal,cabinet,not_applicable,,,1,1,1,2014,Cabinet 2014/14-05,Cabinet 2014/14-05,14-05,"[""dilma_2-2016-04-14""]",2016-04-14,2016-04-18,5,,,,,,not applicable,true,false,true,false,false,cabinet/C2014-a264923b9881ebab3d9b,"PCdoB, PDT, PMDB, PR, PSD, PT, PTB",6,PT,PR,677272,5665222,0.1195490662148809,4,30,0.13333333333333333,3.586471986446427,3.568787146518927,0.413528013553573,0.01768483992750005,0.4312128534810731,-1.215411226585322,-1.2063121025702577,-2.4217233291555798,1171364//2832611,128340673548//7257101227613,1104760//2561983,accounting attribution; not an independent causal effect
cabinet/C2014-a264923b9881ebab3d9b,cabinet/C2014-a264923b9881ebab3d9b,cabinet/C2014-a264923b9881ebab3d9b,cabinet/C2014-a264923b9881ebab3d9b,focal,cabinet,not_applicable,,,1,1,1,2014,Cabinet 2014/14-05,Cabinet 2014/14-05,14-05,"[""dilma_2-2016-04-14""]",2016-04-14,2016-04-18,5,,,,,,not applicable,true,false,true,false,false,cabinet/C2014-a264923b9881ebab3d9b,"PCdoB, PDT, PMDB, PR, PSD, PT, PTB",6,PT,RJ,610538,7673438,0.07956511800838165,5,46,0.10869565217391304,3.6599954283855554,3.217141956055134,1.3400045716144446,0.4428534723304216,1.7828580439448662,-1.215411226585322,-1.2063121025702577,-2.4217233291555798,5141221//3836719,4353076412545//9829608853777,4567652//2561983,accounting attribution; not an independent causal effect
cabinet/C2014-a264923b9881ebab3d9b,cabinet/C2014-a264923b9881ebab3d9b,cabinet/C2014-a264923b9881ebab3d9b,cabinet/C2014-a264923b9881ebab3d9b,focal,cabinet,not_applicable,,,1,1,1,2014,Cabinet 2014/14-05,Cabinet 2014/14-05,14-05,"[""dilma_2-2016-04-14""]",2016-04-14,2016-04-18,5,,,,,,not applicable,true,false,true,false,false,cabinet/C2014-a264923b9881ebab3d9b,"PCdoB, PDT, PMDB, PR, PSD, PT, PTB",6,PT,RN,136613,1580871,0.0864162857057913,0,8,0.0,0.6913302856463304,0.7198625049424606,-0.6913302856463304,-0.028532219296130177,-0.7198625049424606,-1.215411226585322,-1.2063121025702577,-2.4217233291555798,-1092904//1580871,-231120370657//8100329254386,-3688551//5123966,accounting attribution; not an independent causal effect
cabinet/C2014-a264923b9881ebab3d9b,cabinet/C2014-a264923b9881ebab3d9b,cabinet/C2014-a264923b9881ebab3d9b,cabinet/C2014-a264923b9881ebab3d9b,focal,cabinet,not_applicable,,,1,1,1,2014,Cabinet 2014/14-05,Cabinet 2014/14-05,14-05,"[""dilma_2-2016-04-14""]",2016-04-14,2016-04-18,5,,,,,,not applicable,true,false,true,false,false,cabinet/C2014-a264923b9881ebab3d9b,"PCdoB, PDT, PMDB, PR, PSD, PT, PTB",6,PT,RO,90970,798475,0.11392967844954445,0,8,0.0,0.9114374275963556,0.4793532978165741,-0.9114374275963556,0.43208412977978145,-0.4793532978165741,-1.215411226585322,-1.2063121025702577,-2.4217233291555798,-145552//159695,176781118591//409135875185,-1228095//2561983,accounting attribution; not an independent causal effect
cabinet/C2014-a264923b9881ebab3d9b,cabinet/C2014-a264923b9881ebab3d9b,cabinet/C2014-a264923b9881ebab3d9b,cabinet/C2014-a264923b9881ebab3d9b,focal,cabinet,not_applicable,,,1,1,1,2014,Cabinet 2014/14-05,Cabinet 2014/14-05,14-05,"[""dilma_2-2016-04-14""]",2016-04-14,2016-04-18,5,,,,,,not applicable,true,false,true,false,false,cabinet/C2014-a264923b9881ebab3d9b,"PCdoB, PDT, PMDB, PR, PSD, PT, PTB",6,PT,RR,10668,238099,0.04480489208270509,0,8,0.0,0.35843913666164073,0.056213487755383235,-0.35843913666164073,0.3022256489062575,-0.056213487755383235,-1.215411226585322,-1.2063121025702577,-2.4217233291555798,-85344//238099,184359335370//610005590317,-144018//2561983,accounting attribution; not an independent causal effect
cabinet/C2014-a264923b9881ebab3d9b,cabinet/C2014-a264923b9881ebab3d9b,cabinet/C2014-a264923b9881ebab3d9b,cabinet/C2014-a264923b9881ebab3d9b,focal,cabinet,not_applicable,,,1,1,1,2014,Cabinet 2014/14-05,Cabinet 2014/14-05,14-05,"[""dilma_2-2016-04-14""]",2016-04-14,2016-04-18,5,,,,,,not applicable,true,false,true,false,false,cabinet/C2014-a264923b9881ebab3d9b,"PCdoB, PDT, PMDB, PR, PSD, PT, PTB",6,PT,RS,1385264,5942063,0.23312846060366577,7,31,0.22580645161290322,7.226982278713638,7.299448903447057,-0.22698227871363869,-0.07246662473341776,-0.29944890344705644,-1.215411226585322,-1.2063121025702577,-2.4217233291555798,-1348743//5942063,-1103193081160//15223464390929,-767183//2561983,accounting attribution; not an independent causal effect
cabinet/C2014-a264923b9881ebab3d9b,cabinet/C2014-a264923b9881ebab3d9b,cabinet/C2014-a264923b9881ebab3d9b,cabinet/C2014-a264923b9881ebab3d9b,focal,cabinet,not_applicable,,,1,1,1,2014,Cabinet 2014/14-05,Cabinet 2014/14-05,14-05,"[""dilma_2-2016-04-14""]",2016-04-14,2016-04-18,5,,,,,,not applicable,true,false,true,false,false,cabinet/C2014-a264923b9881ebab3d9b,"PCdoB, PDT, PMDB, PR, PSD, PT, PTB",6,PT,SC,488347,3391619,0.14398639705698074,2,16,0.125,2.303782352911692,2.573274100569754,-0.30378235291169203,-0.26949174765806194,-0.573274100569754,-1.215411226585322,-1.2063121025702577,-2.4217233291555798,-1030314//3391619,-4683373235179//17378540440954,-2937437//5123966,accounting attribution; not an independent causal effect
cabinet/C2014-a264923b9881ebab3d9b,cabinet/C2014-a264923b9881ebab3d9b,cabinet/C2014-a264923b9881ebab3d9b,cabinet/C2014-a264923b9881ebab3d9b,focal,cabinet,not_applicable,,,1,1,1,2014,Cabinet 2014/14-05,Cabinet 2014/14-05,14-05,"[""dilma_2-2016-04-14""]",2016-04-14,2016-04-18,5,,,,,,not applicable,true,false,true,false,false,cabinet/C2014-a264923b9881ebab3d9b,"PCdoB, PDT, PMDB, PR, PSD, PT, PTB",6,PT,SE,158005,1052826,0.15007703077241633,1,8,0.125,1.2006162461793306,0.8325845643784522,-0.2006162461793307,0.36803168180087853,0.16741543562154784,-1.215411226585322,-1.2063121025702577,-2.4217233291555798,-105607//526413,992700067565//2697322313958,857831//5123966,accounting attribution; not an independent causal effect
cabinet/C2014-a264923b9881ebab3d9b,cabinet/C2014-a264923b9881ebab3d9b,cabinet/C2014-a264923b9881ebab3d9b,cabinet/C2014-a264923b9881ebab3d9b,focal,cabinet,not_applicable,,,1,1,1,2014,Cabinet 2014/14-05,Cabinet 2014/14-05,14-05,"[""dilma_2-2016-04-14""]",2016-04-14,2016-04-18,5,,,,,,not applicable,true,false,true,false,false,cabinet/C2014-a264923b9881ebab3d9b,"PCdoB, PDT, PMDB, PR, PSD, PT, PTB",6,PT,SP,2956439,21266194,0.13902059766782904,10,70,0.14285714285714285,9.731441836748033,15.578529014439205,0.26855816325196696,-5.847087177691173,-5.578529014439206,-1.215411226585322,-1.2063121025702577,-2.4217233291555798,2855605//10633097,-318570519765151//54483627502702,-28584193//5123966,accounting attribution; not an independent causal effect
cabinet/C2014-a264923b9881ebab3d9b,cabinet/C2014-a264923b9881ebab3d9b,cabinet/C2014-a264923b9881ebab3d9b,cabinet/C2014-a264923b9881ebab3d9b,focal,cabinet,not_applicable,,,1,1,1,2014,Cabinet 2014/14-05,Cabinet 2014/14-05,14-05,"[""dilma_2-2016-04-14""]",2016-04-14,2016-04-18,5,,,,,,not applicable,true,false,true,false,false,cabinet/C2014-a264923b9881ebab3d9b,"PCdoB, PDT, PMDB, PR, PSD, PT, PTB",6,PT,TO,18278,733225,0.024928228033686793,0,8,0.0,0.19942582426949435,0.09631328545115249,-0.19942582426949435,0.10311253881834187,-0.09631328545115249,-1.215411226585322,-1.2063121025702577,-2.4217233291555798,-146224//733225,193697933767//1878509985175,-246753//2561983,accounting attribution; not an independent causal effect
cabinet/C2014-a264923b9881ebab3d9b,cabinet/C2014-a264923b9881ebab3d9b,cabinet/C2014-a264923b9881ebab3d9b,cabinet/C2014-a264923b9881ebab3d9b,focal,cabinet,not_applicable,,,1,1,1,2014,Cabinet 2014/14-05,Cabinet 2014/14-05,14-05,"[""dilma_2-2016-04-14""]",2016-04-14,2016-04-18,5,,,,,,not applicable,true,false,true,false,false,cabinet/C2014-a264923b9881ebab3d9b,"PCdoB, PDT, PMDB, PR, PSD, PT, PTB",7,PTB,AC,4257,399201,0.01066380094238241,0,8,0.0,0.08531040753905927,0.02243164767291586,-0.08531040753905927,0.06287875986614341,-0.02243164767291586,4.084472535550831,0.2902518478662325,4.374724383417064,-1032//12097,90639903//1441502714,-2673//119162,accounting attribution; not an independent causal effect
cabinet/C2014-a264923b9881ebab3d9b,cabinet/C2014-a264923b9881ebab3d9b,cabinet/C2014-a264923b9881ebab3d9b,cabinet/C2014-a264923b9881ebab3d9b,focal,cabinet,not_applicable,,,1,1,1,2014,Cabinet 2014/14-05,Cabinet 2014/14-05,14-05,"[""dilma_2-2016-04-14""]",2016-04-14,2016-04-18,5,,,,,,not applicable,true,false,true,false,false,cabinet/C2014-a264923b9881ebab3d9b,"PCdoB, PDT, PMDB, PR, PSD, PT, PTB",7,PTB,AL,28291,1384584,0.02043285203353498,0,9,0.0,0.18389566830181484,0.14907534515256346,-0.18389566830181484,0.034820323149251375,-0.14907534515256346,4.084472535550831,0.2902518478662325,4.374724383417064,-84873//461528,41172486411//1182426890024,-763857//5123966,accounting attribution; not an independent causal effect
cabinet/C2014-a264923b9881ebab3d9b,cabinet/C2014-a264923b9881ebab3d9b,cabinet/C2014-a264923b9881ebab3d9b,cabinet/C2014-a264923b9881ebab3d9b,focal,cabinet,not_applicable,,,1,1,1,2014,Cabinet 2014/14-05,Cabinet 2014/14-05,14-05,"[""dilma_2-2016-04-14""]",2016-04-14,2016-04-18,5,,,,,,not applicable,true,false,true,false,false,cabinet/C2014-a264923b9881ebab3d9b,"PCdoB, PDT, PMDB, PR, PSD, PT, PTB",7,PTB,AM,72047,1658407,0.04344349728383925,0,8,0.0,0.347547978270714,0.3796412778695253,-0.347547978270714,-0.032093299598811284,-0.3796412778695253,4.084472535550831,0.2902518478662325,4.374724383417064,-576376//1658407,-272716699267//8497621082162,-1945269//5123966,accounting attribution; not an independent causal effect
cabinet/C2014-a264923b9881ebab3d9b,cabinet/C2014-a264923b9881ebab3d9b,cabinet/C2014-a264923b9881ebab3d9b,cabinet/C2014-a264923b9881ebab3d9b,focal,cabinet,not_applicable,,,1,1,1,2014,Cabinet 2014/14-05,Cabinet 2014/14-05,14-05,"[""dilma_2-2016-04-14""]",2016-04-14,2016-04-18,5,,,,,,not applicable,true,false,true,false,false,cabinet/C2014-a264923b9881ebab3d9b,"PCdoB, PDT, PMDB, PR, PSD, PT, PTB",7,PTB,AP,14616,386084,0.03785704665305996,1,8,0.125,0.30285637322447967,0.07701690448375341,0.6971436267755203,0.22583946874072625,0.9229830955162466,4.084472535550831,0.2902518478662325,4.374724383417064,67289//96521,55846749420//247285161143,2364667//2561983,accounting attribution; not an independent causal effect
cabinet/C2014-a264923b9881ebab3d9b,cabinet/C2014-a264923b9881ebab3d9b,cabinet/C2014-a264923b9881ebab3d9b,cabinet/C2014-a264923b9881ebab3d9b,focal,cabinet,not_applicable,,,1,1,1,2014,Cabinet 2014/14-05,Cabinet 2014/14-05,14-05,"[""dilma_2-2016-04-14""]",2016-04-14,2016-04-18,5,,,,,,not applicable,true,false,true,false,false,cabinet/C2014-a264923b9881ebab3d9b,"PCdoB, PDT, PMDB, PR, PSD, PT, PTB",7,PTB,BA,242480,6646541,0.0364821340904991,2,39,0.05128205128205128,1.422803229529465,1.2777133962247211,0.577196770470535,0.1450898333047438,0.7222866037752788,4.084472535550831,0.2902518478662325,4.374724383417064,3836362//6646541,2470636843080//17028325050803,1850486//2561983,accounting attribution; not an independent causal effect
cabinet/C2014-a264923b9881ebab3d9b,cabinet/C2014-a264923b9881ebab3d9b,cabinet/C2014-a264923b9881ebab3d9b,cabinet/C2014-a264923b9881ebab3d9b,focal,cabinet,not_applicable,,,1,1,1,2014,Cabinet 2014/14-05,Cabinet 2014/14-05,14-05,"[""dilma_2-2016-04-14""]",2016-04-14,2016-04-18,5,,,,,,not applicable,true,false,true,false,false,cabinet/C2014-a264923b9881ebab3d9b,"PCdoB, PDT, PMDB, PR, PSD, PT, PTB",7,PTB,CE,89655,4367020,0.020530018181734912,1,22,0.045454545454545456,0.4516603999981681,0.47242409492959164,0.5483396000018319,-0.020763694931423562,0.5275759050704083,4.084472535550831,0.2902518478662325,4.374724383417064,239461//436702,-270126762//13009570931,62867//119162,accounting attribution; not an independent causal effect
cabinet/C2014-a264923b9881ebab3d9b,cabinet/C2014-a264923b9881ebab3d9b,cabinet/C2014-a264923b9881ebab3d9b,cabinet/C2014-a264923b9881ebab3d9b,focal,cabinet,not_applicable,,,1,1,1,2014,Cabinet 2014/14-05,Cabinet 2014/14-05,14-05,"[""dilma_2-2016-04-14""]",2016-04-14,2016-04-18,5,,,,,,not applicable,true,false,true,false,false,cabinet/C2014-a264923b9881ebab3d9b,"PCdoB, PDT, PMDB, PR, PSD, PT, PTB",7,PTB,DF,24852,1454063,0.017091419010042894,0,8,0.0,0.13673135208034315,0.13095403053025723,-0.13673135208034315,0.005777321550085922,-0.13095403053025723,4.084472535550831,0.2902518478662325,4.374724383417064,-198816//1454063,21522167502//3725284686929,-335502//2561983,accounting attribution; not an independent causal effect
cabinet/C2014-a264923b9881ebab3d9b,cabinet/C2014-a264923b9881ebab3d9b,cabinet/C2014-a264923b9881ebab3d9b,cabinet/C2014-a264923b9881ebab3d9b,focal,cabinet,not_applicable,,,1,1,1,2014,Cabinet 2014/14-05,Cabinet 2014/14-05,14-05,"[""dilma_2-2016-04-14""]",2016-04-14,2016-04-18,5,,,,,,not applicable,true,false,true,false,false,cabinet/C2014-a264923b9881ebab3d9b,"PCdoB, PDT, PMDB, PR, PSD, PT, PTB",7,PTB,ES,5172,1794470,0.0028821880555261444,0,10,0.0,0.028821880555261442,0.027253108236861837,-0.028821880555261442,0.001568772318399605,-0.027253108236861837,4.084472535550831,0.2902518478662325,4.374724383417064,-5172//179447,721227642//459740163401,-69822//2561983,accounting attribution; not an independent causal effect
cabinet/C2014-a264923b9881ebab3d9b,cabinet/C2014-a264923b9881ebab3d9b,cabinet/C2014-a264923b9881ebab3d9b,cabinet/C2014-a264923b9881ebab3d9b,focal,cabinet,not_applicable,,,1,1,1,2014,Cabinet 2014/14-05,Cabinet 2014/14-05,14-05,"[""dilma_2-2016-04-14""]",2016-04-14,2016-04-18,5,,,,,,not applicable,true,false,true,false,false,cabinet/C2014-a264923b9881ebab3d9b,"PCdoB, PDT, PMDB, PR, PSD, PT, PTB",7,PTB,GO,125167,3032760,0.04127164694865403,1,17,0.058823529411764705,0.7016179981271186,0.6595494583687713,0.29838200187288144,0.04206853975834716,0.3404505416312286,4.084472535550831,0.2902518478662325,4.374724383417064,904921//3032760,326867487317//7769879563080,1744457//5123966,accounting attribution; not an independent causal effect
cabinet/C2014-a264923b9881ebab3d9b,cabinet/C2014-a264923b9881ebab3d9b,cabinet/C2014-a264923b9881ebab3d9b,cabinet/C2014-a264923b9881ebab3d9b,focal,cabinet,not_applicable,,,1,1,1,2014,Cabinet 2014/14-05,Cabinet 2014/14-05,14-05,"[""dilma_2-2016-04-14""]",2016-04-14,2016-04-18,5,,,,,,not applicable,true,false,true,false,false,cabinet/C2014-a264923b9881ebab3d9b,"PCdoB, PDT, PMDB, PR, PSD, PT, PTB",7,PTB,MA,113253,3130492,0.036177380424546685,1,18,0.05555555555555555,0.6511928476418404,0.5967703532771295,0.3488071523581597,0.054422494364710854,0.40322964672287054,4.084472535550831,0.2902518478662325,4.374724383417064,545969//1565246,109120737789//2005066821409,2066135//5123966,accounting attribution; not an independent causal effect
cabinet/C2014-a264923b9881ebab3d9b,cabinet/C2014-a264923b9881ebab3d9b,cabinet/C2014-a264923b9881ebab3d9b,cabinet/C2014-a264923b9881ebab3d9b,focal,cabinet,not_applicable,,,1,1,1,2014,Cabinet 2014/14-05,Cabinet 2014/14-05,14-05,"[""dilma_2-2016-04-14""]",2016-04-14,2016-04-18,5,,,,,,not applicable,true,false,true,false,false,cabinet/C2014-a264923b9881ebab3d9b,"PCdoB, PDT, PMDB, PR, PSD, PT, PTB",7,PTB,MG,345005,10118666,0.03409589762128723,1,53,0.018867924528301886,1.8070825739282232,1.817954100398012,-0.8070825739282234,-0.010871526469788664,-0.817954100398012,4.084472535550831,0.2902518478662325,4.374724383417064,-8166599//10118666,-140915912230//12961925137339,-4191169//5123966,accounting attribution; not an independent causal effect
cabinet/C2014-a264923b9881ebab3d9b,cabinet/C2014-a264923b9881ebab3d9b,cabinet/C2014-a264923b9881ebab3d9b,cabinet/C2014-a264923b9881ebab3d9b,focal,cabinet,not_applicable,,,1,1,1,2014,Cabinet 2014/14-05,Cabinet 2014/14-05,14-05,"[""dilma_2-2016-04-14""]",2016-04-14,2016-04-18,5,,,,,,not applicable,true,false,true,false,false,cabinet/C2014-a264923b9881ebab3d9b,"PCdoB, PDT, PMDB, PR, PSD, PT, PTB",7,PTB,MS,3050,1276893,0.0023886104787166976,0,8,0.0,0.01910888382973358,0.01607153521315325,-0.01910888382973358,0.003037348616580331,-0.01607153521315325,4.084472535550831,0.2902518478662325,4.374724383417064,-24400//1276893,9936315925//3271378158819,-41175//2561983,accounting attribution; not an independent causal effect
cabinet/C2014-a264923b9881ebab3d9b,cabinet/C2014-a264923b9881ebab3d9b,cabinet/C2014-a264923b9881ebab3d9b,cabinet/C2014-a264923b9881ebab3d9b,focal,cabinet,not_applicable,,,1,1,1,2014,Cabinet 2014/14-05,Cabinet 2014/14-05,14-05,"[""dilma_2-2016-04-14""]",2016-04-14,2016-04-18,5,,,,,,not applicable,true,false,true,false,false,cabinet/C2014-a264923b9881ebab3d9b,"PCdoB, PDT, PMDB, PR, PSD, PT, PTB",7,PTB,MT,5296,1454612,0.003640833431870492,0,8,0.0,0.029126667454963936,0.02790650835700315,-0.029126667454963936,0.001220159097960786,-0.02790650835700315,4.084472535550831,0.2902518478662325,4.374724383417064,-10592//363653,1136789048//931672803899,-71496//2561983,accounting attribution; not an independent causal effect
cabinet/C2014-a264923b9881ebab3d9b,cabinet/C2014-a264923b9881ebab3d9b,cabinet/C2014-a264923b9881ebab3d9b,cabinet/C2014-a264923b9881ebab3d9b,focal,cabinet,not_applicable,,,1,1,1,2014,Cabinet 2014/14-05,Cabinet 2014/14-05,14-05,"[""dilma_2-2016-04-14""]",2016-04-14,2016-04-18,5,,,,,,not applicable,true,false,true,false,false,cabinet/C2014-a264923b9881ebab3d9b,"PCdoB, PDT, PMDB, PR, PSD, PT, PTB",7,PTB,PA,132205,3756049,0.03519789012337166,1,17,0.058823529411764705,0.5983641320973182,0.6966351845425984,0.4016358679026818,-0.09827105244528023,0.30336481545740157,4.084472535550831,0.2902518478662325,4.374724383417064,1508564//3756049,-1891311641705//19245867370334,1554431//5123966,accounting attribution; not an independent causal effect
cabinet/C2014-a264923b9881ebab3d9b,cabinet/C2014-a264923b9881ebab3d9b,cabinet/C2014-a264923b9881ebab3d9b,cabinet/C2014-a264923b9881ebab3d9b,focal,cabinet,not_applicable,,,1,1,1,2014,Cabinet 2014/14-05,Cabinet 2014/14-05,14-05,"[""dilma_2-2016-04-14""]",2016-04-14,2016-04-18,5,,,,,,not applicable,true,false,true,false,false,cabinet/C2014-a264923b9881ebab3d9b,"PCdoB, PDT, PMDB, PR, PSD, PT, PTB",7,PTB,PB,116547,1936819,0.06017444066791992,1,12,0.08333333333333333,0.7220932880150391,0.614127611307335,0.2779067119849609,0.10796567670770411,0.385872388692665,4.084472535550831,0.2902518478662325,4.374724383417064,538255//1936819,1071472397013//9924194704154,1977197//5123966,accounting attribution; not an independent causal effect
cabinet/C2014-a264923b9881ebab3d9b,cabinet/C2014-a264923b9881ebab3d9b,cabinet/C2014-a264923b9881ebab3d9b,cabinet/C2014-a264923b9881ebab3d9b,focal,cabinet,not_applicable,,,1,1,1,2014,Cabinet 2014/14-05,Cabinet 2014/14-05,14-05,"[""dilma_2-2016-04-14""]",2016-04-14,2016-04-18,5,,,,,,not applicable,true,false,true,false,false,cabinet/C2014-a264923b9881ebab3d9b,"PCdoB, PDT, PMDB, PR, PSD, PT, PTB",7,PTB,PE,465366,4483227,0.10380156971752713,4,25,0.16,2.5950392429381783,2.4521790347555,1.4049607570618217,0.1428602081826783,1.5478209652445,4.084472535550831,0.2902518478662325,4.374724383417064,2099586//1494409,546961800781//3828650453047,3965491//2561983,accounting attribution; not an independent causal effect
cabinet/C2014-a264923b9881ebab3d9b,cabinet/C2014-a264923b9881ebab3d9b,cabinet/C2014-a264923b9881ebab3d9b,cabinet/C2014-a264923b9881ebab3d9b,focal,cabinet,not_applicable,,,1,1,1,2014,Cabinet 2014/14-05,Cabinet 2014/14-05,14-05,"[""dilma_2-2016-04-14""]",2016-04-14,2016-04-18,5,,,,,,not applicable,true,false,true,false,false,cabinet/C2014-a264923b9881ebab3d9b,"PCdoB, PDT, PMDB, PR, PSD, PT, PTB",7,PTB,PI,208861,1733434,0.12048973309627017,2,10,0.2,1.2048973309627018,1.1005629233293117,0.7951026690372982,0.10433440763339007,0.8994370766706883,4.084472535550831,0.2902518478662325,4.374724383417064,689129//866717,463352071531//4441028439622,4608685//5123966,accounting attribution; not an independent causal effect
cabinet/C2014-a264923b9881ebab3d9b,cabinet/C2014-a264923b9881ebab3d9b,cabinet/C2014-a264923b9881ebab3d9b,cabinet/C2014-a264923b9881ebab3d9b,focal,cabinet,not_applicable,,,1,1,1,2014,Cabinet 2014/14-05,Cabinet 2014/14-05,14-05,"[""dilma_2-2016-04-14""]",2016-04-14,2016-04-18,5,,,,,,not applicable,true,false,true,false,false,cabinet/C2014-a264923b9881ebab3d9b,"PCdoB, PDT, PMDB, PR, PSD, PT, PTB",7,PTB,PR,314102,5665222,0.05544389963888441,1,30,0.03333333333333333,1.6633169891665323,1.6551151978760203,-0.6633169891665323,0.008201791290511967,-0.6551151978760202,4.084472535550831,0.2902518478662325,4.374724383417064,-1878919//2832611,59521229643//7257101227613,-1678394//2561983,accounting attribution; not an independent causal effect
cabinet/C2014-a264923b9881ebab3d9b,cabinet/C2014-a264923b9881ebab3d9b,cabinet/C2014-a264923b9881ebab3d9b,cabinet/C2014-a264923b9881ebab3d9b,focal,cabinet,not_applicable,,,1,1,1,2014,Cabinet 2014/14-05,Cabinet 2014/14-05,14-05,"[""dilma_2-2016-04-14""]",2016-04-14,2016-04-18,5,,,,,,not applicable,true,false,true,false,false,cabinet/C2014-a264923b9881ebab3d9b,"PCdoB, PDT, PMDB, PR, PSD, PT, PTB",7,PTB,RJ,237384,7673438,0.030935807391680236,2,46,0.043478260869565216,1.4230471400172908,1.2508607590292364,0.5769528599827092,0.17218638098805447,0.7491392409707637,4.084472535550831,0.2902518478662325,4.374724383417064,2213606//3836719,1692524775060//9829608853777,1919282//2561983,accounting attribution; not an independent causal effect
cabinet/C2014-a264923b9881ebab3d9b,cabinet/C2014-a264923b9881ebab3d9b,cabinet/C2014-a264923b9881ebab3d9b,cabinet/C2014-a264923b9881ebab3d9b,focal,cabinet,not_applicable,,,1,1,1,2014,Cabinet 2014/14-05,Cabinet 2014/14-05,14-05,"[""dilma_2-2016-04-14""]",2016-04-14,2016-04-18,5,,,,,,not applicable,true,false,true,false,false,cabinet/C2014-a264923b9881ebab3d9b,"PCdoB, PDT, PMDB, PR, PSD, PT, PTB",7,PTB,RN,3326,1580871,0.0021039034810556964,0,8,0.0,0.01683122784844557,0.017525877416048427,-0.01683122784844557,-0.000694649567602856,-0.017525877416048427,4.084472535550831,0.2902518478662325,4.374724383417064,-26608//1580871,-2813445107//4050164627193,-44901//2561983,accounting attribution; not an independent causal effect
cabinet/C2014-a264923b9881ebab3d9b,cabinet/C2014-a264923b9881ebab3d9b,cabinet/C2014-a264923b9881ebab3d9b,cabinet/C2014-a264923b9881ebab3d9b,focal,cabinet,not_applicable,,,1,1,1,2014,Cabinet 2014/14-05,Cabinet 2014/14-05,14-05,"[""dilma_2-2016-04-14""]",2016-04-14,2016-04-18,5,,,,,,not applicable,true,false,true,false,false,cabinet/C2014-a264923b9881ebab3d9b,"PCdoB, PDT, PMDB, PR, PSD, PT, PTB",7,PTB,RO,85372,798475,0.10691881398916685,1,8,0.125,0.8553505119133348,0.4498554440056784,0.1446494880866652,0.4054950679076564,0.5501445559943215,4.084472535550831,0.2902518478662325,4.374724383417064,115499//798475,829512897458//2045679375925,1409461//2561983,accounting attribution; not an independent causal effect
cabinet/C2014-a264923b9881ebab3d9b,cabinet/C2014-a264923b9881ebab3d9b,cabinet/C2014-a264923b9881ebab3d9b,cabinet/C2014-a264923b9881ebab3d9b,focal,cabinet,not_applicable,,,1,1,1,2014,Cabinet 2014/14-05,Cabinet 2014/14-05,14-05,"[""dilma_2-2016-04-14""]",2016-04-14,2016-04-18,5,,,,,,not applicable,true,false,true,false,false,cabinet/C2014-a264923b9881ebab3d9b,"PCdoB, PDT, PMDB, PR, PSD, PT, PTB",7,PTB,RR,1076,238099,0.004519128597768155,0,8,0.0,0.03615302878214524,0.0056698268489681625,-0.03615302878214524,0.03048320193317708,-0.0056698268489681625,4.084472535550831,0.2902518478662325,4.374724383417064,-8608//238099,18594923590//610005590317,-14526//2561983,accounting attribution; not an independent causal effect
cabinet/C2014-a264923b9881ebab3d9b,cabinet/C2014-a264923b9881ebab3d9b,cabinet/C2014-a264923b9881ebab3d9b,cabinet/C2014-a264923b9881ebab3d9b,focal,cabinet,not_applicable,,,1,1,1,2014,Cabinet 2014/14-05,Cabinet 2014/14-05,14-05,"[""dilma_2-2016-04-14""]",2016-04-14,2016-04-18,5,,,,,,not applicable,true,false,true,false,false,cabinet/C2014-a264923b9881ebab3d9b,"PCdoB, PDT, PMDB, PR, PSD, PT, PTB",7,PTB,RS,434855,5942063,0.07318249570898189,3,31,0.0967741935483871,2.2686573669784384,2.291405719710084,0.7313426330215617,-0.02274835273164565,0.708594280289916,4.084472535550831,0.2902518478662325,4.374724383417064,4345684//5942063,-692617475525//30446928781858,3630813//5123966,accounting attribution; not an independent causal effect
cabinet/C2014-a264923b9881ebab3d9b,cabinet/C2014-a264923b9881ebab3d9b,cabinet/C2014-a264923b9881ebab3d9b,cabinet/C2014-a264923b9881ebab3d9b,focal,cabinet,not_applicable,,,1,1,1,2014,Cabinet 2014/14-05,Cabinet 2014/14-05,14-05,"[""dilma_2-2016-04-14""]",2016-04-14,2016-04-18,5,,,,,,not applicable,true,false,true,false,false,cabinet/C2014-a264923b9881ebab3d9b,"PCdoB, PDT, PMDB, PR, PSD, PT, PTB",7,PTB,SC,5681,3391619,0.0016750112556864435,0,16,0.0,0.026800180090983096,0.02993521034292577,-0.026800180090983096,-0.003135030251942676,-0.02993521034292577,4.084472535550831,0.2902518478662325,4.374724383417064,-90896//3391619,-54482250017//17378540440954,-153387//5123966,accounting attribution; not an independent causal effect
cabinet/C2014-a264923b9881ebab3d9b,cabinet/C2014-a264923b9881ebab3d9b,cabinet/C2014-a264923b9881ebab3d9b,cabinet/C2014-a264923b9881ebab3d9b,focal,cabinet,not_applicable,,,1,1,1,2014,Cabinet 2014/14-05,Cabinet 2014/14-05,14-05,"[""dilma_2-2016-04-14""]",2016-04-14,2016-04-18,5,,,,,,not applicable,true,false,true,false,false,cabinet/C2014-a264923b9881ebab3d9b,"PCdoB, PDT, PMDB, PR, PSD, PT, PTB",7,PTB,SE,133113,1052826,0.1264339976406358,1,8,0.125,1.0114719811250863,0.7014197596158913,-0.011471981125086196,0.3100522215091949,0.29858024038410874,4.084472535550831,0.2902518478662325,4.374724383417064,-2013//175471,278770258523//899107437986,1529915//5123966,accounting attribution; not an independent causal effect
cabinet/C2014-a264923b9881ebab3d9b,cabinet/C2014-a264923b9881ebab3d9b,cabinet/C2014-a264923b9881ebab3d9b,cabinet/C2014-a264923b9881ebab3d9b,focal,cabinet,not_applicable,,,1,1,1,2014,Cabinet 2014/14-05,Cabinet 2014/14-05,14-05,"[""dilma_2-2016-04-14""]",2016-04-14,2016-04-18,5,,,,,,not applicable,true,false,true,false,false,cabinet/C2014-a264923b9881ebab3d9b,"PCdoB, PDT, PMDB, PR, PSD, PT, PTB",7,PTB,SP,701693,21266194,0.032995702004787505,2,70,0.02857142857142857,2.3096991403351255,3.6974700846961124,-0.3096991403351253,-1.3877709443609871,-1.6974700846961124,4.084472535550831,0.2902518478662325,4.374724383417064,-3293061//10633097,-75610795191637//54483627502702,-8697779//5123966,accounting attribution; not an independent causal effect
cabinet/C2014-a264923b9881ebab3d9b,cabinet/C2014-a264923b9881ebab3d9b,cabinet/C2014-a264923b9881ebab3d9b,cabinet/C2014-a264923b9881ebab3d9b,focal,cabinet,not_applicable,,,1,1,1,2014,Cabinet 2014/14-05,Cabinet 2014/14-05,14-05,"[""dilma_2-2016-04-14""]",2016-04-14,2016-04-18,5,,,,,,not applicable,true,false,true,false,false,cabinet/C2014-a264923b9881ebab3d9b,"PCdoB, PDT, PMDB, PR, PSD, PT, PTB",7,PTB,TO,1471,733225,0.002006205462170548,0,8,0.0,0.016049643697364384,0.007751222392966698,-0.016049643697364384,0.008298421304397686,-0.007751222392966698,4.084472535550831,0.2902518478662325,4.374724383417064,-11768//733225,31177334563//3757019970350,-39717//5123966,accounting attribution; not an independent causal effect
cabinet/C2022-259238bde0cf94feb03e,cabinet/C2022-259238bde0cf94feb03e,cabinet/C2022-259238bde0cf94feb03e,cabinet/C2022-259238bde0cf94feb03e,focal,cabinet,not_applicable,,,2,2,2,2022,Cabinet 2022/22-01,Cabinet 2022/22-01,22-01,"[""lula_3-2023-01-01""]",2023-01-01,2023-09-12,255,,,,,,not applicable,true,false,true,false,false,cabinet/C2022-259238bde0cf94feb03e,"MDB, PCdoB, PDT, PSB, PSD, PSOL, PT, REDE, UNIÃO",1,MDB,AC,39012,434253,0.08983703048683601,0,8,0.0,0.7186962438946881,0.18291302752124536,-0.7186962438946881,0.5357832163734427,-0.18291302752124536,5.119561127195656,-0.3984054815874375,4.721155645608219,-104032//144751,2121395430025//3959428674127,-5003289//27353377,accounting attribution; not an independent causal effect
cabinet/C2022-259238bde0cf94feb03e,cabinet/C2022-259238bde0cf94feb03e,cabinet/C2022-259238bde0cf94feb03e,cabinet/C2022-259238bde0cf94feb03e,focal,cabinet,not_applicable,,,2,2,2,2022,Cabinet 2022/22-01,Cabinet 2022/22-01,22-01,"[""lula_3-2023-01-01""]",2023-01-01,2023-09-12,255,,,,,,not applicable,true,false,true,false,false,cabinet/C2022-259238bde0cf94feb03e,"MDB, PCdoB, PDT, PSB, PSD, PSOL, PT, REDE, UNIÃO",1,MDB,AL,260713,1650763,0.15793484588641737,2,9,0.2222222222222222,1.4214136129777564,1.222388089412141,0.5785863870222436,0.1990255235656154,0.7776119105878591,5.119561127195656,-0.3984054815874375,4.721155645608219,955109//1650763,35947148329089//180615770706604,85081247//109413508,accounting attribution; not an independent causal effect
cabinet/C2022-259238bde0cf94feb03e,cabinet/C2022-259238bde0cf94feb03e,cabinet/C2022-259238bde0cf94feb03e,cabinet/C2022-259238bde0cf94feb03e,focal,cabinet,not_applicable,,,2,2,2,2022,Cabinet 2022/22-01,Cabinet 2022/22-01,22-01,"[""lula_3-2023-01-01""]",2023-01-01,2023-09-12,255,,,,,,not applicable,true,false,true,false,false,cabinet/C2022-259238bde0cf94feb03e,"MDB, PCdoB, PDT, PSB, PSD, PSOL, PT, REDE, UNIÃO",1,MDB,AM,37668,1976477,0.019058152460160172,0,8,0.0,0.15246521968128138,0.17661150211909848,-0.15246521968128138,-0.024146282437817104,-0.17661150211909848,5.119561127195656,-0.3984054815874375,4.721155645608219,-301344//1976477,-1305428206629//54063320512829,-4830921//27353377,accounting attribution; not an independent causal effect
cabinet/C2022-259238bde0cf94feb03e,cabinet/C2022-259238bde0cf94feb03e,cabinet/C2022-259238bde0cf94feb03e,cabinet/C2022-259238bde0cf94feb03e,focal,cabinet,not_applicable,,,2,2,2,2022,Cabinet 2022/22-01,Cabinet 2022/22-01,22-01,"[""lula_3-2023-01-01""]",2023-01-01,2023-09-12,255,,,,,,not applicable,true,false,true,false,false,cabinet/C2022-259238bde0cf94feb03e,"MDB, PCdoB, PDT, PSB, PSD, PSOL, PT, REDE, UNIÃO",1,MDB,AP,45697,423017,0.10802639137434193,2,8,0.25,0.8642111309947355,0.21425655230796548,1.1357888690052647,0.64995457868677,1.7857434476920344,5.119561127195656,-0.3984054815874375,4.721155645608219,480458//423017,30082350774071//46283773913636,195384455//109413508,accounting attribution; not an independent causal effect
cabinet/C2022-259238bde0cf94feb03e,cabinet/C2022-259238bde0cf94feb03e,cabinet/C2022-259238bde0cf94feb03e,cabinet/C2022-259238bde0cf94feb03e,focal,cabinet,not_applicable,,,2,2,2,2022,Cabinet 2022/22-01,Cabinet 2022/22-01,22-01,"[""lula_3-2023-01-01""]",2023-01-01,2023-09-12,255,,,,,,not applicable,true,false,true,false,false,cabinet/C2022-259238bde0cf94feb03e,"MDB, PCdoB, PDT, PSB, PSD, PSOL, PT, REDE, UNIÃO",1,MDB,BA,289982,7958431,0.036437081630788785,1,39,0.02564102564102564,1.4210461836007624,1.3596197464027933,-0.4210461836007625,0.061426437197969176,-0.3596197464027933,5.119561127195656,-0.3984054815874375,4.721155645608219,-257759//612187,2057218287663//33490763610998,-19673629//54706754,accounting attribution; not an independent causal effect
cabinet/C2022-259238bde0cf94feb03e,cabinet/C2022-259238bde0cf94feb03e,cabinet/C2022-259238bde0cf94feb03e,cabinet/C2022-259238bde0cf94feb03e,focal,cabinet,not_applicable,,,2,2,2,2022,Cabinet 2022/22-01,Cabinet 2022/22-01,22-01,"[""lula_3-2023-01-01""]",2023-01-01,2023-09-12,255,,,,,,not applicable,true,false,true,false,false,cabinet/C2022-259238bde0cf94feb03e,"MDB, PCdoB, PDT, PSB, PSD, PSOL, PT, REDE, UNIÃO",1,MDB,CE,259545,5083860,0.05105274338789817,1,22,0.045454545454545456,1.1231603545337598,1.216911763765037,-0.12316035453375979,-0.09375140923127735,-0.21691176376503712,5.119561127195656,-0.3984054815874375,4.721155645608219,-20871//169462,-869142684553//9270715946348,-23733077//109413508,accounting attribution; not an independent causal effect
cabinet/C2022-259238bde0cf94feb03e,cabinet/C2022-259238bde0cf94feb03e,cabinet/C2022-259238bde0cf94feb03e,cabinet/C2022-259238bde0cf94feb03e,focal,cabinet,not_applicable,,,2,2,2,2022,Cabinet 2022/22-01,Cabinet 2022/22-01,22-01,"[""lula_3-2023-01-01""]",2023-01-01,2023-09-12,255,,,,,,not applicable,true,false,true,false,false,cabinet/C2022-259238bde0cf94feb03e,"MDB, PCdoB, PDT, PSB, PSD, PSOL, PT, REDE, UNIÃO",1,MDB,DF,162125,1607519,0.10085417341879008,1,8,0.125,0.8068333873503206,0.7601449448088257,0.1931666126496794,0.04668844254149497,0.2398550551911744,5.119561127195656,-0.3984054815874375,4.721155645608219,310519//1607519,8211763706125//175884292966652,26243383//109413508,accounting attribution; not an independent causal effect
cabinet/C2022-259238bde0cf94feb03e,cabinet/C2022-259238bde0cf94feb03e,cabinet/C2022-259238bde0cf94feb03e,cabinet/C2022-259238bde0cf94feb03e,focal,cabinet,not_applicable,,,2,2,2,2022,Cabinet 2022/22-01,Cabinet 2022/22-01,22-01,"[""lula_3-2023-01-01""]",2023-01-01,2023-09-12,255,,,,,,not applicable,true,false,true,false,false,cabinet/C2022-259238bde0cf94feb03e,"MDB, PCdoB, PDT, PSB, PSD, PSOL, PT, REDE, UNIÃO",1,MDB,ES,0,2084430,0.0,0,10,0.0,0.0,0.0,0.0,0.0,0.0,5.119561127195656,-0.3984054815874375,4.721155645608219,0//1,0//1,0//1,accounting attribution; not an independent causal effect
cabinet/C2022-259238bde0cf94feb03e,cabinet/C2022-259238bde0cf94feb03e,cabinet/C2022-259238bde0cf94feb03e,cabinet/C2022-259238bde0cf94feb03e,focal,cabinet,not_applicable,,,2,2,2,2022,Cabinet 2022/22-01,Cabinet 2022/22-01,22-01,"[""lula_3-2023-01-01""]",2023-01-01,2023-09-12,255,,,,,,not applicable,true,false,true,false,false,cabinet/C2022-259238bde0cf94feb03e,"MDB, PCdoB, PDT, PSB, PSD, PSOL, PT, REDE, UNIÃO",1,MDB,GO,277308,3439644,0.0806211340475933,2,17,0.11764705882352941,1.3705592788090861,1.3001959867697506,0.629440721190914,0.07036329203933547,0.6998040132302494,5.119561127195656,-0.3984054815874375,4.721155645608219,10613//16861,32451922482//461205289597,19142003//27353377,accounting attribution; not an independent causal effect
cabinet/C2022-259238bde0cf94feb03e,cabinet/C2022-259238bde0cf94feb03e,cabinet/C2022-259238bde0cf94feb03e,cabinet/C2022-259238bde0cf94feb03e,focal,cabinet,not_applicable,,,2,2,2,2022,Cabinet 2022/22-01,Cabinet 2022/22-01,22-01,"[""lula_3-2023-01-01""]",2023-01-01,2023-09-12,255,,,,,,not applicable,true,false,true,false,false,cabinet/C2022-259238bde0cf94feb03e,"MDB, PCdoB, PDT, PSB, PSD, PSOL, PT, REDE, UNIÃO",1,MDB,MA,301583,3707930,0.08133459908897957,1,18,0.05555555555555555,1.4640227836016322,1.4140126007110567,-0.4640227836016322,0.05001018289057555,-0.4140126007110566,5.119561127195656,-0.3984054815874375,4.721155645608219,-860282//1853965,10144506305241//202848814359220,-45298571//109413508,accounting attribution; not an independent causal effect
cabinet/C2022-259238bde0cf94feb03e,cabinet/C2022-259238bde0cf94feb03e,cabinet/C2022-259238bde0cf94feb03e,cabinet/C2022-259238bde0cf94feb03e,focal,cabinet,not_applicable,,,2,2,2,2022,Cabinet 2022/22-01,Cabinet 2022/22-01,22-01,"[""lula_3-2023-01-01""]",2023-01-01,2023-09-12,255,,,,,,not applicable,true,false,true,false,false,cabinet/C2022-259238bde0cf94feb03e,"MDB, PCdoB, PDT, PSB, PSD, PSOL, PT, REDE, UNIÃO",1,MDB,MG,403038,11181098,0.036046370401189576,2,53,0.03773584905660377,1.9104576312630477,1.8896980617786243,0.08954236873695232,0.020759569484423427,0.11030193822137574,5.119561127195656,-0.3984054815874375,4.721155645608219,500591//5590549,6349123107675//305840788867946,6034261//54706754,accounting attribution; not an independent causal effect
cabinet/C2022-259238bde0cf94feb03e,cabinet/C2022-259238bde0cf94feb03e,cabinet/C2022-259238bde0cf94feb03e,cabinet/C2022-259238bde0cf94feb03e,focal,cabinet,not_applicable,,,2,2,2,2022,Cabinet 2022/22-01,Cabinet 2022/22-01,22-01,"[""lula_3-2023-01-01""]",2023-01-01,2023-09-12,255,,,,,,not applicable,true,false,true,false,false,cabinet/C2022-259238bde0cf94feb03e,"MDB, PCdoB, PDT, PSB, PSD, PSOL, PT, REDE, UNIÃO",1,MDB,MS,77614,1374808,0.05645442854565874,0,8,0.0,0.45163542836526993,0.3639037147040382,-0.45163542836526993,0.08773171366123172,-0.3639037147040382,5.119561127195656,-0.3984054815874375,4.721155645608219,-77614//171851,824801843615//9401410381654,-19907991//54706754,accounting attribution; not an independent causal effect
cabinet/C2022-259238bde0cf94feb03e,cabinet/C2022-259238bde0cf94feb03e,cabinet/C2022-259238bde0cf94feb03e,cabinet/C2022-259238bde0cf94feb03e,focal,cabinet,not_applicable,,,2,2,2,2022,Cabinet 2022/22-01,Cabinet 2022/22-01,22-01,"[""lula_3-2023-01-01""]",2023-01-01,2023-09-12,255,,,,,,not applicable,true,false,true,false,false,cabinet/C2022-259238bde0cf94feb03e,"MDB, PCdoB, PDT, PSB, PSD, PSOL, PT, REDE, UNIÃO",1,MDB,MT,272659,1730277,0.15758112718368214,2,8,0.25,1.2606490174694571,1.2783985227856876,0.7393509825305428,-0.017749505316230284,0.7216014772143126,5.119561127195656,-0.3984054815874375,4.721155645608219,1279282//1730277,-3360259604383//189315676381716,78952949//109413508,accounting attribution; not an independent causal effect
cabinet/C2022-259238bde0cf94feb03e,cabinet/C2022-259238bde0cf94feb03e,cabinet/C2022-259238bde0cf94feb03e,cabinet/C2022-259238bde0cf94feb03e,focal,cabinet,not_applicable,,,2,2,2,2022,Cabinet 2022/22-01,Cabinet 2022/22-01,22-01,"[""lula_3-2023-01-01""]",2023-01-01,2023-09-12,255,,,,,,not applicable,true,false,true,false,false,cabinet/C2022-259238bde0cf94feb03e,"MDB, PCdoB, PDT, PSB, PSD, PSOL, PT, REDE, UNIÃO",1,MDB,PA,1519004,4521516,0.3359501547710989,9,17,0.5294117647058824,5.711152631108681,7.122055276757966,3.288847368891319,-1.4109026456492855,1.8779447232420334,5.119561127195656,-0.3984054815874375,4.721155645608219,3717644//1130379,-43624662462518//30919682939883,51368130//27353377,accounting attribution; not an independent causal effect
cabinet/C2022-259238bde0cf94feb03e,cabinet/C2022-259238bde0cf94feb03e,cabinet/C2022-259238bde0cf94feb03e,cabinet/C2022-259238bde0cf94feb03e,focal,cabinet,not_applicable,,,2,2,2,2022,Cabinet 2022/22-01,Cabinet 2022/22-01,22-01,"[""lula_3-2023-01-01""]",2023-01-01,2023-09-12,255,,,,,,not applicable,true,false,true,false,false,cabinet/C2022-259238bde0cf94feb03e,"MDB, PCdoB, PDT, PSB, PSD, PSOL, PT, REDE, UNIÃO",1,MDB,PB,70561,2209355,0.03193737538783944,0,12,0.0,0.38324850465407323,0.3308347722476826,-0.38324850465407323,0.052413732406390634,-0.3308347722476826,5.119561127195656,-0.3984054815874375,4.721155645608219,-846732//2209355,12670143502341//241733280967340,-36197793//109413508,accounting attribution; not an independent causal effect
cabinet/C2022-259238bde0cf94feb03e,cabinet/C2022-259238bde0cf94feb03e,cabinet/C2022-259238bde0cf94feb03e,cabinet/C2022-259238bde0cf94feb03e,focal,cabinet,not_applicable,,,2,2,2,2022,Cabinet 2022/22-01,Cabinet 2022/22-01,22-01,"[""lula_3-2023-01-01""]",2023-01-01,2023-09-12,255,,,,,,not applicable,true,false,true,false,false,cabinet/C2022-259238bde0cf94feb03e,"MDB, PCdoB, PDT, PSB, PSD, PSOL, PT, REDE, UNIÃO",1,MDB,PE,259476,4969863,0.05220988989032494,1,25,0.04,1.3052472472581236,1.2165882479519805,-0.30524724725812363,0.08865899930614313,-0.21658824795198048,5.119561127195656,-0.3984054815874375,4.721155645608219,-505679//1656621,4017509743163//45314178759117,-5924420//27353377,accounting attribution; not an independent causal effect
cabinet/C2022-259238bde0cf94feb03e,cabinet/C2022-259238bde0cf94feb03e,cabinet/C2022-259238bde0cf94feb03e,cabinet/C2022-259238bde0cf94feb03e,focal,cabinet,not_applicable,,,2,2,2,2022,Cabinet 2022/22-01,Cabinet 2022/22-01,22-01,"[""lula_3-2023-01-01""]",2023-01-01,2023-09-12,255,,,,,,not applicable,true,false,true,false,false,cabinet/C2022-259238bde0cf94feb03e,"MDB, PCdoB, PDT, PSB, PSD, PSOL, PT, REDE, UNIÃO",1,MDB,PI,0,1957483,0.0,0,10,0.0,0.0,0.0,0.0,0.0,0.0,5.119561127195656,-0.3984054815874375,4.721155645608219,0//1,0//1,0//1,accounting attribution; not an independent causal effect
cabinet/C2022-259238bde0cf94feb03e,cabinet/C2022-259238bde0cf94feb03e,cabinet/C2022-259238bde0cf94feb03e,cabinet/C2022-259238bde0cf94feb03e,focal,cabinet,not_applicable,,,2,2,2,2022,Cabinet 2022/22-01,Cabinet 2022/22-01,22-01,"[""lula_3-2023-01-01""]",2023-01-01,2023-09-12,255,,,,,,not applicable,true,false,true,false,false,cabinet/C2022-259238bde0cf94feb03e,"MDB, PCdoB, PDT, PSB, PSD, PSOL, PT, REDE, UNIÃO",1,MDB,PR,273684,6038642,0.04532211050100337,1,30,0.03333333333333333,1.3596633150301012,1.2832043736318188,-0.3596633150301011,0.0764589413982823,-0.28320437363181883,5.119561127195656,-0.3984054815874375,4.721155645608219,-1085939//3019321,6314638884687//82588625597017,-7746596//27353377,accounting attribution; not an independent causal effect
cabinet/C2022-259238bde0cf94feb03e,cabinet/C2022-259238bde0cf94feb03e,cabinet/C2022-259238bde0cf94feb03e,cabinet/C2022-259238bde0cf94feb03e,focal,cabinet,not_applicable,,,2,2,2,2022,Cabinet 2022/22-01,Cabinet 2022/22-01,22-01,"[""lula_3-2023-01-01""]",2023-01-01,2023-09-12,255,,,,,,not applicable,true,false,true,false,false,cabinet/C2022-259238bde0cf94feb03e,"MDB, PCdoB, PDT, PSB, PSD, PSOL, PT, REDE, UNIÃO",1,MDB,RJ,414506,8575988,0.0483333232275978,2,46,0.043478260869565216,2.2233328684694986,1.9434673276356333,-0.2233328684694988,0.27986554083386533,0.056532672364366564,5.119561127195656,-0.3984054815874375,4.721155645608219,-478825//2143997,32825741741893//117291116455738,3092719//54706754,accounting attribution; not an independent causal effect
cabinet/C2022-259238bde0cf94feb03e,cabinet/C2022-259238bde0cf94feb03e,cabinet/C2022-259238bde0cf94feb03e,cabinet/C2022-259238bde0cf94feb03e,focal,cabinet,not_applicable,,,2,2,2,2022,Cabinet 2022/22-01,Cabinet 2022/22-01,22-01,"[""lula_3-2023-01-01""]",2023-01-01,2023-09-12,255,,,,,,not applicable,true,false,true,false,false,cabinet/C2022-259238bde0cf94feb03e,"MDB, PCdoB, PDT, PSB, PSD, PSOL, PT, REDE, UNIÃO",1,MDB,RN,176527,1864825,0.09466142935664204,0,8,0.0,0.7572914348531363,0.8276706656732,-0.7572914348531363,-0.0703792308200637,-0.8276706656732,5.119561127195656,-0.3984054815874375,4.721155645608219,-1412216//1864825,-14359970289847//204037045056100,-90558351//109413508,accounting attribution; not an independent causal effect
cabinet/C2022-259238bde0cf94feb03e,cabinet/C2022-259238bde0cf94feb03e,cabinet/C2022-259238bde0cf94feb03e,cabinet/C2022-259238bde0cf94feb03e,focal,cabinet,not_applicable,,,2,2,2,2022,Cabinet 2022/22-01,Cabinet 2022/22-01,22-01,"[""lula_3-2023-01-01""]",2023-01-01,2023-09-12,255,,,,,,not applicable,true,false,true,false,false,cabinet/C2022-259238bde0cf94feb03e,"MDB, PCdoB, PDT, PSB, PSD, PSOL, PT, REDE, UNIÃO",1,MDB,RO,93748,869148,0.1078619521646486,2,8,0.25,0.8628956173171888,0.43955015133963166,1.137104382682811,0.4233454659775571,1.5604498486603684,5.119561127195656,-0.3984054815874375,4.721155645608219,247078//217287,2516167844045//5943533228199,42683573//27353377,accounting attribution; not an independent causal effect
cabinet/C2022-259238bde0cf94feb03e,cabinet/C2022-259238bde0cf94feb03e,cabinet/C2022-259238bde0cf94feb03e,cabinet/C2022-259238bde0cf94feb03e,focal,cabinet,not_applicable,,,2,2,2,2022,Cabinet 2022/22-01,Cabinet 2022/22-01,22-01,"[""lula_3-2023-01-01""]",2023-01-01,2023-09-12,255,,,,,,not applicable,true,false,true,false,false,cabinet/C2022-259238bde0cf94feb03e,"MDB, PCdoB, PDT, PSB, PSD, PSOL, PT, REDE, UNIÃO",1,MDB,RR,49286,291714,0.1689531527454973,2,8,0.25,1.3516252219639784,0.231084063221883,0.6483747780360216,1.1205411587420955,1.768915936778117,5.119561127195656,-0.3984054815874375,4.721155645608219,94570//145857,8941204682413//7979363018178,96771649//54706754,accounting attribution; not an independent causal effect
cabinet/C2022-259238bde0cf94feb03e,cabinet/C2022-259238bde0cf94feb03e,cabinet/C2022-259238bde0cf94feb03e,cabinet/C2022-259238bde0cf94feb03e,focal,cabinet,not_applicable,,,2,2,2,2022,Cabinet 2022/22-01,Cabinet 2022/22-01,22-01,"[""lula_3-2023-01-01""]",2023-01-01,2023-09-12,255,,,,,,not applicable,true,false,true,false,false,cabinet/C2022-259238bde0cf94feb03e,"MDB, PCdoB, PDT, PSB, PSD, PSOL, PT, REDE, UNIÃO",1,MDB,RS,586325,6149822,0.09534015781269767,3,31,0.0967741935483871,2.9555448921936276,2.749063899861432,0.04445510780637228,0.2064809923321956,0.2509361001385679,5.119561127195656,-0.3984054815874375,4.721155645608219,273391//6149822,69467804176075//336436799297788,27455799//109413508,accounting attribution; not an independent causal effect
cabinet/C2022-259238bde0cf94feb03e,cabinet/C2022-259238bde0cf94feb03e,cabinet/C2022-259238bde0cf94feb03e,cabinet/C2022-259238bde0cf94feb03e,focal,cabinet,not_applicable,,,2,2,2,2022,Cabinet 2022/22-01,Cabinet 2022/22-01,22-01,"[""lula_3-2023-01-01""]",2023-01-01,2023-09-12,255,,,,,,not applicable,true,false,true,false,false,cabinet/C2022-259238bde0cf94feb03e,"MDB, PCdoB, PDT, PSB, PSD, PSOL, PT, REDE, UNIÃO",1,MDB,SC,415237,3969848,0.10459770751928034,3,16,0.1875,1.6735633203084854,1.9468947198000452,1.3264366796915146,-0.2733313994915598,1.0531052801999548,5.119561127195656,-0.3984054815874375,4.721155645608219,658219//496231,-14840357363419//54294374488348,115223943//109413508,accounting attribution; not an independent causal effect
cabinet/C2022-259238bde0cf94feb03e,cabinet/C2022-259238bde0cf94feb03e,cabinet/C2022-259238bde0cf94feb03e,cabinet/C2022-259238bde0cf94feb03e,focal,cabinet,not_applicable,,,2,2,2,2022,Cabinet 2022/22-01,Cabinet 2022/22-01,22-01,"[""lula_3-2023-01-01""]",2023-01-01,2023-09-12,255,,,,,,not applicable,true,false,true,false,false,cabinet/C2022-259238bde0cf94feb03e,"MDB, PCdoB, PDT, PSB, PSD, PSOL, PT, REDE, UNIÃO",1,MDB,SE,4292,1191617,0.0036018284398426676,0,8,0.0,0.02881462751874134,0.02012362129911784,-0.02881462751874134,0.008691006219623503,-0.02012362129911784,5.119561127195656,-0.3984054815874375,4.721155645608219,-34336//1191617,283281166639//32594749040609,-550449//27353377,accounting attribution; not an independent causal effect
cabinet/C2022-259238bde0cf94feb03e,cabinet/C2022-259238bde0cf94feb03e,cabinet/C2022-259238bde0cf94feb03e,cabinet/C2022-259238bde0cf94feb03e,focal,cabinet,not_applicable,,,2,2,2,2022,Cabinet 2022/22-01,Cabinet 2022/22-01,22-01,"[""lula_3-2023-01-01""]",2023-01-01,2023-09-12,255,,,,,,not applicable,true,false,true,false,false,cabinet/C2022-259238bde0cf94feb03e,"MDB, PCdoB, PDT, PSB, PSD, PSOL, PT, REDE, UNIÃO",1,MDB,SP,1613626,23321040,0.06919185422262472,5,70,0.07142857142857142,4.84342979558373,7.565703295062982,0.1565702044162696,-2.722273499479252,-2.5657032950629826,5.119561127195656,-0.3984054815874375,4.721155645608219,182569//1166052,-86828165396287//31895459957604,-140361299//54706754,accounting attribution; not an independent causal effect
cabinet/C2022-259238bde0cf94feb03e,cabinet/C2022-259238bde0cf94feb03e,cabinet/C2022-259238bde0cf94feb03e,cabinet/C2022-259238bde0cf94feb03e,focal,cabinet,not_applicable,,,2,2,2,2022,Cabinet 2022/22-01,Cabinet 2022/22-01,22-01,"[""lula_3-2023-01-01""]",2023-01-01,2023-09-12,255,,,,,,not applicable,true,false,true,false,false,cabinet/C2022-259238bde0cf94feb03e,"MDB, PCdoB, PDT, PSB, PSD, PSOL, PT, REDE, UNIÃO",1,MDB,TO,47679,830140,0.057434890500397524,0,8,0.0,0.4594791240031802,0.22354942682214338,-0.4594791240031802,0.2359296971810368,-0.22354942682214338,5.119561127195656,-0.3984054815874375,4.721155645608219,-95358//207535,5357286866919//22707132382780,-24459327//109413508,accounting attribution; not an independent causal effect
cabinet/C2022-259238bde0cf94feb03e,cabinet/C2022-259238bde0cf94feb03e,cabinet/C2022-259238bde0cf94feb03e,cabinet/C2022-259238bde0cf94feb03e,focal,cabinet,not_applicable,,,2,2,2,2022,Cabinet 2022/22-01,Cabinet 2022/22-01,22-01,"[""lula_3-2023-01-01""]",2023-01-01,2023-09-12,255,,,,,,not applicable,true,false,true,false,false,cabinet/C2022-259238bde0cf94feb03e,"MDB, PCdoB, PDT, PSB, PSD, PSOL, PT, REDE, UNIÃO",2,PCdoB,AC,15467,434253,0.03561748565928157,0,8,0.0,0.28493988527425257,0.07251911710937922,-0.28493988527425257,0.21242076816487335,-0.07251911710937922,0.17628181135851972,0.4096951230434007,0.5859769344019204,-123736//434253,10092778565425//47513144089524,-7934571//109413508,accounting attribution; not an independent causal effect
cabinet/C2022-259238bde0cf94feb03e,cabinet/C2022-259238bde0cf94feb03e,cabinet/C2022-259238bde0cf94feb03e,cabinet/C2022-259238bde0cf94feb03e,focal,cabinet,not_applicable,,,2,2,2,2022,Cabinet 2022/22-01,Cabinet 2022/22-01,22-01,"[""lula_3-2023-01-01""]",2023-01-01,2023-09-12,255,,,,,,not applicable,true,false,true,false,false,cabinet/C2022-259238bde0cf94feb03e,"MDB, PCdoB, PDT, PSB, PSD, PSOL, PT, REDE, UNIÃO",2,PCdoB,AL,230,1650763,0.00013932951005080681,0,9,0.0,0.0012539655904572613,0.001078386043522158,-0.0012539655904572613,0.00017557954693510312,-0.001078386043522158,0.17628181135851972,0.4096951230434007,0.5859769344019204,-2070//1650763,15856217595//90307885353302,-58995//54706754,accounting attribution; not an independent causal effect
cabinet/C2022-259238bde0cf94feb03e,cabinet/C2022-259238bde0cf94feb03e,cabinet/C2022-259238bde0cf94feb03e,cabinet/C2022-259238bde0cf94feb03e,focal,cabinet,not_applicable,,,2,2,2,2022,Cabinet 2022/22-01,Cabinet 2022/22-01,22-01,"[""lula_3-2023-01-01""]",2023-01-01,2023-09-12,255,,,,,,not applicable,true,false,true,false,false,cabinet/C2022-259238bde0cf94feb03e,"MDB, PCdoB, PDT, PSB, PSD, PSOL, PT, REDE, UNIÃO",2,PCdoB,AM,37795,1976477,0.019122408204092434,0,8,0.0,0.15297926563273948,0.1772069587605216,-0.15297926563273948,-0.024227693127782134,-0.1772069587605216,0.17628181135851972,0.4096951230434007,0.5859769344019204,-302360//1976477,-5239318155415//216253282051316,-19388835//109413508,accounting attribution; not an independent causal effect
cabinet/C2022-259238bde0cf94feb03e,cabinet/C2022-259238bde0cf94feb03e,cabinet/C2022-259238bde0cf94feb03e,cabinet/C2022-259238bde0cf94feb03e,focal,cabinet,not_applicable,,,2,2,2,2022,Cabinet 2022/22-01,Cabinet 2022/22-01,22-01,"[""lula_3-2023-01-01""]",2023-01-01,2023-09-12,255,,,,,,not applicable,true,false,true,false,false,cabinet/C2022-259238bde0cf94feb03e,"MDB, PCdoB, PDT, PSB, PSD, PSOL, PT, REDE, UNIÃO",2,PCdoB,AP,18547,423017,0.043844573622336694,0,8,0.0,0.35075658897869355,0.08696011282263247,-0.35075658897869355,0.26379647615606105,-0.08696011282263247,0.17628181135851972,0.4096951230434007,0.5859769344019204,-148376//423017,12209496461621//46283773913636,-9514611//109413508,accounting attribution; not an independent causal effect
cabinet/C2022-259238bde0cf94feb03e,cabinet/C2022-259238bde0cf94feb03e,cabinet/C2022-259238bde0cf94feb03e,cabinet/C2022-259238bde0cf94feb03e,focal,cabinet,not_applicable,,,2,2,2,2022,Cabinet 2022/22-01,Cabinet 2022/22-01,22-01,"[""lula_3-2023-01-01""]",2023-01-01,2023-09-12,255,,,,,,not applicable,true,false,true,false,false,cabinet/C2022-259238bde0cf94feb03e,"MDB, PCdoB, PDT, PSB, PSD, PSOL, PT, REDE, UNIÃO",2,PCdoB,BA,265901,7958431,0.03341123394799804,2,39,0.05128205128205128,1.3030381239719235,1.2467127276460235,0.6969618760280764,0.05632539632590024,0.7532872723539766,0.17628181135851972,0.4096951230434007,0.5859769344019204,426671//612187,3772761067293//66981527221996,82419803//109413508,accounting attribution; not an independent causal effect
cabinet/C2022-259238bde0cf94feb03e,cabinet/C2022-259238bde0cf94feb03e,cabinet/C2022-259238bde0cf94feb03e,cabinet/C2022-259238bde0cf94feb03e,focal,cabinet,not_applicable,,,2,2,2,2022,Cabinet 2022/22-01,Cabinet 2022/22-01,22-01,"[""lula_3-2023-01-01""]",2023-01-01,2023-09-12,255,,,,,,not applicable,true,false,true,false,false,cabinet/C2022-259238bde0cf94feb03e,"MDB, PCdoB, PDT, PSB, PSD, PSOL, PT, REDE, UNIÃO",2,PCdoB,CE,51167,5083860,0.010064596586058626,0,22,0.0,0.22142112489328974,0.2399033856039055,-0.22142112489328974,-0.01848226071061576,-0.2399033856039055,0.17628181135851972,0.4096951230434007,0.5859769344019204,-562837//2541930,-2570156836417//139060739195220,-26248671//109413508,accounting attribution; not an independent causal effect
cabinet/C2022-259238bde0cf94feb03e,cabinet/C2022-259238bde0cf94feb03e,cabinet/C2022-259238bde0cf94feb03e,cabinet/C2022-259238bde0cf94feb03e,focal,cabinet,not_applicable,,,2,2,2,2022,Cabinet 2022/22-01,Cabinet 2022/22-01,22-01,"[""lula_3-2023-01-01""]",2023-01-01,2023-09-12,255,,,,,,not applicable,true,false,true,false,false,cabinet/C2022-259238bde0cf94feb03e,"MDB, PCdoB, PDT, PSB, PSD, PSOL, PT, REDE, UNIÃO",2,PCdoB,DF,6525,1607519,0.004059050001897334,0,8,0.0,0.03247240001517867,0.030593343191226443,-0.03247240001517867,0.0018790568239522264,-0.030593343191226443,0.17628181135851972,0.4096951230434007,0.5859769344019204,-52200//1607519,330496580925//175884292966652,-3347325//109413508,accounting attribution; not an independent causal effect
cabinet/C2022-259238bde0cf94feb03e,cabinet/C2022-259238bde0cf94feb03e,cabinet/C2022-259238bde0cf94feb03e,cabinet/C2022-259238bde0cf94feb03e,focal,cabinet,not_applicable,,,2,2,2,2022,Cabinet 2022/22-01,Cabinet 2022/22-01,22-01,"[""lula_3-2023-01-01""]",2023-01-01,2023-09-12,255,,,,,,not applicable,true,false,true,false,false,cabinet/C2022-259238bde0cf94feb03e,"MDB, PCdoB, PDT, PSB, PSD, PSOL, PT, REDE, UNIÃO",2,PCdoB,ES,8015,2084430,0.0038451758994065524,0,10,0.0,0.03845175899406553,0.0375794092992613,-0.03845175899406553,0.0008723496948042298,-0.0375794092992613,0.17628181135851972,0.4096951230434007,0.5859769344019204,-8015//208443,19895225735//22806479848044,-4111695//109413508,accounting attribution; not an independent causal effect
cabinet/C2022-259238bde0cf94feb03e,cabinet/C2022-259238bde0cf94feb03e,cabinet/C2022-259238bde0cf94feb03e,cabinet/C2022-259238bde0cf94feb03e,focal,cabinet,not_applicable,,,2,2,2,2022,Cabinet 2022/22-01,Cabinet 2022/22-01,22-01,"[""lula_3-2023-01-01""]",2023-01-01,2023-09-12,255,,,,,,not applicable,true,false,true,false,false,cabinet/C2022-259238bde0cf94feb03e,"MDB, PCdoB, PDT, PSB, PSD, PSOL, PT, REDE, UNIÃO",2,PCdoB,GO,4668,3439644,0.0013571171900347827,0,17,0.0,0.023070992230591305,0.021886548048527976,-0.023070992230591305,0.0011844441820633301,-0.021886548048527976,0.17628181135851972,0.4096951230434007,0.5859769344019204,-389//16861,546271922//461205289597,-598671//27353377,accounting attribution; not an independent causal effect
cabinet/C2022-259238bde0cf94feb03e,cabinet/C2022-259238bde0cf94feb03e,cabinet/C2022-259238bde0cf94feb03e,cabinet/C2022-259238bde0cf94feb03e,focal,cabinet,not_applicable,,,2,2,2,2022,Cabinet 2022/22-01,Cabinet 2022/22-01,22-01,"[""lula_3-2023-01-01""]",2023-01-01,2023-09-12,255,,,,,,not applicable,true,false,true,false,false,cabinet/C2022-259238bde0cf94feb03e,"MDB, PCdoB, PDT, PSB, PSD, PSOL, PT, REDE, UNIÃO",2,PCdoB,MA,178248,3707930,0.04807210492107456,1,18,0.05555555555555555,0.8652978885793421,0.8357398064597289,0.13470211142065788,0.02955808211961321,0.1642601935402711,0.17628181135851972,0.4096951230434007,0.5859769344019204,249733//1853965,1498955478174//50712203589805,4493071//27353377,accounting attribution; not an independent causal effect
cabinet/C2022-259238bde0cf94feb03e,cabinet/C2022-259238bde0cf94feb03e,cabinet/C2022-259238bde0cf94feb03e,cabinet/C2022-259238bde0cf94feb03e,focal,cabinet,not_applicable,,,2,2,2,2022,Cabinet 2022/22-01,Cabinet 2022/22-01,22-01,"[""lula_3-2023-01-01""]",2023-01-01,2023-09-12,255,,,,,,not applicable,true,false,true,false,false,cabinet/C2022-259238bde0cf94feb03e,"MDB, PCdoB, PDT, PSB, PSD, PSOL, PT, REDE, UNIÃO",2,PCdoB,MG,39658,11181098,0.0035468788485710436,0,53,0.0,0.18798457897426532,0.1859418857130511,-0.18798457897426532,0.0020426932612142385,-0.1859418857130511,0.17628181135851972,0.4096951230434007,0.5859769344019204,-1050937//5590549,624738918425//305840788867946,-10172277//54706754,accounting attribution; not an independent causal effect
cabinet/C2022-259238bde0cf94feb03e,cabinet/C2022-259238bde0cf94feb03e,cabinet/C2022-259238bde0cf94feb03e,cabinet/C2022-259238bde0cf94feb03e,focal,cabinet,not_applicable,,,2,2,2,2022,Cabinet 2022/22-01,Cabinet 2022/22-01,22-01,"[""lula_3-2023-01-01""]",2023-01-01,2023-09-12,255,,,,,,not applicable,true,false,true,false,false,cabinet/C2022-259238bde0cf94feb03e,"MDB, PCdoB, PDT, PSB, PSD, PSOL, PT, REDE, UNIÃO",2,PCdoB,MS,1486,1374808,0.0010808782026290216,0,8,0.0,0.008647025621032173,0.0069673115681475085,-0.008647025621032173,0.0016797140528846644,-0.0069673115681475085,0.17628181135851972,0.4096951230434007,0.5859769344019204,-1486//171851,15791681135//9401410381654,-381159//54706754,accounting attribution; not an independent causal effect
cabinet/C2022-259238bde0cf94feb03e,cabinet/C2022-259238bde0cf94feb03e,cabinet/C2022-259238bde0cf94feb03e,cabinet/C2022-259238bde0cf94feb03e,focal,cabinet,not_applicable,,,2,2,2,2022,Cabinet 2022/22-01,Cabinet 2022/22-01,22-01,"[""lula_3-2023-01-01""]",2023-01-01,2023-09-12,255,,,,,,not applicable,true,false,true,false,false,cabinet/C2022-259238bde0cf94feb03e,"MDB, PCdoB, PDT, PSB, PSD, PSOL, PT, REDE, UNIÃO",2,PCdoB,MT,3971,1730277,0.0022950082559035343,0,8,0.0,0.018360066047228275,0.018618569473158653,-0.018360066047228275,-0.00025850342593037624,-0.018618569473158653,0.17628181135851972,0.4096951230434007,0.5859769344019204,-31768//1730277,-48938750927//189315676381716,-2037123//109413508,accounting attribution; not an independent causal effect
cabinet/C2022-259238bde0cf94feb03e,cabinet/C2022-259238bde0cf94feb03e,cabinet/C2022-259238bde0cf94feb03e,cabinet/C2022-259238bde0cf94feb03e,focal,cabinet,not_applicable,,,2,2,2,2022,Cabinet 2022/22-01,Cabinet 2022/22-01,22-01,"[""lula_3-2023-01-01""]",2023-01-01,2023-09-12,255,,,,,,not applicable,true,false,true,false,false,cabinet/C2022-259238bde0cf94feb03e,"MDB, PCdoB, PDT, PSB, PSD, PSOL, PT, REDE, UNIÃO",2,PCdoB,PA,15832,4521516,0.003501480476901995,0,17,0.0,0.05952516810733391,0.07423046887409916,-0.05952516810733391,-0.014705300766765253,-0.07423046887409916,0.17628181135851972,0.4096951230434007,0.5859769344019204,-67286//1130379,-454683237244//30919682939883,-2030454//27353377,accounting attribution; not an independent causal effect
cabinet/C2022-259238bde0cf94feb03e,cabinet/C2022-259238bde0cf94feb03e,cabinet/C2022-259238bde0cf94feb03e,cabinet/C2022-259238bde0cf94feb03e,focal,cabinet,not_applicable,,,2,2,2,2022,Cabinet 2022/22-01,Cabinet 2022/22-01,22-01,"[""lula_3-2023-01-01""]",2023-01-01,2023-09-12,255,,,,,,not applicable,true,false,true,false,false,cabinet/C2022-259238bde0cf94feb03e,"MDB, PCdoB, PDT, PSB, PSD, PSOL, PT, REDE, UNIÃO",2,PCdoB,PB,4264,2209355,0.0019299750379635685,0,12,0.0,0.023159700455562822,0.019992339519906446,-0.023159700455562822,0.0031673609356563776,-0.019992339519906446,0.17628181135851972,0.4096951230434007,0.5859769344019204,-51168//2209355,191414137746//60433320241835,-546858//27353377,accounting attribution; not an independent causal effect
cabinet/C2022-259238bde0cf94feb03e,cabinet/C2022-259238bde0cf94feb03e,cabinet/C2022-259238bde0cf94feb03e,cabinet/C2022-259238bde0cf94feb03e,focal,cabinet,not_applicable,,,2,2,2,2022,Cabinet 2022/22-01,Cabinet 2022/22-01,22-01,"[""lula_3-2023-01-01""]",2023-01-01,2023-09-12,255,,,,,,not applicable,true,false,true,false,false,cabinet/C2022-259238bde0cf94feb03e,"MDB, PCdoB, PDT, PSB, PSD, PSOL, PT, REDE, UNIÃO",2,PCdoB,PE,63854,4969863,0.012848241490761416,1,25,0.04,0.3212060372690354,0.29938809749158213,0.6787939627309646,0.021817939777453266,0.7006119025084179,0.17628181135851972,0.4096951230434007,0.5859769344019204,3373513//4969863,5931972139387//271885072554702,38328203//54706754,accounting attribution; not an independent causal effect
cabinet/C2022-259238bde0cf94feb03e,cabinet/C2022-259238bde0cf94feb03e,cabinet/C2022-259238bde0cf94feb03e,cabinet/C2022-259238bde0cf94feb03e,focal,cabinet,not_applicable,,,2,2,2,2022,Cabinet 2022/22-01,Cabinet 2022/22-01,22-01,"[""lula_3-2023-01-01""]",2023-01-01,2023-09-12,255,,,,,,not applicable,true,false,true,false,false,cabinet/C2022-259238bde0cf94feb03e,"MDB, PCdoB, PDT, PSB, PSD, PSOL, PT, REDE, UNIÃO",2,PCdoB,PI,849,1957483,0.0004337202417594431,0,10,0.0,0.004337202417594431,0.003980651091088314,-0.004337202417594431,0.00035655132650611694,-0.003980651091088314,0.17628181135851972,0.4096951230434007,0.5859769344019204,-8490//1957483,76364409549//214175081880364,-435537//109413508,accounting attribution; not an independent causal effect
cabinet/C2022-259238bde0cf94feb03e,cabinet/C2022-259238bde0cf94feb03e,cabinet/C2022-259238bde0cf94feb03e,cabinet/C2022-259238bde0cf94feb03e,focal,cabinet,not_applicable,,,2,2,2,2022,Cabinet 2022/22-01,Cabinet 2022/22-01,22-01,"[""lula_3-2023-01-01""]",2023-01-01,2023-09-12,255,,,,,,not applicable,true,false,true,false,false,cabinet/C2022-259238bde0cf94feb03e,"MDB, PCdoB, PDT, PSB, PSD, PSOL, PT, REDE, UNIÃO",2,PCdoB,PR,8268,6038642,0.0013691820114522437,0,30,0.0,0.041075460343567315,0.03876563394713567,-0.041075460343567315,0.002309826396431644,-0.03876563394713567,0.17628181135851972,0.4096951230434007,0.5859769344019204,-124020//3019321,190765387449//82588625597017,-1060371//27353377,accounting attribution; not an independent causal effect
cabinet/C2022-259238bde0cf94feb03e,cabinet/C2022-259238bde0cf94feb03e,cabinet/C2022-259238bde0cf94feb03e,cabinet/C2022-259238bde0cf94feb03e,focal,cabinet,not_applicable,,,2,2,2,2022,Cabinet 2022/22-01,Cabinet 2022/22-01,22-01,"[""lula_3-2023-01-01""]",2023-01-01,2023-09-12,255,,,,,,not applicable,true,false,true,false,false,cabinet/C2022-259238bde0cf94feb03e,"MDB, PCdoB, PDT, PSB, PSD, PSOL, PT, REDE, UNIÃO",2,PCdoB,RJ,125298,8575988,0.014610328279377256,1,46,0.021739130434782608,0.6720751008513538,0.5874765847010408,0.3279248991486462,0.08459851615031305,0.41252341529895925,0.17628181135851972,0.4096951230434007,0.5859769344019204,703070//2143997,9922654409769//117291116455738,22567817//54706754,accounting attribution; not an independent causal effect
cabinet/C2022-259238bde0cf94feb03e,cabinet/C2022-259238bde0cf94feb03e,cabinet/C2022-259238bde0cf94feb03e,cabinet/C2022-259238bde0cf94feb03e,focal,cabinet,not_applicable,,,2,2,2,2022,Cabinet 2022/22-01,Cabinet 2022/22-01,22-01,"[""lula_3-2023-01-01""]",2023-01-01,2023-09-12,255,,,,,,not applicable,true,false,true,false,false,cabinet/C2022-259238bde0cf94feb03e,"MDB, PCdoB, PDT, PSB, PSD, PSOL, PT, REDE, UNIÃO",2,PCdoB,RN,4889,1864825,0.002621693724612229,0,8,0.0,0.020973549796897833,0.022922736377303615,-0.020973549796897833,-0.001949186580405782,-0.022922736377303615,0.17628181135851972,0.4096951230434007,0.5859769344019204,-39112//1864825,-397706270129//204037045056100,-2508057//109413508,accounting attribution; not an independent causal effect
cabinet/C2022-259238bde0cf94feb03e,cabinet/C2022-259238bde0cf94feb03e,cabinet/C2022-259238bde0cf94feb03e,cabinet/C2022-259238bde0cf94feb03e,focal,cabinet,not_applicable,,,2,2,2,2022,Cabinet 2022/22-01,Cabinet 2022/22-01,22-01,"[""lula_3-2023-01-01""]",2023-01-01,2023-09-12,255,,,,,,not applicable,true,false,true,false,false,cabinet/C2022-259238bde0cf94feb03e,"MDB, PCdoB, PDT, PSB, PSD, PSOL, PT, REDE, UNIÃO",2,PCdoB,RO,2184,869148,0.002512805644148062,0,8,0.0,0.020102445153184496,0.010239978778488668,-0.020102445153184496,0.00986246637469583,-0.010239978778488668,0.17628181135851972,0.4096951230434007,0.5859769344019204,-208//10347,2791328410//283025391819,-280098//27353377,accounting attribution; not an independent causal effect
cabinet/C2022-259238bde0cf94feb03e,cabinet/C2022-259238bde0cf94feb03e,cabinet/C2022-259238bde0cf94feb03e,cabinet/C2022-259238bde0cf94feb03e,focal,cabinet,not_applicable,,,2,2,2,2022,Cabinet 2022/22-01,Cabinet 2022/22-01,22-01,"[""lula_3-2023-01-01""]",2023-01-01,2023-09-12,255,,,,,,not applicable,true,false,true,false,false,cabinet/C2022-259238bde0cf94feb03e,"MDB, PCdoB, PDT, PSB, PSD, PSOL, PT, REDE, UNIÃO",2,PCdoB,RR,15,291714,5.142022666035912e-5,0,8,0.0,0.00041136181328287297,7.032952457753206e-5,-0.00041136181328287297,0.0003410322887053409,-7.032952457753206e-5,0.17628181135851972,0.4096951230434007,0.5859769344019204,-20//48619,1814146955//5319575345452,-7695//109413508,accounting attribution; not an independent causal effect
cabinet/C2022-259238bde0cf94feb03e,cabinet/C2022-259238bde0cf94feb03e,cabinet/C2022-259238bde0cf94feb03e,cabinet/C2022-259238bde0cf94feb03e,focal,cabinet,not_applicable,,,2,2,2,2022,Cabinet 2022/22-01,Cabinet 2022/22-01,22-01,"[""lula_3-2023-01-01""]",2023-01-01,2023-09-12,255,,,,,,not applicable,true,false,true,false,false,cabinet/C2022-259238bde0cf94feb03e,"MDB, PCdoB, PDT, PSB, PSD, PSOL, PT, REDE, UNIÃO",2,PCdoB,RS,109274,6149822,0.017768644360763614,1,31,0.03225806451612903,0.550827975183672,0.5123458979123492,0.449172024816328,0.03848207727132281,0.4876541020876508,0.17628181135851972,0.4096951230434007,0.5859769344019204,1381164//3074911,6473393453747//168218399648894,26677973//54706754,accounting attribution; not an independent causal effect
cabinet/C2022-259238bde0cf94feb03e,cabinet/C2022-259238bde0cf94feb03e,cabinet/C2022-259238bde0cf94feb03e,cabinet/C2022-259238bde0cf94feb03e,focal,cabinet,not_applicable,,,2,2,2,2022,Cabinet 2022/22-01,Cabinet 2022/22-01,22-01,"[""lula_3-2023-01-01""]",2023-01-01,2023-09-12,255,,,,,,not applicable,true,false,true,false,false,cabinet/C2022-259238bde0cf94feb03e,"MDB, PCdoB, PDT, PSB, PSD, PSOL, PT, REDE, UNIÃO",2,PCdoB,SC,39868,3969848,0.010042701886822871,0,16,0.0,0.16068323018916594,0.18692649905713654,-0.16068323018916594,-0.026243268867970595,-0.18692649905713654,0.17628181135851972,0.4096951230434007,0.5859769344019204,-79736//496231,-356215466929//13573593622087,-5113071//27353377,accounting attribution; not an independent causal effect
cabinet/C2022-259238bde0cf94feb03e,cabinet/C2022-259238bde0cf94feb03e,cabinet/C2022-259238bde0cf94feb03e,cabinet/C2022-259238bde0cf94feb03e,focal,cabinet,not_applicable,,,2,2,2,2022,Cabinet 2022/22-01,Cabinet 2022/22-01,22-01,"[""lula_3-2023-01-01""]",2023-01-01,2023-09-12,255,,,,,,not applicable,true,false,true,false,false,cabinet/C2022-259238bde0cf94feb03e,"MDB, PCdoB, PDT, PSB, PSD, PSOL, PT, REDE, UNIÃO",2,PCdoB,SE,985,1191617,0.0008266078782024762,0,8,0.0,0.006612863025619809,0.004618305447257938,-0.006612863025619809,0.0019945575783618706,-0.004618305447257938,0.17628181135851972,0.4096951230434007,0.5859769344019204,-7880//1191617,260048414855//130378996162436,-505305//109413508,accounting attribution; not an independent causal effect
cabinet/C2022-259238bde0cf94feb03e,cabinet/C2022-259238bde0cf94feb03e,cabinet/C2022-259238bde0cf94feb03e,cabinet/C2022-259238bde0cf94feb03e,focal,cabinet,not_applicable,,,2,2,2,2022,Cabinet 2022/22-01,Cabinet 2022/22-01,22-01,"[""lula_3-2023-01-01""]",2023-01-01,2023-09-12,255,,,,,,not applicable,true,false,true,false,false,cabinet/C2022-259238bde0cf94feb03e,"MDB, PCdoB, PDT, PSB, PSD, PSOL, PT, REDE, UNIÃO",2,PCdoB,SP,145727,23321040,0.006248735047836631,0,70,0.0,0.43741145334856424,0.6832607085406676,-0.43741145334856424,-0.24584925519210335,-0.6832607085406676,0.17628181135851972,0.4096951230434007,0.5859769344019204,-1020089//2332104,-15682950149173//63790919915208,-74757951//109413508,accounting attribution; not an independent causal effect
cabinet/C2022-259238bde0cf94feb03e,cabinet/C2022-259238bde0cf94feb03e,cabinet/C2022-259238bde0cf94feb03e,cabinet/C2022-259238bde0cf94feb03e,focal,cabinet,not_applicable,,,2,2,2,2022,Cabinet 2022/22-01,Cabinet 2022/22-01,22-01,"[""lula_3-2023-01-01""]",2023-01-01,2023-09-12,255,,,,,,not applicable,true,false,true,false,false,cabinet/C2022-259238bde0cf94feb03e,"MDB, PCdoB, PDT, PSB, PSD, PSOL, PT, REDE, UNIÃO",2,PCdoB,TO,1727,830140,0.0020803719854482375,0,8,0.0,0.0166429758835859,0.008097272596359856,-0.0166429758835859,0.008545703287226043,-0.008097272596359856,0.17628181135851972,0.4096951230434007,0.5859769344019204,-3454//207535,194048415847//22707132382780,-885951//109413508,accounting attribution; not an independent causal effect
cabinet/C2022-259238bde0cf94feb03e,cabinet/C2022-259238bde0cf94feb03e,cabinet/C2022-259238bde0cf94feb03e,cabinet/C2022-259238bde0cf94feb03e,focal,cabinet,not_applicable,,,2,2,2,2022,Cabinet 2022/22-01,Cabinet 2022/22-01,22-01,"[""lula_3-2023-01-01""]",2023-01-01,2023-09-12,255,,,,,,not applicable,true,false,true,false,false,cabinet/C2022-259238bde0cf94feb03e,"MDB, PCdoB, PDT, PSB, PSD, PSOL, PT, REDE, UNIÃO",3,PDT,AC,21856,434253,0.05033010710346273,0,8,0.0,0.40264085682770184,0.10247480594443603,-0.40264085682770184,0.3001660508832658,-0.10247480594443603,-1.9742011739935168,1.024385772772673,-0.9498154012208437,-174848//434253,3565458206600//11878286022381,-2803032//27353377,accounting attribution; not an independent causal effect
cabinet/C2022-259238bde0cf94feb03e,cabinet/C2022-259238bde0cf94feb03e,cabinet/C2022-259238bde0cf94feb03e,cabinet/C2022-259238bde0cf94feb03e,focal,cabinet,not_applicable,,,2,2,2,2022,Cabinet 2022/22-01,Cabinet 2022/22-01,22-01,"[""lula_3-2023-01-01""]",2023-01-01,2023-09-12,255,,,,,,not applicable,true,false,true,false,false,cabinet/C2022-259238bde0cf94feb03e,"MDB, PCdoB, PDT, PSB, PSD, PSOL, PT, REDE, UNIÃO",3,PDT,AL,16018,1650763,0.009703391704320972,0,9,0.0,0.08733052533888874,0.07510255497886056,-0.08733052533888874,0.012227970360028182,-0.07510255497886056,-1.9742011739935168,1.024385772772673,-0.9498154012208437,-144162//1650763,1104282145377//90307885353302,-4108617//54706754,accounting attribution; not an independent causal effect
cabinet/C2022-259238bde0cf94feb03e,cabinet/C2022-259238bde0cf94feb03e,cabinet/C2022-259238bde0cf94feb03e,cabinet/C2022-259238bde0cf94feb03e,focal,cabinet,not_applicable,,,2,2,2,2022,Cabinet 2022/22-01,Cabinet 2022/22-01,22-01,"[""lula_3-2023-01-01""]",2023-01-01,2023-09-12,255,,,,,,not applicable,true,false,true,false,false,cabinet/C2022-259238bde0cf94feb03e,"MDB, PCdoB, PDT, PSB, PSD, PSOL, PT, REDE, UNIÃO",3,PDT,AM,12234,1976477,0.006189801348561101,0,8,0.0,0.04951841078848881,0.05736076024543514,-0.04951841078848881,-0.007842349456946332,-0.05736076024543514,-1.9742011739935168,1.024385772772673,-0.9498154012208437,-97872//1976477,-847966904529//108126641025658,-3138021//54706754,accounting attribution; not an independent causal effect
cabinet/C2022-259238bde0cf94feb03e,cabinet/C2022-259238bde0cf94feb03e,cabinet/C2022-259238bde0cf94feb03e,cabinet/C2022-259238bde0cf94feb03e,focal,cabinet,not_applicable,,,2,2,2,2022,Cabinet 2022/22-01,Cabinet 2022/22-01,22-01,"[""lula_3-2023-01-01""]",2023-01-01,2023-09-12,255,,,,,,not applicable,true,false,true,false,false,cabinet/C2022-259238bde0cf94feb03e,"MDB, PCdoB, PDT, PSB, PSD, PSOL, PT, REDE, UNIÃO",3,PDT,AP,64888,423017,0.15339336244169857,3,8,0.375,1.2271468995335886,0.30423614605246,1.7728531004664114,0.9229107534811285,2.69576385394754,-1.9742011739935168,1.024385772772673,-0.9498154012208437,749947//423017,10678948164146//11570943478409,73738245//27353377,accounting attribution; not an independent causal effect
cabinet/C2022-259238bde0cf94feb03e,cabinet/C2022-259238bde0cf94feb03e,cabinet/C2022-259238bde0cf94feb03e,cabinet/C2022-259238bde0cf94feb03e,focal,cabinet,not_applicable,,,2,2,2,2022,Cabinet 2022/22-01,Cabinet 2022/22-01,22-01,"[""lula_3-2023-01-01""]",2023-01-01,2023-09-12,255,,,,,,not applicable,true,false,true,false,false,cabinet/C2022-259238bde0cf94feb03e,"MDB, PCdoB, PDT, PSB, PSD, PSOL, PT, REDE, UNIÃO",3,PDT,BA,396887,7958431,0.049870005783803364,2,39,0.05128205128205128,1.9449302255683312,1.8608582680668644,0.05506977443166876,0.08407195750146695,0.13914173193313573,-1.9742011739935168,1.024385772772673,-0.9498154012208437,33713//612187,5631268109991//66981527221996,15223985//109413508,accounting attribution; not an independent causal effect
cabinet/C2022-259238bde0cf94feb03e,cabinet/C2022-259238bde0cf94feb03e,cabinet/C2022-259238bde0cf94feb03e,cabinet/C2022-259238bde0cf94feb03e,focal,cabinet,not_applicable,,,2,2,2,2022,Cabinet 2022/22-01,Cabinet 2022/22-01,22-01,"[""lula_3-2023-01-01""]",2023-01-01,2023-09-12,255,,,,,,not applicable,true,false,true,false,false,cabinet/C2022-259238bde0cf94feb03e,"MDB, PCdoB, PDT, PSB, PSD, PSOL, PT, REDE, UNIÃO",3,PDT,CE,975407,5083860,0.19186346594910167,5,22,0.22727272727272727,4.220996250880237,4.573327371973121,0.7790037491197633,-0.3523311210928839,0.42667262802687944,-1.9742011739935168,1.024385772772673,-0.9498154012208437,1980173//2541930,-48995426140657//139060739195220,46683749//109413508,accounting attribution; not an independent causal effect
cabinet/C2022-259238bde0cf94feb03e,cabinet/C2022-259238bde0cf94feb03e,cabinet/C2022-259238bde0cf94feb03e,cabinet/C2022-259238bde0cf94feb03e,focal,cabinet,not_applicable,,,2,2,2,2022,Cabinet 2022/22-01,Cabinet 2022/22-01,22-01,"[""lula_3-2023-01-01""]",2023-01-01,2023-09-12,255,,,,,,not applicable,true,false,true,false,false,cabinet/C2022-259238bde0cf94feb03e,"MDB, PCdoB, PDT, PSB, PSD, PSOL, PT, REDE, UNIÃO",3,PDT,DF,9513,1607519,0.0059178149682834235,0,8,0.0,0.04734251974626739,0.044602984487070826,-0.04734251974626739,0.002739535259196556,-0.044602984487070826,-1.9742011739935168,1.024385772772673,-0.9498154012208437,-76104//1607519,481841222121//175884292966652,-4880169//109413508,accounting attribution; not an independent causal effect
cabinet/C2022-259238bde0cf94feb03e,cabinet/C2022-259238bde0cf94feb03e,cabinet/C2022-259238bde0cf94feb03e,cabinet/C2022-259238bde0cf94feb03e,focal,cabinet,not_applicable,,,2,2,2,2022,Cabinet 2022/22-01,Cabinet 2022/22-01,22-01,"[""lula_3-2023-01-01""]",2023-01-01,2023-09-12,255,,,,,,not applicable,true,false,true,false,false,cabinet/C2022-259238bde0cf94feb03e,"MDB, PCdoB, PDT, PSB, PSD, PSOL, PT, REDE, UNIÃO",3,PDT,ES,125713,2084430,0.060310492556718144,0,10,0.0,0.6031049255671814,0.5894223682143525,-0.6031049255671814,0.013682557352828964,-0.5894223682143525,-1.9742011739935168,1.024385772772673,-0.9498154012208437,-125713//208443,312050968537//22806479848044,-64490769//109413508,accounting attribution; not an independent causal effect
cabinet/C2022-259238bde0cf94feb03e,cabinet/C2022-259238bde0cf94feb03e,cabinet/C2022-259238bde0cf94feb03e,cabinet/C2022-259238bde0cf94feb03e,focal,cabinet,not_applicable,,,2,2,2,2022,Cabinet 2022/22-01,Cabinet 2022/22-01,22-01,"[""lula_3-2023-01-01""]",2023-01-01,2023-09-12,255,,,,,,not applicable,true,false,true,false,false,cabinet/C2022-259238bde0cf94feb03e,"MDB, PCdoB, PDT, PSB, PSD, PSOL, PT, REDE, UNIÃO",3,PDT,GO,180557,3439644,0.05249293240812131,1,17,0.058823529411764705,0.8923798509380622,0.846565864609697,0.1076201490619378,0.04581398632836519,0.15343413539030298,-1.9742011739935168,1.024385772772673,-0.9498154012208437,1675//15564,9752147461//212863979814,16787767//109413508,accounting attribution; not an independent causal effect
cabinet/C2022-259238bde0cf94feb03e,cabinet/C2022-259238bde0cf94feb03e,cabinet/C2022-259238bde0cf94feb03e,cabinet/C2022-259238bde0cf94feb03e,focal,cabinet,not_applicable,,,2,2,2,2022,Cabinet 2022/22-01,Cabinet 2022/22-01,22-01,"[""lula_3-2023-01-01""]",2023-01-01,2023-09-12,255,,,,,,not applicable,true,false,true,false,false,cabinet/C2022-259238bde0cf94feb03e,"MDB, PCdoB, PDT, PSB, PSD, PSOL, PT, REDE, UNIÃO",3,PDT,MA,183387,3707930,0.04945805341524786,1,18,0.05555555555555555,0.8902449614744615,0.8598347015799914,0.10975503852553851,0.030410259894470108,0.1401652984200086,-1.9742011739935168,1.024385772772673,-0.9498154012208437,203482//1853965,6168685163949//202848814359220,15335977//109413508,accounting attribution; not an independent causal effect
cabinet/C2022-259238bde0cf94feb03e,cabinet/C2022-259238bde0cf94feb03e,cabinet/C2022-259238bde0cf94feb03e,cabinet/C2022-259238bde0cf94feb03e,focal,cabinet,not_applicable,,,2,2,2,2022,Cabinet 2022/22-01,Cabinet 2022/22-01,22-01,"[""lula_3-2023-01-01""]",2023-01-01,2023-09-12,255,,,,,,not applicable,true,false,true,false,false,cabinet/C2022-259238bde0cf94feb03e,"MDB, PCdoB, PDT, PSB, PSD, PSOL, PT, REDE, UNIÃO",3,PDT,MG,425633,11181098,0.03806719161212969,2,53,0.03773584905660377,2.0175611554428734,1.9956377689672467,-0.01756115544287332,0.021923386475626607,0.0043622310327532865,-1.9742011739935168,1.024385772772673,-0.9498154012208437,-196353//11181098,13410131628725//611681577735892,477287//109413508,accounting attribution; not an independent causal effect
cabinet/C2022-259238bde0cf94feb03e,cabinet/C2022-259238bde0cf94feb03e,cabinet/C2022-259238bde0cf94feb03e,cabinet/C2022-259238bde0cf94feb03e,focal,cabinet,not_applicable,,,2,2,2,2022,Cabinet 2022/22-01,Cabinet 2022/22-01,22-01,"[""lula_3-2023-01-01""]",2023-01-01,2023-09-12,255,,,,,,not applicable,true,false,true,false,false,cabinet/C2022-259238bde0cf94feb03e,"MDB, PCdoB, PDT, PSB, PSD, PSOL, PT, REDE, UNIÃO",3,PDT,MS,12566,1374808,0.009140185393160354,0,8,0.0,0.07312148314528283,0.05891738705608452,-0.07312148314528283,0.014204096089198313,-0.05891738705608452,-1.9742011739935168,1.024385772772673,-0.9498154012208437,-12566//171851,133538536435//9401410381654,-3223179//54706754,accounting attribution; not an independent causal effect
cabinet/C2022-259238bde0cf94feb03e,cabinet/C2022-259238bde0cf94feb03e,cabinet/C2022-259238bde0cf94feb03e,cabinet/C2022-259238bde0cf94feb03e,focal,cabinet,not_applicable,,,2,2,2,2022,Cabinet 2022/22-01,Cabinet 2022/22-01,22-01,"[""lula_3-2023-01-01""]",2023-01-01,2023-09-12,255,,,,,,not applicable,true,false,true,false,false,cabinet/C2022-259238bde0cf94feb03e,"MDB, PCdoB, PDT, PSB, PSD, PSOL, PT, REDE, UNIÃO",3,PDT,MT,10708,1730277,0.006188604483559569,0,8,0.0,0.04950883586847655,0.05020590327841422,-0.04950883586847655,-0.0006970674099376653,-0.05020590327841422,-1.9742011739935168,1.024385772772673,-0.9498154012208437,-85664//1730277,-32991447049//47328919095429,-1373301//27353377,accounting attribution; not an independent causal effect
cabinet/C2022-259238bde0cf94feb03e,cabinet/C2022-259238bde0cf94feb03e,cabinet/C2022-259238bde0cf94feb03e,cabinet/C2022-259238bde0cf94feb03e,focal,cabinet,not_applicable,,,2,2,2,2022,Cabinet 2022/22-01,Cabinet 2022/22-01,22-01,"[""lula_3-2023-01-01""]",2023-01-01,2023-09-12,255,,,,,,not applicable,true,false,true,false,false,cabinet/C2022-259238bde0cf94feb03e,"MDB, PCdoB, PDT, PSB, PSD, PSOL, PT, REDE, UNIÃO",3,PDT,PA,150865,4521516,0.03336602148482942,0,17,0.0,0.5672223652421002,0.7073509150259583,-0.5672223652421002,-0.140128549783858,-0.7073509150259583,-1.9742011739935168,1.024385772772673,-0.9498154012208437,-2564705//4521516,-8665460660285//61839365879766,-77393745//109413508,accounting attribution; not an independent causal effect
cabinet/C2022-259238bde0cf94feb03e,cabinet/C2022-259238bde0cf94feb03e,cabinet/C2022-259238bde0cf94feb03e,cabinet/C2022-259238bde0cf94feb03e,focal,cabinet,not_applicable,,,2,2,2,2022,Cabinet 2022/22-01,Cabinet 2022/22-01,22-01,"[""lula_3-2023-01-01""]",2023-01-01,2023-09-12,255,,,,,,not applicable,true,false,true,false,false,cabinet/C2022-259238bde0cf94feb03e,"MDB, PCdoB, PDT, PSB, PSD, PSOL, PT, REDE, UNIÃO",3,PDT,PB,15037,2209355,0.006806058781861675,0,12,0.0,0.08167270538234009,0.07050300407148996,-0.08167270538234009,0.01116970131085013,-0.07050300407148996,-1.9742011739935168,1.024385772772673,-0.9498154012208437,-180444//2209355,2700088545297//241733280967340,-7713981//109413508,accounting attribution; not an independent causal effect
cabinet/C2022-259238bde0cf94feb03e,cabinet/C2022-259238bde0cf94feb03e,cabinet/C2022-259238bde0cf94feb03e,cabinet/C2022-259238bde0cf94feb03e,focal,cabinet,not_applicable,,,2,2,2,2022,Cabinet 2022/22-01,Cabinet 2022/22-01,22-01,"[""lula_3-2023-01-01""]",2023-01-01,2023-09-12,255,,,,,,not applicable,true,false,true,false,false,cabinet/C2022-259238bde0cf94feb03e,"MDB, PCdoB, PDT, PSB, PSD, PSOL, PT, REDE, UNIÃO",3,PDT,PE,140384,4969863,0.028247056307185932,0,25,0.0,0.7061764076796483,0.6582093318861506,-0.7061764076796483,0.047967075793497654,-0.6582093318861506,-1.9742011739935168,1.024385772772673,-0.9498154012208437,-3509600//4969863,6520765941176//135942536277351,-18004248//27353377,accounting attribution; not an independent causal effect
cabinet/C2022-259238bde0cf94feb03e,cabinet/C2022-259238bde0cf94feb03e,cabinet/C2022-259238bde0cf94feb03e,cabinet/C2022-259238bde0cf94feb03e,focal,cabinet,not_applicable,,,2,2,2,2022,Cabinet 2022/22-01,Cabinet 2022/22-01,22-01,"[""lula_3-2023-01-01""]",2023-01-01,2023-09-12,255,,,,,,not applicable,true,false,true,false,false,cabinet/C2022-259238bde0cf94feb03e,"MDB, PCdoB, PDT, PSB, PSD, PSOL, PT, REDE, UNIÃO",3,PDT,PI,27146,1957483,0.013867808813665304,0,10,0.0,0.13867808813665303,0.12727768494544567,-0.13867808813665303,0.011400403191207362,-0.12727768494544567,-1.9742011739935168,1.024385772772673,-0.9498154012208437,-271460//1957483,1220841143473//107087540940182,-6962949//54706754,accounting attribution; not an independent causal effect
cabinet/C2022-259238bde0cf94feb03e,cabinet/C2022-259238bde0cf94feb03e,cabinet/C2022-259238bde0cf94feb03e,cabinet/C2022-259238bde0cf94feb03e,focal,cabinet,not_applicable,,,2,2,2,2022,Cabinet 2022/22-01,Cabinet 2022/22-01,22-01,"[""lula_3-2023-01-01""]",2023-01-01,2023-09-12,255,,,,,,not applicable,true,false,true,false,false,cabinet/C2022-259238bde0cf94feb03e,"MDB, PCdoB, PDT, PSB, PSD, PSOL, PT, REDE, UNIÃO",3,PDT,PR,90644,6038642,0.015010659681431686,0,30,0.0,0.45031979044295056,0.4249966283870544,-0.45031979044295056,0.025323162055896218,-0.4249966283870544,-1.9742011739935168,1.024385772772673,-0.9498154012208437,-1359660//3019321,67464682257//2664149212807,-375003//882367,accounting attribution; not an independent causal effect
cabinet/C2022-259238bde0cf94feb03e,cabinet/C2022-259238bde0cf94feb03e,cabinet/C2022-259238bde0cf94feb03e,cabinet/C2022-259238bde0cf94feb03e,focal,cabinet,not_applicable,,,2,2,2,2022,Cabinet 2022/22-01,Cabinet 2022/22-01,22-01,"[""lula_3-2023-01-01""]",2023-01-01,2023-09-12,255,,,,,,not applicable,true,false,true,false,false,cabinet/C2022-259238bde0cf94feb03e,"MDB, PCdoB, PDT, PSB, PSD, PSOL, PT, REDE, UNIÃO",3,PDT,RJ,232718,8575988,0.027135998791043083,1,46,0.021739130434782608,1.248255944387982,1.091129753375607,-0.24825594438798188,0.1571261910123749,-0.09112975337560697,-1.9742011739935168,1.024385772772673,-0.9498154012208437,-532260//2143997,18429506368279//117291116455738,-4985413//54706754,accounting attribution; not an independent causal effect
cabinet/C2022-259238bde0cf94feb03e,cabinet/C2022-259238bde0cf94feb03e,cabinet/C2022-259238bde0cf94feb03e,cabinet/C2022-259238bde0cf94feb03e,focal,cabinet,not_applicable,,,2,2,2,2022,Cabinet 2022/22-01,Cabinet 2022/22-01,22-01,"[""lula_3-2023-01-01""]",2023-01-01,2023-09-12,255,,,,,,not applicable,true,false,true,false,false,cabinet/C2022-259238bde0cf94feb03e,"MDB, PCdoB, PDT, PSB, PSD, PSOL, PT, REDE, UNIÃO",3,PDT,RN,22404,1864825,0.012013995951362728,0,8,0.0,0.09611196761090182,0.10504417790900188,-0.09611196761090182,-0.00893221029810005,-0.10504417790900188,-1.9742011739935168,1.024385772772673,-0.9498154012208437,-179232//1864825,-455625448761//51009261264025,-2873313//27353377,accounting attribution; not an independent causal effect
cabinet/C2022-259238bde0cf94feb03e,cabinet/C2022-259238bde0cf94feb03e,cabinet/C2022-259238bde0cf94feb03e,cabinet/C2022-259238bde0cf94feb03e,focal,cabinet,not_applicable,,,2,2,2,2022,Cabinet 2022/22-01,Cabinet 2022/22-01,22-01,"[""lula_3-2023-01-01""]",2023-01-01,2023-09-12,255,,,,,,not applicable,true,false,true,false,false,cabinet/C2022-259238bde0cf94feb03e,"MDB, PCdoB, PDT, PSB, PSD, PSOL, PT, REDE, UNIÃO",3,PDT,RO,9803,869148,0.011278861597794622,0,8,0.0,0.09023089278235698,0.04596268862890311,-0.09023089278235698,0.04426820415345386,-0.04596268862890311,-1.9742011739935168,1.024385772772673,-0.9498154012208437,-19606//217287,1052438169355//23774132912796,-5028939//109413508,accounting attribution; not an independent causal effect
cabinet/C2022-259238bde0cf94feb03e,cabinet/C2022-259238bde0cf94feb03e,cabinet/C2022-259238bde0cf94feb03e,cabinet/C2022-259238bde0cf94feb03e,focal,cabinet,not_applicable,,,2,2,2,2022,Cabinet 2022/22-01,Cabinet 2022/22-01,22-01,"[""lula_3-2023-01-01""]",2023-01-01,2023-09-12,255,,,,,,not applicable,true,false,true,false,false,cabinet/C2022-259238bde0cf94feb03e,"MDB, PCdoB, PDT, PSB, PSD, PSOL, PT, REDE, UNIÃO",3,PDT,RR,1272,291714,0.0043604352207984535,0,8,0.0,0.03488348176638763,0.005963943684174718,-0.03488348176638763,0.028919538082212908,-0.005963943684174718,-1.9742011739935168,1.024385772772673,-0.9498154012208437,-1696//48619,38459915446//1329893836363,-163134//27353377,accounting attribution; not an independent causal effect
cabinet/C2022-259238bde0cf94feb03e,cabinet/C2022-259238bde0cf94feb03e,cabinet/C2022-259238bde0cf94feb03e,cabinet/C2022-259238bde0cf94feb03e,focal,cabinet,not_applicable,,,2,2,2,2022,Cabinet 2022/22-01,Cabinet 2022/22-01,22-01,"[""lula_3-2023-01-01""]",2023-01-01,2023-09-12,255,,,,,,not applicable,true,false,true,false,false,cabinet/C2022-259238bde0cf94feb03e,"MDB, PCdoB, PDT, PSB, PSD, PSOL, PT, REDE, UNIÃO",3,PDT,RS,321317,6149822,0.05224817889038089,2,31,0.06451612903225806,1.6196935456018076,1.5065381232452577,0.38030645439819233,0.11315542235654986,0.4934618767547422,-1.9742011739935168,1.024385772772673,-0.9498154012208437,2338817//6149822,38069648120827//336436799297788,53991395//109413508,accounting attribution; not an independent causal effect
cabinet/C2022-259238bde0cf94feb03e,cabinet/C2022-259238bde0cf94feb03e,cabinet/C2022-259238bde0cf94feb03e,cabinet/C2022-259238bde0cf94feb03e,focal,cabinet,not_applicable,,,2,2,2,2022,Cabinet 2022/22-01,Cabinet 2022/22-01,22-01,"[""lula_3-2023-01-01""]",2023-01-01,2023-09-12,255,,,,,,not applicable,true,false,true,false,false,cabinet/C2022-259238bde0cf94feb03e,"MDB, PCdoB, PDT, PSB, PSD, PSOL, PT, REDE, UNIÃO",3,PDT,SC,31296,3969848,0.007883425259606917,0,16,0.0,0.12613480415371067,0.1467355200785629,-0.12613480415371067,-0.020600715924852207,-0.1467355200785629,-1.9742011739935168,1.024385772772673,-0.9498154012208437,-62592//496231,-279625746288//13573593622087,-4013712//27353377,accounting attribution; not an independent causal effect
cabinet/C2022-259238bde0cf94feb03e,cabinet/C2022-259238bde0cf94feb03e,cabinet/C2022-259238bde0cf94feb03e,cabinet/C2022-259238bde0cf94feb03e,focal,cabinet,not_applicable,,,2,2,2,2022,Cabinet 2022/22-01,Cabinet 2022/22-01,22-01,"[""lula_3-2023-01-01""]",2023-01-01,2023-09-12,255,,,,,,not applicable,true,false,true,false,false,cabinet/C2022-259238bde0cf94feb03e,"MDB, PCdoB, PDT, PSB, PSD, PSOL, PT, REDE, UNIÃO",3,PDT,SE,57467,1191617,0.04822606592554487,0,8,0.0,0.38580852740435895,0.26944178592646895,-0.38580852740435895,0.11636674147788999,-0.26944178592646895,-1.9742011739935168,1.024385772772673,-0.9498154012208437,-459736//1191617,15171778940581//130378996162436,-29480571//109413508,accounting attribution; not an independent causal effect
cabinet/C2022-259238bde0cf94feb03e,cabinet/C2022-259238bde0cf94feb03e,cabinet/C2022-259238bde0cf94feb03e,cabinet/C2022-259238bde0cf94feb03e,focal,cabinet,not_applicable,,,2,2,2,2022,Cabinet 2022/22-01,Cabinet 2022/22-01,22-01,"[""lula_3-2023-01-01""]",2023-01-01,2023-09-12,255,,,,,,not applicable,true,false,true,false,false,cabinet/C2022-259238bde0cf94feb03e,"MDB, PCdoB, PDT, PSB, PSD, PSOL, PT, REDE, UNIÃO",3,PDT,SP,285898,23321040,0.012259230291616498,0,70,0.0,0.8581461204131549,1.3404713611778172,-0.8581461204131549,-0.48232524076466243,-1.3404713611778172,-1.9742011739935168,1.024385772772673,-0.9498154012208437,-1000643//1166052,-15383985403351//31895459957604,-73332837//54706754,accounting attribution; not an independent causal effect
cabinet/C2022-259238bde0cf94feb03e,cabinet/C2022-259238bde0cf94feb03e,cabinet/C2022-259238bde0cf94feb03e,cabinet/C2022-259238bde0cf94feb03e,focal,cabinet,not_applicable,,,2,2,2,2022,Cabinet 2022/22-01,Cabinet 2022/22-01,22-01,"[""lula_3-2023-01-01""]",2023-01-01,2023-09-12,255,,,,,,not applicable,true,false,true,false,false,cabinet/C2022-259238bde0cf94feb03e,"MDB, PCdoB, PDT, PSB, PSD, PSOL, PT, REDE, UNIÃO",3,PDT,TO,6749,830140,0.008129953983665407,0,8,0.0,0.06503963186932325,0.03164359742491759,-0.06503963186932325,0.033396034444405656,-0.03164359742491759,-1.9742011739935168,1.024385772772673,-0.9498154012208437,-13498//207535,758328175189//22707132382780,-3462237//109413508,accounting attribution; not an independent causal effect
cabinet/C2022-259238bde0cf94feb03e,cabinet/C2022-259238bde0cf94feb03e,cabinet/C2022-259238bde0cf94feb03e,cabinet/C2022-259238bde0cf94feb03e,focal,cabinet,not_applicable,,,2,2,2,2022,Cabinet 2022/22-01,Cabinet 2022/22-01,22-01,"[""lula_3-2023-01-01""]",2023-01-01,2023-09-12,255,,,,,,not applicable,true,false,true,false,false,cabinet/C2022-259238bde0cf94feb03e,"MDB, PCdoB, PDT, PSB, PSD, PSOL, PT, REDE, UNIÃO",4,PSB,AC,6321,434253,0.014556030700996885,0,8,0.0,0.11644824560797508,0.02963686165697201,-0.11644824560797508,0.08681138395100307,-0.02963686165697201,-5.545916698920125,-0.02866075636080796,-5.574577455280933,-16856//144751,1374893931425//15837714696508,-3242673//109413508,accounting attribution; not an independent causal effect
cabinet/C2022-259238bde0cf94feb03e,cabinet/C2022-259238bde0cf94feb03e,cabinet/C2022-259238bde0cf94feb03e,cabinet/C2022-259238bde0cf94feb03e,focal,cabinet,not_applicable,,,2,2,2,2022,Cabinet 2022/22-01,Cabinet 2022/22-01,22-01,"[""lula_3-2023-01-01""]",2023-01-01,2023-09-12,255,,,,,,not applicable,true,false,true,false,false,cabinet/C2022-259238bde0cf94feb03e,"MDB, PCdoB, PDT, PSB, PSD, PSOL, PT, REDE, UNIÃO",4,PSB,AL,117921,1650763,0.07143423980304865,0,9,0.0,0.6429081582274379,0.5528885245138105,-0.6429081582274379,0.09001963371362737,-0.5528885245138105,-5.545916698920125,-0.02866075636080796,-5.574577455280933,-1061289//1650763,16258965521913//180615770706604,-60493473//109413508,accounting attribution; not an independent causal effect
cabinet/C2022-259238bde0cf94feb03e,cabinet/C2022-259238bde0cf94feb03e,cabinet/C2022-259238bde0cf94feb03e,cabinet/C2022-259238bde0cf94feb03e,focal,cabinet,not_applicable,,,2,2,2,2022,Cabinet 2022/22-01,Cabinet 2022/22-01,22-01,"[""lula_3-2023-01-01""]",2023-01-01,2023-09-12,255,,,,,,not applicable,true,false,true,false,false,cabinet/C2022-259238bde0cf94feb03e,"MDB, PCdoB, PDT, PSB, PSD, PSOL, PT, REDE, UNIÃO",4,PSB,AM,3368,1976477,0.001704042091053931,0,8,0.0,0.013632336728431447,0.015791322585141866,-0.013632336728431447,-0.0021589858567104174,-0.015791322585141866,-5.545916698920125,-0.02866075636080796,-5.574577455280933,-26944//1976477,-116721944354//54063320512829,-431946//27353377,accounting attribution; not an independent causal effect
cabinet/C2022-259238bde0cf94feb03e,cabinet/C2022-259238bde0cf94feb03e,cabinet/C2022-259238bde0cf94feb03e,cabinet/C2022-259238bde0cf94feb03e,focal,cabinet,not_applicable,,,2,2,2,2022,Cabinet 2022/22-01,Cabinet 2022/22-01,22-01,"[""lula_3-2023-01-01""]",2023-01-01,2023-09-12,255,,,,,,not applicable,true,false,true,false,false,cabinet/C2022-259238bde0cf94feb03e,"MDB, PCdoB, PDT, PSB, PSD, PSOL, PT, REDE, UNIÃO",4,PSB,AP,15632,423017,0.03695359760955234,0,8,0.0,0.2956287808764187,0.07329274187973207,-0.2956287808764187,0.2223360389966866,-0.07329274187973207,-5.545916698920125,-0.02866075636080796,-5.574577455280933,-125056//423017,2572637740444//11570943478409,-2004804//27353377,accounting attribution; not an independent causal effect
cabinet/C2022-259238bde0cf94feb03e,cabinet/C2022-259238bde0cf94feb03e,cabinet/C2022-259238bde0cf94feb03e,cabinet/C2022-259238bde0cf94feb03e,focal,cabinet,not_applicable,,,2,2,2,2022,Cabinet 2022/22-01,Cabinet 2022/22-01,22-01,"[""lula_3-2023-01-01""]",2023-01-01,2023-09-12,255,,,,,,not applicable,true,false,true,false,false,cabinet/C2022-259238bde0cf94feb03e,"MDB, PCdoB, PDT, PSB, PSD, PSOL, PT, REDE, UNIÃO",4,PSB,BA,194702,7958431,0.02446487253580511,1,39,0.02564102564102564,0.9541300288963993,0.9128866062863097,0.0458699711036007,0.04124342261008957,0.08711339371369027,-5.545916698920125,-0.02866075636080796,-5.574577455280933,28081//612187,1381273717143//33490763610998,4765691//54706754,accounting attribution; not an independent causal effect
cabinet/C2022-259238bde0cf94feb03e,cabinet/C2022-259238bde0cf94feb03e,cabinet/C2022-259238bde0cf94feb03e,cabinet/C2022-259238bde0cf94feb03e,focal,cabinet,not_applicable,,,2,2,2,2022,Cabinet 2022/22-01,Cabinet 2022/22-01,22-01,"[""lula_3-2023-01-01""]",2023-01-01,2023-09-12,255,,,,,,not applicable,true,false,true,false,false,cabinet/C2022-259238bde0cf94feb03e,"MDB, PCdoB, PDT, PSB, PSD, PSOL, PT, REDE, UNIÃO",4,PSB,CE,169478,5083860,0.03333648054824484,0,22,0.0,0.7334025720613865,0.7946204777567318,-0.7334025720613865,-0.0612179056953454,-0.7946204777567318,-5.545916698920125,-0.02866075636080796,-5.574577455280933,-932129//1270965,-4256503608989//69530369597610,-43471107//54706754,accounting attribution; not an independent causal effect
cabinet/C2022-259238bde0cf94feb03e,cabinet/C2022-259238bde0cf94feb03e,cabinet/C2022-259238bde0cf94feb03e,cabinet/C2022-259238bde0cf94feb03e,focal,cabinet,not_applicable,,,2,2,2,2022,Cabinet 2022/22-01,Cabinet 2022/22-01,22-01,"[""lula_3-2023-01-01""]",2023-01-01,2023-09-12,255,,,,,,not applicable,true,false,true,false,false,cabinet/C2022-259238bde0cf94feb03e,"MDB, PCdoB, PDT, PSB, PSD, PSOL, PT, REDE, UNIÃO",4,PSB,DF,136796,1607519,0.0850975944918847,0,8,0.0,0.6807807559350776,0.641386509607205,-0.6807807559350776,0.039394246327872605,-0.641386509607205,-5.545916698920125,-0.02866075636080796,-5.574577455280933,-1094368//1607519,1732207290583//43971073241663,-17544087//27353377,accounting attribution; not an independent causal effect
cabinet/C2022-259238bde0cf94feb03e,cabinet/C2022-259238bde0cf94feb03e,cabinet/C2022-259238bde0cf94feb03e,cabinet/C2022-259238bde0cf94feb03e,focal,cabinet,not_applicable,,,2,2,2,2022,Cabinet 2022/22-01,Cabinet 2022/22-01,22-01,"[""lula_3-2023-01-01""]",2023-01-01,2023-09-12,255,,,,,,not applicable,true,false,true,false,false,cabinet/C2022-259238bde0cf94feb03e,"MDB, PCdoB, PDT, PSB, PSD, PSOL, PT, REDE, UNIÃO",4,PSB,ES,194539,2084430,0.09332959130313803,1,10,0.1,0.9332959130313803,0.9121223587859005,0.06670408696861972,0.02117355424547973,0.08787764121409945,-5.545916698920125,-0.02866075636080796,-5.574577455280933,13904//208443,482894238211//22806479848044,9615001//109413508,accounting attribution; not an independent causal effect
cabinet/C2022-259238bde0cf94feb03e,cabinet/C2022-259238bde0cf94feb03e,cabinet/C2022-259238bde0cf94feb03e,cabinet/C2022-259238bde0cf94feb03e,focal,cabinet,not_applicable,,,2,2,2,2022,Cabinet 2022/22-01,Cabinet 2022/22-01,22-01,"[""lula_3-2023-01-01""]",2023-01-01,2023-09-12,255,,,,,,not applicable,true,false,true,false,false,cabinet/C2022-259238bde0cf94feb03e,"MDB, PCdoB, PDT, PSB, PSD, PSOL, PT, REDE, UNIÃO",4,PSB,GO,78959,3439644,0.02295557330933085,0,17,0.0,0.39024474625862443,0.3702099287411569,-0.39024474625862443,0.020034817517467544,-0.3702099287411569,-5.545916698920125,-0.02866075636080796,-5.574577455280933,-78959//202332,55440982891//2767231737582,-40505967//109413508,accounting attribution; not an independent causal effect
cabinet/C2022-259238bde0cf94feb03e,cabinet/C2022-259238bde0cf94feb03e,cabinet/C2022-259238bde0cf94feb03e,cabinet/C2022-259238bde0cf94feb03e,focal,cabinet,not_applicable,,,2,2,2,2022,Cabinet 2022/22-01,Cabinet 2022/22-01,22-01,"[""lula_3-2023-01-01""]",2023-01-01,2023-09-12,255,,,,,,not applicable,true,false,true,false,false,cabinet/C2022-259238bde0cf94feb03e,"MDB, PCdoB, PDT, PSB, PSD, PSOL, PT, REDE, UNIÃO",4,PSB,MA,277012,3707930,0.07470799071179876,1,18,0.05555555555555555,1.3447438328123777,1.2988081508180873,-0.3447438328123778,0.04593568199429051,-0.2988081508180873,-5.545916698920125,-0.02866075636080796,-5.574577455280933,-639143//1853965,2329499657331//50712203589805,-8173412//27353377,accounting attribution; not an independent causal effect
cabinet/C2022-259238bde0cf94feb03e,cabinet/C2022-259238bde0cf94feb03e,cabinet/C2022-259238bde0cf94feb03e,cabinet/C2022-259238bde0cf94feb03e,focal,cabinet,not_applicable,,,2,2,2,2022,Cabinet 2022/22-01,Cabinet 2022/22-01,22-01,"[""lula_3-2023-01-01""]",2023-01-01,2023-09-12,255,,,,,,not applicable,true,false,true,false,false,cabinet/C2022-259238bde0cf94feb03e,"MDB, PCdoB, PDT, PSB, PSD, PSOL, PT, REDE, UNIÃO",4,PSB,MG,110298,11181098,0.009864684130306344,0,53,0.0,0.5228282589062362,0.5171470601235088,-0.5228282589062362,0.005681198782727523,-0.5171470601235088,-5.545916698920125,-0.02866075636080796,-5.574577455280933,-2922897//5590549,56049752175//9865831898966,-912627//1764734,accounting attribution; not an independent causal effect
cabinet/C2022-259238bde0cf94feb03e,cabinet/C2022-259238bde0cf94feb03e,cabinet/C2022-259238bde0cf94feb03e,cabinet/C2022-259238bde0cf94feb03e,focal,cabinet,not_applicable,,,2,2,2,2022,Cabinet 2022/22-01,Cabinet 2022/22-01,22-01,"[""lula_3-2023-01-01""]",2023-01-01,2023-09-12,255,,,,,,not applicable,true,false,true,false,false,cabinet/C2022-259238bde0cf94feb03e,"MDB, PCdoB, PDT, PSB, PSD, PSOL, PT, REDE, UNIÃO",4,PSB,MS,8599,1374808,0.006254691564203874,0,8,0.0,0.050037532513630995,0.04031757212281321,-0.050037532513630995,0.009719960390817786,-0.04031757212281321,-5.545916698920125,-0.02866075636080796,-5.574577455280933,-8599//171851,182762673055//18802820763308,-4411287//109413508,accounting attribution; not an independent causal effect
cabinet/C2022-259238bde0cf94feb03e,cabinet/C2022-259238bde0cf94feb03e,cabinet/C2022-259238bde0cf94feb03e,cabinet/C2022-259238bde0cf94feb03e,focal,cabinet,not_applicable,,,2,2,2,2022,Cabinet 2022/22-01,Cabinet 2022/22-01,22-01,"[""lula_3-2023-01-01""]",2023-01-01,2023-09-12,255,,,,,,not applicable,true,false,true,false,false,cabinet/C2022-259238bde0cf94feb03e,"MDB, PCdoB, PDT, PSB, PSD, PSOL, PT, REDE, UNIÃO",4,PSB,MT,150534,1730277,0.08699994278372769,0,8,0.0,0.6959995422698215,0.7057989768502807,-0.6959995422698215,-0.009799434580459144,-0.7057989768502807,-5.545916698920125,-0.02866075636080796,-5.574577455280933,-133808//192253,-103065921431//10517537576762,-38611971//54706754,accounting attribution; not an independent causal effect
cabinet/C2022-259238bde0cf94feb03e,cabinet/C2022-259238bde0cf94feb03e,cabinet/C2022-259238bde0cf94feb03e,cabinet/C2022-259238bde0cf94feb03e,focal,cabinet,not_applicable,,,2,2,2,2022,Cabinet 2022/22-01,Cabinet 2022/22-01,22-01,"[""lula_3-2023-01-01""]",2023-01-01,2023-09-12,255,,,,,,not applicable,true,false,true,false,false,cabinet/C2022-259238bde0cf94feb03e,"MDB, PCdoB, PDT, PSB, PSD, PSOL, PT, REDE, UNIÃO",4,PSB,PA,190408,4521516,0.0421115395809724,0,17,0.0,0.7158961728765308,0.8927536077172482,-0.7158961728765308,-0.17685743484071742,-0.8927536077172482,-5.545916698920125,-0.02866075636080796,-5.574577455280933,-809234//1130379,-5468375810836//30919682939883,-24419826//27353377,accounting attribution; not an independent causal effect
cabinet/C2022-259238bde0cf94feb03e,cabinet/C2022-259238bde0cf94feb03e,cabinet/C2022-259238bde0cf94feb03e,cabinet/C2022-259238bde0cf94feb03e,focal,cabinet,not_applicable,,,2,2,2,2022,Cabinet 2022/22-01,Cabinet 2022/22-01,22-01,"[""lula_3-2023-01-01""]",2023-01-01,2023-09-12,255,,,,,,not applicable,true,false,true,false,false,cabinet/C2022-259238bde0cf94feb03e,"MDB, PCdoB, PDT, PSB, PSD, PSOL, PT, REDE, UNIÃO",4,PSB,PB,237099,2209355,0.10731593609899721,1,12,0.08333333333333333,1.2877912331879666,1.1116706631872182,-0.2877912331879666,0.17612057000074846,-0.11167066318721816,-5.545916698920125,-0.02866075636080796,-5.574577455280933,-635833//2209355,42574203232119//241733280967340,-12218279//109413508,accounting attribution; not an independent causal effect
cabinet/C2022-259238bde0cf94feb03e,cabinet/C2022-259238bde0cf94feb03e,cabinet/C2022-259238bde0cf94feb03e,cabinet/C2022-259238bde0cf94feb03e,focal,cabinet,not_applicable,,,2,2,2,2022,Cabinet 2022/22-01,Cabinet 2022/22-01,22-01,"[""lula_3-2023-01-01""]",2023-01-01,2023-09-12,255,,,,,,not applicable,true,false,true,false,false,cabinet/C2022-259238bde0cf94feb03e,"MDB, PCdoB, PDT, PSB, PSD, PSOL, PT, REDE, UNIÃO",4,PSB,PE,727527,4969863,0.1463877374486983,5,25,0.2,3.659693436217457,3.4111085351545443,1.3403065637825429,0.24858490106291292,1.5888914648454557,-5.545916698920125,-0.02866075636080796,-5.574577455280933,2220380//1656621,45057682574329//181256715036468,173846189//109413508,accounting attribution; not an independent causal effect
cabinet/C2022-259238bde0cf94feb03e,cabinet/C2022-259238bde0cf94feb03e,cabinet/C2022-259238bde0cf94feb03e,cabinet/C2022-259238bde0cf94feb03e,focal,cabinet,not_applicable,,,2,2,2,2022,Cabinet 2022/22-01,Cabinet 2022/22-01,22-01,"[""lula_3-2023-01-01""]",2023-01-01,2023-09-12,255,,,,,,not applicable,true,false,true,false,false,cabinet/C2022-259238bde0cf94feb03e,"MDB, PCdoB, PDT, PSB, PSD, PSOL, PT, REDE, UNIÃO",4,PSB,PI,0,1957483,0.0,0,10,0.0,0.0,0.0,0.0,0.0,0.0,-5.545916698920125,-0.02866075636080796,-5.574577455280933,0//1,0//1,0//1,accounting attribution; not an independent causal effect
cabinet/C2022-259238bde0cf94feb03e,cabinet/C2022-259238bde0cf94feb03e,cabinet/C2022-259238bde0cf94feb03e,cabinet/C2022-259238bde0cf94feb03e,focal,cabinet,not_applicable,,,2,2,2,2022,Cabinet 2022/22-01,Cabinet 2022/22-01,22-01,"[""lula_3-2023-01-01""]",2023-01-01,2023-09-12,255,,,,,,not applicable,true,false,true,false,false,cabinet/C2022-259238bde0cf94feb03e,"MDB, PCdoB, PDT, PSB, PSD, PSOL, PT, REDE, UNIÃO",4,PSB,PR,183490,6038642,0.03038597088550704,1,30,0.03333333333333333,0.9115791265652112,0.8603176309820905,0.08842087343478881,0.05126149558312075,0.13968236901790956,-5.545916698920125,-0.02866075636080796,-5.574577455280933,266971//3019321,8467232932515//165177251194034,7641569//54706754,accounting attribution; not an independent causal effect
cabinet/C2022-259238bde0cf94feb03e,cabinet/C2022-259238bde0cf94feb03e,cabinet/C2022-259238bde0cf94feb03e,cabinet/C2022-259238bde0cf94feb03e,focal,cabinet,not_applicable,,,2,2,2,2022,Cabinet 2022/22-01,Cabinet 2022/22-01,22-01,"[""lula_3-2023-01-01""]",2023-01-01,2023-09-12,255,,,,,,not applicable,true,false,true,false,false,cabinet/C2022-259238bde0cf94feb03e,"MDB, PCdoB, PDT, PSB, PSD, PSOL, PT, REDE, UNIÃO",4,PSB,RJ,214135,8575988,0.024969134751587806,1,46,0.021739130434782608,1.148580198573039,1.0040008496939885,-0.14858019857303906,0.14457934887905063,-0.004000849693988424,-5.545916698920125,-0.02866075636080796,-5.574577455280933,-637111//4287994,33915746492935//234582232911476,-437747//109413508,accounting attribution; not an independent causal effect
cabinet/C2022-259238bde0cf94feb03e,cabinet/C2022-259238bde0cf94feb03e,cabinet/C2022-259238bde0cf94feb03e,cabinet/C2022-259238bde0cf94feb03e,focal,cabinet,not_applicable,,,2,2,2,2022,Cabinet 2022/22-01,Cabinet 2022/22-01,22-01,"[""lula_3-2023-01-01""]",2023-01-01,2023-09-12,255,,,,,,not applicable,true,false,true,false,false,cabinet/C2022-259238bde0cf94feb03e,"MDB, PCdoB, PDT, PSB, PSD, PSOL, PT, REDE, UNIÃO",4,PSB,RN,100539,1864825,0.053913369887254835,0,8,0.0,0.4313069590980387,0.4713906714333663,-0.4313069590980387,-0.040083712335327655,-0.4713906714333663,-5.545916698920125,-0.02866075636080796,-5.574577455280933,-804312//1864825,-8178562219779//204037045056100,-51576507//109413508,accounting attribution; not an independent causal effect
cabinet/C2022-259238bde0cf94feb03e,cabinet/C2022-259238bde0cf94feb03e,cabinet/C2022-259238bde0cf94feb03e,cabinet/C2022-259238bde0cf94feb03e,focal,cabinet,not_applicable,,,2,2,2,2022,Cabinet 2022/22-01,Cabinet 2022/22-01,22-01,"[""lula_3-2023-01-01""]",2023-01-01,2023-09-12,255,,,,,,not applicable,true,false,true,false,false,cabinet/C2022-259238bde0cf94feb03e,"MDB, PCdoB, PDT, PSB, PSD, PSOL, PT, REDE, UNIÃO",4,PSB,RO,35727,869148,0.04110577254966933,0,8,0.0,0.32884618039735464,0.16751086163876586,-0.32884618039735464,0.1613353187585888,-0.16751086163876586,-5.545916698920125,-0.02866075636080796,-5.574577455280933,-23818//72429,1278535770565//7924710970932,-18327951//109413508,accounting attribution; not an independent causal effect
cabinet/C2022-259238bde0cf94feb03e,cabinet/C2022-259238bde0cf94feb03e,cabinet/C2022-259238bde0cf94feb03e,cabinet/C2022-259238bde0cf94feb03e,focal,cabinet,not_applicable,,,2,2,2,2022,Cabinet 2022/22-01,Cabinet 2022/22-01,22-01,"[""lula_3-2023-01-01""]",2023-01-01,2023-09-12,255,,,,,,not applicable,true,false,true,false,false,cabinet/C2022-259238bde0cf94feb03e,"MDB, PCdoB, PDT, PSB, PSD, PSOL, PT, REDE, UNIÃO",4,PSB,RR,0,291714,0.0,0,8,0.0,0.0,0.0,0.0,0.0,0.0,-5.545916698920125,-0.02866075636080796,-5.574577455280933,0//1,0//1,0//1,accounting attribution; not an independent causal effect
cabinet/C2022-259238bde0cf94feb03e,cabinet/C2022-259238bde0cf94feb03e,cabinet/C2022-259238bde0cf94feb03e,cabinet/C2022-259238bde0cf94feb03e,focal,cabinet,not_applicable,,,2,2,2,2022,Cabinet 2022/22-01,Cabinet 2022/22-01,22-01,"[""lula_3-2023-01-01""]",2023-01-01,2023-09-12,255,,,,,,not applicable,true,false,true,false,false,cabinet/C2022-259238bde0cf94feb03e,"MDB, PCdoB, PDT, PSB, PSD, PSOL, PT, REDE, UNIÃO",4,PSB,RS,193200,6149822,0.031415543409223874,1,31,0.03225806451612903,0.9738818456859402,0.9058442765586129,0.02611815431405982,0.06803756912732732,0.09415572344138715,-5.545916698920125,-0.02866075636080796,-5.574577455280933,11473//439273,817512213900//12015599974921,2575477//27353377,accounting attribution; not an independent causal effect
cabinet/C2022-259238bde0cf94feb03e,cabinet/C2022-259238bde0cf94feb03e,cabinet/C2022-259238bde0cf94feb03e,cabinet/C2022-259238bde0cf94feb03e,focal,cabinet,not_applicable,,,2,2,2,2022,Cabinet 2022/22-01,Cabinet 2022/22-01,22-01,"[""lula_3-2023-01-01""]",2023-01-01,2023-09-12,255,,,,,,not applicable,true,false,true,false,false,cabinet/C2022-259238bde0cf94feb03e,"MDB, PCdoB, PDT, PSB, PSD, PSOL, PT, REDE, UNIÃO",4,PSB,SC,63485,3969848,0.015991796159449935,0,16,0.0,0.25586873855119896,0.29765799118697484,-0.25586873855119896,-0.04178925263577589,-0.29765799118697484,-5.545916698920125,-0.02866075636080796,-5.574577455280933,-126970//496231,-2268921332195//54294374488348,-32567805//109413508,accounting attribution; not an independent causal effect
cabinet/C2022-259238bde0cf94feb03e,cabinet/C2022-259238bde0cf94feb03e,cabinet/C2022-259238bde0cf94feb03e,cabinet/C2022-259238bde0cf94feb03e,focal,cabinet,not_applicable,,,2,2,2,2022,Cabinet 2022/22-01,Cabinet 2022/22-01,22-01,"[""lula_3-2023-01-01""]",2023-01-01,2023-09-12,255,,,,,,not applicable,true,false,true,false,false,cabinet/C2022-259238bde0cf94feb03e,"MDB, PCdoB, PDT, PSB, PSD, PSOL, PT, REDE, UNIÃO",4,PSB,SE,17263,1191617,0.014487037361836898,0,8,0.0,0.11589629889469519,0.08093990551879572,-0.11589629889469519,0.03495639337589947,-0.08093990551879572,-5.545916698920125,-0.02866075636080796,-5.574577455280933,-138104//1191617,4557579477809//130378996162436,-8855919//109413508,accounting attribution; not an independent causal effect
cabinet/C2022-259238bde0cf94feb03e,cabinet/C2022-259238bde0cf94feb03e,cabinet/C2022-259238bde0cf94feb03e,cabinet/C2022-259238bde0cf94feb03e,focal,cabinet,not_applicable,,,2,2,2,2022,Cabinet 2022/22-01,Cabinet 2022/22-01,22-01,"[""lula_3-2023-01-01""]",2023-01-01,2023-09-12,255,,,,,,not applicable,true,false,true,false,false,cabinet/C2022-259238bde0cf94feb03e,"MDB, PCdoB, PDT, PSB, PSD, PSOL, PT, REDE, UNIÃO",4,PSB,SP,733141,23321040,0.03143689132217088,2,70,0.02857142857142857,2.200582392551962,3.4374305318864287,-0.20058239255196167,-1.2368481393344668,-1.4374305318864284,-5.545916698920125,-0.02866075636080796,-5.574577455280933,-467779//2332104,-78899680603559//63790919915208,-157274317//109413508,accounting attribution; not an independent causal effect
cabinet/C2022-259238bde0cf94feb03e,cabinet/C2022-259238bde0cf94feb03e,cabinet/C2022-259238bde0cf94feb03e,cabinet/C2022-259238bde0cf94feb03e,focal,cabinet,not_applicable,,,2,2,2,2022,Cabinet 2022/22-01,Cabinet 2022/22-01,22-01,"[""lula_3-2023-01-01""]",2023-01-01,2023-09-12,255,,,,,,not applicable,true,false,true,false,false,cabinet/C2022-259238bde0cf94feb03e,"MDB, PCdoB, PDT, PSB, PSD, PSOL, PT, REDE, UNIÃO",4,PSB,TO,14726,830140,0.01773917652444166,0,8,0.0,0.14191341219553327,0.06904483859524914,-0.14191341219553327,0.07286857360028415,-0.06904483859524914,-5.545916698920125,-0.02866075636080796,-5.574577455280933,-29452//207535,827318173643//11353566191390,-3777219//54706754,accounting attribution; not an independent causal effect
cabinet/C2022-259238bde0cf94feb03e,cabinet/C2022-259238bde0cf94feb03e,cabinet/C2022-259238bde0cf94feb03e,cabinet/C2022-259238bde0cf94feb03e,focal,cabinet,not_applicable,,,2,2,2,2022,Cabinet 2022/22-01,Cabinet 2022/22-01,22-01,"[""lula_3-2023-01-01""]",2023-01-01,2023-09-12,255,,,,,,not applicable,true,false,true,false,false,cabinet/C2022-259238bde0cf94feb03e,"MDB, PCdoB, PDT, PSB, PSD, PSOL, PT, REDE, UNIÃO",5,PSD,AC,24158,434253,0.055631164321259724,0,8,0.0,0.4450493145700778,0.11326804364960129,-0.4450493145700778,0.33178127092047655,-0.11326804364960129,2.351878855613102,0.7607889879222685,3.1126678435353705,-193264//434253,7881985665725//23756572044762,-6196527//54706754,accounting attribution; not an independent causal effect
cabinet/C2022-259238bde0cf94feb03e,cabinet/C2022-259238bde0cf94feb03e,cabinet/C2022-259238bde0cf94feb03e,cabinet/C2022-259238bde0cf94feb03e,focal,cabinet,not_applicable,,,2,2,2,2022,Cabinet 2022/22-01,Cabinet 2022/22-01,22-01,"[""lula_3-2023-01-01""]",2023-01-01,2023-09-12,255,,,,,,not applicable,true,false,true,false,false,cabinet/C2022-259238bde0cf94feb03e,"MDB, PCdoB, PDT, PSB, PSD, PSOL, PT, REDE, UNIÃO",5,PSD,AL,78589,1650763,0.04760768202340372,0,9,0.0,0.4284691382106335,0.36847513380157776,-0.4284691382106335,0.05999400440905574,-0.36847513380157776,2.351878855613102,0.7607889879222685,3.1126678435353705,-707301//1650763,10835863344117//180615770706604,-40316157//109413508,accounting attribution; not an independent causal effect
cabinet/C2022-259238bde0cf94feb03e,cabinet/C2022-259238bde0cf94feb03e,cabinet/C2022-259238bde0cf94feb03e,cabinet/C2022-259238bde0cf94feb03e,focal,cabinet,not_applicable,,,2,2,2,2022,Cabinet 2022/22-01,Cabinet 2022/22-01,22-01,"[""lula_3-2023-01-01""]",2023-01-01,2023-09-12,255,,,,,,not applicable,true,false,true,false,false,cabinet/C2022-259238bde0cf94feb03e,"MDB, PCdoB, PDT, PSB, PSD, PSOL, PT, REDE, UNIÃO",5,PSD,AM,323344,1976477,0.16359613595301134,2,8,0.25,1.3087690876240907,1.5160419863331682,0.6912309123759093,-0.20727289870907756,0.4839580136668317,2.351878855613102,0.7607889879222685,3.1126678435353705,1366202//1976477,-11205861156532//54063320512829,13237886//27353377,accounting attribution; not an independent causal effect
cabinet/C2022-259238bde0cf94feb03e,cabinet/C2022-259238bde0cf94feb03e,cabinet/C2022-259238bde0cf94feb03e,cabinet/C2022-259238bde0cf94feb03e,focal,cabinet,not_applicable,,,2,2,2,2022,Cabinet 2022/22-01,Cabinet 2022/22-01,22-01,"[""lula_3-2023-01-01""]",2023-01-01,2023-09-12,255,,,,,,not applicable,true,false,true,false,false,cabinet/C2022-259238bde0cf94feb03e,"MDB, PCdoB, PDT, PSB, PSD, PSOL, PT, REDE, UNIÃO",5,PSD,AP,6109,423017,0.014441499986998159,0,8,0.0,0.11553199989598527,0.02864287104294289,-0.11553199989598527,0.08688912885304238,-0.02864287104294289,2.351878855613102,0.7607889879222685,3.1126678435353705,-48872//423017,4021556795387//46283773913636,-3133917//109413508,accounting attribution; not an independent causal effect
cabinet/C2022-259238bde0cf94feb03e,cabinet/C2022-259238bde0cf94feb03e,cabinet/C2022-259238bde0cf94feb03e,cabinet/C2022-259238bde0cf94feb03e,focal,cabinet,not_applicable,,,2,2,2,2022,Cabinet 2022/22-01,Cabinet 2022/22-01,22-01,"[""lula_3-2023-01-01""]",2023-01-01,2023-09-12,255,,,,,,not applicable,true,false,true,false,false,cabinet/C2022-259238bde0cf94feb03e,"MDB, PCdoB, PDT, PSB, PSD, PSOL, PT, REDE, UNIÃO",5,PSD,BA,1141474,7958431,0.14342952775490544,6,39,0.15384615384615385,5.593751582441313,5.351954915840921,0.4062484175586871,0.24179666660039129,0.6480450841590785,2.351878855613102,0.7607889879222685,3.1126678435353705,248700//612187,8097955003041//33490763610998,35452443//54706754,accounting attribution; not an independent causal effect
cabinet/C2022-259238bde0cf94feb03e,cabinet/C2022-259238bde0cf94feb03e,cabinet/C2022-259238bde0cf94feb03e,cabinet/C2022-259238bde0cf94feb03e,focal,cabinet,not_applicable,,,2,2,2,2022,Cabinet 2022/22-01,Cabinet 2022/22-01,22-01,"[""lula_3-2023-01-01""]",2023-01-01,2023-09-12,255,,,,,,not applicable,true,false,true,false,false,cabinet/C2022-259238bde0cf94feb03e,"MDB, PCdoB, PDT, PSB, PSD, PSOL, PT, REDE, UNIÃO",5,PSD,CE,621809,5083860,0.12231040980672167,3,22,0.13636363636363635,2.6908290157478767,2.915435423202042,0.30917098425212336,-0.22460640745416532,0.08456457679795808,2.351878855613102,0.7607889879222685,3.1126678435353705,785891//2541930,-31233933048559//139060739195220,9252507//109413508,accounting attribution; not an independent causal effect
cabinet/C2022-259238bde0cf94feb03e,cabinet/C2022-259238bde0cf94feb03e,cabinet/C2022-259238bde0cf94feb03e,cabinet/C2022-259238bde0cf94feb03e,focal,cabinet,not_applicable,,,2,2,2,2022,Cabinet 2022/22-01,Cabinet 2022/22-01,22-01,"[""lula_3-2023-01-01""]",2023-01-01,2023-09-12,255,,,,,,not applicable,true,false,true,false,false,cabinet/C2022-259238bde0cf94feb03e,"MDB, PCdoB, PDT, PSB, PSD, PSOL, PT, REDE, UNIÃO",5,PSD,DF,71470,1607519,0.044459816649134475,0,8,0.0,0.3556785331930758,0.33509674143708107,-0.3556785331930758,0.02058179175599473,-0.33509674143708107,2.351878855613102,0.7607889879222685,3.1126678435353705,-571760//1607519,1810006945495//87942146483326,-18332055//54706754,accounting attribution; not an independent causal effect
cabinet/C2022-259238bde0cf94feb03e,cabinet/C2022-259238bde0cf94feb03e,cabinet/C2022-259238bde0cf94feb03e,cabinet/C2022-259238bde0cf94feb03e,focal,cabinet,not_applicable,,,2,2,2,2022,Cabinet 2022/22-01,Cabinet 2022/22-01,22-01,"[""lula_3-2023-01-01""]",2023-01-01,2023-09-12,255,,,,,,not applicable,true,false,true,false,false,cabinet/C2022-259238bde0cf94feb03e,"MDB, PCdoB, PDT, PSB, PSD, PSOL, PT, REDE, UNIÃO",5,PSD,ES,2644,2084430,0.0012684522867162725,0,10,0.0,0.012684522867162725,0.012396750865532984,-0.012684522867162725,0.0002877720016297422,-0.012396750865532984,2.351878855613102,0.7607889879222685,3.1126678435353705,-2644//208443,1640766589//5701619962011,-339093//27353377,accounting attribution; not an independent causal effect
cabinet/C2022-259238bde0cf94feb03e,cabinet/C2022-259238bde0cf94feb03e,cabinet/C2022-259238bde0cf94feb03e,cabinet/C2022-259238bde0cf94feb03e,focal,cabinet,not_applicable,,,2,2,2,2022,Cabinet 2022/22-01,Cabinet 2022/22-01,22-01,"[""lula_3-2023-01-01""]",2023-01-01,2023-09-12,255,,,,,,not applicable,true,false,true,false,false,cabinet/C2022-259238bde0cf94feb03e,"MDB, PCdoB, PDT, PSB, PSD, PSOL, PT, REDE, UNIÃO",5,PSD,GO,180621,3439644,0.052511538984848435,1,17,0.058823529411764705,0.8926961627424234,0.8468659372478945,0.10730383725757665,0.04583022549452887,0.15313406275210553,2.351878855613102,0.7607889879222685,3.1126678435353705,7237//67444,42274284843//922410579194,16754935//109413508,accounting attribution; not an independent causal effect
cabinet/C2022-259238bde0cf94feb03e,cabinet/C2022-259238bde0cf94feb03e,cabinet/C2022-259238bde0cf94feb03e,cabinet/C2022-259238bde0cf94feb03e,focal,cabinet,not_applicable,,,2,2,2,2022,Cabinet 2022/22-01,Cabinet 2022/22-01,22-01,"[""lula_3-2023-01-01""]",2023-01-01,2023-09-12,255,,,,,,not applicable,true,false,true,false,false,cabinet/C2022-259238bde0cf94feb03e,"MDB, PCdoB, PDT, PSB, PSD, PSOL, PT, REDE, UNIÃO",5,PSD,MA,230912,3707930,0.06227517779461856,1,18,0.05555555555555555,1.1209532003031342,1.082662078616472,-0.1209532003031341,0.03829112168666198,-0.08266207861647211,2.351878855613102,0.7607889879222685,3.1126678435353705,-224243//1853965,1941827158656//50712203589805,-2261087//27353377,accounting attribution; not an independent causal effect
cabinet/C2022-259238bde0cf94feb03e,cabinet/C2022-259238bde0cf94feb03e,cabinet/C2022-259238bde0cf94feb03e,cabinet/C2022-259238bde0cf94feb03e,focal,cabinet,not_applicable,,,2,2,2,2022,Cabinet 2022/22-01,Cabinet 2022/22-01,22-01,"[""lula_3-2023-01-01""]",2023-01-01,2023-09-12,255,,,,,,not applicable,true,false,true,false,false,cabinet/C2022-259238bde0cf94feb03e,"MDB, PCdoB, PDT, PSB, PSD, PSOL, PT, REDE, UNIÃO",5,PSD,MG,766629,11181098,0.06856473308793108,4,53,0.07547169811320754,3.633930853660347,3.5944435398232546,0.3660691463396529,0.039487313837092405,0.4055564601767453,2.351878855613102,0.7607889879222685,3.1126678435353705,4093055//11181098,24153662428425//611681577735892,44373355//109413508,accounting attribution; not an independent causal effect
cabinet/C2022-259238bde0cf94feb03e,cabinet/C2022-259238bde0cf94feb03e,cabinet/C2022-259238bde0cf94feb03e,cabinet/C2022-259238bde0cf94feb03e,focal,cabinet,not_applicable,,,2,2,2,2022,Cabinet 2022/22-01,Cabinet 2022/22-01,22-01,"[""lula_3-2023-01-01""]",2023-01-01,2023-09-12,255,,,,,,not applicable,true,false,true,false,false,cabinet/C2022-259238bde0cf94feb03e,"MDB, PCdoB, PDT, PSB, PSD, PSOL, PT, REDE, UNIÃO",5,PSD,MS,82584,1374808,0.06006947879267505,0,8,0.0,0.4805558303414004,0.3872062305140605,-0.4805558303414004,0.09334959982733992,-0.3872062305140605,2.351878855613102,0.7607889879222685,3.1126678435353705,-82584//171851,14155127370//151635651317,-341658//882367,accounting attribution; not an independent causal effect
cabinet/C2022-259238bde0cf94feb03e,cabinet/C2022-259238bde0cf94feb03e,cabinet/C2022-259238bde0cf94feb03e,cabinet/C2022-259238bde0cf94feb03e,focal,cabinet,not_applicable,,,2,2,2,2022,Cabinet 2022/22-01,Cabinet 2022/22-01,22-01,"[""lula_3-2023-01-01""]",2023-01-01,2023-09-12,255,,,,,,not applicable,true,false,true,false,false,cabinet/C2022-259238bde0cf94feb03e,"MDB, PCdoB, PDT, PSB, PSD, PSOL, PT, REDE, UNIÃO",5,PSD,MT,134258,1730277,0.07759335643946028,0,8,0.0,0.6207468515156822,0.6294867540486866,-0.6207468515156822,-0.008739902533004395,-0.6294867540486866,2.351878855613102,0.7607889879222685,3.1126678435353705,-1074064//1730277,-827300279773//94657838190858,-34437177//54706754,accounting attribution; not an independent causal effect
cabinet/C2022-259238bde0cf94feb03e,cabinet/C2022-259238bde0cf94feb03e,cabinet/C2022-259238bde0cf94feb03e,cabinet/C2022-259238bde0cf94feb03e,focal,cabinet,not_applicable,,,2,2,2,2022,Cabinet 2022/22-01,Cabinet 2022/22-01,22-01,"[""lula_3-2023-01-01""]",2023-01-01,2023-09-12,255,,,,,,not applicable,true,false,true,false,false,cabinet/C2022-259238bde0cf94feb03e,"MDB, PCdoB, PDT, PSB, PSD, PSOL, PT, REDE, UNIÃO",5,PSD,PA,350784,4521516,0.07758105909610848,2,17,0.11764705882352941,1.318878004633844,1.6446981299603336,0.6811219953661559,-0.3258201253264896,0.3553018700396664,2.351878855613102,0.7607889879222685,3.1126678435353705,256642//376793,-3358084990176//10306560979961,9718706//27353377,accounting attribution; not an independent causal effect
cabinet/C2022-259238bde0cf94feb03e,cabinet/C2022-259238bde0cf94feb03e,cabinet/C2022-259238bde0cf94feb03e,cabinet/C2022-259238bde0cf94feb03e,focal,cabinet,not_applicable,,,2,2,2,2022,Cabinet 2022/22-01,Cabinet 2022/22-01,22-01,"[""lula_3-2023-01-01""]",2023-01-01,2023-09-12,255,,,,,,not applicable,true,false,true,false,false,cabinet/C2022-259238bde0cf94feb03e,"MDB, PCdoB, PDT, PSB, PSD, PSOL, PT, REDE, UNIÃO",5,PSD,PB,0,2209355,0.0,0,12,0.0,0.0,0.0,0.0,0.0,0.0,2.351878855613102,0.7607889879222685,3.1126678435353705,0//1,0//1,0//1,accounting attribution; not an independent causal effect
cabinet/C2022-259238bde0cf94feb03e,cabinet/C2022-259238bde0cf94feb03e,cabinet/C2022-259238bde0cf94feb03e,cabinet/C2022-259238bde0cf94feb03e,focal,cabinet,not_applicable,,,2,2,2,2022,Cabinet 2022/22-01,Cabinet 2022/22-01,22-01,"[""lula_3-2023-01-01""]",2023-01-01,2023-09-12,255,,,,,,not applicable,true,false,true,false,false,cabinet/C2022-259238bde0cf94feb03e,"MDB, PCdoB, PDT, PSB, PSD, PSOL, PT, REDE, UNIÃO",5,PSD,PE,6246,4969863,0.0012567750861542863,0,25,0.0,0.03141937715385716,0.029285214034084347,-0.03141937715385716,0.0021341631197728116,-0.029285214034084347,2.351878855613102,0.7607889879222685,3.1126678435353705,-17350//552207,64471899407//30209452506078,-1602099//54706754,accounting attribution; not an independent causal effect
cabinet/C2022-259238bde0cf94feb03e,cabinet/C2022-259238bde0cf94feb03e,cabinet/C2022-259238bde0cf94feb03e,cabinet/C2022-259238bde0cf94feb03e,focal,cabinet,not_applicable,,,2,2,2,2022,Cabinet 2022/22-01,Cabinet 2022/22-01,22-01,"[""lula_3-2023-01-01""]",2023-01-01,2023-09-12,255,,,,,,not applicable,true,false,true,false,false,cabinet/C2022-259238bde0cf94feb03e,"MDB, PCdoB, PDT, PSB, PSD, PSOL, PT, REDE, UNIÃO",5,PSD,PI,426968,1957483,0.2181209236555311,3,10,0.3,2.1812092365553113,2.001897096654647,0.8187907634446889,0.17931213990066402,0.9981029033453529,2.351878855613102,0.7607889879222685,3.1126678435353705,1602769//1957483,9601048061342//53543770470091,27301485//27353377,accounting attribution; not an independent causal effect
cabinet/C2022-259238bde0cf94feb03e,cabinet/C2022-259238bde0cf94feb03e,cabinet/C2022-259238bde0cf94feb03e,cabinet/C2022-259238bde0cf94feb03e,focal,cabinet,not_applicable,,,2,2,2,2022,Cabinet 2022/22-01,Cabinet 2022/22-01,22-01,"[""lula_3-2023-01-01""]",2023-01-01,2023-09-12,255,,,,,,not applicable,true,false,true,false,false,cabinet/C2022-259238bde0cf94feb03e,"MDB, PCdoB, PDT, PSB, PSD, PSOL, PT, REDE, UNIÃO",5,PSD,PR,1051984,6038642,0.1742087045398618,7,30,0.23333333333333334,5.226261136195853,4.932368972211365,1.7737388638041467,0.293892163984488,2.0676310277886345,2.351878855613102,0.7607889879222685,3.1126678435353705,5355487//3019321,24272149897212//82588625597017,56556691//27353377,accounting attribution; not an independent causal effect
cabinet/C2022-259238bde0cf94feb03e,cabinet/C2022-259238bde0cf94feb03e,cabinet/C2022-259238bde0cf94feb03e,cabinet/C2022-259238bde0cf94feb03e,focal,cabinet,not_applicable,,,2,2,2,2022,Cabinet 2022/22-01,Cabinet 2022/22-01,22-01,"[""lula_3-2023-01-01""]",2023-01-01,2023-09-12,255,,,,,,not applicable,true,false,true,false,false,cabinet/C2022-259238bde0cf94feb03e,"MDB, PCdoB, PDT, PSB, PSD, PSOL, PT, REDE, UNIÃO",5,PSD,RJ,689255,8575988,0.0803703316749044,4,46,0.08695652173913043,3.697035257045602,3.2316650975124572,0.3029647429543978,0.46537015953314514,0.768334902487543,2.351878855613102,0.7607889879222685,3.1126678435353705,1299111//4287994,109167571153655//234582232911476,84066217//109413508,accounting attribution; not an independent causal effect
cabinet/C2022-259238bde0cf94feb03e,cabinet/C2022-259238bde0cf94feb03e,cabinet/C2022-259238bde0cf94feb03e,cabinet/C2022-259238bde0cf94feb03e,focal,cabinet,not_applicable,,,2,2,2,2022,Cabinet 2022/22-01,Cabinet 2022/22-01,22-01,"[""lula_3-2023-01-01""]",2023-01-01,2023-09-12,255,,,,,,not applicable,true,false,true,false,false,cabinet/C2022-259238bde0cf94feb03e,"MDB, PCdoB, PDT, PSB, PSD, PSOL, PT, REDE, UNIÃO",5,PSD,RN,26590,1864825,0.014258710602871583,0,8,0.0,0.11406968482297267,0.12467080390110516,-0.11406968482297267,-0.01060111907813249,-0.12467080390110516,2.351878855613102,0.7607889879222685,3.1126678435353705,-42544//372965,-216302101099//20403704505610,-6820335//54706754,accounting attribution; not an independent causal effect
cabinet/C2022-259238bde0cf94feb03e,cabinet/C2022-259238bde0cf94feb03e,cabinet/C2022-259238bde0cf94feb03e,cabinet/C2022-259238bde0cf94feb03e,focal,cabinet,not_applicable,,,2,2,2,2022,Cabinet 2022/22-01,Cabinet 2022/22-01,22-01,"[""lula_3-2023-01-01""]",2023-01-01,2023-09-12,255,,,,,,not applicable,true,false,true,false,false,cabinet/C2022-259238bde0cf94feb03e,"MDB, PCdoB, PDT, PSB, PSD, PSOL, PT, REDE, UNIÃO",5,PSD,RO,72130,869148,0.0829893182749083,0,8,0.0,0.6639145461992664,0.3381912405184925,-0.6639145461992664,0.32572330568077396,-0.3381912405184925,2.351878855613102,0.7607889879222685,3.1126678435353705,-144260//217287,3871894581025//11887066456398,-18501345//54706754,accounting attribution; not an independent causal effect
cabinet/C2022-259238bde0cf94feb03e,cabinet/C2022-259238bde0cf94feb03e,cabinet/C2022-259238bde0cf94feb03e,cabinet/C2022-259238bde0cf94feb03e,focal,cabinet,not_applicable,,,2,2,2,2022,Cabinet 2022/22-01,Cabinet 2022/22-01,22-01,"[""lula_3-2023-01-01""]",2023-01-01,2023-09-12,255,,,,,,not applicable,true,false,true,false,false,cabinet/C2022-259238bde0cf94feb03e,"MDB, PCdoB, PDT, PSB, PSD, PSOL, PT, REDE, UNIÃO",5,PSD,RR,29968,291714,0.10273075683717614,1,8,0.125,0.8218460546974091,0.14050901283596537,0.1781539453025909,0.6813370418614437,0.8594909871640346,2.351878855613102,0.7607889879222685,3.1126678435353705,25985//145857,2718317797372//3989681509089,23509981//27353377,accounting attribution; not an independent causal effect
cabinet/C2022-259238bde0cf94feb03e,cabinet/C2022-259238bde0cf94feb03e,cabinet/C2022-259238bde0cf94feb03e,cabinet/C2022-259238bde0cf94feb03e,focal,cabinet,not_applicable,,,2,2,2,2022,Cabinet 2022/22-01,Cabinet 2022/22-01,22-01,"[""lula_3-2023-01-01""]",2023-01-01,2023-09-12,255,,,,,,not applicable,true,false,true,false,false,cabinet/C2022-259238bde0cf94feb03e,"MDB, PCdoB, PDT, PSB, PSD, PSOL, PT, REDE, UNIÃO",5,PSD,RS,295357,6149822,0.04802691850268186,1,31,0.03225806451612903,1.4888344735831378,1.384821159376409,-0.48883447358313786,0.10401331420672887,-0.384821159376409,2.351878855613102,0.7607889879222685,3.1126678435353705,-3006245//6149822,34993906516067//336436799297788,-42104633//109413508,accounting attribution; not an independent causal effect
cabinet/C2022-259238bde0cf94feb03e,cabinet/C2022-259238bde0cf94feb03e,cabinet/C2022-259238bde0cf94feb03e,cabinet/C2022-259238bde0cf94feb03e,focal,cabinet,not_applicable,,,2,2,2,2022,Cabinet 2022/22-01,Cabinet 2022/22-01,22-01,"[""lula_3-2023-01-01""]",2023-01-01,2023-09-12,255,,,,,,not applicable,true,false,true,false,false,cabinet/C2022-259238bde0cf94feb03e,"MDB, PCdoB, PDT, PSB, PSD, PSOL, PT, REDE, UNIÃO",5,PSD,SC,391429,3969848,0.0986005005733217,2,16,0.125,1.5776080091731473,1.8352676983905862,0.4223919908268528,-0.2576596892174391,0.1647323016094137,2.351878855613102,0.7607889879222685,3.1126678435353705,209604//496231,-13989471656923//54294374488348,18023939//109413508,accounting attribution; not an independent causal effect
cabinet/C2022-259238bde0cf94feb03e,cabinet/C2022-259238bde0cf94feb03e,cabinet/C2022-259238bde0cf94feb03e,cabinet/C2022-259238bde0cf94feb03e,focal,cabinet,not_applicable,,,2,2,2,2022,Cabinet 2022/22-01,Cabinet 2022/22-01,22-01,"[""lula_3-2023-01-01""]",2023-01-01,2023-09-12,255,,,,,,not applicable,true,false,true,false,false,cabinet/C2022-259238bde0cf94feb03e,"MDB, PCdoB, PDT, PSB, PSD, PSOL, PT, REDE, UNIÃO",5,PSD,SE,199933,1191617,0.1677829369671631,2,8,0.25,1.3422634957373047,0.937412855823981,0.6577365042626951,0.40485063991332376,1.0625871441760188,2.351878855613102,0.7607889879222685,3.1126678435353705,783770//1191617,52784020027619//130378996162436,116261387//109413508,accounting attribution; not an independent causal effect
cabinet/C2022-259238bde0cf94feb03e,cabinet/C2022-259238bde0cf94feb03e,cabinet/C2022-259238bde0cf94feb03e,cabinet/C2022-259238bde0cf94feb03e,focal,cabinet,not_applicable,,,2,2,2,2022,Cabinet 2022/22-01,Cabinet 2022/22-01,22-01,"[""lula_3-2023-01-01""]",2023-01-01,2023-09-12,255,,,,,,not applicable,true,false,true,false,false,cabinet/C2022-259238bde0cf94feb03e,"MDB, PCdoB, PDT, PSB, PSD, PSOL, PT, REDE, UNIÃO",5,PSD,SP,1055965,23321040,0.04527949868444975,3,70,0.04285714285714286,3.1695649079114827,4.951034428034243,-0.16956490791148252,-1.78146952012276,-1.9510344280342424,2.351878855613102,0.7607889879222685,3.1126678435353705,-395443//2332104,-113641579489535//63790919915208,-213469521//109413508,accounting attribution; not an independent causal effect
cabinet/C2022-259238bde0cf94feb03e,cabinet/C2022-259238bde0cf94feb03e,cabinet/C2022-259238bde0cf94feb03e,cabinet/C2022-259238bde0cf94feb03e,focal,cabinet,not_applicable,,,2,2,2,2022,Cabinet 2022/22-01,Cabinet 2022/22-01,22-01,"[""lula_3-2023-01-01""]",2023-01-01,2023-09-12,255,,,,,,not applicable,true,false,true,false,false,cabinet/C2022-259238bde0cf94feb03e,"MDB, PCdoB, PDT, PSB, PSD, PSOL, PT, REDE, UNIÃO",5,PSD,TO,32746,830140,0.0394463584455634,0,8,0.0,0.3155708675645072,0.1535340407877243,-0.3155708675645072,0.16203682677678288,-0.1535340407877243,2.351878855613102,0.7607889879222685,3.1126678435353705,-65492//207535,1839695838253//11353566191390,-8399349//54706754,accounting attribution; not an independent causal effect
cabinet/C2022-259238bde0cf94feb03e,cabinet/C2022-259238bde0cf94feb03e,cabinet/C2022-259238bde0cf94feb03e,cabinet/C2022-259238bde0cf94feb03e,focal,cabinet,not_applicable,,,2,2,2,2022,Cabinet 2022/22-01,Cabinet 2022/22-01,22-01,"[""lula_3-2023-01-01""]",2023-01-01,2023-09-12,255,,,,,,not applicable,true,false,true,false,false,cabinet/C2022-259238bde0cf94feb03e,"MDB, PCdoB, PDT, PSB, PSD, PSOL, PT, REDE, UNIÃO",6,PSOL,AC,905,434253,0.002084038567378924,0,8,0.0,0.016672308539031393,0.004243214649511101,-0.016672308539031393,0.012429093889520293,-0.004243214649511101,-3.4020788280282557,-2.6596964876850473,-6.0617753157133025,-7240//434253,590545328875//47513144089524,-464265//109413508,accounting attribution; not an independent causal effect
cabinet/C2022-259238bde0cf94feb03e,cabinet/C2022-259238bde0cf94feb03e,cabinet/C2022-259238bde0cf94feb03e,cabinet/C2022-259238bde0cf94feb03e,focal,cabinet,not_applicable,,,2,2,2,2022,Cabinet 2022/22-01,Cabinet 2022/22-01,22-01,"[""lula_3-2023-01-01""]",2023-01-01,2023-09-12,255,,,,,,not applicable,true,false,true,false,false,cabinet/C2022-259238bde0cf94feb03e,"MDB, PCdoB, PDT, PSB, PSD, PSOL, PT, REDE, UNIÃO",6,PSOL,AL,4624,1650763,0.0028011289324996985,0,9,0.0,0.025210160392497287,0.021680248109767215,-0.025210160392497287,0.003529912282730073,-0.021680248109767215,-3.4020788280282557,-2.6596964876850473,-6.0617753157133025,-41616//1650763,159389456868//45153942676651,-593028//27353377,accounting attribution; not an independent causal effect
cabinet/C2022-259238bde0cf94feb03e,cabinet/C2022-259238bde0cf94feb03e,cabinet/C2022-259238bde0cf94feb03e,cabinet/C2022-259238bde0cf94feb03e,focal,cabinet,not_applicable,,,2,2,2,2022,Cabinet 2022/22-01,Cabinet 2022/22-01,22-01,"[""lula_3-2023-01-01""]",2023-01-01,2023-09-12,255,,,,,,not applicable,true,false,true,false,false,cabinet/C2022-259238bde0cf94feb03e,"MDB, PCdoB, PDT, PSB, PSD, PSOL, PT, REDE, UNIÃO",6,PSOL,AM,2464,1976477,0.0012466626224337547,0,8,0.0,0.009973300979470037,0.011552796570602599,-0.009973300979470037,-0.001579495591132562,-0.011552796570602599,-3.4020788280282557,-2.6596964876850473,-6.0617753157133025,-19712//1976477,-85392776392//54063320512829,-316008//27353377,accounting attribution; not an independent causal effect
cabinet/C2022-259238bde0cf94feb03e,cabinet/C2022-259238bde0cf94feb03e,cabinet/C2022-259238bde0cf94feb03e,cabinet/C2022-259238bde0cf94feb03e,focal,cabinet,not_applicable,,,2,2,2,2022,Cabinet 2022/22-01,Cabinet 2022/22-01,22-01,"[""lula_3-2023-01-01""]",2023-01-01,2023-09-12,255,,,,,,not applicable,true,false,true,false,false,cabinet/C2022-259238bde0cf94feb03e,"MDB, PCdoB, PDT, PSB, PSD, PSOL, PT, REDE, UNIÃO",6,PSOL,AP,10558,423017,0.02495880780205051,0,8,0.0,0.19967046241640407,0.049502608032638895,-0.19967046241640407,0.15016785438376518,-0.049502608032638895,-3.4020788280282557,-2.6596964876850473,-6.0617753157133025,-84464//423017,3475167510697//23141886956818,-2708127//54706754,accounting attribution; not an independent causal effect
cabinet/C2022-259238bde0cf94feb03e,cabinet/C2022-259238bde0cf94feb03e,cabinet/C2022-259238bde0cf94feb03e,cabinet/C2022-259238bde0cf94feb03e,focal,cabinet,not_applicable,,,2,2,2,2022,Cabinet 2022/22-01,Cabinet 2022/22-01,22-01,"[""lula_3-2023-01-01""]",2023-01-01,2023-09-12,255,,,,,,not applicable,true,false,true,false,false,cabinet/C2022-259238bde0cf94feb03e,"MDB, PCdoB, PDT, PSB, PSD, PSOL, PT, REDE, UNIÃO",6,PSOL,BA,46756,7958431,0.005875027376627378,0,39,0.0,0.22912606768846774,0.21922181674313926,-0.22912606768846774,0.009904250945328492,-0.21922181674313926,-3.4020788280282557,-2.6596964876850473,-6.0617753157133025,-140268//612187,165850463577//16745381805499,-5996457//27353377,accounting attribution; not an independent causal effect
cabinet/C2022-259238bde0cf94feb03e,cabinet/C2022-259238bde0cf94feb03e,cabinet/C2022-259238bde0cf94feb03e,cabinet/C2022-259238bde0cf94feb03e,focal,cabinet,not_applicable,,,2,2,2,2022,Cabinet 2022/22-01,Cabinet 2022/22-01,22-01,"[""lula_3-2023-01-01""]",2023-01-01,2023-09-12,255,,,,,,not applicable,true,false,true,false,false,cabinet/C2022-259238bde0cf94feb03e,"MDB, PCdoB, PDT, PSB, PSD, PSOL, PT, REDE, UNIÃO",6,PSOL,CE,124879,5083860,0.02456381568335871,0,22,0.0,0.5404039450338916,0.5855120466478417,-0.5404039450338916,-0.04510810161395012,-0.5855120466478417,-3.4020788280282557,-2.6596964876850473,-6.0617753157133025,-1373669//2541930,-6272765954129//139060739195220,-64062927//109413508,accounting attribution; not an independent causal effect
cabinet/C2022-259238bde0cf94feb03e,cabinet/C2022-259238bde0cf94feb03e,cabinet/C2022-259238bde0cf94feb03e,cabinet/C2022-259238bde0cf94feb03e,focal,cabinet,not_applicable,,,2,2,2,2022,Cabinet 2022/22-01,Cabinet 2022/22-01,22-01,"[""lula_3-2023-01-01""]",2023-01-01,2023-09-12,255,,,,,,not applicable,true,false,true,false,false,cabinet/C2022-259238bde0cf94feb03e,"MDB, PCdoB, PDT, PSB, PSD, PSOL, PT, REDE, UNIÃO",6,PSOL,DF,46298,1607519,0.028800903752926092,0,8,0.0,0.23040723002340874,0.2170744219260386,-0.23040723002340874,0.013332808097370141,-0.2170744219260386,-3.4020788280282557,-2.6596964876850473,-6.0617753157133025,-370384//1607519,1172515762733//87942146483326,-11875437//54706754,accounting attribution; not an independent causal effect
cabinet/C2022-259238bde0cf94feb03e,cabinet/C2022-259238bde0cf94feb03e,cabinet/C2022-259238bde0cf94feb03e,cabinet/C2022-259238bde0cf94feb03e,focal,cabinet,not_applicable,,,2,2,2,2022,Cabinet 2022/22-01,Cabinet 2022/22-01,22-01,"[""lula_3-2023-01-01""]",2023-01-01,2023-09-12,255,,,,,,not applicable,true,false,true,false,false,cabinet/C2022-259238bde0cf94feb03e,"MDB, PCdoB, PDT, PSB, PSD, PSOL, PT, REDE, UNIÃO",6,PSOL,ES,13797,2084430,0.006619075718541759,0,10,0.0,0.0661907571854176,0.06468909670641398,-0.0661907571854176,0.001501660479003613,-0.06468909670641398,-3.4020788280282557,-2.6596964876850473,-6.0617753157133025,-4599//69481,11415863151//7602159949348,-7077861//109413508,accounting attribution; not an independent causal effect
cabinet/C2022-259238bde0cf94feb03e,cabinet/C2022-259238bde0cf94feb03e,cabinet/C2022-259238bde0cf94feb03e,cabinet/C2022-259238bde0cf94feb03e,focal,cabinet,not_applicable,,,2,2,2,2022,Cabinet 2022/22-01,Cabinet 2022/22-01,22-01,"[""lula_3-2023-01-01""]",2023-01-01,2023-09-12,255,,,,,,not applicable,true,false,true,false,false,cabinet/C2022-259238bde0cf94feb03e,"MDB, PCdoB, PDT, PSB, PSD, PSOL, PT, REDE, UNIÃO",6,PSOL,GO,6366,3439644,0.0018507729288263553,0,17,0.0,0.03146313979004804,0.029847850230704603,-0.03146313979004804,0.0016152895593434362,-0.029847850230704603,-3.4020788280282557,-2.6596964876850473,-6.0617753157133025,-1061//33722,744980089//461205289597,-1632879//54706754,accounting attribution; not an independent causal effect
cabinet/C2022-259238bde0cf94feb03e,cabinet/C2022-259238bde0cf94feb03e,cabinet/C2022-259238bde0cf94feb03e,cabinet/C2022-259238bde0cf94feb03e,focal,cabinet,not_applicable,,,2,2,2,2022,Cabinet 2022/22-01,Cabinet 2022/22-01,22-01,"[""lula_3-2023-01-01""]",2023-01-01,2023-09-12,255,,,,,,not applicable,true,false,true,false,false,cabinet/C2022-259238bde0cf94feb03e,"MDB, PCdoB, PDT, PSB, PSD, PSOL, PT, REDE, UNIÃO",6,PSOL,MA,5817,3707930,0.0015687998424997235,0,18,0.0,0.028238397164995023,0.02727378963116693,-0.028238397164995023,0.0009646075338280936,-0.02727378963116693,-3.4020788280282557,-2.6596964876850473,-6.0617753157133025,-52353//1853965,195669494559//202848814359220,-2984121//109413508,accounting attribution; not an independent causal effect
cabinet/C2022-259238bde0cf94feb03e,cabinet/C2022-259238bde0cf94feb03e,cabinet/C2022-259238bde0cf94feb03e,cabinet/C2022-259238bde0cf94feb03e,focal,cabinet,not_applicable,,,2,2,2,2022,Cabinet 2022/22-01,Cabinet 2022/22-01,22-01,"[""lula_3-2023-01-01""]",2023-01-01,2023-09-12,255,,,,,,not applicable,true,false,true,false,false,cabinet/C2022-259238bde0cf94feb03e,"MDB, PCdoB, PDT, PSB, PSD, PSOL, PT, REDE, UNIÃO",6,PSOL,MG,204915,11181098,0.01832691207965443,1,53,0.018867924528301886,0.9713263402216848,0.9607716352536654,0.028673659778315153,0.010554704968019458,0.039228364746334614,-3.4020788280282557,-2.6596964876850473,-6.0617753157133025,320603//11181098,6456118587375//611681577735892,4292113//109413508,accounting attribution; not an independent causal effect
cabinet/C2022-259238bde0cf94feb03e,cabinet/C2022-259238bde0cf94feb03e,cabinet/C2022-259238bde0cf94feb03e,cabinet/C2022-259238bde0cf94feb03e,focal,cabinet,not_applicable,,,2,2,2,2022,Cabinet 2022/22-01,Cabinet 2022/22-01,22-01,"[""lula_3-2023-01-01""]",2023-01-01,2023-09-12,255,,,,,,not applicable,true,false,true,false,false,cabinet/C2022-259238bde0cf94feb03e,"MDB, PCdoB, PDT, PSB, PSD, PSOL, PT, REDE, UNIÃO",6,PSOL,MS,5806,1374808,0.0042231351577820325,0,8,0.0,0.03378508126225626,0.02722221464647674,-0.03378508126225626,0.0065628666157795165,-0.02722221464647674,-3.4020788280282557,-2.6596964876850473,-6.0617753157133025,-5806//171851,61700202335//9401410381654,-1489239//54706754,accounting attribution; not an independent causal effect
cabinet/C2022-259238bde0cf94feb03e,cabinet/C2022-259238bde0cf94feb03e,cabinet/C2022-259238bde0cf94feb03e,cabinet/C2022-259238bde0cf94feb03e,focal,cabinet,not_applicable,,,2,2,2,2022,Cabinet 2022/22-01,Cabinet 2022/22-01,22-01,"[""lula_3-2023-01-01""]",2023-01-01,2023-09-12,255,,,,,,not applicable,true,false,true,false,false,cabinet/C2022-259238bde0cf94feb03e,"MDB, PCdoB, PDT, PSB, PSD, PSOL, PT, REDE, UNIÃO",6,PSOL,MT,19633,1730277,0.011346738123433415,0,8,0.0,0.09077390498746732,0.09205197040204578,-0.09077390498746732,-0.001278065414578463,-0.09205197040204578,-3.4020788280282557,-2.6596964876850473,-6.0617753157133025,-157064//1730277,-241957818421//189315676381716,-10071729//109413508,accounting attribution; not an independent causal effect
cabinet/C2022-259238bde0cf94feb03e,cabinet/C2022-259238bde0cf94feb03e,cabinet/C2022-259238bde0cf94feb03e,cabinet/C2022-259238bde0cf94feb03e,focal,cabinet,not_applicable,,,2,2,2,2022,Cabinet 2022/22-01,Cabinet 2022/22-01,22-01,"[""lula_3-2023-01-01""]",2023-01-01,2023-09-12,255,,,,,,not applicable,true,false,true,false,false,cabinet/C2022-259238bde0cf94feb03e,"MDB, PCdoB, PDT, PSB, PSD, PSOL, PT, REDE, UNIÃO",6,PSOL,PA,149109,4521516,0.03297765616664853,0,17,0.0,0.5606201548330251,0.6991176720154151,-0.5606201548330251,-0.13849751718239012,-0.6991176720154151,-3.4020788280282557,-2.6596964876850473,-6.0617753157133025,-844951//1507172,-2854866212827//20613121959922,-76492917//109413508,accounting attribution; not an independent causal effect
cabinet/C2022-259238bde0cf94feb03e,cabinet/C2022-259238bde0cf94feb03e,cabinet/C2022-259238bde0cf94feb03e,cabinet/C2022-259238bde0cf94feb03e,focal,cabinet,not_applicable,,,2,2,2,2022,Cabinet 2022/22-01,Cabinet 2022/22-01,22-01,"[""lula_3-2023-01-01""]",2023-01-01,2023-09-12,255,,,,,,not applicable,true,false,true,false,false,cabinet/C2022-259238bde0cf94feb03e,"MDB, PCdoB, PDT, PSB, PSD, PSOL, PT, REDE, UNIÃO",6,PSOL,PB,6237,2209355,0.0028229958517304826,0,12,0.0,0.03387595022076579,0.029243016319337827,-0.03387595022076579,0.0046329339014279615,-0.029243016319337827,-3.4020788280282557,-2.6596964876850473,-6.0617753157133025,-74844//2209355,1119934312497//241733280967340,-3199581//109413508,accounting attribution; not an independent causal effect
cabinet/C2022-259238bde0cf94feb03e,cabinet/C2022-259238bde0cf94feb03e,cabinet/C2022-259238bde0cf94feb03e,cabinet/C2022-259238bde0cf94feb03e,focal,cabinet,not_applicable,,,2,2,2,2022,Cabinet 2022/22-01,Cabinet 2022/22-01,22-01,"[""lula_3-2023-01-01""]",2023-01-01,2023-09-12,255,,,,,,not applicable,true,false,true,false,false,cabinet/C2022-259238bde0cf94feb03e,"MDB, PCdoB, PDT, PSB, PSD, PSOL, PT, REDE, UNIÃO",6,PSOL,PE,115062,4969863,0.02315194603955884,0,25,0.0,0.5787986509889709,0.5394837171293329,-0.5787986509889709,0.039314933859638045,-0.5394837171293329,-3.4020788280282557,-2.6596964876850473,-6.0617753157133025,-6350//10971,23596343587//600187798134,-29513403//54706754,accounting attribution; not an independent causal effect
cabinet/C2022-259238bde0cf94feb03e,cabinet/C2022-259238bde0cf94feb03e,cabinet/C2022-259238bde0cf94feb03e,cabinet/C2022-259238bde0cf94feb03e,focal,cabinet,not_applicable,,,2,2,2,2022,Cabinet 2022/22-01,Cabinet 2022/22-01,22-01,"[""lula_3-2023-01-01""]",2023-01-01,2023-09-12,255,,,,,,not applicable,true,false,true,false,false,cabinet/C2022-259238bde0cf94feb03e,"MDB, PCdoB, PDT, PSB, PSD, PSOL, PT, REDE, UNIÃO",6,PSOL,PI,6518,1957483,0.0033297862612344524,0,10,0.0,0.03329786261234453,0.030560522746423596,-0.03329786261234453,0.002737339865920931,-0.030560522746423596,-3.4020788280282557,-2.6596964876850473,-6.0617753157133025,-65180//1957483,293134994959//107087540940182,-1671867//54706754,accounting attribution; not an independent causal effect
cabinet/C2022-259238bde0cf94feb03e,cabinet/C2022-259238bde0cf94feb03e,cabinet/C2022-259238bde0cf94feb03e,cabinet/C2022-259238bde0cf94feb03e,focal,cabinet,not_applicable,,,2,2,2,2022,Cabinet 2022/22-01,Cabinet 2022/22-01,22-01,"[""lula_3-2023-01-01""]",2023-01-01,2023-09-12,255,,,,,,not applicable,true,false,true,false,false,cabinet/C2022-259238bde0cf94feb03e,"MDB, PCdoB, PDT, PSB, PSD, PSOL, PT, REDE, UNIÃO",6,PSOL,PR,16601,6038642,0.002749128032428483,0,30,0.0,0.0824738409728545,0.07783602916744065,-0.0824738409728545,0.0046378118054138506,-0.07783602916744065,-3.4020788280282557,-2.6596964876850473,-6.0617753157133025,-249015//3019321,1532122011147//330354502388068,-8516313//109413508,accounting attribution; not an independent causal effect
cabinet/C2022-259238bde0cf94feb03e,cabinet/C2022-259238bde0cf94feb03e,cabinet/C2022-259238bde0cf94feb03e,cabinet/C2022-259238bde0cf94feb03e,focal,cabinet,not_applicable,,,2,2,2,2022,Cabinet 2022/22-01,Cabinet 2022/22-01,22-01,"[""lula_3-2023-01-01""]",2023-01-01,2023-09-12,255,,,,,,not applicable,true,false,true,false,false,cabinet/C2022-259238bde0cf94feb03e,"MDB, PCdoB, PDT, PSB, PSD, PSOL, PT, REDE, UNIÃO",6,PSOL,RJ,697920,8575988,0.08138071088718875,5,46,0.10869565217391304,3.7435127008106823,3.2722921195434114,1.256487299189318,0.4712205812672707,1.7277078804565886,-3.4020788280282557,-2.6596964876850473,-6.0617753157133025,2693905//2143997,27634994036880//58645558227869,47258645//27353377,accounting attribution; not an independent causal effect
cabinet/C2022-259238bde0cf94feb03e,cabinet/C2022-259238bde0cf94feb03e,cabinet/C2022-259238bde0cf94feb03e,cabinet/C2022-259238bde0cf94feb03e,focal,cabinet,not_applicable,,,2,2,2,2022,Cabinet 2022/22-01,Cabinet 2022/22-01,22-01,"[""lula_3-2023-01-01""]",2023-01-01,2023-09-12,255,,,,,,not applicable,true,false,true,false,false,cabinet/C2022-259238bde0cf94feb03e,"MDB, PCdoB, PDT, PSB, PSD, PSOL, PT, REDE, UNIÃO",6,PSOL,RN,0,1864825,0.0,0,8,0.0,0.0,0.0,0.0,0.0,0.0,-3.4020788280282557,-2.6596964876850473,-6.0617753157133025,0//1,0//1,0//1,accounting attribution; not an independent causal effect
cabinet/C2022-259238bde0cf94feb03e,cabinet/C2022-259238bde0cf94feb03e,cabinet/C2022-259238bde0cf94feb03e,cabinet/C2022-259238bde0cf94feb03e,focal,cabinet,not_applicable,,,2,2,2,2022,Cabinet 2022/22-01,Cabinet 2022/22-01,22-01,"[""lula_3-2023-01-01""]",2023-01-01,2023-09-12,255,,,,,,not applicable,true,false,true,false,false,cabinet/C2022-259238bde0cf94feb03e,"MDB, PCdoB, PDT, PSB, PSD, PSOL, PT, REDE, UNIÃO",6,PSOL,RO,815,869148,0.000937699908416058,0,8,0.0,0.007501599267328464,0.003821237502045908,-0.007501599267328464,0.003680361765282556,-0.003821237502045908,-3.4020788280282557,-2.6596964876850473,-6.0617753157133025,-1630//217287,87497409775//23774132912796,-418095//109413508,accounting attribution; not an independent causal effect
cabinet/C2022-259238bde0cf94feb03e,cabinet/C2022-259238bde0cf94feb03e,cabinet/C2022-259238bde0cf94feb03e,cabinet/C2022-259238bde0cf94feb03e,focal,cabinet,not_applicable,,,2,2,2,2022,Cabinet 2022/22-01,Cabinet 2022/22-01,22-01,"[""lula_3-2023-01-01""]",2023-01-01,2023-09-12,255,,,,,,not applicable,true,false,true,false,false,cabinet/C2022-259238bde0cf94feb03e,"MDB, PCdoB, PDT, PSB, PSD, PSOL, PT, REDE, UNIÃO",6,PSOL,RR,695,291714,0.0023824705019299727,0,8,0.0,0.01905976401543978,0.0032586013054256516,-0.01905976401543978,0.015801162710014128,-0.0032586013054256516,-3.4020788280282557,-2.6596964876850473,-6.0617753157133025,-2780//145857,252166426745//15958726036356,-356535//109413508,accounting attribution; not an independent causal effect
cabinet/C2022-259238bde0cf94feb03e,cabinet/C2022-259238bde0cf94feb03e,cabinet/C2022-259238bde0cf94feb03e,cabinet/C2022-259238bde0cf94feb03e,focal,cabinet,not_applicable,,,2,2,2,2022,Cabinet 2022/22-01,Cabinet 2022/22-01,22-01,"[""lula_3-2023-01-01""]",2023-01-01,2023-09-12,255,,,,,,not applicable,true,false,true,false,false,cabinet/C2022-259238bde0cf94feb03e,"MDB, PCdoB, PDT, PSB, PSD, PSOL, PT, REDE, UNIÃO",6,PSOL,RS,295262,6149822,0.04801147090110901,1,31,0.03225806451612903,1.4883555979343792,1.3843757390540847,-0.4883555979343792,0.10397985888029462,-0.3843757390540846,-3.4020788280282557,-2.6596964876850473,-6.0617753157133025,-1501650//3074911,17491325456561//168218399648894,-21027949//54706754,accounting attribution; not an independent causal effect
cabinet/C2022-259238bde0cf94feb03e,cabinet/C2022-259238bde0cf94feb03e,cabinet/C2022-259238bde0cf94feb03e,cabinet/C2022-259238bde0cf94feb03e,focal,cabinet,not_applicable,,,2,2,2,2022,Cabinet 2022/22-01,Cabinet 2022/22-01,22-01,"[""lula_3-2023-01-01""]",2023-01-01,2023-09-12,255,,,,,,not applicable,true,false,true,false,false,cabinet/C2022-259238bde0cf94feb03e,"MDB, PCdoB, PDT, PSB, PSD, PSOL, PT, REDE, UNIÃO",6,PSOL,SC,60893,3969848,0.015338874435494759,0,16,0.0,0.24542199096791614,0.2855050493399773,-0.24542199096791614,-0.04008305837206114,-0.2855050493399773,-3.4020788280282557,-2.6596964876850473,-6.0617753157133025,-121786//496231,-2176284581891//54294374488348,-31238109//109413508,accounting attribution; not an independent causal effect
cabinet/C2022-259238bde0cf94feb03e,cabinet/C2022-259238bde0cf94feb03e,cabinet/C2022-259238bde0cf94feb03e,cabinet/C2022-259238bde0cf94feb03e,focal,cabinet,not_applicable,,,2,2,2,2022,Cabinet 2022/22-01,Cabinet 2022/22-01,22-01,"[""lula_3-2023-01-01""]",2023-01-01,2023-09-12,255,,,,,,not applicable,true,false,true,false,false,cabinet/C2022-259238bde0cf94feb03e,"MDB, PCdoB, PDT, PSB, PSD, PSOL, PT, REDE, UNIÃO",6,PSOL,SE,24273,1191617,0.020369800028029142,0,8,0.0,0.16295840022423314,0.11380723667136237,-0.16295840022423314,0.049151163552870754,-0.11380723667136237,-3.4020788280282557,-2.6596964876850473,-6.0617753157133025,-194184//1191617,206718689169//4205774069756,-401679//3529468,accounting attribution; not an independent causal effect
cabinet/C2022-259238bde0cf94feb03e,cabinet/C2022-259238bde0cf94feb03e,cabinet/C2022-259238bde0cf94feb03e,cabinet/C2022-259238bde0cf94feb03e,focal,cabinet,not_applicable,,,2,2,2,2022,Cabinet 2022/22-01,Cabinet 2022/22-01,22-01,"[""lula_3-2023-01-01""]",2023-01-01,2023-09-12,255,,,,,,not applicable,true,false,true,false,false,cabinet/C2022-259238bde0cf94feb03e,"MDB, PCdoB, PDT, PSB, PSD, PSOL, PT, REDE, UNIÃO",6,PSOL,SP,1984281,23321040,0.08508544215866874,5,70,0.07142857142857142,5.955980951106811,9.303569290548658,-0.9559809511068117,-3.347588339441847,-4.303569290548658,-3.4020788280282557,-2.6596964876850473,-6.0617753157133025,-743149//777368,-71181913223473//21263639971736,-470868613//109413508,accounting attribution; not an independent causal effect
cabinet/C2022-259238bde0cf94feb03e,cabinet/C2022-259238bde0cf94feb03e,cabinet/C2022-259238bde0cf94feb03e,cabinet/C2022-259238bde0cf94feb03e,focal,cabinet,not_applicable,,,2,2,2,2022,Cabinet 2022/22-01,Cabinet 2022/22-01,22-01,"[""lula_3-2023-01-01""]",2023-01-01,2023-09-12,255,,,,,,not applicable,true,false,true,false,false,cabinet/C2022-259238bde0cf94feb03e,"MDB, PCdoB, PDT, PSB, PSD, PSOL, PT, REDE, UNIÃO",6,PSOL,TO,1762,830140,0.0021225335485580746,0,8,0.0,0.016980268388464597,0.008261374820374099,-0.016980268388464597,0.008718893568090498,-0.008261374820374099,-3.4020788280282557,-2.6596964876850473,-6.0617753157133025,-3524//207535,98990535241//11353566191390,-451953//54706754,accounting attribution; not an independent causal effect
cabinet/C2022-259238bde0cf94feb03e,cabinet/C2022-259238bde0cf94feb03e,cabinet/C2022-259238bde0cf94feb03e,cabinet/C2022-259238bde0cf94feb03e,focal,cabinet,not_applicable,,,2,2,2,2022,Cabinet 2022/22-01,Cabinet 2022/22-01,22-01,"[""lula_3-2023-01-01""]",2023-01-01,2023-09-12,255,,,,,,not applicable,true,false,true,false,false,cabinet/C2022-259238bde0cf94feb03e,"MDB, PCdoB, PDT, PSB, PSD, PSOL, PT, REDE, UNIÃO",7,PT,AC,20487,434253,0.047177566994355824,0,8,0.0,0.3774205359548466,0.09605606466799328,-0.3774205359548466,0.2813644712868533,-0.09605606466799328,9.068253408506147,-2.130298562930772,6.937954845575375,-54632//144751,4456170221975//15837714696508,-10509831//109413508,accounting attribution; not an independent causal effect
cabinet/C2022-259238bde0cf94feb03e,cabinet/C2022-259238bde0cf94feb03e,cabinet/C2022-259238bde0cf94feb03e,cabinet/C2022-259238bde0cf94feb03e,focal,cabinet,not_applicable,,,2,2,2,2022,Cabinet 2022/22-01,Cabinet 2022/22-01,22-01,"[""lula_3-2023-01-01""]",2023-01-01,2023-09-12,255,,,,,,not applicable,true,false,true,false,false,cabinet/C2022-259238bde0cf94feb03e,"MDB, PCdoB, PDT, PSB, PSD, PSOL, PT, REDE, UNIÃO",7,PT,AL,79102,1650763,0.04791844740886487,1,9,0.1111111111111111,0.4312660266797838,0.37088040354212937,0.5687339733202161,0.060385623137654464,0.6291195964578706,9.068253408506147,-2.130298562930772,6.937954845575375,938845//1650763,5453297931303//90307885353302,34417091//54706754,accounting attribution; not an independent causal effect
cabinet/C2022-259238bde0cf94feb03e,cabinet/C2022-259238bde0cf94feb03e,cabinet/C2022-259238bde0cf94feb03e,cabinet/C2022-259238bde0cf94feb03e,focal,cabinet,not_applicable,,,2,2,2,2022,Cabinet 2022/22-01,Cabinet 2022/22-01,22-01,"[""lula_3-2023-01-01""]",2023-01-01,2023-09-12,255,,,,,,not applicable,true,false,true,false,false,cabinet/C2022-259238bde0cf94feb03e,"MDB, PCdoB, PDT, PSB, PSD, PSOL, PT, REDE, UNIÃO",7,PT,AM,114667,1976477,0.05801585346047538,0,8,0.0,0.46412682768380303,0.5376317063154579,-0.46412682768380303,-0.07350487863165482,-0.5376317063154579,9.068253408506147,-2.130298562930772,6.937954845575375,-917336//1976477,-15895671250879//216253282051316,-58824171//109413508,accounting attribution; not an independent causal effect
cabinet/C2022-259238bde0cf94feb03e,cabinet/C2022-259238bde0cf94feb03e,cabinet/C2022-259238bde0cf94feb03e,cabinet/C2022-259238bde0cf94feb03e,focal,cabinet,not_applicable,,,2,2,2,2022,Cabinet 2022/22-01,Cabinet 2022/22-01,22-01,"[""lula_3-2023-01-01""]",2023-01-01,2023-09-12,255,,,,,,not applicable,true,false,true,false,false,cabinet/C2022-259238bde0cf94feb03e,"MDB, PCdoB, PDT, PSB, PSD, PSOL, PT, REDE, UNIÃO",7,PT,AP,14891,423017,0.03520189495930424,0,8,0.0,0.2816151596744339,0.06981846336560199,-0.2816151596744339,0.2117966963088319,-0.06981846336560199,9.068253408506147,-2.130298562930772,6.937954845575375,-119128//423017,9802750407613//46283773913636,-7639083//109413508,accounting attribution; not an independent causal effect
cabinet/C2022-259238bde0cf94feb03e,cabinet/C2022-259238bde0cf94feb03e,cabinet/C2022-259238bde0cf94feb03e,cabinet/C2022-259238bde0cf94feb03e,focal,cabinet,not_applicable,,,2,2,2,2022,Cabinet 2022/22-01,Cabinet 2022/22-01,22-01,"[""lula_3-2023-01-01""]",2023-01-01,2023-09-12,255,,,,,,not applicable,true,false,true,false,false,cabinet/C2022-259238bde0cf94feb03e,"MDB, PCdoB, PDT, PSB, PSD, PSOL, PT, REDE, UNIÃO",7,PT,BA,1369997,7958431,0.17214410729954183,7,39,0.1794871794871795,6.7136201846821315,6.423415845509679,0.28637981531786855,0.2902043391724527,0.5765841544903213,9.068253408506147,-2.130298562930772,6.937954845575375,175318//612187,19438329844221//66981527221996,63086095//109413508,accounting attribution; not an independent causal effect
cabinet/C2022-259238bde0cf94feb03e,cabinet/C2022-259238bde0cf94feb03e,cabinet/C2022-259238bde0cf94feb03e,cabinet/C2022-259238bde0cf94feb03e,focal,cabinet,not_applicable,,,2,2,2,2022,Cabinet 2022/22-01,Cabinet 2022/22-01,22-01,"[""lula_3-2023-01-01""]",2023-01-01,2023-09-12,255,,,,,,not applicable,true,false,true,false,false,cabinet/C2022-259238bde0cf94feb03e,"MDB, PCdoB, PDT, PSB, PSD, PSOL, PT, REDE, UNIÃO",7,PT,CE,562457,5083860,0.11063581609249665,3,22,0.13636363636363635,2.4339879540349263,2.637155560353663,0.5660120459650738,-0.20316760631873687,0.3628444396463369,9.068253408506147,-2.130298562930772,6.937954845575375,1438763//2541930,-28252637515207//139060739195220,39700083//109413508,accounting attribution; not an independent causal effect
cabinet/C2022-259238bde0cf94feb03e,cabinet/C2022-259238bde0cf94feb03e,cabinet/C2022-259238bde0cf94feb03e,cabinet/C2022-259238bde0cf94feb03e,focal,cabinet,not_applicable,,,2,2,2,2022,Cabinet 2022/22-01,Cabinet 2022/22-01,22-01,"[""lula_3-2023-01-01""]",2023-01-01,2023-09-12,255,,,,,,not applicable,true,false,true,false,false,cabinet/C2022-259238bde0cf94feb03e,"MDB, PCdoB, PDT, PSB, PSD, PSOL, PT, REDE, UNIÃO",7,PT,DF,227891,1607519,0.14176566497814333,1,8,0.125,1.1341253198251466,1.068497712366557,-0.1341253198251467,0.06562760745858955,-0.06849771236655715,9.068253408506147,-2.130298562930772,6.937954845575375,-215609//1607519,11542865336947//175884292966652,-7494575//109413508,accounting attribution; not an independent causal effect
cabinet/C2022-259238bde0cf94feb03e,cabinet/C2022-259238bde0cf94feb03e,cabinet/C2022-259238bde0cf94feb03e,cabinet/C2022-259238bde0cf94feb03e,focal,cabinet,not_applicable,,,2,2,2,2022,Cabinet 2022/22-01,Cabinet 2022/22-01,22-01,"[""lula_3-2023-01-01""]",2023-01-01,2023-09-12,255,,,,,,not applicable,true,false,true,false,false,cabinet/C2022-259238bde0cf94feb03e,"MDB, PCdoB, PDT, PSB, PSD, PSOL, PT, REDE, UNIÃO",7,PT,ES,208654,2084430,0.10010122671425761,2,10,0.2,1.001012267142576,0.9783024414133582,0.9989877328574238,0.022709825729217935,1.0216975585866417,9.068253408506147,-2.130298562930772,6.937954845575375,208232//208443,258965591423//11403239924022,55893757//54706754,accounting attribution; not an independent causal effect
cabinet/C2022-259238bde0cf94feb03e,cabinet/C2022-259238bde0cf94feb03e,cabinet/C2022-259238bde0cf94feb03e,cabinet/C2022-259238bde0cf94feb03e,focal,cabinet,not_applicable,,,2,2,2,2022,Cabinet 2022/22-01,Cabinet 2022/22-01,22-01,"[""lula_3-2023-01-01""]",2023-01-01,2023-09-12,255,,,,,,not applicable,true,false,true,false,false,cabinet/C2022-259238bde0cf94feb03e,"MDB, PCdoB, PDT, PSB, PSD, PSOL, PT, REDE, UNIÃO",7,PT,GO,286944,3439644,0.08342258675607127,2,17,0.11764705882352941,1.4181839748532115,1.3453756733583573,0.5818160251467884,0.07280830149485437,0.6546243266416428,9.068253408506147,-2.130298562930772,6.937954845575375,9810//16861,33579573776//461205289597,17906186//27353377,accounting attribution; not an independent causal effect
cabinet/C2022-259238bde0cf94feb03e,cabinet/C2022-259238bde0cf94feb03e,cabinet/C2022-259238bde0cf94feb03e,cabinet/C2022-259238bde0cf94feb03e,focal,cabinet,not_applicable,,,2,2,2,2022,Cabinet 2022/22-01,Cabinet 2022/22-01,22-01,"[""lula_3-2023-01-01""]",2023-01-01,2023-09-12,255,,,,,,not applicable,true,false,true,false,false,cabinet/C2022-259238bde0cf94feb03e,"MDB, PCdoB, PDT, PSB, PSD, PSOL, PT, REDE, UNIÃO",7,PT,MA,224298,3707930,0.06049143322554633,1,18,0.05555555555555555,1.0888457980598338,1.0516514469127523,-0.08884579805983392,0.03719435114708162,-0.05165144691275231,9.068253408506147,-2.130298562930772,6.937954845575375,-164717//1853965,3772415015523//101424407179610,-2825683//54706754,accounting attribution; not an independent causal effect
cabinet/C2022-259238bde0cf94feb03e,cabinet/C2022-259238bde0cf94feb03e,cabinet/C2022-259238bde0cf94feb03e,cabinet/C2022-259238bde0cf94feb03e,focal,cabinet,not_applicable,,,2,2,2,2022,Cabinet 2022/22-01,Cabinet 2022/22-01,22-01,"[""lula_3-2023-01-01""]",2023-01-01,2023-09-12,255,,,,,,not applicable,true,false,true,false,false,cabinet/C2022-259238bde0cf94feb03e,"MDB, PCdoB, PDT, PSB, PSD, PSOL, PT, REDE, UNIÃO",7,PT,MG,1587693,11181098,0.14199795046962294,10,53,0.18867924528301888,7.525891374890016,7.4441129243383735,2.474108625109985,0.08177845055164198,2.5558870756616265,9.068253408506147,-2.130298562930772,6.937954845575375,27663251//11181098,50022371658225//611681577735892,279648571//109413508,accounting attribution; not an independent causal effect
cabinet/C2022-259238bde0cf94feb03e,cabinet/C2022-259238bde0cf94feb03e,cabinet/C2022-259238bde0cf94feb03e,cabinet/C2022-259238bde0cf94feb03e,focal,cabinet,not_applicable,,,2,2,2,2022,Cabinet 2022/22-01,Cabinet 2022/22-01,22-01,"[""lula_3-2023-01-01""]",2023-01-01,2023-09-12,255,,,,,,not applicable,true,false,true,false,false,cabinet/C2022-259238bde0cf94feb03e,"MDB, PCdoB, PDT, PSB, PSD, PSOL, PT, REDE, UNIÃO",7,PT,MS,201961,1374808,0.14690124002769842,2,8,0.25,1.1752099202215873,0.9469214075468634,0.8247900797784127,0.2282885126747239,1.0530785924531365,9.068253408506147,-2.130298562930772,6.937954845575375,141741//171851,4292467986145//18802820763308,115221023//109413508,accounting attribution; not an independent causal effect
cabinet/C2022-259238bde0cf94feb03e,cabinet/C2022-259238bde0cf94feb03e,cabinet/C2022-259238bde0cf94feb03e,cabinet/C2022-259238bde0cf94feb03e,focal,cabinet,not_applicable,,,2,2,2,2022,Cabinet 2022/22-01,Cabinet 2022/22-01,22-01,"[""lula_3-2023-01-01""]",2023-01-01,2023-09-12,255,,,,,,not applicable,true,false,true,false,false,cabinet/C2022-259238bde0cf94feb03e,"MDB, PCdoB, PDT, PSB, PSD, PSOL, PT, REDE, UNIÃO",7,PT,MT,148701,1730277,0.08594057483281578,0,8,0.0,0.6875245986625262,0.6972047089469062,-0.6875245986625262,-0.009680110284379975,-0.6972047089469062,9.068253408506147,-2.130298562930772,6.937954845575375,-396536//576759,-610865541979//63105225460572,-76283613//109413508,accounting attribution; not an independent causal effect
cabinet/C2022-259238bde0cf94feb03e,cabinet/C2022-259238bde0cf94feb03e,cabinet/C2022-259238bde0cf94feb03e,cabinet/C2022-259238bde0cf94feb03e,focal,cabinet,not_applicable,,,2,2,2,2022,Cabinet 2022/22-01,Cabinet 2022/22-01,22-01,"[""lula_3-2023-01-01""]",2023-01-01,2023-09-12,255,,,,,,not applicable,true,false,true,false,false,cabinet/C2022-259238bde0cf94feb03e,"MDB, PCdoB, PDT, PSB, PSD, PSOL, PT, REDE, UNIÃO",7,PT,PA,362849,4521516,0.08024941192290373,2,17,0.11764705882352941,1.3642400026893635,1.7012665108955285,0.6357599973106365,-0.3370265082061651,0.29873348910447145,9.068253408506147,-2.130298562930772,6.937954845575375,2874599//4521516,-20841505552141//61839365879766,32685479//109413508,accounting attribution; not an independent causal effect
cabinet/C2022-259238bde0cf94feb03e,cabinet/C2022-259238bde0cf94feb03e,cabinet/C2022-259238bde0cf94feb03e,cabinet/C2022-259238bde0cf94feb03e,focal,cabinet,not_applicable,,,2,2,2,2022,Cabinet 2022/22-01,Cabinet 2022/22-01,22-01,"[""lula_3-2023-01-01""]",2023-01-01,2023-09-12,255,,,,,,not applicable,true,false,true,false,false,cabinet/C2022-259238bde0cf94feb03e,"MDB, PCdoB, PDT, PSB, PSD, PSOL, PT, REDE, UNIÃO",7,PT,PB,188850,2209355,0.08547743572219041,1,12,0.08333333333333333,1.025729228666285,0.8854487144311286,-0.025729228666284958,0.1402805142351564,0.11455128556887144,9.068253408506147,-2.130298562930772,6.937954845575375,-11369//441871,3391046896185//24173328096734,6266729//54706754,accounting attribution; not an independent causal effect
cabinet/C2022-259238bde0cf94feb03e,cabinet/C2022-259238bde0cf94feb03e,cabinet/C2022-259238bde0cf94feb03e,cabinet/C2022-259238bde0cf94feb03e,focal,cabinet,not_applicable,,,2,2,2,2022,Cabinet 2022/22-01,Cabinet 2022/22-01,22-01,"[""lula_3-2023-01-01""]",2023-01-01,2023-09-12,255,,,,,,not applicable,true,false,true,false,false,cabinet/C2022-259238bde0cf94feb03e,"MDB, PCdoB, PDT, PSB, PSD, PSOL, PT, REDE, UNIÃO",7,PT,PE,355602,4969863,0.07155167053900681,1,25,0.04,1.7887917634751702,1.6672879732546368,-0.7887917634751702,0.12150379022053334,-0.6672879732546368,9.068253408506147,-2.130298562930772,6.937954845575375,-1306729//1656621,11011688939927//90628357518234,-36505159//54706754,accounting attribution; not an independent causal effect
cabinet/C2022-259238bde0cf94feb03e,cabinet/C2022-259238bde0cf94feb03e,cabinet/C2022-259238bde0cf94feb03e,cabinet/C2022-259238bde0cf94feb03e,focal,cabinet,not_applicable,,,2,2,2,2022,Cabinet 2022/22-01,Cabinet 2022/22-01,22-01,"[""lula_3-2023-01-01""]",2023-01-01,2023-09-12,255,,,,,,not applicable,true,false,true,false,false,cabinet/C2022-259238bde0cf94feb03e,"MDB, PCdoB, PDT, PSB, PSD, PSOL, PT, REDE, UNIÃO",7,PT,PI,663394,1957483,0.3389015383530789,4,10,0.4,3.3890153835307895,3.11041230850582,0.6109846164692108,0.27860307502496934,0.88958769149418,9.068253408506147,-2.130298562930772,6.937954845575375,1195992//1957483,29834918202797//107087540940182,48666455//54706754,accounting attribution; not an independent causal effect
cabinet/C2022-259238bde0cf94feb03e,cabinet/C2022-259238bde0cf94feb03e,cabinet/C2022-259238bde0cf94feb03e,cabinet/C2022-259238bde0cf94feb03e,focal,cabinet,not_applicable,,,2,2,2,2022,Cabinet 2022/22-01,Cabinet 2022/22-01,22-01,"[""lula_3-2023-01-01""]",2023-01-01,2023-09-12,255,,,,,,not applicable,true,false,true,false,false,cabinet/C2022-259238bde0cf94feb03e,"MDB, PCdoB, PDT, PSB, PSD, PSOL, PT, REDE, UNIÃO",7,PT,PR,862421,6038642,0.1428170439645205,5,30,0.16666666666666666,4.284511318935615,4.043577261045318,0.715488681064385,0.2409340578902969,0.9564227389546819,9.068253408506147,-2.130298562930772,6.937954845575375,2160290//3019321,79593650802687//330354502388068,104645567//109413508,accounting attribution; not an independent causal effect
cabinet/C2022-259238bde0cf94feb03e,cabinet/C2022-259238bde0cf94feb03e,cabinet/C2022-259238bde0cf94feb03e,cabinet/C2022-259238bde0cf94feb03e,focal,cabinet,not_applicable,,,2,2,2,2022,Cabinet 2022/22-01,Cabinet 2022/22-01,22-01,"[""lula_3-2023-01-01""]",2023-01-01,2023-09-12,255,,,,,,not applicable,true,false,true,false,false,cabinet/C2022-259238bde0cf94feb03e,"MDB, PCdoB, PDT, PSB, PSD, PSOL, PT, REDE, UNIÃO",7,PT,RJ,734512,8575988,0.0856475079022965,5,46,0.10869565217391304,3.939785363505639,3.443858650432815,1.0602146364943608,0.4959267130728243,1.556141349567185,9.068253408506147,-2.130298562930772,6.937954845575375,2273097//2143997,29083898928268//58645558227869,42565721//27353377,accounting attribution; not an independent causal effect
cabinet/C2022-259238bde0cf94feb03e,cabinet/C2022-259238bde0cf94feb03e,cabinet/C2022-259238bde0cf94feb03e,cabinet/C2022-259238bde0cf94feb03e,focal,cabinet,not_applicable,,,2,2,2,2022,Cabinet 2022/22-01,Cabinet 2022/22-01,22-01,"[""lula_3-2023-01-01""]",2023-01-01,2023-09-12,255,,,,,,not applicable,true,false,true,false,false,cabinet/C2022-259238bde0cf94feb03e,"MDB, PCdoB, PDT, PSB, PSD, PSOL, PT, REDE, UNIÃO",7,PT,RN,293953,1864825,0.15763034064858633,2,8,0.25,1.2610427251886906,1.378238315875952,0.7389572748113094,-0.11719559068726136,0.621761684124048,9.068253408506147,-2.130298562930772,6.937954845575375,1378026//1864825,-23912242017433//204037045056100,68029127//109413508,accounting attribution; not an independent causal effect
cabinet/C2022-259238bde0cf94feb03e,cabinet/C2022-259238bde0cf94feb03e,cabinet/C2022-259238bde0cf94feb03e,cabinet/C2022-259238bde0cf94feb03e,focal,cabinet,not_applicable,,,2,2,2,2022,Cabinet 2022/22-01,Cabinet 2022/22-01,22-01,"[""lula_3-2023-01-01""]",2023-01-01,2023-09-12,255,,,,,,not applicable,true,false,true,false,false,cabinet/C2022-259238bde0cf94feb03e,"MDB, PCdoB, PDT, PSB, PSD, PSOL, PT, REDE, UNIÃO",7,PT,RO,43586,869148,0.05014796099168381,0,8,0.0,0.4011836879334705,0.20435884388242082,-0.4011836879334705,0.19682484405104966,-0.20435884388242082,9.068253408506147,-2.130298562930772,6.937954845575375,-87172//217287,75473225855//383453756658,-360639//1764734,accounting attribution; not an independent causal effect
cabinet/C2022-259238bde0cf94feb03e,cabinet/C2022-259238bde0cf94feb03e,cabinet/C2022-259238bde0cf94feb03e,cabinet/C2022-259238bde0cf94feb03e,focal,cabinet,not_applicable,,,2,2,2,2022,Cabinet 2022/22-01,Cabinet 2022/22-01,22-01,"[""lula_3-2023-01-01""]",2023-01-01,2023-09-12,255,,,,,,not applicable,true,false,true,false,false,cabinet/C2022-259238bde0cf94feb03e,"MDB, PCdoB, PDT, PSB, PSD, PSOL, PT, REDE, UNIÃO",7,PT,RR,2513,291714,0.008614601973165497,0,8,0.0,0.06891681578532398,0.011782539684222536,-0.06891681578532398,0.057134276101101444,-0.011782539684222536,9.068253408506147,-2.130298562930772,6.937954845575375,-10052//145857,911790259583//15958726036356,-1289169//109413508,accounting attribution; not an independent causal effect
cabinet/C2022-259238bde0cf94feb03e,cabinet/C2022-259238bde0cf94feb03e,cabinet/C2022-259238bde0cf94feb03e,cabinet/C2022-259238bde0cf94feb03e,focal,cabinet,not_applicable,,,2,2,2,2022,Cabinet 2022/22-01,Cabinet 2022/22-01,22-01,"[""lula_3-2023-01-01""]",2023-01-01,2023-09-12,255,,,,,,not applicable,true,false,true,false,false,cabinet/C2022-259238bde0cf94feb03e,"MDB, PCdoB, PDT, PSB, PSD, PSOL, PT, REDE, UNIÃO",7,PT,RS,1040725,6149822,0.16922847523066523,6,31,0.1935483870967742,5.246082732150621,4.87957963106347,0.7539172678493784,0.3665031010871518,1.1204203689365302,9.068253408506147,-2.130298562930772,6.937954845575375,662351//878546,17615018608925//48062399899684,122589123//109413508,accounting attribution; not an independent causal effect
cabinet/C2022-259238bde0cf94feb03e,cabinet/C2022-259238bde0cf94feb03e,cabinet/C2022-259238bde0cf94feb03e,cabinet/C2022-259238bde0cf94feb03e,focal,cabinet,not_applicable,,,2,2,2,2022,Cabinet 2022/22-01,Cabinet 2022/22-01,22-01,"[""lula_3-2023-01-01""]",2023-01-01,2023-09-12,255,,,,,,not applicable,true,false,true,false,false,cabinet/C2022-259238bde0cf94feb03e,"MDB, PCdoB, PDT, PSB, PSD, PSOL, PT, REDE, UNIÃO",7,PT,SC,480911,3969848,0.12114091018094396,2,16,0.125,1.9382545628951033,2.254816132940368,0.06174543710489671,-0.31656157004526453,-0.2548161329403678,9.068253408506147,-2.130298562930772,6.937954845575375,30640//496231,-17187512432657//54294374488348,-27880327//109413508,accounting attribution; not an independent causal effect
cabinet/C2022-259238bde0cf94feb03e,cabinet/C2022-259238bde0cf94feb03e,cabinet/C2022-259238bde0cf94feb03e,cabinet/C2022-259238bde0cf94feb03e,focal,cabinet,not_applicable,,,2,2,2,2022,Cabinet 2022/22-01,Cabinet 2022/22-01,22-01,"[""lula_3-2023-01-01""]",2023-01-01,2023-09-12,255,,,,,,not applicable,true,false,true,false,false,cabinet/C2022-259238bde0cf94feb03e,"MDB, PCdoB, PDT, PSB, PSD, PSOL, PT, REDE, UNIÃO",7,PT,SE,151444,1191617,0.12709117107258455,1,8,0.125,1.0167293685806764,0.710065634674651,-0.01672936858067651,0.3066637339060255,0.28993436532534905,9.068253408506147,-2.130298562930772,6.937954845575375,-19935//1191617,9995627446523//32594749040609,7930684//27353377,accounting attribution; not an independent causal effect
cabinet/C2022-259238bde0cf94feb03e,cabinet/C2022-259238bde0cf94feb03e,cabinet/C2022-259238bde0cf94feb03e,cabinet/C2022-259238bde0cf94feb03e,focal,cabinet,not_applicable,,,2,2,2,2022,Cabinet 2022/22-01,Cabinet 2022/22-01,22-01,"[""lula_3-2023-01-01""]",2023-01-01,2023-09-12,255,,,,,,not applicable,true,false,true,false,false,cabinet/C2022-259238bde0cf94feb03e,"MDB, PCdoB, PDT, PSB, PSD, PSOL, PT, REDE, UNIÃO",7,PT,SP,2941086,23321040,0.12611298638482674,11,70,0.15714285714285714,8.827909046937872,13.789678674775695,2.1720909530621277,-4.961769627837824,-2.789678674775696,9.068253408506147,-2.130298562930772,6.937954845575375,844257//388684,-52752641494519//10631819985868,-152614265//54706754,accounting attribution; not an independent causal effect
cabinet/C2022-259238bde0cf94feb03e,cabinet/C2022-259238bde0cf94feb03e,cabinet/C2022-259238bde0cf94feb03e,cabinet/C2022-259238bde0cf94feb03e,focal,cabinet,not_applicable,,,2,2,2,2022,Cabinet 2022/22-01,Cabinet 2022/22-01,22-01,"[""lula_3-2023-01-01""]",2023-01-01,2023-09-12,255,,,,,,not applicable,true,false,true,false,false,cabinet/C2022-259238bde0cf94feb03e,"MDB, PCdoB, PDT, PSB, PSD, PSOL, PT, REDE, UNIÃO",7,PT,TO,67109,830140,0.08084058110680126,0,8,0.0,0.6467246488544101,0.3146496043249066,-0.6467246488544101,0.33207504452950354,-0.3146496043249066,9.068253408506147,-2.130298562930772,6.937954845575375,-134218//207535,7540471997149//22707132382780,-34426917//109413508,accounting attribution; not an independent causal effect
cabinet/C2022-259238bde0cf94feb03e,cabinet/C2022-259238bde0cf94feb03e,cabinet/C2022-259238bde0cf94feb03e,cabinet/C2022-259238bde0cf94feb03e,focal,cabinet,not_applicable,,,2,2,2,2022,Cabinet 2022/22-01,Cabinet 2022/22-01,22-01,"[""lula_3-2023-01-01""]",2023-01-01,2023-09-12,255,,,,,,not applicable,true,false,true,false,false,cabinet/C2022-259238bde0cf94feb03e,"MDB, PCdoB, PDT, PSB, PSD, PSOL, PT, REDE, UNIÃO",8,REDE,AC,3016,434253,0.006945260021231863,0,8,0.0,0.0555620801698549,0.014140923075055779,-0.0555620801698549,0.04142115709479912,-0.014140923075055779,-1.9541934416370335,0.2833814153925225,-1.670812026244511,-24128//434253,492012351350//11878286022381,-386802//27353377,accounting attribution; not an independent causal effect
cabinet/C2022-259238bde0cf94feb03e,cabinet/C2022-259238bde0cf94feb03e,cabinet/C2022-259238bde0cf94feb03e,cabinet/C2022-259238bde0cf94feb03e,focal,cabinet,not_applicable,,,2,2,2,2022,Cabinet 2022/22-01,Cabinet 2022/22-01,22-01,"[""lula_3-2023-01-01""]",2023-01-01,2023-09-12,255,,,,,,not applicable,true,false,true,false,false,cabinet/C2022-259238bde0cf94feb03e,"MDB, PCdoB, PDT, PSB, PSD, PSOL, PT, REDE, UNIÃO",8,REDE,AL,272,1650763,0.0001647722901470411,0,9,0.0,0.0014829506113233698,0.0012753087123392479,-0.0014829506113233698,0.00020764189898412195,-0.0012753087123392479,-1.9541934416370335,0.2833814153925225,-1.670812026244511,-2448//1650763,9375850404//45153942676651,-34884//27353377,accounting attribution; not an independent causal effect
cabinet/C2022-259238bde0cf94feb03e,cabinet/C2022-259238bde0cf94feb03e,cabinet/C2022-259238bde0cf94feb03e,cabinet/C2022-259238bde0cf94feb03e,focal,cabinet,not_applicable,,,2,2,2,2022,Cabinet 2022/22-01,Cabinet 2022/22-01,22-01,"[""lula_3-2023-01-01""]",2023-01-01,2023-09-12,255,,,,,,not applicable,true,false,true,false,false,cabinet/C2022-259238bde0cf94feb03e,"MDB, PCdoB, PDT, PSB, PSD, PSOL, PT, REDE, UNIÃO",8,REDE,AM,28096,1976477,0.014215191980478397,0,8,0.0,0.11372153584382717,0.13173188816868936,-0.11372153584382717,-0.0180103523248622,-0.13173188816868936,-1.9541934416370335,0.2833814153925225,-1.670812026244511,-224768//1976477,-973699450288//54063320512829,-3603312//27353377,accounting attribution; not an independent causal effect
cabinet/C2022-259238bde0cf94feb03e,cabinet/C2022-259238bde0cf94feb03e,cabinet/C2022-259238bde0cf94feb03e,cabinet/C2022-259238bde0cf94feb03e,focal,cabinet,not_applicable,,,2,2,2,2022,Cabinet 2022/22-01,Cabinet 2022/22-01,22-01,"[""lula_3-2023-01-01""]",2023-01-01,2023-09-12,255,,,,,,not applicable,true,false,true,false,false,cabinet/C2022-259238bde0cf94feb03e,"MDB, PCdoB, PDT, PSB, PSD, PSOL, PT, REDE, UNIÃO",8,REDE,AP,25667,423017,0.06067604848032112,0,8,0.0,0.48540838784256896,0.12034319382210101,-0.48540838784256896,0.36506519402046794,-0.12034319382210101,-1.9541934416370335,0.2833814153925225,-1.670812026244511,-205336//423017,16896594903781//46283773913636,-13167171//109413508,accounting attribution; not an independent causal effect
cabinet/C2022-259238bde0cf94feb03e,cabinet/C2022-259238bde0cf94feb03e,cabinet/C2022-259238bde0cf94feb03e,cabinet/C2022-259238bde0cf94feb03e,focal,cabinet,not_applicable,,,2,2,2,2022,Cabinet 2022/22-01,Cabinet 2022/22-01,22-01,"[""lula_3-2023-01-01""]",2023-01-01,2023-09-12,255,,,,,,not applicable,true,false,true,false,false,cabinet/C2022-259238bde0cf94feb03e,"MDB, PCdoB, PDT, PSB, PSD, PSOL, PT, REDE, UNIÃO",8,REDE,BA,10904,7958431,0.0013701193112059399,0,39,0.0,0.053434653137031655,0.05112487573289397,-0.053434653137031655,0.002309777404137691,-0.05112487573289397,-1.9541934416370335,0.2833814153925225,-1.670812026244511,-32712//612187,38678104518//16745381805499,-1398438//27353377,accounting attribution; not an independent causal effect
cabinet/C2022-259238bde0cf94feb03e,cabinet/C2022-259238bde0cf94feb03e,cabinet/C2022-259238bde0cf94feb03e,cabinet/C2022-259238bde0cf94feb03e,focal,cabinet,not_applicable,,,2,2,2,2022,Cabinet 2022/22-01,Cabinet 2022/22-01,22-01,"[""lula_3-2023-01-01""]",2023-01-01,2023-09-12,255,,,,,,not applicable,true,false,true,false,false,cabinet/C2022-259238bde0cf94feb03e,"MDB, PCdoB, PDT, PSB, PSD, PSOL, PT, REDE, UNIÃO",8,REDE,CE,4553,5083860,0.0008955793432549284,0,22,0.0,0.019702745551608423,0.021347355026766896,-0.019702745551608423,-0.0016446094751584727,-0.021347355026766896,-1.9541934416370335,0.2833814153925225,-1.670812026244511,-50083//2541930,-228700609303//139060739195220,-2335689//109413508,accounting attribution; not an independent causal effect
cabinet/C2022-259238bde0cf94feb03e,cabinet/C2022-259238bde0cf94feb03e,cabinet/C2022-259238bde0cf94feb03e,cabinet/C2022-259238bde0cf94feb03e,focal,cabinet,not_applicable,,,2,2,2,2022,Cabinet 2022/22-01,Cabinet 2022/22-01,22-01,"[""lula_3-2023-01-01""]",2023-01-01,2023-09-12,255,,,,,,not applicable,true,false,true,false,false,cabinet/C2022-259238bde0cf94feb03e,"MDB, PCdoB, PDT, PSB, PSD, PSOL, PT, REDE, UNIÃO",8,REDE,DF,5791,1607519,0.0036024457564731737,0,8,0.0,0.02881956605178539,0.027151885121899207,-0.02881956605178539,0.0016676809298861828,-0.027151885121899207,-1.9541934416370335,0.2833814153925225,-1.670812026244511,-46328//1607519,293318881247//175884292966652,-2970783//109413508,accounting attribution; not an independent causal effect
cabinet/C2022-259238bde0cf94feb03e,cabinet/C2022-259238bde0cf94feb03e,cabinet/C2022-259238bde0cf94feb03e,cabinet/C2022-259238bde0cf94feb03e,focal,cabinet,not_applicable,,,2,2,2,2022,Cabinet 2022/22-01,Cabinet 2022/22-01,22-01,"[""lula_3-2023-01-01""]",2023-01-01,2023-09-12,255,,,,,,not applicable,true,false,true,false,false,cabinet/C2022-259238bde0cf94feb03e,"MDB, PCdoB, PDT, PSB, PSD, PSOL, PT, REDE, UNIÃO",8,REDE,ES,21739,2084430,0.010429230053299944,0,10,0.0,0.10429230053299943,0.10192623565273129,-0.10429230053299943,0.002366064880268141,-0.10192623565273129,-1.9541934416370335,0.2833814153925225,-1.670812026244511,-21739//208443,53961611011//22806479848044,-11152107//109413508,accounting attribution; not an independent causal effect
cabinet/C2022-259238bde0cf94feb03e,cabinet/C2022-259238bde0cf94feb03e,cabinet/C2022-259238bde0cf94feb03e,cabinet/C2022-259238bde0cf94feb03e,focal,cabinet,not_applicable,,,2,2,2,2022,Cabinet 2022/22-01,Cabinet 2022/22-01,22-01,"[""lula_3-2023-01-01""]",2023-01-01,2023-09-12,255,,,,,,not applicable,true,false,true,false,false,cabinet/C2022-259238bde0cf94feb03e,"MDB, PCdoB, PDT, PSB, PSD, PSOL, PT, REDE, UNIÃO",8,REDE,GO,3073,3439644,0.0008934064106634292,0,17,0.0,0.015187908981278295,0.0144081752684504,-0.015187908981278295,0.0007797337128278949,-0.0144081752684504,-1.9541934416370335,0.2833814153925225,-1.670812026244511,-3073//202332,2157703877//2767231737582,-1576449//109413508,accounting attribution; not an independent causal effect
cabinet/C2022-259238bde0cf94feb03e,cabinet/C2022-259238bde0cf94feb03e,cabinet/C2022-259238bde0cf94feb03e,cabinet/C2022-259238bde0cf94feb03e,focal,cabinet,not_applicable,,,2,2,2,2022,Cabinet 2022/22-01,Cabinet 2022/22-01,22-01,"[""lula_3-2023-01-01""]",2023-01-01,2023-09-12,255,,,,,,not applicable,true,false,true,false,false,cabinet/C2022-259238bde0cf94feb03e,"MDB, PCdoB, PDT, PSB, PSD, PSOL, PT, REDE, UNIÃO",8,REDE,MA,1593,3707930,0.00042961976089084746,0,18,0.0,0.007733155696035254,0.007468995510133904,-0.007733155696035254,0.00026416018590135,-0.007468995510133904,-1.9541934416370335,0.2833814153925225,-1.670812026244511,-14337//1853965,53584580511//202848814359220,-817209//109413508,accounting attribution; not an independent causal effect
cabinet/C2022-259238bde0cf94feb03e,cabinet/C2022-259238bde0cf94feb03e,cabinet/C2022-259238bde0cf94feb03e,cabinet/C2022-259238bde0cf94feb03e,focal,cabinet,not_applicable,,,2,2,2,2022,Cabinet 2022/22-01,Cabinet 2022/22-01,22-01,"[""lula_3-2023-01-01""]",2023-01-01,2023-09-12,255,,,,,,not applicable,true,false,true,false,false,cabinet/C2022-259238bde0cf94feb03e,"MDB, PCdoB, PDT, PSB, PSD, PSOL, PT, REDE, UNIÃO",8,REDE,MG,107345,11181098,0.009600577689239465,0,53,0.0,0.5088306175296916,0.5033015210516786,-0.5088306175296916,0.0055290964780130725,-0.5033015210516786,-1.9541934416370335,0.2833814153925225,-1.670812026244511,-5689285//11181098,3382046457125//611681577735892,-55067985//109413508,accounting attribution; not an independent causal effect
cabinet/C2022-259238bde0cf94feb03e,cabinet/C2022-259238bde0cf94feb03e,cabinet/C2022-259238bde0cf94feb03e,cabinet/C2022-259238bde0cf94feb03e,focal,cabinet,not_applicable,,,2,2,2,2022,Cabinet 2022/22-01,Cabinet 2022/22-01,22-01,"[""lula_3-2023-01-01""]",2023-01-01,2023-09-12,255,,,,,,not applicable,true,false,true,false,false,cabinet/C2022-259238bde0cf94feb03e,"MDB, PCdoB, PDT, PSB, PSD, PSOL, PT, REDE, UNIÃO",8,REDE,MS,1365,1374808,0.0009928659129129305,0,8,0.0,0.007942927303303444,0.006399986736555417,-0.007942927303303444,0.0015429405667480261,-0.006399986736555417,-1.9541934416370335,0.2833814153925225,-1.670812026244511,-1365//171851,29011634925//18802820763308,-700245//109413508,accounting attribution; not an independent causal effect
cabinet/C2022-259238bde0cf94feb03e,cabinet/C2022-259238bde0cf94feb03e,cabinet/C2022-259238bde0cf94feb03e,cabinet/C2022-259238bde0cf94feb03e,focal,cabinet,not_applicable,,,2,2,2,2022,Cabinet 2022/22-01,Cabinet 2022/22-01,22-01,"[""lula_3-2023-01-01""]",2023-01-01,2023-09-12,255,,,,,,not applicable,true,false,true,false,false,cabinet/C2022-259238bde0cf94feb03e,"MDB, PCdoB, PDT, PSB, PSD, PSOL, PT, REDE, UNIÃO",8,REDE,MT,1161,1730277,0.0006709908297919928,0,8,0.0,0.0053679266383359426,0.005443505202300981,-0.0053679266383359426,-7.557856396503823e-5,-0.005443505202300981,-1.9541934416370335,0.2833814153925225,-1.670812026244511,-24//4471,-36972111//489187794268,-595593//109413508,accounting attribution; not an independent causal effect
cabinet/C2022-259238bde0cf94feb03e,cabinet/C2022-259238bde0cf94feb03e,cabinet/C2022-259238bde0cf94feb03e,cabinet/C2022-259238bde0cf94feb03e,focal,cabinet,not_applicable,,,2,2,2,2022,Cabinet 2022/22-01,Cabinet 2022/22-01,22-01,"[""lula_3-2023-01-01""]",2023-01-01,2023-09-12,255,,,,,,not applicable,true,false,true,false,false,cabinet/C2022-259238bde0cf94feb03e,"MDB, PCdoB, PDT, PSB, PSD, PSOL, PT, REDE, UNIÃO",8,REDE,PA,7354,4521516,0.0016264456434523288,0,17,0.0,0.02764957593868959,0.03448022158287805,-0.02764957593868959,-0.006830645644188458,-0.03448022158287805,-1.9541934416370335,0.2833814153925225,-1.670812026244511,-62509//2260758,-211201397593//30919682939883,-1886301//54706754,accounting attribution; not an independent causal effect
cabinet/C2022-259238bde0cf94feb03e,cabinet/C2022-259238bde0cf94feb03e,cabinet/C2022-259238bde0cf94feb03e,cabinet/C2022-259238bde0cf94feb03e,focal,cabinet,not_applicable,,,2,2,2,2022,Cabinet 2022/22-01,Cabinet 2022/22-01,22-01,"[""lula_3-2023-01-01""]",2023-01-01,2023-09-12,255,,,,,,not applicable,true,false,true,false,false,cabinet/C2022-259238bde0cf94feb03e,"MDB, PCdoB, PDT, PSB, PSD, PSOL, PT, REDE, UNIÃO",8,REDE,PB,12088,2209355,0.00547128007948021,0,12,0.0,0.06565536095376252,0.056676219539547164,-0.06565536095376252,0.00897914141421536,-0.056676219539547164,-1.9541934416370335,0.2833814153925225,-1.670812026244511,-145056//2209355,542639328582//60433320241835,-1550286//27353377,accounting attribution; not an independent causal effect
cabinet/C2022-259238bde0cf94feb03e,cabinet/C2022-259238bde0cf94feb03e,cabinet/C2022-259238bde0cf94feb03e,cabinet/C2022-259238bde0cf94feb03e,focal,cabinet,not_applicable,,,2,2,2,2022,Cabinet 2022/22-01,Cabinet 2022/22-01,22-01,"[""lula_3-2023-01-01""]",2023-01-01,2023-09-12,255,,,,,,not applicable,true,false,true,false,false,cabinet/C2022-259238bde0cf94feb03e,"MDB, PCdoB, PDT, PSB, PSD, PSOL, PT, REDE, UNIÃO",8,REDE,PE,151812,4969863,0.030546516070966142,1,25,0.04,0.7636629017741535,0.7117910523442864,0.23633709822584648,0.05187184942986712,0.2882089476557136,-1.9541934416370335,0.2833814153925225,-1.670812026244511,130507//552207,783510085877//15104726253039,7883488//27353377,accounting attribution; not an independent causal effect
cabinet/C2022-259238bde0cf94feb03e,cabinet/C2022-259238bde0cf94feb03e,cabinet/C2022-259238bde0cf94feb03e,cabinet/C2022-259238bde0cf94feb03e,focal,cabinet,not_applicable,,,2,2,2,2022,Cabinet 2022/22-01,Cabinet 2022/22-01,22-01,"[""lula_3-2023-01-01""]",2023-01-01,2023-09-12,255,,,,,,not applicable,true,false,true,false,false,cabinet/C2022-259238bde0cf94feb03e,"MDB, PCdoB, PDT, PSB, PSD, PSOL, PT, REDE, UNIÃO",8,REDE,PI,748,1957483,0.000382123369653785,0,10,0.0,0.00382123369653785,0.003507098958932932,-0.00382123369653785,0.0003141347376049181,-0.003507098958932932,-1.9541934416370335,0.2833814153925225,-1.670812026244511,-680//177953,1529087117//4867615497281,-95931//27353377,accounting attribution; not an independent causal effect
cabinet/C2022-259238bde0cf94feb03e,cabinet/C2022-259238bde0cf94feb03e,cabinet/C2022-259238bde0cf94feb03e,cabinet/C2022-259238bde0cf94feb03e,focal,cabinet,not_applicable,,,2,2,2,2022,Cabinet 2022/22-01,Cabinet 2022/22-01,22-01,"[""lula_3-2023-01-01""]",2023-01-01,2023-09-12,255,,,,,,not applicable,true,false,true,false,false,cabinet/C2022-259238bde0cf94feb03e,"MDB, PCdoB, PDT, PSB, PSD, PSOL, PT, REDE, UNIÃO",8,REDE,PR,26240,6038642,0.004345347844763773,0,30,0.0,0.1303604353429132,0.12302978166096273,-0.1303604353429132,0.007330653681950452,-0.12302978166096273,-1.9541934416370335,0.2833814153925225,-1.670812026244511,-393600//3019321,605428612320//82588625597017,-3365280//27353377,accounting attribution; not an independent causal effect
cabinet/C2022-259238bde0cf94feb03e,cabinet/C2022-259238bde0cf94feb03e,cabinet/C2022-259238bde0cf94feb03e,cabinet/C2022-259238bde0cf94feb03e,focal,cabinet,not_applicable,,,2,2,2,2022,Cabinet 2022/22-01,Cabinet 2022/22-01,22-01,"[""lula_3-2023-01-01""]",2023-01-01,2023-09-12,255,,,,,,not applicable,true,false,true,false,false,cabinet/C2022-259238bde0cf94feb03e,"MDB, PCdoB, PDT, PSB, PSD, PSOL, PT, REDE, UNIÃO",8,REDE,RJ,40411,8575988,0.004712110138213813,0,46,0.0,0.2167570663578354,0.18947242784684318,-0.2167570663578354,0.0272846385109922,-0.18947242784684318,-1.9541934416370335,0.2833814153925225,-1.670812026244511,-929453//4287994,6400491426091//234582232911476,-20730843//109413508,accounting attribution; not an independent causal effect
cabinet/C2022-259238bde0cf94feb03e,cabinet/C2022-259238bde0cf94feb03e,cabinet/C2022-259238bde0cf94feb03e,cabinet/C2022-259238bde0cf94feb03e,focal,cabinet,not_applicable,,,2,2,2,2022,Cabinet 2022/22-01,Cabinet 2022/22-01,22-01,"[""lula_3-2023-01-01""]",2023-01-01,2023-09-12,255,,,,,,not applicable,true,false,true,false,false,cabinet/C2022-259238bde0cf94feb03e,"MDB, PCdoB, PDT, PSB, PSD, PSOL, PT, REDE, UNIÃO",8,REDE,RN,0,1864825,0.0,0,8,0.0,0.0,0.0,0.0,0.0,0.0,-1.9541934416370335,0.2833814153925225,-1.670812026244511,0//1,0//1,0//1,accounting attribution; not an independent causal effect
cabinet/C2022-259238bde0cf94feb03e,cabinet/C2022-259238bde0cf94feb03e,cabinet/C2022-259238bde0cf94feb03e,cabinet/C2022-259238bde0cf94feb03e,focal,cabinet,not_applicable,,,2,2,2,2022,Cabinet 2022/22-01,Cabinet 2022/22-01,22-01,"[""lula_3-2023-01-01""]",2023-01-01,2023-09-12,255,,,,,,not applicable,true,false,true,false,false,cabinet/C2022-259238bde0cf94feb03e,"MDB, PCdoB, PDT, PSB, PSD, PSOL, PT, REDE, UNIÃO",8,REDE,RO,135,869148,0.0001553245247069544,0,8,0.0,0.0012425961976556352,0.0006329657211977885,-0.0012425961976556352,0.0006096304764578467,-0.0006329657211977885,-1.9541934416370335,0.2833814153925225,-1.670812026244511,-30//24143,1610381775//2641570323644,-69255//109413508,accounting attribution; not an independent causal effect
cabinet/C2022-259238bde0cf94feb03e,cabinet/C2022-259238bde0cf94feb03e,cabinet/C2022-259238bde0cf94feb03e,cabinet/C2022-259238bde0cf94feb03e,focal,cabinet,not_applicable,,,2,2,2,2022,Cabinet 2022/22-01,Cabinet 2022/22-01,22-01,"[""lula_3-2023-01-01""]",2023-01-01,2023-09-12,255,,,,,,not applicable,true,false,true,false,false,cabinet/C2022-259238bde0cf94feb03e,"MDB, PCdoB, PDT, PSB, PSD, PSOL, PT, REDE, UNIÃO",8,REDE,RR,13046,291714,0.04472188513406967,0,8,0.0,0.35777508107255734,0.06116793184256555,-0.35777508107255734,0.2966071492299918,-0.06116793184256555,-1.9541934416370335,0.2833814153925225,-1.670812026244511,-52184//145857,2366736117493//7979363018178,-3346299//54706754,accounting attribution; not an independent causal effect
cabinet/C2022-259238bde0cf94feb03e,cabinet/C2022-259238bde0cf94feb03e,cabinet/C2022-259238bde0cf94feb03e,cabinet/C2022-259238bde0cf94feb03e,focal,cabinet,not_applicable,,,2,2,2,2022,Cabinet 2022/22-01,Cabinet 2022/22-01,22-01,"[""lula_3-2023-01-01""]",2023-01-01,2023-09-12,255,,,,,,not applicable,true,false,true,false,false,cabinet/C2022-259238bde0cf94feb03e,"MDB, PCdoB, PDT, PSB, PSD, PSOL, PT, REDE, UNIÃO",8,REDE,RS,7918,6149822,0.001287516939514672,0,31,0.0,0.039913025124954836,0.03712461170699325,-0.039913025124954836,0.0027884134179615824,-0.03712461170699325,-1.9541934416370335,0.2833814153925225,-1.670812026244511,-122729//3074911,469062442729//168218399648894,-2030967//54706754,accounting attribution; not an independent causal effect
cabinet/C2022-259238bde0cf94feb03e,cabinet/C2022-259238bde0cf94feb03e,cabinet/C2022-259238bde0cf94feb03e,cabinet/C2022-259238bde0cf94feb03e,focal,cabinet,not_applicable,,,2,2,2,2022,Cabinet 2022/22-01,Cabinet 2022/22-01,22-01,"[""lula_3-2023-01-01""]",2023-01-01,2023-09-12,255,,,,,,not applicable,true,false,true,false,false,cabinet/C2022-259238bde0cf94feb03e,"MDB, PCdoB, PDT, PSB, PSD, PSOL, PT, REDE, UNIÃO",8,REDE,SC,1927,3969848,0.00048540901314105727,0,16,0.0,0.007766544210256916,0.009034999590726952,-0.007766544210256916,-0.0012684553804700345,-0.009034999590726952,-1.9541934416370335,0.2833814153925225,-1.670812026244511,-3854//496231,-68869991449//54294374488348,-988551//109413508,accounting attribution; not an independent causal effect
cabinet/C2022-259238bde0cf94feb03e,cabinet/C2022-259238bde0cf94feb03e,cabinet/C2022-259238bde0cf94feb03e,cabinet/C2022-259238bde0cf94feb03e,focal,cabinet,not_applicable,,,2,2,2,2022,Cabinet 2022/22-01,Cabinet 2022/22-01,22-01,"[""lula_3-2023-01-01""]",2023-01-01,2023-09-12,255,,,,,,not applicable,true,false,true,false,false,cabinet/C2022-259238bde0cf94feb03e,"MDB, PCdoB, PDT, PSB, PSD, PSOL, PT, REDE, UNIÃO",8,REDE,SE,750,1191617,0.0006293968615754894,0,8,0.0,0.005035174892603915,0.0035164762288766027,-0.005035174892603915,0.0015186986637273129,-0.0035164762288766027,-1.9541934416370335,0.2833814153925225,-1.670812026244511,-6000//1191617,99003203625//65189498081218,-192375//54706754,accounting attribution; not an independent causal effect
cabinet/C2022-259238bde0cf94feb03e,cabinet/C2022-259238bde0cf94feb03e,cabinet/C2022-259238bde0cf94feb03e,cabinet/C2022-259238bde0cf94feb03e,focal,cabinet,not_applicable,,,2,2,2,2022,Cabinet 2022/22-01,Cabinet 2022/22-01,22-01,"[""lula_3-2023-01-01""]",2023-01-01,2023-09-12,255,,,,,,not applicable,true,false,true,false,false,cabinet/C2022-259238bde0cf94feb03e,"MDB, PCdoB, PDT, PSB, PSD, PSOL, PT, REDE, UNIÃO",8,REDE,SP,304580,23321040,0.013060309488770655,1,70,0.014285714285714285,0.9142216642139459,1.4280644397216475,0.08577833578605414,-0.5138427755077016,-0.42806443972164754,-1.9541934416370335,0.2833814153925225,-1.670812026244511,50011//583026,-8194625835355//15947729978802,-11709008//27353377,accounting attribution; not an independent causal effect
cabinet/C2022-259238bde0cf94feb03e,cabinet/C2022-259238bde0cf94feb03e,cabinet/C2022-259238bde0cf94feb03e,cabinet/C2022-259238bde0cf94feb03e,focal,cabinet,not_applicable,,,2,2,2,2022,Cabinet 2022/22-01,Cabinet 2022/22-01,22-01,"[""lula_3-2023-01-01""]",2023-01-01,2023-09-12,255,,,,,,not applicable,true,false,true,false,false,cabinet/C2022-259238bde0cf94feb03e,"MDB, PCdoB, PDT, PSB, PSD, PSOL, PT, REDE, UNIÃO",8,REDE,TO,1333,830140,0.0016057532464403594,0,8,0.0,0.012846025971522875,0.006249950417456682,-0.012846025971522875,0.006596075554066194,-0.006249950417456682,-1.9541934416370335,0.2833814153925225,-1.670812026244511,-2666//207535,4831547123//732488141380,-22059//3529468,accounting attribution; not an independent causal effect
cabinet/C2022-259238bde0cf94feb03e,cabinet/C2022-259238bde0cf94feb03e,cabinet/C2022-259238bde0cf94feb03e,cabinet/C2022-259238bde0cf94feb03e,focal,cabinet,not_applicable,,,2,2,2,2022,Cabinet 2022/22-01,Cabinet 2022/22-01,22-01,"[""lula_3-2023-01-01""]",2023-01-01,2023-09-12,255,,,,,,not applicable,true,false,true,false,false,cabinet/C2022-259238bde0cf94feb03e,"MDB, PCdoB, PDT, PSB, PSD, PSOL, PT, REDE, UNIÃO",9,UNIÃO,AC,84939,434253,0.19559795787248446,3,8,0.375,1.5647836629798757,0.39824796587273303,1.4352163370201243,1.1665356971071428,2.601752034127267,9.356662317791708,1.7469012659661585,11.103563583757866,207749//144751,18475259554075//15837714696508,284666817//109413508,accounting attribution; not an independent causal effect
cabinet/C2022-259238bde0cf94feb03e,cabinet/C2022-259238bde0cf94feb03e,cabinet/C2022-259238bde0cf94feb03e,cabinet/C2022-259238bde0cf94feb03e,focal,cabinet,not_applicable,,,2,2,2,2022,Cabinet 2022/22-01,Cabinet 2022/22-01,22-01,"[""lula_3-2023-01-01""]",2023-01-01,2023-09-12,255,,,,,,not applicable,true,false,true,false,false,cabinet/C2022-259238bde0cf94feb03e,"MDB, PCdoB, PDT, PSB, PSD, PSOL, PT, REDE, UNIÃO",9,UNIÃO,AL,170932,1650763,0.1035472687478457,1,9,0.1111111111111111,0.9319254187306112,0.8014377530057806,0.06807458126938876,0.13048766572483064,0.1985622469942194,9.356662317791708,1.7469012659661585,11.103563583757866,112375//1650763,5892032578149//45153942676651,5431348//27353377,accounting attribution; not an independent causal effect
cabinet/C2022-259238bde0cf94feb03e,cabinet/C2022-259238bde0cf94feb03e,cabinet/C2022-259238bde0cf94feb03e,cabinet/C2022-259238bde0cf94feb03e,focal,cabinet,not_applicable,,,2,2,2,2022,Cabinet 2022/22-01,Cabinet 2022/22-01,22-01,"[""lula_3-2023-01-01""]",2023-01-01,2023-09-12,255,,,,,,not applicable,true,false,true,false,false,cabinet/C2022-259238bde0cf94feb03e,"MDB, PCdoB, PDT, PSB, PSD, PSOL, PT, REDE, UNIÃO",9,UNIÃO,AM,372802,1976477,0.18861944763333952,2,8,0.25,1.5089555810667161,1.747932494770207,0.4910444189332838,-0.2389769137034908,0.25206750522979304,9.356662317791708,1.7469012659661585,11.103563583757866,970538//1976477,-25839770961437//108126641025658,13789795//54706754,accounting attribution; not an independent causal effect
cabinet/C2022-259238bde0cf94feb03e,cabinet/C2022-259238bde0cf94feb03e,cabinet/C2022-259238bde0cf94feb03e,cabinet/C2022-259238bde0cf94feb03e,focal,cabinet,not_applicable,,,2,2,2,2022,Cabinet 2022/22-01,Cabinet 2022/22-01,22-01,"[""lula_3-2023-01-01""]",2023-01-01,2023-09-12,255,,,,,,not applicable,true,false,true,false,false,cabinet/C2022-259238bde0cf94feb03e,"MDB, PCdoB, PDT, PSB, PSD, PSOL, PT, REDE, UNIÃO",9,UNIÃO,AP,0,423017,0.0,0,8,0.0,0.0,0.0,0.0,0.0,0.0,9.356662317791708,1.7469012659661585,11.103563583757866,0//1,0//1,0//1,accounting attribution; not an independent causal effect
cabinet/C2022-259238bde0cf94feb03e,cabinet/C2022-259238bde0cf94feb03e,cabinet/C2022-259238bde0cf94feb03e,cabinet/C2022-259238bde0cf94feb03e,focal,cabinet,not_applicable,,,2,2,2,2022,Cabinet 2022/22-01,Cabinet 2022/22-01,22-01,"[""lula_3-2023-01-01""]",2023-01-01,2023-09-12,255,,,,,,not applicable,true,false,true,false,false,cabinet/C2022-259238bde0cf94feb03e,"MDB, PCdoB, PDT, PSB, PSD, PSOL, PT, REDE, UNIÃO",9,UNIÃO,BA,1075013,7958431,0.13507850982184805,6,39,0.15384615384615385,5.268061883052074,5.040343546977764,0.731938116947926,0.22771833607430958,0.9596564530222356,9.356662317791708,1.7469012659661585,11.103563583757866,448083//612187,15252921926709//66981527221996,104999379//109413508,accounting attribution; not an independent causal effect
cabinet/C2022-259238bde0cf94feb03e,cabinet/C2022-259238bde0cf94feb03e,cabinet/C2022-259238bde0cf94feb03e,cabinet/C2022-259238bde0cf94feb03e,focal,cabinet,not_applicable,,,2,2,2,2022,Cabinet 2022/22-01,Cabinet 2022/22-01,22-01,"[""lula_3-2023-01-01""]",2023-01-01,2023-09-12,255,,,,,,not applicable,true,false,true,false,false,cabinet/C2022-259238bde0cf94feb03e,"MDB, PCdoB, PDT, PSB, PSD, PSOL, PT, REDE, UNIÃO",9,UNIÃO,CE,719801,5083860,0.14158552753222944,4,22,0.18181818181818182,3.114881605709048,3.3748841413621435,0.8851183942909522,-0.2600025356530955,0.6251158586378567,9.356662317791708,1.7469012659661585,11.103563583757866,2249909//2541930,-36156144800551//139060739195220,68396119//109413508,accounting attribution; not an independent causal effect
cabinet/C2022-259238bde0cf94feb03e,cabinet/C2022-259238bde0cf94feb03e,cabinet/C2022-259238bde0cf94feb03e,cabinet/C2022-259238bde0cf94feb03e,focal,cabinet,not_applicable,,,2,2,2,2022,Cabinet 2022/22-01,Cabinet 2022/22-01,22-01,"[""lula_3-2023-01-01""]",2023-01-01,2023-09-12,255,,,,,,not applicable,true,false,true,false,false,cabinet/C2022-259238bde0cf94feb03e,"MDB, PCdoB, PDT, PSB, PSD, PSOL, PT, REDE, UNIÃO",9,UNIÃO,DF,82274,1607519,0.05118073254499636,0,8,0.0,0.4094458603599709,0.3857527536727915,-0.4094458603599709,0.02369310668717938,-0.3857527536727915,9.356662317791708,1.7469012659661585,11.103563583757866,-658192//1607519,67213634159//2836843434946,-680751//1764734,accounting attribution; not an independent causal effect
cabinet/C2022-259238bde0cf94feb03e,cabinet/C2022-259238bde0cf94feb03e,cabinet/C2022-259238bde0cf94feb03e,cabinet/C2022-259238bde0cf94feb03e,focal,cabinet,not_applicable,,,2,2,2,2022,Cabinet 2022/22-01,Cabinet 2022/22-01,22-01,"[""lula_3-2023-01-01""]",2023-01-01,2023-09-12,255,,,,,,not applicable,true,false,true,false,false,cabinet/C2022-259238bde0cf94feb03e,"MDB, PCdoB, PDT, PSB, PSD, PSOL, PT, REDE, UNIÃO",9,UNIÃO,ES,123947,2084430,0.059463258540704174,0,10,0.0,0.5946325854070418,0.581142238854091,-0.5946325854070418,0.013490346552950701,-0.581142238854091,9.356662317791708,1.7469012659661585,11.103563583757866,-123947//208443,307667316803//22806479848044,-63584811//109413508,accounting attribution; not an independent causal effect
cabinet/C2022-259238bde0cf94feb03e,cabinet/C2022-259238bde0cf94feb03e,cabinet/C2022-259238bde0cf94feb03e,cabinet/C2022-259238bde0cf94feb03e,focal,cabinet,not_applicable,,,2,2,2,2022,Cabinet 2022/22-01,Cabinet 2022/22-01,22-01,"[""lula_3-2023-01-01""]",2023-01-01,2023-09-12,255,,,,,,not applicable,true,false,true,false,false,cabinet/C2022-259238bde0cf94feb03e,"MDB, PCdoB, PDT, PSB, PSD, PSOL, PT, REDE, UNIÃO",9,UNIÃO,GO,373859,3439644,0.10869119013479302,2,17,0.11764705882352941,1.8477502322914814,1.752888381935437,0.15224976770851867,0.09486185035604425,0.24711161806456292,9.356662317791708,1.7469012659661585,11.103563583757866,30805//202332,262504722991//2767231737582,27037349//109413508,accounting attribution; not an independent causal effect
cabinet/C2022-259238bde0cf94feb03e,cabinet/C2022-259238bde0cf94feb03e,cabinet/C2022-259238bde0cf94feb03e,cabinet/C2022-259238bde0cf94feb03e,focal,cabinet,not_applicable,,,2,2,2,2022,Cabinet 2022/22-01,Cabinet 2022/22-01,22-01,"[""lula_3-2023-01-01""]",2023-01-01,2023-09-12,255,,,,,,not applicable,true,false,true,false,false,cabinet/C2022-259238bde0cf94feb03e,"MDB, PCdoB, PDT, PSB, PSD, PSOL, PT, REDE, UNIÃO",9,UNIÃO,MA,374204,3707930,0.10091992027896966,2,18,0.1111111111111111,1.816558565021454,1.7545059610007203,0.18344143497854598,0.062052604020733704,0.24549403899927968,9.356662317791708,1.7469012659661585,11.103563583757866,340094//1853965,3146824288377//50712203589805,6715091//27353377,accounting attribution; not an independent causal effect
cabinet/C2022-259238bde0cf94feb03e,cabinet/C2022-259238bde0cf94feb03e,cabinet/C2022-259238bde0cf94feb03e,cabinet/C2022-259238bde0cf94feb03e,focal,cabinet,not_applicable,,,2,2,2,2022,Cabinet 2022/22-01,Cabinet 2022/22-01,22-01,"[""lula_3-2023-01-01""]",2023-01-01,2023-09-12,255,,,,,,not applicable,true,false,true,false,false,cabinet/C2022-259238bde0cf94feb03e,"MDB, PCdoB, PDT, PSB, PSD, PSOL, PT, REDE, UNIÃO",9,UNIÃO,MG,669076,11181098,0.0598399191206445,3,53,0.05660377358490566,3.1715157133941587,3.1370531324157893,-0.1715157133941586,0.0344625809783695,-0.1370531324157891,9.356662317791708,1.7469012659661585,11.103563583757866,-958867//5590549,5270031476425//152920394433973,-3748866//27353377,accounting attribution; not an independent causal effect
cabinet/C2022-259238bde0cf94feb03e,cabinet/C2022-259238bde0cf94feb03e,cabinet/C2022-259238bde0cf94feb03e,cabinet/C2022-259238bde0cf94feb03e,focal,cabinet,not_applicable,,,2,2,2,2022,Cabinet 2022/22-01,Cabinet 2022/22-01,22-01,"[""lula_3-2023-01-01""]",2023-01-01,2023-09-12,255,,,,,,not applicable,true,false,true,false,false,cabinet/C2022-259238bde0cf94feb03e,"MDB, PCdoB, PDT, PSB, PSD, PSOL, PT, REDE, UNIÃO",9,UNIÃO,MS,63354,1374808,0.04608207109647311,0,8,0.0,0.3686565687717849,0.2970437800056644,-0.3686565687717849,0.07161278876612048,-0.2970437800056644,9.356662317791708,1.7469012659661585,11.103563583757866,-63354//171851,673261215765//9401410381654,-16250301//54706754,accounting attribution; not an independent causal effect
cabinet/C2022-259238bde0cf94feb03e,cabinet/C2022-259238bde0cf94feb03e,cabinet/C2022-259238bde0cf94feb03e,cabinet/C2022-259238bde0cf94feb03e,focal,cabinet,not_applicable,,,2,2,2,2022,Cabinet 2022/22-01,Cabinet 2022/22-01,22-01,"[""lula_3-2023-01-01""]",2023-01-01,2023-09-12,255,,,,,,not applicable,true,false,true,false,false,cabinet/C2022-259238bde0cf94feb03e,"MDB, PCdoB, PDT, PSB, PSD, PSOL, PT, REDE, UNIÃO",9,UNIÃO,MT,249328,1730277,0.14409715900980016,2,8,0.25,1.1527772720784013,1.1690079802577942,0.8472227279215987,-0.01623070817939281,0.8309920197422058,9.356662317791708,1.7469012659661585,11.103563583757866,1465930//1730277,-768181874284//47328919095429,22730438//27353377,accounting attribution; not an independent causal effect
cabinet/C2022-259238bde0cf94feb03e,cabinet/C2022-259238bde0cf94feb03e,cabinet/C2022-259238bde0cf94feb03e,cabinet/C2022-259238bde0cf94feb03e,focal,cabinet,not_applicable,,,2,2,2,2022,Cabinet 2022/22-01,Cabinet 2022/22-01,22-01,"[""lula_3-2023-01-01""]",2023-01-01,2023-09-12,255,,,,,,not applicable,true,false,true,false,false,cabinet/C2022-259238bde0cf94feb03e,"MDB, PCdoB, PDT, PSB, PSD, PSOL, PT, REDE, UNIÃO",9,UNIÃO,PA,301599,4521516,0.06670307038612713,1,17,0.058823529411764705,1.1339521965641612,1.414087618870606,-0.1339521965641612,-0.2801354223064448,-0.414087618870606,9.356662317791708,1.7469012659661585,11.103563583757866,-201889//1507172,-186273084687//664939418062,-1461509//3529468,accounting attribution; not an independent causal effect
cabinet/C2022-259238bde0cf94feb03e,cabinet/C2022-259238bde0cf94feb03e,cabinet/C2022-259238bde0cf94feb03e,cabinet/C2022-259238bde0cf94feb03e,focal,cabinet,not_applicable,,,2,2,2,2022,Cabinet 2022/22-01,Cabinet 2022/22-01,22-01,"[""lula_3-2023-01-01""]",2023-01-01,2023-09-12,255,,,,,,not applicable,true,false,true,false,false,cabinet/C2022-259238bde0cf94feb03e,"MDB, PCdoB, PDT, PSB, PSD, PSOL, PT, REDE, UNIÃO",9,UNIÃO,PB,203364,2209355,0.0920467738321818,1,12,0.08333333333333333,1.1045612859861815,0.9534995624123486,-0.10456128598618149,0.1510617235738329,0.046500437587651426,9.356662317791708,1.7469012659661585,11.103563583757866,-231013//2209355,9129161517021//60433320241835,1271944//27353377,accounting attribution; not an independent causal effect
cabinet/C2022-259238bde0cf94feb03e,cabinet/C2022-259238bde0cf94feb03e,cabinet/C2022-259238bde0cf94feb03e,cabinet/C2022-259238bde0cf94feb03e,focal,cabinet,not_applicable,,,2,2,2,2022,Cabinet 2022/22-01,Cabinet 2022/22-01,22-01,"[""lula_3-2023-01-01""]",2023-01-01,2023-09-12,255,,,,,,not applicable,true,false,true,false,false,cabinet/C2022-259238bde0cf94feb03e,"MDB, PCdoB, PDT, PSB, PSD, PSOL, PT, REDE, UNIÃO",9,UNIÃO,PE,461431,4969863,0.09284581888877018,3,25,0.12,2.3211454722192544,2.163481523689013,0.6788545277807456,0.15766394853024146,0.8365184763109871,9.356662317791708,1.7469012659661585,11.103563583757866,3373814//4969863,85732948170811//543770145109404,91526421//109413508,accounting attribution; not an independent causal effect
cabinet/C2022-259238bde0cf94feb03e,cabinet/C2022-259238bde0cf94feb03e,cabinet/C2022-259238bde0cf94feb03e,cabinet/C2022-259238bde0cf94feb03e,focal,cabinet,not_applicable,,,2,2,2,2022,Cabinet 2022/22-01,Cabinet 2022/22-01,22-01,"[""lula_3-2023-01-01""]",2023-01-01,2023-09-12,255,,,,,,not applicable,true,false,true,false,false,cabinet/C2022-259238bde0cf94feb03e,"MDB, PCdoB, PDT, PSB, PSD, PSOL, PT, REDE, UNIÃO",9,UNIÃO,PI,77581,1957483,0.0396330389587036,0,10,0.0,0.396330389587036,0.3637489897499676,-0.396330389587036,0.032581399837068384,-0.3637489897499676,9.356662317791708,1.7469012659661585,11.103563583757866,-775810//1957483,6978123977881//214175081880364,-39799053//109413508,accounting attribution; not an independent causal effect
cabinet/C2022-259238bde0cf94feb03e,cabinet/C2022-259238bde0cf94feb03e,cabinet/C2022-259238bde0cf94feb03e,cabinet/C2022-259238bde0cf94feb03e,focal,cabinet,not_applicable,,,2,2,2,2022,Cabinet 2022/22-01,Cabinet 2022/22-01,22-01,"[""lula_3-2023-01-01""]",2023-01-01,2023-09-12,255,,,,,,not applicable,true,false,true,false,false,cabinet/C2022-259238bde0cf94feb03e,"MDB, PCdoB, PDT, PSB, PSD, PSOL, PT, REDE, UNIÃO",9,UNIÃO,PR,641875,6038642,0.10629459404945682,4,30,0.13333333333333333,3.1888378214837045,3.0095175725468923,0.8111621785162956,0.17932024893681198,0.9904824274531076,9.356662317791708,1.7469012659661585,11.103563583757866,2449159//3019321,59239251605625//330354502388068,108372157//109413508,accounting attribution; not an independent causal effect
cabinet/C2022-259238bde0cf94feb03e,cabinet/C2022-259238bde0cf94feb03e,cabinet/C2022-259238bde0cf94feb03e,cabinet/C2022-259238bde0cf94feb03e,focal,cabinet,not_applicable,,,2,2,2,2022,Cabinet 2022/22-01,Cabinet 2022/22-01,22-01,"[""lula_3-2023-01-01""]",2023-01-01,2023-09-12,255,,,,,,not applicable,true,false,true,false,false,cabinet/C2022-259238bde0cf94feb03e,"MDB, PCdoB, PDT, PSB, PSD, PSOL, PT, REDE, UNIÃO",9,UNIÃO,RJ,967553,8575988,0.11282116999230876,6,46,0.13043478260869565,5.189773819646203,4.536502832904325,0.8102261803537971,0.6532709867418781,1.4634971670956753,9.356662317791708,1.7469012659661585,11.103563583757866,3474245//4287994,153245766766193//234582232911476,160126359//109413508,accounting attribution; not an independent causal effect
cabinet/C2022-259238bde0cf94feb03e,cabinet/C2022-259238bde0cf94feb03e,cabinet/C2022-259238bde0cf94feb03e,cabinet/C2022-259238bde0cf94feb03e,focal,cabinet,not_applicable,,,2,2,2,2022,Cabinet 2022/22-01,Cabinet 2022/22-01,22-01,"[""lula_3-2023-01-01""]",2023-01-01,2023-09-12,255,,,,,,not applicable,true,false,true,false,false,cabinet/C2022-259238bde0cf94feb03e,"MDB, PCdoB, PDT, PSB, PSD, PSOL, PT, REDE, UNIÃO",9,UNIÃO,RN,315590,1864825,0.1692330379526229,2,8,0.25,1.3538643036209832,1.479686310761556,0.6461356963790168,-0.12582200714057284,0.5203136892384439,9.356662317791708,1.7469012659661585,11.103563583757866,240986//372965,-2567235053999//20403704505610,28464673//54706754,accounting attribution; not an independent causal effect
cabinet/C2022-259238bde0cf94feb03e,cabinet/C2022-259238bde0cf94feb03e,cabinet/C2022-259238bde0cf94feb03e,cabinet/C2022-259238bde0cf94feb03e,focal,cabinet,not_applicable,,,2,2,2,2022,Cabinet 2022/22-01,Cabinet 2022/22-01,22-01,"[""lula_3-2023-01-01""]",2023-01-01,2023-09-12,255,,,,,,not applicable,true,false,true,false,false,cabinet/C2022-259238bde0cf94feb03e,"MDB, PCdoB, PDT, PSB, PSD, PSOL, PT, REDE, UNIÃO",9,UNIÃO,RO,195169,869148,0.22455209009282653,4,8,0.5,1.7964167207426123,0.9150761988181569,2.2035832792573875,0.8813405219244554,3.084923801181843,9.356662317791708,1.7469012659661585,11.103563583757866,478810//217287,20953106709665//23774132912796,337532335//109413508,accounting attribution; not an independent causal effect
cabinet/C2022-259238bde0cf94feb03e,cabinet/C2022-259238bde0cf94feb03e,cabinet/C2022-259238bde0cf94feb03e,cabinet/C2022-259238bde0cf94feb03e,focal,cabinet,not_applicable,,,2,2,2,2022,Cabinet 2022/22-01,Cabinet 2022/22-01,22-01,"[""lula_3-2023-01-01""]",2023-01-01,2023-09-12,255,,,,,,not applicable,true,false,true,false,false,cabinet/C2022-259238bde0cf94feb03e,"MDB, PCdoB, PDT, PSB, PSD, PSOL, PT, REDE, UNIÃO",9,UNIÃO,RR,41831,291714,0.14339730009529883,2,8,0.25,1.1471784007623906,0.19613028950684955,0.8528215992376095,0.951048111255541,1.8038697104931505,9.356662317791708,1.7469012659661585,11.103563583757866,124390//145857,15177516254921//15958726036356,197367713//109413508,accounting attribution; not an independent causal effect
cabinet/C2022-259238bde0cf94feb03e,cabinet/C2022-259238bde0cf94feb03e,cabinet/C2022-259238bde0cf94feb03e,cabinet/C2022-259238bde0cf94feb03e,focal,cabinet,not_applicable,,,2,2,2,2022,Cabinet 2022/22-01,Cabinet 2022/22-01,22-01,"[""lula_3-2023-01-01""]",2023-01-01,2023-09-12,255,,,,,,not applicable,true,false,true,false,false,cabinet/C2022-259238bde0cf94feb03e,"MDB, PCdoB, PDT, PSB, PSD, PSOL, PT, REDE, UNIÃO",9,UNIÃO,RS,215367,6149822,0.03502003797833498,1,31,0.03225806451612903,1.0856211773283844,1.0097772479792897,-0.08562117732838447,0.07584392934909474,-0.009777247979289723,9.356662317791708,1.7469012659661585,11.103563583757866,-526555//6149822,25516688836377//336436799297788,-1069763//109413508,accounting attribution; not an independent causal effect
cabinet/C2022-259238bde0cf94feb03e,cabinet/C2022-259238bde0cf94feb03e,cabinet/C2022-259238bde0cf94feb03e,cabinet/C2022-259238bde0cf94feb03e,focal,cabinet,not_applicable,,,2,2,2,2022,Cabinet 2022/22-01,Cabinet 2022/22-01,22-01,"[""lula_3-2023-01-01""]",2023-01-01,2023-09-12,255,,,,,,not applicable,true,false,true,false,false,cabinet/C2022-259238bde0cf94feb03e,"MDB, PCdoB, PDT, PSB, PSD, PSOL, PT, REDE, UNIÃO",9,UNIÃO,SC,279432,3969848,0.07038858918527863,1,16,0.0625,1.126217426964458,1.310154647449929,-0.1262174269644581,-0.18393722048547104,-0.3101546474499291,9.356662317791708,1.7469012659661585,11.103563583757866,-62633//496231,-2496689082846//13573593622087,-8483777//27353377,accounting attribution; not an independent causal effect
cabinet/C2022-259238bde0cf94feb03e,cabinet/C2022-259238bde0cf94feb03e,cabinet/C2022-259238bde0cf94feb03e,cabinet/C2022-259238bde0cf94feb03e,focal,cabinet,not_applicable,,,2,2,2,2022,Cabinet 2022/22-01,Cabinet 2022/22-01,22-01,"[""lula_3-2023-01-01""]",2023-01-01,2023-09-12,255,,,,,,not applicable,true,false,true,false,false,cabinet/C2022-259238bde0cf94feb03e,"MDB, PCdoB, PDT, PSB, PSD, PSOL, PT, REDE, UNIÃO",9,UNIÃO,SE,239275,1191617,0.20079857873796697,2,8,0.25,1.6063886299037358,1.1218731328859322,0.3936113700962642,0.4845154970178037,0.8781268671140678,9.356662317791708,1.7469012659661585,11.103563583757866,469034//1191617,63170644126325//130378996162436,96078941//109413508,accounting attribution; not an independent causal effect
cabinet/C2022-259238bde0cf94feb03e,cabinet/C2022-259238bde0cf94feb03e,cabinet/C2022-259238bde0cf94feb03e,cabinet/C2022-259238bde0cf94feb03e,focal,cabinet,not_applicable,,,2,2,2,2022,Cabinet 2022/22-01,Cabinet 2022/22-01,22-01,"[""lula_3-2023-01-01""]",2023-01-01,2023-09-12,255,,,,,,not applicable,true,false,true,false,false,cabinet/C2022-259238bde0cf94feb03e,"MDB, PCdoB, PDT, PSB, PSD, PSOL, PT, REDE, UNIÃO",9,UNIÃO,SP,1811462,23321040,0.07767500934778208,6,70,0.08571428571428572,5.437250654344746,8.493284083351025,0.5627493456552538,-3.0560334290062783,-2.493284083351025,9.356662317791708,1.7469012659661585,11.103563583757866,656195//1166052,-97473591863969//31895459957604,-136399479//54706754,accounting attribution; not an independent causal effect
cabinet/C2022-259238bde0cf94feb03e,cabinet/C2022-259238bde0cf94feb03e,cabinet/C2022-259238bde0cf94feb03e,cabinet/C2022-259238bde0cf94feb03e,focal,cabinet,not_applicable,,,2,2,2,2022,Cabinet 2022/22-01,Cabinet 2022/22-01,22-01,"[""lula_3-2023-01-01""]",2023-01-01,2023-09-12,255,,,,,,not applicable,true,false,true,false,false,cabinet/C2022-259238bde0cf94feb03e,"MDB, PCdoB, PDT, PSB, PSD, PSOL, PT, REDE, UNIÃO",9,UNIÃO,TO,104375,830140,0.12573180427397787,1,8,0.125,1.005854434191823,0.4893762751853272,-0.005854434191823066,0.5164781590064959,0.5106237248146728,9.356662317791708,1.7469012659661585,11.103563583757866,-243//41507,2345547585875//4541426476556,55869133//109413508,accounting attribution; not an independent causal effect
ideological/2014/11-24,ideological/2014/11-24,ideological/2014/11-24,ideological/2014/11-24,focal,ideological,all_parties,0,0,3,7,3,2014,Ideological 2014/PTB-PR,Ideological 2014/PTB-PR,,,,,,11,24,PTB,PR,true,endpoint-minimal,false,true,true,true,false,ideological/2014/11-24,"PTB, PT DO B, SOLIDARIEDADE, PMN, PHS, PMDB, PSD, PSDB, PTN, PPL, PRTB, PROS, PRP, PR",1,PTB,AC,4257,399201,0.01066380094238241,0,8,0.0,0.08531040753905927,0.02243164767291586,-0.08531040753905927,0.06287875986614341,-0.02243164767291586,4.084472535550831,0.2902518478662325,4.374724383417064,-1032//12097,90639903//1441502714,-2673//119162,accounting attribution; not an independent causal effect
ideological/2014/11-24,ideological/2014/11-24,ideological/2014/11-24,ideological/2014/11-24,focal,ideological,all_parties,0,0,3,7,3,2014,Ideological 2014/PTB-PR,Ideological 2014/PTB-PR,,,,,,11,24,PTB,PR,true,endpoint-minimal,false,true,true,true,false,ideological/2014/11-24,"PTB, PT DO B, SOLIDARIEDADE, PMN, PHS, PMDB, PSD, PSDB, PTN, PPL, PRTB, PROS, PRP, PR",1,PTB,AL,28291,1384584,0.02043285203353498,0,9,0.0,0.18389566830181484,0.14907534515256346,-0.18389566830181484,0.034820323149251375,-0.14907534515256346,4.084472535550831,0.2902518478662325,4.374724383417064,-84873//461528,41172486411//1182426890024,-763857//5123966,accounting attribution; not an independent causal effect
ideological/2014/11-24,ideological/2014/11-24,ideological/2014/11-24,ideological/2014/11-24,focal,ideological,all_parties,0,0,3,7,3,2014,Ideological 2014/PTB-PR,Ideological 2014/PTB-PR,,,,,,11,24,PTB,PR,true,endpoint-minimal,false,true,true,true,false,ideological/2014/11-24,"PTB, PT DO B, SOLIDARIEDADE, PMN, PHS, PMDB, PSD, PSDB, PTN, PPL, PRTB, PROS, PRP, PR",1,PTB,AM,72047,1658407,0.04344349728383925,0,8,0.0,0.347547978270714,0.3796412778695253,-0.347547978270714,-0.032093299598811284,-0.3796412778695253,4.084472535550831,0.2902518478662325,4.374724383417064,-576376//1658407,-272716699267//8497621082162,-1945269//5123966,accounting attribution; not an independent causal effect
ideological/2014/11-24,ideological/2014/11-24,ideological/2014/11-24,ideological/2014/11-24,focal,ideological,all_parties,0,0,3,7,3,2014,Ideological 2014/PTB-PR,Ideological 2014/PTB-PR,,,,,,11,24,PTB,PR,true,endpoint-minimal,false,true,true,true,false,ideological/2014/11-24,"PTB, PT DO B, SOLIDARIEDADE, PMN, PHS, PMDB, PSD, PSDB, PTN, PPL, PRTB, PROS, PRP, PR",1,PTB,AP,14616,386084,0.03785704665305996,1,8,0.125,0.30285637322447967,0.07701690448375341,0.6971436267755203,0.22583946874072625,0.9229830955162466,4.084472535550831,0.2902518478662325,4.374724383417064,67289//96521,55846749420//247285161143,2364667//2561983,accounting attribution; not an independent causal effect
ideological/2014/11-24,ideological/2014/11-24,ideological/2014/11-24,ideological/2014/11-24,focal,ideological,all_parties,0,0,3,7,3,2014,Ideological 2014/PTB-PR,Ideological 2014/PTB-PR,,,,,,11,24,PTB,PR,true,endpoint-minimal,false,true,true,true,false,ideological/2014/11-24,"PTB, PT DO B, SOLIDARIEDADE, PMN, PHS, PMDB, PSD, PSDB, PTN, PPL, PRTB, PROS, PRP, PR",1,PTB,BA,242480,6646541,0.0364821340904991,2,39,0.05128205128205128,1.422803229529465,1.2777133962247211,0.577196770470535,0.1450898333047438,0.7222866037752788,4.084472535550831,0.2902518478662325,4.374724383417064,3836362//6646541,2470636843080//17028325050803,1850486//2561983,accounting attribution; not an independent causal effect
ideological/2014/11-24,ideological/2014/11-24,ideological/2014/11-24,ideological/2014/11-24,focal,ideological,all_parties,0,0,3,7,3,2014,Ideological 2014/PTB-PR,Ideological 2014/PTB-PR,,,,,,11,24,PTB,PR,true,endpoint-minimal,false,true,true,true,false,ideological/2014/11-24,"PTB, PT DO B, SOLIDARIEDADE, PMN, PHS, PMDB, PSD, PSDB, PTN, PPL, PRTB, PROS, PRP, PR",1,PTB,CE,89655,4367020,0.020530018181734912,1,22,0.045454545454545456,0.4516603999981681,0.47242409492959164,0.5483396000018319,-0.020763694931423562,0.5275759050704083,4.084472535550831,0.2902518478662325,4.374724383417064,239461//436702,-270126762//13009570931,62867//119162,accounting attribution; not an independent causal effect
ideological/2014/11-24,ideological/2014/11-24,ideological/2014/11-24,ideological/2014/11-24,focal,ideological,all_parties,0,0,3,7,3,2014,Ideological 2014/PTB-PR,Ideological 2014/PTB-PR,,,,,,11,24,PTB,PR,true,endpoint-minimal,false,true,true,true,false,ideological/2014/11-24,"PTB, PT DO B, SOLIDARIEDADE, PMN, PHS, PMDB, PSD, PSDB, PTN, PPL, PRTB, PROS, PRP, PR",1,PTB,DF,24852,1454063,0.017091419010042894,0,8,0.0,0.13673135208034315,0.13095403053025723,-0.13673135208034315,0.005777321550085922,-0.13095403053025723,4.084472535550831,0.2902518478662325,4.374724383417064,-198816//1454063,21522167502//3725284686929,-335502//2561983,accounting attribution; not an independent causal effect
ideological/2014/11-24,ideological/2014/11-24,ideological/2014/11-24,ideological/2014/11-24,focal,ideological,all_parties,0,0,3,7,3,2014,Ideological 2014/PTB-PR,Ideological 2014/PTB-PR,,,,,,11,24,PTB,PR,true,endpoint-minimal,false,true,true,true,false,ideological/2014/11-24,"PTB, PT DO B, SOLIDARIEDADE, PMN, PHS, PMDB, PSD, PSDB, PTN, PPL, PRTB, PROS, PRP, PR",1,PTB,ES,5172,1794470,0.0028821880555261444,0,10,0.0,0.028821880555261442,0.027253108236861837,-0.028821880555261442,0.001568772318399605,-0.027253108236861837,4.084472535550831,0.2902518478662325,4.374724383417064,-5172//179447,721227642//459740163401,-69822//2561983,accounting attribution; not an independent causal effect
ideological/2014/11-24,ideological/2014/11-24,ideological/2014/11-24,ideological/2014/11-24,focal,ideological,all_parties,0,0,3,7,3,2014,Ideological 2014/PTB-PR,Ideological 2014/PTB-PR,,,,,,11,24,PTB,PR,true,endpoint-minimal,false,true,true,true,false,ideological/2014/11-24,"PTB, PT DO B, SOLIDARIEDADE, PMN, PHS, PMDB, PSD, PSDB, PTN, PPL, PRTB, PROS, PRP, PR",1,PTB,GO,125167,3032760,0.04127164694865403,1,17,0.058823529411764705,0.7016179981271186,0.6595494583687713,0.29838200187288144,0.04206853975834716,0.3404505416312286,4.084472535550831,0.2902518478662325,4.374724383417064,904921//3032760,326867487317//7769879563080,1744457//5123966,accounting attribution; not an independent causal effect
ideological/2014/11-24,ideological/2014/11-24,ideological/2014/11-24,ideological/2014/11-24,focal,ideological,all_parties,0,0,3,7,3,2014,Ideological 2014/PTB-PR,Ideological 2014/PTB-PR,,,,,,11,24,PTB,PR,true,endpoint-minimal,false,true,true,true,false,ideological/2014/11-24,"PTB, PT DO B, SOLIDARIEDADE, PMN, PHS, PMDB, PSD, PSDB, PTN, PPL, PRTB, PROS, PRP, PR",1,PTB,MA,113253,3130492,0.036177380424546685,1,18,0.05555555555555555,0.6511928476418404,0.5967703532771295,0.3488071523581597,0.054422494364710854,0.40322964672287054,4.084472535550831,0.2902518478662325,4.374724383417064,545969//1565246,109120737789//2005066821409,2066135//5123966,accounting attribution; not an independent causal effect
ideological/2014/11-24,ideological/2014/11-24,ideological/2014/11-24,ideological/2014/11-24,focal,ideological,all_parties,0,0,3,7,3,2014,Ideological 2014/PTB-PR,Ideological 2014/PTB-PR,,,,,,11,24,PTB,PR,true,endpoint-minimal,false,true,true,true,false,ideological/2014/11-24,"PTB, PT DO B, SOLIDARIEDADE, PMN, PHS, PMDB, PSD, PSDB, PTN, PPL, PRTB, PROS, PRP, PR",1,PTB,MG,345005,10118666,0.03409589762128723,1,53,0.018867924528301886,1.8070825739282232,1.817954100398012,-0.8070825739282234,-0.010871526469788664,-0.817954100398012,4.084472535550831,0.2902518478662325,4.374724383417064,-8166599//10118666,-140915912230//12961925137339,-4191169//5123966,accounting attribution; not an independent causal effect
ideological/2014/11-24,ideological/2014/11-24,ideological/2014/11-24,ideological/2014/11-24,focal,ideological,all_parties,0,0,3,7,3,2014,Ideological 2014/PTB-PR,Ideological 2014/PTB-PR,,,,,,11,24,PTB,PR,true,endpoint-minimal,false,true,true,true,false,ideological/2014/11-24,"PTB, PT DO B, SOLIDARIEDADE, PMN, PHS, PMDB, PSD, PSDB, PTN, PPL, PRTB, PROS, PRP, PR",1,PTB,MS,3050,1276893,0.0023886104787166976,0,8,0.0,0.01910888382973358,0.01607153521315325,-0.01910888382973358,0.003037348616580331,-0.01607153521315325,4.084472535550831,0.2902518478662325,4.374724383417064,-24400//1276893,9936315925//3271378158819,-41175//2561983,accounting attribution; not an independent causal effect
ideological/2014/11-24,ideological/2014/11-24,ideological/2014/11-24,ideological/2014/11-24,focal,ideological,all_parties,0,0,3,7,3,2014,Ideological 2014/PTB-PR,Ideological 2014/PTB-PR,,,,,,11,24,PTB,PR,true,endpoint-minimal,false,true,true,true,false,ideological/2014/11-24,"PTB, PT DO B, SOLIDARIEDADE, PMN, PHS, PMDB, PSD, PSDB, PTN, PPL, PRTB, PROS, PRP, PR",1,PTB,MT,5296,1454612,0.003640833431870492,0,8,0.0,0.029126667454963936,0.02790650835700315,-0.029126667454963936,0.001220159097960786,-0.02790650835700315,4.084472535550831,0.2902518478662325,4.374724383417064,-10592//363653,1136789048//931672803899,-71496//2561983,accounting attribution; not an independent causal effect
ideological/2014/11-24,ideological/2014/11-24,ideological/2014/11-24,ideological/2014/11-24,focal,ideological,all_parties,0,0,3,7,3,2014,Ideological 2014/PTB-PR,Ideological 2014/PTB-PR,,,,,,11,24,PTB,PR,true,endpoint-minimal,false,true,true,true,false,ideological/2014/11-24,"PTB, PT DO B, SOLIDARIEDADE, PMN, PHS, PMDB, PSD, PSDB, PTN, PPL, PRTB, PROS, PRP, PR",1,PTB,PA,132205,3756049,0.03519789012337166,1,17,0.058823529411764705,0.5983641320973182,0.6966351845425984,0.4016358679026818,-0.09827105244528023,0.30336481545740157,4.084472535550831,0.2902518478662325,4.374724383417064,1508564//3756049,-1891311641705//19245867370334,1554431//5123966,accounting attribution; not an independent causal effect
ideological/2014/11-24,ideological/2014/11-24,ideological/2014/11-24,ideological/2014/11-24,focal,ideological,all_parties,0,0,3,7,3,2014,Ideological 2014/PTB-PR,Ideological 2014/PTB-PR,,,,,,11,24,PTB,PR,true,endpoint-minimal,false,true,true,true,false,ideological/2014/11-24,"PTB, PT DO B, SOLIDARIEDADE, PMN, PHS, PMDB, PSD, PSDB, PTN, PPL, PRTB, PROS, PRP, PR",1,PTB,PB,116547,1936819,0.06017444066791992,1,12,0.08333333333333333,0.7220932880150391,0.614127611307335,0.2779067119849609,0.10796567670770411,0.385872388692665,4.084472535550831,0.2902518478662325,4.374724383417064,538255//1936819,1071472397013//9924194704154,1977197//5123966,accounting attribution; not an independent causal effect
ideological/2014/11-24,ideological/2014/11-24,ideological/2014/11-24,ideological/2014/11-24,focal,ideological,all_parties,0,0,3,7,3,2014,Ideological 2014/PTB-PR,Ideological 2014/PTB-PR,,,,,,11,24,PTB,PR,true,endpoint-minimal,false,true,true,true,false,ideological/2014/11-24,"PTB, PT DO B, SOLIDARIEDADE, PMN, PHS, PMDB, PSD, PSDB, PTN, PPL, PRTB, PROS, PRP, PR",1,PTB,PE,465366,4483227,0.10380156971752713,4,25,0.16,2.5950392429381783,2.4521790347555,1.4049607570618217,0.1428602081826783,1.5478209652445,4.084472535550831,0.2902518478662325,4.374724383417064,2099586//1494409,546961800781//3828650453047,3965491//2561983,accounting attribution; not an independent causal effect
ideological/2014/11-24,ideological/2014/11-24,ideological/2014/11-24,ideological/2014/11-24,focal,ideological,all_parties,0,0,3,7,3,2014,Ideological 2014/PTB-PR,Ideological 2014/PTB-PR,,,,,,11,24,PTB,PR,true,endpoint-minimal,false,true,true,true,false,ideological/2014/11-24,"PTB, PT DO B, SOLIDARIEDADE, PMN, PHS, PMDB, PSD, PSDB, PTN, PPL, PRTB, PROS, PRP, PR",1,PTB,PI,208861,1733434,0.12048973309627017,2,10,0.2,1.2048973309627018,1.1005629233293117,0.7951026690372982,0.10433440763339007,0.8994370766706883,4.084472535550831,0.2902518478662325,4.374724383417064,689129//866717,463352071531//4441028439622,4608685//5123966,accounting attribution; not an independent causal effect
ideological/2014/11-24,ideological/2014/11-24,ideological/2014/11-24,ideological/2014/11-24,focal,ideological,all_parties,0,0,3,7,3,2014,Ideological 2014/PTB-PR,Ideological 2014/PTB-PR,,,,,,11,24,PTB,PR,true,endpoint-minimal,false,true,true,true,false,ideological/2014/11-24,"PTB, PT DO B, SOLIDARIEDADE, PMN, PHS, PMDB, PSD, PSDB, PTN, PPL, PRTB, PROS, PRP, PR",1,PTB,PR,314102,5665222,0.05544389963888441,1,30,0.03333333333333333,1.6633169891665323,1.6551151978760203,-0.6633169891665323,0.008201791290511967,-0.6551151978760202,4.084472535550831,0.2902518478662325,4.374724383417064,-1878919//2832611,59521229643//7257101227613,-1678394//2561983,accounting attribution; not an independent causal effect
ideological/2014/11-24,ideological/2014/11-24,ideological/2014/11-24,ideological/2014/11-24,focal,ideological,all_parties,0,0,3,7,3,2014,Ideological 2014/PTB-PR,Ideological 2014/PTB-PR,,,,,,11,24,PTB,PR,true,endpoint-minimal,false,true,true,true,false,ideological/2014/11-24,"PTB, PT DO B, SOLIDARIEDADE, PMN, PHS, PMDB, PSD, PSDB, PTN, PPL, PRTB, PROS, PRP, PR",1,PTB,RJ,237384,7673438,0.030935807391680236,2,46,0.043478260869565216,1.4230471400172908,1.2508607590292364,0.5769528599827092,0.17218638098805447,0.7491392409707637,4.084472535550831,0.2902518478662325,4.374724383417064,2213606//3836719,1692524775060//9829608853777,1919282//2561983,accounting attribution; not an independent causal effect
ideological/2014/11-24,ideological/2014/11-24,ideological/2014/11-24,ideological/2014/11-24,focal,ideological,all_parties,0,0,3,7,3,2014,Ideological 2014/PTB-PR,Ideological 2014/PTB-PR,,,,,,11,24,PTB,PR,true,endpoint-minimal,false,true,true,true,false,ideological/2014/11-24,"PTB, PT DO B, SOLIDARIEDADE, PMN, PHS, PMDB, PSD, PSDB, PTN, PPL, PRTB, PROS, PRP, PR",1,PTB,RN,3326,1580871,0.0021039034810556964,0,8,0.0,0.01683122784844557,0.017525877416048427,-0.01683122784844557,-0.000694649567602856,-0.017525877416048427,4.084472535550831,0.2902518478662325,4.374724383417064,-26608//1580871,-2813445107//4050164627193,-44901//2561983,accounting attribution; not an independent causal effect
ideological/2014/11-24,ideological/2014/11-24,ideological/2014/11-24,ideological/2014/11-24,focal,ideological,all_parties,0,0,3,7,3,2014,Ideological 2014/PTB-PR,Ideological 2014/PTB-PR,,,,,,11,24,PTB,PR,true,endpoint-minimal,false,true,true,true,false,ideological/2014/11-24,"PTB, PT DO B, SOLIDARIEDADE, PMN, PHS, PMDB, PSD, PSDB, PTN, PPL, PRTB, PROS, PRP, PR",1,PTB,RO,85372,798475,0.10691881398916685,1,8,0.125,0.8553505119133348,0.4498554440056784,0.1446494880866652,0.4054950679076564,0.5501445559943215,4.084472535550831,0.2902518478662325,4.374724383417064,115499//798475,829512897458//2045679375925,1409461//2561983,accounting attribution; not an independent causal effect
ideological/2014/11-24,ideological/2014/11-24,ideological/2014/11-24,ideological/2014/11-24,focal,ideological,all_parties,0,0,3,7,3,2014,Ideological 2014/PTB-PR,Ideological 2014/PTB-PR,,,,,,11,24,PTB,PR,true,endpoint-minimal,false,true,true,true,false,ideological/2014/11-24,"PTB, PT DO B, SOLIDARIEDADE, PMN, PHS, PMDB, PSD, PSDB, PTN, PPL, PRTB, PROS, PRP, PR",1,PTB,RR,1076,238099,0.004519128597768155,0,8,0.0,0.03615302878214524,0.0056698268489681625,-0.03615302878214524,0.03048320193317708,-0.0056698268489681625,4.084472535550831,0.2902518478662325,4.374724383417064,-8608//238099,18594923590//610005590317,-14526//2561983,accounting attribution; not an independent causal effect
ideological/2014/11-24,ideological/2014/11-24,ideological/2014/11-24,ideological/2014/11-24,focal,ideological,all_parties,0,0,3,7,3,2014,Ideological 2014/PTB-PR,Ideological 2014/PTB-PR,,,,,,11,24,PTB,PR,true,endpoint-minimal,false,true,true,true,false,ideological/2014/11-24,"PTB, PT DO B, SOLIDARIEDADE, PMN, PHS, PMDB, PSD, PSDB, PTN, PPL, PRTB, PROS, PRP, PR",1,PTB,RS,434855,5942063,0.07318249570898189,3,31,0.0967741935483871,2.2686573669784384,2.291405719710084,0.7313426330215617,-0.02274835273164565,0.708594280289916,4.084472535550831,0.2902518478662325,4.374724383417064,4345684//5942063,-692617475525//30446928781858,3630813//5123966,accounting attribution; not an independent causal effect
ideological/2014/11-24,ideological/2014/11-24,ideological/2014/11-24,ideological/2014/11-24,focal,ideological,all_parties,0,0,3,7,3,2014,Ideological 2014/PTB-PR,Ideological 2014/PTB-PR,,,,,,11,24,PTB,PR,true,endpoint-minimal,false,true,true,true,false,ideological/2014/11-24,"PTB, PT DO B, SOLIDARIEDADE, PMN, PHS, PMDB, PSD, PSDB, PTN, PPL, PRTB, PROS, PRP, PR",1,PTB,SC,5681,3391619,0.0016750112556864435,0,16,0.0,0.026800180090983096,0.02993521034292577,-0.026800180090983096,-0.003135030251942676,-0.02993521034292577,4.084472535550831,0.2902518478662325,4.374724383417064,-90896//3391619,-54482250017//17378540440954,-153387//5123966,accounting attribution; not an independent causal effect
ideological/2014/11-24,ideological/2014/11-24,ideological/2014/11-24,ideological/2014/11-24,focal,ideological,all_parties,0,0,3,7,3,2014,Ideological 2014/PTB-PR,Ideological 2014/PTB-PR,,,,,,11,24,PTB,PR,true,endpoint-minimal,false,true,true,true,false,ideological/2014/11-24,"PTB, PT DO B, SOLIDARIEDADE, PMN, PHS, PMDB, PSD, PSDB, PTN, PPL, PRTB, PROS, PRP, PR",1,PTB,SE,133113,1052826,0.1264339976406358,1,8,0.125,1.0114719811250863,0.7014197596158913,-0.011471981125086196,0.3100522215091949,0.29858024038410874,4.084472535550831,0.2902518478662325,4.374724383417064,-2013//175471,278770258523//899107437986,1529915//5123966,accounting attribution; not an independent causal effect
ideological/2014/11-24,ideological/2014/11-24,ideological/2014/11-24,ideological/2014/11-24,focal,ideological,all_parties,0,0,3,7,3,2014,Ideological 2014/PTB-PR,Ideological 2014/PTB-PR,,,,,,11,24,PTB,PR,true,endpoint-minimal,false,true,true,true,false,ideological/2014/11-24,"PTB, PT DO B, SOLIDARIEDADE, PMN, PHS, PMDB, PSD, PSDB, PTN, PPL, PRTB, PROS, PRP, PR",1,PTB,SP,701693,21266194,0.032995702004787505,2,70,0.02857142857142857,2.3096991403351255,3.6974700846961124,-0.3096991403351253,-1.3877709443609871,-1.6974700846961124,4.084472535550831,0.2902518478662325,4.374724383417064,-3293061//10633097,-75610795191637//54483627502702,-8697779//5123966,accounting attribution; not an independent causal effect
ideological/2014/11-24,ideological/2014/11-24,ideological/2014/11-24,ideological/2014/11-24,focal,ideological,all_parties,0,0,3,7,3,2014,Ideological 2014/PTB-PR,Ideological 2014/PTB-PR,,,,,,11,24,PTB,PR,true,endpoint-minimal,false,true,true,true,false,ideological/2014/11-24,"PTB, PT DO B, SOLIDARIEDADE, PMN, PHS, PMDB, PSD, PSDB, PTN, PPL, PRTB, PROS, PRP, PR",1,PTB,TO,1471,733225,0.002006205462170548,0,8,0.0,0.016049643697364384,0.007751222392966698,-0.016049643697364384,0.008298421304397686,-0.007751222392966698,4.084472535550831,0.2902518478662325,4.374724383417064,-11768//733225,31177334563//3757019970350,-39717//5123966,accounting attribution; not an independent causal effect
ideological/2014/11-24,ideological/2014/11-24,ideological/2014/11-24,ideological/2014/11-24,focal,ideological,all_parties,0,0,3,7,3,2014,Ideological 2014/PTB-PR,Ideological 2014/PTB-PR,,,,,,11,24,PTB,PR,true,endpoint-minimal,false,true,true,true,false,ideological/2014/11-24,"PTB, PT DO B, SOLIDARIEDADE, PMN, PHS, PMDB, PSD, PSDB, PTN, PPL, PRTB, PROS, PRP, PR",2,PT DO B,AC,1555,399201,0.003895280823444831,0,8,0.0,0.03116224658755865,0.00819384828080436,-0.03116224658755865,0.022968398306754286,-0.00819384828080436,-3.614965224246245,0.33362943864579403,-3.281335785600451,-12440//399201,46981683055//2045492351166,-41985//5123966,accounting attribution; not an independent causal effect
ideological/2014/11-24,ideological/2014/11-24,ideological/2014/11-24,ideological/2014/11-24,focal,ideological,all_parties,0,0,3,7,3,2014,Ideological 2014/PTB-PR,Ideological 2014/PTB-PR,,,,,,11,24,PTB,PR,true,endpoint-minimal,false,true,true,true,false,ideological/2014/11-24,"PTB, PT DO B, SOLIDARIEDADE, PMN, PHS, PMDB, PSD, PSDB, PTN, PPL, PRTB, PROS, PRP, PR",2,PT DO B,AL,27780,1384584,0.02006378811253055,0,9,0.0,0.18057409301277497,0.14638270433488434,-0.18057409301277497,0.03419138867789061,-0.14638270433488434,-3.614965224246245,0.33362943864579403,-3.281335785600451,-20835//115382,10107204345//295606722506,-375030//2561983,accounting attribution; not an independent causal effect
ideological/2014/11-24,ideological/2014/11-24,ideological/2014/11-24,ideological/2014/11-24,focal,ideological,all_parties,0,0,3,7,3,2014,Ideological 2014/PTB-PR,Ideological 2014/PTB-PR,,,,,,11,24,PTB,PR,true,endpoint-minimal,false,true,true,true,false,ideological/2014/11-24,"PTB, PT DO B, SOLIDARIEDADE, PMN, PHS, PMDB, PSD, PSDB, PTN, PPL, PRTB, PROS, PRP, PR",2,PT DO B,AM,289,1658407,0.0001742636156263209,0,8,0.0,0.0013941089250105673,0.0015228438283938653,-0.0013941089250105673,-0.00012873490338329786,-0.0015228438283938653,-3.614965224246245,0.33362943864579403,-3.281335785600451,-2312//1658407,-1093940429//8497621082162,-7803//5123966,accounting attribution; not an independent causal effect
ideological/2014/11-24,ideological/2014/11-24,ideological/2014/11-24,ideological/2014/11-24,focal,ideological,all_parties,0,0,3,7,3,2014,Ideological 2014/PTB-PR,Ideological 2014/PTB-PR,,,,,,11,24,PTB,PR,true,endpoint-minimal,false,true,true,true,false,ideological/2014/11-24,"PTB, PT DO B, SOLIDARIEDADE, PMN, PHS, PMDB, PSD, PSDB, PTN, PPL, PRTB, PROS, PRP, PR",2,PT DO B,AP,11171,386084,0.02893411796396639,0,8,0.0,0.23147294371173113,0.05886397372660162,-0.23147294371173113,0.1726089699851295,-0.05886397372660162,-3.614965224246245,0.33362943864579403,-3.281335785600451,-22342//96521,85367273915//494570322286,-301617//5123966,accounting attribution; not an independent causal effect
ideological/2014/11-24,ideological/2014/11-24,ideological/2014/11-24,ideological/2014/11-24,focal,ideological,all_parties,0,0,3,7,3,2014,Ideological 2014/PTB-PR,Ideological 2014/PTB-PR,,,,,,11,24,PTB,PR,true,endpoint-minimal,false,true,true,true,false,ideological/2014/11-24,"PTB, PT DO B, SOLIDARIEDADE, PMN, PHS, PMDB, PSD, PSDB, PTN, PPL, PRTB, PROS, PRP, PR",2,PT DO B,BA,12325,6646541,0.0018543479984551364,0,39,0.0,0.07231957193975032,0.0649448103285619,-0.07231957193975032,0.007374761611188416,-0.0649448103285619,-3.614965224246245,0.33362943864579403,-3.281335785600451,-28275//390973,14774098575//2003332358918,-332775//5123966,accounting attribution; not an independent causal effect
ideological/2014/11-24,ideological/2014/11-24,ideological/2014/11-24,ideological/2014/11-24,focal,ideological,all_parties,0,0,3,7,3,2014,Ideological 2014/PTB-PR,Ideological 2014/PTB-PR,,,,,,11,24,PTB,PR,true,endpoint-minimal,false,true,true,true,false,ideological/2014/11-24,"PTB, PT DO B, SOLIDARIEDADE, PMN, PHS, PMDB, PSD, PSDB, PTN, PPL, PRTB, PROS, PRP, PR",2,PT DO B,CE,55900,4367020,0.012800490952640473,0,22,0.0,0.28161080095809043,0.29455698964434973,-0.28161080095809043,-0.012946188686259295,-0.29455698964434973,-3.614965224246245,0.33362943864579403,-3.281335785600451,-61490//218351,-168424360//13009570931,-17550//59581,accounting attribution; not an independent causal effect
ideological/2014/11-24,ideological/2014/11-24,ideological/2014/11-24,ideological/2014/11-24,focal,ideological,all_parties,0,0,3,7,3,2014,Ideological 2014/PTB-PR,Ideological 2014/PTB-PR,,,,,,11,24,PTB,PR,true,endpoint-minimal,false,true,true,true,false,ideological/2014/11-24,"PTB, PT DO B, SOLIDARIEDADE, PMN, PHS, PMDB, PSD, PSDB, PTN, PPL, PRTB, PROS, PRP, PR",2,PT DO B,DF,568,1454063,0.0003906295669444859,0,8,0.0,0.0031250365355558873,0.0029929940987118184,-0.0031250365355558873,0.00013204243684406905,-0.0029929940987118184,-3.614965224246245,0.33362943864579403,-3.281335785600451,-4544//1454063,491895668//3725284686929,-7668//2561983,accounting attribution; not an independent causal effect
ideological/2014/11-24,ideological/2014/11-24,ideological/2014/11-24,ideological/2014/11-24,focal,ideological,all_parties,0,0,3,7,3,2014,Ideological 2014/PTB-PR,Ideological 2014/PTB-PR,,,,,,11,24,PTB,PR,true,endpoint-minimal,false,true,true,true,false,ideological/2014/11-24,"PTB, PT DO B, SOLIDARIEDADE, PMN, PHS, PMDB, PSD, PSDB, PTN, PPL, PRTB, PROS, PRP, PR",2,PT DO B,ES,3623,1794470,0.002018980534642541,0,10,0.0,0.020189805346425407,0.019090876090903024,-0.020189805346425407,0.0010989292555223839,-0.019090876090903024,-3.614965224246245,0.33362943864579403,-3.281335785600451,-3623//179447,1010443831//919480326802,-97821//5123966,accounting attribution; not an independent causal effect
ideological/2014/11-24,ideological/2014/11-24,ideological/2014/11-24,ideological/2014/11-24,focal,ideological,all_parties,0,0,3,7,3,2014,Ideological 2014/PTB-PR,Ideological 2014/PTB-PR,,,,,,11,24,PTB,PR,true,endpoint-minimal,false,true,true,true,false,ideological/2014/11-24,"PTB, PT DO B, SOLIDARIEDADE, PMN, PHS, PMDB, PSD, PSDB, PTN, PPL, PRTB, PROS, PRP, PR",2,PT DO B,GO,0,3032760,0.0,0,17,0.0,0.0,0.0,0.0,0.0,0.0,-3.614965224246245,0.33362943864579403,-3.281335785600451,0//1,0//1,0//1,accounting attribution; not an independent causal effect
ideological/2014/11-24,ideological/2014/11-24,ideological/2014/11-24,ideological/2014/11-24,focal,ideological,all_parties,0,0,3,7,3,2014,Ideological 2014/PTB-PR,Ideological 2014/PTB-PR,,,,,,11,24,PTB,PR,true,endpoint-minimal,false,true,true,true,false,ideological/2014/11-24,"PTB, PT DO B, SOLIDARIEDADE, PMN, PHS, PMDB, PSD, PSDB, PTN, PPL, PRTB, PROS, PRP, PR",2,PT DO B,MA,100408,3130492,0.03207419153283254,0,18,0.0,0.5773354475909857,0.5290854779286202,-0.5773354475909857,0.04824996966236556,-0.5290854779286202,-3.614965224246245,0.33362943864579403,-3.281335785600451,-451836//782623,96744413304//2005066821409,-1355508//2561983,accounting attribution; not an independent causal effect
ideological/2014/11-24,ideological/2014/11-24,ideological/2014/11-24,ideological/2014/11-24,focal,ideological,all_parties,0,0,3,7,3,2014,Ideological 2014/PTB-PR,Ideological 2014/PTB-PR,,,,,,11,24,PTB,PR,true,endpoint-minimal,false,true,true,true,false,ideological/2014/11-24,"PTB, PT DO B, SOLIDARIEDADE, PMN, PHS, PMDB, PSD, PSDB, PTN, PPL, PRTB, PROS, PRP, PR",2,PT DO B,MG,400856,10118666,0.039615498722855365,1,53,0.018867924528301886,2.0996214323113342,2.1122528916077896,-1.0996214323113342,-0.012631459296455427,-1.1122528916077898,-3.614965224246245,0.33362943864579403,-3.281335785600451,-5563351//5059333,-163728029776//12961925137339,-2849573//2561983,accounting attribution; not an independent causal effect
ideological/2014/11-24,ideological/2014/11-24,ideological/2014/11-24,ideological/2014/11-24,focal,ideological,all_parties,0,0,3,7,3,2014,Ideological 2014/PTB-PR,Ideological 2014/PTB-PR,,,,,,11,24,PTB,PR,true,endpoint-minimal,false,true,true,true,false,ideological/2014/11-24,"PTB, PT DO B, SOLIDARIEDADE, PMN, PHS, PMDB, PSD, PSDB, PTN, PPL, PRTB, PROS, PRP, PR",2,PT DO B,MS,3978,1276893,0.003115374585027876,0,8,0.0,0.02492299668022301,0.02096149740259791,-0.02492299668022301,0.0039614992776251,-0.02096149740259791,-3.614965224246245,0.33362943864579403,-3.281335785600451,-3536//141877,1439951357//363486462091,-53703//2561983,accounting attribution; not an independent causal effect
ideological/2014/11-24,ideological/2014/11-24,ideological/2014/11-24,ideological/2014/11-24,focal,ideological,all_parties,0,0,3,7,3,2014,Ideological 2014/PTB-PR,Ideological 2014/PTB-PR,,,,,,11,24,PTB,PR,true,endpoint-minimal,false,true,true,true,false,ideological/2014/11-24,"PTB, PT DO B, SOLIDARIEDADE, PMN, PHS, PMDB, PSD, PSDB, PTN, PPL, PRTB, PROS, PRP, PR",2,PT DO B,MT,3229,1454612,0.0022198359425056303,0,8,0.0,0.017758687540045042,0.017014749902712078,-0.017758687540045042,0.000743937637332964,-0.017014749902712078,-3.614965224246245,0.33362943864579403,-3.281335785600451,-6458//363653,1386212929//1863345607798,-87183//5123966,accounting attribution; not an independent causal effect
ideological/2014/11-24,ideological/2014/11-24,ideological/2014/11-24,ideological/2014/11-24,focal,ideological,all_parties,0,0,3,7,3,2014,Ideological 2014/PTB-PR,Ideological 2014/PTB-PR,,,,,,11,24,PTB,PR,true,endpoint-minimal,false,true,true,true,false,ideological/2014/11-24,"PTB, PT DO B, SOLIDARIEDADE, PMN, PHS, PMDB, PSD, PSDB, PTN, PPL, PRTB, PROS, PRP, PR",2,PT DO B,PA,14940,3756049,0.003977583892009928,0,17,0.0,0.06761892616416879,0.07872417576541296,-0.06761892616416879,-0.011105249601244179,-0.07872417576541296,-3.614965224246245,0.33362943864579403,-3.281335785600451,-253980//3756049,-106865080470//9622933685167,-201690//2561983,accounting attribution; not an independent causal effect
ideological/2014/11-24,ideological/2014/11-24,ideological/2014/11-24,ideological/2014/11-24,focal,ideological,all_parties,0,0,3,7,3,2014,Ideological 2014/PTB-PR,Ideological 2014/PTB-PR,,,,,,11,24,PTB,PR,true,endpoint-minimal,false,true,true,true,false,ideological/2014/11-24,"PTB, PT DO B, SOLIDARIEDADE, PMN, PHS, PMDB, PSD, PSDB, PTN, PPL, PRTB, PROS, PRP, PR",2,PT DO B,PB,15536,1936819,0.008021400037897192,0,12,0.0,0.0962568004547663,0.08186471182673734,-0.0962568004547663,0.01439208862802896,-0.08186471182673734,-3.614965224246245,0.33362943864579403,-3.281335785600451,-186432//1936819,71414944872//4962097352077,-209736//2561983,accounting attribution; not an independent causal effect
ideological/2014/11-24,ideological/2014/11-24,ideological/2014/11-24,ideological/2014/11-24,focal,ideological,all_parties,0,0,3,7,3,2014,Ideological 2014/PTB-PR,Ideological 2014/PTB-PR,,,,,,11,24,PTB,PR,true,endpoint-minimal,false,true,true,true,false,ideological/2014/11-24,"PTB, PT DO B, SOLIDARIEDADE, PMN, PHS, PMDB, PSD, PSDB, PTN, PPL, PRTB, PROS, PRP, PR",2,PT DO B,PE,3930,4483227,0.0008766007164036084,0,25,0.0,0.02191501791009021,0.02070856832383353,-0.02191501791009021,0.0012064495862566791,-0.02070856832383353,-3.614965224246245,0.33362943864579403,-3.281335785600451,-32750//1494409,4619073755//3828650453047,-53055//2561983,accounting attribution; not an independent causal effect
ideological/2014/11-24,ideological/2014/11-24,ideological/2014/11-24,ideological/2014/11-24,focal,ideological,all_parties,0,0,3,7,3,2014,Ideological 2014/PTB-PR,Ideological 2014/PTB-PR,,,,,,11,24,PTB,PR,true,endpoint-minimal,false,true,true,true,false,ideological/2014/11-24,"PTB, PT DO B, SOLIDARIEDADE, PMN, PHS, PMDB, PSD, PSDB, PTN, PPL, PRTB, PROS, PRP, PR",2,PT DO B,PI,1504,1733434,0.000867641917719394,0,10,0.0,0.00867641917719394,0.007925111134617208,-0.00867641917719394,0.0007513080425767312,-0.007925111134617208,-3.614965224246245,0.33362943864579403,-3.281335785600451,-7520//866717,1668290192//2220514219811,-20304//2561983,accounting attribution; not an independent causal effect
ideological/2014/11-24,ideological/2014/11-24,ideological/2014/11-24,ideological/2014/11-24,focal,ideological,all_parties,0,0,3,7,3,2014,Ideological 2014/PTB-PR,Ideological 2014/PTB-PR,,,,,,11,24,PTB,PR,true,endpoint-minimal,false,true,true,true,false,ideological/2014/11-24,"PTB, PT DO B, SOLIDARIEDADE, PMN, PHS, PMDB, PSD, PSDB, PTN, PPL, PRTB, PROS, PRP, PR",2,PT DO B,PR,6925,5665222,0.0012223704560915707,0,30,0.0,0.03667111368274712,0.036490288967569263,-0.03667111368274712,0.0001808247151778574,-0.036490288967569263,-3.614965224246245,0.33362943864579403,-3.281335785600451,-103875//2832611,2624526525//14514202455226,-186975//5123966,accounting attribution; not an independent causal effect
ideological/2014/11-24,ideological/2014/11-24,ideological/2014/11-24,ideological/2014/11-24,focal,ideological,all_parties,0,0,3,7,3,2014,Ideological 2014/PTB-PR,Ideological 2014/PTB-PR,,,,,,11,24,PTB,PR,true,endpoint-minimal,false,true,true,true,false,ideological/2014/11-24,"PTB, PT DO B, SOLIDARIEDADE, PMN, PHS, PMDB, PSD, PSDB, PTN, PPL, PRTB, PROS, PRP, PR",2,PT DO B,RJ,77477,7673438,0.01009677800224619,0,46,0.0,0.4644517881033247,0.40825387990474565,-0.4644517881033247,0.05619790819857908,-0.40825387990474565,-3.614965224246245,0.33362943864579403,-3.281335785600451,-1781971//3836719,1104806911985//19659217707554,-2091879//5123966,accounting attribution; not an independent causal effect
ideological/2014/11-24,ideological/2014/11-24,ideological/2014/11-24,ideological/2014/11-24,focal,ideological,all_parties,0,0,3,7,3,2014,Ideological 2014/PTB-PR,Ideological 2014/PTB-PR,,,,,,11,24,PTB,PR,true,endpoint-minimal,false,true,true,true,false,ideological/2014/11-24,"PTB, PT DO B, SOLIDARIEDADE, PMN, PHS, PMDB, PSD, PSDB, PTN, PPL, PRTB, PROS, PRP, PR",2,PT DO B,RN,744,1580871,0.0004706266355698852,0,8,0.0,0.0037650130845590817,0.0039204007208478745,-0.0037650130845590817,-0.0001553876362887928,-0.0039204007208478745,-3.614965224246245,0.33362943864579403,-3.281335785600451,-1984//526957,-209781836//1350054875731,-10044//2561983,accounting attribution; not an independent causal effect
ideological/2014/11-24,ideological/2014/11-24,ideological/2014/11-24,ideological/2014/11-24,focal,ideological,all_parties,0,0,3,7,3,2014,Ideological 2014/PTB-PR,Ideological 2014/PTB-PR,,,,,,11,24,PTB,PR,true,endpoint-minimal,false,true,true,true,false,ideological/2014/11-24,"PTB, PT DO B, SOLIDARIEDADE, PMN, PHS, PMDB, PSD, PSDB, PTN, PPL, PRTB, PROS, PRP, PR",2,PT DO B,RO,6130,798475,0.007677134537712515,0,8,0.0,0.06141707630170012,0.032301151100534234,-0.06141707630170012,0.02911592520116588,-0.032301151100534234,-3.614965224246245,0.33362943864579403,-3.281335785600451,-9808//159695,11912369539//409135875185,-82755//2561983,accounting attribution; not an independent causal effect
ideological/2014/11-24,ideological/2014/11-24,ideological/2014/11-24,ideological/2014/11-24,focal,ideological,all_parties,0,0,3,7,3,2014,Ideological 2014/PTB-PR,Ideological 2014/PTB-PR,,,,,,11,24,PTB,PR,true,endpoint-minimal,false,true,true,true,false,ideological/2014/11-24,"PTB, PT DO B, SOLIDARIEDADE, PMN, PHS, PMDB, PSD, PSDB, PTN, PPL, PRTB, PROS, PRP, PR",2,PT DO B,RR,1917,238099,0.008051272789889919,0,8,0.0,0.06441018231911935,0.010101355083152387,-0.06441018231911935,0.05430882723596697,-0.010101355083152387,-3.614965224246245,0.33362943864579403,-3.281335785600451,-15336//238099,66257376435//1220011180634,-51759//5123966,accounting attribution; not an independent causal effect
ideological/2014/11-24,ideological/2014/11-24,ideological/2014/11-24,ideological/2014/11-24,focal,ideological,all_parties,0,0,3,7,3,2014,Ideological 2014/PTB-PR,Ideological 2014/PTB-PR,,,,,,11,24,PTB,PR,true,endpoint-minimal,false,true,true,true,false,ideological/2014/11-24,"PTB, PT DO B, SOLIDARIEDADE, PMN, PHS, PMDB, PSD, PSDB, PTN, PPL, PRTB, PROS, PRP, PR",2,PT DO B,RS,4215,5942063,0.0007093495979426673,0,31,0.0,0.02198983753622269,0.02221033472899703,-0.02198983753622269,-0.00022049719277434182,-0.02221033472899703,-3.614965224246245,0.33362943864579403,-3.281335785600451,-130665//5942063,-6713462325//30446928781858,-113805//5123966,accounting attribution; not an independent causal effect
ideological/2014/11-24,ideological/2014/11-24,ideological/2014/11-24,ideological/2014/11-24,focal,ideological,all_parties,0,0,3,7,3,2014,Ideological 2014/PTB-PR,Ideological 2014/PTB-PR,,,,,,11,24,PTB,PR,true,endpoint-minimal,false,true,true,true,false,ideological/2014/11-24,"PTB, PT DO B, SOLIDARIEDADE, PMN, PHS, PMDB, PSD, PSDB, PTN, PPL, PRTB, PROS, PRP, PR",2,PT DO B,SC,22688,3391619,0.006689430622956175,0,16,0.0,0.1070308899672988,0.1195511445626298,-0.1070308899672988,-0.012520254595331003,-0.1195511445626298,-3.614965224246245,0.33362943864579403,-3.281335785600451,-363008//3391619,-108791875408//8689270220477,-306288//2561983,accounting attribution; not an independent causal effect
ideological/2014/11-24,ideological/2014/11-24,ideological/2014/11-24,ideological/2014/11-24,focal,ideological,all_parties,0,0,3,7,3,2014,Ideological 2014/PTB-PR,Ideological 2014/PTB-PR,,,,,,11,24,PTB,PR,true,endpoint-minimal,false,true,true,true,false,ideological/2014/11-24,"PTB, PT DO B, SOLIDARIEDADE, PMN, PHS, PMDB, PSD, PSDB, PTN, PPL, PRTB, PROS, PRP, PR",2,PT DO B,SE,659,1052826,0.0006259343899181821,0,8,0.0,0.005007475119345457,0.00347250547720262,-0.005007475119345457,0.001534969642142837,-0.00347250547720262,-3.614965224246245,0.33362943864579403,-3.281335785600451,-2636//526413,4140307867//2697322313958,-17793//5123966,accounting attribution; not an independent causal effect
ideological/2014/11-24,ideological/2014/11-24,ideological/2014/11-24,ideological/2014/11-24,focal,ideological,all_parties,0,0,3,7,3,2014,Ideological 2014/PTB-PR,Ideological 2014/PTB-PR,,,,,,11,24,PTB,PR,true,endpoint-minimal,false,true,true,true,false,ideological/2014/11-24,"PTB, PT DO B, SOLIDARIEDADE, PMN, PHS, PMDB, PSD, PSDB, PTN, PPL, PRTB, PROS, PRP, PR",2,PT DO B,SP,33906,21266194,0.0015943614546166558,0,70,0.0,0.11160530182316591,0.17866277801218822,-0.11160530182316591,-0.0670574761890223,-0.17866277801218822,-3.614965224246245,0.33362943864579403,-3.281335785600451,-1186710//10633097,-1826767276977//27241813751351,-457731//2561983,accounting attribution; not an independent causal effect
ideological/2014/11-24,ideological/2014/11-24,ideological/2014/11-24,ideological/2014/11-24,focal,ideological,all_parties,0,0,3,7,3,2014,Ideological 2014/PTB-PR,Ideological 2014/PTB-PR,,,,,,11,24,PTB,PR,true,endpoint-minimal,false,true,true,true,false,ideological/2014/11-24,"PTB, PT DO B, SOLIDARIEDADE, PMN, PHS, PMDB, PSD, PSDB, PTN, PPL, PRTB, PROS, PRP, PR",2,PT DO B,TO,244,733225,0.00033277643288213033,0,8,0.0,0.0026622114630570426,0.0012857228170522598,-0.0026622114630570426,0.0013764886460047826,-0.0012857228170522598,-3.614965224246245,0.33362943864579403,-3.281335785600451,-1952//733225,2585747666//1878509985175,-3294//2561983,accounting attribution; not an independent causal effect
ideological/2014/11-24,ideological/2014/11-24,ideological/2014/11-24,ideological/2014/11-24,focal,ideological,all_parties,0,0,3,7,3,2014,Ideological 2014/PTB-PR,Ideological 2014/PTB-PR,,,,,,11,24,PTB,PR,true,endpoint-minimal,false,true,true,true,false,ideological/2014/11-24,"PTB, PT DO B, SOLIDARIEDADE, PMN, PHS, PMDB, PSD, PSDB, PTN, PPL, PRTB, PROS, PRP, PR",3,SOLIDARIEDADE,AC,5016,399201,0.012565098784822683,0,8,0.0,0.10052079027858146,0.026431088730877607,-0.10052079027858146,0.07408970154770386,-0.026431088730877607,0.6928057918334442,0.1342026231326193,0.8270084149660634,-1216//12097,2296210876//30992308351,-67716//2561983,accounting attribution; not an independent causal effect
ideological/2014/11-24,ideological/2014/11-24,ideological/2014/11-24,ideological/2014/11-24,focal,ideological,all_parties,0,0,3,7,3,2014,Ideological 2014/PTB-PR,Ideological 2014/PTB-PR,,,,,,11,24,PTB,PR,true,endpoint-minimal,false,true,true,true,false,ideological/2014/11-24,"PTB, PT DO B, SOLIDARIEDADE, PMN, PHS, PMDB, PSD, PSDB, PTN, PPL, PRTB, PROS, PRP, PR",3,SOLIDARIEDADE,AL,137402,1384584,0.09923702715039319,1,9,0.1111111111111111,0.8931332443535387,0.72402002667465,0.10686675564646132,0.16911321767888862,0.27597997332534996,0.6928057918334442,0.1342026231326193,0.8270084149660634,24661//230764,99982008021//591213445012,707056//2561983,accounting attribution; not an independent causal effect
ideological/2014/11-24,ideological/2014/11-24,ideological/2014/11-24,ideological/2014/11-24,focal,ideological,all_parties,0,0,3,7,3,2014,Ideological 2014/PTB-PR,Ideological 2014/PTB-PR,,,,,,11,24,PTB,PR,true,endpoint-minimal,false,true,true,true,false,ideological/2014/11-24,"PTB, PT DO B, SOLIDARIEDADE, PMN, PHS, PMDB, PSD, PSDB, PTN, PPL, PRTB, PROS, PRP, PR",3,SOLIDARIEDADE,AM,938,1658407,0.0005656030154238375,0,8,0.0,0.0045248241233907,0.004942655747520573,-0.0045248241233907,-0.0004178316241298733,-0.004942655747520573,0.6928057918334442,0.1342026231326193,0.8270084149660634,-7504//1658407,-1775287409//4248810541081,-12663//2561983,accounting attribution; not an independent causal effect
ideological/2014/11-24,ideological/2014/11-24,ideological/2014/11-24,ideological/2014/11-24,focal,ideological,all_parties,0,0,3,7,3,2014,Ideological 2014/PTB-PR,Ideological 2014/PTB-PR,,,,,,11,24,PTB,PR,true,endpoint-minimal,false,true,true,true,false,ideological/2014/11-24,"PTB, PT DO B, SOLIDARIEDADE, PMN, PHS, PMDB, PSD, PSDB, PTN, PPL, PRTB, PROS, PRP, PR",3,SOLIDARIEDADE,AP,9837,386084,0.025478911324996634,0,8,0.0,0.20383129059997307,0.05183465307927492,-0.20383129059997307,0.15199663752069814,-0.05183465307927492,0.6928057918334442,0.1342026231326193,0.8270084149660634,-19674//96521,75173026005//494570322286,-265599//5123966,accounting attribution; not an independent causal effect
ideological/2014/11-24,ideological/2014/11-24,ideological/2014/11-24,ideological/2014/11-24,focal,ideological,all_parties,0,0,3,7,3,2014,Ideological 2014/PTB-PR,Ideological 2014/PTB-PR,,,,,,11,24,PTB,PR,true,endpoint-minimal,false,true,true,true,false,ideological/2014/11-24,"PTB, PT DO B, SOLIDARIEDADE, PMN, PHS, PMDB, PSD, PSDB, PTN, PPL, PRTB, PROS, PRP, PR",3,SOLIDARIEDADE,BA,222211,6646541,0.033432577937907854,1,39,0.02564102564102564,1.3038705395784063,1.1709088233606546,-0.30387053957840626,0.13296171621775166,-0.1709088233606546,0.6928057918334442,0.1342026231326193,0.8270084149660634,-183608//604231,411657331467//3096059100146,-875731//5123966,accounting attribution; not an independent causal effect
ideological/2014/11-24,ideological/2014/11-24,ideological/2014/11-24,ideological/2014/11-24,focal,ideological,all_parties,0,0,3,7,3,2014,Ideological 2014/PTB-PR,Ideological 2014/PTB-PR,,,,,,11,24,PTB,PR,true,endpoint-minimal,false,true,true,true,false,ideological/2014/11-24,"PTB, PT DO B, SOLIDARIEDADE, PMN, PHS, PMDB, PSD, PSDB, PTN, PPL, PRTB, PROS, PRP, PR",3,SOLIDARIEDADE,CE,228664,4367020,0.052361564636754586,1,22,0.045454545454545456,1.1519544220086009,1.2049119763870408,-0.15195442200860082,-0.05295755437843999,-0.2049119763870408,0.6928057918334442,0.1342026231326193,0.8270084149660634,-165897//1091755,-148125337904//2797057750165,-524981//2561983,accounting attribution; not an independent causal effect
ideological/2014/11-24,ideological/2014/11-24,ideological/2014/11-24,ideological/2014/11-24,focal,ideological,all_parties,0,0,3,7,3,2014,Ideological 2014/PTB-PR,Ideological 2014/PTB-PR,,,,,,11,24,PTB,PR,true,endpoint-minimal,false,true,true,true,false,ideological/2014/11-24,"PTB, PT DO B, SOLIDARIEDADE, PMN, PHS, PMDB, PSD, PSDB, PTN, PPL, PRTB, PROS, PRP, PR",3,SOLIDARIEDADE,DF,39988,1454063,0.02750087169538046,1,8,0.125,0.2200069735630437,0.21071100003395807,0.7799930264369563,0.009295973529085622,0.789288999966042,0.6928057918334442,0.1342026231326193,0.8270084149660634,87243//111851,2663857526//286560360533,2022145//2561983,accounting attribution; not an independent causal effect
ideological/2014/11-24,ideological/2014/11-24,ideological/2014/11-24,ideological/2014/11-24,focal,ideological,all_parties,0,0,3,7,3,2014,Ideological 2014/PTB-PR,Ideological 2014/PTB-PR,,,,,,11,24,PTB,PR,true,endpoint-minimal,false,true,true,true,false,ideological/2014/11-24,"PTB, PT DO B, SOLIDARIEDADE, PMN, PHS, PMDB, PSD, PSDB, PTN, PPL, PRTB, PROS, PRP, PR",3,SOLIDARIEDADE,ES,70930,1794470,0.03952699125647127,1,10,0.1,0.3952699125647127,0.3737554074324459,0.6047300874352873,0.02151450513226682,0.6262445925675542,0.6928057918334442,0.1342026231326193,0.8270084149660634,108517//179447,9891082105//459740163401,1604428//2561983,accounting attribution; not an independent causal effect
ideological/2014/11-24,ideological/2014/11-24,ideological/2014/11-24,ideological/2014/11-24,focal,ideological,all_parties,0,0,3,7,3,2014,Ideological 2014/PTB-PR,Ideological 2014/PTB-PR,,,,,,11,24,PTB,PR,true,endpoint-minimal,false,true,true,true,false,ideological/2014/11-24,"PTB, PT DO B, SOLIDARIEDADE, PMN, PHS, PMDB, PSD, PSDB, PTN, PPL, PRTB, PROS, PRP, PR",3,SOLIDARIEDADE,GO,80387,3032760,0.02650621875783115,1,17,0.058823529411764705,0.45060571888312956,0.42358770530483614,0.5493942811168704,0.02701801357829342,0.5764122946951639,0.6928057918334442,0.1342026231326193,0.8270084149660634,1666181//3032760,209926711537//7769879563080,2953517//5123966,accounting attribution; not an independent causal effect
ideological/2014/11-24,ideological/2014/11-24,ideological/2014/11-24,ideological/2014/11-24,focal,ideological,all_parties,0,0,3,7,3,2014,Ideological 2014/PTB-PR,Ideological 2014/PTB-PR,,,,,,11,24,PTB,PR,true,endpoint-minimal,false,true,true,true,false,ideological/2014/11-24,"PTB, PT DO B, SOLIDARIEDADE, PMN, PHS, PMDB, PSD, PSDB, PTN, PPL, PRTB, PROS, PRP, PR",3,SOLIDARIEDADE,MA,85587,3130492,0.027339791956024803,0,18,0.0,0.4921162552084465,0.45098835550431055,-0.4921162552084465,0.04112789970413594,-0.45098835550431055,0.6928057918334442,0.1342026231326193,0.8270084149660634,-770283//1565246,82464187131//2005066821409,-2310849//5123966,accounting attribution; not an independent causal effect
ideological/2014/11-24,ideological/2014/11-24,ideological/2014/11-24,ideological/2014/11-24,focal,ideological,all_parties,0,0,3,7,3,2014,Ideological 2014/PTB-PR,Ideological 2014/PTB-PR,,,,,,11,24,PTB,PR,true,endpoint-minimal,false,true,true,true,false,ideological/2014/11-24,"PTB, PT DO B, SOLIDARIEDADE, PMN, PHS, PMDB, PSD, PSDB, PTN, PPL, PRTB, PROS, PRP, PR",3,SOLIDARIEDADE,MG,212976,10118666,0.021047833775717076,1,53,0.018867924528301886,1.115535190113005,1.1222463224775496,-0.11553519011300502,-0.006711132364544602,-0.12224632247754962,0.6928057918334442,0.1342026231326193,0.8270084149660634,-584531//5059333,-86989195296//12961925137339,-313193//2561983,accounting attribution; not an independent causal effect
ideological/2014/11-24,ideological/2014/11-24,ideological/2014/11-24,ideological/2014/11-24,focal,ideological,all_parties,0,0,3,7,3,2014,Ideological 2014/PTB-PR,Ideological 2014/PTB-PR,,,,,,11,24,PTB,PR,true,endpoint-minimal,false,true,true,true,false,ideological/2014/11-24,"PTB, PT DO B, SOLIDARIEDADE, PMN, PHS, PMDB, PSD, PSDB, PTN, PPL, PRTB, PROS, PRP, PR",3,SOLIDARIEDADE,MS,39525,1276893,0.030954042351238515,0,8,0.0,0.24763233880990812,0.20827128829504332,-0.24763233880990812,0.039361050514864784,-0.20827128829504332,0.6928057918334442,0.1342026231326193,0.8270084149660634,-105400//425631,85843253975//2180918772546,-1067175//5123966,accounting attribution; not an independent causal effect
ideological/2014/11-24,ideological/2014/11-24,ideological/2014/11-24,ideological/2014/11-24,focal,ideological,all_parties,0,0,3,7,3,2014,Ideological 2014/PTB-PR,Ideological 2014/PTB-PR,,,,,,11,24,PTB,PR,true,endpoint-minimal,false,true,true,true,false,ideological/2014/11-24,"PTB, PT DO B, SOLIDARIEDADE, PMN, PHS, PMDB, PSD, PSDB, PTN, PPL, PRTB, PROS, PRP, PR",3,SOLIDARIEDADE,MT,11518,1454612,0.007918262739479669,0,8,0.0,0.06334610191583735,0.06069244019183578,-0.06334610191583735,0.0026536617240015734,-0.06069244019183578,0.6928057918334442,0.1342026231326193,0.8270084149660634,-23036//363653,2472344459//931672803899,-155493//2561983,accounting attribution; not an independent causal effect
ideological/2014/11-24,ideological/2014/11-24,ideological/2014/11-24,ideological/2014/11-24,focal,ideological,all_parties,0,0,3,7,3,2014,Ideological 2014/PTB-PR,Ideological 2014/PTB-PR,,,,,,11,24,PTB,PR,true,endpoint-minimal,false,true,true,true,false,ideological/2014/11-24,"PTB, PT DO B, SOLIDARIEDADE, PMN, PHS, PMDB, PSD, PSDB, PTN, PPL, PRTB, PROS, PRP, PR",3,SOLIDARIEDADE,PA,238678,3756049,0.06354496440275406,1,17,0.058823529411764705,1.0802643948468191,1.2576793054442594,-0.08026439484681909,-0.1774149105974403,-0.2576793054442594,0.6928057918334442,0.1342026231326193,0.8270084149660634,-27407//341459,-155204719949//874812153197,-660170//2561983,accounting attribution; not an independent causal effect
ideological/2014/11-24,ideological/2014/11-24,ideological/2014/11-24,ideological/2014/11-24,focal,ideological,all_parties,0,0,3,7,3,2014,Ideological 2014/PTB-PR,Ideological 2014/PTB-PR,,,,,,11,24,PTB,PR,true,endpoint-minimal,false,true,true,true,false,ideological/2014/11-24,"PTB, PT DO B, SOLIDARIEDADE, PMN, PHS, PMDB, PSD, PSDB, PTN, PPL, PRTB, PROS, PRP, PR",3,SOLIDARIEDADE,PB,64479,1936819,0.033291185185605886,1,12,0.08333333333333333,0.3994942222272706,0.3397627931176749,0.6005057777727294,0.05973142910959573,0.6602372068823251,0.6928057918334442,0.1342026231326193,0.8270084149660634,1163071//1936819,592786332441//9924194704154,3383033//5123966,accounting attribution; not an independent causal effect
ideological/2014/11-24,ideological/2014/11-24,ideological/2014/11-24,ideological/2014/11-24,focal,ideological,all_parties,0,0,3,7,3,2014,Ideological 2014/PTB-PR,Ideological 2014/PTB-PR,,,,,,11,24,PTB,PR,true,endpoint-minimal,false,true,true,true,false,ideological/2014/11-24,"PTB, PT DO B, SOLIDARIEDADE, PMN, PHS, PMDB, PSD, PSDB, PTN, PPL, PRTB, PROS, PRP, PR",3,SOLIDARIEDADE,PE,70867,4483227,0.01580714070467545,0,25,0.0,0.3951785176168862,0.37342343801656763,-0.3951785176168862,0.021755079600318594,-0.37342343801656763,0.6928057918334442,0.1342026231326193,0.8270084149660634,-1771675//4483227,499755572207//22971902718282,-1913409//5123966,accounting attribution; not an independent causal effect
ideological/2014/11-24,ideological/2014/11-24,ideological/2014/11-24,ideological/2014/11-24,focal,ideological,all_parties,0,0,3,7,3,2014,Ideological 2014/PTB-PR,Ideological 2014/PTB-PR,,,,,,11,24,PTB,PR,true,endpoint-minimal,false,true,true,true,false,ideological/2014/11-24,"PTB, PT DO B, SOLIDARIEDADE, PMN, PHS, PMDB, PSD, PSDB, PTN, PPL, PRTB, PROS, PRP, PR",3,SOLIDARIEDADE,PI,31275,1733434,0.01804222139406519,0,10,0.0,0.18042221394065192,0.1647991028824157,-0.18042221394065192,0.015623111058236216,-0.1647991028824157,0.6928057918334442,0.1342026231326193,0.8270084149660634,-156375//866717,69382680525//4441028439622,-844425//5123966,accounting attribution; not an independent causal effect
ideological/2014/11-24,ideological/2014/11-24,ideological/2014/11-24,ideological/2014/11-24,focal,ideological,all_parties,0,0,3,7,3,2014,Ideological 2014/PTB-PR,Ideological 2014/PTB-PR,,,,,,11,24,PTB,PR,true,endpoint-minimal,false,true,true,true,false,ideological/2014/11-24,"PTB, PT DO B, SOLIDARIEDADE, PMN, PHS, PMDB, PSD, PSDB, PTN, PPL, PRTB, PROS, PRP, PR",3,SOLIDARIEDADE,PR,168581,5665222,0.029757174564386004,1,30,0.03333333333333333,0.8927152369315801,0.888313271399537,0.10728476306841991,0.004401965532043087,0.111686728600463,0.6928057918334442,0.1342026231326193,0.8270084149660634,303896//2832611,63891018933//14514202455226,572279//5123966,accounting attribution; not an independent causal effect
ideological/2014/11-24,ideological/2014/11-24,ideological/2014/11-24,ideological/2014/11-24,focal,ideological,all_parties,0,0,3,7,3,2014,Ideological 2014/PTB-PR,Ideological 2014/PTB-PR,,,,,,11,24,PTB,PR,true,endpoint-minimal,false,true,true,true,false,ideological/2014/11-24,"PTB, PT DO B, SOLIDARIEDADE, PMN, PHS, PMDB, PSD, PSDB, PTN, PPL, PRTB, PROS, PRP, PR",3,SOLIDARIEDADE,RJ,220196,7673438,0.02869587269747928,2,46,0.043478260869565216,1.3200101440840468,1.1602910714083583,0.6799898559159532,0.15971907267568852,0.8397089285916417,0.6928057918334442,0.1342026231326193,0.8270084149660634,2608930//3836719,1569976010890//9829608853777,2151320//2561983,accounting attribution; not an independent causal effect
ideological/2014/11-24,ideological/2014/11-24,ideological/2014/11-24,ideological/2014/11-24,focal,ideological,all_parties,0,0,3,7,3,2014,Ideological 2014/PTB-PR,Ideological 2014/PTB-PR,,,,,,11,24,PTB,PR,true,endpoint-minimal,false,true,true,true,false,ideological/2014/11-24,"PTB, PT DO B, SOLIDARIEDADE, PMN, PHS, PMDB, PSD, PSDB, PTN, PPL, PRTB, PROS, PRP, PR",3,SOLIDARIEDADE,RN,23164,1580871,0.0146526819708882,0,8,0.0,0.1172214557671056,0.12205935792704323,-0.1172214557671056,-0.00483790215993763,-0.12205935792704323,0.6928057918334442,0.1342026231326193,0.8270084149660634,-185312//1580871,-19594300198//4050164627193,-312714//2561983,accounting attribution; not an independent causal effect
ideological/2014/11-24,ideological/2014/11-24,ideological/2014/11-24,ideological/2014/11-24,focal,ideological,all_parties,0,0,3,7,3,2014,Ideological 2014/PTB-PR,Ideological 2014/PTB-PR,,,,,,11,24,PTB,PR,true,endpoint-minimal,false,true,true,true,false,ideological/2014/11-24,"PTB, PT DO B, SOLIDARIEDADE, PMN, PHS, PMDB, PSD, PSDB, PTN, PPL, PRTB, PROS, PRP, PR",3,SOLIDARIEDADE,RO,26558,798475,0.033260903597482704,1,8,0.125,0.26608722877986163,0.13994355153800786,0.7339127712201384,0.12614367724185374,0.8600564484619921,0.6928057918334442,0.1342026231326193,0.8270084149660634,586011//798475,258049518937//2045679375925,2203450//2561983,accounting attribution; not an independent causal effect
ideological/2014/11-24,ideological/2014/11-24,ideological/2014/11-24,ideological/2014/11-24,focal,ideological,all_parties,0,0,3,7,3,2014,Ideological 2014/PTB-PR,Ideological 2014/PTB-PR,,,,,,11,24,PTB,PR,true,endpoint-minimal,false,true,true,true,false,ideological/2014/11-24,"PTB, PT DO B, SOLIDARIEDADE, PMN, PHS, PMDB, PSD, PSDB, PTN, PPL, PRTB, PROS, PRP, PR",3,SOLIDARIEDADE,RR,149,238099,0.0006257901125162222,0,8,0.0,0.005006320900129778,0.0007851340153310931,-0.005006320900129778,0.004221186884798685,-0.0007851340153310931,0.6928057918334442,0.1342026231326193,0.8270084149660634,-1192//238099,5149895195//1220011180634,-4023//5123966,accounting attribution; not an independent causal effect
ideological/2014/11-24,ideological/2014/11-24,ideological/2014/11-24,ideological/2014/11-24,focal,ideological,all_parties,0,0,3,7,3,2014,Ideological 2014/PTB-PR,Ideological 2014/PTB-PR,,,,,,11,24,PTB,PR,true,endpoint-minimal,false,true,true,true,false,ideological/2014/11-24,"PTB, PT DO B, SOLIDARIEDADE, PMN, PHS, PMDB, PSD, PSDB, PTN, PPL, PRTB, PROS, PRP, PR",3,SOLIDARIEDADE,RS,48467,5942063,0.008156594771883099,0,31,0.0,0.25285443792837603,0.25538986792652413,-0.25285443792837603,-0.0025354299981480487,-0.25538986792652413,0.6928057918334442,0.1342026231326193,0.8270084149660634,-1502477//5942063,-77196056585//30446928781858,-1308609//5123966,accounting attribution; not an independent causal effect
ideological/2014/11-24,ideological/2014/11-24,ideological/2014/11-24,ideological/2014/11-24,focal,ideological,all_parties,0,0,3,7,3,2014,Ideological 2014/PTB-PR,Ideological 2014/PTB-PR,,,,,,11,24,PTB,PR,true,endpoint-minimal,false,true,true,true,false,ideological/2014/11-24,"PTB, PT DO B, SOLIDARIEDADE, PMN, PHS, PMDB, PSD, PSDB, PTN, PPL, PRTB, PROS, PRP, PR",3,SOLIDARIEDADE,SC,42111,3391619,0.012416194153883441,0,16,0.0,0.19865910646213505,0.22189784241347424,-0.19865910646213505,-0.023238735951339205,-0.22189784241347424,0.6928057918334442,0.1342026231326193,0.8270084149660634,-673776//3391619,-403855312527//17378540440954,-1136997//5123966,accounting attribution; not an independent causal effect
ideological/2014/11-24,ideological/2014/11-24,ideological/2014/11-24,ideological/2014/11-24,focal,ideological,all_parties,0,0,3,7,3,2014,Ideological 2014/PTB-PR,Ideological 2014/PTB-PR,,,,,,11,24,PTB,PR,true,endpoint-minimal,false,true,true,true,false,ideological/2014/11-24,"PTB, PT DO B, SOLIDARIEDADE, PMN, PHS, PMDB, PSD, PSDB, PTN, PPL, PRTB, PROS, PRP, PR",3,SOLIDARIEDADE,SE,85612,1052826,0.08131638086445434,1,8,0.125,0.6505310469156347,0.4511200893995003,0.3494689530843653,0.19941095751613439,0.5488799106004997,0.6928057918334442,0.1342026231326193,0.8270084149660634,183965//526413,268937812678//1348661156979,1406221//2561983,accounting attribution; not an independent causal effect
ideological/2014/11-24,ideological/2014/11-24,ideological/2014/11-24,ideological/2014/11-24,focal,ideological,all_parties,0,0,3,7,3,2014,Ideological 2014/PTB-PR,Ideological 2014/PTB-PR,,,,,,11,24,PTB,PR,true,endpoint-minimal,false,true,true,true,false,ideological/2014/11-24,"PTB, PT DO B, SOLIDARIEDADE, PMN, PHS, PMDB, PSD, PSDB, PTN, PPL, PRTB, PROS, PRP, PR",3,SOLIDARIEDADE,SP,501003,21266194,0.023558658404037883,1,70,0.014285714285714285,1.6491060882826518,2.6399630676706285,-0.6491060882826518,-0.9908569793879768,-1.6399630676706285,0.6928057918334442,0.1342026231326193,0.8270084149660634,-6902008//10633097,-53985482573427//54483627502702,-8403115//5123966,accounting attribution; not an independent causal effect
ideological/2014/11-24,ideological/2014/11-24,ideological/2014/11-24,ideological/2014/11-24,focal,ideological,all_parties,0,0,3,7,3,2014,Ideological 2014/PTB-PR,Ideological 2014/PTB-PR,,,,,,11,24,PTB,PR,true,endpoint-minimal,false,true,true,true,false,ideological/2014/11-24,"PTB, PT DO B, SOLIDARIEDADE, PMN, PHS, PMDB, PSD, PSDB, PTN, PPL, PRTB, PROS, PRP, PR",3,SOLIDARIEDADE,TO,23582,733225,0.032162023935354084,0,8,0.0,0.25729619148283267,0.12426194865461637,-0.25729619148283267,0.13303424282821633,-0.12426194865461637,0.6928057918334442,0.1342026231326193,0.8270084149660634,-188656//733225,249906153523//1878509985175,-318357//2561983,accounting attribution; not an independent causal effect
ideological/2014/11-24,ideological/2014/11-24,ideological/2014/11-24,ideological/2014/11-24,focal,ideological,all_parties,0,0,3,7,3,2014,Ideological 2014/PTB-PR,Ideological 2014/PTB-PR,,,,,,11,24,PTB,PR,true,endpoint-minimal,false,true,true,true,false,ideological/2014/11-24,"PTB, PT DO B, SOLIDARIEDADE, PMN, PHS, PMDB, PSD, PSDB, PTN, PPL, PRTB, PROS, PRP, PR",4,PMN,AC,1346,399201,0.003371735040743886,0,8,0.0,0.026973880325951088,0.007092552917017794,-0.026973880325951088,0.019881327408933294,-0.007092552917017794,0.1733140509435868,0.3581350258067273,0.5314490767503142,-10768//399201,20333551573//1022746175583,-18171//2561983,accounting attribution; not an independent causal effect
ideological/2014/11-24,ideological/2014/11-24,ideological/2014/11-24,ideological/2014/11-24,focal,ideological,all_parties,0,0,3,7,3,2014,Ideological 2014/PTB-PR,Ideological 2014/PTB-PR,,,,,,11,24,PTB,PR,true,endpoint-minimal,false,true,true,true,false,ideological/2014/11-24,"PTB, PT DO B, SOLIDARIEDADE, PMN, PHS, PMDB, PSD, PSDB, PTN, PPL, PRTB, PROS, PRP, PR",4,PMN,AL,8657,1384584,0.0062524194992864286,0,9,0.0,0.056271775493577855,0.04561681322631727,-0.056271775493577855,0.010654962267260584,-0.04561681322631727,0.1733140509435868,0.3581350258067273,0.5314490767503142,-25971//461528,12598713897//1182426890024,-233739//5123966,accounting attribution; not an independent causal effect
ideological/2014/11-24,ideological/2014/11-24,ideological/2014/11-24,ideological/2014/11-24,focal,ideological,all_parties,0,0,3,7,3,2014,Ideological 2014/PTB-PR,Ideological 2014/PTB-PR,,,,,,11,24,PTB,PR,true,endpoint-minimal,false,true,true,true,false,ideological/2014/11-24,"PTB, PT DO B, SOLIDARIEDADE, PMN, PHS, PMDB, PSD, PSDB, PTN, PPL, PRTB, PROS, PRP, PR",4,PMN,AM,3835,1658407,0.0023124600897125977,0,8,0.0,0.01849968071770078,0.020207979522112365,-0.01849968071770078,-0.0017082988044115823,-0.020207979522112365,0.1733140509435868,0.3581350258067273,0.5314490767503142,-30680//1658407,-14516475935//8497621082162,-103545//5123966,accounting attribution; not an independent causal effect
ideological/2014/11-24,ideological/2014/11-24,ideological/2014/11-24,ideological/2014/11-24,focal,ideological,all_parties,0,0,3,7,3,2014,Ideological 2014/PTB-PR,Ideological 2014/PTB-PR,,,,,,11,24,PTB,PR,true,endpoint-minimal,false,true,true,true,false,ideological/2014/11-24,"PTB, PT DO B, SOLIDARIEDADE, PMN, PHS, PMDB, PSD, PSDB, PTN, PPL, PRTB, PROS, PRP, PR",4,PMN,AP,82,386084,0.00021238901378974523,0,8,0.0,0.0016991121103179618,0.0004320871762224808,-0.0016991121103179618,0.0012670249340954811,-0.0004320871762224808,0.1733140509435868,0.3581350258067273,0.5314490767503142,-164//96521,313316465//247285161143,-1107//2561983,accounting attribution; not an independent causal effect
ideological/2014/11-24,ideological/2014/11-24,ideological/2014/11-24,ideological/2014/11-24,focal,ideological,all_parties,0,0,3,7,3,2014,Ideological 2014/PTB-PR,Ideological 2014/PTB-PR,,,,,,11,24,PTB,PR,true,endpoint-minimal,false,true,true,true,false,ideological/2014/11-24,"PTB, PT DO B, SOLIDARIEDADE, PMN, PHS, PMDB, PSD, PSDB, PTN, PPL, PRTB, PROS, PRP, PR",4,PMN,BA,6918,6646541,0.0010408421463133982,0,39,0.0,0.04059284370622253,0.03645340347691612,-0.04059284370622253,0.004139440229306407,-0.03645340347691612,0.1733140509435868,0.3581350258067273,0.5314490767503142,-269802//6646541,70487733753//17028325050803,-93393//2561983,accounting attribution; not an independent causal effect
ideological/2014/11-24,ideological/2014/11-24,ideological/2014/11-24,ideological/2014/11-24,focal,ideological,all_parties,0,0,3,7,3,2014,Ideological 2014/PTB-PR,Ideological 2014/PTB-PR,,,,,,11,24,PTB,PR,true,endpoint-minimal,false,true,true,true,false,ideological/2014/11-24,"PTB, PT DO B, SOLIDARIEDADE, PMN, PHS, PMDB, PSD, PSDB, PTN, PPL, PRTB, PROS, PRP, PR",4,PMN,CE,16242,4367020,0.0037192410385113875,0,22,0.0,0.08182330284725053,0.08558487702689674,-0.08182330284725053,-0.003761574179646216,-0.08558487702689674,0.1733140509435868,0.3581350258067273,0.5314490767503142,-89331//1091755,-10521340212//2797057750165,-219267//2561983,accounting attribution; not an independent causal effect
ideological/2014/11-24,ideological/2014/11-24,ideological/2014/11-24,ideological/2014/11-24,focal,ideological,all_parties,0,0,3,7,3,2014,Ideological 2014/PTB-PR,Ideological 2014/PTB-PR,,,,,,11,24,PTB,PR,true,endpoint-minimal,false,true,true,true,false,ideological/2014/11-24,"PTB, PT DO B, SOLIDARIEDADE, PMN, PHS, PMDB, PSD, PSDB, PTN, PPL, PRTB, PROS, PRP, PR",4,PMN,DF,30281,1454063,0.020825094923672495,0,8,0.0,0.16660075938937996,0.15956136320967002,-0.16660075938937996,0.007039396179709955,-0.15956136320967002,0.1733140509435868,0.3581350258067273,0.5314490767503142,-242248//1454063,52447509587//7450569373858,-817587//5123966,accounting attribution; not an independent causal effect
ideological/2014/11-24,ideological/2014/11-24,ideological/2014/11-24,ideological/2014/11-24,focal,ideological,all_parties,0,0,3,7,3,2014,Ideological 2014/PTB-PR,Ideological 2014/PTB-PR,,,,,,11,24,PTB,PR,true,endpoint-minimal,false,true,true,true,false,ideological/2014/11-24,"PTB, PT DO B, SOLIDARIEDADE, PMN, PHS, PMDB, PSD, PSDB, PTN, PPL, PRTB, PROS, PRP, PR",4,PMN,ES,1650,1794470,0.0009194915490367629,0,10,0.0,0.00919491549036763,0.008694437082525527,-0.00919491549036763,0.0005004784078421014,-0.008694437082525527,0.1733140509435868,0.3581350258067273,0.5314490767503142,-1650//179447,230090025//459740163401,-22275//2561983,accounting attribution; not an independent causal effect
ideological/2014/11-24,ideological/2014/11-24,ideological/2014/11-24,ideological/2014/11-24,focal,ideological,all_parties,0,0,3,7,3,2014,Ideological 2014/PTB-PR,Ideological 2014/PTB-PR,,,,,,11,24,PTB,PR,true,endpoint-minimal,false,true,true,true,false,ideological/2014/11-24,"PTB, PT DO B, SOLIDARIEDADE, PMN, PHS, PMDB, PSD, PSDB, PTN, PPL, PRTB, PROS, PRP, PR",4,PMN,GO,0,3032760,0.0,0,17,0.0,0.0,0.0,0.0,0.0,0.0,0.1733140509435868,0.3581350258067273,0.5314490767503142,0//1,0//1,0//1,accounting attribution; not an independent causal effect
ideological/2014/11-24,ideological/2014/11-24,ideological/2014/11-24,ideological/2014/11-24,focal,ideological,all_parties,0,0,3,7,3,2014,Ideological 2014/PTB-PR,Ideological 2014/PTB-PR,,,,,,11,24,PTB,PR,true,endpoint-minimal,false,true,true,true,false,ideological/2014/11-24,"PTB, PT DO B, SOLIDARIEDADE, PMN, PHS, PMDB, PSD, PSDB, PTN, PPL, PRTB, PROS, PRP, PR",4,PMN,MA,44459,3130492,0.014201920975999939,0,18,0.0,0.2556345775679989,0.23427028984969844,-0.2556345775679989,0.02136428771830044,-0.23427028984969844,0.1733140509435868,0.3581350258067273,0.5314490767503142,-400131//1565246,42836824467//2005066821409,-1200393//5123966,accounting attribution; not an independent causal effect
ideological/2014/11-24,ideological/2014/11-24,ideological/2014/11-24,ideological/2014/11-24,focal,ideological,all_parties,0,0,3,7,3,2014,Ideological 2014/PTB-PR,Ideological 2014/PTB-PR,,,,,,11,24,PTB,PR,true,endpoint-minimal,false,true,true,true,false,ideological/2014/11-24,"PTB, PT DO B, SOLIDARIEDADE, PMN, PHS, PMDB, PSD, PSDB, PTN, PPL, PRTB, PROS, PRP, PR",4,PMN,MG,152518,10118666,0.015072935503553531,1,53,0.018867924528301886,0.7988655816883372,0.803671609062199,0.20113441831166282,-0.004806027373861908,0.1963283909378009,0.1733140509435868,0.3581350258067273,0.5314490767503142,1017606//5059333,-62295367028//12961925137339,502990//2561983,accounting attribution; not an independent causal effect
ideological/2014/11-24,ideological/2014/11-24,ideological/2014/11-24,ideological/2014/11-24,focal,ideological,all_parties,0,0,3,7,3,2014,Ideological 2014/PTB-PR,Ideological 2014/PTB-PR,,,,,,11,24,PTB,PR,true,endpoint-minimal,false,true,true,true,false,ideological/2014/11-24,"PTB, PT DO B, SOLIDARIEDADE, PMN, PHS, PMDB, PSD, PSDB, PTN, PPL, PRTB, PROS, PRP, PR",4,PMN,MS,3093,1276893,0.00242228597071172,0,8,0.0,0.01937828776569376,0.01629811751287967,-0.01937828776569376,0.0030801702528140866,-0.01629811751287967,0.1733140509435868,0.3581350258067273,0.5314490767503142,-8248//425631,6717601127//2180918772546,-83511//5123966,accounting attribution; not an independent causal effect
ideological/2014/11-24,ideological/2014/11-24,ideological/2014/11-24,ideological/2014/11-24,focal,ideological,all_parties,0,0,3,7,3,2014,Ideological 2014/PTB-PR,Ideological 2014/PTB-PR,,,,,,11,24,PTB,PR,true,endpoint-minimal,false,true,true,true,false,ideological/2014/11-24,"PTB, PT DO B, SOLIDARIEDADE, PMN, PHS, PMDB, PSD, PSDB, PTN, PPL, PRTB, PROS, PRP, PR",4,PMN,MT,6269,1454612,0.004309740329379931,0,8,0.0,0.034477922635039446,0.03303359155778941,-0.034477922635039446,0.0014443310772500315,-0.03303359155778941,0.1733140509435868,0.3581350258067273,0.5314490767503142,-12538//363653,2691287969//1863345607798,-169263//5123966,accounting attribution; not an independent causal effect
ideological/2014/11-24,ideological/2014/11-24,ideological/2014/11-24,ideological/2014/11-24,focal,ideological,all_parties,0,0,3,7,3,2014,Ideological 2014/PTB-PR,Ideological 2014/PTB-PR,,,,,,11,24,PTB,PR,true,endpoint-minimal,false,true,true,true,false,ideological/2014/11-24,"PTB, PT DO B, SOLIDARIEDADE, PMN, PHS, PMDB, PSD, PSDB, PTN, PPL, PRTB, PROS, PRP, PR",4,PMN,PA,8233,3756049,0.002191930935938269,0,17,0.0,0.03726282591095058,0.04338260636389859,-0.03726282591095058,-0.006119780452948013,-0.04338260636389859,0.1733140509435868,0.3581350258067273,0.5314490767503142,-139961//3756049,-117780482933//19245867370334,-222291//5123966,accounting attribution; not an independent causal effect
ideological/2014/11-24,ideological/2014/11-24,ideological/2014/11-24,ideological/2014/11-24,focal,ideological,all_parties,0,0,3,7,3,2014,Ideological 2014/PTB-PR,Ideological 2014/PTB-PR,,,,,,11,24,PTB,PR,true,endpoint-minimal,false,true,true,true,false,ideological/2014/11-24,"PTB, PT DO B, SOLIDARIEDADE, PMN, PHS, PMDB, PSD, PSDB, PTN, PPL, PRTB, PROS, PRP, PR",4,PMN,PB,4773,1936819,0.002464350050262828,0,12,0.0,0.029572200603153933,0.025150635269632935,-0.029572200603153933,0.004421565333520998,-0.025150635269632935,0.1733140509435868,0.3581350258067273,0.5314490767503142,-57276//1936819,1020476169//230795225678,-2997//119162,accounting attribution; not an independent causal effect
ideological/2014/11-24,ideological/2014/11-24,ideological/2014/11-24,ideological/2014/11-24,focal,ideological,all_parties,0,0,3,7,3,2014,Ideological 2014/PTB-PR,Ideological 2014/PTB-PR,,,,,,11,24,PTB,PR,true,endpoint-minimal,false,true,true,true,false,ideological/2014/11-24,"PTB, PT DO B, SOLIDARIEDADE, PMN, PHS, PMDB, PSD, PSDB, PTN, PPL, PRTB, PROS, PRP, PR",4,PMN,PE,8064,4483227,0.0017987043707579384,0,25,0.0,0.04496760926894846,0.04249208523241567,-0.04496760926894846,0.0024755240365327887,-0.04249208523241567,0.1733140509435868,0.3581350258067273,0.5314490767503142,-9600//213487,1353988032//546950064721,-108864//2561983,accounting attribution; not an independent causal effect
ideological/2014/11-24,ideological/2014/11-24,ideological/2014/11-24,ideological/2014/11-24,focal,ideological,all_parties,0,0,3,7,3,2014,Ideological 2014/PTB-PR,Ideological 2014/PTB-PR,,,,,,11,24,PTB,PR,true,endpoint-minimal,false,true,true,true,false,ideological/2014/11-24,"PTB, PT DO B, SOLIDARIEDADE, PMN, PHS, PMDB, PSD, PSDB, PTN, PPL, PRTB, PROS, PRP, PR",4,PMN,PI,1237,1733434,0.0007136124017412834,0,10,0.0,0.007136124017412835,0.00651819313399035,-0.007136124017412835,0.0006179308834224844,-0.00651819313399035,0.1733140509435868,0.3581350258067273,0.5314490767503142,-6185//866717,2744248627//4441028439622,-33399//5123966,accounting attribution; not an independent causal effect
ideological/2014/11-24,ideological/2014/11-24,ideological/2014/11-24,ideological/2014/11-24,focal,ideological,all_parties,0,0,3,7,3,2014,Ideological 2014/PTB-PR,Ideological 2014/PTB-PR,,,,,,11,24,PTB,PR,true,endpoint-minimal,false,true,true,true,false,ideological/2014/11-24,"PTB, PT DO B, SOLIDARIEDADE, PMN, PHS, PMDB, PSD, PSDB, PTN, PPL, PRTB, PROS, PRP, PR",4,PMN,PR,4312,5665222,0.0007611352211793289,0,30,0.0,0.022834056635379865,0.02272146224233338,-0.022834056635379865,0.0001125943930464868,-0.02272146224233338,0.1733140509435868,0.3581350258067273,0.5314490767503142,-64680//2832611,817108908//7257101227613,-58212//2561983,accounting attribution; not an independent causal effect
ideological/2014/11-24,ideological/2014/11-24,ideological/2014/11-24,ideological/2014/11-24,focal,ideological,all_parties,0,0,3,7,3,2014,Ideological 2014/PTB-PR,Ideological 2014/PTB-PR,,,,,,11,24,PTB,PR,true,endpoint-minimal,false,true,true,true,false,ideological/2014/11-24,"PTB, PT DO B, SOLIDARIEDADE, PMN, PHS, PMDB, PSD, PSDB, PTN, PPL, PRTB, PROS, PRP, PR",4,PMN,RJ,31456,7673438,0.004099335916964469,0,46,0.0,0.18856945218036555,0.1657528562835897,-0.18856945218036555,0.022816595896775864,-0.1657528562835897,0.1733140509435868,0.3581350258067273,0.5314490767503142,-723488//3836719,224278213040//9829608853777,-424656//2561983,accounting attribution; not an independent causal effect
ideological/2014/11-24,ideological/2014/11-24,ideological/2014/11-24,ideological/2014/11-24,focal,ideological,all_parties,0,0,3,7,3,2014,Ideological 2014/PTB-PR,Ideological 2014/PTB-PR,,,,,,11,24,PTB,PR,true,endpoint-minimal,false,true,true,true,false,ideological/2014/11-24,"PTB, PT DO B, SOLIDARIEDADE, PMN, PHS, PMDB, PSD, PSDB, PTN, PPL, PRTB, PROS, PRP, PR",4,PMN,RN,73531,1580871,0.04651296658614144,1,8,0.125,0.3721037326891315,0.38746100188799065,0.6278962673108685,-0.015357269198859172,0.6125389981120093,0.1733140509435868,0.3581350258067273,0.5314490767503142,992623//1580871,-124398936959//8100329254386,3138629//5123966,accounting attribution; not an independent causal effect
ideological/2014/11-24,ideological/2014/11-24,ideological/2014/11-24,ideological/2014/11-24,focal,ideological,all_parties,0,0,3,7,3,2014,Ideological 2014/PTB-PR,Ideological 2014/PTB-PR,,,,,,11,24,PTB,PR,true,endpoint-minimal,false,true,true,true,false,ideological/2014/11-24,"PTB, PT DO B, SOLIDARIEDADE, PMN, PHS, PMDB, PSD, PSDB, PTN, PPL, PRTB, PROS, PRP, PR",4,PMN,RO,997,798475,0.0012486302013212686,0,8,0.0,0.009989041610570149,0.005253547740168455,-0.009989041610570149,0.004735493870401694,-0.005253547740168455,0.1733140509435868,0.3581350258067273,0.5314490767503142,-7976//798475,19374604291//4091358751850,-26919//5123966,accounting attribution; not an independent causal effect
ideological/2014/11-24,ideological/2014/11-24,ideological/2014/11-24,ideological/2014/11-24,focal,ideological,all_parties,0,0,3,7,3,2014,Ideological 2014/PTB-PR,Ideological 2014/PTB-PR,,,,,,11,24,PTB,PR,true,endpoint-minimal,false,true,true,true,false,ideological/2014/11-24,"PTB, PT DO B, SOLIDARIEDADE, PMN, PHS, PMDB, PSD, PSDB, PTN, PPL, PRTB, PROS, PRP, PR",4,PMN,RR,11978,238099,0.05030680515247859,1,8,0.125,0.4024544412198287,0.06311634386332775,0.5975455587801712,0.339338097356501,0.9368836561366722,0.1733140509435868,0.3581350258067273,0.5314490767503142,142275//238099,206998136395//610005590317,2400280//2561983,accounting attribution; not an independent causal effect
ideological/2014/11-24,ideological/2014/11-24,ideological/2014/11-24,ideological/2014/11-24,focal,ideological,all_parties,0,0,3,7,3,2014,Ideological 2014/PTB-PR,Ideological 2014/PTB-PR,,,,,,11,24,PTB,PR,true,endpoint-minimal,false,true,true,true,false,ideological/2014/11-24,"PTB, PT DO B, SOLIDARIEDADE, PMN, PHS, PMDB, PSD, PSDB, PTN, PPL, PRTB, PROS, PRP, PR",4,PMN,RS,3507,5942063,0.0005901990604946464,0,31,0.0,0.01829617087533404,0.01847963081722244,-0.01829617087533404,-0.00018345994188840255,-0.01847963081722244,0.1733140509435868,0.3581350258067273,0.5314490767503142,-108717//5942063,-5585791785//30446928781858,-94689//5123966,accounting attribution; not an independent causal effect
ideological/2014/11-24,ideological/2014/11-24,ideological/2014/11-24,ideological/2014/11-24,focal,ideological,all_parties,0,0,3,7,3,2014,Ideological 2014/PTB-PR,Ideological 2014/PTB-PR,,,,,,11,24,PTB,PR,true,endpoint-minimal,false,true,true,true,false,ideological/2014/11-24,"PTB, PT DO B, SOLIDARIEDADE, PMN, PHS, PMDB, PSD, PSDB, PTN, PPL, PRTB, PROS, PRP, PR",4,PMN,SC,6233,3391619,0.0018377653857936283,0,16,0.0,0.029404246172698052,0.03284389474871613,-0.029404246172698052,-0.0034396485760180774,-0.03284389474871613,0.1733140509435868,0.3581350258067273,0.5314490767503142,-99728//3391619,-59776071881//17378540440954,-168291//5123966,accounting attribution; not an independent causal effect
ideological/2014/11-24,ideological/2014/11-24,ideological/2014/11-24,ideological/2014/11-24,focal,ideological,all_parties,0,0,3,7,3,2014,Ideological 2014/PTB-PR,Ideological 2014/PTB-PR,,,,,,11,24,PTB,PR,true,endpoint-minimal,false,true,true,true,false,ideological/2014/11-24,"PTB, PT DO B, SOLIDARIEDADE, PMN, PHS, PMDB, PSD, PSDB, PTN, PPL, PRTB, PROS, PRP, PR",4,PMN,SE,3646,1052826,0.003463060372749153,0,8,0.0,0.027704482981993225,0.019212071274477622,-0.027704482981993225,0.008492411707515605,-0.019212071274477622,0.1733140509435868,0.3581350258067273,0.5314490767503142,-14584//526413,11453385799//1348661156979,-49221//2561983,accounting attribution; not an independent causal effect
ideological/2014/11-24,ideological/2014/11-24,ideological/2014/11-24,ideological/2014/11-24,focal,ideological,all_parties,0,0,3,7,3,2014,Ideological 2014/PTB-PR,Ideological 2014/PTB-PR,,,,,,11,24,PTB,PR,true,endpoint-minimal,false,true,true,true,false,ideological/2014/11-24,"PTB, PT DO B, SOLIDARIEDADE, PMN, PHS, PMDB, PSD, PSDB, PTN, PPL, PRTB, PROS, PRP, PR",4,PMN,SP,33757,21266194,0.001587355029301435,0,70,0.0,0.11111485205110044,0.17787764399685713,-0.11111485205110044,-0.06676279194575667,-0.17787764399685713,0.1733140509435868,0.3581350258067273,0.5314490767503142,-1181495//10633097,-3637479087413//54483627502702,-911439//5123966,accounting attribution; not an independent causal effect
ideological/2014/11-24,ideological/2014/11-24,ideological/2014/11-24,ideological/2014/11-24,focal,ideological,all_parties,0,0,3,7,3,2014,Ideological 2014/PTB-PR,Ideological 2014/PTB-PR,,,,,,11,24,PTB,PR,true,endpoint-minimal,false,true,true,true,false,ideological/2014/11-24,"PTB, PT DO B, SOLIDARIEDADE, PMN, PHS, PMDB, PSD, PSDB, PTN, PPL, PRTB, PROS, PRP, PR",4,PMN,TO,1399,733225,0.001908009137713526,0,8,0.0,0.015264073101708207,0.0073718287748201295,-0.015264073101708207,0.007892244326888077,-0.0073718287748201295,0.1733140509435868,0.3581350258067273,0.5314490767503142,-11192//733225,29651319547//3757019970350,-37773//5123966,accounting attribution; not an independent causal effect
ideological/2014/11-24,ideological/2014/11-24,ideological/2014/11-24,ideological/2014/11-24,focal,ideological,all_parties,0,0,3,7,3,2014,Ideological 2014/PTB-PR,Ideological 2014/PTB-PR,,,,,,11,24,PTB,PR,true,endpoint-minimal,false,true,true,true,false,ideological/2014/11-24,"PTB, PT DO B, SOLIDARIEDADE, PMN, PHS, PMDB, PSD, PSDB, PTN, PPL, PRTB, PROS, PRP, PR",5,PHS,AC,6160,399201,0.015430823069080488,0,8,0.0,0.1234465845526439,0.032459231774761975,-0.1234465845526439,0.09098735277788193,-0.032459231774761975,-0.09207556833931149,0.12271472558586621,0.030639157246554718,-4480//36291,8459724280//92976925053,-83160//2561983,accounting attribution; not an independent causal effect
ideological/2014/11-24,ideological/2014/11-24,ideological/2014/11-24,ideological/2014/11-24,focal,ideological,all_parties,0,0,3,7,3,2014,Ideological 2014/PTB-PR,Ideological 2014/PTB-PR,,,,,,11,24,PTB,PR,true,endpoint-minimal,false,true,true,true,false,ideological/2014/11-24,"PTB, PT DO B, SOLIDARIEDADE, PMN, PHS, PMDB, PSD, PSDB, PTN, PPL, PRTB, PROS, PRP, PR",5,PHS,AL,2237,1384584,0.0016156477324597135,0,9,0.0,0.014540829592137422,0.01178754894158158,-0.014540829592137422,0.002753280650555842,-0.01178754894158158,-0.09207556833931149,0.12271472558586621,0.030639157246554718,-6711//461528,3255553077//1182426890024,-60399//5123966,accounting attribution; not an independent causal effect
ideological/2014/11-24,ideological/2014/11-24,ideological/2014/11-24,ideological/2014/11-24,focal,ideological,all_parties,0,0,3,7,3,2014,Ideological 2014/PTB-PR,Ideological 2014/PTB-PR,,,,,,11,24,PTB,PR,true,endpoint-minimal,false,true,true,true,false,ideological/2014/11-24,"PTB, PT DO B, SOLIDARIEDADE, PMN, PHS, PMDB, PSD, PSDB, PTN, PPL, PRTB, PROS, PRP, PR",5,PHS,AM,19680,1658407,0.011866809534692027,0,8,0.0,0.09493447627753622,0.10370092229339539,-0.09493447627753622,-0.008766446015859176,-0.10370092229339539,-0.09207556833931149,0.12271472558586621,0.030639157246554718,-157440//1658407,-37246968240//4248810541081,-265680//2561983,accounting attribution; not an independent causal effect
ideological/2014/11-24,ideological/2014/11-24,ideological/2014/11-24,ideological/2014/11-24,focal,ideological,all_parties,0,0,3,7,3,2014,Ideological 2014/PTB-PR,Ideological 2014/PTB-PR,,,,,,11,24,PTB,PR,true,endpoint-minimal,false,true,true,true,false,ideological/2014/11-24,"PTB, PT DO B, SOLIDARIEDADE, PMN, PHS, PMDB, PSD, PSDB, PTN, PPL, PRTB, PROS, PRP, PR",5,PHS,AP,667,386084,0.001727603319484879,0,8,0.0,0.013820826555879032,0.0035146603236633498,-0.013820826555879032,0.010306166232215681,-0.0035146603236633498,-0.09207556833931149,0.12271472558586621,0.030639157246554718,-1334//96521,5097123955//494570322286,-18009//5123966,accounting attribution; not an independent causal effect
ideological/2014/11-24,ideological/2014/11-24,ideological/2014/11-24,ideological/2014/11-24,focal,ideological,all_parties,0,0,3,7,3,2014,Ideological 2014/PTB-PR,Ideological 2014/PTB-PR,,,,,,11,24,PTB,PR,true,endpoint-minimal,false,true,true,true,false,ideological/2014/11-24,"PTB, PT DO B, SOLIDARIEDADE, PMN, PHS, PMDB, PSD, PSDB, PTN, PPL, PRTB, PROS, PRP, PR",5,PHS,BA,0,6646541,0.0,0,39,0.0,0.0,0.0,0.0,0.0,0.0,-0.09207556833931149,0.12271472558586621,0.030639157246554718,0//1,0//1,0//1,accounting attribution; not an independent causal effect
ideological/2014/11-24,ideological/2014/11-24,ideological/2014/11-24,ideological/2014/11-24,focal,ideological,all_parties,0,0,3,7,3,2014,Ideological 2014/PTB-PR,Ideological 2014/PTB-PR,,,,,,11,24,PTB,PR,true,endpoint-minimal,false,true,true,true,false,ideological/2014/11-24,"PTB, PT DO B, SOLIDARIEDADE, PMN, PHS, PMDB, PSD, PSDB, PTN, PPL, PRTB, PROS, PRP, PR",5,PHS,CE,118789,4367020,0.027201386758018052,1,22,0.045454545454545456,0.5984305086763971,0.6259415070279545,0.4015694913236028,-0.02751099835155734,0.37405849297204546,-0.09207556833931149,0.12271472558586621,0.030639157246554718,876831//2183510,-76949851154//2797057750165,1916663//5123966,accounting attribution; not an independent causal effect
ideological/2014/11-24,ideological/2014/11-24,ideological/2014/11-24,ideological/2014/11-24,focal,ideological,all_parties,0,0,3,7,3,2014,Ideological 2014/PTB-PR,Ideological 2014/PTB-PR,,,,,,11,24,PTB,PR,true,endpoint-minimal,false,true,true,true,false,ideological/2014/11-24,"PTB, PT DO B, SOLIDARIEDADE, PMN, PHS, PMDB, PSD, PSDB, PTN, PPL, PRTB, PROS, PRP, PR",5,PHS,DF,7375,1454063,0.005071994817280957,0,8,0.0,0.04057595853824766,0.038861499080985316,-0.04057595853824766,0.0017144594572623402,-0.038861499080985316,-0.09207556833931149,0.12271472558586621,0.030639157246554718,-59000//1454063,12773699125//7450569373858,-199125//5123966,accounting attribution; not an independent causal effect
ideological/2014/11-24,ideological/2014/11-24,ideological/2014/11-24,ideological/2014/11-24,focal,ideological,all_parties,0,0,3,7,3,2014,Ideological 2014/PTB-PR,Ideological 2014/PTB-PR,,,,,,11,24,PTB,PR,true,endpoint-minimal,false,true,true,true,false,ideological/2014/11-24,"PTB, PT DO B, SOLIDARIEDADE, PMN, PHS, PMDB, PSD, PSDB, PTN, PPL, PRTB, PROS, PRP, PR",5,PHS,ES,16982,1794470,0.00946351847620746,0,10,0.0,0.0946351847620746,0.08948420032451425,-0.0946351847620746,0.005150984437560343,-0.08948420032451425,-0.09207556833931149,0.12271472558586621,0.030639157246554718,-16982//179447,2368114427//459740163401,-229257//2561983,accounting attribution; not an independent causal effect
ideological/2014/11-24,ideological/2014/11-24,ideological/2014/11-24,ideological/2014/11-24,focal,ideological,all_parties,0,0,3,7,3,2014,Ideological 2014/PTB-PR,Ideological 2014/PTB-PR,,,,,,11,24,PTB,PR,true,endpoint-minimal,false,true,true,true,false,ideological/2014/11-24,"PTB, PT DO B, SOLIDARIEDADE, PMN, PHS, PMDB, PSD, PSDB, PTN, PPL, PRTB, PROS, PRP, PR",5,PHS,GO,0,3032760,0.0,0,17,0.0,0.0,0.0,0.0,0.0,0.0,-0.09207556833931149,0.12271472558586621,0.030639157246554718,0//1,0//1,0//1,accounting attribution; not an independent causal effect
ideological/2014/11-24,ideological/2014/11-24,ideological/2014/11-24,ideological/2014/11-24,focal,ideological,all_parties,0,0,3,7,3,2014,Ideological 2014/PTB-PR,Ideological 2014/PTB-PR,,,,,,11,24,PTB,PR,true,endpoint-minimal,false,true,true,true,false,ideological/2014/11-24,"PTB, PT DO B, SOLIDARIEDADE, PMN, PHS, PMDB, PSD, PSDB, PTN, PPL, PRTB, PROS, PRP, PR",5,PHS,MA,15424,3130492,0.004927021056115141,0,18,0.0,0.08868637901007254,0.08127454397628711,-0.08868637901007254,0.00741183503378542,-0.08127454397628711,-0.09207556833931149,0.12271472558586621,0.030639157246554718,-69408//782623,14861224512//2005066821409,-208224//2561983,accounting attribution; not an independent causal effect
ideological/2014/11-24,ideological/2014/11-24,ideological/2014/11-24,ideological/2014/11-24,focal,ideological,all_parties,0,0,3,7,3,2014,Ideological 2014/PTB-PR,Ideological 2014/PTB-PR,,,,,,11,24,PTB,PR,true,endpoint-minimal,false,true,true,true,false,ideological/2014/11-24,"PTB, PT DO B, SOLIDARIEDADE, PMN, PHS, PMDB, PSD, PSDB, PTN, PPL, PRTB, PROS, PRP, PR",5,PHS,MG,201122,10118666,0.019876335477423606,1,53,0.018867924528301886,1.0534457803034512,1.0597833787343631,-0.05344578030345107,-0.006337598430912119,-0.059783378734363186,-0.09207556833931149,0.12271472558586621,0.030639157246554718,-270400//5059333,-82147476412//12961925137339,-153164//2561983,accounting attribution; not an independent causal effect
ideological/2014/11-24,ideological/2014/11-24,ideological/2014/11-24,ideological/2014/11-24,focal,ideological,all_parties,0,0,3,7,3,2014,Ideological 2014/PTB-PR,Ideological 2014/PTB-PR,,,,,,11,24,PTB,PR,true,endpoint-minimal,false,true,true,true,false,ideological/2014/11-24,"PTB, PT DO B, SOLIDARIEDADE, PMN, PHS, PMDB, PSD, PSDB, PTN, PPL, PRTB, PROS, PRP, PR",5,PHS,MS,8446,1276893,0.006614493148603681,0,8,0.0,0.05291594518882945,0.04450497915091552,-0.05291594518882945,0.008410966037913926,-0.04450497915091552,-0.09207556833931149,0.12271472558586621,0.030639157246554718,-67568//1276893,27515450591//3271378158819,-114021//2561983,accounting attribution; not an independent causal effect
ideological/2014/11-24,ideological/2014/11-24,ideological/2014/11-24,ideological/2014/11-24,focal,ideological,all_parties,0,0,3,7,3,2014,Ideological 2014/PTB-PR,Ideological 2014/PTB-PR,,,,,,11,24,PTB,PR,true,endpoint-minimal,false,true,true,true,false,ideological/2014/11-24,"PTB, PT DO B, SOLIDARIEDADE, PMN, PHS, PMDB, PSD, PSDB, PTN, PPL, PRTB, PROS, PRP, PR",5,PHS,MT,4078,1454612,0.002803496740024144,0,8,0.0,0.02242797392019315,0.021488432983357033,-0.02242797392019315,0.0009395409368361188,-0.021488432983357033,-0.09207556833931149,0.12271472558586621,0.030639157246554718,-8156//363653,875344739//931672803899,-55053//2561983,accounting attribution; not an independent causal effect
ideological/2014/11-24,ideological/2014/11-24,ideological/2014/11-24,ideological/2014/11-24,focal,ideological,all_parties,0,0,3,7,3,2014,Ideological 2014/PTB-PR,Ideological 2014/PTB-PR,,,,,,11,24,PTB,PR,true,endpoint-minimal,false,true,true,true,false,ideological/2014/11-24,"PTB, PT DO B, SOLIDARIEDADE, PMN, PHS, PMDB, PSD, PSDB, PTN, PPL, PRTB, PROS, PRP, PR",5,PHS,PA,5491,3756049,0.001461908510778214,0,17,0.0,0.024852444683229637,0.028934032739483438,-0.024852444683229637,-0.004081588056253801,-0.028934032739483438,-0.09207556833931149,0.12271472558586621,0.030639157246554718,-93347//3756049,-78553702391//19245867370334,-148257//5123966,accounting attribution; not an independent causal effect
ideological/2014/11-24,ideological/2014/11-24,ideological/2014/11-24,ideological/2014/11-24,focal,ideological,all_parties,0,0,3,7,3,2014,Ideological 2014/PTB-PR,Ideological 2014/PTB-PR,,,,,,11,24,PTB,PR,true,endpoint-minimal,false,true,true,true,false,ideological/2014/11-24,"PTB, PT DO B, SOLIDARIEDADE, PMN, PHS, PMDB, PSD, PSDB, PTN, PPL, PRTB, PROS, PRP, PR",5,PHS,PB,6680,1936819,0.003448954187252397,0,12,0.0,0.041387450247028765,0.03519929679470941,-0.041387450247028765,0.006188153452319351,-0.03519929679470941,-0.09207556833931149,0.12271472558586621,0.030639157246554718,-80160//1936819,30706219860//4962097352077,-90180//2561983,accounting attribution; not an independent causal effect
ideological/2014/11-24,ideological/2014/11-24,ideological/2014/11-24,ideological/2014/11-24,focal,ideological,all_parties,0,0,3,7,3,2014,Ideological 2014/PTB-PR,Ideological 2014/PTB-PR,,,,,,11,24,PTB,PR,true,endpoint-minimal,false,true,true,true,false,ideological/2014/11-24,"PTB, PT DO B, SOLIDARIEDADE, PMN, PHS, PMDB, PSD, PSDB, PTN, PPL, PRTB, PROS, PRP, PR",5,PHS,PE,80710,4483227,0.01800265746079777,1,25,0.04,0.4500664365199442,0.4252897072306881,0.5499335634800557,0.024776729289256123,0.5747102927693118,-0.09207556833931149,0.12271472558586621,0.030639157246554718,352211//640461,40654901065//1640850194163,1472398//2561983,accounting attribution; not an independent causal effect
ideological/2014/11-24,ideological/2014/11-24,ideological/2014/11-24,ideological/2014/11-24,focal,ideological,all_parties,0,0,3,7,3,2014,Ideological 2014/PTB-PR,Ideological 2014/PTB-PR,,,,,,11,24,PTB,PR,true,endpoint-minimal,false,true,true,true,false,ideological/2014/11-24,"PTB, PT DO B, SOLIDARIEDADE, PMN, PHS, PMDB, PSD, PSDB, PTN, PPL, PRTB, PROS, PRP, PR",5,PHS,PI,10243,1733434,0.005909079895744516,0,10,0.0,0.059090798957445165,0.05397401153715696,-0.059090798957445165,0.005116787420288204,-0.05397401153715696,-0.09207556833931149,0.12271472558586621,0.030639157246554718,-51215//866717,22723798453//4441028439622,-276561//5123966,accounting attribution; not an independent causal effect
ideological/2014/11-24,ideological/2014/11-24,ideological/2014/11-24,ideological/2014/11-24,focal,ideological,all_parties,0,0,3,7,3,2014,Ideological 2014/PTB-PR,Ideological 2014/PTB-PR,,,,,,11,24,PTB,PR,true,endpoint-minimal,false,true,true,true,false,ideological/2014/11-24,"PTB, PT DO B, SOLIDARIEDADE, PMN, PHS, PMDB, PSD, PSDB, PTN, PPL, PRTB, PROS, PRP, PR",5,PHS,PR,94179,5665222,0.016624061687256032,1,30,0.03333333333333333,0.498721850617681,0.49626266060313434,0.501278149382319,0.002459190014546633,0.5037373393968656,-0.09207556833931149,0.12271472558586621,0.030639157246554718,1419926//2832611,35693181747//14514202455226,2581133//5123966,accounting attribution; not an independent causal effect
ideological/2014/11-24,ideological/2014/11-24,ideological/2014/11-24,ideological/2014/11-24,focal,ideological,all_parties,0,0,3,7,3,2014,Ideological 2014/PTB-PR,Ideological 2014/PTB-PR,,,,,,11,24,PTB,PR,true,endpoint-minimal,false,true,true,true,false,ideological/2014/11-24,"PTB, PT DO B, SOLIDARIEDADE, PMN, PHS, PMDB, PSD, PSDB, PTN, PPL, PRTB, PROS, PRP, PR",5,PHS,RJ,128780,7673438,0.016782568647847287,0,46,0.0,0.7719981578009752,0.6785876409015985,-0.7719981578009752,0.09341051689937677,-0.6785876409015985,-0.09207556833931149,0.12271472558586621,0.030639157246554718,-2961940//3836719,918188843950//9829608853777,-1738530//2561983,accounting attribution; not an independent causal effect
ideological/2014/11-24,ideological/2014/11-24,ideological/2014/11-24,ideological/2014/11-24,focal,ideological,all_parties,0,0,3,7,3,2014,Ideological 2014/PTB-PR,Ideological 2014/PTB-PR,,,,,,11,24,PTB,PR,true,endpoint-minimal,false,true,true,true,false,ideological/2014/11-24,"PTB, PT DO B, SOLIDARIEDADE, PMN, PHS, PMDB, PSD, PSDB, PTN, PPL, PRTB, PROS, PRP, PR",5,PHS,RN,25781,1580871,0.016308098510251626,0,8,0.0,0.130464788082013,0.13584926207550949,-0.130464788082013,-0.005384473993496461,-0.13584926207550949,-0.09207556833931149,0.12271472558586621,0.030639157246554718,-206248//1580871,-43616012209//8100329254386,-696087//5123966,accounting attribution; not an independent causal effect
ideological/2014/11-24,ideological/2014/11-24,ideological/2014/11-24,ideological/2014/11-24,focal,ideological,all_parties,0,0,3,7,3,2014,Ideological 2014/PTB-PR,Ideological 2014/PTB-PR,,,,,,11,24,PTB,PR,true,endpoint-minimal,false,true,true,true,false,ideological/2014/11-24,"PTB, PT DO B, SOLIDARIEDADE, PMN, PHS, PMDB, PSD, PSDB, PTN, PPL, PRTB, PROS, PRP, PR",5,PHS,RO,614,798475,0.0007689658411346629,0,8,0.0,0.0061517267290773035,0.0032353844658610147,-0.0061517267290773035,0.0029163422632162888,-0.0032353844658610147,-0.09207556833931149,0.12271472558586621,0.030639157246554718,-4912//798475,5965901221//2045679375925,-8289//2561983,accounting attribution; not an independent causal effect
ideological/2014/11-24,ideological/2014/11-24,ideological/2014/11-24,ideological/2014/11-24,focal,ideological,all_parties,0,0,3,7,3,2014,Ideological 2014/PTB-PR,Ideological 2014/PTB-PR,,,,,,11,24,PTB,PR,true,endpoint-minimal,false,true,true,true,false,ideological/2014/11-24,"PTB, PT DO B, SOLIDARIEDADE, PMN, PHS, PMDB, PSD, PSDB, PTN, PPL, PRTB, PROS, PRP, PR",5,PHS,RR,6868,238099,0.0288451442467209,1,8,0.125,0.2307611539737672,0.03618993568653656,0.7692388460262328,0.19457121828723065,0.9638100643134634,-0.09207556833931149,0.12271472558586621,0.030639157246554718,183155//238099,118689530870//610005590317,2469265//2561983,accounting attribution; not an independent causal effect
ideological/2014/11-24,ideological/2014/11-24,ideological/2014/11-24,ideological/2014/11-24,focal,ideological,all_parties,0,0,3,7,3,2014,Ideological 2014/PTB-PR,Ideological 2014/PTB-PR,,,,,,11,24,PTB,PR,true,endpoint-minimal,false,true,true,true,false,ideological/2014/11-24,"PTB, PT DO B, SOLIDARIEDADE, PMN, PHS, PMDB, PSD, PSDB, PTN, PPL, PRTB, PROS, PRP, PR",5,PHS,RS,3042,5942063,0.0005119434108995478,0,31,0.0,0.015870245737885983,0.01602938036669252,-0.015870245737885983,-0.00015913462880653566,-0.01602938036669252,-0.09207556833931149,0.12271472558586621,0.030639157246554718,-94302//5942063,-2422580355//15223464390929,-41067//2561983,accounting attribution; not an independent causal effect
ideological/2014/11-24,ideological/2014/11-24,ideological/2014/11-24,ideological/2014/11-24,focal,ideological,all_parties,0,0,3,7,3,2014,Ideological 2014/PTB-PR,Ideological 2014/PTB-PR,,,,,,11,24,PTB,PR,true,endpoint-minimal,false,true,true,true,false,ideological/2014/11-24,"PTB, PT DO B, SOLIDARIEDADE, PMN, PHS, PMDB, PSD, PSDB, PTN, PPL, PRTB, PROS, PRP, PR",5,PHS,SC,3082,3391619,0.0009087105597651151,0,16,0.0,0.014539368956241841,0.01624015459899617,-0.014539368956241841,-0.0017007856427543261,-0.01624015459899617,-0.09207556833931149,0.12271472558586621,0.030639157246554718,-49312//3391619,-14778586037//8689270220477,-41607//2561983,accounting attribution; not an independent causal effect
ideological/2014/11-24,ideological/2014/11-24,ideological/2014/11-24,ideological/2014/11-24,focal,ideological,all_parties,0,0,3,7,3,2014,Ideological 2014/PTB-PR,Ideological 2014/PTB-PR,,,,,,11,24,PTB,PR,true,endpoint-minimal,false,true,true,true,false,ideological/2014/11-24,"PTB, PT DO B, SOLIDARIEDADE, PMN, PHS, PMDB, PSD, PSDB, PTN, PPL, PRTB, PROS, PRP, PR",5,PHS,SE,1025,1052826,0.0009735701815874608,0,8,0.0,0.007788561452699686,0.00540108970278101,-0.007788561452699686,0.0023874717499186766,-0.00540108970278101,-0.09207556833931149,0.12271472558586621,0.030639157246554718,-4100//526413,6439780825//2697322313958,-27675//5123966,accounting attribution; not an independent causal effect
ideological/2014/11-24,ideological/2014/11-24,ideological/2014/11-24,ideological/2014/11-24,focal,ideological,all_parties,0,0,3,7,3,2014,Ideological 2014/PTB-PR,Ideological 2014/PTB-PR,,,,,,11,24,PTB,PR,true,endpoint-minimal,false,true,true,true,false,ideological/2014/11-24,"PTB, PT DO B, SOLIDARIEDADE, PMN, PHS, PMDB, PSD, PSDB, PTN, PPL, PRTB, PROS, PRP, PR",5,PHS,SP,167151,21266194,0.007859939582983208,0,70,0.0,0.5501957708088245,0.8807780925946815,-0.5501957708088245,-0.330582321785857,-0.8807780925946815,-0.09207556833931149,0.12271472558586621,0.030639157246554718,-5850285//10633097,-18011324079159//54483627502702,-4513077//5123966,accounting attribution; not an independent causal effect
ideological/2014/11-24,ideological/2014/11-24,ideological/2014/11-24,ideological/2014/11-24,focal,ideological,all_parties,0,0,3,7,3,2014,Ideological 2014/PTB-PR,Ideological 2014/PTB-PR,,,,,,11,24,PTB,PR,true,endpoint-minimal,false,true,true,true,false,ideological/2014/11-24,"PTB, PT DO B, SOLIDARIEDADE, PMN, PHS, PMDB, PSD, PSDB, PTN, PPL, PRTB, PROS, PRP, PR",5,PHS,TO,8462,733225,0.011540795799379455,0,8,0.0,0.09232636639503564,0.044589288843836984,-0.09232636639503564,0.04773707755119865,-0.044589288843836984,-0.09207556833931149,0.12271472558586621,0.030639157246554718,-67696//733225,89674576843//1878509985175,-114237//2561983,accounting attribution; not an independent causal effect
ideological/2014/11-24,ideological/2014/11-24,ideological/2014/11-24,ideological/2014/11-24,focal,ideological,all_parties,0,0,3,7,3,2014,Ideological 2014/PTB-PR,Ideological 2014/PTB-PR,,,,,,11,24,PTB,PR,true,endpoint-minimal,false,true,true,true,false,ideological/2014/11-24,"PTB, PT DO B, SOLIDARIEDADE, PMN, PHS, PMDB, PSD, PSDB, PTN, PPL, PRTB, PROS, PRP, PR",6,PMDB,AC,39751,399201,0.09957640386672378,2,8,0.25,0.7966112309337903,0.20946216270755896,1.2033887690662097,0.5871490682262313,1.790537837292441,3.9086952162479633,4.224685645373679,8.133380861621642,480394//399201,1201008928051//2045492351166,9174655//5123966,accounting attribution; not an independent causal effect
ideological/2014/11-24,ideological/2014/11-24,ideological/2014/11-24,ideological/2014/11-24,focal,ideological,all_parties,0,0,3,7,3,2014,Ideological 2014/PTB-PR,Ideological 2014/PTB-PR,,,,,,11,24,PTB,PR,true,endpoint-minimal,false,true,true,true,false,ideological/2014/11-24,"PTB, PT DO B, SOLIDARIEDADE, PMN, PHS, PMDB, PSD, PSDB, PTN, PPL, PRTB, PROS, PRP, PR",6,PMDB,AL,189044,1384584,0.13653487256822266,1,9,0.1111111111111111,1.2288138531140038,0.9961400992902764,-0.22881385311400393,0.2326737538237276,0.003859900709723679,3.9086952162479633,4.224685645373679,8.133380861621642,-26401//115382,68779925781//295606722506,9889//2561983,accounting attribution; not an independent causal effect
ideological/2014/11-24,ideological/2014/11-24,ideological/2014/11-24,ideological/2014/11-24,focal,ideological,all_parties,0,0,3,7,3,2014,Ideological 2014/PTB-PR,Ideological 2014/PTB-PR,,,,,,11,24,PTB,PR,true,endpoint-minimal,false,true,true,true,false,ideological/2014/11-24,"PTB, PT DO B, SOLIDARIEDADE, PMN, PHS, PMDB, PSD, PSDB, PTN, PPL, PRTB, PROS, PRP, PR",6,PMDB,AM,208803,1658407,0.12590576378416155,1,8,0.125,1.0072461102732924,1.1002573006924714,-0.007246110273292383,-0.09301119041917903,-0.10025730069247142,3.9086952162479633,4.224685645373679,8.133380861621642,-197//27187,-12956948403//139305263642,-513715//5123966,accounting attribution; not an independent causal effect
ideological/2014/11-24,ideological/2014/11-24,ideological/2014/11-24,ideological/2014/11-24,focal,ideological,all_parties,0,0,3,7,3,2014,Ideological 2014/PTB-PR,Ideological 2014/PTB-PR,,,,,,11,24,PTB,PR,true,endpoint-minimal,false,true,true,true,false,ideological/2014/11-24,"PTB, PT DO B, SOLIDARIEDADE, PMN, PHS, PMDB, PSD, PSDB, PTN, PPL, PRTB, PROS, PRP, PR",6,PMDB,AP,39944,386084,0.10345935081484858,1,8,0.125,0.8276748065187887,0.21047914837842405,0.17232519348121134,0.6171956581403646,0.7895208516215759,3.9086952162479633,4.224685645373679,8.133380861621642,16633//96521,152623327780//247285161143,2022739//2561983,accounting attribution; not an independent causal effect
ideological/2014/11-24,ideological/2014/11-24,ideological/2014/11-24,ideological/2014/11-24,focal,ideological,all_parties,0,0,3,7,3,2014,Ideological 2014/PTB-PR,Ideological 2014/PTB-PR,,,,,,11,24,PTB,PR,true,endpoint-minimal,false,true,true,true,false,ideological/2014/11-24,"PTB, PT DO B, SOLIDARIEDADE, PMN, PHS, PMDB, PSD, PSDB, PTN, PPL, PRTB, PROS, PRP, PR",6,PMDB,BA,366891,6646541,0.05520029139969196,1,39,0.02564102564102564,2.1528113645879863,1.9332792216029537,-1.1528113645879865,0.2195321429850328,-0.9332792216029536,3.9086952162479633,4.224685645373679,8.133380861621642,-7662208//6646541,7476529379697//34056650101606,-4782091//5123966,accounting attribution; not an independent causal effect
ideological/2014/11-24,ideological/2014/11-24,ideological/2014/11-24,ideological/2014/11-24,focal,ideological,all_parties,0,0,3,7,3,2014,Ideological 2014/PTB-PR,Ideological 2014/PTB-PR,,,,,,11,24,PTB,PR,true,endpoint-minimal,false,true,true,true,false,ideological/2014/11-24,"PTB, PT DO B, SOLIDARIEDADE, PMN, PHS, PMDB, PSD, PSDB, PTN, PPL, PRTB, PROS, PRP, PR",6,PMDB,CE,655297,4367020,0.1500558733415464,3,22,0.13636363636363635,3.301229213514021,3.4529930526471095,-0.301229213514021,-0.1517638391330887,-0.4529930526471097,3.9086952162479633,4.224685645373679,8.133380861621642,-657737//2183510,-424492222442//2797057750165,-2321121//5123966,accounting attribution; not an independent causal effect
ideological/2014/11-24,ideological/2014/11-24,ideological/2014/11-24,ideological/2014/11-24,focal,ideological,all_parties,0,0,3,7,3,2014,Ideological 2014/PTB-PR,Ideological 2014/PTB-PR,,,,,,11,24,PTB,PR,true,endpoint-minimal,false,true,true,true,false,ideological/2014/11-24,"PTB, PT DO B, SOLIDARIEDADE, PMN, PHS, PMDB, PSD, PSDB, PTN, PPL, PRTB, PROS, PRP, PR",6,PMDB,DF,115873,1454063,0.07968911938478594,1,8,0.125,0.6375129550782875,0.6105760654930185,0.36248704492171246,0.026936889585269037,0.3894239345069815,3.9086952162479633,4.224685645373679,8.133380861621642,527079//1454063,200695164571//7450569373858,1995395//5123966,accounting attribution; not an independent causal effect
ideological/2014/11-24,ideological/2014/11-24,ideological/2014/11-24,ideological/2014/11-24,focal,ideological,all_parties,0,0,3,7,3,2014,Ideological 2014/PTB-PR,Ideological 2014/PTB-PR,,,,,,11,24,PTB,PR,true,endpoint-minimal,false,true,true,true,false,ideological/2014/11-24,"PTB, PT DO B, SOLIDARIEDADE, PMN, PHS, PMDB, PSD, PSDB, PTN, PPL, PRTB, PROS, PRP, PR",6,PMDB,ES,186461,1794470,0.10390867498481446,1,10,0.1,1.0390867498481446,0.9825293532392682,-0.03908674984814458,0.056557396608876404,0.017470646760731824,3.9086952162479633,4.224685645373679,8.133380861621642,-7014//179447,52003413517//919480326802,89519//5123966,accounting attribution; not an independent causal effect
ideological/2014/11-24,ideological/2014/11-24,ideological/2014/11-24,ideological/2014/11-24,focal,ideological,all_parties,0,0,3,7,3,2014,Ideological 2014/PTB-PR,Ideological 2014/PTB-PR,,,,,,11,24,PTB,PR,true,endpoint-minimal,false,true,true,true,false,ideological/2014/11-24,"PTB, PT DO B, SOLIDARIEDADE, PMN, PHS, PMDB, PSD, PSDB, PTN, PPL, PRTB, PROS, PRP, PR",6,PMDB,GO,416210,3032760,0.1372380274073781,2,17,0.11764705882352941,2.3330464659254275,2.1931585806775455,-0.33304646592542764,0.13988788524788218,-0.1931585806775455,3.9086952162479633,4.224685645373679,8.133380861621642,-101005//303276,108691202071//776987956308,-494869//2561983,accounting attribution; not an independent causal effect
ideological/2014/11-24,ideological/2014/11-24,ideological/2014/11-24,ideological/2014/11-24,focal,ideological,all_parties,0,0,3,7,3,2014,Ideological 2014/PTB-PR,Ideological 2014/PTB-PR,,,,,,11,24,PTB,PR,true,endpoint-minimal,false,true,true,true,false,ideological/2014/11-24,"PTB, PT DO B, SOLIDARIEDADE, PMN, PHS, PMDB, PSD, PSDB, PTN, PPL, PRTB, PROS, PRP, PR",6,PMDB,MA,475676,3130492,0.15194927826041402,2,18,0.1111111111111111,2.735087008687452,2.5065060931317653,-0.7350870086874524,0.22858091555568683,-0.5065060931317655,3.9086952162479633,4.224685645373679,8.133380861621642,-575296//782623,458320009788//2005066821409,-1297660//2561983,accounting attribution; not an independent causal effect
ideological/2014/11-24,ideological/2014/11-24,ideological/2014/11-24,ideological/2014/11-24,focal,ideological,all_parties,0,0,3,7,3,2014,Ideological 2014/PTB-PR,Ideological 2014/PTB-PR,,,,,,11,24,PTB,PR,true,endpoint-minimal,false,true,true,true,false,ideological/2014/11-24,"PTB, PT DO B, SOLIDARIEDADE, PMN, PHS, PMDB, PSD, PSDB, PTN, PPL, PRTB, PROS, PRP, PR",6,PMDB,MG,891648,10118666,0.08811912558434086,6,53,0.11320754716981132,4.670313655970066,4.698410567127104,1.3296863440299345,-0.02809691115703866,1.3015894328728956,3.9086952162479633,4.224685645373679,8.133380861621642,6727326//5059333,-8469536256//301440119473,77550//59581,accounting attribution; not an independent causal effect
ideological/2014/11-24,ideological/2014/11-24,ideological/2014/11-24,ideological/2014/11-24,focal,ideological,all_parties,0,0,3,7,3,2014,Ideological 2014/PTB-PR,Ideological 2014/PTB-PR,,,,,,11,24,PTB,PR,true,endpoint-minimal,false,true,true,true,false,ideological/2014/11-24,"PTB, PT DO B, SOLIDARIEDADE, PMN, PHS, PMDB, PSD, PSDB, PTN, PPL, PRTB, PROS, PRP, PR",6,PMDB,MS,355077,1276893,0.2780788993282914,2,8,0.25,2.224631194626331,1.8710270520920709,-0.22463119462633127,0.35360414253426037,0.12897294790792913,3.9086952162479633,4.224685645373679,8.133380861621642,-31870//141877,257060637501//726972924182,660853//5123966,accounting attribution; not an independent causal effect
ideological/2014/11-24,ideological/2014/11-24,ideological/2014/11-24,ideological/2014/11-24,focal,ideological,all_parties,0,0,3,7,3,2014,Ideological 2014/PTB-PR,Ideological 2014/PTB-PR,,,,,,11,24,PTB,PR,true,endpoint-minimal,false,true,true,true,false,ideological/2014/11-24,"PTB, PT DO B, SOLIDARIEDADE, PMN, PHS, PMDB, PSD, PSDB, PTN, PPL, PRTB, PROS, PRP, PR",6,PMDB,MT,126218,1454612,0.08677090523108567,1,8,0.125,0.6941672418486854,0.6650875513225497,0.30583275815131455,0.029079690526135665,0.33491244867745024,3.9086952162479633,4.224685645373679,8.133380861621642,111217//363653,27092756809//931672803899,858040//2561983,accounting attribution; not an independent causal effect
ideological/2014/11-24,ideological/2014/11-24,ideological/2014/11-24,ideological/2014/11-24,focal,ideological,all_parties,0,0,3,7,3,2014,Ideological 2014/PTB-PR,Ideological 2014/PTB-PR,,,,,,11,24,PTB,PR,true,endpoint-minimal,false,true,true,true,false,ideological/2014/11-24,"PTB, PT DO B, SOLIDARIEDADE, PMN, PHS, PMDB, PSD, PSDB, PTN, PPL, PRTB, PROS, PRP, PR",6,PMDB,PA,466727,3756049,0.12426009351848179,3,17,0.17647058823529413,2.1124215898141903,2.4593506280096316,0.8875784101858096,-0.3469290381954412,0.5406493719903684,3.9086952162479633,4.224685645373679,8.133380861621642,3333788//3756049,-6676950256027//19245867370334,2770269//5123966,accounting attribution; not an independent causal effect
ideological/2014/11-24,ideological/2014/11-24,ideological/2014/11-24,ideological/2014/11-24,focal,ideological,all_parties,0,0,3,7,3,2014,Ideological 2014/PTB-PR,Ideological 2014/PTB-PR,,,,,,11,24,PTB,PR,true,endpoint-minimal,false,true,true,true,false,ideological/2014/11-24,"PTB, PT DO B, SOLIDARIEDADE, PMN, PHS, PMDB, PSD, PSDB, PTN, PPL, PRTB, PROS, PRP, PR",6,PMDB,PB,441731,1936819,0.2280703566001779,3,12,0.25,2.7368442792021352,2.3276378102430813,0.263155720797865,0.4092064689590538,0.6723621897569187,3.9086952162479633,4.224685645373679,8.133380861621642,509685//1936819,4061044672149//9924194704154,3445161//5123966,accounting attribution; not an independent causal effect
ideological/2014/11-24,ideological/2014/11-24,ideological/2014/11-24,ideological/2014/11-24,focal,ideological,all_parties,0,0,3,7,3,2014,Ideological 2014/PTB-PR,Ideological 2014/PTB-PR,,,,,,11,24,PTB,PR,true,endpoint-minimal,false,true,true,true,false,ideological/2014/11-24,"PTB, PT DO B, SOLIDARIEDADE, PMN, PHS, PMDB, PSD, PSDB, PTN, PPL, PRTB, PROS, PRP, PR",6,PMDB,PE,236048,4483227,0.05265136028133307,1,25,0.04,1.3162840070333266,1.2438208996702944,-0.31628400703332665,0.07246310736303221,-0.24382089967029447,3.9086952162479633,4.224685645373679,8.133380861621642,-1417973//4483227,832307726504//11485951359141,-624665//2561983,accounting attribution; not an independent causal effect
ideological/2014/11-24,ideological/2014/11-24,ideological/2014/11-24,ideological/2014/11-24,focal,ideological,all_parties,0,0,3,7,3,2014,Ideological 2014/PTB-PR,Ideological 2014/PTB-PR,,,,,,11,24,PTB,PR,true,endpoint-minimal,false,true,true,true,false,ideological/2014/11-24,"PTB, PT DO B, SOLIDARIEDADE, PMN, PHS, PMDB, PSD, PSDB, PTN, PPL, PRTB, PROS, PRP, PR",6,PMDB,PI,199085,1733434,0.11485006063109411,1,10,0.1,1.148500606310941,1.0490497009542998,-0.14850060631094117,0.09945090535664132,-0.049049700954299856,3.9086952162479633,4.224685645373679,8.133380861621642,-128708//866717,441664299035//4441028439622,-251329//5123966,accounting attribution; not an independent causal effect
ideological/2014/11-24,ideological/2014/11-24,ideological/2014/11-24,ideological/2014/11-24,focal,ideological,all_parties,0,0,3,7,3,2014,Ideological 2014/PTB-PR,Ideological 2014/PTB-PR,,,,,,11,24,PTB,PR,true,endpoint-minimal,false,true,true,true,false,ideological/2014/11-24,"PTB, PT DO B, SOLIDARIEDADE, PMN, PHS, PMDB, PSD, PSDB, PTN, PPL, PRTB, PROS, PRP, PR",6,PMDB,PR,747306,5665222,0.1319111589978292,4,30,0.13333333333333333,3.957334769934876,3.9378212111477713,0.04266523006512366,0.019513558787105256,0.06217878885222892,3.9086952162479633,4.224685645373679,8.133380861621642,120854//2832611,141611871429//7257101227613,159301//2561983,accounting attribution; not an independent causal effect
ideological/2014/11-24,ideological/2014/11-24,ideological/2014/11-24,ideological/2014/11-24,focal,ideological,all_parties,0,0,3,7,3,2014,Ideological 2014/PTB-PR,Ideological 2014/PTB-PR,,,,,,11,24,PTB,PR,true,endpoint-minimal,false,true,true,true,false,ideological/2014/11-24,"PTB, PT DO B, SOLIDARIEDADE, PMN, PHS, PMDB, PSD, PSDB, PTN, PPL, PRTB, PROS, PRP, PR",6,PMDB,RJ,1249836,7673438,0.16287823007105812,8,46,0.17391304347826086,7.492398583268673,6.585830585136591,0.507601416731327,0.9065679981320816,1.4141694148634085,3.9086952162479633,4.224685645373679,8.133380861621642,1947524//3836719,8911208820990//9829608853777,3623078//2561983,accounting attribution; not an independent causal effect
ideological/2014/11-24,ideological/2014/11-24,ideological/2014/11-24,ideological/2014/11-24,focal,ideological,all_parties,0,0,3,7,3,2014,Ideological 2014/PTB-PR,Ideological 2014/PTB-PR,,,,,,11,24,PTB,PR,true,endpoint-minimal,false,true,true,true,false,ideological/2014/11-24,"PTB, PT DO B, SOLIDARIEDADE, PMN, PHS, PMDB, PSD, PSDB, PTN, PPL, PRTB, PROS, PRP, PR",6,PMDB,RN,240150,1580871,0.15190992813455367,1,8,0.125,1.2152794250764294,1.2654357971930337,-0.2152794250764294,-0.05015637211660429,-0.2654357971930337,3.9086952162479633,4.224685645373679,8.133380861621642,-113443//526957,-67713854725//1350054875731,-680042//2561983,accounting attribution; not an independent causal effect
ideological/2014/11-24,ideological/2014/11-24,ideological/2014/11-24,ideological/2014/11-24,focal,ideological,all_parties,0,0,3,7,3,2014,Ideological 2014/PTB-PR,Ideological 2014/PTB-PR,,,,,,11,24,PTB,PR,true,endpoint-minimal,false,true,true,true,false,ideological/2014/11-24,"PTB, PT DO B, SOLIDARIEDADE, PMN, PHS, PMDB, PSD, PSDB, PTN, PPL, PRTB, PROS, PRP, PR",6,PMDB,RO,207478,798475,0.2598428253858919,3,8,0.375,2.078742603087135,1.093275404247413,0.9212573969128651,0.9854671988397218,1.906724595752587,3.9086952162479633,4.224685645373679,8.133380861621642,735601//798475,2015949924317//2045679375925,4884996//2561983,accounting attribution; not an independent causal effect
ideological/2014/11-24,ideological/2014/11-24,ideological/2014/11-24,ideological/2014/11-24,focal,ideological,all_parties,0,0,3,7,3,2014,Ideological 2014/PTB-PR,Ideological 2014/PTB-PR,,,,,,11,24,PTB,PR,true,endpoint-minimal,false,true,true,true,false,ideological/2014/11-24,"PTB, PT DO B, SOLIDARIEDADE, PMN, PHS, PMDB, PSD, PSDB, PTN, PPL, PRTB, PROS, PRP, PR",6,PMDB,RR,16096,238099,0.0676021318863162,1,8,0.125,0.5408170550905296,0.08481555107898843,0.4591829449094704,0.45600150401154116,0.9151844489210116,3.9086952162479633,4.224685645373679,8.133380861621642,109331//238099,278163466640//610005590317,2344687//2561983,accounting attribution; not an independent causal effect
ideological/2014/11-24,ideological/2014/11-24,ideological/2014/11-24,ideological/2014/11-24,focal,ideological,all_parties,0,0,3,7,3,2014,Ideological 2014/PTB-PR,Ideological 2014/PTB-PR,,,,,,11,24,PTB,PR,true,endpoint-minimal,false,true,true,true,false,ideological/2014/11-24,"PTB, PT DO B, SOLIDARIEDADE, PMN, PHS, PMDB, PSD, PSDB, PTN, PPL, PRTB, PROS, PRP, PR",6,PMDB,RS,981415,5942063,0.16516401795134114,5,31,0.16129032258064516,5.120084556491576,5.171424829907147,-0.1200845564915754,-0.05134027341557074,-0.17142482990714614,3.9086952162479633,4.224685645373679,8.133380861621642,-713550//5942063,-1563153648325//30446928781858,-878375//5123966,accounting attribution; not an independent causal effect
ideological/2014/11-24,ideological/2014/11-24,ideological/2014/11-24,ideological/2014/11-24,focal,ideological,all_parties,0,0,3,7,3,2014,Ideological 2014/PTB-PR,Ideological 2014/PTB-PR,,,,,,11,24,PTB,PR,true,endpoint-minimal,false,true,true,true,false,ideological/2014/11-24,"PTB, PT DO B, SOLIDARIEDADE, PMN, PHS, PMDB, PSD, PSDB, PTN, PPL, PRTB, PROS, PRP, PR",6,PMDB,SC,828201,3391619,0.24419045889293578,5,16,0.3125,3.9070473422869725,4.3640857492028635,1.0929526577130273,-0.45703840691589087,0.6359142507971365,3.9086952162479633,4.224685645373679,8.133380861621642,336989//308329,-722060039787//1579867312814,3258403//5123966,accounting attribution; not an independent causal effect
ideological/2014/11-24,ideological/2014/11-24,ideological/2014/11-24,ideological/2014/11-24,focal,ideological,all_parties,0,0,3,7,3,2014,Ideological 2014/PTB-PR,Ideological 2014/PTB-PR,,,,,,11,24,PTB,PR,true,endpoint-minimal,false,true,true,true,false,ideological/2014/11-24,"PTB, PT DO B, SOLIDARIEDADE, PMN, PHS, PMDB, PSD, PSDB, PTN, PPL, PRTB, PROS, PRP, PR",6,PMDB,SE,92624,1052826,0.08797655073107997,1,8,0.125,0.7038124058486398,0.48806881232233,0.29618759415136026,0.21574359352630976,0.51193118767767,3.9086952162479633,4.224685645373679,8.133380861621642,155917//526413,290965004456//1348661156979,1311559//2561983,accounting attribution; not an independent causal effect
ideological/2014/11-24,ideological/2014/11-24,ideological/2014/11-24,ideological/2014/11-24,focal,ideological,all_parties,0,0,3,7,3,2014,Ideological 2014/PTB-PR,Ideological 2014/PTB-PR,,,,,,11,24,PTB,PR,true,endpoint-minimal,false,true,true,true,false,ideological/2014/11-24,"PTB, PT DO B, SOLIDARIEDADE, PMN, PHS, PMDB, PSD, PSDB, PTN, PPL, PRTB, PROS, PRP, PR",6,PMDB,SP,787168,21266194,0.037014991963301005,2,70,0.02857142857142857,2.59104943743107,4.147868272349973,-0.5910494374310702,-1.5568188349189025,-2.1478682723499727,3.9086952162479633,4.224685645373679,8.133380861621642,-6284686//10633097,-42410568745456//27241813751351,-5502802//2561983,accounting attribution; not an independent causal effect
ideological/2014/11-24,ideological/2014/11-24,ideological/2014/11-24,ideological/2014/11-24,focal,ideological,all_parties,0,0,3,7,3,2014,Ideological 2014/PTB-PR,Ideological 2014/PTB-PR,,,,,,11,24,PTB,PR,true,endpoint-minimal,false,true,true,true,false,ideological/2014/11-24,"PTB, PT DO B, SOLIDARIEDADE, PMN, PHS, PMDB, PSD, PSDB, PTN, PPL, PRTB, PROS, PRP, PR",6,PMDB,TO,231191,733225,0.31530703399365817,3,8,0.375,2.5224562719492654,1.218227638512824,0.47754372805073475,1.3042286334364415,1.781772361487176,3.9086952162479633,4.224685645373679,8.133380861621642,350147//733225,4900013021723//3757019970350,9129741//5123966,accounting attribution; not an independent causal effect
ideological/2014/11-24,ideological/2014/11-24,ideological/2014/11-24,ideological/2014/11-24,focal,ideological,all_parties,0,0,3,7,3,2014,Ideological 2014/PTB-PR,Ideological 2014/PTB-PR,,,,,,11,24,PTB,PR,true,endpoint-minimal,false,true,true,true,false,ideological/2014/11-24,"PTB, PT DO B, SOLIDARIEDADE, PMN, PHS, PMDB, PSD, PSDB, PTN, PPL, PRTB, PROS, PRP, PR",7,PSD,AC,19289,399201,0.04831901723693077,0,8,0.0,0.3865521378954462,0.10164060417262721,-0.3865521378954462,0.2849115337228189,-0.10164060417262721,4.645941310001025,-0.09320910998252392,4.552732200018501,-154312//399201,582784362989//2045492351166,-520803//5123966,accounting attribution; not an independent causal effect
ideological/2014/11-24,ideological/2014/11-24,ideological/2014/11-24,ideological/2014/11-24,focal,ideological,all_parties,0,0,3,7,3,2014,Ideological 2014/PTB-PR,Ideological 2014/PTB-PR,,,,,,11,24,PTB,PR,true,endpoint-minimal,false,true,true,true,false,ideological/2014/11-24,"PTB, PT DO B, SOLIDARIEDADE, PMN, PHS, PMDB, PSD, PSDB, PTN, PPL, PRTB, PROS, PRP, PR",7,PSD,AL,3681,1384584,0.0026585602606992425,0,9,0.0,0.023927042346293184,0.019396498727743315,-0.023927042346293184,0.004530543618549868,-0.019396498727743315,4.645941310001025,-0.09320910998252392,4.552732200018501,-11043//461528,5357036601//1182426890024,-99387//5123966,accounting attribution; not an independent causal effect
ideological/2014/11-24,ideological/2014/11-24,ideological/2014/11-24,ideological/2014/11-24,focal,ideological,all_parties,0,0,3,7,3,2014,Ideological 2014/PTB-PR,Ideological 2014/PTB-PR,,,,,,11,24,PTB,PR,true,endpoint-minimal,false,true,true,true,false,ideological/2014/11-24,"PTB, PT DO B, SOLIDARIEDADE, PMN, PHS, PMDB, PSD, PSDB, PTN, PPL, PRTB, PROS, PRP, PR",7,PSD,AM,329925,1658407,0.19894091136856032,2,8,0.25,1.5915272909484826,1.7384922148195363,0.4084727090515175,-0.14696492387105378,0.26150778518046375,4.645941310001025,-0.09320910998252392,4.552732200018501,677414//1658407,-1248852235425//8497621082162,1339957//5123966,accounting attribution; not an independent causal effect
ideological/2014/11-24,ideological/2014/11-24,ideological/2014/11-24,ideological/2014/11-24,focal,ideological,all_parties,0,0,3,7,3,2014,Ideological 2014/PTB-PR,Ideological 2014/PTB-PR,,,,,,11,24,PTB,PR,true,endpoint-minimal,false,true,true,true,false,ideological/2014/11-24,"PTB, PT DO B, SOLIDARIEDADE, PMN, PHS, PMDB, PSD, PSDB, PTN, PPL, PRTB, PROS, PRP, PR",7,PSD,AP,15627,386084,0.040475647786492056,0,8,0.0,0.32380518229193644,0.08234422320522813,-0.32380518229193644,0.24146095908670834,-0.08234422320522813,4.645941310001025,-0.09320910998252392,4.552732200018501,-31254//96521,119419424355//494570322286,-421929//5123966,accounting attribution; not an independent causal effect
ideological/2014/11-24,ideological/2014/11-24,ideological/2014/11-24,ideological/2014/11-24,focal,ideological,all_parties,0,0,3,7,3,2014,Ideological 2014/PTB-PR,Ideological 2014/PTB-PR,,,,,,11,24,PTB,PR,true,endpoint-minimal,false,true,true,true,false,ideological/2014/11-24,"PTB, PT DO B, SOLIDARIEDADE, PMN, PHS, PMDB, PSD, PSDB, PTN, PPL, PRTB, PROS, PRP, PR",7,PSD,BA,633536,6646541,0.09531815120075239,4,39,0.10256410256410256,3.7174078968293434,3.338326600918117,0.28259210317065675,0.3790812959112263,0.661673399081883,4.645941310001025,-0.09320910998252392,4.552732200018501,1878260//6646541,6455119527456//17028325050803,1695196//2561983,accounting attribution; not an independent causal effect
ideological/2014/11-24,ideological/2014/11-24,ideological/2014/11-24,ideological/2014/11-24,focal,ideological,all_parties,0,0,3,7,3,2014,Ideological 2014/PTB-PR,Ideological 2014/PTB-PR,,,,,,11,24,PTB,PR,true,endpoint-minimal,false,true,true,true,false,ideological/2014/11-24,"PTB, PT DO B, SOLIDARIEDADE, PMN, PHS, PMDB, PSD, PSDB, PTN, PPL, PRTB, PROS, PRP, PR",7,PSD,CE,26981,4367020,0.006178355033867489,0,22,0.0,0.13592381074508475,0.14217248904461896,-0.13592381074508475,-0.006248678299534204,-0.14217248904461896,4.645941310001025,-0.09320910998252392,4.552732200018501,-296791//2183510,-17477914066//2797057750165,-728487//5123966,accounting attribution; not an independent causal effect
ideological/2014/11-24,ideological/2014/11-24,ideological/2014/11-24,ideological/2014/11-24,focal,ideological,all_parties,0,0,3,7,3,2014,Ideological 2014/PTB-PR,Ideological 2014/PTB-PR,,,,,,11,24,PTB,PR,true,endpoint-minimal,false,true,true,true,false,ideological/2014/11-24,"PTB, PT DO B, SOLIDARIEDADE, PMN, PHS, PMDB, PSD, PSDB, PTN, PPL, PRTB, PROS, PRP, PR",7,PSD,DF,94804,1454063,0.06519937581796661,1,8,0.125,0.5215950065437329,0.4995560079828789,0.478404993456267,0.022038998560854086,0.5004439920171211,4.645941310001025,-0.09320910998252392,4.552732200018501,695631//1454063,82101543854//3725284686929,1282129//2561983,accounting attribution; not an independent causal effect
ideological/2014/11-24,ideological/2014/11-24,ideological/2014/11-24,ideological/2014/11-24,focal,ideological,all_parties,0,0,3,7,3,2014,Ideological 2014/PTB-PR,Ideological 2014/PTB-PR,,,,,,11,24,PTB,PR,true,endpoint-minimal,false,true,true,true,false,ideological/2014/11-24,"PTB, PT DO B, SOLIDARIEDADE, PMN, PHS, PMDB, PSD, PSDB, PTN, PPL, PRTB, PROS, PRP, PR",7,PSD,ES,15187,1794470,0.008463223124376557,0,10,0.0,0.08463223124376557,0.08002570664988799,-0.08463223124376557,0.004606524593877572,-0.08002570664988799,4.645941310001025,-0.09320910998252392,4.552732200018501,-15187//179447,4235608739//919480326802,-410049//5123966,accounting attribution; not an independent causal effect
ideological/2014/11-24,ideological/2014/11-24,ideological/2014/11-24,ideological/2014/11-24,focal,ideological,all_parties,0,0,3,7,3,2014,Ideological 2014/PTB-PR,Ideological 2014/PTB-PR,,,,,,11,24,PTB,PR,true,endpoint-minimal,false,true,true,true,false,ideological/2014/11-24,"PTB, PT DO B, SOLIDARIEDADE, PMN, PHS, PMDB, PSD, PSDB, PTN, PPL, PRTB, PROS, PRP, PR",7,PSD,GO,265622,3032760,0.08758424669278149,2,17,0.11764705882352941,1.4889321937772855,1.3996568283239974,0.5110678062227146,0.08927536545328792,0.6003431716760025,4.645941310001025,-0.09320910998252392,4.552732200018501,774973//1516380,346829418761//3884939781540,1538069//2561983,accounting attribution; not an independent causal effect
ideological/2014/11-24,ideological/2014/11-24,ideological/2014/11-24,ideological/2014/11-24,focal,ideological,all_parties,0,0,3,7,3,2014,Ideological 2014/PTB-PR,Ideological 2014/PTB-PR,,,,,,11,24,PTB,PR,true,endpoint-minimal,false,true,true,true,false,ideological/2014/11-24,"PTB, PT DO B, SOLIDARIEDADE, PMN, PHS, PMDB, PSD, PSDB, PTN, PPL, PRTB, PROS, PRP, PR",7,PSD,MA,92596,3130492,0.029578737144193307,0,18,0.0,0.5324172685954796,0.48792127035971744,-0.5324172685954796,0.044495998235762106,-0.48792127035971744,4.645941310001025,-0.09320910998252392,4.552732200018501,-416682//782623,89217449748//2005066821409,-1250046//2561983,accounting attribution; not an independent causal effect
ideological/2014/11-24,ideological/2014/11-24,ideological/2014/11-24,ideological/2014/11-24,focal,ideological,all_parties,0,0,3,7,3,2014,Ideological 2014/PTB-PR,Ideological 2014/PTB-PR,,,,,,11,24,PTB,PR,true,endpoint-minimal,false,true,true,true,false,ideological/2014/11-24,"PTB, PT DO B, SOLIDARIEDADE, PMN, PHS, PMDB, PSD, PSDB, PTN, PPL, PRTB, PROS, PRP, PR",7,PSD,MG,621232,10118666,0.061394654196511675,3,53,0.05660377358490566,3.253916672415119,3.2734924470615145,-0.2539166724151187,-0.01957577464639571,-0.27349244706151443,4.645941310001025,-0.09320910998252392,4.552732200018501,-1284649//5059333,-253739725472//12961925137339,-700683//2561983,accounting attribution; not an independent causal effect
ideological/2014/11-24,ideological/2014/11-24,ideological/2014/11-24,ideological/2014/11-24,focal,ideological,all_parties,0,0,3,7,3,2014,Ideological 2014/PTB-PR,Ideological 2014/PTB-PR,,,,,,11,24,PTB,PR,true,endpoint-minimal,false,true,true,true,false,ideological/2014/11-24,"PTB, PT DO B, SOLIDARIEDADE, PMN, PHS, PMDB, PSD, PSDB, PTN, PPL, PRTB, PROS, PRP, PR",7,PSD,MS,42153,1276893,0.033012163117818016,0,8,0.0,0.26409730494254413,0.22211915535739307,-0.26409730494254413,0.041978149585151045,-0.22211915535739307,4.645941310001025,-0.09320910998252392,4.552732200018501,-112408//425631,91550934467//2180918772546,-1138131//5123966,accounting attribution; not an independent causal effect
ideological/2014/11-24,ideological/2014/11-24,ideological/2014/11-24,ideological/2014/11-24,focal,ideological,all_parties,0,0,3,7,3,2014,Ideological 2014/PTB-PR,Ideological 2014/PTB-PR,,,,,,11,24,PTB,PR,true,endpoint-minimal,false,true,true,true,false,ideological/2014/11-24,"PTB, PT DO B, SOLIDARIEDADE, PMN, PHS, PMDB, PSD, PSDB, PTN, PPL, PRTB, PROS, PRP, PR",7,PSD,MT,153992,1454612,0.10586465669195634,0,8,0.0,0.8469172535356507,0.8114386395225885,-0.8469172535356507,0.03547861401306219,-0.8114386395225885,4.645941310001025,-0.09320910998252392,4.552732200018501,-307984//363653,33054459796//931672803899,-2078892//2561983,accounting attribution; not an independent causal effect
ideological/2014/11-24,ideological/2014/11-24,ideological/2014/11-24,ideological/2014/11-24,focal,ideological,all_parties,0,0,3,7,3,2014,Ideological 2014/PTB-PR,Ideological 2014/PTB-PR,,,,,,11,24,PTB,PR,true,endpoint-minimal,false,true,true,true,false,ideological/2014/11-24,"PTB, PT DO B, SOLIDARIEDADE, PMN, PHS, PMDB, PSD, PSDB, PTN, PPL, PRTB, PROS, PRP, PR",7,PSD,PA,419372,3756049,0.11165243051941015,3,17,0.17647058823529413,1.8980913188299726,2.209820283741149,1.1019086811700274,-0.3117289649111763,0.7901797162588511,4.645941310001025,-0.09320910998252392,4.552732200018501,4138823//3756049,-2999747157086//9622933685167,2024427//2561983,accounting attribution; not an independent causal effect
ideological/2014/11-24,ideological/2014/11-24,ideological/2014/11-24,ideological/2014/11-24,focal,ideological,all_parties,0,0,3,7,3,2014,Ideological 2014/PTB-PR,Ideological 2014/PTB-PR,,,,,,11,24,PTB,PR,true,endpoint-minimal,false,true,true,true,false,ideological/2014/11-24,"PTB, PT DO B, SOLIDARIEDADE, PMN, PHS, PMDB, PSD, PSDB, PTN, PPL, PRTB, PROS, PRP, PR",7,PSD,PB,88719,1936819,0.045806551877072665,1,12,0.08333333333333333,0.549678622524872,0.46749197789368624,0.450321377475128,0.0821866446311857,0.5325080221063138,4.645941310001025,-0.09320910998252392,4.552732200018501,872191//1936819,815636263401//9924194704154,2728553//5123966,accounting attribution; not an independent causal effect
ideological/2014/11-24,ideological/2014/11-24,ideological/2014/11-24,ideological/2014/11-24,focal,ideological,all_parties,0,0,3,7,3,2014,Ideological 2014/PTB-PR,Ideological 2014/PTB-PR,,,,,,11,24,PTB,PR,true,endpoint-minimal,false,true,true,true,false,ideological/2014/11-24,"PTB, PT DO B, SOLIDARIEDADE, PMN, PHS, PMDB, PSD, PSDB, PTN, PPL, PRTB, PROS, PRP, PR",7,PSD,PE,104370,4483227,0.02328010604861186,1,25,0.04,0.5820026512152965,0.5499626656382965,0.4179973487847035,0.0320399855769999,0.4500373343617034,4.645941310001025,-0.09320910998252392,4.552732200018501,89237//213487,17524272185//546950064721,1152988//2561983,accounting attribution; not an independent causal effect
ideological/2014/11-24,ideological/2014/11-24,ideological/2014/11-24,ideological/2014/11-24,focal,ideological,all_parties,0,0,3,7,3,2014,Ideological 2014/PTB-PR,Ideological 2014/PTB-PR,,,,,,11,24,PTB,PR,true,endpoint-minimal,false,true,true,true,false,ideological/2014/11-24,"PTB, PT DO B, SOLIDARIEDADE, PMN, PHS, PMDB, PSD, PSDB, PTN, PPL, PRTB, PROS, PRP, PR",7,PSD,PI,164819,1733434,0.09508236252433032,1,10,0.1,0.9508236252433032,0.8684899548513788,0.049176374756696825,0.08233367039192438,0.13151004514862122,4.645941310001025,-0.09320910998252392,4.552732200018501,42622//866717,8503399343//103279731154,15671//119162,accounting attribution; not an independent causal effect
ideological/2014/11-24,ideological/2014/11-24,ideological/2014/11-24,ideological/2014/11-24,focal,ideological,all_parties,0,0,3,7,3,2014,Ideological 2014/PTB-PR,Ideological 2014/PTB-PR,,,,,,11,24,PTB,PR,true,endpoint-minimal,false,true,true,true,false,ideological/2014/11-24,"PTB, PT DO B, SOLIDARIEDADE, PMN, PHS, PMDB, PSD, PSDB, PTN, PPL, PRTB, PROS, PRP, PR",7,PSD,PR,232398,5665222,0.04102186992848647,1,30,0.03333333333333333,1.2306560978545942,1.2245877509725864,-0.23065609785459423,0.006068346882007755,-0.22458775097258646,4.645941310001025,-0.09320910998252392,4.552732200018501,-653359//2832611,44038607607//7257101227613,-575390//2561983,accounting attribution; not an independent causal effect
ideological/2014/11-24,ideological/2014/11-24,ideological/2014/11-24,ideological/2014/11-24,focal,ideological,all_parties,0,0,3,7,3,2014,Ideological 2014/PTB-PR,Ideological 2014/PTB-PR,,,,,,11,24,PTB,PR,true,endpoint-minimal,false,true,true,true,false,ideological/2014/11-24,"PTB, PT DO B, SOLIDARIEDADE, PMN, PHS, PMDB, PSD, PSDB, PTN, PPL, PRTB, PROS, PRP, PR",7,PSD,RJ,574611,7673438,0.07488312279319909,6,46,0.13043478260869565,3.4446236484871577,3.027829809955804,2.5553763515128423,0.41679383853135415,2.972170190044196,4.645941310001025,-0.09320910998252392,4.552732200018501,9804261//3836719,8193840810855//19659217707554,15229299//5123966,accounting attribution; not an independent causal effect
ideological/2014/11-24,ideological/2014/11-24,ideological/2014/11-24,ideological/2014/11-24,focal,ideological,all_parties,0,0,3,7,3,2014,Ideological 2014/PTB-PR,Ideological 2014/PTB-PR,,,,,,11,24,PTB,PR,true,endpoint-minimal,false,true,true,true,false,ideological/2014/11-24,"PTB, PT DO B, SOLIDARIEDADE, PMN, PHS, PMDB, PSD, PSDB, PTN, PPL, PRTB, PROS, PRP, PR",7,PSD,RN,190891,1580871,0.12075052297119752,1,8,0.125,0.9660041837695802,1.0058725994668973,0.03399581623041981,-0.03986841569731713,-0.005872599466897321,4.645941310001025,-0.09320910998252392,4.552732200018501,53743//1580871,-322947293999//8100329254386,-30091//5123966,accounting attribution; not an independent causal effect
ideological/2014/11-24,ideological/2014/11-24,ideological/2014/11-24,ideological/2014/11-24,focal,ideological,all_parties,0,0,3,7,3,2014,Ideological 2014/PTB-PR,Ideological 2014/PTB-PR,,,,,,11,24,PTB,PR,true,endpoint-minimal,false,true,true,true,false,ideological/2014/11-24,"PTB, PT DO B, SOLIDARIEDADE, PMN, PHS, PMDB, PSD, PSDB, PTN, PPL, PRTB, PROS, PRP, PR",7,PSD,RO,20167,798475,0.025256895957919783,0,8,0.0,0.20205516766335826,0.10626709857169232,-0.20205516766335826,0.09578806909166596,-0.10626709857169232,4.645941310001025,-0.09320910998252392,4.552732200018501,-161336//798475,9114031507//95147877950,-12663//119162,accounting attribution; not an independent causal effect
ideological/2014/11-24,ideological/2014/11-24,ideological/2014/11-24,ideological/2014/11-24,focal,ideological,all_parties,0,0,3,7,3,2014,Ideological 2014/PTB-PR,Ideological 2014/PTB-PR,,,,,,11,24,PTB,PR,true,endpoint-minimal,false,true,true,true,false,ideological/2014/11-24,"PTB, PT DO B, SOLIDARIEDADE, PMN, PHS, PMDB, PSD, PSDB, PTN, PPL, PRTB, PROS, PRP, PR",7,PSD,RR,5239,238099,0.02200345234545294,0,8,0.0,0.17602761876362352,0.02760615507597045,-0.17602761876362352,0.14842146368765308,-0.02760615507597045,4.645941310001025,-0.09320910998252392,4.552732200018501,-41912//238099,181075845145//1220011180634,-141453//5123966,accounting attribution; not an independent causal effect
ideological/2014/11-24,ideological/2014/11-24,ideological/2014/11-24,ideological/2014/11-24,focal,ideological,all_parties,0,0,3,7,3,2014,Ideological 2014/PTB-PR,Ideological 2014/PTB-PR,,,,,,11,24,PTB,PR,true,endpoint-minimal,false,true,true,true,false,ideological/2014/11-24,"PTB, PT DO B, SOLIDARIEDADE, PMN, PHS, PMDB, PSD, PSDB, PTN, PPL, PRTB, PROS, PRP, PR",7,PSD,RS,198237,5942063,0.033361645610287205,1,31,0.03225806451612903,1.0342110139189034,1.0445812872294624,-0.03421101391890325,-0.01037027331055924,-0.04458128722946249,4.645941310001025,-0.09320910998252392,4.552732200018501,-203284//5942063,-315742972935//30446928781858,-228433//5123966,accounting attribution; not an independent causal effect
ideological/2014/11-24,ideological/2014/11-24,ideological/2014/11-24,ideological/2014/11-24,focal,ideological,all_parties,0,0,3,7,3,2014,Ideological 2014/PTB-PR,Ideological 2014/PTB-PR,,,,,,11,24,PTB,PR,true,endpoint-minimal,false,true,true,true,false,ideological/2014/11-24,"PTB, PT DO B, SOLIDARIEDADE, PMN, PHS, PMDB, PSD, PSDB, PTN, PPL, PRTB, PROS, PRP, PR",7,PSD,SC,558000,3391619,0.16452319673878463,3,16,0.1875,2.632371147820554,2.940300540635906,0.36762885217944585,-0.3079293928153517,0.05969945936409414,4.645941310001025,-0.09320910998252392,4.552732200018501,1246857//3391619,-2675681703000//8689270220477,152949//2561983,accounting attribution; not an independent causal effect
ideological/2014/11-24,ideological/2014/11-24,ideological/2014/11-24,ideological/2014/11-24,focal,ideological,all_parties,0,0,3,7,3,2014,Ideological 2014/PTB-PR,Ideological 2014/PTB-PR,,,,,,11,24,PTB,PR,true,endpoint-minimal,false,true,true,true,false,ideological/2014/11-24,"PTB, PT DO B, SOLIDARIEDADE, PMN, PHS, PMDB, PSD, PSDB, PTN, PPL, PRTB, PROS, PRP, PR",7,PSD,SE,93455,1052826,0.08876585494659137,1,8,0.125,0.7101268395727309,0.4924476469984383,0.28987316042726907,0.2176791925742926,0.5075523530015617,4.645941310001025,-0.09320910998252392,4.552732200018501,152593//526413,587150943415//2697322313958,2600681//5123966,accounting attribution; not an independent causal effect
ideological/2014/11-24,ideological/2014/11-24,ideological/2014/11-24,ideological/2014/11-24,focal,ideological,all_parties,0,0,3,7,3,2014,Ideological 2014/PTB-PR,Ideological 2014/PTB-PR,,,,,,11,24,PTB,PR,true,endpoint-minimal,false,true,true,true,false,ideological/2014/11-24,"PTB, PT DO B, SOLIDARIEDADE, PMN, PHS, PMDB, PSD, PSDB, PTN, PPL, PRTB, PROS, PRP, PR",7,PSD,SP,936889,21266194,0.04405532085336944,4,70,0.05714285714285714,3.0838724597358604,4.936801493218339,0.9161275402641395,-1.8529290334824784,-0.936801493218339,4.645941310001025,-0.09320910998252392,4.552732200018501,9741273//10633097,-100954295249201//54483627502702,-4800139//5123966,accounting attribution; not an independent causal effect
ideological/2014/11-24,ideological/2014/11-24,ideological/2014/11-24,ideological/2014/11-24,focal,ideological,all_parties,0,0,3,7,3,2014,Ideological 2014/PTB-PR,Ideological 2014/PTB-PR,,,,,,11,24,PTB,PR,true,endpoint-minimal,false,true,true,true,false,ideological/2014/11-24,"PTB, PT DO B, SOLIDARIEDADE, PMN, PHS, PMDB, PSD, PSDB, PTN, PPL, PRTB, PROS, PRP, PR",7,PSD,TO,66161,733225,0.0902328753111255,1,8,0.125,0.721863002489004,0.3486258495860433,0.27813699751099596,0.3732371529029607,0.6513741504139567,4.645941310001025,-0.09320910998252392,4.552732200018501,203937//733225,1402259437133//3757019970350,3337619//5123966,accounting attribution; not an independent causal effect
ideological/2014/11-24,ideological/2014/11-24,ideological/2014/11-24,ideological/2014/11-24,focal,ideological,all_parties,0,0,3,7,3,2014,Ideological 2014/PTB-PR,Ideological 2014/PTB-PR,,,,,,11,24,PTB,PR,true,endpoint-minimal,false,true,true,true,false,ideological/2014/11-24,"PTB, PT DO B, SOLIDARIEDADE, PMN, PHS, PMDB, PSD, PSDB, PTN, PPL, PRTB, PROS, PRP, PR",8,PSDB,AC,36868,399201,0.09235447806994472,1,8,0.125,0.7388358245595578,0.19427060991427345,0.2611641754404423,0.5445652146452843,0.8057293900857265,0.580946490325171,-5.011331274299147,-4.4303847839739765,104257//399201,556951990634//1022746175583,2064265//2561983,accounting attribution; not an independent causal effect
ideological/2014/11-24,ideological/2014/11-24,ideological/2014/11-24,ideological/2014/11-24,focal,ideological,all_parties,0,0,3,7,3,2014,Ideological 2014/PTB-PR,Ideological 2014/PTB-PR,,,,,,11,24,PTB,PR,true,endpoint-minimal,false,true,true,true,false,ideological/2014/11-24,"PTB, PT DO B, SOLIDARIEDADE, PMN, PHS, PMDB, PSD, PSDB, PTN, PPL, PRTB, PROS, PRP, PR",8,PSDB,AL,202250,1384584,0.1460727554269008,1,9,0.1111111111111111,1.3146547988421071,1.065727212085326,-0.31465479884210706,0.248927586756781,-0.06572721208532609,0.580946490325171,-5.011331274299147,-4.4303847839739765,-72611//230764,147169336125//591213445012,-168392//2561983,accounting attribution; not an independent causal effect
ideological/2014/11-24,ideological/2014/11-24,ideological/2014/11-24,ideological/2014/11-24,focal,ideological,all_parties,0,0,3,7,3,2014,Ideological 2014/PTB-PR,Ideological 2014/PTB-PR,,,,,,11,24,PTB,PR,true,endpoint-minimal,false,true,true,true,false,ideological/2014/11-24,"PTB, PT DO B, SOLIDARIEDADE, PMN, PHS, PMDB, PSD, PSDB, PTN, PPL, PRTB, PROS, PRP, PR",8,PSDB,AM,258835,1658407,0.1560744738776428,1,8,0.125,1.2485957910211425,1.3638937104578759,-0.24859579102114257,-0.11529791943673322,-0.3638937104578758,0.580946490325171,-5.011331274299147,-4.4303847839739765,-412273//1658407,-979758030935//8497621082162,-1864579//5123966,accounting attribution; not an independent causal effect
ideological/2014/11-24,ideological/2014/11-24,ideological/2014/11-24,ideological/2014/11-24,focal,ideological,all_parties,0,0,3,7,3,2014,Ideological 2014/PTB-PR,Ideological 2014/PTB-PR,,,,,,11,24,PTB,PR,true,endpoint-minimal,false,true,true,true,false,ideological/2014/11-24,"PTB, PT DO B, SOLIDARIEDADE, PMN, PHS, PMDB, PSD, PSDB, PTN, PPL, PRTB, PROS, PRP, PR",8,PSDB,AP,10738,386084,0.027812600366759567,0,8,0.0,0.22250080293407654,0.05658234266191462,-0.22250080293407654,0.1659184602721619,-0.05658234266191462,0.580946490325171,-5.011331274299147,-4.4303847839739765,-21476//96521,41029173185//247285161143,-144963//2561983,accounting attribution; not an independent causal effect
ideological/2014/11-24,ideological/2014/11-24,ideological/2014/11-24,ideological/2014/11-24,focal,ideological,all_parties,0,0,3,7,3,2014,Ideological 2014/PTB-PR,Ideological 2014/PTB-PR,,,,,,11,24,PTB,PR,true,endpoint-minimal,false,true,true,true,false,ideological/2014/11-24,"PTB, PT DO B, SOLIDARIEDADE, PMN, PHS, PMDB, PSD, PSDB, PTN, PPL, PRTB, PROS, PRP, PR",8,PSDB,BA,405360,6646541,0.06098811396785185,3,39,0.07692307692307693,2.378536444746222,2.1359860701651807,0.6214635552537778,0.24255037458104148,0.8640139298348194,0.580946490325171,-5.011331274299147,-4.4303847839739765,4130583//6646541,4130226619560//17028325050803,2213589//2561983,accounting attribution; not an independent causal effect
ideological/2014/11-24,ideological/2014/11-24,ideological/2014/11-24,ideological/2014/11-24,focal,ideological,all_parties,0,0,3,7,3,2014,Ideological 2014/PTB-PR,Ideological 2014/PTB-PR,,,,,,11,24,PTB,PR,true,endpoint-minimal,false,true,true,true,false,ideological/2014/11-24,"PTB, PT DO B, SOLIDARIEDADE, PMN, PHS, PMDB, PSD, PSDB, PTN, PPL, PRTB, PROS, PRP, PR",8,PSDB,CE,196987,4367020,0.045107876767223415,1,22,0.045454545454545456,0.9923732888789152,1.0379945924699734,0.007626711121084859,-0.045621303591058315,-0.03799459246997346,0.580946490325171,-5.011331274299147,-4.4303847839739765,2379//311930,-18229345826//399579678595,-194683//5123966,accounting attribution; not an independent causal effect
ideological/2014/11-24,ideological/2014/11-24,ideological/2014/11-24,ideological/2014/11-24,focal,ideological,all_parties,0,0,3,7,3,2014,Ideological 2014/PTB-PR,Ideological 2014/PTB-PR,,,,,,11,24,PTB,PR,true,endpoint-minimal,false,true,true,true,false,ideological/2014/11-24,"PTB, PT DO B, SOLIDARIEDADE, PMN, PHS, PMDB, PSD, PSDB, PTN, PPL, PRTB, PROS, PRP, PR",8,PSDB,DF,166039,1454063,0.11418968779206953,1,8,0.125,0.9135175023365563,0.8749185689366401,0.08648249766344375,0.038598933399916165,0.1250814310633599,0.580946490325171,-5.011331274299147,-4.4303847839739765,125751//1454063,287584031053//7450569373858,640913//5123966,accounting attribution; not an independent causal effect
ideological/2014/11-24,ideological/2014/11-24,ideological/2014/11-24,ideological/2014/11-24,focal,ideological,all_parties,0,0,3,7,3,2014,Ideological 2014/PTB-PR,Ideological 2014/PTB-PR,,,,,,11,24,PTB,PR,true,endpoint-minimal,false,true,true,true,false,ideological/2014/11-24,"PTB, PT DO B, SOLIDARIEDADE, PMN, PHS, PMDB, PSD, PSDB, PTN, PPL, PRTB, PROS, PRP, PR",8,PSDB,ES,202551,1794470,0.11287511075693658,1,10,0.1,1.128751107569366,1.067313288183411,-0.1287511075693659,0.061437819385954835,-0.06731328818341105,0.580946490325171,-5.011331274299147,-4.4303847839739765,-23104//179447,56490866247//919480326802,-344911//5123966,accounting attribution; not an independent causal effect
ideological/2014/11-24,ideological/2014/11-24,ideological/2014/11-24,ideological/2014/11-24,focal,ideological,all_parties,0,0,3,7,3,2014,Ideological 2014/PTB-PR,Ideological 2014/PTB-PR,,,,,,11,24,PTB,PR,true,endpoint-minimal,false,true,true,true,false,ideological/2014/11-24,"PTB, PT DO B, SOLIDARIEDADE, PMN, PHS, PMDB, PSD, PSDB, PTN, PPL, PRTB, PROS, PRP, PR",8,PSDB,GO,920741,3032760,0.30359837243962595,6,17,0.35294117647058826,5.161172331473641,4.851711935637356,0.8388276685263588,0.30946039583628526,1.148288064362644,0.580946490325171,-5.011331274299147,-4.4303847839739765,2543963//3032760,2404470005191//7769879563080,5883789//5123966,accounting attribution; not an independent causal effect
ideological/2014/11-24,ideological/2014/11-24,ideological/2014/11-24,ideological/2014/11-24,focal,ideological,all_parties,0,0,3,7,3,2014,Ideological 2014/PTB-PR,Ideological 2014/PTB-PR,,,,,,11,24,PTB,PR,true,endpoint-minimal,false,true,true,true,false,ideological/2014/11-24,"PTB, PT DO B, SOLIDARIEDADE, PMN, PHS, PMDB, PSD, PSDB, PTN, PPL, PRTB, PROS, PRP, PR",8,PSDB,MA,82420,3130492,0.02632812989140365,1,18,0.05555555555555555,0.4739063380452657,0.4343003056616691,0.5260936619547343,0.039606032383596626,0.5656996943383309,0.580946490325171,-5.011331274299147,-4.4303847839739765,411733//782623,79412741460//2005066821409,1449313//2561983,accounting attribution; not an independent causal effect
ideological/2014/11-24,ideological/2014/11-24,ideological/2014/11-24,ideological/2014/11-24,focal,ideological,all_parties,0,0,3,7,3,2014,Ideological 2014/PTB-PR,Ideological 2014/PTB-PR,,,,,,11,24,PTB,PR,true,endpoint-minimal,false,true,true,true,false,ideological/2014/11-24,"PTB, PT DO B, SOLIDARIEDADE, PMN, PHS, PMDB, PSD, PSDB, PTN, PPL, PRTB, PROS, PRP, PR",8,PSDB,MG,1410076,10118666,0.13935394250585997,7,53,0.1320754716981132,7.385758952810578,7.43019215974501,-0.385758952810578,-0.04443320693443202,-0.43019215974501,0.580946490325171,-5.011331274299147,-4.4303847839739765,-1951683//5059333,-575939901896//12961925137339,-1102145//2561983,accounting attribution; not an independent causal effect
ideological/2014/11-24,ideological/2014/11-24,ideological/2014/11-24,ideological/2014/11-24,focal,ideological,all_parties,0,0,3,7,3,2014,Ideological 2014/PTB-PR,Ideological 2014/PTB-PR,,,,,,11,24,PTB,PR,true,endpoint-minimal,false,true,true,true,false,ideological/2014/11-24,"PTB, PT DO B, SOLIDARIEDADE, PMN, PHS, PMDB, PSD, PSDB, PTN, PPL, PRTB, PROS, PRP, PR",8,PSDB,MS,104356,1276893,0.08172650331703596,1,8,0.125,0.6538120265362877,0.5498888946569903,0.34618797346371233,0.10392313187929739,0.4501111053430097,0.580946490325171,-5.011331274299147,-4.4303847839739765,442045//1276893,339971863826//3271378158819,1153177//2561983,accounting attribution; not an independent causal effect
ideological/2014/11-24,ideological/2014/11-24,ideological/2014/11-24,ideological/2014/11-24,focal,ideological,all_parties,0,0,3,7,3,2014,Ideological 2014/PTB-PR,Ideological 2014/PTB-PR,,,,,,11,24,PTB,PR,true,endpoint-minimal,false,true,true,true,false,ideological/2014/11-24,"PTB, PT DO B, SOLIDARIEDADE, PMN, PHS, PMDB, PSD, PSDB, PTN, PPL, PRTB, PROS, PRP, PR",8,PSDB,MT,171389,1454612,0.11782454702697352,1,8,0.125,0.9425963762157882,0.9031096225072531,0.05740362378421187,0.03948675370853496,0.09689037749274683,0.580946490325171,-5.011331274299147,-4.4303847839739765,20875//363653,73577469089//1863345607798,496463//5123966,accounting attribution; not an independent causal effect
ideological/2014/11-24,ideological/2014/11-24,ideological/2014/11-24,ideological/2014/11-24,focal,ideological,all_parties,0,0,3,7,3,2014,Ideological 2014/PTB-PR,Ideological 2014/PTB-PR,,,,,,11,24,PTB,PR,true,endpoint-minimal,false,true,true,true,false,ideological/2014/11-24,"PTB, PT DO B, SOLIDARIEDADE, PMN, PHS, PMDB, PSD, PSDB, PTN, PPL, PRTB, PROS, PRP, PR",8,PSDB,PA,480456,3756049,0.12791526415123977,1,17,0.058823529411764705,2.174559490571076,2.5316936138920516,-1.1745594905710761,-0.35713412332097544,-1.5316936138920516,0.580946490325171,-5.011331274299147,-4.4303847839739765,-4411703//3756049,-3436677985428//9622933685167,-3924173//2561983,accounting attribution; not an independent causal effect
ideological/2014/11-24,ideological/2014/11-24,ideological/2014/11-24,ideological/2014/11-24,focal,ideological,all_parties,0,0,3,7,3,2014,Ideological 2014/PTB-PR,Ideological 2014/PTB-PR,,,,,,11,24,PTB,PR,true,endpoint-minimal,false,true,true,true,false,ideological/2014/11-24,"PTB, PT DO B, SOLIDARIEDADE, PMN, PHS, PMDB, PSD, PSDB, PTN, PPL, PRTB, PROS, PRP, PR",8,PSDB,PB,241038,1936819,0.12445045200403342,1,12,0.08333333333333333,1.493405424048401,1.2701149851501747,-0.493405424048401,0.22329043889822633,-0.2701149851501747,0.580946490325171,-5.011331274299147,-4.4303847839739765,-955637//1936819,1107988895601//4962097352077,-692030//2561983,accounting attribution; not an independent causal effect
ideological/2014/11-24,ideological/2014/11-24,ideological/2014/11-24,ideological/2014/11-24,focal,ideological,all_parties,0,0,3,7,3,2014,Ideological 2014/PTB-PR,Ideological 2014/PTB-PR,,,,,,11,24,PTB,PR,true,endpoint-minimal,false,true,true,true,false,ideological/2014/11-24,"PTB, PT DO B, SOLIDARIEDADE, PMN, PHS, PMDB, PSD, PSDB, PTN, PPL, PRTB, PROS, PRP, PR",8,PSDB,PE,413047,4483227,0.09213162750848887,3,25,0.12,2.3032906877122215,2.1764916082581345,0.6967093122877784,0.12679907945408717,0.8235083917418656,0.580946490325171,-5.011331274299147,-4.4303847839739765,3123506//4483227,2912816117987//22971902718282,4219629//5123966,accounting attribution; not an independent causal effect
ideological/2014/11-24,ideological/2014/11-24,ideological/2014/11-24,ideological/2014/11-24,focal,ideological,all_parties,0,0,3,7,3,2014,Ideological 2014/PTB-PR,Ideological 2014/PTB-PR,,,,,,11,24,PTB,PR,true,endpoint-minimal,false,true,true,true,false,ideological/2014/11-24,"PTB, PT DO B, SOLIDARIEDADE, PMN, PHS, PMDB, PSD, PSDB, PTN, PPL, PRTB, PROS, PRP, PR",8,PSDB,PI,12623,1733434,0.007282077079369622,0,10,0.0,0.07282077079369621,0.06651507835922409,-0.07282077079369621,0.006305692434472127,-0.06651507835922409,0.580946490325171,-5.011331274299147,-4.4303847839739765,-63115//866717,28003759433//4441028439622,-340821//5123966,accounting attribution; not an independent causal effect
ideological/2014/11-24,ideological/2014/11-24,ideological/2014/11-24,ideological/2014/11-24,focal,ideological,all_parties,0,0,3,7,3,2014,Ideological 2014/PTB-PR,Ideological 2014/PTB-PR,,,,,,11,24,PTB,PR,true,endpoint-minimal,false,true,true,true,false,ideological/2014/11-24,"PTB, PT DO B, SOLIDARIEDADE, PMN, PHS, PMDB, PSD, PSDB, PTN, PPL, PRTB, PROS, PRP, PR",8,PSDB,PR,529384,5665222,0.09344452874044477,3,30,0.1,2.803335862213343,2.789512654845875,0.1966641377866569,0.01382320736746785,0.21048734515412476,0.580946490325171,-5.011331274299147,-4.4303847839739765,557073//2832611,100316415156//7257101227613,539265//2561983,accounting attribution; not an independent causal effect
ideological/2014/11-24,ideological/2014/11-24,ideological/2014/11-24,ideological/2014/11-24,focal,ideological,all_parties,0,0,3,7,3,2014,Ideological 2014/PTB-PR,Ideological 2014/PTB-PR,,,,,,11,24,PTB,PR,true,endpoint-minimal,false,true,true,true,false,ideological/2014/11-24,"PTB, PT DO B, SOLIDARIEDADE, PMN, PHS, PMDB, PSD, PSDB, PTN, PPL, PRTB, PROS, PRP, PR",8,PSDB,RJ,252511,7673438,0.032907153221280995,1,46,0.021739130434782608,1.5137290481789258,1.330570304330669,-0.5137290481789258,0.18315874384825692,-0.33057030433066886,0.580946490325171,-5.011331274299147,-4.4303847839739765,-1971034//3836719,3600757620355//19659217707554,-1693831//5123966,accounting attribution; not an independent causal effect
ideological/2014/11-24,ideological/2014/11-24,ideological/2014/11-24,ideological/2014/11-24,focal,ideological,all_parties,0,0,3,7,3,2014,Ideological 2014/PTB-PR,Ideological 2014/PTB-PR,,,,,,11,24,PTB,PR,true,endpoint-minimal,false,true,true,true,false,ideological/2014/11-24,"PTB, PT DO B, SOLIDARIEDADE, PMN, PHS, PMDB, PSD, PSDB, PTN, PPL, PRTB, PROS, PRP, PR",8,PSDB,RN,90653,1580871,0.05734370483107097,1,8,0.125,0.45874963864856777,0.4776829120255677,0.5412503613514322,-0.01893327337699991,0.5223170879744323,0.580946490325171,-5.011331274299147,-4.4303847839739765,855647//1580871,-153365748217//8100329254386,2676335//5123966,accounting attribution; not an independent causal effect
ideological/2014/11-24,ideological/2014/11-24,ideological/2014/11-24,ideological/2014/11-24,focal,ideological,all_parties,0,0,3,7,3,2014,Ideological 2014/PTB-PR,Ideological 2014/PTB-PR,,,,,,11,24,PTB,PR,true,endpoint-minimal,false,true,true,true,false,ideological/2014/11-24,"PTB, PT DO B, SOLIDARIEDADE, PMN, PHS, PMDB, PSD, PSDB, PTN, PPL, PRTB, PROS, PRP, PR",8,PSDB,RO,72551,798475,0.09086195560286797,1,8,0.125,0.7268956448229438,0.3822970331965513,0.2731043551770563,0.3445986116263925,0.6177029668034487,0.580946490325171,-5.011331274299147,-4.4303847839739765,218067//798475,1409876545553//4091358751850,3165089//5123966,accounting attribution; not an independent causal effect
ideological/2014/11-24,ideological/2014/11-24,ideological/2014/11-24,ideological/2014/11-24,focal,ideological,all_parties,0,0,3,7,3,2014,Ideological 2014/PTB-PR,Ideological 2014/PTB-PR,,,,,,11,24,PTB,PR,true,endpoint-minimal,false,true,true,true,false,ideological/2014/11-24,"PTB, PT DO B, SOLIDARIEDADE, PMN, PHS, PMDB, PSD, PSDB, PTN, PPL, PRTB, PROS, PRP, PR",8,PSDB,RR,39097,238099,0.16420480556407208,1,8,0.125,1.3136384445125766,0.2060160040093943,-0.3136384445125767,1.1076224405031825,0.7939839959906058,0.580946490325171,-5.011331274299147,-4.4303847839739765,-74677//238099,1351311761335//1220011180634,4068347//5123966,accounting attribution; not an independent causal effect
ideological/2014/11-24,ideological/2014/11-24,ideological/2014/11-24,ideological/2014/11-24,focal,ideological,all_parties,0,0,3,7,3,2014,Ideological 2014/PTB-PR,Ideological 2014/PTB-PR,,,,,,11,24,PTB,PR,true,endpoint-minimal,false,true,true,true,false,ideological/2014/11-24,"PTB, PT DO B, SOLIDARIEDADE, PMN, PHS, PMDB, PSD, PSDB, PTN, PPL, PRTB, PROS, PRP, PR",8,PSDB,RS,305961,5942063,0.0514907028080988,1,31,0.03225806451612903,1.5962117870510628,1.6122173722464201,-0.5962117870510629,-0.016005585195357153,-0.61221737224642,0.580946490325171,-5.011331274299147,-4.4303847839739765,-3542728//5942063,-487320912555//30446928781858,-3136981//5123966,accounting attribution; not an independent causal effect
ideological/2014/11-24,ideological/2014/11-24,ideological/2014/11-24,ideological/2014/11-24,focal,ideological,all_parties,0,0,3,7,3,2014,Ideological 2014/PTB-PR,Ideological 2014/PTB-PR,,,,,,11,24,PTB,PR,true,endpoint-minimal,false,true,true,true,false,ideological/2014/11-24,"PTB, PT DO B, SOLIDARIEDADE, PMN, PHS, PMDB, PSD, PSDB, PTN, PPL, PRTB, PROS, PRP, PR",8,PSDB,SC,291766,3391619,0.08602558247255956,2,16,0.125,1.376409319560953,1.5374188665576625,0.623590680439047,-0.16100954699670952,0.4625811334423374,0.580946490325171,-5.011331274299147,-4.4303847839739765,2114982//3391619,-1399055461931//8689270220477,1185125//2561983,accounting attribution; not an independent causal effect
ideological/2014/11-24,ideological/2014/11-24,ideological/2014/11-24,ideological/2014/11-24,focal,ideological,all_parties,0,0,3,7,3,2014,Ideological 2014/PTB-PR,Ideological 2014/PTB-PR,,,,,,11,24,PTB,PR,true,endpoint-minimal,false,true,true,true,false,ideological/2014/11-24,"PTB, PT DO B, SOLIDARIEDADE, PMN, PHS, PMDB, PSD, PSDB, PTN, PPL, PRTB, PROS, PRP, PR",8,PSDB,SE,47020,1052826,0.04466075115926089,0,8,0.0,0.3572860092740871,0.24776511007293958,-0.3572860092740871,0.10952089920114748,-0.24776511007293958,0.580946490325171,-5.011331274299147,-4.4303847839739765,-188080//526413,147706582630//1348661156979,-634770//2561983,accounting attribution; not an independent causal effect
ideological/2014/11-24,ideological/2014/11-24,ideological/2014/11-24,ideological/2014/11-24,focal,ideological,all_parties,0,0,3,7,3,2014,Ideological 2014/PTB-PR,Ideological 2014/PTB-PR,,,,,,11,24,PTB,PR,true,endpoint-minimal,false,true,true,true,false,ideological/2014/11-24,"PTB, PT DO B, SOLIDARIEDADE, PMN, PHS, PMDB, PSD, PSDB, PTN, PPL, PRTB, PROS, PRP, PR",8,PSDB,SP,4139629,21266194,0.1946577276592135,14,70,0.2,13.626040936144944,21.81317811242307,0.37395906385505556,-8.187137176278128,-7.813178112423072,0.580946490325171,-5.011331274299147,-4.4303847839739765,3976343//10633097,-446064932225861//54483627502702,-40034459//5123966,accounting attribution; not an independent causal effect
ideological/2014/11-24,ideological/2014/11-24,ideological/2014/11-24,ideological/2014/11-24,focal,ideological,all_parties,0,0,3,7,3,2014,Ideological 2014/PTB-PR,Ideological 2014/PTB-PR,,,,,,11,24,PTB,PR,true,endpoint-minimal,false,true,true,true,false,ideological/2014/11-24,"PTB, PT DO B, SOLIDARIEDADE, PMN, PHS, PMDB, PSD, PSDB, PTN, PPL, PRTB, PROS, PRP, PR",8,PSDB,TO,4369,733225,0.005958607521565686,0,8,0.0,0.04766886017252549,0.02302181552336608,-0.04766886017252549,0.024647044649159407,-0.02302181552336608,0.580946490325171,-5.011331274299147,-4.4303847839739765,-34952//733225,92599438957//3757019970350,-117963//5123966,accounting attribution; not an independent causal effect
ideological/2014/11-24,ideological/2014/11-24,ideological/2014/11-24,ideological/2014/11-24,focal,ideological,all_parties,0,0,3,7,3,2014,Ideological 2014/PTB-PR,Ideological 2014/PTB-PR,,,,,,11,24,PTB,PR,true,endpoint-minimal,false,true,true,true,false,ideological/2014/11-24,"PTB, PT DO B, SOLIDARIEDADE, PMN, PHS, PMDB, PSD, PSDB, PTN, PPL, PRTB, PROS, PRP, PR",9,PTN,AC,848,399201,0.002124243175743548,0,8,0.0,0.016993945405948382,0.004468413724837362,-0.016993945405948382,0.01252553168111102,-0.004468413724837362,0.39207808396022525,-0.20278135560566551,0.18929672835455974,-6784//399201,12810439624//1022746175583,-11448//2561983,accounting attribution; not an independent causal effect
ideological/2014/11-24,ideological/2014/11-24,ideological/2014/11-24,ideological/2014/11-24,focal,ideological,all_parties,0,0,3,7,3,2014,Ideological 2014/PTB-PR,Ideological 2014/PTB-PR,,,,,,11,24,PTB,PR,true,endpoint-minimal,false,true,true,true,false,ideological/2014/11-24,"PTB, PT DO B, SOLIDARIEDADE, PMN, PHS, PMDB, PSD, PSDB, PTN, PPL, PRTB, PROS, PRP, PR",9,PTN,AL,0,1384584,0.0,0,9,0.0,0.0,0.0,0.0,0.0,0.0,0.39207808396022525,-0.20278135560566551,0.18929672835455974,0//1,0//1,0//1,accounting attribution; not an independent causal effect
ideological/2014/11-24,ideological/2014/11-24,ideological/2014/11-24,ideological/2014/11-24,focal,ideological,all_parties,0,0,3,7,3,2014,Ideological 2014/PTB-PR,Ideological 2014/PTB-PR,,,,,,11,24,PTB,PR,true,endpoint-minimal,false,true,true,true,false,ideological/2014/11-24,"PTB, PT DO B, SOLIDARIEDADE, PMN, PHS, PMDB, PSD, PSDB, PTN, PPL, PRTB, PROS, PRP, PR",9,PTN,AM,23579,1658407,0.014217860874923948,0,8,0.0,0.11374288699939158,0.12424614058719359,-0.11374288699939158,-0.010503253587802007,-0.12424614058719359,0.39207808396022525,-0.20278135560566551,0.18929672835455974,-188632//1658407,-89252669119//8497621082162,-636633//5123966,accounting attribution; not an independent causal effect
ideological/2014/11-24,ideological/2014/11-24,ideological/2014/11-24,ideological/2014/11-24,focal,ideological,all_parties,0,0,3,7,3,2014,Ideological 2014/PTB-PR,Ideological 2014/PTB-PR,,,,,,11,24,PTB,PR,true,endpoint-minimal,false,true,true,true,false,ideological/2014/11-24,"PTB, PT DO B, SOLIDARIEDADE, PMN, PHS, PMDB, PSD, PSDB, PTN, PPL, PRTB, PROS, PRP, PR",9,PTN,AP,0,386084,0.0,0,8,0.0,0.0,0.0,0.0,0.0,0.0,0.39207808396022525,-0.20278135560566551,0.18929672835455974,0//1,0//1,0//1,accounting attribution; not an independent causal effect
ideological/2014/11-24,ideological/2014/11-24,ideological/2014/11-24,ideological/2014/11-24,focal,ideological,all_parties,0,0,3,7,3,2014,Ideological 2014/PTB-PR,Ideological 2014/PTB-PR,,,,,,11,24,PTB,PR,true,endpoint-minimal,false,true,true,true,false,ideological/2014/11-24,"PTB, PT DO B, SOLIDARIEDADE, PMN, PHS, PMDB, PSD, PSDB, PTN, PPL, PRTB, PROS, PRP, PR",9,PTN,BA,116601,6646541,0.017543110017676864,1,39,0.02564102564102564,0.6841812906893977,0.6144121565209449,0.3158187093106023,0.06976913416845278,0.3855878434790551,0.39207808396022525,-0.20278135560566551,0.18929672835455974,2099102//6646541,2376102990267//34056650101606,1975739//5123966,accounting attribution; not an independent causal effect
ideological/2014/11-24,ideological/2014/11-24,ideological/2014/11-24,ideological/2014/11-24,focal,ideological,all_parties,0,0,3,7,3,2014,Ideological 2014/PTB-PR,Ideological 2014/PTB-PR,,,,,,11,24,PTB,PR,true,endpoint-minimal,false,true,true,true,false,ideological/2014/11-24,"PTB, PT DO B, SOLIDARIEDADE, PMN, PHS, PMDB, PSD, PSDB, PTN, PPL, PRTB, PROS, PRP, PR",9,PTN,CE,23656,4367020,0.005416966260745314,0,22,0.0,0.1191732577363969,0.12465188098437811,-0.1191732577363969,-0.005478623247981214,-0.12465188098437811,0.39207808396022525,-0.20278135560566551,0.18929672835455974,-130108//1091755,-15324025616//2797057750165,-319356//2561983,accounting attribution; not an independent causal effect
ideological/2014/11-24,ideological/2014/11-24,ideological/2014/11-24,ideological/2014/11-24,focal,ideological,all_parties,0,0,3,7,3,2014,Ideological 2014/PTB-PR,Ideological 2014/PTB-PR,,,,,,11,24,PTB,PR,true,endpoint-minimal,false,true,true,true,false,ideological/2014/11-24,"PTB, PT DO B, SOLIDARIEDADE, PMN, PHS, PMDB, PSD, PSDB, PTN, PPL, PRTB, PROS, PRP, PR",9,PTN,DF,803,1454063,0.0005522456729866587,0,8,0.0,0.00441796538389327,0.004231292713495757,-0.00441796538389327,0.00018667267039751311,-0.004231292713495757,0.39207808396022525,-0.20278135560566551,0.18929672835455974,-6424//1454063,1390817681//7450569373858,-21681//5123966,accounting attribution; not an independent causal effect
ideological/2014/11-24,ideological/2014/11-24,ideological/2014/11-24,ideological/2014/11-24,focal,ideological,all_parties,0,0,3,7,3,2014,Ideological 2014/PTB-PR,Ideological 2014/PTB-PR,,,,,,11,24,PTB,PR,true,endpoint-minimal,false,true,true,true,false,ideological/2014/11-24,"PTB, PT DO B, SOLIDARIEDADE, PMN, PHS, PMDB, PSD, PSDB, PTN, PPL, PRTB, PROS, PRP, PR",9,PTN,ES,1273,1794470,0.0007094016617719995,0,10,0.0,0.007094016617719996,0.006707889943063635,-0.007094016617719996,0.00038612667465636065,-0.006707889943063635,0.39207808396022525,-0.20278135560566551,0.18929672835455974,-1273//179447,355035881//919480326802,-34371//5123966,accounting attribution; not an independent causal effect
ideological/2014/11-24,ideological/2014/11-24,ideological/2014/11-24,ideological/2014/11-24,focal,ideological,all_parties,0,0,3,7,3,2014,Ideological 2014/PTB-PR,Ideological 2014/PTB-PR,,,,,,11,24,PTB,PR,true,endpoint-minimal,false,true,true,true,false,ideological/2014/11-24,"PTB, PT DO B, SOLIDARIEDADE, PMN, PHS, PMDB, PSD, PSDB, PTN, PPL, PRTB, PROS, PRP, PR",9,PTN,GO,1243,3032760,0.00040985768738706655,0,17,0.0,0.006967580685580132,0.006549809268835898,-0.006967580685580132,0.0004177714167442338,-0.006549809268835898,0.39207808396022525,-0.20278135560566551,0.18929672835455974,-21131//3032760,3246033593//7769879563080,-33561//5123966,accounting attribution; not an independent causal effect
ideological/2014/11-24,ideological/2014/11-24,ideological/2014/11-24,ideological/2014/11-24,focal,ideological,all_parties,0,0,3,7,3,2014,Ideological 2014/PTB-PR,Ideological 2014/PTB-PR,,,,,,11,24,PTB,PR,true,endpoint-minimal,false,true,true,true,false,ideological/2014/11-24,"PTB, PT DO B, SOLIDARIEDADE, PMN, PHS, PMDB, PSD, PSDB, PTN, PPL, PRTB, PROS, PRP, PR",9,PTN,MA,3429,3130492,0.0010953549793450998,0,18,0.0,0.019716389628211796,0.018068621064230326,-0.019716389628211796,0.0016477685639814707,-0.018068621064230326,0.39207808396022525,-0.20278135560566551,0.18929672835455974,-30861//1565246,3303886077//2005066821409,-92583//5123966,accounting attribution; not an independent causal effect
ideological/2014/11-24,ideological/2014/11-24,ideological/2014/11-24,ideological/2014/11-24,focal,ideological,all_parties,0,0,3,7,3,2014,Ideological 2014/PTB-PR,Ideological 2014/PTB-PR,,,,,,11,24,PTB,PR,true,endpoint-minimal,false,true,true,true,false,ideological/2014/11-24,"PTB, PT DO B, SOLIDARIEDADE, PMN, PHS, PMDB, PSD, PSDB, PTN, PPL, PRTB, PROS, PRP, PR",9,PTN,MG,120020,10118666,0.011861247322522554,1,53,0.018867924528301886,0.6286461080936954,0.6324280840270993,0.37135389190630463,-0.0037819759334039665,0.3675719159729007,0.39207808396022525,-0.20278135560566551,0.18929672835455974,1878803//5059333,-49021688920//12961925137339,941713//2561983,accounting attribution; not an independent causal effect
ideological/2014/11-24,ideological/2014/11-24,ideological/2014/11-24,ideological/2014/11-24,focal,ideological,all_parties,0,0,3,7,3,2014,Ideological 2014/PTB-PR,Ideological 2014/PTB-PR,,,,,,11,24,PTB,PR,true,endpoint-minimal,false,true,true,true,false,ideological/2014/11-24,"PTB, PT DO B, SOLIDARIEDADE, PMN, PHS, PMDB, PSD, PSDB, PTN, PPL, PRTB, PROS, PRP, PR",9,PTN,MS,6157,1276893,0.004821860563101215,0,8,0.0,0.03857488450480972,0.0324434237073392,-0.03857488450480972,0.006131460797470524,-0.0324434237073392,0.39207808396022525,-0.20278135560566551,0.18929672835455974,-49256//1276893,40116653869//6542756317638,-166239//5123966,accounting attribution; not an independent causal effect
ideological/2014/11-24,ideological/2014/11-24,ideological/2014/11-24,ideological/2014/11-24,focal,ideological,all_parties,0,0,3,7,3,2014,Ideological 2014/PTB-PR,Ideological 2014/PTB-PR,,,,,,11,24,PTB,PR,true,endpoint-minimal,false,true,true,true,false,ideological/2014/11-24,"PTB, PT DO B, SOLIDARIEDADE, PMN, PHS, PMDB, PSD, PSDB, PTN, PPL, PRTB, PROS, PRP, PR",9,PTN,MT,213,1454612,0.00014643080079086381,0,8,0.0,0.0011714464063269105,0.0011223727870169318,-0.0011714464063269105,4.9073619309978737e-5,-0.0011223727870169318,0.39207808396022525,-0.20278135560566551,0.18929672835455974,-426//363653,91441113//1863345607798,-5751//5123966,accounting attribution; not an independent causal effect
ideological/2014/11-24,ideological/2014/11-24,ideological/2014/11-24,ideological/2014/11-24,focal,ideological,all_parties,0,0,3,7,3,2014,Ideological 2014/PTB-PR,Ideological 2014/PTB-PR,,,,,,11,24,PTB,PR,true,endpoint-minimal,false,true,true,true,false,ideological/2014/11-24,"PTB, PT DO B, SOLIDARIEDADE, PMN, PHS, PMDB, PSD, PSDB, PTN, PPL, PRTB, PROS, PRP, PR",9,PTN,PA,1427,3756049,0.0003799204962448573,0,17,0.0,0.006458648436162574,0.007519370737432684,-0.006458648436162574,-0.00106072230127011,-0.007519370737432684,0.39207808396022525,-0.20278135560566551,0.18929672835455974,-24259//3756049,-20414520727//19245867370334,-38529//5123966,accounting attribution; not an independent causal effect
ideological/2014/11-24,ideological/2014/11-24,ideological/2014/11-24,ideological/2014/11-24,focal,ideological,all_parties,0,0,3,7,3,2014,Ideological 2014/PTB-PR,Ideological 2014/PTB-PR,,,,,,11,24,PTB,PR,true,endpoint-minimal,false,true,true,true,false,ideological/2014/11-24,"PTB, PT DO B, SOLIDARIEDADE, PMN, PHS, PMDB, PSD, PSDB, PTN, PPL, PRTB, PROS, PRP, PR",9,PTN,PB,27567,1936819,0.014233131748501021,0,12,0.0,0.17079758098201225,0.1452603315478674,-0.17079758098201225,0.025537249434144843,-0.1452603315478674,0.39207808396022525,-0.20278135560566551,0.18929672835455974,-330804//1936819,253436635593//9924194704154,-744309//5123966,accounting attribution; not an independent causal effect
ideological/2014/11-24,ideological/2014/11-24,ideological/2014/11-24,ideological/2014/11-24,focal,ideological,all_parties,0,0,3,7,3,2014,Ideological 2014/PTB-PR,Ideological 2014/PTB-PR,,,,,,11,24,PTB,PR,true,endpoint-minimal,false,true,true,true,false,ideological/2014/11-24,"PTB, PT DO B, SOLIDARIEDADE, PMN, PHS, PMDB, PSD, PSDB, PTN, PPL, PRTB, PROS, PRP, PR",9,PTN,PE,6556,4483227,0.001462339515710447,0,25,0.0,0.03655848789276117,0.034545896674568095,-0.03655848789276117,0.002012591218193076,-0.034545896674568095,0.39207808396022525,-0.20278135560566551,0.18929672835455974,-163900//4483227,23116524838//11485951359141,-88506//2561983,accounting attribution; not an independent causal effect
ideological/2014/11-24,ideological/2014/11-24,ideological/2014/11-24,ideological/2014/11-24,focal,ideological,all_parties,0,0,3,7,3,2014,Ideological 2014/PTB-PR,Ideological 2014/PTB-PR,,,,,,11,24,PTB,PR,true,endpoint-minimal,false,true,true,true,false,ideological/2014/11-24,"PTB, PT DO B, SOLIDARIEDADE, PMN, PHS, PMDB, PSD, PSDB, PTN, PPL, PRTB, PROS, PRP, PR",9,PTN,PI,577,1733434,0.0003328652835931452,0,10,0.0,0.0033286528359314517,0.0030404183009801393,-0.0033286528359314517,0.0002882345349513125,-0.0030404183009801393,0.39207808396022525,-0.20278135560566551,0.18929672835455974,-2885//866717,1280057767//4441028439622,-15579//5123966,accounting attribution; not an independent causal effect
ideological/2014/11-24,ideological/2014/11-24,ideological/2014/11-24,ideological/2014/11-24,focal,ideological,all_parties,0,0,3,7,3,2014,Ideological 2014/PTB-PR,Ideological 2014/PTB-PR,,,,,,11,24,PTB,PR,true,endpoint-minimal,false,true,true,true,false,ideological/2014/11-24,"PTB, PT DO B, SOLIDARIEDADE, PMN, PHS, PMDB, PSD, PSDB, PTN, PPL, PRTB, PROS, PRP, PR",9,PTN,PR,205121,5665222,0.03620705419840564,1,30,0.03333333333333333,1.0862116259521692,1.0808555326089204,-0.08621162595216922,0.005356093343248706,-0.0808555326089205,0.39207808396022525,-0.20278135560566551,0.18929672835455974,-244204//2832611,77739423153//14514202455226,-414301//5123966,accounting attribution; not an independent causal effect
ideological/2014/11-24,ideological/2014/11-24,ideological/2014/11-24,ideological/2014/11-24,focal,ideological,all_parties,0,0,3,7,3,2014,Ideological 2014/PTB-PR,Ideological 2014/PTB-PR,,,,,,11,24,PTB,PR,true,endpoint-minimal,false,true,true,true,false,ideological/2014/11-24,"PTB, PT DO B, SOLIDARIEDADE, PMN, PHS, PMDB, PSD, PSDB, PTN, PPL, PRTB, PROS, PRP, PR",9,PTN,RJ,14064,7673438,0.0018328160076356908,0,46,0.0,0.08430953635124178,0.07410822007796304,-0.08430953635124178,0.01020131627327873,-0.07410822007796304,0.39207808396022525,-0.20278135560566551,0.18929672835455974,-323472//3836719,100274948760//9829608853777,-189864//2561983,accounting attribution; not an independent causal effect
ideological/2014/11-24,ideological/2014/11-24,ideological/2014/11-24,ideological/2014/11-24,focal,ideological,all_parties,0,0,3,7,3,2014,Ideological 2014/PTB-PR,Ideological 2014/PTB-PR,,,,,,11,24,PTB,PR,true,endpoint-minimal,false,true,true,true,false,ideological/2014/11-24,"PTB, PT DO B, SOLIDARIEDADE, PMN, PHS, PMDB, PSD, PSDB, PTN, PPL, PRTB, PROS, PRP, PR",9,PTN,RN,1940,1580871,0.00122717160350212,0,8,0.0,0.00981737282801696,0.010222550266726985,-0.00981737282801696,-0.00040517743871002426,-0.010222550266726985,0.39207808396022525,-0.20278135560566551,0.18929672835455974,-15520//1580871,-1641035330//4050164627193,-26190//2561983,accounting attribution; not an independent causal effect
ideological/2014/11-24,ideological/2014/11-24,ideological/2014/11-24,ideological/2014/11-24,focal,ideological,all_parties,0,0,3,7,3,2014,Ideological 2014/PTB-PR,Ideological 2014/PTB-PR,,,,,,11,24,PTB,PR,true,endpoint-minimal,false,true,true,true,false,ideological/2014/11-24,"PTB, PT DO B, SOLIDARIEDADE, PMN, PHS, PMDB, PSD, PSDB, PTN, PPL, PRTB, PROS, PRP, PR",9,PTN,RO,598,798475,0.0007489276433200789,0,8,0.0,0.005991421146560631,0.003151074772939555,-0.005991421146560631,0.002840346373621076,-0.003151074772939555,0.39207808396022525,-0.20278135560566551,0.18929672835455974,-4784//798475,5810437997//2045679375925,-8073//2561983,accounting attribution; not an independent causal effect
ideological/2014/11-24,ideological/2014/11-24,ideological/2014/11-24,ideological/2014/11-24,focal,ideological,all_parties,0,0,3,7,3,2014,Ideological 2014/PTB-PR,Ideological 2014/PTB-PR,,,,,,11,24,PTB,PR,true,endpoint-minimal,false,true,true,true,false,ideological/2014/11-24,"PTB, PT DO B, SOLIDARIEDADE, PMN, PHS, PMDB, PSD, PSDB, PTN, PPL, PRTB, PROS, PRP, PR",9,PTN,RR,103,238099,0.00043259316502799257,0,8,0.0,0.0034607453202239406,0.0005427436481818965,-0.0034607453202239406,0.002918001672042044,-0.0005427436481818965,0.39207808396022525,-0.20278135560566551,0.18929672835455974,-824//238099,3559994665//1220011180634,-2781//5123966,accounting attribution; not an independent causal effect
ideological/2014/11-24,ideological/2014/11-24,ideological/2014/11-24,ideological/2014/11-24,focal,ideological,all_parties,0,0,3,7,3,2014,Ideological 2014/PTB-PR,Ideological 2014/PTB-PR,,,,,,11,24,PTB,PR,true,endpoint-minimal,false,true,true,true,false,ideological/2014/11-24,"PTB, PT DO B, SOLIDARIEDADE, PMN, PHS, PMDB, PSD, PSDB, PTN, PPL, PRTB, PROS, PRP, PR",9,PTN,RS,0,5942063,0.0,0,31,0.0,0.0,0.0,0.0,0.0,0.0,0.39207808396022525,-0.20278135560566551,0.18929672835455974,0//1,0//1,0//1,accounting attribution; not an independent causal effect
ideological/2014/11-24,ideological/2014/11-24,ideological/2014/11-24,ideological/2014/11-24,focal,ideological,all_parties,0,0,3,7,3,2014,Ideological 2014/PTB-PR,Ideological 2014/PTB-PR,,,,,,11,24,PTB,PR,true,endpoint-minimal,false,true,true,true,false,ideological/2014/11-24,"PTB, PT DO B, SOLIDARIEDADE, PMN, PHS, PMDB, PSD, PSDB, PTN, PPL, PRTB, PROS, PRP, PR",9,PTN,SC,3530,3391619,0.0010408008682579028,0,16,0.0,0.016652813892126445,0.01860082600079704,-0.016652813892126445,-0.0019480121086705943,-0.01860082600079704,0.39207808396022525,-0.20278135560566551,0.18929672835455974,-56480//3391619,-16926803605//8689270220477,-47655//2561983,accounting attribution; not an independent causal effect
ideological/2014/11-24,ideological/2014/11-24,ideological/2014/11-24,ideological/2014/11-24,focal,ideological,all_parties,0,0,3,7,3,2014,Ideological 2014/PTB-PR,Ideological 2014/PTB-PR,,,,,,11,24,PTB,PR,true,endpoint-minimal,false,true,true,true,false,ideological/2014/11-24,"PTB, PT DO B, SOLIDARIEDADE, PMN, PHS, PMDB, PSD, PSDB, PTN, PPL, PRTB, PROS, PRP, PR",9,PTN,SE,0,1052826,0.0,0,8,0.0,0.0,0.0,0.0,0.0,0.0,0.39207808396022525,-0.20278135560566551,0.18929672835455974,0//1,0//1,0//1,accounting attribution; not an independent causal effect
ideological/2014/11-24,ideological/2014/11-24,ideological/2014/11-24,ideological/2014/11-24,focal,ideological,all_parties,0,0,3,7,3,2014,Ideological 2014/PTB-PR,Ideological 2014/PTB-PR,,,,,,11,24,PTB,PR,true,endpoint-minimal,false,true,true,true,false,ideological/2014/11-24,"PTB, PT DO B, SOLIDARIEDADE, PMN, PHS, PMDB, PSD, PSDB, PTN, PPL, PRTB, PROS, PRP, PR",9,PTN,SP,163321,21266194,0.0076798415362899445,1,70,0.014285714285714285,0.5375889075402961,0.8605964598516072,0.4624110924597039,-0.323007552311311,0.13940354014839287,0.39207808396022525,-0.20278135560566551,0.18929672835455974,4916862//10633097,-17598623160689//54483627502702,714299//5123966,accounting attribution; not an independent causal effect
ideological/2014/11-24,ideological/2014/11-24,ideological/2014/11-24,ideological/2014/11-24,focal,ideological,all_parties,0,0,3,7,3,2014,Ideological 2014/PTB-PR,Ideological 2014/PTB-PR,,,,,,11,24,PTB,PR,true,endpoint-minimal,false,true,true,true,false,ideological/2014/11-24,"PTB, PT DO B, SOLIDARIEDADE, PMN, PHS, PMDB, PSD, PSDB, PTN, PPL, PRTB, PROS, PRP, PR",9,PTN,TO,556,733225,0.0007582938388625592,0,8,0.0,0.006066350710900474,0.0029297618290207235,-0.006066350710900474,0.0031365888818797507,-0.0029297618290207235,0.39207808396022525,-0.20278135560566551,0.18929672835455974,-32//5275,42389306//13514460325,-7506//2561983,accounting attribution; not an independent causal effect
ideological/2014/11-24,ideological/2014/11-24,ideological/2014/11-24,ideological/2014/11-24,focal,ideological,all_parties,0,0,3,7,3,2014,Ideological 2014/PTB-PR,Ideological 2014/PTB-PR,,,,,,11,24,PTB,PR,true,endpoint-minimal,false,true,true,true,false,ideological/2014/11-24,"PTB, PT DO B, SOLIDARIEDADE, PMN, PHS, PMDB, PSD, PSDB, PTN, PPL, PRTB, PROS, PRP, PR",10,PPL,AC,693,399201,0.0017359675952715549,0,8,0.0,0.013887740762172439,0.0036516635746607217,-0.013887740762172439,0.010236077187511718,-0.0036516635746607217,-0.8865351982586581,0.14221761301316663,-0.7443175852454915,-168//12097,634479321//61984616702,-18711//5123966,accounting attribution; not an independent causal effect
ideological/2014/11-24,ideological/2014/11-24,ideological/2014/11-24,ideological/2014/11-24,focal,ideological,all_parties,0,0,3,7,3,2014,Ideological 2014/PTB-PR,Ideological 2014/PTB-PR,,,,,,11,24,PTB,PR,true,endpoint-minimal,false,true,true,true,false,ideological/2014/11-24,"PTB, PT DO B, SOLIDARIEDADE, PMN, PHS, PMDB, PSD, PSDB, PTN, PPL, PRTB, PROS, PRP, PR",10,PPL,AL,1746,1384584,0.001261028583314555,0,9,0.0,0.011349257249830996,0.009200295240054286,-0.011349257249830996,0.00214896200977671,-0.009200295240054286,-0.8865351982586581,0.14221761301316663,-0.7443175852454915,-2619//230764,1270495233//591213445012,-23571//2561983,accounting attribution; not an independent causal effect
ideological/2014/11-24,ideological/2014/11-24,ideological/2014/11-24,ideological/2014/11-24,focal,ideological,all_parties,0,0,3,7,3,2014,Ideological 2014/PTB-PR,Ideological 2014/PTB-PR,,,,,,11,24,PTB,PR,true,endpoint-minimal,false,true,true,true,false,ideological/2014/11-24,"PTB, PT DO B, SOLIDARIEDADE, PMN, PHS, PMDB, PSD, PSDB, PTN, PPL, PRTB, PROS, PRP, PR",10,PPL,AM,656,1658407,0.00039556031782306755,0,8,0.0,0.0031644825425845404,0.0034566974097798462,-0.0031644825425845404,-0.00029221486719530586,-0.0034566974097798462,-0.8865351982586581,0.14221761301316663,-0.7443175852454915,-5248//1658407,-1241565608//4248810541081,-8856//2561983,accounting attribution; not an independent causal effect
ideological/2014/11-24,ideological/2014/11-24,ideological/2014/11-24,ideological/2014/11-24,focal,ideological,all_parties,0,0,3,7,3,2014,Ideological 2014/PTB-PR,Ideological 2014/PTB-PR,,,,,,11,24,PTB,PR,true,endpoint-minimal,false,true,true,true,false,ideological/2014/11-24,"PTB, PT DO B, SOLIDARIEDADE, PMN, PHS, PMDB, PSD, PSDB, PTN, PPL, PRTB, PROS, PRP, PR",10,PPL,AP,8056,386084,0.020865925549880336,0,8,0.0,0.1669274043990427,0.042449930385954945,-0.1669274043990427,0.12447747401308776,-0.042449930385954945,-0.8865351982586581,0.14221761301316663,-0.7443175852454915,-16112//96521,30781432220//247285161143,-108756//2561983,accounting attribution; not an independent causal effect
ideological/2014/11-24,ideological/2014/11-24,ideological/2014/11-24,ideological/2014/11-24,focal,ideological,all_parties,0,0,3,7,3,2014,Ideological 2014/PTB-PR,Ideological 2014/PTB-PR,,,,,,11,24,PTB,PR,true,endpoint-minimal,false,true,true,true,false,ideological/2014/11-24,"PTB, PT DO B, SOLIDARIEDADE, PMN, PHS, PMDB, PSD, PSDB, PTN, PPL, PRTB, PROS, PRP, PR",10,PPL,BA,9849,6646541,0.0014818234025788751,0,39,0.0,0.05779111270057614,0.051897885348966014,-0.05779111270057614,0.005893227351610119,-0.051897885348966014,-0.8865351982586581,0.14221761301316663,-0.7443175852454915,-384111//6646541,200703581883//34056650101606,-265923//5123966,accounting attribution; not an independent causal effect
ideological/2014/11-24,ideological/2014/11-24,ideological/2014/11-24,ideological/2014/11-24,focal,ideological,all_parties,0,0,3,7,3,2014,Ideological 2014/PTB-PR,Ideological 2014/PTB-PR,,,,,,11,24,PTB,PR,true,endpoint-minimal,false,true,true,true,false,ideological/2014/11-24,"PTB, PT DO B, SOLIDARIEDADE, PMN, PHS, PMDB, PSD, PSDB, PTN, PPL, PRTB, PROS, PRP, PR",10,PPL,CE,6427,4367020,0.0014717129758966068,0,22,0.0,0.03237768546972535,0.03386614977538883,-0.03237768546972535,-0.0014884643056634792,-0.03386614977538883,-0.8865351982586581,0.14221761301316663,-0.7443175852454915,-70697//2183510,-4163320622//2797057750165,-173529//5123966,accounting attribution; not an independent causal effect
ideological/2014/11-24,ideological/2014/11-24,ideological/2014/11-24,ideological/2014/11-24,focal,ideological,all_parties,0,0,3,7,3,2014,Ideological 2014/PTB-PR,Ideological 2014/PTB-PR,,,,,,11,24,PTB,PR,true,endpoint-minimal,false,true,true,true,false,ideological/2014/11-24,"PTB, PT DO B, SOLIDARIEDADE, PMN, PHS, PMDB, PSD, PSDB, PTN, PPL, PRTB, PROS, PRP, PR",10,PPL,DF,21047,1454063,0.014474613548381329,0,8,0.0,0.11579690838705063,0.1109041316823726,-0.11579690838705063,0.00489277670467803,-0.1109041316823726,-0.8865351982586581,0.14221761301316663,-0.7443175852454915,-12952//111851,2804151713//573120721066,-568269//5123966,accounting attribution; not an independent causal effect
ideological/2014/11-24,ideological/2014/11-24,ideological/2014/11-24,ideological/2014/11-24,focal,ideological,all_parties,0,0,3,7,3,2014,Ideological 2014/PTB-PR,Ideological 2014/PTB-PR,,,,,,11,24,PTB,PR,true,endpoint-minimal,false,true,true,true,false,ideological/2014/11-24,"PTB, PT DO B, SOLIDARIEDADE, PMN, PHS, PMDB, PSD, PSDB, PTN, PPL, PRTB, PROS, PRP, PR",10,PPL,ES,1393,1794470,0.0007762737744292186,0,10,0.0,0.0077627377442921865,0.0073402126399745825,-0.0077627377442921865,0.00042252510431760434,-0.0073402126399745825,-0.8865351982586581,0.14221761301316663,-0.7443175852454915,-1393//179447,388503521//919480326802,-37611//5123966,accounting attribution; not an independent causal effect
ideological/2014/11-24,ideological/2014/11-24,ideological/2014/11-24,ideological/2014/11-24,focal,ideological,all_parties,0,0,3,7,3,2014,Ideological 2014/PTB-PR,Ideological 2014/PTB-PR,,,,,,11,24,PTB,PR,true,endpoint-minimal,false,true,true,true,false,ideological/2014/11-24,"PTB, PT DO B, SOLIDARIEDADE, PMN, PHS, PMDB, PSD, PSDB, PTN, PPL, PRTB, PROS, PRP, PR",10,PPL,GO,2613,3032760,0.0008615914216753057,0,17,0.0,0.014647054168480196,0.013768826725235881,-0.014647054168480196,0.0008782274432443145,-0.013768826725235881,-0.8865351982586581,0.14221761301316663,-0.7443175852454915,-14807//1010920,2274573821//2589959854360,-70551//5123966,accounting attribution; not an independent causal effect
ideological/2014/11-24,ideological/2014/11-24,ideological/2014/11-24,ideological/2014/11-24,focal,ideological,all_parties,0,0,3,7,3,2014,Ideological 2014/PTB-PR,Ideological 2014/PTB-PR,,,,,,11,24,PTB,PR,true,endpoint-minimal,false,true,true,true,false,ideological/2014/11-24,"PTB, PT DO B, SOLIDARIEDADE, PMN, PHS, PMDB, PSD, PSDB, PTN, PPL, PRTB, PROS, PRP, PR",10,PPL,MA,5969,3130492,0.0019067290381192478,0,18,0.0,0.03432112268614646,0.031452784815512044,-0.03432112268614646,0.002868337870634412,-0.031452784815512044,-0.8865351982586581,0.14221761301316663,-0.7443175852454915,-53721//1565246,5751209097//2005066821409,-161163//5123966,accounting attribution; not an independent causal effect
ideological/2014/11-24,ideological/2014/11-24,ideological/2014/11-24,ideological/2014/11-24,focal,ideological,all_parties,0,0,3,7,3,2014,Ideological 2014/PTB-PR,Ideological 2014/PTB-PR,,,,,,11,24,PTB,PR,true,endpoint-minimal,false,true,true,true,false,ideological/2014/11-24,"PTB, PT DO B, SOLIDARIEDADE, PMN, PHS, PMDB, PSD, PSDB, PTN, PPL, PRTB, PROS, PRP, PR",10,PPL,MG,15855,10118666,0.0015669061514630486,0,53,0.0,0.08304602602754158,0.08354563632935894,-0.08304602602754158,-0.0004996103018173628,-0.08354563632935894,-0.8865351982586581,0.14221761301316663,-0.7443175852454915,-840315//10118666,-6475911330//12961925137339,-428085//5123966,accounting attribution; not an independent causal effect
ideological/2014/11-24,ideological/2014/11-24,ideological/2014/11-24,ideological/2014/11-24,focal,ideological,all_parties,0,0,3,7,3,2014,Ideological 2014/PTB-PR,Ideological 2014/PTB-PR,,,,,,11,24,PTB,PR,true,endpoint-minimal,false,true,true,true,false,ideological/2014/11-24,"PTB, PT DO B, SOLIDARIEDADE, PMN, PHS, PMDB, PSD, PSDB, PTN, PPL, PRTB, PROS, PRP, PR",10,PPL,MS,848,1276893,0.0006641120281809048,0,8,0.0,0.005312896225447238,0.004468413724837362,-0.005312896225447238,0.0008444825006098756,-0.004468413724837362,-0.8865351982586581,0.14221761301316663,-0.7443175852454915,-6784//1276893,2762621608//3271378158819,-11448//2561983,accounting attribution; not an independent causal effect
ideological/2014/11-24,ideological/2014/11-24,ideological/2014/11-24,ideological/2014/11-24,focal,ideological,all_parties,0,0,3,7,3,2014,Ideological 2014/PTB-PR,Ideological 2014/PTB-PR,,,,,,11,24,PTB,PR,true,endpoint-minimal,false,true,true,true,false,ideological/2014/11-24,"PTB, PT DO B, SOLIDARIEDADE, PMN, PHS, PMDB, PSD, PSDB, PTN, PPL, PRTB, PROS, PRP, PR",10,PPL,MT,0,1454612,0.0,0,8,0.0,0.0,0.0,0.0,0.0,0.0,-0.8865351982586581,0.14221761301316663,-0.7443175852454915,0//1,0//1,0//1,accounting attribution; not an independent causal effect
ideological/2014/11-24,ideological/2014/11-24,ideological/2014/11-24,ideological/2014/11-24,focal,ideological,all_parties,0,0,3,7,3,2014,Ideological 2014/PTB-PR,Ideological 2014/PTB-PR,,,,,,11,24,PTB,PR,true,endpoint-minimal,false,true,true,true,false,ideological/2014/11-24,"PTB, PT DO B, SOLIDARIEDADE, PMN, PHS, PMDB, PSD, PSDB, PTN, PPL, PRTB, PROS, PRP, PR",10,PPL,PA,4849,3756049,0.0012909842230492733,0,17,0.0,0.021946731791837648,0.02555110631100987,-0.021946731791837648,-0.0036043745191722235,-0.02555110631100987,-0.8865351982586581,0.14221761301316663,-0.7443175852454915,-82433//3756049,-69369313949//19245867370334,-130923//5123966,accounting attribution; not an independent causal effect
ideological/2014/11-24,ideological/2014/11-24,ideological/2014/11-24,ideological/2014/11-24,focal,ideological,all_parties,0,0,3,7,3,2014,Ideological 2014/PTB-PR,Ideological 2014/PTB-PR,,,,,,11,24,PTB,PR,true,endpoint-minimal,false,true,true,true,false,ideological/2014/11-24,"PTB, PT DO B, SOLIDARIEDADE, PMN, PHS, PMDB, PSD, PSDB, PTN, PPL, PRTB, PROS, PRP, PR",10,PPL,PB,2706,1936819,0.001397136232141465,0,12,0.0,0.016765634785697578,0.014258876815341865,-0.016765634785697578,0.0025067579703557134,-0.014258876815341865,-0.8865351982586581,0.14221761301316663,-0.7443175852454915,-32472//1936819,12438777087//4962097352077,-36531//2561983,accounting attribution; not an independent causal effect
ideological/2014/11-24,ideological/2014/11-24,ideological/2014/11-24,ideological/2014/11-24,focal,ideological,all_parties,0,0,3,7,3,2014,Ideological 2014/PTB-PR,Ideological 2014/PTB-PR,,,,,,11,24,PTB,PR,true,endpoint-minimal,false,true,true,true,false,ideological/2014/11-24,"PTB, PT DO B, SOLIDARIEDADE, PMN, PHS, PMDB, PSD, PSDB, PTN, PPL, PRTB, PROS, PRP, PR",10,PPL,PE,8175,4483227,0.0018234633222899486,0,25,0.0,0.04558658305724872,0.043076983727058295,-0.04558658305724872,0.00250959933019042,-0.043076983727058295,-0.8865351982586581,0.14221761301316663,-0.7443175852454915,-68125//1494409,19216757225//7657300906094,-220725//5123966,accounting attribution; not an independent causal effect
ideological/2014/11-24,ideological/2014/11-24,ideological/2014/11-24,ideological/2014/11-24,focal,ideological,all_parties,0,0,3,7,3,2014,Ideological 2014/PTB-PR,Ideological 2014/PTB-PR,,,,,,11,24,PTB,PR,true,endpoint-minimal,false,true,true,true,false,ideological/2014/11-24,"PTB, PT DO B, SOLIDARIEDADE, PMN, PHS, PMDB, PSD, PSDB, PTN, PPL, PRTB, PROS, PRP, PR",10,PPL,PI,2812,1733434,0.00162221347914025,0,10,0.0,0.016222134791402498,0.014817428530946536,-0.016222134791402498,0.001404706260455963,-0.014817428530946536,-0.8865351982586581,0.14221761301316663,-0.7443175852454915,-14060//866717,3119170226//2220514219811,-37962//2561983,accounting attribution; not an independent causal effect
ideological/2014/11-24,ideological/2014/11-24,ideological/2014/11-24,ideological/2014/11-24,focal,ideological,all_parties,0,0,3,7,3,2014,Ideological 2014/PTB-PR,Ideological 2014/PTB-PR,,,,,,11,24,PTB,PR,true,endpoint-minimal,false,true,true,true,false,ideological/2014/11-24,"PTB, PT DO B, SOLIDARIEDADE, PMN, PHS, PMDB, PSD, PSDB, PTN, PPL, PRTB, PROS, PRP, PR",10,PPL,PR,6915,5665222,0.0012206053001982977,0,30,0.0,0.036618159005948926,0.03643759540949335,-0.036618159005948926,0.0001805635964555789,-0.03643759540949335,-0.8865351982586581,0.14221761301316663,-0.7443175852454915,-103725//2832611,2620736595//14514202455226,-186705//5123966,accounting attribution; not an independent causal effect
ideological/2014/11-24,ideological/2014/11-24,ideological/2014/11-24,ideological/2014/11-24,focal,ideological,all_parties,0,0,3,7,3,2014,Ideological 2014/PTB-PR,Ideological 2014/PTB-PR,,,,,,11,24,PTB,PR,true,endpoint-minimal,false,true,true,true,false,ideological/2014/11-24,"PTB, PT DO B, SOLIDARIEDADE, PMN, PHS, PMDB, PSD, PSDB, PTN, PPL, PRTB, PROS, PRP, PR",10,PPL,RJ,5803,7673438,0.000756245114640921,0,46,0.0,0.03478727527348237,0.030578071751451903,-0.03478727527348237,0.004209203522030466,-0.030578071751451903,-0.8865351982586581,0.14221761301316663,-0.7443175852454915,-133469//3836719,82749648415//19659217707554,-156681//5123966,accounting attribution; not an independent causal effect
ideological/2014/11-24,ideological/2014/11-24,ideological/2014/11-24,ideological/2014/11-24,focal,ideological,all_parties,0,0,3,7,3,2014,Ideological 2014/PTB-PR,Ideological 2014/PTB-PR,,,,,,11,24,PTB,PR,true,endpoint-minimal,false,true,true,true,false,ideological/2014/11-24,"PTB, PT DO B, SOLIDARIEDADE, PMN, PHS, PMDB, PSD, PSDB, PTN, PPL, PRTB, PROS, PRP, PR",10,PPL,RN,0,1580871,0.0,0,8,0.0,0.0,0.0,0.0,0.0,0.0,-0.8865351982586581,0.14221761301316663,-0.7443175852454915,0//1,0//1,0//1,accounting attribution; not an independent causal effect
ideological/2014/11-24,ideological/2014/11-24,ideological/2014/11-24,ideological/2014/11-24,focal,ideological,all_parties,0,0,3,7,3,2014,Ideological 2014/PTB-PR,Ideological 2014/PTB-PR,,,,,,11,24,PTB,PR,true,endpoint-minimal,false,true,true,true,false,ideological/2014/11-24,"PTB, PT DO B, SOLIDARIEDADE, PMN, PHS, PMDB, PSD, PSDB, PTN, PPL, PRTB, PROS, PRP, PR",10,PPL,RO,0,798475,0.0,0,8,0.0,0.0,0.0,0.0,0.0,0.0,-0.8865351982586581,0.14221761301316663,-0.7443175852454915,0//1,0//1,0//1,accounting attribution; not an independent causal effect
ideological/2014/11-24,ideological/2014/11-24,ideological/2014/11-24,ideological/2014/11-24,focal,ideological,all_parties,0,0,3,7,3,2014,Ideological 2014/PTB-PR,Ideological 2014/PTB-PR,,,,,,11,24,PTB,PR,true,endpoint-minimal,false,true,true,true,false,ideological/2014/11-24,"PTB, PT DO B, SOLIDARIEDADE, PMN, PHS, PMDB, PSD, PSDB, PTN, PPL, PRTB, PROS, PRP, PR",10,PPL,RR,1140,238099,0.004787924350795257,0,8,0.0,0.03830339480636206,0.006007065620654001,-0.03830339480636206,0.03229632918570806,-0.006007065620654001,-0.8865351982586581,0.14221761301316663,-0.7443175852454915,-9120//238099,19700941350//610005590317,-15390//2561983,accounting attribution; not an independent causal effect
ideological/2014/11-24,ideological/2014/11-24,ideological/2014/11-24,ideological/2014/11-24,focal,ideological,all_parties,0,0,3,7,3,2014,Ideological 2014/PTB-PR,Ideological 2014/PTB-PR,,,,,,11,24,PTB,PR,true,endpoint-minimal,false,true,true,true,false,ideological/2014/11-24,"PTB, PT DO B, SOLIDARIEDADE, PMN, PHS, PMDB, PSD, PSDB, PTN, PPL, PRTB, PROS, PRP, PR",10,PPL,RS,5257,5942063,0.0008847095697235119,0,31,0.0,0.027425996661428868,0.02770100348050709,-0.027425996661428868,-0.0002750068190782242,-0.02770100348050709,-0.8865351982586581,0.14221761301316663,-0.7443175852454915,-162967//5942063,-8373113035//30446928781858,-141939//5123966,accounting attribution; not an independent causal effect
ideological/2014/11-24,ideological/2014/11-24,ideological/2014/11-24,ideological/2014/11-24,focal,ideological,all_parties,0,0,3,7,3,2014,Ideological 2014/PTB-PR,Ideological 2014/PTB-PR,,,,,,11,24,PTB,PR,true,endpoint-minimal,false,true,true,true,false,ideological/2014/11-24,"PTB, PT DO B, SOLIDARIEDADE, PMN, PHS, PMDB, PSD, PSDB, PTN, PPL, PRTB, PROS, PRP, PR",10,PPL,SC,2061,3391619,0.0006076743879545433,0,16,0.0,0.009722790207272692,0.010860142319445524,-0.009722790207272692,-0.0011373521121728315,-0.010860142319445524,-0.8865351982586581,0.14221761301316663,-0.7443175852454915,-32976//3391619,-19765519677//17378540440954,-55647//5123966,accounting attribution; not an independent causal effect
ideological/2014/11-24,ideological/2014/11-24,ideological/2014/11-24,ideological/2014/11-24,focal,ideological,all_parties,0,0,3,7,3,2014,Ideological 2014/PTB-PR,Ideological 2014/PTB-PR,,,,,,11,24,PTB,PR,true,endpoint-minimal,false,true,true,true,false,ideological/2014/11-24,"PTB, PT DO B, SOLIDARIEDADE, PMN, PHS, PMDB, PSD, PSDB, PTN, PPL, PRTB, PROS, PRP, PR",10,PPL,SE,1077,1052826,0.0010229610590923857,0,8,0.0,0.008183688472739085,0.005675096204775754,-0.008183688472739085,0.0025085922679633312,-0.005675096204775754,-0.8865351982586581,0.14221761301316663,-0.7443175852454915,-1436//175471,2255493967//899107437986,-29079//5123966,accounting attribution; not an independent causal effect
ideological/2014/11-24,ideological/2014/11-24,ideological/2014/11-24,ideological/2014/11-24,focal,ideological,all_parties,0,0,3,7,3,2014,Ideological 2014/PTB-PR,Ideological 2014/PTB-PR,,,,,,11,24,PTB,PR,true,endpoint-minimal,false,true,true,true,false,ideological/2014/11-24,"PTB, PT DO B, SOLIDARIEDADE, PMN, PHS, PMDB, PSD, PSDB, PTN, PPL, PRTB, PROS, PRP, PR",10,PPL,SP,25138,21266194,0.001182063889758553,0,70,0.0,0.08274447228309871,0.1324610662912283,-0.08274447228309871,-0.04971659400812961,-0.1324610662912283,-0.8865351982586581,0.14221761301316663,-0.7443175852454915,-879830//10633097,-1354370194321//27241813751351,-339363//2561983,accounting attribution; not an independent causal effect
ideological/2014/11-24,ideological/2014/11-24,ideological/2014/11-24,ideological/2014/11-24,focal,ideological,all_parties,0,0,3,7,3,2014,Ideological 2014/PTB-PR,Ideological 2014/PTB-PR,,,,,,11,24,PTB,PR,true,endpoint-minimal,false,true,true,true,false,ideological/2014/11-24,"PTB, PT DO B, SOLIDARIEDADE, PMN, PHS, PMDB, PSD, PSDB, PTN, PPL, PRTB, PROS, PRP, PR",10,PPL,TO,169,733225,0.00023048859490606567,0,8,0.0,0.0018439087592485254,0.0008905211314829177,-0.0018439087592485254,0.0009533876277656076,-0.0008905211314829177,-0.8865351982586581,0.14221761301316663,-0.7443175852454915,-1352//733225,3581896357//3757019970350,-4563//5123966,accounting attribution; not an independent causal effect
ideological/2014/11-24,ideological/2014/11-24,ideological/2014/11-24,ideological/2014/11-24,focal,ideological,all_parties,0,0,3,7,3,2014,Ideological 2014/PTB-PR,Ideological 2014/PTB-PR,,,,,,11,24,PTB,PR,true,endpoint-minimal,false,true,true,true,false,ideological/2014/11-24,"PTB, PT DO B, SOLIDARIEDADE, PMN, PHS, PMDB, PSD, PSDB, PTN, PPL, PRTB, PROS, PRP, PR",11,PRTB,AC,0,399201,0.0,0,8,0.0,0.0,0.0,0.0,0.0,0.0,-1.9123380554896656,0.5190493412398052,-1.3932887142498604,0//1,0//1,0//1,accounting attribution; not an independent causal effect
ideological/2014/11-24,ideological/2014/11-24,ideological/2014/11-24,ideological/2014/11-24,focal,ideological,all_parties,0,0,3,7,3,2014,Ideological 2014/PTB-PR,Ideological 2014/PTB-PR,,,,,,11,24,PTB,PR,true,endpoint-minimal,false,true,true,true,false,ideological/2014/11-24,"PTB, PT DO B, SOLIDARIEDADE, PMN, PHS, PMDB, PSD, PSDB, PTN, PPL, PRTB, PROS, PRP, PR",11,PRTB,AL,179135,1384584,0.12937821035054572,1,9,0.1111111111111111,1.1644038931549114,0.9439260525928548,-0.16440389315491152,0.2204778405620567,0.05607394740714517,-1.9123380554896656,0.5190493412398052,-1.3932887142498604,-75877//461528,260698927335//1182426890024,287321//5123966,accounting attribution; not an independent causal effect
ideological/2014/11-24,ideological/2014/11-24,ideological/2014/11-24,ideological/2014/11-24,focal,ideological,all_parties,0,0,3,7,3,2014,Ideological 2014/PTB-PR,Ideological 2014/PTB-PR,,,,,,11,24,PTB,PR,true,endpoint-minimal,false,true,true,true,false,ideological/2014/11-24,"PTB, PT DO B, SOLIDARIEDADE, PMN, PHS, PMDB, PSD, PSDB, PTN, PPL, PRTB, PROS, PRP, PR",11,PRTB,AM,91,1658407,5.487193433216333e-5,0,8,0.0,0.00043897547465730665,0.00047951137849080186,-0.00043897547465730665,-4.053590383349517e-5,-0.00047951137849080186,-1.9123380554896656,0.5190493412398052,-1.3932887142498604,-728//1658407,-344458751//8497621082162,-2457//5123966,accounting attribution; not an independent causal effect
ideological/2014/11-24,ideological/2014/11-24,ideological/2014/11-24,ideological/2014/11-24,focal,ideological,all_parties,0,0,3,7,3,2014,Ideological 2014/PTB-PR,Ideological 2014/PTB-PR,,,,,,11,24,PTB,PR,true,endpoint-minimal,false,true,true,true,false,ideological/2014/11-24,"PTB, PT DO B, SOLIDARIEDADE, PMN, PHS, PMDB, PSD, PSDB, PTN, PPL, PRTB, PROS, PRP, PR",11,PRTB,AP,6445,386084,0.016693258461889123,0,8,0.0,0.13354606769511299,0.03396099817992547,-0.13354606769511299,0.0995850695151875,-0.03396099817992547,-1.9123380554896656,0.5190493412398052,-1.3932887142498604,-12890//96521,49251819925//494570322286,-174015//5123966,accounting attribution; not an independent causal effect
ideological/2014/11-24,ideological/2014/11-24,ideological/2014/11-24,ideological/2014/11-24,focal,ideological,all_parties,0,0,3,7,3,2014,Ideological 2014/PTB-PR,Ideological 2014/PTB-PR,,,,,,11,24,PTB,PR,true,endpoint-minimal,false,true,true,true,false,ideological/2014/11-24,"PTB, PT DO B, SOLIDARIEDADE, PMN, PHS, PMDB, PSD, PSDB, PTN, PPL, PRTB, PROS, PRP, PR",11,PRTB,BA,23392,6646541,0.00351942461499899,0,39,0.0,0.1372575599849606,0.12326077105117403,-0.1372575599849606,0.013996788933786567,-0.12326077105117403,-1.9123380554896656,0.5190493412398052,-1.3932887142498604,-53664//390973,326049072//23294562313,-7344//59581,accounting attribution; not an independent causal effect
ideological/2014/11-24,ideological/2014/11-24,ideological/2014/11-24,ideological/2014/11-24,focal,ideological,all_parties,0,0,3,7,3,2014,Ideological 2014/PTB-PR,Ideological 2014/PTB-PR,,,,,,11,24,PTB,PR,true,endpoint-minimal,false,true,true,true,false,ideological/2014/11-24,"PTB, PT DO B, SOLIDARIEDADE, PMN, PHS, PMDB, PSD, PSDB, PTN, PPL, PRTB, PROS, PRP, PR",11,PRTB,CE,7437,4367020,0.0017029919716419894,0,22,0.0,0.037465823376123766,0.03918819914105597,-0.037465823376123766,-0.0017223757649322072,-0.03918819914105597,-1.9123380554896656,0.5190493412398052,-1.3932887142498604,-81807//2183510,-4817584482//2797057750165,-200799//5123966,accounting attribution; not an independent causal effect
ideological/2014/11-24,ideological/2014/11-24,ideological/2014/11-24,ideological/2014/11-24,focal,ideological,all_parties,0,0,3,7,3,2014,Ideological 2014/PTB-PR,Ideological 2014/PTB-PR,,,,,,11,24,PTB,PR,true,endpoint-minimal,false,true,true,true,false,ideological/2014/11-24,"PTB, PT DO B, SOLIDARIEDADE, PMN, PHS, PMDB, PSD, PSDB, PTN, PPL, PRTB, PROS, PRP, PR",11,PRTB,DF,13670,1454063,0.009401243274878736,0,8,0.0,0.07520994619902989,0.07203209388977211,-0.07520994619902989,0.0031778523092577883,-0.07203209388977211,-1.9123380554896656,0.5190493412398052,-1.3932887142498604,-109360//1454063,11838404545//3725284686929,-184545//2561983,accounting attribution; not an independent causal effect
ideological/2014/11-24,ideological/2014/11-24,ideological/2014/11-24,ideological/2014/11-24,focal,ideological,all_parties,0,0,3,7,3,2014,Ideological 2014/PTB-PR,Ideological 2014/PTB-PR,,,,,,11,24,PTB,PR,true,endpoint-minimal,false,true,true,true,false,ideological/2014/11-24,"PTB, PT DO B, SOLIDARIEDADE, PMN, PHS, PMDB, PSD, PSDB, PTN, PPL, PRTB, PROS, PRP, PR",11,PRTB,ES,2774,1794470,0.0015458603375927153,0,10,0.0,0.015458603375927154,0.01461719301025807,-0.015458603375927154,0.0008414103656690843,-0.01461719301025807,-1.9123380554896656,0.5190493412398052,-1.3932887142498604,-2774//179447,386830139//459740163401,-37449//2561983,accounting attribution; not an independent causal effect
ideological/2014/11-24,ideological/2014/11-24,ideological/2014/11-24,ideological/2014/11-24,focal,ideological,all_parties,0,0,3,7,3,2014,Ideological 2014/PTB-PR,Ideological 2014/PTB-PR,,,,,,11,24,PTB,PR,true,endpoint-minimal,false,true,true,true,false,ideological/2014/11-24,"PTB, PT DO B, SOLIDARIEDADE, PMN, PHS, PMDB, PSD, PSDB, PTN, PPL, PRTB, PROS, PRP, PR",11,PRTB,GO,4420,3032760,0.00145741832522191,0,17,0.0,0.02477611152877247,0.02329055266955323,-0.02477611152877247,0.0014855588592192384,-0.02329055266955323,-1.9123380554896656,0.5190493412398052,-1.3932887142498604,-3757//151638,577130671//388493978154,-59670//2561983,accounting attribution; not an independent causal effect
ideological/2014/11-24,ideological/2014/11-24,ideological/2014/11-24,ideological/2014/11-24,focal,ideological,all_parties,0,0,3,7,3,2014,Ideological 2014/PTB-PR,Ideological 2014/PTB-PR,,,,,,11,24,PTB,PR,true,endpoint-minimal,false,true,true,true,false,ideological/2014/11-24,"PTB, PT DO B, SOLIDARIEDADE, PMN, PHS, PMDB, PSD, PSDB, PTN, PPL, PRTB, PROS, PRP, PR",11,PRTB,MA,13953,3130492,0.004457126866958931,0,18,0.0,0.08022828360526077,0.07352332158332042,-0.08022828360526077,0.006704962021940351,-0.07352332158332042,-1.9123380554896656,0.5190493412398052,-1.3932887142498604,-125577//1565246,13443896889//2005066821409,-376731//5123966,accounting attribution; not an independent causal effect
ideological/2014/11-24,ideological/2014/11-24,ideological/2014/11-24,ideological/2014/11-24,focal,ideological,all_parties,0,0,3,7,3,2014,Ideological 2014/PTB-PR,Ideological 2014/PTB-PR,,,,,,11,24,PTB,PR,true,endpoint-minimal,false,true,true,true,false,ideological/2014/11-24,"PTB, PT DO B, SOLIDARIEDADE, PMN, PHS, PMDB, PSD, PSDB, PTN, PPL, PRTB, PROS, PRP, PR",11,PRTB,MG,5127,10118666,0.0005066873439641155,0,53,0.0,0.026854429230098117,0.027015987225520233,-0.026854429230098117,-0.00016155799542211412,-0.027015987225520233,-1.9123380554896656,0.5190493412398052,-1.3932887142498604,-271731//10118666,-2094102642//12961925137339,-138429//5123966,accounting attribution; not an independent causal effect
ideological/2014/11-24,ideological/2014/11-24,ideological/2014/11-24,ideological/2014/11-24,focal,ideological,all_parties,0,0,3,7,3,2014,Ideological 2014/PTB-PR,Ideological 2014/PTB-PR,,,,,,11,24,PTB,PR,true,endpoint-minimal,false,true,true,true,false,ideological/2014/11-24,"PTB, PT DO B, SOLIDARIEDADE, PMN, PHS, PMDB, PSD, PSDB, PTN, PPL, PRTB, PROS, PRP, PR",11,PRTB,MS,796,1276893,0.0006233881773962266,0,8,0.0,0.004987105419169813,0.004194407222842618,-0.004987105419169813,0.0007926981963271946,-0.004194407222842618,-1.9123380554896656,0.5190493412398052,-1.3932887142498604,-6368//1276893,2593215566//3271378158819,-10746//2561983,accounting attribution; not an independent causal effect
ideological/2014/11-24,ideological/2014/11-24,ideological/2014/11-24,ideological/2014/11-24,focal,ideological,all_parties,0,0,3,7,3,2014,Ideological 2014/PTB-PR,Ideological 2014/PTB-PR,,,,,,11,24,PTB,PR,true,endpoint-minimal,false,true,true,true,false,ideological/2014/11-24,"PTB, PT DO B, SOLIDARIEDADE, PMN, PHS, PMDB, PSD, PSDB, PTN, PPL, PRTB, PROS, PRP, PR",11,PRTB,MT,619,1454612,0.00042554303140631317,0,8,0.0,0.0034043442512505053,0.003261731244898971,-0.0034043442512505053,0.00014261300635153446,-0.003261731244898971,-1.9123380554896656,0.5190493412398052,-1.3932887142498604,-1238//363653,265737319//1863345607798,-16713//5123966,accounting attribution; not an independent causal effect
ideological/2014/11-24,ideological/2014/11-24,ideological/2014/11-24,ideological/2014/11-24,focal,ideological,all_parties,0,0,3,7,3,2014,Ideological 2014/PTB-PR,Ideological 2014/PTB-PR,,,,,,11,24,PTB,PR,true,endpoint-minimal,false,true,true,true,false,ideological/2014/11-24,"PTB, PT DO B, SOLIDARIEDADE, PMN, PHS, PMDB, PSD, PSDB, PTN, PPL, PRTB, PROS, PRP, PR",11,PRTB,PA,404,3756049,0.0001075598321534144,0,17,0.0,0.0018285171466080447,0.0021288197462668566,-0.0018285171466080447,-0.00030030259965881177,-0.0021288197462668566,-1.9123380554896656,0.5190493412398052,-1.3932887142498604,-6868//3756049,-2889792002//9622933685167,-5454//2561983,accounting attribution; not an independent causal effect
ideological/2014/11-24,ideological/2014/11-24,ideological/2014/11-24,ideological/2014/11-24,focal,ideological,all_parties,0,0,3,7,3,2014,Ideological 2014/PTB-PR,Ideological 2014/PTB-PR,,,,,,11,24,PTB,PR,true,endpoint-minimal,false,true,true,true,false,ideological/2014/11-24,"PTB, PT DO B, SOLIDARIEDADE, PMN, PHS, PMDB, PSD, PSDB, PTN, PPL, PRTB, PROS, PRP, PR",11,PRTB,PB,9834,1936819,0.005077397526562884,0,12,0.0,0.06092877031875462,0.05181884501185215,-0.06092877031875462,0.00910992530690247,-0.05181884501185215,-1.9123380554896656,0.5190493412398052,-1.3932887142498604,-118008//1936819,45204336243//4962097352077,-132759//2561983,accounting attribution; not an independent causal effect
ideological/2014/11-24,ideological/2014/11-24,ideological/2014/11-24,ideological/2014/11-24,focal,ideological,all_parties,0,0,3,7,3,2014,Ideological 2014/PTB-PR,Ideological 2014/PTB-PR,,,,,,11,24,PTB,PR,true,endpoint-minimal,false,true,true,true,false,ideological/2014/11-24,"PTB, PT DO B, SOLIDARIEDADE, PMN, PHS, PMDB, PSD, PSDB, PTN, PPL, PRTB, PROS, PRP, PR",11,PRTB,PE,18614,4483227,0.004151920034385945,0,25,0.0,0.10379800085964865,0.09808378900250314,-0.10379800085964865,0.0057142118571455024,-0.09808378900250314,-1.9123380554896656,0.5190493412398052,-1.3932887142498604,-11350//109347,1600808767//280145155101,-251289//2561983,accounting attribution; not an independent causal effect
ideological/2014/11-24,ideological/2014/11-24,ideological/2014/11-24,ideological/2014/11-24,focal,ideological,all_parties,0,0,3,7,3,2014,Ideological 2014/PTB-PR,Ideological 2014/PTB-PR,,,,,,11,24,PTB,PR,true,endpoint-minimal,false,true,true,true,false,ideological/2014/11-24,"PTB, PT DO B, SOLIDARIEDADE, PMN, PHS, PMDB, PSD, PSDB, PTN, PPL, PRTB, PROS, PRP, PR",11,PRTB,PI,0,1733434,0.0,0,10,0.0,0.0,0.0,0.0,0.0,0.0,-1.9123380554896656,0.5190493412398052,-1.3932887142498604,0//1,0//1,0//1,accounting attribution; not an independent causal effect
ideological/2014/11-24,ideological/2014/11-24,ideological/2014/11-24,ideological/2014/11-24,focal,ideological,all_parties,0,0,3,7,3,2014,Ideological 2014/PTB-PR,Ideological 2014/PTB-PR,,,,,,11,24,PTB,PR,true,endpoint-minimal,false,true,true,true,false,ideological/2014/11-24,"PTB, PT DO B, SOLIDARIEDADE, PMN, PHS, PMDB, PSD, PSDB, PTN, PPL, PRTB, PROS, PRP, PR",11,PRTB,PR,3873,5665222,0.000683644877464643,0,30,0.0,0.02050934632393929,0.02040821504280083,-0.02050934632393929,0.00010113128113846089,-0.02040821504280083,-1.9123380554896656,0.5190493412398052,-1.3932887142498604,-58095//2832611,1467839889//14514202455226,-104571//5123966,accounting attribution; not an independent causal effect
ideological/2014/11-24,ideological/2014/11-24,ideological/2014/11-24,ideological/2014/11-24,focal,ideological,all_parties,0,0,3,7,3,2014,Ideological 2014/PTB-PR,Ideological 2014/PTB-PR,,,,,,11,24,PTB,PR,true,endpoint-minimal,false,true,true,true,false,ideological/2014/11-24,"PTB, PT DO B, SOLIDARIEDADE, PMN, PHS, PMDB, PSD, PSDB, PTN, PPL, PRTB, PROS, PRP, PR",11,PRTB,RJ,114802,7673438,0.014960960132863523,0,46,0.0,0.688204166111722,0.6049325854230883,-0.688204166111722,0.08327158068863373,-0.6049325854230883,-1.9123380554896656,0.5190493412398052,-1.3932887142498604,-2640446//3836719,818527066805//9829608853777,-1549827//2561983,accounting attribution; not an independent causal effect
ideological/2014/11-24,ideological/2014/11-24,ideological/2014/11-24,ideological/2014/11-24,focal,ideological,all_parties,0,0,3,7,3,2014,Ideological 2014/PTB-PR,Ideological 2014/PTB-PR,,,,,,11,24,PTB,PR,true,endpoint-minimal,false,true,true,true,false,ideological/2014/11-24,"PTB, PT DO B, SOLIDARIEDADE, PMN, PHS, PMDB, PSD, PSDB, PTN, PPL, PRTB, PROS, PRP, PR",11,PRTB,RN,1340,1580871,0.0008476339941715674,0,8,0.0,0.006781071953372539,0.007060936782172247,-0.006781071953372539,-0.00027986482879970747,-0.007060936782172247,-1.9123380554896656,0.5190493412398052,-1.3932887142498604,-10720//1580871,-1133498630//4050164627193,-18090//2561983,accounting attribution; not an independent causal effect
ideological/2014/11-24,ideological/2014/11-24,ideological/2014/11-24,ideological/2014/11-24,focal,ideological,all_parties,0,0,3,7,3,2014,Ideological 2014/PTB-PR,Ideological 2014/PTB-PR,,,,,,11,24,PTB,PR,true,endpoint-minimal,false,true,true,true,false,ideological/2014/11-24,"PTB, PT DO B, SOLIDARIEDADE, PMN, PHS, PMDB, PSD, PSDB, PTN, PPL, PRTB, PROS, PRP, PR",11,PRTB,RO,280,798475,0.00035066846175522086,0,8,0.0,0.002805347694041767,0.0014754196261255442,-0.002805347694041767,0.001329928067916223,-0.0014754196261255442,-1.9123380554896656,0.5190493412398052,-1.3932887142498604,-448//159695,544121284//409135875185,-3780//2561983,accounting attribution; not an independent causal effect
ideological/2014/11-24,ideological/2014/11-24,ideological/2014/11-24,ideological/2014/11-24,focal,ideological,all_parties,0,0,3,7,3,2014,Ideological 2014/PTB-PR,Ideological 2014/PTB-PR,,,,,,11,24,PTB,PR,true,endpoint-minimal,false,true,true,true,false,ideological/2014/11-24,"PTB, PT DO B, SOLIDARIEDADE, PMN, PHS, PMDB, PSD, PSDB, PTN, PPL, PRTB, PROS, PRP, PR",11,PRTB,RR,4508,238099,0.018933300853846508,0,8,0.0,0.15146640683077206,0.02375425598062126,-0.15146640683077206,0.1277121508501508,-0.02375425598062126,-1.9123380554896656,0.5190493412398052,-1.3932887142498604,-36064//238099,77905125970//610005590317,-60858//2561983,accounting attribution; not an independent causal effect
ideological/2014/11-24,ideological/2014/11-24,ideological/2014/11-24,ideological/2014/11-24,focal,ideological,all_parties,0,0,3,7,3,2014,Ideological 2014/PTB-PR,Ideological 2014/PTB-PR,,,,,,11,24,PTB,PR,true,endpoint-minimal,false,true,true,true,false,ideological/2014/11-24,"PTB, PT DO B, SOLIDARIEDADE, PMN, PHS, PMDB, PSD, PSDB, PTN, PPL, PRTB, PROS, PRP, PR",11,PRTB,RS,4249,5942063,0.0007150715164076853,0,31,0.0,0.022167217008638246,0.022389492826455134,-0.022167217008638246,-0.00022227581781688693,-0.022389492826455134,-1.9123380554896656,0.5190493412398052,-1.3932887142498604,-131719//5942063,-6767615995//30446928781858,-114723//5123966,accounting attribution; not an independent causal effect
ideological/2014/11-24,ideological/2014/11-24,ideological/2014/11-24,ideological/2014/11-24,focal,ideological,all_parties,0,0,3,7,3,2014,Ideological 2014/PTB-PR,Ideological 2014/PTB-PR,,,,,,11,24,PTB,PR,true,endpoint-minimal,false,true,true,true,false,ideological/2014/11-24,"PTB, PT DO B, SOLIDARIEDADE, PMN, PHS, PMDB, PSD, PSDB, PTN, PPL, PRTB, PROS, PRP, PR",11,PRTB,SC,756,3391619,0.00022290239558157919,0,16,0.0,0.003566438329305267,0.003983632990538969,-0.003566438329305267,-0.00041719466123370236,-0.003983632990538969,-1.9123380554896656,0.5190493412398052,-1.3932887142498604,-1728//484517,-517873878//1241324317211,-10206//2561983,accounting attribution; not an independent causal effect
ideological/2014/11-24,ideological/2014/11-24,ideological/2014/11-24,ideological/2014/11-24,focal,ideological,all_parties,0,0,3,7,3,2014,Ideological 2014/PTB-PR,Ideological 2014/PTB-PR,,,,,,11,24,PTB,PR,true,endpoint-minimal,false,true,true,true,false,ideological/2014/11-24,"PTB, PT DO B, SOLIDARIEDADE, PMN, PHS, PMDB, PSD, PSDB, PTN, PPL, PRTB, PROS, PRP, PR",11,PRTB,SE,3113,1052826,0.002956803878323674,0,8,0.0,0.02365443102658939,0.016403504629031496,-0.02365443102658939,0.007250926397557892,-0.016403504629031496,-1.9123380554896656,0.5190493412398052,-1.3932887142498604,-12452//526413,19558085569//2697322313958,-84051//5123966,accounting attribution; not an independent causal effect
ideological/2014/11-24,ideological/2014/11-24,ideological/2014/11-24,ideological/2014/11-24,focal,ideological,all_parties,0,0,3,7,3,2014,Ideological 2014/PTB-PR,Ideological 2014/PTB-PR,,,,,,11,24,PTB,PR,true,endpoint-minimal,false,true,true,true,false,ideological/2014/11-24,"PTB, PT DO B, SOLIDARIEDADE, PMN, PHS, PMDB, PSD, PSDB, PTN, PPL, PRTB, PROS, PRP, PR",11,PRTB,SP,33397,21266194,0.001570426753372042,0,70,0.0,0.10992987273604295,0.1759806759061243,-0.10992987273604295,-0.06605080317008134,-0.1759806759061243,-1.9123380554896656,0.5190493412398052,-1.3932887142498604,-1168895//10633097,-3598687356173//54483627502702,-901719//5123966,accounting attribution; not an independent causal effect
ideological/2014/11-24,ideological/2014/11-24,ideological/2014/11-24,ideological/2014/11-24,focal,ideological,all_parties,0,0,3,7,3,2014,Ideological 2014/PTB-PR,Ideological 2014/PTB-PR,,,,,,11,24,PTB,PR,true,endpoint-minimal,false,true,true,true,false,ideological/2014/11-24,"PTB, PT DO B, SOLIDARIEDADE, PMN, PHS, PMDB, PSD, PSDB, PTN, PPL, PRTB, PROS, PRP, PR",11,PRTB,TO,1161,733225,0.0015834157318694807,0,8,0.0,0.012667325854955846,0.006117722092613417,-0.012667325854955846,0.006549603762342429,-0.006117722092613417,-1.9123380554896656,0.5190493412398052,-1.3932887142498604,-9288//733225,572255631//87372557450,-729//119162,accounting attribution; not an independent causal effect
ideological/2014/11-24,ideological/2014/11-24,ideological/2014/11-24,ideological/2014/11-24,focal,ideological,all_parties,0,0,3,7,3,2014,Ideological 2014/PTB-PR,Ideological 2014/PTB-PR,,,,,,11,24,PTB,PR,true,endpoint-minimal,false,true,true,true,false,ideological/2014/11-24,"PTB, PT DO B, SOLIDARIEDADE, PMN, PHS, PMDB, PSD, PSDB, PTN, PPL, PRTB, PROS, PRP, PR",12,PROS,AC,2134,399201,0.0053456779917885975,0,8,0.0,0.04276542393430878,0.011244805293399683,-0.04276542393430878,0.0315206186409091,-0.011244805293399683,-0.1816975019025609,0.7635645556652128,0.5818670537626518,-1552//36291,2930690197//92976925053,-28809//2561983,accounting attribution; not an independent causal effect
ideological/2014/11-24,ideological/2014/11-24,ideological/2014/11-24,ideological/2014/11-24,focal,ideological,all_parties,0,0,3,7,3,2014,Ideological 2014/PTB-PR,Ideological 2014/PTB-PR,,,,,,11,24,PTB,PR,true,endpoint-minimal,false,true,true,true,false,ideological/2014/11-24,"PTB, PT DO B, SOLIDARIEDADE, PMN, PHS, PMDB, PSD, PSDB, PTN, PPL, PRTB, PROS, PRP, PR",12,PROS,AL,85006,1384584,0.061394613833469114,1,9,0.1111111111111111,0.552551524501222,0.44792685978010005,0.447448475498778,0.104624664721122,0.5520731402199,-0.1816975019025609,0.7635645556652128,0.5818670537626518,103255//230764,61855508463//591213445012,1414402//2561983,accounting attribution; not an independent causal effect
ideological/2014/11-24,ideological/2014/11-24,ideological/2014/11-24,ideological/2014/11-24,focal,ideological,all_parties,0,0,3,7,3,2014,Ideological 2014/PTB-PR,Ideological 2014/PTB-PR,,,,,,11,24,PTB,PR,true,endpoint-minimal,false,true,true,true,false,ideological/2014/11-24,"PTB, PT DO B, SOLIDARIEDADE, PMN, PHS, PMDB, PSD, PSDB, PTN, PPL, PRTB, PROS, PRP, PR",12,PROS,AM,11656,1658407,0.007028431500831822,0,8,0.0,0.05622745200665458,0.06141961129328337,-0.05622745200665458,-0.005192159286628788,-0.06141961129328337,-0.1816975019025609,0.7635645556652128,0.5818670537626518,-3008//53497,-711629068//137058404551,-157356//2561983,accounting attribution; not an independent causal effect
ideological/2014/11-24,ideological/2014/11-24,ideological/2014/11-24,ideological/2014/11-24,focal,ideological,all_parties,0,0,3,7,3,2014,Ideological 2014/PTB-PR,Ideological 2014/PTB-PR,,,,,,11,24,PTB,PR,true,endpoint-minimal,false,true,true,true,false,ideological/2014/11-24,"PTB, PT DO B, SOLIDARIEDADE, PMN, PHS, PMDB, PSD, PSDB, PTN, PPL, PRTB, PROS, PRP, PR",12,PROS,AP,20482,386084,0.053050631468799535,0,8,0.0,0.4244050517503963,0.10792694565108356,-0.4244050517503963,0.3164781060993127,-0.10792694565108356,-0.1816975019025609,0.7635645556652128,0.5818670537626518,-40964//96521,78260339465//247285161143,-276507//2561983,accounting attribution; not an independent causal effect
ideological/2014/11-24,ideological/2014/11-24,ideological/2014/11-24,ideological/2014/11-24,focal,ideological,all_parties,0,0,3,7,3,2014,Ideological 2014/PTB-PR,Ideological 2014/PTB-PR,,,,,,11,24,PTB,PR,true,endpoint-minimal,false,true,true,true,false,ideological/2014/11-24,"PTB, PT DO B, SOLIDARIEDADE, PMN, PHS, PMDB, PSD, PSDB, PTN, PPL, PRTB, PROS, PRP, PR",12,PROS,BA,66030,6646541,0.009934490737362486,0,39,0.0,0.387445138757137,0.3479355639752489,-0.387445138757137,0.03950957478188812,-0.3479355639752489,-0.1816975019025609,0.7635645556652128,0.5818670537626518,-2575170//6646541,672781882005//17028325050803,-891405//2561983,accounting attribution; not an independent causal effect
ideological/2014/11-24,ideological/2014/11-24,ideological/2014/11-24,ideological/2014/11-24,focal,ideological,all_parties,0,0,3,7,3,2014,Ideological 2014/PTB-PR,Ideological 2014/PTB-PR,,,,,,11,24,PTB,PR,true,endpoint-minimal,false,true,true,true,false,ideological/2014/11-24,"PTB, PT DO B, SOLIDARIEDADE, PMN, PHS, PMDB, PSD, PSDB, PTN, PPL, PRTB, PROS, PRP, PR",12,PROS,CE,614852,4367020,0.14079440900201967,3,22,0.13636363636363635,3.097476998044433,3.2398739570090824,-0.09747699804443305,-0.14239695896464938,-0.23987395700908243,-0.1816975019025609,0.7635645556652128,0.5818670537626518,-15203//155965,-56898931096//399579678595,-614553//2561983,accounting attribution; not an independent causal effect
ideological/2014/11-24,ideological/2014/11-24,ideological/2014/11-24,ideological/2014/11-24,focal,ideological,all_parties,0,0,3,7,3,2014,Ideological 2014/PTB-PR,Ideological 2014/PTB-PR,,,,,,11,24,PTB,PR,true,endpoint-minimal,false,true,true,true,false,ideological/2014/11-24,"PTB, PT DO B, SOLIDARIEDADE, PMN, PHS, PMDB, PSD, PSDB, PTN, PPL, PRTB, PROS, PRP, PR",12,PROS,DF,85017,1454063,0.058468580797393234,1,8,0.125,0.46774864637914587,0.44798482269398354,0.5322513536208541,0.019763823685162354,0.5520151773060165,-0.1816975019025609,0.7635645556652128,0.5818670537626518,773927//1454063,147251739459//7450569373858,2828507//5123966,accounting attribution; not an independent causal effect
ideological/2014/11-24,ideological/2014/11-24,ideological/2014/11-24,ideological/2014/11-24,focal,ideological,all_parties,0,0,3,7,3,2014,Ideological 2014/PTB-PR,Ideological 2014/PTB-PR,,,,,,11,24,PTB,PR,true,endpoint-minimal,false,true,true,true,false,ideological/2014/11-24,"PTB, PT DO B, SOLIDARIEDADE, PMN, PHS, PMDB, PSD, PSDB, PTN, PPL, PRTB, PROS, PRP, PR",12,PROS,ES,70668,1794470,0.039380987143836345,1,10,0.1,0.39380987143836343,0.372374836210857,0.6061901285616366,0.021435035227506435,0.627625163789143,-0.1816975019025609,0.7635645556652128,0.5818670537626518,108779//179447,9854546598//459740163401,1607965//2561983,accounting attribution; not an independent causal effect
ideological/2014/11-24,ideological/2014/11-24,ideological/2014/11-24,ideological/2014/11-24,focal,ideological,all_parties,0,0,3,7,3,2014,Ideological 2014/PTB-PR,Ideological 2014/PTB-PR,,,,,,11,24,PTB,PR,true,endpoint-minimal,false,true,true,true,false,ideological/2014/11-24,"PTB, PT DO B, SOLIDARIEDADE, PMN, PHS, PMDB, PSD, PSDB, PTN, PPL, PRTB, PROS, PRP, PR",12,PROS,GO,74601,3032760,0.024598385628932063,0,17,0.0,0.418172555691845,0.3930992126021133,-0.418172555691845,0.02507334308973177,-0.3930992126021133,-0.1816975019025609,0.7635645556652128,0.5818670537626518,-422739//1010920,64938952017//2589959854360,-2014227//5123966,accounting attribution; not an independent causal effect
ideological/2014/11-24,ideological/2014/11-24,ideological/2014/11-24,ideological/2014/11-24,focal,ideological,all_parties,0,0,3,7,3,2014,Ideological 2014/PTB-PR,Ideological 2014/PTB-PR,,,,,,11,24,PTB,PR,true,endpoint-minimal,false,true,true,true,false,ideological/2014/11-24,"PTB, PT DO B, SOLIDARIEDADE, PMN, PHS, PMDB, PSD, PSDB, PTN, PPL, PRTB, PROS, PRP, PR",12,PROS,MA,5167,3130492,0.0016505392762543396,0,18,0.0,0.02970970697257811,0.02722676145782388,-0.02970970697257811,0.0024829455147542313,-0.02722676145782388,-0.1816975019025609,0.7635645556652128,0.5818670537626518,-46503//1565246,4978471671//2005066821409,-139509//5123966,accounting attribution; not an independent causal effect
ideological/2014/11-24,ideological/2014/11-24,ideological/2014/11-24,ideological/2014/11-24,focal,ideological,all_parties,0,0,3,7,3,2014,Ideological 2014/PTB-PR,Ideological 2014/PTB-PR,,,,,,11,24,PTB,PR,true,endpoint-minimal,false,true,true,true,false,ideological/2014/11-24,"PTB, PT DO B, SOLIDARIEDADE, PMN, PHS, PMDB, PSD, PSDB, PTN, PPL, PRTB, PROS, PRP, PR",12,PROS,MG,78479,10118666,0.007755864261158536,0,53,0.0,0.4110608058414024,0.41353377442395206,-0.4110608058414024,-0.0024729685825496573,-0.41353377442395206,-0.1816975019025609,0.7635645556652128,0.5818670537626518,-4159387//10118666,-32054433634//12961925137339,-2118933//5123966,accounting attribution; not an independent causal effect
ideological/2014/11-24,ideological/2014/11-24,ideological/2014/11-24,ideological/2014/11-24,focal,ideological,all_parties,0,0,3,7,3,2014,Ideological 2014/PTB-PR,Ideological 2014/PTB-PR,,,,,,11,24,PTB,PR,true,endpoint-minimal,false,true,true,true,false,ideological/2014/11-24,"PTB, PT DO B, SOLIDARIEDADE, PMN, PHS, PMDB, PSD, PSDB, PTN, PPL, PRTB, PROS, PRP, PR",12,PROS,MS,16671,1276893,0.01305590993137248,0,8,0.0,0.10444727945097984,0.08784543066835337,-0.10444727945097984,0.01660184878262646,-0.08784543066835337,-0.1816975019025609,0.7635645556652128,0.5818670537626518,-44456//425631,36207283669//2180918772546,-450117//5123966,accounting attribution; not an independent causal effect
ideological/2014/11-24,ideological/2014/11-24,ideological/2014/11-24,ideological/2014/11-24,focal,ideological,all_parties,0,0,3,7,3,2014,Ideological 2014/PTB-PR,Ideological 2014/PTB-PR,,,,,,11,24,PTB,PR,true,endpoint-minimal,false,true,true,true,false,ideological/2014/11-24,"PTB, PT DO B, SOLIDARIEDADE, PMN, PHS, PMDB, PSD, PSDB, PTN, PPL, PRTB, PROS, PRP, PR",12,PROS,MT,109722,1454612,0.07543042405809934,1,8,0.125,0.6034433924647947,0.5781642579205248,0.3965566075352053,0.02527913454426989,0.42183574207947516,-0.1816975019025609,0.7635645556652128,0.5818670537626518,144209//363653,23551882161//931672803899,1080736//2561983,accounting attribution; not an independent causal effect
ideological/2014/11-24,ideological/2014/11-24,ideological/2014/11-24,ideological/2014/11-24,focal,ideological,all_parties,0,0,3,7,3,2014,Ideological 2014/PTB-PR,Ideological 2014/PTB-PR,,,,,,11,24,PTB,PR,true,endpoint-minimal,false,true,true,true,false,ideological/2014/11-24,"PTB, PT DO B, SOLIDARIEDADE, PMN, PHS, PMDB, PSD, PSDB, PTN, PPL, PRTB, PROS, PRP, PR",12,PROS,PA,113028,3756049,0.030092259179792382,1,17,0.058823529411764705,0.5115684060564705,0.5955847482204214,0.4884315939435295,-0.08401634216395094,0.40441525177957854,-0.1816975019025609,0.7635645556652128,0.5818670537626518,1834573//3756049,-808483689114//9622933685167,1036105//2561983,accounting attribution; not an independent causal effect
ideological/2014/11-24,ideological/2014/11-24,ideological/2014/11-24,ideological/2014/11-24,focal,ideological,all_parties,0,0,3,7,3,2014,Ideological 2014/PTB-PR,Ideological 2014/PTB-PR,,,,,,11,24,PTB,PR,true,endpoint-minimal,false,true,true,true,false,ideological/2014/11-24,"PTB, PT DO B, SOLIDARIEDADE, PMN, PHS, PMDB, PSD, PSDB, PTN, PPL, PRTB, PROS, PRP, PR",12,PROS,PB,7391,1936819,0.003816050957781806,0,12,0.0,0.04579261149338167,0.03894580877390678,-0.04579261149338167,0.006846802719474899,-0.03894580877390678,-0.1816975019025609,0.7635645556652128,0.5818670537626518,-88692//1936819,67949003289//9924194704154,-199557//5123966,accounting attribution; not an independent causal effect
ideological/2014/11-24,ideological/2014/11-24,ideological/2014/11-24,ideological/2014/11-24,focal,ideological,all_parties,0,0,3,7,3,2014,Ideological 2014/PTB-PR,Ideological 2014/PTB-PR,,,,,,11,24,PTB,PR,true,endpoint-minimal,false,true,true,true,false,ideological/2014/11-24,"PTB, PT DO B, SOLIDARIEDADE, PMN, PHS, PMDB, PSD, PSDB, PTN, PPL, PRTB, PROS, PRP, PR",12,PROS,PE,7553,4483227,0.0016847239722637287,0,25,0.0,0.04211809930659322,0.039799444414736554,-0.04211809930659322,0.002318654891856666,-0.039799444414736554,-0.1816975019025609,0.7635645556652128,0.5818670537626518,-26975//640461,7609130659//3281700388326,-203931//5123966,accounting attribution; not an independent causal effect
ideological/2014/11-24,ideological/2014/11-24,ideological/2014/11-24,ideological/2014/11-24,focal,ideological,all_parties,0,0,3,7,3,2014,Ideological 2014/PTB-PR,Ideological 2014/PTB-PR,,,,,,11,24,PTB,PR,true,endpoint-minimal,false,true,true,true,false,ideological/2014/11-24,"PTB, PT DO B, SOLIDARIEDADE, PMN, PHS, PMDB, PSD, PSDB, PTN, PPL, PRTB, PROS, PRP, PR",12,PROS,PI,2663,1733434,0.0015362569327704429,0,10,0.0,0.015362569327704429,0.014032294515615443,-0.015362569327704429,0.0013302748120889863,-0.014032294515615443,-0.1816975019025609,0.7635645556652128,0.5818670537626518,-13315//866717,5907788273//4441028439622,-71901//5123966,accounting attribution; not an independent causal effect
ideological/2014/11-24,ideological/2014/11-24,ideological/2014/11-24,ideological/2014/11-24,focal,ideological,all_parties,0,0,3,7,3,2014,Ideological 2014/PTB-PR,Ideological 2014/PTB-PR,,,,,,11,24,PTB,PR,true,endpoint-minimal,false,true,true,true,false,ideological/2014/11-24,"PTB, PT DO B, SOLIDARIEDADE, PMN, PHS, PMDB, PSD, PSDB, PTN, PPL, PRTB, PROS, PRP, PR",12,PROS,PR,3215,5665222,0.0005674976196872779,0,30,0.0,0.017024928590618337,0.0169409789214058,-0.017024928590618337,8.394966921253596e-5,-0.0169409789214058,-0.1816975019025609,0.7635645556652128,0.5818670537626518,-48225//2832611,1218462495//14514202455226,-86805//5123966,accounting attribution; not an independent causal effect
ideological/2014/11-24,ideological/2014/11-24,ideological/2014/11-24,ideological/2014/11-24,focal,ideological,all_parties,0,0,3,7,3,2014,Ideological 2014/PTB-PR,Ideological 2014/PTB-PR,,,,,,11,24,PTB,PR,true,endpoint-minimal,false,true,true,true,false,ideological/2014/11-24,"PTB, PT DO B, SOLIDARIEDADE, PMN, PHS, PMDB, PSD, PSDB, PTN, PPL, PRTB, PROS, PRP, PR",12,PROS,RJ,176910,7673438,0.023054854942465165,2,46,0.043478260869565216,1.0605233273533976,0.9322017359209643,0.9394766726466025,0.12832159143243319,1.0677982640790356,-0.1816975019025609,0.7635645556652128,0.5818670537626518,3604508//3836719,1261351051275//9829608853777,2735681//2561983,accounting attribution; not an independent causal effect
ideological/2014/11-24,ideological/2014/11-24,ideological/2014/11-24,ideological/2014/11-24,focal,ideological,all_parties,0,0,3,7,3,2014,Ideological 2014/PTB-PR,Ideological 2014/PTB-PR,,,,,,11,24,PTB,PR,true,endpoint-minimal,false,true,true,true,false,ideological/2014/11-24,"PTB, PT DO B, SOLIDARIEDADE, PMN, PHS, PMDB, PSD, PSDB, PTN, PPL, PRTB, PROS, PRP, PR",12,PROS,RN,186728,1580871,0.1181171645251257,1,8,0.125,0.9449373162010056,0.983936271239895,0.05506268379899435,-0.03899895503888939,0.016063728760104964,-0.1816975019025609,0.7635645556652128,0.5818670537626518,87047//1580871,-157952188196//4050164627193,41155//2561983,accounting attribution; not an independent causal effect
ideological/2014/11-24,ideological/2014/11-24,ideological/2014/11-24,ideological/2014/11-24,focal,ideological,all_parties,0,0,3,7,3,2014,Ideological 2014/PTB-PR,Ideological 2014/PTB-PR,,,,,,11,24,PTB,PR,true,endpoint-minimal,false,true,true,true,false,ideological/2014/11-24,"PTB, PT DO B, SOLIDARIEDADE, PMN, PHS, PMDB, PSD, PSDB, PTN, PPL, PRTB, PROS, PRP, PR",12,PROS,RO,28119,798475,0.03521588027176806,0,8,0.0,0.28172704217414446,0.14816901595365778,-0.28172704217414446,0.13355802622048668,-0.14816901595365778,-0.1816975019025609,0.7635645556652128,0.5818670537626518,-224952//798475,546433799457//4091358751850,-759213//5123966,accounting attribution; not an independent causal effect
ideological/2014/11-24,ideological/2014/11-24,ideological/2014/11-24,ideological/2014/11-24,focal,ideological,all_parties,0,0,3,7,3,2014,Ideological 2014/PTB-PR,Ideological 2014/PTB-PR,,,,,,11,24,PTB,PR,true,endpoint-minimal,false,true,true,true,false,ideological/2014/11-24,"PTB, PT DO B, SOLIDARIEDADE, PMN, PHS, PMDB, PSD, PSDB, PTN, PPL, PRTB, PROS, PRP, PR",12,PROS,RR,10473,238099,0.04398590502270064,0,8,0.0,0.3518872401816051,0.05518596337290294,-0.3518872401816051,0.2967012768087022,-0.05518596337290294,-0.1816975019025609,0.7635645556652128,0.5818670537626518,-83784//238099,361978875015//1220011180634,-282771//5123966,accounting attribution; not an independent causal effect
ideological/2014/11-24,ideological/2014/11-24,ideological/2014/11-24,ideological/2014/11-24,focal,ideological,all_parties,0,0,3,7,3,2014,Ideological 2014/PTB-PR,Ideological 2014/PTB-PR,,,,,,11,24,PTB,PR,true,endpoint-minimal,false,true,true,true,false,ideological/2014/11-24,"PTB, PT DO B, SOLIDARIEDADE, PMN, PHS, PMDB, PSD, PSDB, PTN, PPL, PRTB, PROS, PRP, PR",12,PROS,RS,12034,5942063,0.002025222553177238,0,31,0.0,0.06278189914849439,0.06341142778855285,-0.06278189914849439,-0.0006295286400584649,-0.06341142778855285,-0.1816975019025609,0.7635645556652128,0.5818670537626518,-373054//5942063,-9583606835//15223464390929,-162459//2561983,accounting attribution; not an independent causal effect
ideological/2014/11-24,ideological/2014/11-24,ideological/2014/11-24,ideological/2014/11-24,focal,ideological,all_parties,0,0,3,7,3,2014,Ideological 2014/PTB-PR,Ideological 2014/PTB-PR,,,,,,11,24,PTB,PR,true,endpoint-minimal,false,true,true,true,false,ideological/2014/11-24,"PTB, PT DO B, SOLIDARIEDADE, PMN, PHS, PMDB, PSD, PSDB, PTN, PPL, PRTB, PROS, PRP, PR",12,PROS,SC,775,3391619,0.00022850443991497866,0,16,0.0,0.0036560710386396586,0.0040837507508832025,-0.0036560710386396586,-0.0004276797122435441,-0.0040837507508832025,-0.1816975019025609,0.7635645556652128,0.5818670537626518,-12400//3391619,-7432449175//17378540440954,-20925//5123966,accounting attribution; not an independent causal effect
ideological/2014/11-24,ideological/2014/11-24,ideological/2014/11-24,ideological/2014/11-24,focal,ideological,all_parties,0,0,3,7,3,2014,Ideological 2014/PTB-PR,Ideological 2014/PTB-PR,,,,,,11,24,PTB,PR,true,endpoint-minimal,false,true,true,true,false,ideological/2014/11-24,"PTB, PT DO B, SOLIDARIEDADE, PMN, PHS, PMDB, PSD, PSDB, PTN, PPL, PRTB, PROS, PRP, PR",12,PROS,SE,50962,1052826,0.04840495960396115,0,8,0.0,0.3872396768316892,0.26853691066646423,-0.3872396768316892,0.11870276616522497,-0.26853691066646423,-0.1816975019025609,0.7635645556652128,0.5818670537626518,-203848//526413,160089809953//1348661156979,-687987//2561983,accounting attribution; not an independent causal effect
ideological/2014/11-24,ideological/2014/11-24,ideological/2014/11-24,ideological/2014/11-24,focal,ideological,all_parties,0,0,3,7,3,2014,Ideological 2014/PTB-PR,Ideological 2014/PTB-PR,,,,,,11,24,PTB,PR,true,endpoint-minimal,false,true,true,true,false,ideological/2014/11-24,"PTB, PT DO B, SOLIDARIEDADE, PMN, PHS, PMDB, PSD, PSDB, PTN, PPL, PRTB, PROS, PRP, PR",12,PROS,SP,134473,21266194,0.006323322358481259,0,70,0.0,0.44263256509368815,0.7085860835142154,-0.44263256509368815,-0.2659535184205272,-0.7085860835142154,-0.1816975019025609,0.7635645556652128,0.5818670537626518,-4706555//10633097,-14490112430657//54483627502702,-3630771//5123966,accounting attribution; not an independent causal effect
ideological/2014/11-24,ideological/2014/11-24,ideological/2014/11-24,ideological/2014/11-24,focal,ideological,all_parties,0,0,3,7,3,2014,Ideological 2014/PTB-PR,Ideological 2014/PTB-PR,,,,,,11,24,PTB,PR,true,endpoint-minimal,false,true,true,true,false,ideological/2014/11-24,"PTB, PT DO B, SOLIDARIEDADE, PMN, PHS, PMDB, PSD, PSDB, PTN, PPL, PRTB, PROS, PRP, PR",12,PROS,TO,2308,733225,0.0031477377339834294,0,8,0.0,0.025181901871867435,0.012161673203920557,-0.025181901871867435,0.013020228667946878,-0.012161673203920557,-0.1816975019025609,0.7635645556652128,0.5818670537626518,-18464//733225,24458629562//1878509985175,-31158//2561983,accounting attribution; not an independent causal effect
ideological/2014/11-24,ideological/2014/11-24,ideological/2014/11-24,ideological/2014/11-24,focal,ideological,all_parties,0,0,3,7,3,2014,Ideological 2014/PTB-PR,Ideological 2014/PTB-PR,,,,,,11,24,PTB,PR,true,endpoint-minimal,false,true,true,true,false,ideological/2014/11-24,"PTB, PT DO B, SOLIDARIEDADE, PMN, PHS, PMDB, PSD, PSDB, PTN, PPL, PRTB, PROS, PRP, PR",13,PRP,AC,11963,399201,0.0299673598012029,0,8,0.0,0.2397388784096232,0.06303730352621388,-0.2397388784096232,0.17670157488340935,-0.06303730352621388,-1.2129420394327874,0.39358121619547476,-0.8193608232373126,-95704//399201,361441719863//2045492351166,-323001//5123966,accounting attribution; not an independent causal effect
ideological/2014/11-24,ideological/2014/11-24,ideological/2014/11-24,ideological/2014/11-24,focal,ideological,all_parties,0,0,3,7,3,2014,Ideological 2014/PTB-PR,Ideological 2014/PTB-PR,,,,,,11,24,PTB,PR,true,endpoint-minimal,false,true,true,true,false,ideological/2014/11-24,"PTB, PT DO B, SOLIDARIEDADE, PMN, PHS, PMDB, PSD, PSDB, PTN, PPL, PRTB, PROS, PRP, PR",13,PRP,AL,69104,1384584,0.04990957572816095,0,9,0.0,0.4491861815534485,0.36413356372778427,-0.4491861815534485,0.08505261782566424,-0.36413356372778427,-1.2129420394327874,0.39358121619547476,-0.8193608232373126,-25914//57691,12571062798//147803361253,-932904//2561983,accounting attribution; not an independent causal effect
ideological/2014/11-24,ideological/2014/11-24,ideological/2014/11-24,ideological/2014/11-24,focal,ideological,all_parties,0,0,3,7,3,2014,Ideological 2014/PTB-PR,Ideological 2014/PTB-PR,,,,,,11,24,PTB,PR,true,endpoint-minimal,false,true,true,true,false,ideological/2014/11-24,"PTB, PT DO B, SOLIDARIEDADE, PMN, PHS, PMDB, PSD, PSDB, PTN, PPL, PRTB, PROS, PRP, PR",13,PRP,AM,13777,1658407,0.008307369662573783,0,8,0.0,0.06645895730059026,0.07259591496118437,-0.06645895730059026,-0.006136957660594099,-0.07259591496118437,-1.2129420394327874,0.39358121619547476,-0.8193608232373126,-110216//1658407,-52149540797//8497621082162,-371979//5123966,accounting attribution; not an independent causal effect
ideological/2014/11-24,ideological/2014/11-24,ideological/2014/11-24,ideological/2014/11-24,focal,ideological,all_parties,0,0,3,7,3,2014,Ideological 2014/PTB-PR,Ideological 2014/PTB-PR,,,,,,11,24,PTB,PR,true,endpoint-minimal,false,true,true,true,false,ideological/2014/11-24,"PTB, PT DO B, SOLIDARIEDADE, PMN, PHS, PMDB, PSD, PSDB, PTN, PPL, PRTB, PROS, PRP, PR",13,PRP,AP,5130,386084,0.013287263911480404,0,8,0.0,0.10629811129184323,0.027031795292943004,-0.10629811129184323,0.07926631599890022,-0.027031795292943004,-1.2129420394327874,0.39358121619547476,-0.8193608232373126,-10260//96521,19601383725//247285161143,-69255//2561983,accounting attribution; not an independent causal effect
ideological/2014/11-24,ideological/2014/11-24,ideological/2014/11-24,ideological/2014/11-24,focal,ideological,all_parties,0,0,3,7,3,2014,Ideological 2014/PTB-PR,Ideological 2014/PTB-PR,,,,,,11,24,PTB,PR,true,endpoint-minimal,false,true,true,true,false,ideological/2014/11-24,"PTB, PT DO B, SOLIDARIEDADE, PMN, PHS, PMDB, PSD, PSDB, PTN, PPL, PRTB, PROS, PRP, PR",13,PRP,BA,62072,6646541,0.009338993019075637,0,39,0.0,0.3642207277439498,0.32707945368880276,-0.3642207277439498,0.03714127405514705,-0.32707945368880276,-1.2129420394327874,0.39358121619547476,-0.8193608232373126,-2420808//6646541,632453687412//17028325050803,-837972//2561983,accounting attribution; not an independent causal effect
ideological/2014/11-24,ideological/2014/11-24,ideological/2014/11-24,ideological/2014/11-24,focal,ideological,all_parties,0,0,3,7,3,2014,Ideological 2014/PTB-PR,Ideological 2014/PTB-PR,,,,,,11,24,PTB,PR,true,endpoint-minimal,false,true,true,true,false,ideological/2014/11-24,"PTB, PT DO B, SOLIDARIEDADE, PMN, PHS, PMDB, PSD, PSDB, PTN, PPL, PRTB, PROS, PRP, PR",13,PRP,CE,7739,4367020,0.0017721466812609056,0,22,0.0,0.038987226987739924,0.04077954459494852,-0.038987226987739924,-0.001792317607208599,-0.04077954459494852,-1.2129420394327874,0.39358121619547476,-0.8193608232373126,-85129//2183510,-5013215854//2797057750165,-208953//5123966,accounting attribution; not an independent causal effect
ideological/2014/11-24,ideological/2014/11-24,ideological/2014/11-24,ideological/2014/11-24,focal,ideological,all_parties,0,0,3,7,3,2014,Ideological 2014/PTB-PR,Ideological 2014/PTB-PR,,,,,,11,24,PTB,PR,true,endpoint-minimal,false,true,true,true,false,ideological/2014/11-24,"PTB, PT DO B, SOLIDARIEDADE, PMN, PHS, PMDB, PSD, PSDB, PTN, PPL, PRTB, PROS, PRP, PR",13,PRP,DF,6847,1454063,0.004708874374769181,0,8,0.0,0.03767099499815345,0.03607927921457715,-0.03767099499815345,0.0015917157835763042,-0.03607927921457715,-1.2129420394327874,0.39358121619547476,-0.8193608232373126,-54776//1454063,11859188869//7450569373858,-184869//5123966,accounting attribution; not an independent causal effect
ideological/2014/11-24,ideological/2014/11-24,ideological/2014/11-24,ideological/2014/11-24,focal,ideological,all_parties,0,0,3,7,3,2014,Ideological 2014/PTB-PR,Ideological 2014/PTB-PR,,,,,,11,24,PTB,PR,true,endpoint-minimal,false,true,true,true,false,ideological/2014/11-24,"PTB, PT DO B, SOLIDARIEDADE, PMN, PHS, PMDB, PSD, PSDB, PTN, PPL, PRTB, PROS, PRP, PR",13,PRP,ES,47327,1794470,0.026373803964401744,0,10,0.0,0.26373803964401743,0.2493828023058701,-0.26373803964401743,0.014355237338147352,-0.2493828023058701,-1.2129420394327874,0.39358121619547476,-0.8193608232373126,-47327//179447,13199358319//919480326802,-1277829//5123966,accounting attribution; not an independent causal effect
ideological/2014/11-24,ideological/2014/11-24,ideological/2014/11-24,ideological/2014/11-24,focal,ideological,all_parties,0,0,3,7,3,2014,Ideological 2014/PTB-PR,Ideological 2014/PTB-PR,,,,,,11,24,PTB,PR,true,endpoint-minimal,false,true,true,true,false,ideological/2014/11-24,"PTB, PT DO B, SOLIDARIEDADE, PMN, PHS, PMDB, PSD, PSDB, PTN, PPL, PRTB, PROS, PRP, PR",13,PRP,GO,110254,3032760,0.03635434389796753,0,17,0.0,0.6180238462654479,0.5809675552101634,-0.6180238462654479,0.037056291055284594,-0.5809675552101634,-1.2129420394327874,0.39358121619547476,-0.8193608232373126,-937159//1516380,143961459277//3884939781540,-1488429//2561983,accounting attribution; not an independent causal effect
ideological/2014/11-24,ideological/2014/11-24,ideological/2014/11-24,ideological/2014/11-24,focal,ideological,all_parties,0,0,3,7,3,2014,Ideological 2014/PTB-PR,Ideological 2014/PTB-PR,,,,,,11,24,PTB,PR,true,endpoint-minimal,false,true,true,true,false,ideological/2014/11-24,"PTB, PT DO B, SOLIDARIEDADE, PMN, PHS, PMDB, PSD, PSDB, PTN, PPL, PRTB, PROS, PRP, PR",13,PRP,MA,93090,3130492,0.029736539815466707,1,18,0.05555555555555555,0.5352577166784007,0.49052433212866753,0.4647422833215993,0.04473338454973319,0.5094756678713325,-1.2129420394327874,0.39358121619547476,-0.8193608232373126,12542//26987,3092876730//69140235221,1305268//2561983,accounting attribution; not an independent causal effect
ideological/2014/11-24,ideological/2014/11-24,ideological/2014/11-24,ideological/2014/11-24,focal,ideological,all_parties,0,0,3,7,3,2014,Ideological 2014/PTB-PR,Ideological 2014/PTB-PR,,,,,,11,24,PTB,PR,true,endpoint-minimal,false,true,true,true,false,ideological/2014/11-24,"PTB, PT DO B, SOLIDARIEDADE, PMN, PHS, PMDB, PSD, PSDB, PTN, PPL, PRTB, PROS, PRP, PR",13,PRP,MG,77427,10118666,0.007651897987343391,1,53,0.018867924528301886,0.40555059332919974,0.4079904121143661,0.5944494066708003,-0.0024398187851663797,0.5920095878856338,-1.2129420394327874,0.39358121619547476,-0.8193608232373126,6015035//10118666,-31624748442//12961925137339,3033437//5123966,accounting attribution; not an independent causal effect
ideological/2014/11-24,ideological/2014/11-24,ideological/2014/11-24,ideological/2014/11-24,focal,ideological,all_parties,0,0,3,7,3,2014,Ideological 2014/PTB-PR,Ideological 2014/PTB-PR,,,,,,11,24,PTB,PR,true,endpoint-minimal,false,true,true,true,false,ideological/2014/11-24,"PTB, PT DO B, SOLIDARIEDADE, PMN, PHS, PMDB, PSD, PSDB, PTN, PPL, PRTB, PROS, PRP, PR",13,PRP,MS,9965,1276893,0.007804099482102259,0,8,0.0,0.062432795856818074,0.052509130622646595,-0.062432795856818074,0.009923665234171476,-0.052509130622646595,-1.2129420394327874,0.39358121619547476,-0.8193608232373126,-79720//1276893,64928123405//6542756317638,-269055//5123966,accounting attribution; not an independent causal effect
ideological/2014/11-24,ideological/2014/11-24,ideological/2014/11-24,ideological/2014/11-24,focal,ideological,all_parties,0,0,3,7,3,2014,Ideological 2014/PTB-PR,Ideological 2014/PTB-PR,,,,,,11,24,PTB,PR,true,endpoint-minimal,false,true,true,true,false,ideological/2014/11-24,"PTB, PT DO B, SOLIDARIEDADE, PMN, PHS, PMDB, PSD, PSDB, PTN, PPL, PRTB, PROS, PRP, PR",13,PRP,MT,0,1454612,0.0,0,8,0.0,0.0,0.0,0.0,0.0,0.0,-1.2129420394327874,0.39358121619547476,-0.8193608232373126,0//1,0//1,0//1,accounting attribution; not an independent causal effect
ideological/2014/11-24,ideological/2014/11-24,ideological/2014/11-24,ideological/2014/11-24,focal,ideological,all_parties,0,0,3,7,3,2014,Ideological 2014/PTB-PR,Ideological 2014/PTB-PR,,,,,,11,24,PTB,PR,true,endpoint-minimal,false,true,true,true,false,ideological/2014/11-24,"PTB, PT DO B, SOLIDARIEDADE, PMN, PHS, PMDB, PSD, PSDB, PTN, PPL, PRTB, PROS, PRP, PR",13,PRP,PA,7538,3756049,0.0020068960761694004,0,17,0.0,0.034117233294879805,0.03972040407762269,-0.034117233294879805,-0.005603170782742879,-0.03972040407762269,-1.2129420394327874,0.39358121619547476,-0.8193608232373126,-128146//3756049,-53918940869//9622933685167,-101763//2561983,accounting attribution; not an independent causal effect
ideological/2014/11-24,ideological/2014/11-24,ideological/2014/11-24,ideological/2014/11-24,focal,ideological,all_parties,0,0,3,7,3,2014,Ideological 2014/PTB-PR,Ideological 2014/PTB-PR,,,,,,11,24,PTB,PR,true,endpoint-minimal,false,true,true,true,false,ideological/2014/11-24,"PTB, PT DO B, SOLIDARIEDADE, PMN, PHS, PMDB, PSD, PSDB, PTN, PPL, PRTB, PROS, PRP, PR",13,PRP,PB,4197,1936819,0.0021669551981883697,0,12,0.0,0.026003462378260435,0.02211548632446039,-0.026003462378260435,0.0038879760538000478,-0.02211548632446039,-1.2129420394327874,0.39358121619547476,-0.8193608232373126,-50364//1936819,38585031363//9924194704154,-113319//5123966,accounting attribution; not an independent causal effect
ideological/2014/11-24,ideological/2014/11-24,ideological/2014/11-24,ideological/2014/11-24,focal,ideological,all_parties,0,0,3,7,3,2014,Ideological 2014/PTB-PR,Ideological 2014/PTB-PR,,,,,,11,24,PTB,PR,true,endpoint-minimal,false,true,true,true,false,ideological/2014/11-24,"PTB, PT DO B, SOLIDARIEDADE, PMN, PHS, PMDB, PSD, PSDB, PTN, PPL, PRTB, PROS, PRP, PR",13,PRP,PE,24617,4483227,0.005490910899671152,0,25,0.0,0.1372727724917788,0.12971573191547328,-0.1372727724917788,0.007557040576305514,-0.12971573191547328,-1.2129420394327874,0.39358121619547476,-0.8193608232373126,-615425//4483227,173599600957//22971902718282,-664659//5123966,accounting attribution; not an independent causal effect
ideological/2014/11-24,ideological/2014/11-24,ideological/2014/11-24,ideological/2014/11-24,focal,ideological,all_parties,0,0,3,7,3,2014,Ideological 2014/PTB-PR,Ideological 2014/PTB-PR,,,,,,11,24,PTB,PR,true,endpoint-minimal,false,true,true,true,false,ideological/2014/11-24,"PTB, PT DO B, SOLIDARIEDADE, PMN, PHS, PMDB, PSD, PSDB, PTN, PPL, PRTB, PROS, PRP, PR",13,PRP,PI,5465,1733434,0.0031527015161811754,0,10,0.0,0.03152701516181176,0.028797029488486066,-0.03152701516181176,0.002729985673325689,-0.028797029488486066,-1.2129420394327874,0.39358121619547476,-0.8193608232373126,-27325//866717,12123944015//4441028439622,-147555//5123966,accounting attribution; not an independent causal effect
ideological/2014/11-24,ideological/2014/11-24,ideological/2014/11-24,ideological/2014/11-24,focal,ideological,all_parties,0,0,3,7,3,2014,Ideological 2014/PTB-PR,Ideological 2014/PTB-PR,,,,,,11,24,PTB,PR,true,endpoint-minimal,false,true,true,true,false,ideological/2014/11-24,"PTB, PT DO B, SOLIDARIEDADE, PMN, PHS, PMDB, PSD, PSDB, PTN, PPL, PRTB, PROS, PRP, PR",13,PRP,PR,7031,5665222,0.0012410811085602647,0,30,0.0,0.03723243325680794,0.037048840683173934,-0.03723243325680794,0.00018359257363400943,-0.037048840683173934,-1.2129420394327874,0.39358121619547476,-0.8193608232373126,-105465//2832611,2664699783//14514202455226,-189837//5123966,accounting attribution; not an independent causal effect
ideological/2014/11-24,ideological/2014/11-24,ideological/2014/11-24,ideological/2014/11-24,focal,ideological,all_parties,0,0,3,7,3,2014,Ideological 2014/PTB-PR,Ideological 2014/PTB-PR,,,,,,11,24,PTB,PR,true,endpoint-minimal,false,true,true,true,false,ideological/2014/11-24,"PTB, PT DO B, SOLIDARIEDADE, PMN, PHS, PMDB, PSD, PSDB, PTN, PPL, PRTB, PROS, PRP, PR",13,PRP,RJ,53457,7673438,0.006966499240627213,1,46,0.021739130434782608,0.3204589650688518,0.28168395340640434,0.6795410349311483,0.03877501166244746,0.7183160465935957,-1.2129420394327874,0.39358121619547476,-0.8193608232373126,2607208//3836719,762286395885//19659217707554,3680627//5123966,accounting attribution; not an independent causal effect
ideological/2014/11-24,ideological/2014/11-24,ideological/2014/11-24,ideological/2014/11-24,focal,ideological,all_parties,0,0,3,7,3,2014,Ideological 2014/PTB-PR,Ideological 2014/PTB-PR,,,,,,11,24,PTB,PR,true,endpoint-minimal,false,true,true,true,false,ideological/2014/11-24,"PTB, PT DO B, SOLIDARIEDADE, PMN, PHS, PMDB, PSD, PSDB, PTN, PPL, PRTB, PROS, PRP, PR",13,PRP,RN,3228,1580871,0.002041912338198373,0,8,0.0,0.016335298705586983,0.017009480546904487,-0.016335298705586983,-0.0006741818413175043,-0.017009480546904487,-1.2129420394327874,0.39358121619547476,-0.8193608232373126,-8608//526957,-910182482//1350054875731,-43578//2561983,accounting attribution; not an independent causal effect
ideological/2014/11-24,ideological/2014/11-24,ideological/2014/11-24,ideological/2014/11-24,focal,ideological,all_parties,0,0,3,7,3,2014,Ideological 2014/PTB-PR,Ideological 2014/PTB-PR,,,,,,11,24,PTB,PR,true,endpoint-minimal,false,true,true,true,false,ideological/2014/11-24,"PTB, PT DO B, SOLIDARIEDADE, PMN, PHS, PMDB, PSD, PSDB, PTN, PPL, PRTB, PROS, PRP, PR",13,PRP,RO,1157,798475,0.001449012179467109,0,8,0.0,0.011592097435736873,0.0060966446693830525,-0.011592097435736873,0.005495452766353821,-0.0060966446693830525,-1.2129420394327874,0.39358121619547476,-0.8193608232373126,-9256//798475,22483868771//4091358751850,-31239//5123966,accounting attribution; not an independent causal effect
ideological/2014/11-24,ideological/2014/11-24,ideological/2014/11-24,ideological/2014/11-24,focal,ideological,all_parties,0,0,3,7,3,2014,Ideological 2014/PTB-PR,Ideological 2014/PTB-PR,,,,,,11,24,PTB,PR,true,endpoint-minimal,false,true,true,true,false,ideological/2014/11-24,"PTB, PT DO B, SOLIDARIEDADE, PMN, PHS, PMDB, PSD, PSDB, PTN, PPL, PRTB, PROS, PRP, PR",13,PRP,RR,1009,238099,0.004237733043817908,0,8,0.0,0.033901864350543265,0.00531678000985955,-0.033901864350543265,0.02858508434068371,-0.00531678000985955,-1.2129420394327874,0.39358121619547476,-0.8193608232373126,-8072//238099,34874122495//1220011180634,-27243//5123966,accounting attribution; not an independent causal effect
ideological/2014/11-24,ideological/2014/11-24,ideological/2014/11-24,ideological/2014/11-24,focal,ideological,all_parties,0,0,3,7,3,2014,Ideological 2014/PTB-PR,Ideological 2014/PTB-PR,,,,,,11,24,PTB,PR,true,endpoint-minimal,false,true,true,true,false,ideological/2014/11-24,"PTB, PT DO B, SOLIDARIEDADE, PMN, PHS, PMDB, PSD, PSDB, PTN, PPL, PRTB, PROS, PRP, PR",13,PRP,RS,3764,5942063,0.0006334500324213998,0,31,0.0,0.019636951005063394,0.019833855259773388,-0.019636951005063394,-0.00019690425470999352,-0.019833855259773388,-1.2129420394327874,0.39358121619547476,-0.8193608232373126,-116684//5942063,-2997564910//15223464390929,-50814//2561983,accounting attribution; not an independent causal effect
ideological/2014/11-24,ideological/2014/11-24,ideological/2014/11-24,ideological/2014/11-24,focal,ideological,all_parties,0,0,3,7,3,2014,Ideological 2014/PTB-PR,Ideological 2014/PTB-PR,,,,,,11,24,PTB,PR,true,endpoint-minimal,false,true,true,true,false,ideological/2014/11-24,"PTB, PT DO B, SOLIDARIEDADE, PMN, PHS, PMDB, PSD, PSDB, PTN, PPL, PRTB, PROS, PRP, PR",13,PRP,SC,10785,3391619,0.003179897270300703,0,16,0.0,0.05087835632481125,0.0568300023848714,-0.05087835632481125,-0.005951646060060158,-0.0568300023848714,-1.2129420394327874,0.39358121619547476,-0.8193608232373126,-172560//3391619,-103430921745//17378540440954,-291195//5123966,accounting attribution; not an independent causal effect
ideological/2014/11-24,ideological/2014/11-24,ideological/2014/11-24,ideological/2014/11-24,focal,ideological,all_parties,0,0,3,7,3,2014,Ideological 2014/PTB-PR,Ideological 2014/PTB-PR,,,,,,11,24,PTB,PR,true,endpoint-minimal,false,true,true,true,false,ideological/2014/11-24,"PTB, PT DO B, SOLIDARIEDADE, PMN, PHS, PMDB, PSD, PSDB, PTN, PPL, PRTB, PROS, PRP, PR",13,PRP,SE,1328,1052826,0.0012613670255103883,0,8,0.0,0.010090936204083106,0.0069977045124811526,-0.010090936204083106,0.0030932316916019538,-0.0069977045124811526,-1.2129420394327874,0.39358121619547476,-0.8193608232373126,-5312//526413,4171721432//1348661156979,-17928//2561983,accounting attribution; not an independent causal effect
ideological/2014/11-24,ideological/2014/11-24,ideological/2014/11-24,ideological/2014/11-24,focal,ideological,all_parties,0,0,3,7,3,2014,Ideological 2014/PTB-PR,Ideological 2014/PTB-PR,,,,,,11,24,PTB,PR,true,endpoint-minimal,false,true,true,true,false,ideological/2014/11-24,"PTB, PT DO B, SOLIDARIEDADE, PMN, PHS, PMDB, PSD, PSDB, PTN, PPL, PRTB, PROS, PRP, PR",13,PRP,SP,85054,21266194,0.0039994932802738465,0,70,0.0,0.2799645296191693,0.4481797888588644,-0.2799645296191693,-0.16821525923969513,-0.4481797888588644,-1.2129420394327874,0.39358121619547476,-0.8193608232373126,-2976890//10633097,-106569506101//633530552357,-26703//59581,accounting attribution; not an independent causal effect
ideological/2014/11-24,ideological/2014/11-24,ideological/2014/11-24,ideological/2014/11-24,focal,ideological,all_parties,0,0,3,7,3,2014,Ideological 2014/PTB-PR,Ideological 2014/PTB-PR,,,,,,11,24,PTB,PR,true,endpoint-minimal,false,true,true,true,false,ideological/2014/11-24,"PTB, PT DO B, SOLIDARIEDADE, PMN, PHS, PMDB, PSD, PSDB, PTN, PPL, PRTB, PROS, PRP, PR",13,PRP,TO,1500,733225,0.002045756759521293,0,8,0.0,0.016366054076170342,0.007904033711386843,-0.016366054076170342,0.0084620203647835,-0.007904033711386843,-1.2129420394327874,0.39358121619547476,-0.8193608232373126,-480//29329,635839590//75140399407,-20250//2561983,accounting attribution; not an independent causal effect
ideological/2014/11-24,ideological/2014/11-24,ideological/2014/11-24,ideological/2014/11-24,focal,ideological,all_parties,0,0,3,7,3,2014,Ideological 2014/PTB-PR,Ideological 2014/PTB-PR,,,,,,11,24,PTB,PR,true,endpoint-minimal,false,true,true,true,false,ideological/2014/11-24,"PTB, PT DO B, SOLIDARIEDADE, PMN, PHS, PMDB, PSD, PSDB, PTN, PPL, PRTB, PROS, PRP, PR",14,PR,AC,13953,399201,0.034952317253714296,0,8,0.0,0.27961853802971437,0.07352332158332042,-0.27961853802971437,0.20609521644639395,-0.07352332158332042,5.0428381901786,-0.7383929616193156,4.304445228559284,-37208//133067,140522062951//681830783722,-376731//5123966,accounting attribution; not an independent causal effect
ideological/2014/11-24,ideological/2014/11-24,ideological/2014/11-24,ideological/2014/11-24,focal,ideological,all_parties,0,0,3,7,3,2014,Ideological 2014/PTB-PR,Ideological 2014/PTB-PR,,,,,,11,24,PTB,PR,true,endpoint-minimal,false,true,true,true,false,ideological/2014/11-24,"PTB, PT DO B, SOLIDARIEDADE, PMN, PHS, PMDB, PSD, PSDB, PTN, PPL, PRTB, PROS, PRP, PR",14,PR,AL,80360,1384584,0.05803909333055994,1,9,0.1111111111111111,0.5223518399750394,0.4234454326980312,0.4776481600249606,0.09890640727700827,0.5765545673019689,5.0428381901786,-0.7383929616193156,4.304445228559284,27556//57691,14618699445//147803361253,1477123//2561983,accounting attribution; not an independent causal effect
ideological/2014/11-24,ideological/2014/11-24,ideological/2014/11-24,ideological/2014/11-24,focal,ideological,all_parties,0,0,3,7,3,2014,Ideological 2014/PTB-PR,Ideological 2014/PTB-PR,,,,,,11,24,PTB,PR,true,endpoint-minimal,false,true,true,true,false,ideological/2014/11-24,"PTB, PT DO B, SOLIDARIEDADE, PMN, PHS, PMDB, PSD, PSDB, PTN, PPL, PRTB, PROS, PRP, PR",14,PR,AM,123448,1658407,0.07443769834546043,1,8,0.125,0.5955015867636835,0.650491435735522,0.4044984132363165,-0.05498984897183859,0.34950856426447796,5.0428381901786,-0.7383929616193156,4.304445228559284,670823//1658407,-233641449964//4248810541081,895435//2561983,accounting attribution; not an independent causal effect
ideological/2014/11-24,ideological/2014/11-24,ideological/2014/11-24,ideological/2014/11-24,focal,ideological,all_parties,0,0,3,7,3,2014,Ideological 2014/PTB-PR,Ideological 2014/PTB-PR,,,,,,11,24,PTB,PR,true,endpoint-minimal,false,true,true,true,false,ideological/2014/11-24,"PTB, PT DO B, SOLIDARIEDADE, PMN, PHS, PMDB, PSD, PSDB, PTN, PPL, PRTB, PROS, PRP, PR",14,PR,AP,20278,386084,0.05252224904424944,1,8,0.125,0.4201779923539955,0.10685199706633494,0.5798220076460044,0.3133259952876606,0.893148002933665,5.0428381901786,-0.7383929616193156,4.304445228559284,55965//96521,77480869235//247285161143,2288230//2561983,accounting attribution; not an independent causal effect
ideological/2014/11-24,ideological/2014/11-24,ideological/2014/11-24,ideological/2014/11-24,focal,ideological,all_parties,0,0,3,7,3,2014,Ideological 2014/PTB-PR,Ideological 2014/PTB-PR,,,,,,11,24,PTB,PR,true,endpoint-minimal,false,true,true,true,false,ideological/2014/11-24,"PTB, PT DO B, SOLIDARIEDADE, PMN, PHS, PMDB, PSD, PSDB, PTN, PPL, PRTB, PROS, PRP, PR",14,PR,BA,242545,6646541,0.03649191361341185,2,39,0.05128205128205128,1.423184630923062,1.2780559043522146,0.5768153690769379,0.1451287265708474,0.7219440956477853,5.0428381901786,-0.7383929616193156,4.304445228559284,3833827//6646541,4942598260515//34056650101606,3699217//5123966,accounting attribution; not an independent causal effect
ideological/2014/11-24,ideological/2014/11-24,ideological/2014/11-24,ideological/2014/11-24,focal,ideological,all_parties,0,0,3,7,3,2014,Ideological 2014/PTB-PR,Ideological 2014/PTB-PR,,,,,,11,24,PTB,PR,true,endpoint-minimal,false,true,true,true,false,ideological/2014/11-24,"PTB, PT DO B, SOLIDARIEDADE, PMN, PHS, PMDB, PSD, PSDB, PTN, PPL, PRTB, PROS, PRP, PR",14,PR,CE,279982,4367020,0.064112827511667,2,22,0.09090909090909091,1.410482205256674,1.4753247777210075,0.5895177947433261,-0.06484257246433363,0.5246752222789924,5.0428381901786,-0.7383929616193156,4.304445228559284,643609//1091755,-181368419852//2797057750165,1344209//2561983,accounting attribution; not an independent causal effect
ideological/2014/11-24,ideological/2014/11-24,ideological/2014/11-24,ideological/2014/11-24,focal,ideological,all_parties,0,0,3,7,3,2014,Ideological 2014/PTB-PR,Ideological 2014/PTB-PR,,,,,,11,24,PTB,PR,true,endpoint-minimal,false,true,true,true,false,ideological/2014/11-24,"PTB, PT DO B, SOLIDARIEDADE, PMN, PHS, PMDB, PSD, PSDB, PTN, PPL, PRTB, PROS, PRP, PR",14,PR,DF,47118,1454063,0.03240437312551107,1,8,0.125,0.25923498500408854,0.24828150694208354,0.7407650149959114,0.01095347806200501,0.7517184930579165,5.0428381901786,-0.7383929616193156,4.304445228559284,1077119//1454063,40804824093//3725284686929,1925890//2561983,accounting attribution; not an independent causal effect
ideological/2014/11-24,ideological/2014/11-24,ideological/2014/11-24,ideological/2014/11-24,focal,ideological,all_parties,0,0,3,7,3,2014,Ideological 2014/PTB-PR,Ideological 2014/PTB-PR,,,,,,11,24,PTB,PR,true,endpoint-minimal,false,true,true,true,false,ideological/2014/11-24,"PTB, PT DO B, SOLIDARIEDADE, PMN, PHS, PMDB, PSD, PSDB, PTN, PPL, PRTB, PROS, PRP, PR",14,PR,ES,23598,1794470,0.01315040095404214,0,10,0.0,0.1315040095404214,0.12434625834753782,-0.1315040095404214,0.00715775119288358,-0.12434625834753782,5.0428381901786,-0.7383929616193156,4.304445228559284,-23598//179447,3290705703//459740163401,-318573//2561983,accounting attribution; not an independent causal effect
ideological/2014/11-24,ideological/2014/11-24,ideological/2014/11-24,ideological/2014/11-24,focal,ideological,all_parties,0,0,3,7,3,2014,Ideological 2014/PTB-PR,Ideological 2014/PTB-PR,,,,,,11,24,PTB,PR,true,endpoint-minimal,false,true,true,true,false,ideological/2014/11-24,"PTB, PT DO B, SOLIDARIEDADE, PMN, PHS, PMDB, PSD, PSDB, PTN, PPL, PRTB, PROS, PRP, PR",14,PR,GO,122335,3032760,0.04033784407602316,1,17,0.058823529411764705,0.6857433492923938,0.644626642721673,0.3142566507076063,0.04111670657072071,0.355373357278327,5.0428381901786,-0.7383929616193156,4.304445228559284,190613//606552,1485915619//36138974712,42347//119162,accounting attribution; not an independent causal effect
ideological/2014/11-24,ideological/2014/11-24,ideological/2014/11-24,ideological/2014/11-24,focal,ideological,all_parties,0,0,3,7,3,2014,Ideological 2014/PTB-PR,Ideological 2014/PTB-PR,,,,,,11,24,PTB,PR,true,endpoint-minimal,false,true,true,true,false,ideological/2014/11-24,"PTB, PT DO B, SOLIDARIEDADE, PMN, PHS, PMDB, PSD, PSDB, PTN, PPL, PRTB, PROS, PRP, PR",14,PR,MA,74650,3130492,0.02384609192420872,0,18,0.0,0.4292296546357569,0.39335741103668526,-0.4292296546357569,0.03587224359907168,-0.39335741103668526,5.0428381901786,-0.7383929616193156,4.304445228559284,-335925//782623,71926245450//2005066821409,-1007775//2561983,accounting attribution; not an independent causal effect
ideological/2014/11-24,ideological/2014/11-24,ideological/2014/11-24,ideological/2014/11-24,focal,ideological,all_parties,0,0,3,7,3,2014,Ideological 2014/PTB-PR,Ideological 2014/PTB-PR,,,,,,11,24,PTB,PR,true,endpoint-minimal,false,true,true,true,false,ideological/2014/11-24,"PTB, PT DO B, SOLIDARIEDADE, PMN, PHS, PMDB, PSD, PSDB, PTN, PPL, PRTB, PROS, PRP, PR",14,PR,MG,343798,10118666,0.03397661312271796,3,53,0.05660377358490566,1.8007604955040517,1.8115939879382494,1.1992395044959483,-0.010833492434197773,1.1884060120617506,5.0428381901786,-0.7383929616193156,4.304445228559284,6067352//5059333,-140422917908//12961925137339,3044676//2561983,accounting attribution; not an independent causal effect
ideological/2014/11-24,ideological/2014/11-24,ideological/2014/11-24,ideological/2014/11-24,focal,ideological,all_parties,0,0,3,7,3,2014,Ideological 2014/PTB-PR,Ideological 2014/PTB-PR,,,,,,11,24,PTB,PR,true,endpoint-minimal,false,true,true,true,false,ideological/2014/11-24,"PTB, PT DO B, SOLIDARIEDADE, PMN, PHS, PMDB, PSD, PSDB, PTN, PPL, PRTB, PROS, PRP, PR",14,PR,MS,37589,1276893,0.029437862060485882,0,8,0.0,0.23550289648388706,0.1980698154515467,-0.23550289648388706,0.037433081032340346,-0.1980698154515467,5.0428381901786,-0.7383929616193156,4.304445228559284,-300712//1276893,244915527413//6542756317638,-1014903//5123966,accounting attribution; not an independent causal effect
ideological/2014/11-24,ideological/2014/11-24,ideological/2014/11-24,ideological/2014/11-24,focal,ideological,all_parties,0,0,3,7,3,2014,Ideological 2014/PTB-PR,Ideological 2014/PTB-PR,,,,,,11,24,PTB,PR,true,endpoint-minimal,false,true,true,true,false,ideological/2014/11-24,"PTB, PT DO B, SOLIDARIEDADE, PMN, PHS, PMDB, PSD, PSDB, PTN, PPL, PRTB, PROS, PRP, PR",14,PR,MT,90859,1454612,0.06246270483125397,0,8,0.0,0.49970163865003175,0.4787683993219315,-0.49970163865003175,0.020933239328100272,-0.4787683993219315,5.0428381901786,-0.7383929616193156,4.304445228559284,-181718//363653,907113013//43333618786,-57051//119162,accounting attribution; not an independent causal effect
ideological/2014/11-24,ideological/2014/11-24,ideological/2014/11-24,ideological/2014/11-24,focal,ideological,all_parties,0,0,3,7,3,2014,Ideological 2014/PTB-PR,Ideological 2014/PTB-PR,,,,,,11,24,PTB,PR,true,endpoint-minimal,false,true,true,true,false,ideological/2014/11-24,"PTB, PT DO B, SOLIDARIEDADE, PMN, PHS, PMDB, PSD, PSDB, PTN, PPL, PRTB, PROS, PRP, PR",14,PR,PA,153596,3756049,0.04089297024612831,1,17,0.058823529411764705,0.6951804941841813,0.8093519746227824,0.3048195058158187,-0.11417148043860113,0.19064802537721756,5.0428381901786,-0.7383929616193156,4.304445228559284,1144917//3756049,-25550339186//223789155469,11359//59581,accounting attribution; not an independent causal effect
ideological/2014/11-24,ideological/2014/11-24,ideological/2014/11-24,ideological/2014/11-24,focal,ideological,all_parties,0,0,3,7,3,2014,Ideological 2014/PTB-PR,Ideological 2014/PTB-PR,,,,,,11,24,PTB,PR,true,endpoint-minimal,false,true,true,true,false,ideological/2014/11-24,"PTB, PT DO B, SOLIDARIEDADE, PMN, PHS, PMDB, PSD, PSDB, PTN, PPL, PRTB, PROS, PRP, PR",14,PR,PB,107525,1936819,0.055516287273100894,1,12,0.08333333333333333,0.6661954472772107,0.566587483211247,0.33380455272278925,0.09960796406596381,0.4334125167887531,5.0428381901786,-0.7383929616193156,4.304445228559284,646519//1936819,988528829475//9924194704154,2220791//5123966,accounting attribution; not an independent causal effect
ideological/2014/11-24,ideological/2014/11-24,ideological/2014/11-24,ideological/2014/11-24,focal,ideological,all_parties,0,0,3,7,3,2014,Ideological 2014/PTB-PR,Ideological 2014/PTB-PR,,,,,,11,24,PTB,PR,true,endpoint-minimal,false,true,true,true,false,ideological/2014/11-24,"PTB, PT DO B, SOLIDARIEDADE, PMN, PHS, PMDB, PSD, PSDB, PTN, PPL, PRTB, PROS, PRP, PR",14,PR,PE,281583,4483227,0.06280810674989243,2,25,0.08,1.5702026687473107,1.4837610163689612,0.4297973312526892,0.08644165237834973,0.5162389836310389,5.0428381901786,-0.7383929616193156,4.304445228559284,642293//1494409,661909743081//7657300906094,2645191//5123966,accounting attribution; not an independent causal effect
ideological/2014/11-24,ideological/2014/11-24,ideological/2014/11-24,ideological/2014/11-24,focal,ideological,all_parties,0,0,3,7,3,2014,Ideological 2014/PTB-PR,Ideological 2014/PTB-PR,,,,,,11,24,PTB,PR,true,endpoint-minimal,false,true,true,true,false,ideological/2014/11-24,"PTB, PT DO B, SOLIDARIEDADE, PMN, PHS, PMDB, PSD, PSDB, PTN, PPL, PRTB, PROS, PRP, PR",14,PR,PI,76776,1733434,0.04429127385294162,0,10,0.0,0.44291273852941615,0.4045600614836242,-0.44291273852941615,0.03835267704579197,-0.4045600614836242,5.0428381901786,-0.7383929616193156,4.304445228559284,-383880//866717,85162664748//2220514219811,-1036476//2561983,accounting attribution; not an independent causal effect
ideological/2014/11-24,ideological/2014/11-24,ideological/2014/11-24,ideological/2014/11-24,focal,ideological,all_parties,0,0,3,7,3,2014,Ideological 2014/PTB-PR,Ideological 2014/PTB-PR,,,,,,11,24,PTB,PR,true,endpoint-minimal,false,true,true,true,false,ideological/2014/11-24,"PTB, PT DO B, SOLIDARIEDADE, PMN, PHS, PMDB, PSD, PSDB, PTN, PPL, PRTB, PROS, PRP, PR",14,PR,PR,279572,5665222,0.04934881633941265,2,30,0.06666666666666667,1.4804644901823794,1.4731643418398952,0.5195355098176205,0.007300148342484325,0.5268356581601049,5.0428381901786,-0.7383929616193156,4.304445228559284,1471642//2832611,52977915498//7257101227613,1349744//2561983,accounting attribution; not an independent causal effect
ideological/2014/11-24,ideological/2014/11-24,ideological/2014/11-24,ideological/2014/11-24,focal,ideological,all_parties,0,0,3,7,3,2014,Ideological 2014/PTB-PR,Ideological 2014/PTB-PR,,,,,,11,24,PTB,PR,true,endpoint-minimal,false,true,true,true,false,ideological/2014/11-24,"PTB, PT DO B, SOLIDARIEDADE, PMN, PHS, PMDB, PSD, PSDB, PTN, PPL, PRTB, PROS, PRP, PR",14,PR,RJ,1055405,7673438,0.13754004398028627,6,46,0.13043478260869565,6.326842023093169,5.561304466110821,-0.32684202309316895,0.7655375569823477,0.4386955338891788,5.0428381901786,-0.7383929616193156,4.304445228559284,-1254001//3836719,15049869496025//19659217707554,2247861//5123966,accounting attribution; not an independent causal effect
ideological/2014/11-24,ideological/2014/11-24,ideological/2014/11-24,ideological/2014/11-24,focal,ideological,all_parties,0,0,3,7,3,2014,Ideological 2014/PTB-PR,Ideological 2014/PTB-PR,,,,,,11,24,PTB,PR,true,endpoint-minimal,false,true,true,true,false,ideological/2014/11-24,"PTB, PT DO B, SOLIDARIEDADE, PMN, PHS, PMDB, PSD, PSDB, PTN, PPL, PRTB, PROS, PRP, PR",14,PR,RN,137263,1580871,0.08682745144923273,1,8,0.125,0.6946196115938619,0.7232875862173949,0.3053803884061381,-0.02866797462353302,0.27671241378260514,5.0428381901786,-0.7383929616193156,4.304445228559284,482767//1580871,-232220033507//8100329254386,1417865//5123966,accounting attribution; not an independent causal effect
ideological/2014/11-24,ideological/2014/11-24,ideological/2014/11-24,ideological/2014/11-24,focal,ideological,all_parties,0,0,3,7,3,2014,Ideological 2014/PTB-PR,Ideological 2014/PTB-PR,,,,,,11,24,PTB,PR,true,endpoint-minimal,false,true,true,true,false,ideological/2014/11-24,"PTB, PT DO B, SOLIDARIEDADE, PMN, PHS, PMDB, PSD, PSDB, PTN, PPL, PRTB, PROS, PRP, PR",14,PR,RO,44869,798475,0.056193368608910735,1,8,0.125,0.4495469488712859,0.23643072573081086,0.5504530511287141,0.21311622314047504,0.7635692742691892,5.0428381901786,-0.7383929616193156,4.304445228559284,439523//798475,871934924707//4091358751850,3912503//5123966,accounting attribution; not an independent causal effect
ideological/2014/11-24,ideological/2014/11-24,ideological/2014/11-24,ideological/2014/11-24,focal,ideological,all_parties,0,0,3,7,3,2014,Ideological 2014/PTB-PR,Ideological 2014/PTB-PR,,,,,,11,24,PTB,PR,true,endpoint-minimal,false,true,true,true,false,ideological/2014/11-24,"PTB, PT DO B, SOLIDARIEDADE, PMN, PHS, PMDB, PSD, PSDB, PTN, PPL, PRTB, PROS, PRP, PR",14,PR,RR,20684,238099,0.08687142743144659,1,8,0.125,0.6949714194515727,0.10899135552421699,0.30502858054842735,0.5859800639273557,0.891008644475783,5.0428381901786,-0.7383929616193156,4.304445228559284,72627//238099,357451114810//610005590317,2282749//2561983,accounting attribution; not an independent causal effect
ideological/2014/11-24,ideological/2014/11-24,ideological/2014/11-24,ideological/2014/11-24,focal,ideological,all_parties,0,0,3,7,3,2014,Ideological 2014/PTB-PR,Ideological 2014/PTB-PR,,,,,,11,24,PTB,PR,true,endpoint-minimal,false,true,true,true,false,ideological/2014/11-24,"PTB, PT DO B, SOLIDARIEDADE, PMN, PHS, PMDB, PSD, PSDB, PTN, PPL, PRTB, PROS, PRP, PR",14,PR,RS,58324,5942063,0.009815446251579629,0,31,0.0,0.3042788337989685,0.3073299081219508,-0.3042788337989685,-0.0030510743229823756,-0.3073299081219508,5.0428381901786,-0.7383929616193156,4.304445228559284,-1808044//5942063,-46447921310//15223464390929,-787374//2561983,accounting attribution; not an independent causal effect
ideological/2014/11-24,ideological/2014/11-24,ideological/2014/11-24,ideological/2014/11-24,focal,ideological,all_parties,0,0,3,7,3,2014,Ideological 2014/PTB-PR,Ideological 2014/PTB-PR,,,,,,11,24,PTB,PR,true,endpoint-minimal,false,true,true,true,false,ideological/2014/11-24,"PTB, PT DO B, SOLIDARIEDADE, PMN, PHS, PMDB, PSD, PSDB, PTN, PPL, PRTB, PROS, PRP, PR",14,PR,SC,151189,3391619,0.044577235827491235,1,16,0.0625,0.7132357732398598,0.7966686351939103,0.28676422676014024,-0.08343286195405056,0.20333136480608965,5.0428381901786,-0.7383929616193156,4.304445228559284,972595//3391619,-1449941365573//17378540440954,1041863//5123966,accounting attribution; not an independent causal effect
ideological/2014/11-24,ideological/2014/11-24,ideological/2014/11-24,ideological/2014/11-24,focal,ideological,all_parties,0,0,3,7,3,2014,Ideological 2014/PTB-PR,Ideological 2014/PTB-PR,,,,,,11,24,PTB,PR,true,endpoint-minimal,false,true,true,true,false,ideological/2014/11-24,"PTB, PT DO B, SOLIDARIEDADE, PMN, PHS, PMDB, PSD, PSDB, PTN, PPL, PRTB, PROS, PRP, PR",14,PR,SE,30689,1052826,0.02914916614901228,0,8,0.0,0.23319332919209823,0.16171126037916722,-0.23319332919209823,0.07148206881293098,-0.16171126037916722,5.0428381901786,-0.7383929616193156,4.304445228559284,-122756//526413,192810179257//2697322313958,-828603//5123966,accounting attribution; not an independent causal effect
ideological/2014/11-24,ideological/2014/11-24,ideological/2014/11-24,ideological/2014/11-24,focal,ideological,all_parties,0,0,3,7,3,2014,Ideological 2014/PTB-PR,Ideological 2014/PTB-PR,,,,,,11,24,PTB,PR,true,endpoint-minimal,false,true,true,true,false,ideological/2014/11-24,"PTB, PT DO B, SOLIDARIEDADE, PMN, PHS, PMDB, PSD, PSDB, PTN, PPL, PRTB, PROS, PRP, PR",14,PR,SP,1701667,21266194,0.08001746809983959,6,70,0.08571428571428572,5.601222766988771,8.966688889036345,0.39877723301122897,-3.365466122047573,-2.966688889036344,5.0428381901786,-0.7383929616193156,4.304445228559284,114601//287381,-4955751420719//1472530473046,-15201213//5123966,accounting attribution; not an independent causal effect
ideological/2014/11-24,ideological/2014/11-24,ideological/2014/11-24,ideological/2014/11-24,focal,ideological,all_parties,0,0,3,7,3,2014,Ideological 2014/PTB-PR,Ideological 2014/PTB-PR,,,,,,11,24,PTB,PR,true,endpoint-minimal,false,true,true,true,false,ideological/2014/11-24,"PTB, PT DO B, SOLIDARIEDADE, PMN, PHS, PMDB, PSD, PSDB, PTN, PPL, PRTB, PROS, PRP, PR",14,PR,TO,35864,733225,0.048912680282314436,0,8,0.0,0.3913014422585155,0.18898017668345185,-0.3913014422585155,0.2023212655750636,-0.18898017668345185,5.0428381901786,-0.7383929616193156,4.304445228559284,-286912//733225,380062517596//1878509985175,-484164//2561983,accounting attribution; not an independent causal effect
ideological/2022/15-29,ideological/2022/15-29,ideological/2022/15-29,ideological/2022/15-29,focal,ideological,all_parties,0,0,4,11,4,2022,Ideological 2022/MDB-UNIÃO,Ideological 2022/MDB-UNIÃO,,,,,,15,29,MDB,UNIÃO,true,endpoint-minimal,false,true,true,true,false,ideological/2022/15-29,"MDB, PMN, PSDB, PSD, PMB, PODE, PROS, PRTB, AGIR, PTB, PP, DC, REPUBLICANOS, PSC, UNIÃO",1,MDB,AC,39012,434253,0.08983703048683601,0,8,0.0,0.7186962438946881,0.18291302752124536,-0.7186962438946881,0.5357832163734427,-0.18291302752124536,5.119561127195656,-0.3984054815874375,4.721155645608219,-104032//144751,2121395430025//3959428674127,-5003289//27353377,accounting attribution; not an independent causal effect
ideological/2022/15-29,ideological/2022/15-29,ideological/2022/15-29,ideological/2022/15-29,focal,ideological,all_parties,0,0,4,11,4,2022,Ideological 2022/MDB-UNIÃO,Ideological 2022/MDB-UNIÃO,,,,,,15,29,MDB,UNIÃO,true,endpoint-minimal,false,true,true,true,false,ideological/2022/15-29,"MDB, PMN, PSDB, PSD, PMB, PODE, PROS, PRTB, AGIR, PTB, PP, DC, REPUBLICANOS, PSC, UNIÃO",1,MDB,AL,260713,1650763,0.15793484588641737,2,9,0.2222222222222222,1.4214136129777564,1.222388089412141,0.5785863870222436,0.1990255235656154,0.7776119105878591,5.119561127195656,-0.3984054815874375,4.721155645608219,955109//1650763,35947148329089//180615770706604,85081247//109413508,accounting attribution; not an independent causal effect
ideological/2022/15-29,ideological/2022/15-29,ideological/2022/15-29,ideological/2022/15-29,focal,ideological,all_parties,0,0,4,11,4,2022,Ideological 2022/MDB-UNIÃO,Ideological 2022/MDB-UNIÃO,,,,,,15,29,MDB,UNIÃO,true,endpoint-minimal,false,true,true,true,false,ideological/2022/15-29,"MDB, PMN, PSDB, PSD, PMB, PODE, PROS, PRTB, AGIR, PTB, PP, DC, REPUBLICANOS, PSC, UNIÃO",1,MDB,AM,37668,1976477,0.019058152460160172,0,8,0.0,0.15246521968128138,0.17661150211909848,-0.15246521968128138,-0.024146282437817104,-0.17661150211909848,5.119561127195656,-0.3984054815874375,4.721155645608219,-301344//1976477,-1305428206629//54063320512829,-4830921//27353377,accounting attribution; not an independent causal effect
ideological/2022/15-29,ideological/2022/15-29,ideological/2022/15-29,ideological/2022/15-29,focal,ideological,all_parties,0,0,4,11,4,2022,Ideological 2022/MDB-UNIÃO,Ideological 2022/MDB-UNIÃO,,,,,,15,29,MDB,UNIÃO,true,endpoint-minimal,false,true,true,true,false,ideological/2022/15-29,"MDB, PMN, PSDB, PSD, PMB, PODE, PROS, PRTB, AGIR, PTB, PP, DC, REPUBLICANOS, PSC, UNIÃO",1,MDB,AP,45697,423017,0.10802639137434193,2,8,0.25,0.8642111309947355,0.21425655230796548,1.1357888690052647,0.64995457868677,1.7857434476920344,5.119561127195656,-0.3984054815874375,4.721155645608219,480458//423017,30082350774071//46283773913636,195384455//109413508,accounting attribution; not an independent causal effect
ideological/2022/15-29,ideological/2022/15-29,ideological/2022/15-29,ideological/2022/15-29,focal,ideological,all_parties,0,0,4,11,4,2022,Ideological 2022/MDB-UNIÃO,Ideological 2022/MDB-UNIÃO,,,,,,15,29,MDB,UNIÃO,true,endpoint-minimal,false,true,true,true,false,ideological/2022/15-29,"MDB, PMN, PSDB, PSD, PMB, PODE, PROS, PRTB, AGIR, PTB, PP, DC, REPUBLICANOS, PSC, UNIÃO",1,MDB,BA,289982,7958431,0.036437081630788785,1,39,0.02564102564102564,1.4210461836007624,1.3596197464027933,-0.4210461836007625,0.061426437197969176,-0.3596197464027933,5.119561127195656,-0.3984054815874375,4.721155645608219,-257759//612187,2057218287663//33490763610998,-19673629//54706754,accounting attribution; not an independent causal effect
ideological/2022/15-29,ideological/2022/15-29,ideological/2022/15-29,ideological/2022/15-29,focal,ideological,all_parties,0,0,4,11,4,2022,Ideological 2022/MDB-UNIÃO,Ideological 2022/MDB-UNIÃO,,,,,,15,29,MDB,UNIÃO,true,endpoint-minimal,false,true,true,true,false,ideological/2022/15-29,"MDB, PMN, PSDB, PSD, PMB, PODE, PROS, PRTB, AGIR, PTB, PP, DC, REPUBLICANOS, PSC, UNIÃO",1,MDB,CE,259545,5083860,0.05105274338789817,1,22,0.045454545454545456,1.1231603545337598,1.216911763765037,-0.12316035453375979,-0.09375140923127735,-0.21691176376503712,5.119561127195656,-0.3984054815874375,4.721155645608219,-20871//169462,-869142684553//9270715946348,-23733077//109413508,accounting attribution; not an independent causal effect
ideological/2022/15-29,ideological/2022/15-29,ideological/2022/15-29,ideological/2022/15-29,focal,ideological,all_parties,0,0,4,11,4,2022,Ideological 2022/MDB-UNIÃO,Ideological 2022/MDB-UNIÃO,,,,,,15,29,MDB,UNIÃO,true,endpoint-minimal,false,true,true,true,false,ideological/2022/15-29,"MDB, PMN, PSDB, PSD, PMB, PODE, PROS, PRTB, AGIR, PTB, PP, DC, REPUBLICANOS, PSC, UNIÃO",1,MDB,DF,162125,1607519,0.10085417341879008,1,8,0.125,0.8068333873503206,0.7601449448088257,0.1931666126496794,0.04668844254149497,0.2398550551911744,5.119561127195656,-0.3984054815874375,4.721155645608219,310519//1607519,8211763706125//175884292966652,26243383//109413508,accounting attribution; not an independent causal effect
ideological/2022/15-29,ideological/2022/15-29,ideological/2022/15-29,ideological/2022/15-29,focal,ideological,all_parties,0,0,4,11,4,2022,Ideological 2022/MDB-UNIÃO,Ideological 2022/MDB-UNIÃO,,,,,,15,29,MDB,UNIÃO,true,endpoint-minimal,false,true,true,true,false,ideological/2022/15-29,"MDB, PMN, PSDB, PSD, PMB, PODE, PROS, PRTB, AGIR, PTB, PP, DC, REPUBLICANOS, PSC, UNIÃO",1,MDB,ES,0,2084430,0.0,0,10,0.0,0.0,0.0,0.0,0.0,0.0,5.119561127195656,-0.3984054815874375,4.721155645608219,0//1,0//1,0//1,accounting attribution; not an independent causal effect
ideological/2022/15-29,ideological/2022/15-29,ideological/2022/15-29,ideological/2022/15-29,focal,ideological,all_parties,0,0,4,11,4,2022,Ideological 2022/MDB-UNIÃO,Ideological 2022/MDB-UNIÃO,,,,,,15,29,MDB,UNIÃO,true,endpoint-minimal,false,true,true,true,false,ideological/2022/15-29,"MDB, PMN, PSDB, PSD, PMB, PODE, PROS, PRTB, AGIR, PTB, PP, DC, REPUBLICANOS, PSC, UNIÃO",1,MDB,GO,277308,3439644,0.0806211340475933,2,17,0.11764705882352941,1.3705592788090861,1.3001959867697506,0.629440721190914,0.07036329203933547,0.6998040132302494,5.119561127195656,-0.3984054815874375,4.721155645608219,10613//16861,32451922482//461205289597,19142003//27353377,accounting attribution; not an independent causal effect
ideological/2022/15-29,ideological/2022/15-29,ideological/2022/15-29,ideological/2022/15-29,focal,ideological,all_parties,0,0,4,11,4,2022,Ideological 2022/MDB-UNIÃO,Ideological 2022/MDB-UNIÃO,,,,,,15,29,MDB,UNIÃO,true,endpoint-minimal,false,true,true,true,false,ideological/2022/15-29,"MDB, PMN, PSDB, PSD, PMB, PODE, PROS, PRTB, AGIR, PTB, PP, DC, REPUBLICANOS, PSC, UNIÃO",1,MDB,MA,301583,3707930,0.08133459908897957,1,18,0.05555555555555555,1.4640227836016322,1.4140126007110567,-0.4640227836016322,0.05001018289057555,-0.4140126007110566,5.119561127195656,-0.3984054815874375,4.721155645608219,-860282//1853965,10144506305241//202848814359220,-45298571//109413508,accounting attribution; not an independent causal effect
ideological/2022/15-29,ideological/2022/15-29,ideological/2022/15-29,ideological/2022/15-29,focal,ideological,all_parties,0,0,4,11,4,2022,Ideological 2022/MDB-UNIÃO,Ideological 2022/MDB-UNIÃO,,,,,,15,29,MDB,UNIÃO,true,endpoint-minimal,false,true,true,true,false,ideological/2022/15-29,"MDB, PMN, PSDB, PSD, PMB, PODE, PROS, PRTB, AGIR, PTB, PP, DC, REPUBLICANOS, PSC, UNIÃO",1,MDB,MG,403038,11181098,0.036046370401189576,2,53,0.03773584905660377,1.9104576312630477,1.8896980617786243,0.08954236873695232,0.020759569484423427,0.11030193822137574,5.119561127195656,-0.3984054815874375,4.721155645608219,500591//5590549,6349123107675//305840788867946,6034261//54706754,accounting attribution; not an independent causal effect
ideological/2022/15-29,ideological/2022/15-29,ideological/2022/15-29,ideological/2022/15-29,focal,ideological,all_parties,0,0,4,11,4,2022,Ideological 2022/MDB-UNIÃO,Ideological 2022/MDB-UNIÃO,,,,,,15,29,MDB,UNIÃO,true,endpoint-minimal,false,true,true,true,false,ideological/2022/15-29,"MDB, PMN, PSDB, PSD, PMB, PODE, PROS, PRTB, AGIR, PTB, PP, DC, REPUBLICANOS, PSC, UNIÃO",1,MDB,MS,77614,1374808,0.05645442854565874,0,8,0.0,0.45163542836526993,0.3639037147040382,-0.45163542836526993,0.08773171366123172,-0.3639037147040382,5.119561127195656,-0.3984054815874375,4.721155645608219,-77614//171851,824801843615//9401410381654,-19907991//54706754,accounting attribution; not an independent causal effect
ideological/2022/15-29,ideological/2022/15-29,ideological/2022/15-29,ideological/2022/15-29,focal,ideological,all_parties,0,0,4,11,4,2022,Ideological 2022/MDB-UNIÃO,Ideological 2022/MDB-UNIÃO,,,,,,15,29,MDB,UNIÃO,true,endpoint-minimal,false,true,true,true,false,ideological/2022/15-29,"MDB, PMN, PSDB, PSD, PMB, PODE, PROS, PRTB, AGIR, PTB, PP, DC, REPUBLICANOS, PSC, UNIÃO",1,MDB,MT,272659,1730277,0.15758112718368214,2,8,0.25,1.2606490174694571,1.2783985227856876,0.7393509825305428,-0.017749505316230284,0.7216014772143126,5.119561127195656,-0.3984054815874375,4.721155645608219,1279282//1730277,-3360259604383//189315676381716,78952949//109413508,accounting attribution; not an independent causal effect
ideological/2022/15-29,ideological/2022/15-29,ideological/2022/15-29,ideological/2022/15-29,focal,ideological,all_parties,0,0,4,11,4,2022,Ideological 2022/MDB-UNIÃO,Ideological 2022/MDB-UNIÃO,,,,,,15,29,MDB,UNIÃO,true,endpoint-minimal,false,true,true,true,false,ideological/2022/15-29,"MDB, PMN, PSDB, PSD, PMB, PODE, PROS, PRTB, AGIR, PTB, PP, DC, REPUBLICANOS, PSC, UNIÃO",1,MDB,PA,1519004,4521516,0.3359501547710989,9,17,0.5294117647058824,5.711152631108681,7.122055276757966,3.288847368891319,-1.4109026456492855,1.8779447232420334,5.119561127195656,-0.3984054815874375,4.721155645608219,3717644//1130379,-43624662462518//30919682939883,51368130//27353377,accounting attribution; not an independent causal effect
ideological/2022/15-29,ideological/2022/15-29,ideological/2022/15-29,ideological/2022/15-29,focal,ideological,all_parties,0,0,4,11,4,2022,Ideological 2022/MDB-UNIÃO,Ideological 2022/MDB-UNIÃO,,,,,,15,29,MDB,UNIÃO,true,endpoint-minimal,false,true,true,true,false,ideological/2022/15-29,"MDB, PMN, PSDB, PSD, PMB, PODE, PROS, PRTB, AGIR, PTB, PP, DC, REPUBLICANOS, PSC, UNIÃO",1,MDB,PB,70561,2209355,0.03193737538783944,0,12,0.0,0.38324850465407323,0.3308347722476826,-0.38324850465407323,0.052413732406390634,-0.3308347722476826,5.119561127195656,-0.3984054815874375,4.721155645608219,-846732//2209355,12670143502341//241733280967340,-36197793//109413508,accounting attribution; not an independent causal effect
ideological/2022/15-29,ideological/2022/15-29,ideological/2022/15-29,ideological/2022/15-29,focal,ideological,all_parties,0,0,4,11,4,2022,Ideological 2022/MDB-UNIÃO,Ideological 2022/MDB-UNIÃO,,,,,,15,29,MDB,UNIÃO,true,endpoint-minimal,false,true,true,true,false,ideological/2022/15-29,"MDB, PMN, PSDB, PSD, PMB, PODE, PROS, PRTB, AGIR, PTB, PP, DC, REPUBLICANOS, PSC, UNIÃO",1,MDB,PE,259476,4969863,0.05220988989032494,1,25,0.04,1.3052472472581236,1.2165882479519805,-0.30524724725812363,0.08865899930614313,-0.21658824795198048,5.119561127195656,-0.3984054815874375,4.721155645608219,-505679//1656621,4017509743163//45314178759117,-5924420//27353377,accounting attribution; not an independent causal effect
ideological/2022/15-29,ideological/2022/15-29,ideological/2022/15-29,ideological/2022/15-29,focal,ideological,all_parties,0,0,4,11,4,2022,Ideological 2022/MDB-UNIÃO,Ideological 2022/MDB-UNIÃO,,,,,,15,29,MDB,UNIÃO,true,endpoint-minimal,false,true,true,true,false,ideological/2022/15-29,"MDB, PMN, PSDB, PSD, PMB, PODE, PROS, PRTB, AGIR, PTB, PP, DC, REPUBLICANOS, PSC, UNIÃO",1,MDB,PI,0,1957483,0.0,0,10,0.0,0.0,0.0,0.0,0.0,0.0,5.119561127195656,-0.3984054815874375,4.721155645608219,0//1,0//1,0//1,accounting attribution; not an independent causal effect
ideological/2022/15-29,ideological/2022/15-29,ideological/2022/15-29,ideological/2022/15-29,focal,ideological,all_parties,0,0,4,11,4,2022,Ideological 2022/MDB-UNIÃO,Ideological 2022/MDB-UNIÃO,,,,,,15,29,MDB,UNIÃO,true,endpoint-minimal,false,true,true,true,false,ideological/2022/15-29,"MDB, PMN, PSDB, PSD, PMB, PODE, PROS, PRTB, AGIR, PTB, PP, DC, REPUBLICANOS, PSC, UNIÃO",1,MDB,PR,273684,6038642,0.04532211050100337,1,30,0.03333333333333333,1.3596633150301012,1.2832043736318188,-0.3596633150301011,0.0764589413982823,-0.28320437363181883,5.119561127195656,-0.3984054815874375,4.721155645608219,-1085939//3019321,6314638884687//82588625597017,-7746596//27353377,accounting attribution; not an independent causal effect
ideological/2022/15-29,ideological/2022/15-29,ideological/2022/15-29,ideological/2022/15-29,focal,ideological,all_parties,0,0,4,11,4,2022,Ideological 2022/MDB-UNIÃO,Ideological 2022/MDB-UNIÃO,,,,,,15,29,MDB,UNIÃO,true,endpoint-minimal,false,true,true,true,false,ideological/2022/15-29,"MDB, PMN, PSDB, PSD, PMB, PODE, PROS, PRTB, AGIR, PTB, PP, DC, REPUBLICANOS, PSC, UNIÃO",1,MDB,RJ,414506,8575988,0.0483333232275978,2,46,0.043478260869565216,2.2233328684694986,1.9434673276356333,-0.2233328684694988,0.27986554083386533,0.056532672364366564,5.119561127195656,-0.3984054815874375,4.721155645608219,-478825//2143997,32825741741893//117291116455738,3092719//54706754,accounting attribution; not an independent causal effect
ideological/2022/15-29,ideological/2022/15-29,ideological/2022/15-29,ideological/2022/15-29,focal,ideological,all_parties,0,0,4,11,4,2022,Ideological 2022/MDB-UNIÃO,Ideological 2022/MDB-UNIÃO,,,,,,15,29,MDB,UNIÃO,true,endpoint-minimal,false,true,true,true,false,ideological/2022/15-29,"MDB, PMN, PSDB, PSD, PMB, PODE, PROS, PRTB, AGIR, PTB, PP, DC, REPUBLICANOS, PSC, UNIÃO",1,MDB,RN,176527,1864825,0.09466142935664204,0,8,0.0,0.7572914348531363,0.8276706656732,-0.7572914348531363,-0.0703792308200637,-0.8276706656732,5.119561127195656,-0.3984054815874375,4.721155645608219,-1412216//1864825,-14359970289847//204037045056100,-90558351//109413508,accounting attribution; not an independent causal effect
ideological/2022/15-29,ideological/2022/15-29,ideological/2022/15-29,ideological/2022/15-29,focal,ideological,all_parties,0,0,4,11,4,2022,Ideological 2022/MDB-UNIÃO,Ideological 2022/MDB-UNIÃO,,,,,,15,29,MDB,UNIÃO,true,endpoint-minimal,false,true,true,true,false,ideological/2022/15-29,"MDB, PMN, PSDB, PSD, PMB, PODE, PROS, PRTB, AGIR, PTB, PP, DC, REPUBLICANOS, PSC, UNIÃO",1,MDB,RO,93748,869148,0.1078619521646486,2,8,0.25,0.8628956173171888,0.43955015133963166,1.137104382682811,0.4233454659775571,1.5604498486603684,5.119561127195656,-0.3984054815874375,4.721155645608219,247078//217287,2516167844045//5943533228199,42683573//27353377,accounting attribution; not an independent causal effect
ideological/2022/15-29,ideological/2022/15-29,ideological/2022/15-29,ideological/2022/15-29,focal,ideological,all_parties,0,0,4,11,4,2022,Ideological 2022/MDB-UNIÃO,Ideological 2022/MDB-UNIÃO,,,,,,15,29,MDB,UNIÃO,true,endpoint-minimal,false,true,true,true,false,ideological/2022/15-29,"MDB, PMN, PSDB, PSD, PMB, PODE, PROS, PRTB, AGIR, PTB, PP, DC, REPUBLICANOS, PSC, UNIÃO",1,MDB,RR,49286,291714,0.1689531527454973,2,8,0.25,1.3516252219639784,0.231084063221883,0.6483747780360216,1.1205411587420955,1.768915936778117,5.119561127195656,-0.3984054815874375,4.721155645608219,94570//145857,8941204682413//7979363018178,96771649//54706754,accounting attribution; not an independent causal effect
ideological/2022/15-29,ideological/2022/15-29,ideological/2022/15-29,ideological/2022/15-29,focal,ideological,all_parties,0,0,4,11,4,2022,Ideological 2022/MDB-UNIÃO,Ideological 2022/MDB-UNIÃO,,,,,,15,29,MDB,UNIÃO,true,endpoint-minimal,false,true,true,true,false,ideological/2022/15-29,"MDB, PMN, PSDB, PSD, PMB, PODE, PROS, PRTB, AGIR, PTB, PP, DC, REPUBLICANOS, PSC, UNIÃO",1,MDB,RS,586325,6149822,0.09534015781269767,3,31,0.0967741935483871,2.9555448921936276,2.749063899861432,0.04445510780637228,0.2064809923321956,0.2509361001385679,5.119561127195656,-0.3984054815874375,4.721155645608219,273391//6149822,69467804176075//336436799297788,27455799//109413508,accounting attribution; not an independent causal effect
ideological/2022/15-29,ideological/2022/15-29,ideological/2022/15-29,ideological/2022/15-29,focal,ideological,all_parties,0,0,4,11,4,2022,Ideological 2022/MDB-UNIÃO,Ideological 2022/MDB-UNIÃO,,,,,,15,29,MDB,UNIÃO,true,endpoint-minimal,false,true,true,true,false,ideological/2022/15-29,"MDB, PMN, PSDB, PSD, PMB, PODE, PROS, PRTB, AGIR, PTB, PP, DC, REPUBLICANOS, PSC, UNIÃO",1,MDB,SC,415237,3969848,0.10459770751928034,3,16,0.1875,1.6735633203084854,1.9468947198000452,1.3264366796915146,-0.2733313994915598,1.0531052801999548,5.119561127195656,-0.3984054815874375,4.721155645608219,658219//496231,-14840357363419//54294374488348,115223943//109413508,accounting attribution; not an independent causal effect
ideological/2022/15-29,ideological/2022/15-29,ideological/2022/15-29,ideological/2022/15-29,focal,ideological,all_parties,0,0,4,11,4,2022,Ideological 2022/MDB-UNIÃO,Ideological 2022/MDB-UNIÃO,,,,,,15,29,MDB,UNIÃO,true,endpoint-minimal,false,true,true,true,false,ideological/2022/15-29,"MDB, PMN, PSDB, PSD, PMB, PODE, PROS, PRTB, AGIR, PTB, PP, DC, REPUBLICANOS, PSC, UNIÃO",1,MDB,SE,4292,1191617,0.0036018284398426676,0,8,0.0,0.02881462751874134,0.02012362129911784,-0.02881462751874134,0.008691006219623503,-0.02012362129911784,5.119561127195656,-0.3984054815874375,4.721155645608219,-34336//1191617,283281166639//32594749040609,-550449//27353377,accounting attribution; not an independent causal effect
ideological/2022/15-29,ideological/2022/15-29,ideological/2022/15-29,ideological/2022/15-29,focal,ideological,all_parties,0,0,4,11,4,2022,Ideological 2022/MDB-UNIÃO,Ideological 2022/MDB-UNIÃO,,,,,,15,29,MDB,UNIÃO,true,endpoint-minimal,false,true,true,true,false,ideological/2022/15-29,"MDB, PMN, PSDB, PSD, PMB, PODE, PROS, PRTB, AGIR, PTB, PP, DC, REPUBLICANOS, PSC, UNIÃO",1,MDB,SP,1613626,23321040,0.06919185422262472,5,70,0.07142857142857142,4.84342979558373,7.565703295062982,0.1565702044162696,-2.722273499479252,-2.5657032950629826,5.119561127195656,-0.3984054815874375,4.721155645608219,182569//1166052,-86828165396287//31895459957604,-140361299//54706754,accounting attribution; not an independent causal effect
ideological/2022/15-29,ideological/2022/15-29,ideological/2022/15-29,ideological/2022/15-29,focal,ideological,all_parties,0,0,4,11,4,2022,Ideological 2022/MDB-UNIÃO,Ideological 2022/MDB-UNIÃO,,,,,,15,29,MDB,UNIÃO,true,endpoint-minimal,false,true,true,true,false,ideological/2022/15-29,"MDB, PMN, PSDB, PSD, PMB, PODE, PROS, PRTB, AGIR, PTB, PP, DC, REPUBLICANOS, PSC, UNIÃO",1,MDB,TO,47679,830140,0.057434890500397524,0,8,0.0,0.4594791240031802,0.22354942682214338,-0.4594791240031802,0.2359296971810368,-0.22354942682214338,5.119561127195656,-0.3984054815874375,4.721155645608219,-95358//207535,5357286866919//22707132382780,-24459327//109413508,accounting attribution; not an independent causal effect
ideological/2022/15-29,ideological/2022/15-29,ideological/2022/15-29,ideological/2022/15-29,focal,ideological,all_parties,0,0,4,11,4,2022,Ideological 2022/MDB-UNIÃO,Ideological 2022/MDB-UNIÃO,,,,,,15,29,MDB,UNIÃO,true,endpoint-minimal,false,true,true,true,false,ideological/2022/15-29,"MDB, PMN, PSDB, PSD, PMB, PODE, PROS, PRTB, AGIR, PTB, PP, DC, REPUBLICANOS, PSC, UNIÃO",2,PMN,AC,183,434253,0.00042141332356943994,0,8,0.0,0.0033713065885555196,0.0008580201998458911,-0.0033713065885555196,0.0025132863887096283,-0.0008580201998458911,-1.3330377018503445,0.13003711804674328,-1.2030005838036013,-488//144751,39804712775//15837714696508,-93879//109413508,accounting attribution; not an independent causal effect
ideological/2022/15-29,ideological/2022/15-29,ideological/2022/15-29,ideological/2022/15-29,focal,ideological,all_parties,0,0,4,11,4,2022,Ideological 2022/MDB-UNIÃO,Ideological 2022/MDB-UNIÃO,,,,,,15,29,MDB,UNIÃO,true,endpoint-minimal,false,true,true,true,false,ideological/2022/15-29,"MDB, PMN, PSDB, PSD, PMB, PODE, PROS, PRTB, AGIR, PTB, PP, DC, REPUBLICANOS, PSC, UNIÃO",2,PMN,AL,1092,1650763,0.0006615122825020914,0,9,0.0,0.005953610542518823,0.005119989389244334,-0.005953610542518823,0.0008336211532744896,-0.005119989389244334,-1.3330377018503445,0.13003711804674328,-1.2030005838036013,-9828//1650763,37641281769//45153942676651,-140049//27353377,accounting attribution; not an independent causal effect
ideological/2022/15-29,ideological/2022/15-29,ideological/2022/15-29,ideological/2022/15-29,focal,ideological,all_parties,0,0,4,11,4,2022,Ideological 2022/MDB-UNIÃO,Ideological 2022/MDB-UNIÃO,,,,,,15,29,MDB,UNIÃO,true,endpoint-minimal,false,true,true,true,false,ideological/2022/15-29,"MDB, PMN, PSDB, PSD, PMB, PODE, PROS, PRTB, AGIR, PTB, PP, DC, REPUBLICANOS, PSC, UNIÃO",2,PMN,AM,4735,1976477,0.00239567675212006,0,8,0.0,0.01916541401696048,0.022200686591640952,-0.01916541401696048,-0.003035272574680471,-0.022200686591640952,-1.3330377018503445,0.13003711804674328,-1.2030005838036013,-37880//1976477,-656387656195//216253282051316,-2429055//109413508,accounting attribution; not an independent causal effect
ideological/2022/15-29,ideological/2022/15-29,ideological/2022/15-29,ideological/2022/15-29,focal,ideological,all_parties,0,0,4,11,4,2022,Ideological 2022/MDB-UNIÃO,Ideological 2022/MDB-UNIÃO,,,,,,15,29,MDB,UNIÃO,true,endpoint-minimal,false,true,true,true,false,ideological/2022/15-29,"MDB, PMN, PSDB, PSD, PMB, PODE, PROS, PRTB, AGIR, PTB, PP, DC, REPUBLICANOS, PSC, UNIÃO",2,PMN,AP,0,423017,0.0,0,8,0.0,0.0,0.0,0.0,0.0,0.0,-1.3330377018503445,0.13003711804674328,-1.2030005838036013,0//1,0//1,0//1,accounting attribution; not an independent causal effect
ideological/2022/15-29,ideological/2022/15-29,ideological/2022/15-29,ideological/2022/15-29,focal,ideological,all_parties,0,0,4,11,4,2022,Ideological 2022/MDB-UNIÃO,Ideological 2022/MDB-UNIÃO,,,,,,15,29,MDB,UNIÃO,true,endpoint-minimal,false,true,true,true,false,ideological/2022/15-29,"MDB, PMN, PSDB, PSD, PMB, PODE, PROS, PRTB, AGIR, PTB, PP, DC, REPUBLICANOS, PSC, UNIÃO",2,PMN,BA,0,7958431,0.0,0,39,0.0,0.0,0.0,0.0,0.0,0.0,-1.3330377018503445,0.13003711804674328,-1.2030005838036013,0//1,0//1,0//1,accounting attribution; not an independent causal effect
ideological/2022/15-29,ideological/2022/15-29,ideological/2022/15-29,ideological/2022/15-29,focal,ideological,all_parties,0,0,4,11,4,2022,Ideological 2022/MDB-UNIÃO,Ideological 2022/MDB-UNIÃO,,,,,,15,29,MDB,UNIÃO,true,endpoint-minimal,false,true,true,true,false,ideological/2022/15-29,"MDB, PMN, PSDB, PSD, PMB, PODE, PROS, PRTB, AGIR, PTB, PP, DC, REPUBLICANOS, PSC, UNIÃO",2,PMN,CE,11061,5083860,0.0021757090085092823,0,22,0.0,0.04786559818720421,0.051860991423472134,-0.04786559818720421,-0.003995393236267925,-0.051860991423472134,-1.3330377018503445,0.13003711804674328,-1.2030005838036013,-40557//847310,-185200778937//46353579731740,-5674293//109413508,accounting attribution; not an independent causal effect
ideological/2022/15-29,ideological/2022/15-29,ideological/2022/15-29,ideological/2022/15-29,focal,ideological,all_parties,0,0,4,11,4,2022,Ideological 2022/MDB-UNIÃO,Ideological 2022/MDB-UNIÃO,,,,,,15,29,MDB,UNIÃO,true,endpoint-minimal,false,true,true,true,false,ideological/2022/15-29,"MDB, PMN, PSDB, PSD, PMB, PODE, PROS, PRTB, AGIR, PTB, PP, DC, REPUBLICANOS, PSC, UNIÃO",2,PMN,DF,7545,1607519,0.0046935681631134684,0,8,0.0,0.03754854530490775,0.035375750862498626,-0.03754854530490775,0.002172794442409126,-0.035375750862498626,-1.3330377018503445,0.13003711804674328,-1.2030005838036013,-60360//1607519,382160414265//175884292966652,-3870585//109413508,accounting attribution; not an independent causal effect
ideological/2022/15-29,ideological/2022/15-29,ideological/2022/15-29,ideological/2022/15-29,focal,ideological,all_parties,0,0,4,11,4,2022,Ideological 2022/MDB-UNIÃO,Ideological 2022/MDB-UNIÃO,,,,,,15,29,MDB,UNIÃO,true,endpoint-minimal,false,true,true,true,false,ideological/2022/15-29,"MDB, PMN, PSDB, PSD, PMB, PODE, PROS, PRTB, AGIR, PTB, PP, DC, REPUBLICANOS, PSC, UNIÃO",2,PMN,ES,0,2084430,0.0,0,10,0.0,0.0,0.0,0.0,0.0,0.0,-1.3330377018503445,0.13003711804674328,-1.2030005838036013,0//1,0//1,0//1,accounting attribution; not an independent causal effect
ideological/2022/15-29,ideological/2022/15-29,ideological/2022/15-29,ideological/2022/15-29,focal,ideological,all_parties,0,0,4,11,4,2022,Ideological 2022/MDB-UNIÃO,Ideological 2022/MDB-UNIÃO,,,,,,15,29,MDB,UNIÃO,true,endpoint-minimal,false,true,true,true,false,ideological/2022/15-29,"MDB, PMN, PSDB, PSD, PMB, PODE, PROS, PRTB, AGIR, PTB, PP, DC, REPUBLICANOS, PSC, UNIÃO",2,PMN,GO,7399,3439644,0.00215109470631263,0,17,0.0,0.03656861000731471,0.03469121015661064,-0.03656861000731471,0.001877399850704066,-0.03469121015661064,-1.3330377018503445,0.13003711804674328,-1.2030005838036013,-7399//202332,5195200451//2767231737582,-3795687//109413508,accounting attribution; not an independent causal effect
ideological/2022/15-29,ideological/2022/15-29,ideological/2022/15-29,ideological/2022/15-29,focal,ideological,all_parties,0,0,4,11,4,2022,Ideological 2022/MDB-UNIÃO,Ideological 2022/MDB-UNIÃO,,,,,,15,29,MDB,UNIÃO,true,endpoint-minimal,false,true,true,true,false,ideological/2022/15-29,"MDB, PMN, PSDB, PSD, PMB, PODE, PROS, PRTB, AGIR, PTB, PP, DC, REPUBLICANOS, PSC, UNIÃO",2,PMN,MA,0,3707930,0.0,0,18,0.0,0.0,0.0,0.0,0.0,0.0,-1.3330377018503445,0.13003711804674328,-1.2030005838036013,0//1,0//1,0//1,accounting attribution; not an independent causal effect
ideological/2022/15-29,ideological/2022/15-29,ideological/2022/15-29,ideological/2022/15-29,focal,ideological,all_parties,0,0,4,11,4,2022,Ideological 2022/MDB-UNIÃO,Ideological 2022/MDB-UNIÃO,,,,,,15,29,MDB,UNIÃO,true,endpoint-minimal,false,true,true,true,false,ideological/2022/15-29,"MDB, PMN, PSDB, PSD, PMB, PODE, PROS, PRTB, AGIR, PTB, PP, DC, REPUBLICANOS, PSC, UNIÃO",2,PMN,MG,84938,11181098,0.007596570569366265,0,53,0.0,0.402618240176412,0.39824327723776115,-0.402618240176412,0.00437496293865084,-0.39824327723776115,-1.3330377018503445,0.13003711804674328,-1.2030005838036013,-2250857//5590549,1338042116425//305840788867946,-21786597//54706754,accounting attribution; not an independent causal effect
ideological/2022/15-29,ideological/2022/15-29,ideological/2022/15-29,ideological/2022/15-29,focal,ideological,all_parties,0,0,4,11,4,2022,Ideological 2022/MDB-UNIÃO,Ideological 2022/MDB-UNIÃO,,,,,,15,29,MDB,UNIÃO,true,endpoint-minimal,false,true,true,true,false,ideological/2022/15-29,"MDB, PMN, PSDB, PSD, PMB, PODE, PROS, PRTB, AGIR, PTB, PP, DC, REPUBLICANOS, PSC, UNIÃO",2,PMN,MS,0,1374808,0.0,0,8,0.0,0.0,0.0,0.0,0.0,0.0,-1.3330377018503445,0.13003711804674328,-1.2030005838036013,0//1,0//1,0//1,accounting attribution; not an independent causal effect
ideological/2022/15-29,ideological/2022/15-29,ideological/2022/15-29,ideological/2022/15-29,focal,ideological,all_parties,0,0,4,11,4,2022,Ideological 2022/MDB-UNIÃO,Ideological 2022/MDB-UNIÃO,,,,,,15,29,MDB,UNIÃO,true,endpoint-minimal,false,true,true,true,false,ideological/2022/15-29,"MDB, PMN, PSDB, PSD, PMB, PODE, PROS, PRTB, AGIR, PTB, PP, DC, REPUBLICANOS, PSC, UNIÃO",2,PMN,MT,0,1730277,0.0,0,8,0.0,0.0,0.0,0.0,0.0,0.0,-1.3330377018503445,0.13003711804674328,-1.2030005838036013,0//1,0//1,0//1,accounting attribution; not an independent causal effect
ideological/2022/15-29,ideological/2022/15-29,ideological/2022/15-29,ideological/2022/15-29,focal,ideological,all_parties,0,0,4,11,4,2022,Ideological 2022/MDB-UNIÃO,Ideological 2022/MDB-UNIÃO,,,,,,15,29,MDB,UNIÃO,true,endpoint-minimal,false,true,true,true,false,ideological/2022/15-29,"MDB, PMN, PSDB, PSD, PMB, PODE, PROS, PRTB, AGIR, PTB, PP, DC, REPUBLICANOS, PSC, UNIÃO",2,PMN,PA,0,4521516,0.0,0,17,0.0,0.0,0.0,0.0,0.0,0.0,-1.3330377018503445,0.13003711804674328,-1.2030005838036013,0//1,0//1,0//1,accounting attribution; not an independent causal effect
ideological/2022/15-29,ideological/2022/15-29,ideological/2022/15-29,ideological/2022/15-29,focal,ideological,all_parties,0,0,4,11,4,2022,Ideological 2022/MDB-UNIÃO,Ideological 2022/MDB-UNIÃO,,,,,,15,29,MDB,UNIÃO,true,endpoint-minimal,false,true,true,true,false,ideological/2022/15-29,"MDB, PMN, PSDB, PSD, PMB, PODE, PROS, PRTB, AGIR, PTB, PP, DC, REPUBLICANOS, PSC, UNIÃO",2,PMN,PB,0,2209355,0.0,0,12,0.0,0.0,0.0,0.0,0.0,0.0,-1.3330377018503445,0.13003711804674328,-1.2030005838036013,0//1,0//1,0//1,accounting attribution; not an independent causal effect
ideological/2022/15-29,ideological/2022/15-29,ideological/2022/15-29,ideological/2022/15-29,focal,ideological,all_parties,0,0,4,11,4,2022,Ideological 2022/MDB-UNIÃO,Ideological 2022/MDB-UNIÃO,,,,,,15,29,MDB,UNIÃO,true,endpoint-minimal,false,true,true,true,false,ideological/2022/15-29,"MDB, PMN, PSDB, PSD, PMB, PODE, PROS, PRTB, AGIR, PTB, PP, DC, REPUBLICANOS, PSC, UNIÃO",2,PMN,PE,10080,4969863,0.002028224922900289,0,25,0.0,0.05070562307250723,0.04726144051610154,-0.05070562307250723,0.00344418255640569,-0.04726144051610154,-1.3330377018503445,0.13003711804674328,-1.2030005838036013,-28000//552207,52023434680//15104726253039,-1292760//27353377,accounting attribution; not an independent causal effect
ideological/2022/15-29,ideological/2022/15-29,ideological/2022/15-29,ideological/2022/15-29,focal,ideological,all_parties,0,0,4,11,4,2022,Ideological 2022/MDB-UNIÃO,Ideological 2022/MDB-UNIÃO,,,,,,15,29,MDB,UNIÃO,true,endpoint-minimal,false,true,true,true,false,ideological/2022/15-29,"MDB, PMN, PSDB, PSD, PMB, PODE, PROS, PRTB, AGIR, PTB, PP, DC, REPUBLICANOS, PSC, UNIÃO",2,PMN,PI,3239,1957483,0.0016546759282200663,0,10,0.0,0.016546759282200663,0.015186488673775088,-0.016546759282200663,0.0013602706084255747,-0.015186488673775088,-1.3330377018503445,0.13003711804674328,-1.2030005838036013,-32390//1957483,291336068939//214175081880364,-1661607//109413508,accounting attribution; not an independent causal effect
ideological/2022/15-29,ideological/2022/15-29,ideological/2022/15-29,ideological/2022/15-29,focal,ideological,all_parties,0,0,4,11,4,2022,Ideological 2022/MDB-UNIÃO,Ideological 2022/MDB-UNIÃO,,,,,,15,29,MDB,UNIÃO,true,endpoint-minimal,false,true,true,true,false,ideological/2022/15-29,"MDB, PMN, PSDB, PSD, PMB, PODE, PROS, PRTB, AGIR, PTB, PP, DC, REPUBLICANOS, PSC, UNIÃO",2,PMN,PR,5108,6038642,0.0008458855484395333,0,30,0.0,0.025376566453186,0.02394954743613558,-0.025376566453186,0.0014270190170504156,-0.02394954743613558,-1.3330377018503445,0.13003711804674328,-1.2030005838036013,-76620//3019321,117855539319//82588625597017,-655101//27353377,accounting attribution; not an independent causal effect
ideological/2022/15-29,ideological/2022/15-29,ideological/2022/15-29,ideological/2022/15-29,focal,ideological,all_parties,0,0,4,11,4,2022,Ideological 2022/MDB-UNIÃO,Ideological 2022/MDB-UNIÃO,,,,,,15,29,MDB,UNIÃO,true,endpoint-minimal,false,true,true,true,false,ideological/2022/15-29,"MDB, PMN, PSDB, PSD, PMB, PODE, PROS, PRTB, AGIR, PTB, PP, DC, REPUBLICANOS, PSC, UNIÃO",2,PMN,RJ,95910,8575988,0.011183551096386796,0,46,0.0,0.5144433504337926,0.44968698014874,-0.5144433504337926,0.06475637028505263,-0.44968698014874,-1.3330377018503445,0.13003711804674328,-1.2030005838036013,-1102965//2143997,7595346968355//117291116455738,-24600915//54706754,accounting attribution; not an independent causal effect
ideological/2022/15-29,ideological/2022/15-29,ideological/2022/15-29,ideological/2022/15-29,focal,ideological,all_parties,0,0,4,11,4,2022,Ideological 2022/MDB-UNIÃO,Ideological 2022/MDB-UNIÃO,,,,,,15,29,MDB,UNIÃO,true,endpoint-minimal,false,true,true,true,false,ideological/2022/15-29,"MDB, PMN, PSDB, PSD, PMB, PODE, PROS, PRTB, AGIR, PTB, PP, DC, REPUBLICANOS, PSC, UNIÃO",2,PMN,RN,2314,1864825,0.0012408671054924725,0,8,0.0,0.00992693684393978,0.010849501324827279,-0.00992693684393978,-0.0009225644808874983,-0.010849501324827279,-1.3330377018503445,0.13003711804674328,-1.2030005838036013,-18512//1864825,-94118665277//102018522528050,-593541//54706754,accounting attribution; not an independent causal effect
ideological/2022/15-29,ideological/2022/15-29,ideological/2022/15-29,ideological/2022/15-29,focal,ideological,all_parties,0,0,4,11,4,2022,Ideological 2022/MDB-UNIÃO,Ideological 2022/MDB-UNIÃO,,,,,,15,29,MDB,UNIÃO,true,endpoint-minimal,false,true,true,true,false,ideological/2022/15-29,"MDB, PMN, PSDB, PSD, PMB, PODE, PROS, PRTB, AGIR, PTB, PP, DC, REPUBLICANOS, PSC, UNIÃO",2,PMN,RO,0,869148,0.0,0,8,0.0,0.0,0.0,0.0,0.0,0.0,-1.3330377018503445,0.13003711804674328,-1.2030005838036013,0//1,0//1,0//1,accounting attribution; not an independent causal effect
ideological/2022/15-29,ideological/2022/15-29,ideological/2022/15-29,ideological/2022/15-29,focal,ideological,all_parties,0,0,4,11,4,2022,Ideological 2022/MDB-UNIÃO,Ideological 2022/MDB-UNIÃO,,,,,,15,29,MDB,UNIÃO,true,endpoint-minimal,false,true,true,true,false,ideological/2022/15-29,"MDB, PMN, PSDB, PSD, PMB, PODE, PROS, PRTB, AGIR, PTB, PP, DC, REPUBLICANOS, PSC, UNIÃO",2,PMN,RR,3192,291714,0.010942224233324421,0,8,0.0,0.08753779386659537,0.014966122830098821,-0.08753779386659537,0.07257167103649655,-0.014966122830098821,-1.3330377018503445,0.13003711804674328,-1.2030005838036013,-4256//48619,96512618006//1329893836363,-409374//27353377,accounting attribution; not an independent causal effect
ideological/2022/15-29,ideological/2022/15-29,ideological/2022/15-29,ideological/2022/15-29,focal,ideological,all_parties,0,0,4,11,4,2022,Ideological 2022/MDB-UNIÃO,Ideological 2022/MDB-UNIÃO,,,,,,15,29,MDB,UNIÃO,true,endpoint-minimal,false,true,true,true,false,ideological/2022/15-29,"MDB, PMN, PSDB, PSD, PMB, PODE, PROS, PRTB, AGIR, PTB, PP, DC, REPUBLICANOS, PSC, UNIÃO",2,PMN,RS,0,6149822,0.0,0,31,0.0,0.0,0.0,0.0,0.0,0.0,-1.3330377018503445,0.13003711804674328,-1.2030005838036013,0//1,0//1,0//1,accounting attribution; not an independent causal effect
ideological/2022/15-29,ideological/2022/15-29,ideological/2022/15-29,ideological/2022/15-29,focal,ideological,all_parties,0,0,4,11,4,2022,Ideological 2022/MDB-UNIÃO,Ideological 2022/MDB-UNIÃO,,,,,,15,29,MDB,UNIÃO,true,endpoint-minimal,false,true,true,true,false,ideological/2022/15-29,"MDB, PMN, PSDB, PSD, PMB, PODE, PROS, PRTB, AGIR, PTB, PP, DC, REPUBLICANOS, PSC, UNIÃO",2,PMN,SC,0,3969848,0.0,0,16,0.0,0.0,0.0,0.0,0.0,0.0,-1.3330377018503445,0.13003711804674328,-1.2030005838036013,0//1,0//1,0//1,accounting attribution; not an independent causal effect
ideological/2022/15-29,ideological/2022/15-29,ideological/2022/15-29,ideological/2022/15-29,focal,ideological,all_parties,0,0,4,11,4,2022,Ideological 2022/MDB-UNIÃO,Ideological 2022/MDB-UNIÃO,,,,,,15,29,MDB,UNIÃO,true,endpoint-minimal,false,true,true,true,false,ideological/2022/15-29,"MDB, PMN, PSDB, PSD, PMB, PODE, PROS, PRTB, AGIR, PTB, PP, DC, REPUBLICANOS, PSC, UNIÃO",2,PMN,SE,4319,1191617,0.0036244867268593853,0,8,0.0,0.028995893814875082,0.020250214443357395,-0.028995893814875082,0.008745679371517686,-0.020250214443357395,-1.3330377018503445,0.13003711804674328,-1.2030005838036013,-4936//170231,162893271031//18625570880348,-2215647//109413508,accounting attribution; not an independent causal effect
ideological/2022/15-29,ideological/2022/15-29,ideological/2022/15-29,ideological/2022/15-29,focal,ideological,all_parties,0,0,4,11,4,2022,Ideological 2022/MDB-UNIÃO,Ideological 2022/MDB-UNIÃO,,,,,,15,29,MDB,UNIÃO,true,endpoint-minimal,false,true,true,true,false,ideological/2022/15-29,"MDB, PMN, PSDB, PSD, PMB, PODE, PROS, PRTB, AGIR, PTB, PP, DC, REPUBLICANOS, PSC, UNIÃO",2,PMN,SP,15463,23321040,0.0006630493322767767,0,70,0.0,0.04641345325937437,0.07250036256949188,-0.04641345325937437,-0.02608690931011751,-0.07250036256949188,-1.3330377018503445,0.13003711804674328,-1.2030005838036013,-108241//2332104,-1664107942637//63790919915208,-7932519//109413508,accounting attribution; not an independent causal effect
ideological/2022/15-29,ideological/2022/15-29,ideological/2022/15-29,ideological/2022/15-29,focal,ideological,all_parties,0,0,4,11,4,2022,Ideological 2022/MDB-UNIÃO,Ideological 2022/MDB-UNIÃO,,,,,,15,29,MDB,UNIÃO,true,endpoint-minimal,false,true,true,true,false,ideological/2022/15-29,"MDB, PMN, PSDB, PSD, PMB, PODE, PROS, PRTB, AGIR, PTB, PP, DC, REPUBLICANOS, PSC, UNIÃO",2,PMN,TO,0,830140,0.0,0,8,0.0,0.0,0.0,0.0,0.0,0.0,-1.3330377018503445,0.13003711804674328,-1.2030005838036013,0//1,0//1,0//1,accounting attribution; not an independent causal effect
ideological/2022/15-29,ideological/2022/15-29,ideological/2022/15-29,ideological/2022/15-29,focal,ideological,all_parties,0,0,4,11,4,2022,Ideological 2022/MDB-UNIÃO,Ideological 2022/MDB-UNIÃO,,,,,,15,29,MDB,UNIÃO,true,endpoint-minimal,false,true,true,true,false,ideological/2022/15-29,"MDB, PMN, PSDB, PSD, PMB, PODE, PROS, PRTB, AGIR, PTB, PP, DC, REPUBLICANOS, PSC, UNIÃO",3,PSDB,AC,33412,434253,0.07694132222460179,0,8,0.0,0.6155305777968143,0.15665667167896674,-0.6155305777968143,0.45887390611784756,-0.15665667167896674,-1.9794931239386324,-0.5354860045982207,-2.514979128536853,-267296//434253,5450635505075//11878286022381,-4285089//27353377,accounting attribution; not an independent causal effect
ideological/2022/15-29,ideological/2022/15-29,ideological/2022/15-29,ideological/2022/15-29,focal,ideological,all_parties,0,0,4,11,4,2022,Ideological 2022/MDB-UNIÃO,Ideological 2022/MDB-UNIÃO,,,,,,15,29,MDB,UNIÃO,true,endpoint-minimal,false,true,true,true,false,ideological/2022/15-29,"MDB, PMN, PSDB, PSD, PMB, PODE, PROS, PRTB, AGIR, PTB, PP, DC, REPUBLICANOS, PSC, UNIÃO",3,PSDB,AL,43704,1650763,0.02647503003156722,0,9,0.0,0.23827527028410497,0.20491210280909739,-0.23827527028410497,0.033363167475007595,-0.20491210280909739,-1.9794931239386324,-0.5354860045982207,-2.514979128536853,-393336//1650763,1506478551678//45153942676651,-5605038//27353377,accounting attribution; not an independent causal effect
ideological/2022/15-29,ideological/2022/15-29,ideological/2022/15-29,ideological/2022/15-29,focal,ideological,all_parties,0,0,4,11,4,2022,Ideological 2022/MDB-UNIÃO,Ideological 2022/MDB-UNIÃO,,,,,,15,29,MDB,UNIÃO,true,endpoint-minimal,false,true,true,true,false,ideological/2022/15-29,"MDB, PMN, PSDB, PSD, PMB, PODE, PROS, PRTB, AGIR, PTB, PP, DC, REPUBLICANOS, PSC, UNIÃO",3,PSDB,AM,9506,1976477,0.004809567730866588,0,8,0.0,0.0384765418469327,0.04457016404226798,-0.0384765418469327,-0.006093622195335282,-0.04457016404226798,-1.9794931239386324,-0.5354860045982207,-2.514979128536853,-76048//1976477,-658882899661//108126641025658,-2438289//54706754,accounting attribution; not an independent causal effect
ideological/2022/15-29,ideological/2022/15-29,ideological/2022/15-29,ideological/2022/15-29,focal,ideological,all_parties,0,0,4,11,4,2022,Ideological 2022/MDB-UNIÃO,Ideological 2022/MDB-UNIÃO,,,,,,15,29,MDB,UNIÃO,true,endpoint-minimal,false,true,true,true,false,ideological/2022/15-29,"MDB, PMN, PSDB, PSD, PMB, PODE, PROS, PRTB, AGIR, PTB, PP, DC, REPUBLICANOS, PSC, UNIÃO",3,PSDB,AP,17567,423017,0.041527881858175915,0,8,0.0,0.3322230548654073,0.0823652505502337,-0.3322230548654073,0.2498578043151736,-0.0823652505502337,-1.9794931239386324,-0.5354860045982207,-2.514979128536853,-140536//423017,11564362125481//46283773913636,-9011871//109413508,accounting attribution; not an independent causal effect
ideological/2022/15-29,ideological/2022/15-29,ideological/2022/15-29,ideological/2022/15-29,focal,ideological,all_parties,0,0,4,11,4,2022,Ideological 2022/MDB-UNIÃO,Ideological 2022/MDB-UNIÃO,,,,,,15,29,MDB,UNIÃO,true,endpoint-minimal,false,true,true,true,false,ideological/2022/15-29,"MDB, PMN, PSDB, PSD, PMB, PODE, PROS, PRTB, AGIR, PTB, PP, DC, REPUBLICANOS, PSC, UNIÃO",3,PSDB,BA,215880,7958431,0.02712594982603983,1,39,0.02564102564102564,1.0579120432155533,1.0121825177198414,-0.05791204321555342,0.045729525495712096,-0.01218251771984132,-1.9794931239386324,-0.5354860045982207,-2.514979128536853,-35453//612187,765758364210//16745381805499,-333233//27353377,accounting attribution; not an independent causal effect
ideological/2022/15-29,ideological/2022/15-29,ideological/2022/15-29,ideological/2022/15-29,focal,ideological,all_parties,0,0,4,11,4,2022,Ideological 2022/MDB-UNIÃO,Ideological 2022/MDB-UNIÃO,,,,,,15,29,MDB,UNIÃO,true,endpoint-minimal,false,true,true,true,false,ideological/2022/15-29,"MDB, PMN, PSDB, PSD, PMB, PODE, PROS, PRTB, AGIR, PTB, PP, DC, REPUBLICANOS, PSC, UNIÃO",3,PSDB,CE,31076,5083860,0.006112678161869131,0,22,0.0,0.13447891956112087,0.14570402038475908,-0.13447891956112087,-0.011225100823638192,-0.14570402038475908,-1.9794931239386324,-0.5354860045982207,-2.514979128536853,-170918//1270965,-390242704519//34765184798805,-3985497//27353377,accounting attribution; not an independent causal effect
ideological/2022/15-29,ideological/2022/15-29,ideological/2022/15-29,ideological/2022/15-29,focal,ideological,all_parties,0,0,4,11,4,2022,Ideological 2022/MDB-UNIÃO,Ideological 2022/MDB-UNIÃO,,,,,,15,29,MDB,UNIÃO,true,endpoint-minimal,false,true,true,true,false,ideological/2022/15-29,"MDB, PMN, PSDB, PSD, PMB, PODE, PROS, PRTB, AGIR, PTB, PP, DC, REPUBLICANOS, PSC, UNIÃO",3,PSDB,DF,5545,1607519,0.0034494149058269296,0,8,0.0,0.027595319246615437,0.02599848091882768,-0.027595319246615437,0.001596838327787754,-0.02599848091882768,-1.9794931239386324,-0.5354860045982207,-2.514979128536853,-44360//1607519,280858780265//175884292966652,-2844585//109413508,accounting attribution; not an independent causal effect
ideological/2022/15-29,ideological/2022/15-29,ideological/2022/15-29,ideological/2022/15-29,focal,ideological,all_parties,0,0,4,11,4,2022,Ideological 2022/MDB-UNIÃO,Ideological 2022/MDB-UNIÃO,,,,,,15,29,MDB,UNIÃO,true,endpoint-minimal,false,true,true,true,false,ideological/2022/15-29,"MDB, PMN, PSDB, PSD, PMB, PODE, PROS, PRTB, AGIR, PTB, PP, DC, REPUBLICANOS, PSC, UNIÃO",3,PSDB,ES,95632,2084430,0.04587920918428539,0,10,0.0,0.4587920918428539,0.4483835396265697,-0.4587920918428539,0.01040855221628423,-0.4483835396265697,-1.9794931239386324,-0.5354860045982207,-2.514979128536853,-95632//208443,59345609092//5701619962011,-12264804//27353377,accounting attribution; not an independent causal effect
ideological/2022/15-29,ideological/2022/15-29,ideological/2022/15-29,ideological/2022/15-29,focal,ideological,all_parties,0,0,4,11,4,2022,Ideological 2022/MDB-UNIÃO,Ideological 2022/MDB-UNIÃO,,,,,,15,29,MDB,UNIÃO,true,endpoint-minimal,false,true,true,true,false,ideological/2022/15-29,"MDB, PMN, PSDB, PSD, PMB, PODE, PROS, PRTB, AGIR, PTB, PP, DC, REPUBLICANOS, PSC, UNIÃO",3,PSDB,GO,178411,3439644,0.05186903063223985,1,17,0.058823529411764705,0.8817735207480775,0.836504053960138,0.11822647925192259,0.04526946678793933,0.16349594603986192,-1.9794931239386324,-0.5354860045982207,-2.514979128536853,23921//202332,125271105239//2767231737582,17888665//109413508,accounting attribution; not an independent causal effect
ideological/2022/15-29,ideological/2022/15-29,ideological/2022/15-29,ideological/2022/15-29,focal,ideological,all_parties,0,0,4,11,4,2022,Ideological 2022/MDB-UNIÃO,Ideological 2022/MDB-UNIÃO,,,,,,15,29,MDB,UNIÃO,true,endpoint-minimal,false,true,true,true,false,ideological/2022/15-29,"MDB, PMN, PSDB, PSD, PMB, PODE, PROS, PRTB, AGIR, PTB, PP, DC, REPUBLICANOS, PSC, UNIÃO",3,PSDB,MA,3449,3707930,0.0009301685846280809,0,18,0.0,0.016743034523305455,0.016171102017860536,-0.016743034523305455,0.0005719325054449192,-0.016171102017860536,-1.9794931239386324,-0.5354860045982207,-2.514979128536853,-31041//1853965,116015830623//202848814359220,-1769337//109413508,accounting attribution; not an independent causal effect
ideological/2022/15-29,ideological/2022/15-29,ideological/2022/15-29,ideological/2022/15-29,focal,ideological,all_parties,0,0,4,11,4,2022,Ideological 2022/MDB-UNIÃO,Ideological 2022/MDB-UNIÃO,,,,,,15,29,MDB,UNIÃO,true,endpoint-minimal,false,true,true,true,false,ideological/2022/15-29,"MDB, PMN, PSDB, PSD, PMB, PODE, PROS, PRTB, AGIR, PTB, PP, DC, REPUBLICANOS, PSC, UNIÃO",3,PSDB,MG,314097,11181098,0.028091784903414675,2,53,0.03773584905660377,1.4888645998809777,1.4726861787486056,0.5111354001190223,0.016178421132371997,0.5273138212513943,-1.9794931239386324,-0.5354860045982207,-2.514979128536853,5715055//11181098,9896042163525//611681577735892,57695255//109413508,accounting attribution; not an independent causal effect
ideological/2022/15-29,ideological/2022/15-29,ideological/2022/15-29,ideological/2022/15-29,focal,ideological,all_parties,0,0,4,11,4,2022,Ideological 2022/MDB-UNIÃO,Ideological 2022/MDB-UNIÃO,,,,,,15,29,MDB,UNIÃO,true,endpoint-minimal,false,true,true,true,false,ideological/2022/15-29,"MDB, PMN, PSDB, PSD, PMB, PODE, PROS, PRTB, AGIR, PTB, PP, DC, REPUBLICANOS, PSC, UNIÃO",3,PSDB,MS,316966,1374808,0.2305529208442197,3,8,0.375,1.8444233667537575,1.4861378724828016,1.1555766332462425,0.35828549427095596,1.5138621275171984,-1.9794931239386324,-0.5354860045982207,-2.514979128536853,198587//171851,3368388965435//9401410381654,82818483//54706754,accounting attribution; not an independent causal effect
ideological/2022/15-29,ideological/2022/15-29,ideological/2022/15-29,ideological/2022/15-29,focal,ideological,all_parties,0,0,4,11,4,2022,Ideological 2022/MDB-UNIÃO,Ideological 2022/MDB-UNIÃO,,,,,,15,29,MDB,UNIÃO,true,endpoint-minimal,false,true,true,true,false,ideological/2022/15-29,"MDB, PMN, PSDB, PSD, PMB, PODE, PROS, PRTB, AGIR, PTB, PP, DC, REPUBLICANOS, PSC, UNIÃO",3,PSDB,MT,31044,1730277,0.017941635934593133,0,8,0.0,0.14353308747674506,0.14555398406566034,-0.14353308747674506,-0.002020896588915286,-0.14555398406566034,-1.9794931239386324,-0.5354860045982207,-2.514979128536853,-82784//576759,-31882283719//15776306365143,-3981393//27353377,accounting attribution; not an independent causal effect
ideological/2022/15-29,ideological/2022/15-29,ideological/2022/15-29,ideological/2022/15-29,focal,ideological,all_parties,0,0,4,11,4,2022,Ideological 2022/MDB-UNIÃO,Ideological 2022/MDB-UNIÃO,,,,,,15,29,MDB,UNIÃO,true,endpoint-minimal,false,true,true,true,false,ideological/2022/15-29,"MDB, PMN, PSDB, PSD, PMB, PODE, PROS, PRTB, AGIR, PTB, PP, DC, REPUBLICANOS, PSC, UNIÃO",3,PSDB,PA,175892,4521516,0.03890111192794629,0,17,0.0,0.661318902775087,0.8246933824660846,-0.661318902775087,-0.16337447969099758,-0.8246933824660846,-1.9794931239386324,-0.5354860045982207,-2.514979128536853,-747541//1130379,-5051487112514//30919682939883,-22558149//27353377,accounting attribution; not an independent causal effect
ideological/2022/15-29,ideological/2022/15-29,ideological/2022/15-29,ideological/2022/15-29,focal,ideological,all_parties,0,0,4,11,4,2022,Ideological 2022/MDB-UNIÃO,Ideological 2022/MDB-UNIÃO,,,,,,15,29,MDB,UNIÃO,true,endpoint-minimal,false,true,true,true,false,ideological/2022/15-29,"MDB, PMN, PSDB, PSD, PMB, PODE, PROS, PRTB, AGIR, PTB, PP, DC, REPUBLICANOS, PSC, UNIÃO",3,PSDB,PB,10133,2209355,0.004586406439888565,0,12,0.0,0.05503687727866278,0.04750993816960882,-0.05503687727866278,0.007526939109053957,-0.04750993816960882,-1.9794931239386324,-0.5354860045982207,-2.514979128536853,-121596//2209355,1819511686473//241733280967340,-5198229//109413508,accounting attribution; not an independent causal effect
ideological/2022/15-29,ideological/2022/15-29,ideological/2022/15-29,ideological/2022/15-29,focal,ideological,all_parties,0,0,4,11,4,2022,Ideological 2022/MDB-UNIÃO,Ideological 2022/MDB-UNIÃO,,,,,,15,29,MDB,UNIÃO,true,endpoint-minimal,false,true,true,true,false,ideological/2022/15-29,"MDB, PMN, PSDB, PSD, PMB, PODE, PROS, PRTB, AGIR, PTB, PP, DC, REPUBLICANOS, PSC, UNIÃO",3,PSDB,PE,27826,4969863,0.0055989470937126435,0,25,0.0,0.1399736773428161,0.1304659567262938,-0.1399736773428161,0.009507720616522294,-0.1304659567262938,-1.9794931239386324,-0.5354860045982207,-2.514979128536853,-695650//4969863,2585007309653//271885072554702,-7137369//54706754,accounting attribution; not an independent causal effect
ideological/2022/15-29,ideological/2022/15-29,ideological/2022/15-29,ideological/2022/15-29,focal,ideological,all_parties,0,0,4,11,4,2022,Ideological 2022/MDB-UNIÃO,Ideological 2022/MDB-UNIÃO,,,,,,15,29,MDB,UNIÃO,true,endpoint-minimal,false,true,true,true,false,ideological/2022/15-29,"MDB, PMN, PSDB, PSD, PMB, PODE, PROS, PRTB, AGIR, PTB, PP, DC, REPUBLICANOS, PSC, UNIÃO",3,PSDB,PI,1033,1957483,0.0005277185038133153,0,10,0.0,0.005277185038133154,0.00484335992590604,-0.005277185038133154,0.00043382511222711284,-0.00484335992590604,-1.9794931239386324,-0.5354860045982207,-2.514979128536853,-10330//1957483,92914528933//214175081880364,-529929//109413508,accounting attribution; not an independent causal effect
ideological/2022/15-29,ideological/2022/15-29,ideological/2022/15-29,ideological/2022/15-29,focal,ideological,all_parties,0,0,4,11,4,2022,Ideological 2022/MDB-UNIÃO,Ideological 2022/MDB-UNIÃO,,,,,,15,29,MDB,UNIÃO,true,endpoint-minimal,false,true,true,true,false,ideological/2022/15-29,"MDB, PMN, PSDB, PSD, PMB, PODE, PROS, PRTB, AGIR, PTB, PP, DC, REPUBLICANOS, PSC, UNIÃO",3,PSDB,PR,88130,6038642,0.01459434091307284,1,30,0.03333333333333333,0.4378302273921852,0.41320940006786,0.5621697726078148,0.024620827324325203,0.58679059993214,-1.9794931239386324,-0.5354860045982207,-2.514979128536853,1697371//3019321,4066800579555//165177251194034,32101409//54706754,accounting attribution; not an independent causal effect
ideological/2022/15-29,ideological/2022/15-29,ideological/2022/15-29,ideological/2022/15-29,focal,ideological,all_parties,0,0,4,11,4,2022,Ideological 2022/MDB-UNIÃO,Ideological 2022/MDB-UNIÃO,,,,,,15,29,MDB,UNIÃO,true,endpoint-minimal,false,true,true,true,false,ideological/2022/15-29,"MDB, PMN, PSDB, PSD, PMB, PODE, PROS, PRTB, AGIR, PTB, PP, DC, REPUBLICANOS, PSC, UNIÃO",3,PSDB,RJ,79306,8575988,0.009247447641018154,0,46,0.0,0.4253825914868351,0.3718368850763838,-0.4253825914868351,0.053545706410451296,-0.3718368850763838,-1.9794931239386324,-0.5354860045982207,-2.514979128536853,-912019//2143997,6280435686293//117291116455738,-20341989//54706754,accounting attribution; not an independent causal effect
ideological/2022/15-29,ideological/2022/15-29,ideological/2022/15-29,ideological/2022/15-29,focal,ideological,all_parties,0,0,4,11,4,2022,Ideological 2022/MDB-UNIÃO,Ideological 2022/MDB-UNIÃO,,,,,,15,29,MDB,UNIÃO,true,endpoint-minimal,false,true,true,true,false,ideological/2022/15-29,"MDB, PMN, PSDB, PSD, PMB, PODE, PROS, PRTB, AGIR, PTB, PP, DC, REPUBLICANOS, PSC, UNIÃO",3,PSDB,RN,51588,1864825,0.027663721796951455,0,8,0.0,0.22130977437561164,0.24187730092704823,-0.22130977437561164,-0.020567526551436587,-0.24187730092704823,-1.9794931239386324,-0.5354860045982207,-2.514979128536853,-412704//1864825,-1049134335417//51009261264025,-6616161//27353377,accounting attribution; not an independent causal effect
ideological/2022/15-29,ideological/2022/15-29,ideological/2022/15-29,ideological/2022/15-29,focal,ideological,all_parties,0,0,4,11,4,2022,Ideological 2022/MDB-UNIÃO,Ideological 2022/MDB-UNIÃO,,,,,,15,29,MDB,UNIÃO,true,endpoint-minimal,false,true,true,true,false,ideological/2022/15-29,"MDB, PMN, PSDB, PSD, PMB, PODE, PROS, PRTB, AGIR, PTB, PP, DC, REPUBLICANOS, PSC, UNIÃO",3,PSDB,RO,0,869148,0.0,0,8,0.0,0.0,0.0,0.0,0.0,0.0,-1.9794931239386324,-0.5354860045982207,-2.514979128536853,0//1,0//1,0//1,accounting attribution; not an independent causal effect
ideological/2022/15-29,ideological/2022/15-29,ideological/2022/15-29,ideological/2022/15-29,focal,ideological,all_parties,0,0,4,11,4,2022,Ideological 2022/MDB-UNIÃO,Ideological 2022/MDB-UNIÃO,,,,,,15,29,MDB,UNIÃO,true,endpoint-minimal,false,true,true,true,false,ideological/2022/15-29,"MDB, PMN, PSDB, PSD, PMB, PODE, PROS, PRTB, AGIR, PTB, PP, DC, REPUBLICANOS, PSC, UNIÃO",3,PSDB,RR,129,291714,0.00044221394927908844,0,8,0.0,0.0035377115942327076,0.0006048339113667757,-0.0035377115942327076,0.0029328776828659317,-0.0006048339113667757,-1.9794931239386324,-0.5354860045982207,-2.514979128536853,-172//48619,15601663813//5319575345452,-66177//109413508,accounting attribution; not an independent causal effect
ideological/2022/15-29,ideological/2022/15-29,ideological/2022/15-29,ideological/2022/15-29,focal,ideological,all_parties,0,0,4,11,4,2022,Ideological 2022/MDB-UNIÃO,Ideological 2022/MDB-UNIÃO,,,,,,15,29,MDB,UNIÃO,true,endpoint-minimal,false,true,true,true,false,ideological/2022/15-29,"MDB, PMN, PSDB, PSD, PMB, PODE, PROS, PRTB, AGIR, PTB, PP, DC, REPUBLICANOS, PSC, UNIÃO",3,PSDB,RS,352544,6149822,0.057325886830545666,2,31,0.06451612903225806,1.7771024917469156,1.652950127510764,0.2228975082530844,0.12415236423615157,0.34704987248923597,-1.9794931239386324,-0.5354860045982207,-2.514979128536853,685390//3074911,10442356012216//84109199824447,9492986//27353377,accounting attribution; not an independent causal effect
ideological/2022/15-29,ideological/2022/15-29,ideological/2022/15-29,ideological/2022/15-29,focal,ideological,all_parties,0,0,4,11,4,2022,Ideological 2022/MDB-UNIÃO,Ideological 2022/MDB-UNIÃO,,,,,,15,29,MDB,UNIÃO,true,endpoint-minimal,false,true,true,true,false,ideological/2022/15-29,"MDB, PMN, PSDB, PSD, PMB, PODE, PROS, PRTB, AGIR, PTB, PP, DC, REPUBLICANOS, PSC, UNIÃO",3,PSDB,SC,138407,3969848,0.03486455904608942,0,16,0.0,0.5578329447374307,0.6489399005468319,-0.5578329447374307,-0.09110695580940117,-0.6489399005468319,-1.9794931239386324,-0.5354860045982207,-2.514979128536853,-276814//496231,-4946595177209//54294374488348,-71002791//109413508,accounting attribution; not an independent causal effect
ideological/2022/15-29,ideological/2022/15-29,ideological/2022/15-29,ideological/2022/15-29,focal,ideological,all_parties,0,0,4,11,4,2022,Ideological 2022/MDB-UNIÃO,Ideological 2022/MDB-UNIÃO,,,,,,15,29,MDB,UNIÃO,true,endpoint-minimal,false,true,true,true,false,ideological/2022/15-29,"MDB, PMN, PSDB, PSD, PMB, PODE, PROS, PRTB, AGIR, PTB, PP, DC, REPUBLICANOS, PSC, UNIÃO",3,PSDB,SE,7852,1191617,0.0065893655427876575,0,8,0.0,0.05271492434230126,0.036815161798852115,-0.05271492434230126,0.015899762543449148,-0.036815161798852115,-1.9794931239386324,-0.5354860045982207,-2.514979128536853,-62816//1191617,518248769909//32594749040609,-1007019//27353377,accounting attribution; not an independent causal effect
ideological/2022/15-29,ideological/2022/15-29,ideological/2022/15-29,ideological/2022/15-29,focal,ideological,all_parties,0,0,4,11,4,2022,Ideological 2022/MDB-UNIÃO,Ideological 2022/MDB-UNIÃO,,,,,,15,29,MDB,UNIÃO,true,endpoint-minimal,false,true,true,true,false,ideological/2022/15-29,"MDB, PMN, PSDB, PSD, PMB, PODE, PROS, PRTB, AGIR, PTB, PP, DC, REPUBLICANOS, PSC, UNIÃO",3,PSDB,SP,1061538,23321040,0.04551846744399049,3,70,0.04285714285714286,3.1862927210793344,4.977164190732282,-0.18629272107933437,-1.790871469652947,-1.9771641907322814,-1.9794931239386324,-0.5354860045982207,-2.514979128536853,-72409//388684,-19040223083177//10631819985868,-108164235//54706754,accounting attribution; not an independent causal effect
ideological/2022/15-29,ideological/2022/15-29,ideological/2022/15-29,ideological/2022/15-29,focal,ideological,all_parties,0,0,4,11,4,2022,Ideological 2022/MDB-UNIÃO,Ideological 2022/MDB-UNIÃO,,,,,,15,29,MDB,UNIÃO,true,endpoint-minimal,false,true,true,true,false,ideological/2022/15-29,"MDB, PMN, PSDB, PSD, PMB, PODE, PROS, PRTB, AGIR, PTB, PP, DC, REPUBLICANOS, PSC, UNIÃO",3,PSDB,TO,18394,830140,0.022157708338352566,0,8,0.0,0.17726166670682053,0.08624275167194163,-0.17726166670682053,0.0910189150348789,-0.08624275167194163,-1.9794931239386324,-0.5354860045982207,-2.514979128536853,-36788//207535,1033389276517//11353566191390,-4718061//54706754,accounting attribution; not an independent causal effect
ideological/2022/15-29,ideological/2022/15-29,ideological/2022/15-29,ideological/2022/15-29,focal,ideological,all_parties,0,0,4,11,4,2022,Ideological 2022/MDB-UNIÃO,Ideological 2022/MDB-UNIÃO,,,,,,15,29,MDB,UNIÃO,true,endpoint-minimal,false,true,true,true,false,ideological/2022/15-29,"MDB, PMN, PSDB, PSD, PMB, PODE, PROS, PRTB, AGIR, PTB, PP, DC, REPUBLICANOS, PSC, UNIÃO",4,PSD,AC,24158,434253,0.055631164321259724,0,8,0.0,0.4450493145700778,0.11326804364960129,-0.4450493145700778,0.33178127092047655,-0.11326804364960129,2.351878855613102,0.7607889879222685,3.1126678435353705,-193264//434253,7881985665725//23756572044762,-6196527//54706754,accounting attribution; not an independent causal effect
ideological/2022/15-29,ideological/2022/15-29,ideological/2022/15-29,ideological/2022/15-29,focal,ideological,all_parties,0,0,4,11,4,2022,Ideological 2022/MDB-UNIÃO,Ideological 2022/MDB-UNIÃO,,,,,,15,29,MDB,UNIÃO,true,endpoint-minimal,false,true,true,true,false,ideological/2022/15-29,"MDB, PMN, PSDB, PSD, PMB, PODE, PROS, PRTB, AGIR, PTB, PP, DC, REPUBLICANOS, PSC, UNIÃO",4,PSD,AL,78589,1650763,0.04760768202340372,0,9,0.0,0.4284691382106335,0.36847513380157776,-0.4284691382106335,0.05999400440905574,-0.36847513380157776,2.351878855613102,0.7607889879222685,3.1126678435353705,-707301//1650763,10835863344117//180615770706604,-40316157//109413508,accounting attribution; not an independent causal effect
ideological/2022/15-29,ideological/2022/15-29,ideological/2022/15-29,ideological/2022/15-29,focal,ideological,all_parties,0,0,4,11,4,2022,Ideological 2022/MDB-UNIÃO,Ideological 2022/MDB-UNIÃO,,,,,,15,29,MDB,UNIÃO,true,endpoint-minimal,false,true,true,true,false,ideological/2022/15-29,"MDB, PMN, PSDB, PSD, PMB, PODE, PROS, PRTB, AGIR, PTB, PP, DC, REPUBLICANOS, PSC, UNIÃO",4,PSD,AM,323344,1976477,0.16359613595301134,2,8,0.25,1.3087690876240907,1.5160419863331682,0.6912309123759093,-0.20727289870907756,0.4839580136668317,2.351878855613102,0.7607889879222685,3.1126678435353705,1366202//1976477,-11205861156532//54063320512829,13237886//27353377,accounting attribution; not an independent causal effect
ideological/2022/15-29,ideological/2022/15-29,ideological/2022/15-29,ideological/2022/15-29,focal,ideological,all_parties,0,0,4,11,4,2022,Ideological 2022/MDB-UNIÃO,Ideological 2022/MDB-UNIÃO,,,,,,15,29,MDB,UNIÃO,true,endpoint-minimal,false,true,true,true,false,ideological/2022/15-29,"MDB, PMN, PSDB, PSD, PMB, PODE, PROS, PRTB, AGIR, PTB, PP, DC, REPUBLICANOS, PSC, UNIÃO",4,PSD,AP,6109,423017,0.014441499986998159,0,8,0.0,0.11553199989598527,0.02864287104294289,-0.11553199989598527,0.08688912885304238,-0.02864287104294289,2.351878855613102,0.7607889879222685,3.1126678435353705,-48872//423017,4021556795387//46283773913636,-3133917//109413508,accounting attribution; not an independent causal effect
ideological/2022/15-29,ideological/2022/15-29,ideological/2022/15-29,ideological/2022/15-29,focal,ideological,all_parties,0,0,4,11,4,2022,Ideological 2022/MDB-UNIÃO,Ideological 2022/MDB-UNIÃO,,,,,,15,29,MDB,UNIÃO,true,endpoint-minimal,false,true,true,true,false,ideological/2022/15-29,"MDB, PMN, PSDB, PSD, PMB, PODE, PROS, PRTB, AGIR, PTB, PP, DC, REPUBLICANOS, PSC, UNIÃO",4,PSD,BA,1141474,7958431,0.14342952775490544,6,39,0.15384615384615385,5.593751582441313,5.351954915840921,0.4062484175586871,0.24179666660039129,0.6480450841590785,2.351878855613102,0.7607889879222685,3.1126678435353705,248700//612187,8097955003041//33490763610998,35452443//54706754,accounting attribution; not an independent causal effect
ideological/2022/15-29,ideological/2022/15-29,ideological/2022/15-29,ideological/2022/15-29,focal,ideological,all_parties,0,0,4,11,4,2022,Ideological 2022/MDB-UNIÃO,Ideological 2022/MDB-UNIÃO,,,,,,15,29,MDB,UNIÃO,true,endpoint-minimal,false,true,true,true,false,ideological/2022/15-29,"MDB, PMN, PSDB, PSD, PMB, PODE, PROS, PRTB, AGIR, PTB, PP, DC, REPUBLICANOS, PSC, UNIÃO",4,PSD,CE,621809,5083860,0.12231040980672167,3,22,0.13636363636363635,2.6908290157478767,2.915435423202042,0.30917098425212336,-0.22460640745416532,0.08456457679795808,2.351878855613102,0.7607889879222685,3.1126678435353705,785891//2541930,-31233933048559//139060739195220,9252507//109413508,accounting attribution; not an independent causal effect
ideological/2022/15-29,ideological/2022/15-29,ideological/2022/15-29,ideological/2022/15-29,focal,ideological,all_parties,0,0,4,11,4,2022,Ideological 2022/MDB-UNIÃO,Ideological 2022/MDB-UNIÃO,,,,,,15,29,MDB,UNIÃO,true,endpoint-minimal,false,true,true,true,false,ideological/2022/15-29,"MDB, PMN, PSDB, PSD, PMB, PODE, PROS, PRTB, AGIR, PTB, PP, DC, REPUBLICANOS, PSC, UNIÃO",4,PSD,DF,71470,1607519,0.044459816649134475,0,8,0.0,0.3556785331930758,0.33509674143708107,-0.3556785331930758,0.02058179175599473,-0.33509674143708107,2.351878855613102,0.7607889879222685,3.1126678435353705,-571760//1607519,1810006945495//87942146483326,-18332055//54706754,accounting attribution; not an independent causal effect
ideological/2022/15-29,ideological/2022/15-29,ideological/2022/15-29,ideological/2022/15-29,focal,ideological,all_parties,0,0,4,11,4,2022,Ideological 2022/MDB-UNIÃO,Ideological 2022/MDB-UNIÃO,,,,,,15,29,MDB,UNIÃO,true,endpoint-minimal,false,true,true,true,false,ideological/2022/15-29,"MDB, PMN, PSDB, PSD, PMB, PODE, PROS, PRTB, AGIR, PTB, PP, DC, REPUBLICANOS, PSC, UNIÃO",4,PSD,ES,2644,2084430,0.0012684522867162725,0,10,0.0,0.012684522867162725,0.012396750865532984,-0.012684522867162725,0.0002877720016297422,-0.012396750865532984,2.351878855613102,0.7607889879222685,3.1126678435353705,-2644//208443,1640766589//5701619962011,-339093//27353377,accounting attribution; not an independent causal effect
ideological/2022/15-29,ideological/2022/15-29,ideological/2022/15-29,ideological/2022/15-29,focal,ideological,all_parties,0,0,4,11,4,2022,Ideological 2022/MDB-UNIÃO,Ideological 2022/MDB-UNIÃO,,,,,,15,29,MDB,UNIÃO,true,endpoint-minimal,false,true,true,true,false,ideological/2022/15-29,"MDB, PMN, PSDB, PSD, PMB, PODE, PROS, PRTB, AGIR, PTB, PP, DC, REPUBLICANOS, PSC, UNIÃO",4,PSD,GO,180621,3439644,0.052511538984848435,1,17,0.058823529411764705,0.8926961627424234,0.8468659372478945,0.10730383725757665,0.04583022549452887,0.15313406275210553,2.351878855613102,0.7607889879222685,3.1126678435353705,7237//67444,42274284843//922410579194,16754935//109413508,accounting attribution; not an independent causal effect
ideological/2022/15-29,ideological/2022/15-29,ideological/2022/15-29,ideological/2022/15-29,focal,ideological,all_parties,0,0,4,11,4,2022,Ideological 2022/MDB-UNIÃO,Ideological 2022/MDB-UNIÃO,,,,,,15,29,MDB,UNIÃO,true,endpoint-minimal,false,true,true,true,false,ideological/2022/15-29,"MDB, PMN, PSDB, PSD, PMB, PODE, PROS, PRTB, AGIR, PTB, PP, DC, REPUBLICANOS, PSC, UNIÃO",4,PSD,MA,230912,3707930,0.06227517779461856,1,18,0.05555555555555555,1.1209532003031342,1.082662078616472,-0.1209532003031341,0.03829112168666198,-0.08266207861647211,2.351878855613102,0.7607889879222685,3.1126678435353705,-224243//1853965,1941827158656//50712203589805,-2261087//27353377,accounting attribution; not an independent causal effect
ideological/2022/15-29,ideological/2022/15-29,ideological/2022/15-29,ideological/2022/15-29,focal,ideological,all_parties,0,0,4,11,4,2022,Ideological 2022/MDB-UNIÃO,Ideological 2022/MDB-UNIÃO,,,,,,15,29,MDB,UNIÃO,true,endpoint-minimal,false,true,true,true,false,ideological/2022/15-29,"MDB, PMN, PSDB, PSD, PMB, PODE, PROS, PRTB, AGIR, PTB, PP, DC, REPUBLICANOS, PSC, UNIÃO",4,PSD,MG,766629,11181098,0.06856473308793108,4,53,0.07547169811320754,3.633930853660347,3.5944435398232546,0.3660691463396529,0.039487313837092405,0.4055564601767453,2.351878855613102,0.7607889879222685,3.1126678435353705,4093055//11181098,24153662428425//611681577735892,44373355//109413508,accounting attribution; not an independent causal effect
ideological/2022/15-29,ideological/2022/15-29,ideological/2022/15-29,ideological/2022/15-29,focal,ideological,all_parties,0,0,4,11,4,2022,Ideological 2022/MDB-UNIÃO,Ideological 2022/MDB-UNIÃO,,,,,,15,29,MDB,UNIÃO,true,endpoint-minimal,false,true,true,true,false,ideological/2022/15-29,"MDB, PMN, PSDB, PSD, PMB, PODE, PROS, PRTB, AGIR, PTB, PP, DC, REPUBLICANOS, PSC, UNIÃO",4,PSD,MS,82584,1374808,0.06006947879267505,0,8,0.0,0.4805558303414004,0.3872062305140605,-0.4805558303414004,0.09334959982733992,-0.3872062305140605,2.351878855613102,0.7607889879222685,3.1126678435353705,-82584//171851,14155127370//151635651317,-341658//882367,accounting attribution; not an independent causal effect
ideological/2022/15-29,ideological/2022/15-29,ideological/2022/15-29,ideological/2022/15-29,focal,ideological,all_parties,0,0,4,11,4,2022,Ideological 2022/MDB-UNIÃO,Ideological 2022/MDB-UNIÃO,,,,,,15,29,MDB,UNIÃO,true,endpoint-minimal,false,true,true,true,false,ideological/2022/15-29,"MDB, PMN, PSDB, PSD, PMB, PODE, PROS, PRTB, AGIR, PTB, PP, DC, REPUBLICANOS, PSC, UNIÃO",4,PSD,MT,134258,1730277,0.07759335643946028,0,8,0.0,0.6207468515156822,0.6294867540486866,-0.6207468515156822,-0.008739902533004395,-0.6294867540486866,2.351878855613102,0.7607889879222685,3.1126678435353705,-1074064//1730277,-827300279773//94657838190858,-34437177//54706754,accounting attribution; not an independent causal effect
ideological/2022/15-29,ideological/2022/15-29,ideological/2022/15-29,ideological/2022/15-29,focal,ideological,all_parties,0,0,4,11,4,2022,Ideological 2022/MDB-UNIÃO,Ideological 2022/MDB-UNIÃO,,,,,,15,29,MDB,UNIÃO,true,endpoint-minimal,false,true,true,true,false,ideological/2022/15-29,"MDB, PMN, PSDB, PSD, PMB, PODE, PROS, PRTB, AGIR, PTB, PP, DC, REPUBLICANOS, PSC, UNIÃO",4,PSD,PA,350784,4521516,0.07758105909610848,2,17,0.11764705882352941,1.318878004633844,1.6446981299603336,0.6811219953661559,-0.3258201253264896,0.3553018700396664,2.351878855613102,0.7607889879222685,3.1126678435353705,256642//376793,-3358084990176//10306560979961,9718706//27353377,accounting attribution; not an independent causal effect
ideological/2022/15-29,ideological/2022/15-29,ideological/2022/15-29,ideological/2022/15-29,focal,ideological,all_parties,0,0,4,11,4,2022,Ideological 2022/MDB-UNIÃO,Ideological 2022/MDB-UNIÃO,,,,,,15,29,MDB,UNIÃO,true,endpoint-minimal,false,true,true,true,false,ideological/2022/15-29,"MDB, PMN, PSDB, PSD, PMB, PODE, PROS, PRTB, AGIR, PTB, PP, DC, REPUBLICANOS, PSC, UNIÃO",4,PSD,PB,0,2209355,0.0,0,12,0.0,0.0,0.0,0.0,0.0,0.0,2.351878855613102,0.7607889879222685,3.1126678435353705,0//1,0//1,0//1,accounting attribution; not an independent causal effect
ideological/2022/15-29,ideological/2022/15-29,ideological/2022/15-29,ideological/2022/15-29,focal,ideological,all_parties,0,0,4,11,4,2022,Ideological 2022/MDB-UNIÃO,Ideological 2022/MDB-UNIÃO,,,,,,15,29,MDB,UNIÃO,true,endpoint-minimal,false,true,true,true,false,ideological/2022/15-29,"MDB, PMN, PSDB, PSD, PMB, PODE, PROS, PRTB, AGIR, PTB, PP, DC, REPUBLICANOS, PSC, UNIÃO",4,PSD,PE,6246,4969863,0.0012567750861542863,0,25,0.0,0.03141937715385716,0.029285214034084347,-0.03141937715385716,0.0021341631197728116,-0.029285214034084347,2.351878855613102,0.7607889879222685,3.1126678435353705,-17350//552207,64471899407//30209452506078,-1602099//54706754,accounting attribution; not an independent causal effect
ideological/2022/15-29,ideological/2022/15-29,ideological/2022/15-29,ideological/2022/15-29,focal,ideological,all_parties,0,0,4,11,4,2022,Ideological 2022/MDB-UNIÃO,Ideological 2022/MDB-UNIÃO,,,,,,15,29,MDB,UNIÃO,true,endpoint-minimal,false,true,true,true,false,ideological/2022/15-29,"MDB, PMN, PSDB, PSD, PMB, PODE, PROS, PRTB, AGIR, PTB, PP, DC, REPUBLICANOS, PSC, UNIÃO",4,PSD,PI,426968,1957483,0.2181209236555311,3,10,0.3,2.1812092365553113,2.001897096654647,0.8187907634446889,0.17931213990066402,0.9981029033453529,2.351878855613102,0.7607889879222685,3.1126678435353705,1602769//1957483,9601048061342//53543770470091,27301485//27353377,accounting attribution; not an independent causal effect
ideological/2022/15-29,ideological/2022/15-29,ideological/2022/15-29,ideological/2022/15-29,focal,ideological,all_parties,0,0,4,11,4,2022,Ideological 2022/MDB-UNIÃO,Ideological 2022/MDB-UNIÃO,,,,,,15,29,MDB,UNIÃO,true,endpoint-minimal,false,true,true,true,false,ideological/2022/15-29,"MDB, PMN, PSDB, PSD, PMB, PODE, PROS, PRTB, AGIR, PTB, PP, DC, REPUBLICANOS, PSC, UNIÃO",4,PSD,PR,1051984,6038642,0.1742087045398618,7,30,0.23333333333333334,5.226261136195853,4.932368972211365,1.7737388638041467,0.293892163984488,2.0676310277886345,2.351878855613102,0.7607889879222685,3.1126678435353705,5355487//3019321,24272149897212//82588625597017,56556691//27353377,accounting attribution; not an independent causal effect
ideological/2022/15-29,ideological/2022/15-29,ideological/2022/15-29,ideological/2022/15-29,focal,ideological,all_parties,0,0,4,11,4,2022,Ideological 2022/MDB-UNIÃO,Ideological 2022/MDB-UNIÃO,,,,,,15,29,MDB,UNIÃO,true,endpoint-minimal,false,true,true,true,false,ideological/2022/15-29,"MDB, PMN, PSDB, PSD, PMB, PODE, PROS, PRTB, AGIR, PTB, PP, DC, REPUBLICANOS, PSC, UNIÃO",4,PSD,RJ,689255,8575988,0.0803703316749044,4,46,0.08695652173913043,3.697035257045602,3.2316650975124572,0.3029647429543978,0.46537015953314514,0.768334902487543,2.351878855613102,0.7607889879222685,3.1126678435353705,1299111//4287994,109167571153655//234582232911476,84066217//109413508,accounting attribution; not an independent causal effect
ideological/2022/15-29,ideological/2022/15-29,ideological/2022/15-29,ideological/2022/15-29,focal,ideological,all_parties,0,0,4,11,4,2022,Ideological 2022/MDB-UNIÃO,Ideological 2022/MDB-UNIÃO,,,,,,15,29,MDB,UNIÃO,true,endpoint-minimal,false,true,true,true,false,ideological/2022/15-29,"MDB, PMN, PSDB, PSD, PMB, PODE, PROS, PRTB, AGIR, PTB, PP, DC, REPUBLICANOS, PSC, UNIÃO",4,PSD,RN,26590,1864825,0.014258710602871583,0,8,0.0,0.11406968482297267,0.12467080390110516,-0.11406968482297267,-0.01060111907813249,-0.12467080390110516,2.351878855613102,0.7607889879222685,3.1126678435353705,-42544//372965,-216302101099//20403704505610,-6820335//54706754,accounting attribution; not an independent causal effect
ideological/2022/15-29,ideological/2022/15-29,ideological/2022/15-29,ideological/2022/15-29,focal,ideological,all_parties,0,0,4,11,4,2022,Ideological 2022/MDB-UNIÃO,Ideological 2022/MDB-UNIÃO,,,,,,15,29,MDB,UNIÃO,true,endpoint-minimal,false,true,true,true,false,ideological/2022/15-29,"MDB, PMN, PSDB, PSD, PMB, PODE, PROS, PRTB, AGIR, PTB, PP, DC, REPUBLICANOS, PSC, UNIÃO",4,PSD,RO,72130,869148,0.0829893182749083,0,8,0.0,0.6639145461992664,0.3381912405184925,-0.6639145461992664,0.32572330568077396,-0.3381912405184925,2.351878855613102,0.7607889879222685,3.1126678435353705,-144260//217287,3871894581025//11887066456398,-18501345//54706754,accounting attribution; not an independent causal effect
ideological/2022/15-29,ideological/2022/15-29,ideological/2022/15-29,ideological/2022/15-29,focal,ideological,all_parties,0,0,4,11,4,2022,Ideological 2022/MDB-UNIÃO,Ideological 2022/MDB-UNIÃO,,,,,,15,29,MDB,UNIÃO,true,endpoint-minimal,false,true,true,true,false,ideological/2022/15-29,"MDB, PMN, PSDB, PSD, PMB, PODE, PROS, PRTB, AGIR, PTB, PP, DC, REPUBLICANOS, PSC, UNIÃO",4,PSD,RR,29968,291714,0.10273075683717614,1,8,0.125,0.8218460546974091,0.14050901283596537,0.1781539453025909,0.6813370418614437,0.8594909871640346,2.351878855613102,0.7607889879222685,3.1126678435353705,25985//145857,2718317797372//3989681509089,23509981//27353377,accounting attribution; not an independent causal effect
ideological/2022/15-29,ideological/2022/15-29,ideological/2022/15-29,ideological/2022/15-29,focal,ideological,all_parties,0,0,4,11,4,2022,Ideological 2022/MDB-UNIÃO,Ideological 2022/MDB-UNIÃO,,,,,,15,29,MDB,UNIÃO,true,endpoint-minimal,false,true,true,true,false,ideological/2022/15-29,"MDB, PMN, PSDB, PSD, PMB, PODE, PROS, PRTB, AGIR, PTB, PP, DC, REPUBLICANOS, PSC, UNIÃO",4,PSD,RS,295357,6149822,0.04802691850268186,1,31,0.03225806451612903,1.4888344735831378,1.384821159376409,-0.48883447358313786,0.10401331420672887,-0.384821159376409,2.351878855613102,0.7607889879222685,3.1126678435353705,-3006245//6149822,34993906516067//336436799297788,-42104633//109413508,accounting attribution; not an independent causal effect
ideological/2022/15-29,ideological/2022/15-29,ideological/2022/15-29,ideological/2022/15-29,focal,ideological,all_parties,0,0,4,11,4,2022,Ideological 2022/MDB-UNIÃO,Ideological 2022/MDB-UNIÃO,,,,,,15,29,MDB,UNIÃO,true,endpoint-minimal,false,true,true,true,false,ideological/2022/15-29,"MDB, PMN, PSDB, PSD, PMB, PODE, PROS, PRTB, AGIR, PTB, PP, DC, REPUBLICANOS, PSC, UNIÃO",4,PSD,SC,391429,3969848,0.0986005005733217,2,16,0.125,1.5776080091731473,1.8352676983905862,0.4223919908268528,-0.2576596892174391,0.1647323016094137,2.351878855613102,0.7607889879222685,3.1126678435353705,209604//496231,-13989471656923//54294374488348,18023939//109413508,accounting attribution; not an independent causal effect
ideological/2022/15-29,ideological/2022/15-29,ideological/2022/15-29,ideological/2022/15-29,focal,ideological,all_parties,0,0,4,11,4,2022,Ideological 2022/MDB-UNIÃO,Ideological 2022/MDB-UNIÃO,,,,,,15,29,MDB,UNIÃO,true,endpoint-minimal,false,true,true,true,false,ideological/2022/15-29,"MDB, PMN, PSDB, PSD, PMB, PODE, PROS, PRTB, AGIR, PTB, PP, DC, REPUBLICANOS, PSC, UNIÃO",4,PSD,SE,199933,1191617,0.1677829369671631,2,8,0.25,1.3422634957373047,0.937412855823981,0.6577365042626951,0.40485063991332376,1.0625871441760188,2.351878855613102,0.7607889879222685,3.1126678435353705,783770//1191617,52784020027619//130378996162436,116261387//109413508,accounting attribution; not an independent causal effect
ideological/2022/15-29,ideological/2022/15-29,ideological/2022/15-29,ideological/2022/15-29,focal,ideological,all_parties,0,0,4,11,4,2022,Ideological 2022/MDB-UNIÃO,Ideological 2022/MDB-UNIÃO,,,,,,15,29,MDB,UNIÃO,true,endpoint-minimal,false,true,true,true,false,ideological/2022/15-29,"MDB, PMN, PSDB, PSD, PMB, PODE, PROS, PRTB, AGIR, PTB, PP, DC, REPUBLICANOS, PSC, UNIÃO",4,PSD,SP,1055965,23321040,0.04527949868444975,3,70,0.04285714285714286,3.1695649079114827,4.951034428034243,-0.16956490791148252,-1.78146952012276,-1.9510344280342424,2.351878855613102,0.7607889879222685,3.1126678435353705,-395443//2332104,-113641579489535//63790919915208,-213469521//109413508,accounting attribution; not an independent causal effect
ideological/2022/15-29,ideological/2022/15-29,ideological/2022/15-29,ideological/2022/15-29,focal,ideological,all_parties,0,0,4,11,4,2022,Ideological 2022/MDB-UNIÃO,Ideological 2022/MDB-UNIÃO,,,,,,15,29,MDB,UNIÃO,true,endpoint-minimal,false,true,true,true,false,ideological/2022/15-29,"MDB, PMN, PSDB, PSD, PMB, PODE, PROS, PRTB, AGIR, PTB, PP, DC, REPUBLICANOS, PSC, UNIÃO",4,PSD,TO,32746,830140,0.0394463584455634,0,8,0.0,0.3155708675645072,0.1535340407877243,-0.3155708675645072,0.16203682677678288,-0.1535340407877243,2.351878855613102,0.7607889879222685,3.1126678435353705,-65492//207535,1839695838253//11353566191390,-8399349//54706754,accounting attribution; not an independent causal effect
ideological/2022/15-29,ideological/2022/15-29,ideological/2022/15-29,ideological/2022/15-29,focal,ideological,all_parties,0,0,4,11,4,2022,Ideological 2022/MDB-UNIÃO,Ideological 2022/MDB-UNIÃO,,,,,,15,29,MDB,UNIÃO,true,endpoint-minimal,false,true,true,true,false,ideological/2022/15-29,"MDB, PMN, PSDB, PSD, PMB, PODE, PROS, PRTB, AGIR, PTB, PP, DC, REPUBLICANOS, PSC, UNIÃO",5,PMB,AC,0,434253,0.0,0,8,0.0,0.0,0.0,0.0,0.0,0.0,-0.42099789332656895,0.03158331574077398,-0.389414577585795,0//1,0//1,0//1,accounting attribution; not an independent causal effect
ideological/2022/15-29,ideological/2022/15-29,ideological/2022/15-29,ideological/2022/15-29,focal,ideological,all_parties,0,0,4,11,4,2022,Ideological 2022/MDB-UNIÃO,Ideological 2022/MDB-UNIÃO,,,,,,15,29,MDB,UNIÃO,true,endpoint-minimal,false,true,true,true,false,ideological/2022/15-29,"MDB, PMN, PSDB, PSD, PMB, PODE, PROS, PRTB, AGIR, PTB, PP, DC, REPUBLICANOS, PSC, UNIÃO",5,PMB,AL,383,1650763,0.00023201392325851742,0,9,0.0,0.002088125309326657,0.0017957471942129852,-0.002088125309326657,0.0002923781151136717,-0.0017957471942129852,-0.42099789332656895,0.03158331574077398,-0.389414577585795,-3447//1650763,52808098599//180615770706604,-196479//109413508,accounting attribution; not an independent causal effect
ideological/2022/15-29,ideological/2022/15-29,ideological/2022/15-29,ideological/2022/15-29,focal,ideological,all_parties,0,0,4,11,4,2022,Ideological 2022/MDB-UNIÃO,Ideological 2022/MDB-UNIÃO,,,,,,15,29,MDB,UNIÃO,true,endpoint-minimal,false,true,true,true,false,ideological/2022/15-29,"MDB, PMN, PSDB, PSD, PMB, PODE, PROS, PRTB, AGIR, PTB, PP, DC, REPUBLICANOS, PSC, UNIÃO",5,PMB,AM,0,1976477,0.0,0,8,0.0,0.0,0.0,0.0,0.0,0.0,-0.42099789332656895,0.03158331574077398,-0.389414577585795,0//1,0//1,0//1,accounting attribution; not an independent causal effect
ideological/2022/15-29,ideological/2022/15-29,ideological/2022/15-29,ideological/2022/15-29,focal,ideological,all_parties,0,0,4,11,4,2022,Ideological 2022/MDB-UNIÃO,Ideological 2022/MDB-UNIÃO,,,,,,15,29,MDB,UNIÃO,true,endpoint-minimal,false,true,true,true,false,ideological/2022/15-29,"MDB, PMN, PSDB, PSD, PMB, PODE, PROS, PRTB, AGIR, PTB, PP, DC, REPUBLICANOS, PSC, UNIÃO",5,PMB,AP,0,423017,0.0,0,8,0.0,0.0,0.0,0.0,0.0,0.0,-0.42099789332656895,0.03158331574077398,-0.389414577585795,0//1,0//1,0//1,accounting attribution; not an independent causal effect
ideological/2022/15-29,ideological/2022/15-29,ideological/2022/15-29,ideological/2022/15-29,focal,ideological,all_parties,0,0,4,11,4,2022,Ideological 2022/MDB-UNIÃO,Ideological 2022/MDB-UNIÃO,,,,,,15,29,MDB,UNIÃO,true,endpoint-minimal,false,true,true,true,false,ideological/2022/15-29,"MDB, PMN, PSDB, PSD, PMB, PODE, PROS, PRTB, AGIR, PTB, PP, DC, REPUBLICANOS, PSC, UNIÃO",5,PMB,BA,11944,7958431,0.0015007983357523613,0,39,0.0,0.05853113509434209,0.056001056103602856,-0.05853113509434209,0.0025300789907392314,-0.056001056103602856,-0.42099789332656895,0.03158331574077398,-0.389414577585795,-35832//612187,42367138698//16745381805499,-1531818//27353377,accounting attribution; not an independent causal effect
ideological/2022/15-29,ideological/2022/15-29,ideological/2022/15-29,ideological/2022/15-29,focal,ideological,all_parties,0,0,4,11,4,2022,Ideological 2022/MDB-UNIÃO,Ideological 2022/MDB-UNIÃO,,,,,,15,29,MDB,UNIÃO,true,endpoint-minimal,false,true,true,true,false,ideological/2022/15-29,"MDB, PMN, PSDB, PSD, PMB, PODE, PROS, PRTB, AGIR, PTB, PP, DC, REPUBLICANOS, PSC, UNIÃO",5,PMB,CE,2746,5083860,0.000540140759186917,0,22,0.0,0.011883096702112175,0.0128749916326602,-0.011883096702112175,-0.0009918949305480268,-0.0128749916326602,-0.42099789332656895,0.03158331574077398,-0.389414577585795,-15103//1270965,-68966821123//69530369597610,-704349//54706754,accounting attribution; not an independent causal effect
ideological/2022/15-29,ideological/2022/15-29,ideological/2022/15-29,ideological/2022/15-29,focal,ideological,all_parties,0,0,4,11,4,2022,Ideological 2022/MDB-UNIÃO,Ideological 2022/MDB-UNIÃO,,,,,,15,29,MDB,UNIÃO,true,endpoint-minimal,false,true,true,true,false,ideological/2022/15-29,"MDB, PMN, PSDB, PSD, PMB, PODE, PROS, PRTB, AGIR, PTB, PP, DC, REPUBLICANOS, PSC, UNIÃO",5,PMB,DF,0,1607519,0.0,0,8,0.0,0.0,0.0,0.0,0.0,0.0,-0.42099789332656895,0.03158331574077398,-0.389414577585795,0//1,0//1,0//1,accounting attribution; not an independent causal effect
ideological/2022/15-29,ideological/2022/15-29,ideological/2022/15-29,ideological/2022/15-29,focal,ideological,all_parties,0,0,4,11,4,2022,Ideological 2022/MDB-UNIÃO,Ideological 2022/MDB-UNIÃO,,,,,,15,29,MDB,UNIÃO,true,endpoint-minimal,false,true,true,true,false,ideological/2022/15-29,"MDB, PMN, PSDB, PSD, PMB, PODE, PROS, PRTB, AGIR, PTB, PP, DC, REPUBLICANOS, PSC, UNIÃO",5,PMB,ES,1391,2084430,0.0006673287181627591,0,10,0.0,0.006673287181627591,0.006521891245823139,-0.006673287181627591,0.0001513959358044521,-0.006521891245823139,-0.42099789332656895,0.03158331574077398,-0.389414577585795,-1391//208443,3452808359//22806479848044,-713583//109413508,accounting attribution; not an independent causal effect
ideological/2022/15-29,ideological/2022/15-29,ideological/2022/15-29,ideological/2022/15-29,focal,ideological,all_parties,0,0,4,11,4,2022,Ideological 2022/MDB-UNIÃO,Ideological 2022/MDB-UNIÃO,,,,,,15,29,MDB,UNIÃO,true,endpoint-minimal,false,true,true,true,false,ideological/2022/15-29,"MDB, PMN, PSDB, PSD, PMB, PODE, PROS, PRTB, AGIR, PTB, PP, DC, REPUBLICANOS, PSC, UNIÃO",5,PMB,GO,0,3439644,0.0,0,17,0.0,0.0,0.0,0.0,0.0,0.0,-0.42099789332656895,0.03158331574077398,-0.389414577585795,0//1,0//1,0//1,accounting attribution; not an independent causal effect
ideological/2022/15-29,ideological/2022/15-29,ideological/2022/15-29,ideological/2022/15-29,focal,ideological,all_parties,0,0,4,11,4,2022,Ideological 2022/MDB-UNIÃO,Ideological 2022/MDB-UNIÃO,,,,,,15,29,MDB,UNIÃO,true,endpoint-minimal,false,true,true,true,false,ideological/2022/15-29,"MDB, PMN, PSDB, PSD, PMB, PODE, PROS, PRTB, AGIR, PTB, PP, DC, REPUBLICANOS, PSC, UNIÃO",5,PMB,MA,1691,3707930,0.00045604960179938673,0,18,0.0,0.00820889283238896,0.00792848173737378,-0.00820889283238896,0.0002804110950151807,-0.00792848173737378,-0.42099789332656895,0.03158331574077398,-0.389414577585795,-15219//1853965,56881058157//202848814359220,-867483//109413508,accounting attribution; not an independent causal effect
ideological/2022/15-29,ideological/2022/15-29,ideological/2022/15-29,ideological/2022/15-29,focal,ideological,all_parties,0,0,4,11,4,2022,Ideological 2022/MDB-UNIÃO,Ideological 2022/MDB-UNIÃO,,,,,,15,29,MDB,UNIÃO,true,endpoint-minimal,false,true,true,true,false,ideological/2022/15-29,"MDB, PMN, PSDB, PSD, PMB, PODE, PROS, PRTB, AGIR, PTB, PP, DC, REPUBLICANOS, PSC, UNIÃO",5,PMB,MG,3034,11181098,0.0002713508100903865,0,53,0.0,0.014381592934790483,0.014225318504548817,-0.014381592934790483,0.00015627443024166624,-0.014225318504548817,-0.42099789332656895,0.03158331574077398,-0.389414577585795,-80401//5590549,47795095025//305840788867946,-778221//54706754,accounting attribution; not an independent causal effect
ideological/2022/15-29,ideological/2022/15-29,ideological/2022/15-29,ideological/2022/15-29,focal,ideological,all_parties,0,0,4,11,4,2022,Ideological 2022/MDB-UNIÃO,Ideological 2022/MDB-UNIÃO,,,,,,15,29,MDB,UNIÃO,true,endpoint-minimal,false,true,true,true,false,ideological/2022/15-29,"MDB, PMN, PSDB, PSD, PMB, PODE, PROS, PRTB, AGIR, PTB, PP, DC, REPUBLICANOS, PSC, UNIÃO",5,PMB,MS,0,1374808,0.0,0,8,0.0,0.0,0.0,0.0,0.0,0.0,-0.42099789332656895,0.03158331574077398,-0.389414577585795,0//1,0//1,0//1,accounting attribution; not an independent causal effect
ideological/2022/15-29,ideological/2022/15-29,ideological/2022/15-29,ideological/2022/15-29,focal,ideological,all_parties,0,0,4,11,4,2022,Ideological 2022/MDB-UNIÃO,Ideological 2022/MDB-UNIÃO,,,,,,15,29,MDB,UNIÃO,true,endpoint-minimal,false,true,true,true,false,ideological/2022/15-29,"MDB, PMN, PSDB, PSD, PMB, PODE, PROS, PRTB, AGIR, PTB, PP, DC, REPUBLICANOS, PSC, UNIÃO",5,PMB,MT,0,1730277,0.0,0,8,0.0,0.0,0.0,0.0,0.0,0.0,-0.42099789332656895,0.03158331574077398,-0.389414577585795,0//1,0//1,0//1,accounting attribution; not an independent causal effect
ideological/2022/15-29,ideological/2022/15-29,ideological/2022/15-29,ideological/2022/15-29,focal,ideological,all_parties,0,0,4,11,4,2022,Ideological 2022/MDB-UNIÃO,Ideological 2022/MDB-UNIÃO,,,,,,15,29,MDB,UNIÃO,true,endpoint-minimal,false,true,true,true,false,ideological/2022/15-29,"MDB, PMN, PSDB, PSD, PMB, PODE, PROS, PRTB, AGIR, PTB, PP, DC, REPUBLICANOS, PSC, UNIÃO",5,PMB,PA,1640,4521516,0.0003627102060459368,0,17,0.0,0.006166073502780926,0.007689361353810171,-0.006166073502780926,-0.0015232878510292455,-0.007689361353810171,-0.42099789332656895,0.03158331574077398,-0.389414577585795,-6970//1130379,-47099577380//30919682939883,-210330//27353377,accounting attribution; not an independent causal effect
ideological/2022/15-29,ideological/2022/15-29,ideological/2022/15-29,ideological/2022/15-29,focal,ideological,all_parties,0,0,4,11,4,2022,Ideological 2022/MDB-UNIÃO,Ideological 2022/MDB-UNIÃO,,,,,,15,29,MDB,UNIÃO,true,endpoint-minimal,false,true,true,true,false,ideological/2022/15-29,"MDB, PMN, PSDB, PSD, PMB, PODE, PROS, PRTB, AGIR, PTB, PP, DC, REPUBLICANOS, PSC, UNIÃO",5,PMB,PB,588,2209355,0.000266141023058766,0,12,0.0,0.0031936922767051923,0.0027569173634392563,-0.0031936922767051923,0.0004367749132659357,-0.0027569173634392563,-0.42099789332656895,0.03158331574077398,-0.389414577585795,-7056//2209355,26395758207//60433320241835,-75411//27353377,accounting attribution; not an independent causal effect
ideological/2022/15-29,ideological/2022/15-29,ideological/2022/15-29,ideological/2022/15-29,focal,ideological,all_parties,0,0,4,11,4,2022,Ideological 2022/MDB-UNIÃO,Ideological 2022/MDB-UNIÃO,,,,,,15,29,MDB,UNIÃO,true,endpoint-minimal,false,true,true,true,false,ideological/2022/15-29,"MDB, PMN, PSDB, PSD, PMB, PODE, PROS, PRTB, AGIR, PTB, PP, DC, REPUBLICANOS, PSC, UNIÃO",5,PMB,PE,408,4969863,8.209481830786884e-5,0,25,0.0,0.002052370457696721,0.001912963068508872,-0.002052370457696721,0.00013940738918784935,-0.001912963068508872,-0.42099789332656895,0.03158331574077398,-0.389414577585795,-3400//1656621,6317131354//45314178759117,-52326//27353377,accounting attribution; not an independent causal effect
ideological/2022/15-29,ideological/2022/15-29,ideological/2022/15-29,ideological/2022/15-29,focal,ideological,all_parties,0,0,4,11,4,2022,Ideological 2022/MDB-UNIÃO,Ideological 2022/MDB-UNIÃO,,,,,,15,29,MDB,UNIÃO,true,endpoint-minimal,false,true,true,true,false,ideological/2022/15-29,"MDB, PMN, PSDB, PSD, PMB, PODE, PROS, PRTB, AGIR, PTB, PP, DC, REPUBLICANOS, PSC, UNIÃO",5,PMB,PI,0,1957483,0.0,0,10,0.0,0.0,0.0,0.0,0.0,0.0,-0.42099789332656895,0.03158331574077398,-0.389414577585795,0//1,0//1,0//1,accounting attribution; not an independent causal effect
ideological/2022/15-29,ideological/2022/15-29,ideological/2022/15-29,ideological/2022/15-29,focal,ideological,all_parties,0,0,4,11,4,2022,Ideological 2022/MDB-UNIÃO,Ideological 2022/MDB-UNIÃO,,,,,,15,29,MDB,UNIÃO,true,endpoint-minimal,false,true,true,true,false,ideological/2022/15-29,"MDB, PMN, PSDB, PSD, PMB, PODE, PROS, PRTB, AGIR, PTB, PP, DC, REPUBLICANOS, PSC, UNIÃO",5,PMB,PR,13324,6038642,0.0022064563522725803,0,30,0.0,0.06619369056817742,0.06247137236473581,-0.06619369056817742,0.003722318203441609,-0.06247137236473581,-0.42099789332656895,0.03158331574077398,-0.389414577585795,-199860//3019321,307421144457//82588625597017,-1708803//27353377,accounting attribution; not an independent causal effect
ideological/2022/15-29,ideological/2022/15-29,ideological/2022/15-29,ideological/2022/15-29,focal,ideological,all_parties,0,0,4,11,4,2022,Ideological 2022/MDB-UNIÃO,Ideological 2022/MDB-UNIÃO,,,,,,15,29,MDB,UNIÃO,true,endpoint-minimal,false,true,true,true,false,ideological/2022/15-29,"MDB, PMN, PSDB, PSD, PMB, PODE, PROS, PRTB, AGIR, PTB, PP, DC, REPUBLICANOS, PSC, UNIÃO",5,PMB,RJ,21964,8575988,0.002561104329903447,0,46,0.0,0.11781079917555855,0.10298117852139427,-0.11781079917555855,0.014829620654164278,-0.10298117852139427,-0.42099789332656895,0.03158331574077398,-0.389414577585795,-252586//2143997,869691381571//58645558227869,-2816883//27353377,accounting attribution; not an independent causal effect
ideological/2022/15-29,ideological/2022/15-29,ideological/2022/15-29,ideological/2022/15-29,focal,ideological,all_parties,0,0,4,11,4,2022,Ideological 2022/MDB-UNIÃO,Ideological 2022/MDB-UNIÃO,,,,,,15,29,MDB,UNIÃO,true,endpoint-minimal,false,true,true,true,false,ideological/2022/15-29,"MDB, PMN, PSDB, PSD, PMB, PODE, PROS, PRTB, AGIR, PTB, PP, DC, REPUBLICANOS, PSC, UNIÃO",5,PMB,RN,2016,1864825,0.0010810665880176425,0,8,0.0,0.00864853270414114,0.009452288103220309,-0.00864853270414114,-0.0008037553990791688,-0.009452288103220309,-0.42099789332656895,0.03158331574077398,-0.389414577585795,-16128//1864825,-40998969144//51009261264025,-258552//27353377,accounting attribution; not an independent causal effect
ideological/2022/15-29,ideological/2022/15-29,ideological/2022/15-29,ideological/2022/15-29,focal,ideological,all_parties,0,0,4,11,4,2022,Ideological 2022/MDB-UNIÃO,Ideological 2022/MDB-UNIÃO,,,,,,15,29,MDB,UNIÃO,true,endpoint-minimal,false,true,true,true,false,ideological/2022/15-29,"MDB, PMN, PSDB, PSD, PMB, PODE, PROS, PRTB, AGIR, PTB, PP, DC, REPUBLICANOS, PSC, UNIÃO",5,PMB,RO,349,869148,0.00040154266016834876,0,8,0.0,0.00321234128134679,0.001636333605170579,-0.00321234128134679,0.001576007676176211,-0.001636333605170579,-0.42099789332656895,0.03158331574077398,-0.389414577585795,-698//217287,37468215965//23774132912796,-179037//109413508,accounting attribution; not an independent causal effect
ideological/2022/15-29,ideological/2022/15-29,ideological/2022/15-29,ideological/2022/15-29,focal,ideological,all_parties,0,0,4,11,4,2022,Ideological 2022/MDB-UNIÃO,Ideological 2022/MDB-UNIÃO,,,,,,15,29,MDB,UNIÃO,true,endpoint-minimal,false,true,true,true,false,ideological/2022/15-29,"MDB, PMN, PSDB, PSD, PMB, PODE, PROS, PRTB, AGIR, PTB, PP, DC, REPUBLICANOS, PSC, UNIÃO",5,PMB,RR,1579,291714,0.00541283585978047,0,8,0.0,0.04330268687824376,0.007403354620528208,-0.04330268687824376,0.03589933225771555,-0.007403354620528208,-0.42099789332656895,0.03158331574077398,-0.389414577585795,-6316//145857,572907608389//15958726036356,-810027//109413508,accounting attribution; not an independent causal effect
ideological/2022/15-29,ideological/2022/15-29,ideological/2022/15-29,ideological/2022/15-29,focal,ideological,all_parties,0,0,4,11,4,2022,Ideological 2022/MDB-UNIÃO,Ideological 2022/MDB-UNIÃO,,,,,,15,29,MDB,UNIÃO,true,endpoint-minimal,false,true,true,true,false,ideological/2022/15-29,"MDB, PMN, PSDB, PSD, PMB, PODE, PROS, PRTB, AGIR, PTB, PP, DC, REPUBLICANOS, PSC, UNIÃO",5,PMB,RS,0,6149822,0.0,0,31,0.0,0.0,0.0,0.0,0.0,0.0,-0.42099789332656895,0.03158331574077398,-0.389414577585795,0//1,0//1,0//1,accounting attribution; not an independent causal effect
ideological/2022/15-29,ideological/2022/15-29,ideological/2022/15-29,ideological/2022/15-29,focal,ideological,all_parties,0,0,4,11,4,2022,Ideological 2022/MDB-UNIÃO,Ideological 2022/MDB-UNIÃO,,,,,,15,29,MDB,UNIÃO,true,endpoint-minimal,false,true,true,true,false,ideological/2022/15-29,"MDB, PMN, PSDB, PSD, PMB, PODE, PROS, PRTB, AGIR, PTB, PP, DC, REPUBLICANOS, PSC, UNIÃO",5,PMB,SC,0,3969848,0.0,0,16,0.0,0.0,0.0,0.0,0.0,0.0,-0.42099789332656895,0.03158331574077398,-0.389414577585795,0//1,0//1,0//1,accounting attribution; not an independent causal effect
ideological/2022/15-29,ideological/2022/15-29,ideological/2022/15-29,ideological/2022/15-29,focal,ideological,all_parties,0,0,4,11,4,2022,Ideological 2022/MDB-UNIÃO,Ideological 2022/MDB-UNIÃO,,,,,,15,29,MDB,UNIÃO,true,endpoint-minimal,false,true,true,true,false,ideological/2022/15-29,"MDB, PMN, PSDB, PSD, PMB, PODE, PROS, PRTB, AGIR, PTB, PP, DC, REPUBLICANOS, PSC, UNIÃO",5,PMB,SE,0,1191617,0.0,0,8,0.0,0.0,0.0,0.0,0.0,0.0,-0.42099789332656895,0.03158331574077398,-0.389414577585795,0//1,0//1,0//1,accounting attribution; not an independent causal effect
ideological/2022/15-29,ideological/2022/15-29,ideological/2022/15-29,ideological/2022/15-29,focal,ideological,all_parties,0,0,4,11,4,2022,Ideological 2022/MDB-UNIÃO,Ideological 2022/MDB-UNIÃO,,,,,,15,29,MDB,UNIÃO,true,endpoint-minimal,false,true,true,true,false,ideological/2022/15-29,"MDB, PMN, PSDB, PSD, PMB, PODE, PROS, PRTB, AGIR, PTB, PP, DC, REPUBLICANOS, PSC, UNIÃO",5,PMB,SP,18698,23321040,0.0008017652729037814,0,70,0.0,0.056123569103264694,0.08766809670337962,-0.056123569103264694,-0.03154452760011493,-0.08766809670337962,-0.42099789332656895,0.03158331574077398,-0.389414577585795,-65443//1166052,-1006127216951//31895459957604,-4796037//54706754,accounting attribution; not an independent causal effect
ideological/2022/15-29,ideological/2022/15-29,ideological/2022/15-29,ideological/2022/15-29,focal,ideological,all_parties,0,0,4,11,4,2022,Ideological 2022/MDB-UNIÃO,Ideological 2022/MDB-UNIÃO,,,,,,15,29,MDB,UNIÃO,true,endpoint-minimal,false,true,true,true,false,ideological/2022/15-29,"MDB, PMN, PSDB, PSD, PMB, PODE, PROS, PRTB, AGIR, PTB, PP, DC, REPUBLICANOS, PSC, UNIÃO",5,PMB,TO,1300,830140,0.0015660009155082275,0,8,0.0,0.01252800732406582,0.006095225463386112,-0.01252800732406582,0.006432781860679709,-0.006095225463386112,-0.42099789332656895,0.03158331574077398,-0.389414577585795,-520//41507,7303501465//1135356619139,-166725//27353377,accounting attribution; not an independent causal effect
ideological/2022/15-29,ideological/2022/15-29,ideological/2022/15-29,ideological/2022/15-29,focal,ideological,all_parties,0,0,4,11,4,2022,Ideological 2022/MDB-UNIÃO,Ideological 2022/MDB-UNIÃO,,,,,,15,29,MDB,UNIÃO,true,endpoint-minimal,false,true,true,true,false,ideological/2022/15-29,"MDB, PMN, PSDB, PSD, PMB, PODE, PROS, PRTB, AGIR, PTB, PP, DC, REPUBLICANOS, PSC, UNIÃO",6,PODE,AC,21069,434253,0.04851779953160945,0,8,0.0,0.3881423962528756,0.09878485022160152,-0.3881423962528756,0.2893575460312741,-0.09878485022160152,-5.660581199864246,0.7249222316863858,-4.93565896817786,-56184//144751,4582762259325//15837714696508,-10808397//109413508,accounting attribution; not an independent causal effect
ideological/2022/15-29,ideological/2022/15-29,ideological/2022/15-29,ideological/2022/15-29,focal,ideological,all_parties,0,0,4,11,4,2022,Ideological 2022/MDB-UNIÃO,Ideological 2022/MDB-UNIÃO,,,,,,15,29,MDB,UNIÃO,true,endpoint-minimal,false,true,true,true,false,ideological/2022/15-29,"MDB, PMN, PSDB, PSD, PMB, PODE, PROS, PRTB, AGIR, PTB, PP, DC, REPUBLICANOS, PSC, UNIÃO",6,PODE,AL,0,1650763,0.0,0,9,0.0,0.0,0.0,0.0,0.0,0.0,-5.660581199864246,0.7249222316863858,-4.93565896817786,0//1,0//1,0//1,accounting attribution; not an independent causal effect
ideological/2022/15-29,ideological/2022/15-29,ideological/2022/15-29,ideological/2022/15-29,focal,ideological,all_parties,0,0,4,11,4,2022,Ideological 2022/MDB-UNIÃO,Ideological 2022/MDB-UNIÃO,,,,,,15,29,MDB,UNIÃO,true,endpoint-minimal,false,true,true,true,false,ideological/2022/15-29,"MDB, PMN, PSDB, PSD, PMB, PODE, PROS, PRTB, AGIR, PTB, PP, DC, REPUBLICANOS, PSC, UNIÃO",6,PODE,AM,174,1976477,8.803542869459144e-5,0,8,0.0,0.0007042834295567315,0.0008158224850993718,-0.0007042834295567315,-0.00011153905554264033,-0.0008158224850993718,-5.660581199864246,0.7249222316863858,-4.93565896817786,-1392//1976477,-12060343419//108126641025658,-44631//54706754,accounting attribution; not an independent causal effect
ideological/2022/15-29,ideological/2022/15-29,ideological/2022/15-29,ideological/2022/15-29,focal,ideological,all_parties,0,0,4,11,4,2022,Ideological 2022/MDB-UNIÃO,Ideological 2022/MDB-UNIÃO,,,,,,15,29,MDB,UNIÃO,true,endpoint-minimal,false,true,true,true,false,ideological/2022/15-29,"MDB, PMN, PSDB, PSD, PMB, PODE, PROS, PRTB, AGIR, PTB, PP, DC, REPUBLICANOS, PSC, UNIÃO",6,PODE,AP,26801,423017,0.06335679180742144,0,8,0.0,0.5068543344593716,0.12566010588016244,-0.5068543344593716,0.38119422857920915,-0.12566010588016244,-5.660581199864246,0.7249222316863858,-4.93565896817786,-214408//423017,17643107492743//46283773913636,-13748913//109413508,accounting attribution; not an independent causal effect
ideological/2022/15-29,ideological/2022/15-29,ideological/2022/15-29,ideological/2022/15-29,focal,ideological,all_parties,0,0,4,11,4,2022,Ideological 2022/MDB-UNIÃO,Ideological 2022/MDB-UNIÃO,,,,,,15,29,MDB,UNIÃO,true,endpoint-minimal,false,true,true,true,false,ideological/2022/15-29,"MDB, PMN, PSDB, PSD, PMB, PODE, PROS, PRTB, AGIR, PTB, PP, DC, REPUBLICANOS, PSC, UNIÃO",6,PODE,BA,176466,7958431,0.0221734661015469,1,39,0.02564102564102564,0.8647651779603291,0.8273846589399181,0.13523482203967088,0.03738051902041102,0.17261534106008192,-5.660581199864246,0.7249222316863858,-4.93565896817786,82789//612187,1251902126169//33490763610998,9443225//54706754,accounting attribution; not an independent causal effect
ideological/2022/15-29,ideological/2022/15-29,ideological/2022/15-29,ideological/2022/15-29,focal,ideological,all_parties,0,0,4,11,4,2022,Ideological 2022/MDB-UNIÃO,Ideological 2022/MDB-UNIÃO,,,,,,15,29,MDB,UNIÃO,true,endpoint-minimal,false,true,true,true,false,ideological/2022/15-29,"MDB, PMN, PSDB, PSD, PMB, PODE, PROS, PRTB, AGIR, PTB, PP, DC, REPUBLICANOS, PSC, UNIÃO",6,PODE,CE,5701,5083860,0.0011213920131553582,0,22,0.0,0.024670624289417884,0.026729907974434017,-0.024670624289417884,-0.0020592836850161327,-0.026729907974434017,-5.660581199864246,0.7249222316863858,-4.93565896817786,-62711//2541930,-286365511451//139060739195220,-2924613//109413508,accounting attribution; not an independent causal effect
ideological/2022/15-29,ideological/2022/15-29,ideological/2022/15-29,ideological/2022/15-29,focal,ideological,all_parties,0,0,4,11,4,2022,Ideological 2022/MDB-UNIÃO,Ideological 2022/MDB-UNIÃO,,,,,,15,29,MDB,UNIÃO,true,endpoint-minimal,false,true,true,true,false,ideological/2022/15-29,"MDB, PMN, PSDB, PSD, PMB, PODE, PROS, PRTB, AGIR, PTB, PP, DC, REPUBLICANOS, PSC, UNIÃO",6,PODE,DF,9516,1607519,0.005919681198169353,0,8,0.0,0.04735744958535482,0.04461705039198634,-0.04735744958535482,0.002740399193368488,-0.04461705039198634,-5.660581199864246,0.7249222316863858,-4.93565896817786,-76128//1607519,120498293643//43971073241663,-1220427//27353377,accounting attribution; not an independent causal effect
ideological/2022/15-29,ideological/2022/15-29,ideological/2022/15-29,ideological/2022/15-29,focal,ideological,all_parties,0,0,4,11,4,2022,Ideological 2022/MDB-UNIÃO,Ideological 2022/MDB-UNIÃO,,,,,,15,29,MDB,UNIÃO,true,endpoint-minimal,false,true,true,true,false,ideological/2022/15-29,"MDB, PMN, PSDB, PSD, PMB, PODE, PROS, PRTB, AGIR, PTB, PP, DC, REPUBLICANOS, PSC, UNIÃO",6,PODE,ES,193999,2084430,0.09307052767423228,2,10,0.2,0.9307052767423228,0.9095904959011094,1.069294723257677,0.021114780841213446,1.0904095040988906,-5.660581199864246,0.7249222316863858,-4.93565896817786,222887//208443,481553823751//22806479848044,119305529//109413508,accounting attribution; not an independent causal effect
ideological/2022/15-29,ideological/2022/15-29,ideological/2022/15-29,ideological/2022/15-29,focal,ideological,all_parties,0,0,4,11,4,2022,Ideological 2022/MDB-UNIÃO,Ideological 2022/MDB-UNIÃO,,,,,,15,29,MDB,UNIÃO,true,endpoint-minimal,false,true,true,true,false,ideological/2022/15-29,"MDB, PMN, PSDB, PSD, PMB, PODE, PROS, PRTB, AGIR, PTB, PP, DC, REPUBLICANOS, PSC, UNIÃO",6,PODE,GO,20644,3439644,0.006001783905543713,0,17,0.0,0.10203032639424313,0.09679218035857144,-0.10203032639424313,0.005238146035671677,-0.09679218035857144,-5.660581199864246,0.7249222316863858,-4.93565896817786,-397//3891,557506306//106431989907,-2647593//27353377,accounting attribution; not an independent causal effect
ideological/2022/15-29,ideological/2022/15-29,ideological/2022/15-29,ideological/2022/15-29,focal,ideological,all_parties,0,0,4,11,4,2022,Ideological 2022/MDB-UNIÃO,Ideological 2022/MDB-UNIÃO,,,,,,15,29,MDB,UNIÃO,true,endpoint-minimal,false,true,true,true,false,ideological/2022/15-29,"MDB, PMN, PSDB, PSD, PMB, PODE, PROS, PRTB, AGIR, PTB, PP, DC, REPUBLICANOS, PSC, UNIÃO",6,PODE,MA,224407,3707930,0.06052082968125073,1,18,0.05555555555555555,1.089374934262513,1.0521625081246824,-0.08937493426251304,0.03721242613783067,-0.05216250812468237,-5.660581199864246,0.7249222316863858,-4.93565896817786,-165698//1853965,7548496521489//202848814359220,-5707283//109413508,accounting attribution; not an independent causal effect
ideological/2022/15-29,ideological/2022/15-29,ideological/2022/15-29,ideological/2022/15-29,focal,ideological,all_parties,0,0,4,11,4,2022,Ideological 2022/MDB-UNIÃO,Ideological 2022/MDB-UNIÃO,,,,,,15,29,MDB,UNIÃO,true,endpoint-minimal,false,true,true,true,false,ideological/2022/15-29,"MDB, PMN, PSDB, PSD, PMB, PODE, PROS, PRTB, AGIR, PTB, PP, DC, REPUBLICANOS, PSC, UNIÃO",6,PODE,MG,338977,11181098,0.030316968870141375,2,53,0.03773584905660377,1.6067993501174929,1.5893394168478723,0.3932006498825071,0.017459933269620732,0.4106605831521278,-5.660581199864246,0.7249222316863858,-4.93565896817786,4396415//11181098,10679919529525//611681577735892,44931815//109413508,accounting attribution; not an independent causal effect
ideological/2022/15-29,ideological/2022/15-29,ideological/2022/15-29,ideological/2022/15-29,focal,ideological,all_parties,0,0,4,11,4,2022,Ideological 2022/MDB-UNIÃO,Ideological 2022/MDB-UNIÃO,,,,,,15,29,MDB,UNIÃO,true,endpoint-minimal,false,true,true,true,false,ideological/2022/15-29,"MDB, PMN, PSDB, PSD, PMB, PODE, PROS, PRTB, AGIR, PTB, PP, DC, REPUBLICANOS, PSC, UNIÃO",6,PODE,MS,63976,1374808,0.04653449790807153,0,8,0.0,0.37227598326457223,0.29996011095814606,-0.37227598326457223,0.07231587230642617,-0.29996011095814606,-5.660581199864246,0.7249222316863858,-4.93565896817786,-63976//171851,339935596330//4700705190827,-8204922//27353377,accounting attribution; not an independent causal effect
ideological/2022/15-29,ideological/2022/15-29,ideological/2022/15-29,ideological/2022/15-29,focal,ideological,all_parties,0,0,4,11,4,2022,Ideological 2022/MDB-UNIÃO,Ideological 2022/MDB-UNIÃO,,,,,,15,29,MDB,UNIÃO,true,endpoint-minimal,false,true,true,true,false,ideological/2022/15-29,"MDB, PMN, PSDB, PSD, PMB, PODE, PROS, PRTB, AGIR, PTB, PP, DC, REPUBLICANOS, PSC, UNIÃO",6,PODE,MT,10386,1730277,0.006002507113022944,0,8,0.0,0.04802005690418355,0.04869616281748319,-0.04802005690418355,-0.0006761059132996443,-0.04869616281748319,-5.660581199864246,0.7249222316863858,-4.93565896817786,-9232//192253,-7110969349//10517537576762,-2664009//54706754,accounting attribution; not an independent causal effect
ideological/2022/15-29,ideological/2022/15-29,ideological/2022/15-29,ideological/2022/15-29,focal,ideological,all_parties,0,0,4,11,4,2022,Ideological 2022/MDB-UNIÃO,Ideological 2022/MDB-UNIÃO,,,,,,15,29,MDB,UNIÃO,true,endpoint-minimal,false,true,true,true,false,ideological/2022/15-29,"MDB, PMN, PSDB, PSD, PMB, PODE, PROS, PRTB, AGIR, PTB, PP, DC, REPUBLICANOS, PSC, UNIÃO",6,PODE,PA,69219,4521516,0.015308803507496159,0,17,0.0,0.2602496596274347,0.3245426241154794,-0.2602496596274347,-0.06429296448804472,-0.3245426241154794,-5.660581199864246,0.7249222316863858,-4.93565896817786,-392241//1507172,-1325278718157//20613121959922,-35509347//109413508,accounting attribution; not an independent causal effect
ideological/2022/15-29,ideological/2022/15-29,ideological/2022/15-29,ideological/2022/15-29,focal,ideological,all_parties,0,0,4,11,4,2022,Ideological 2022/MDB-UNIÃO,Ideological 2022/MDB-UNIÃO,,,,,,15,29,MDB,UNIÃO,true,endpoint-minimal,false,true,true,true,false,ideological/2022/15-29,"MDB, PMN, PSDB, PSD, PMB, PODE, PROS, PRTB, AGIR, PTB, PP, DC, REPUBLICANOS, PSC, UNIÃO",6,PODE,PB,1580,2209355,0.000715140844273555,0,12,0.0,0.00858169013128266,0.0074080432555000434,-0.00858169013128266,0.0011736468757826163,-0.0074080432555000434,-5.660581199864246,0.7249222316863858,-4.93565896817786,-3792//441871,14185475499//12086664048367,-202635//27353377,accounting attribution; not an independent causal effect
ideological/2022/15-29,ideological/2022/15-29,ideological/2022/15-29,ideological/2022/15-29,focal,ideological,all_parties,0,0,4,11,4,2022,Ideological 2022/MDB-UNIÃO,Ideological 2022/MDB-UNIÃO,,,,,,15,29,MDB,UNIÃO,true,endpoint-minimal,false,true,true,true,false,ideological/2022/15-29,"MDB, PMN, PSDB, PSD, PMB, PODE, PROS, PRTB, AGIR, PTB, PP, DC, REPUBLICANOS, PSC, UNIÃO",6,PODE,PE,156384,4969863,0.0314664609467102,0,25,0.0,0.786661523667755,0.7332274914355181,-0.786661523667755,0.05343403223223685,-0.7332274914355181,-5.660581199864246,0.7249222316863858,-4.93565896817786,-144800//184069,269035476488//5034908751013,-20056248//27353377,accounting attribution; not an independent causal effect
ideological/2022/15-29,ideological/2022/15-29,ideological/2022/15-29,ideological/2022/15-29,focal,ideological,all_parties,0,0,4,11,4,2022,Ideological 2022/MDB-UNIÃO,Ideological 2022/MDB-UNIÃO,,,,,,15,29,MDB,UNIÃO,true,endpoint-minimal,false,true,true,true,false,ideological/2022/15-29,"MDB, PMN, PSDB, PSD, PMB, PODE, PROS, PRTB, AGIR, PTB, PP, DC, REPUBLICANOS, PSC, UNIÃO",6,PODE,PI,12238,1957483,0.00625190614682222,0,10,0.0,0.0625190614682222,0.05737951478532249,-0.0625190614682222,0.005139546682899717,-0.05737951478532249,-5.660581199864246,0.7249222316863858,-4.93565896817786,-122380//1957483,550381415819//107087540940182,-3139047//54706754,accounting attribution; not an independent causal effect
ideological/2022/15-29,ideological/2022/15-29,ideological/2022/15-29,ideological/2022/15-29,focal,ideological,all_parties,0,0,4,11,4,2022,Ideological 2022/MDB-UNIÃO,Ideological 2022/MDB-UNIÃO,,,,,,15,29,MDB,UNIÃO,true,endpoint-minimal,false,true,true,true,false,ideological/2022/15-29,"MDB, PMN, PSDB, PSD, PMB, PODE, PROS, PRTB, AGIR, PTB, PP, DC, REPUBLICANOS, PSC, UNIÃO",6,PODE,PR,429991,6038642,0.07120657260357544,1,30,0.03333333333333333,2.1361971781072633,2.0160708401745056,-1.1361971781072633,0.1201263379327575,-1.0160708401745058,-5.660581199864246,0.7249222316863858,-4.93565896817786,-3430544//3019321,39684276591477//330354502388068,-111171875//109413508,accounting attribution; not an independent causal effect
ideological/2022/15-29,ideological/2022/15-29,ideological/2022/15-29,ideological/2022/15-29,focal,ideological,all_parties,0,0,4,11,4,2022,Ideological 2022/MDB-UNIÃO,Ideological 2022/MDB-UNIÃO,,,,,,15,29,MDB,UNIÃO,true,endpoint-minimal,false,true,true,true,false,ideological/2022/15-29,"MDB, PMN, PSDB, PSD, PMB, PODE, PROS, PRTB, AGIR, PTB, PP, DC, REPUBLICANOS, PSC, UNIÃO",6,PODE,RJ,267667,8575988,0.031211214381363407,1,46,0.021739130434782608,1.4357158615427168,1.2549928570062847,-0.4357158615427167,0.1807230045364319,-0.2549928570062848,-5.660581199864246,0.7249222316863858,-4.93565896817786,-1868347//4287994,42394405942627//234582232911476,-27899663//109413508,accounting attribution; not an independent causal effect
ideological/2022/15-29,ideological/2022/15-29,ideological/2022/15-29,ideological/2022/15-29,focal,ideological,all_parties,0,0,4,11,4,2022,Ideological 2022/MDB-UNIÃO,Ideological 2022/MDB-UNIÃO,,,,,,15,29,MDB,UNIÃO,true,endpoint-minimal,false,true,true,true,false,ideological/2022/15-29,"MDB, PMN, PSDB, PSD, PMB, PODE, PROS, PRTB, AGIR, PTB, PP, DC, REPUBLICANOS, PSC, UNIÃO",6,PODE,RN,14042,1864825,0.007529929081817328,0,8,0.0,0.06023943265453863,0.06583781227451367,-0.06023943265453863,-0.005598379619975044,-0.06583781227451367,-5.660581199864246,0.7249222316863858,-4.93565896817786,-112336//1864825,-571138417381//102018522528050,-3601773//54706754,accounting attribution; not an independent causal effect
ideological/2022/15-29,ideological/2022/15-29,ideological/2022/15-29,ideological/2022/15-29,focal,ideological,all_parties,0,0,4,11,4,2022,Ideological 2022/MDB-UNIÃO,Ideological 2022/MDB-UNIÃO,,,,,,15,29,MDB,UNIÃO,true,endpoint-minimal,false,true,true,true,false,ideological/2022/15-29,"MDB, PMN, PSDB, PSD, PMB, PODE, PROS, PRTB, AGIR, PTB, PP, DC, REPUBLICANOS, PSC, UNIÃO",6,PODE,RO,77507,869148,0.08917583656638454,0,8,0.0,0.7134066925310764,0.3634020307620518,-0.7134066925310764,0.3500046617690246,-0.3634020307620518,-5.660581199864246,0.7249222316863858,-4.93565896817786,-155014//217287,8321057348995//23774132912796,-39761091//109413508,accounting attribution; not an independent causal effect
ideological/2022/15-29,ideological/2022/15-29,ideological/2022/15-29,ideological/2022/15-29,focal,ideological,all_parties,0,0,4,11,4,2022,Ideological 2022/MDB-UNIÃO,Ideological 2022/MDB-UNIÃO,,,,,,15,29,MDB,UNIÃO,true,endpoint-minimal,false,true,true,true,false,ideological/2022/15-29,"MDB, PMN, PSDB, PSD, PMB, PODE, PROS, PRTB, AGIR, PTB, PP, DC, REPUBLICANOS, PSC, UNIÃO",6,PODE,RR,16201,291714,0.05553727280829854,0,8,0.0,0.4442981824663883,0.07596057517870645,-0.4442981824663883,0.36833760728768183,-0.07596057517870645,-5.660581199864246,0.7249222316863858,-4.93565896817786,-64804//145857,5878198963591//15958726036356,-8311113//109413508,accounting attribution; not an independent causal effect
ideological/2022/15-29,ideological/2022/15-29,ideological/2022/15-29,ideological/2022/15-29,focal,ideological,all_parties,0,0,4,11,4,2022,Ideological 2022/MDB-UNIÃO,Ideological 2022/MDB-UNIÃO,,,,,,15,29,MDB,UNIÃO,true,endpoint-minimal,false,true,true,true,false,ideological/2022/15-29,"MDB, PMN, PSDB, PSD, PMB, PODE, PROS, PRTB, AGIR, PTB, PP, DC, REPUBLICANOS, PSC, UNIÃO",6,PODE,RS,318850,6149822,0.05184702906848361,1,31,0.03225806451612903,1.607257901122992,1.4949712607697396,-0.6072579011229918,0.11228664035325216,-0.4949712607697397,-5.660581199864246,0.7249222316863858,-4.93565896817786,-266752//439273,2698382706025//24031199949842,-27078271//54706754,accounting attribution; not an independent causal effect
ideological/2022/15-29,ideological/2022/15-29,ideological/2022/15-29,ideological/2022/15-29,focal,ideological,all_parties,0,0,4,11,4,2022,Ideological 2022/MDB-UNIÃO,Ideological 2022/MDB-UNIÃO,,,,,,15,29,MDB,UNIÃO,true,endpoint-minimal,false,true,true,true,false,ideological/2022/15-29,"MDB, PMN, PSDB, PSD, PMB, PODE, PROS, PRTB, AGIR, PTB, PP, DC, REPUBLICANOS, PSC, UNIÃO",6,PODE,SC,185454,3969848,0.046715642513264995,0,16,0.0,0.7474502802122399,0.8695261100667753,-0.7474502802122399,-0.12207582985453544,-0.8695261100667753,-5.660581199864246,0.7249222316863858,-4.93565896817786,-370908//496231,-3314015411049//27147187244174,-47568951//54706754,accounting attribution; not an independent causal effect
ideological/2022/15-29,ideological/2022/15-29,ideological/2022/15-29,ideological/2022/15-29,focal,ideological,all_parties,0,0,4,11,4,2022,Ideological 2022/MDB-UNIÃO,Ideological 2022/MDB-UNIÃO,,,,,,15,29,MDB,UNIÃO,true,endpoint-minimal,false,true,true,true,false,ideological/2022/15-29,"MDB, PMN, PSDB, PSD, PMB, PODE, PROS, PRTB, AGIR, PTB, PP, DC, REPUBLICANOS, PSC, UNIÃO",6,PODE,SE,6062,1191617,0.005087205033160823,0,8,0.0,0.040697640265286585,0.02842250519926662,-0.040697640265286585,0.01227513506601996,-0.02842250519926662,-5.660581199864246,0.7249222316863858,-4.93565896817786,-6928//170231,114315699119//9312785440174,-1554903//54706754,accounting attribution; not an independent causal effect
ideological/2022/15-29,ideological/2022/15-29,ideological/2022/15-29,ideological/2022/15-29,focal,ideological,all_parties,0,0,4,11,4,2022,Ideological 2022/MDB-UNIÃO,Ideological 2022/MDB-UNIÃO,,,,,,15,29,MDB,UNIÃO,true,endpoint-minimal,false,true,true,true,false,ideological/2022/15-29,"MDB, PMN, PSDB, PSD, PMB, PODE, PROS, PRTB, AGIR, PTB, PP, DC, REPUBLICANOS, PSC, UNIÃO",6,PODE,SP,892443,23321040,0.038267718763828715,3,70,0.04285714285714286,2.67874031346801,4.184339460169762,0.32125968653199,-1.5055991467017527,-1.1843394601697625,-5.660581199864246,0.7249222316863858,-4.93565896817786,249737//777368,-32014518197219//21263639971736,-129582735//109413508,accounting attribution; not an independent causal effect
ideological/2022/15-29,ideological/2022/15-29,ideological/2022/15-29,ideological/2022/15-29,focal,ideological,all_parties,0,0,4,11,4,2022,Ideological 2022/MDB-UNIÃO,Ideological 2022/MDB-UNIÃO,,,,,,15,29,MDB,UNIÃO,true,endpoint-minimal,false,true,true,true,false,ideological/2022/15-29,"MDB, PMN, PSDB, PSD, PMB, PODE, PROS, PRTB, AGIR, PTB, PP, DC, REPUBLICANOS, PSC, UNIÃO",6,PODE,TO,72312,830140,0.08710819861710073,0,8,0.0,0.6968655889368058,0.3390445720833665,-0.6968655889368058,0.3578210168534393,-0.3390445720833665,-5.660581199864246,0.7249222316863858,-4.93565896817786,-144624//207535,2031272299758//5676783095695,-9274014//27353377,accounting attribution; not an independent causal effect
ideological/2022/15-29,ideological/2022/15-29,ideological/2022/15-29,ideological/2022/15-29,focal,ideological,all_parties,0,0,4,11,4,2022,Ideological 2022/MDB-UNIÃO,Ideological 2022/MDB-UNIÃO,,,,,,15,29,MDB,UNIÃO,true,endpoint-minimal,false,true,true,true,false,ideological/2022/15-29,"MDB, PMN, PSDB, PSD, PMB, PODE, PROS, PRTB, AGIR, PTB, PP, DC, REPUBLICANOS, PSC, UNIÃO",7,PROS,AC,1369,434253,0.0031525401091069033,0,8,0.0,0.025220320872855227,0.006418741276442759,-0.025220320872855227,0.018801579596412467,-0.006418741276442759,-1.025547842826308,0.27622931261338407,-0.7493185302129239,-10952//434253,893322160475//47513144089524,-702297//109413508,accounting attribution; not an independent causal effect
ideological/2022/15-29,ideological/2022/15-29,ideological/2022/15-29,ideological/2022/15-29,focal,ideological,all_parties,0,0,4,11,4,2022,Ideological 2022/MDB-UNIÃO,Ideological 2022/MDB-UNIÃO,,,,,,15,29,MDB,UNIÃO,true,endpoint-minimal,false,true,true,true,false,ideological/2022/15-29,"MDB, PMN, PSDB, PSD, PMB, PODE, PROS, PRTB, AGIR, PTB, PP, DC, REPUBLICANOS, PSC, UNIÃO",7,PROS,AL,121,1650763,7.329943789629402e-5,0,9,0.0,0.0006596949410666461,0.0005673248315920919,-0.0006596949410666461,9.237010947455424e-5,-0.0005673248315920919,-1.025547842826308,0.27622931261338407,-0.7493185302129239,-1089//1650763,16683498513//180615770706604,-62073//109413508,accounting attribution; not an independent causal effect
ideological/2022/15-29,ideological/2022/15-29,ideological/2022/15-29,ideological/2022/15-29,focal,ideological,all_parties,0,0,4,11,4,2022,Ideological 2022/MDB-UNIÃO,Ideological 2022/MDB-UNIÃO,,,,,,15,29,MDB,UNIÃO,true,endpoint-minimal,false,true,true,true,false,ideological/2022/15-29,"MDB, PMN, PSDB, PSD, PMB, PODE, PROS, PRTB, AGIR, PTB, PP, DC, REPUBLICANOS, PSC, UNIÃO",7,PROS,AM,2358,1976477,0.0011930318440336013,0,8,0.0,0.00954425475226881,0.011055801263588039,-0.00954425475226881,-0.0015115465113192293,-0.011055801263588039,-1.025547842826308,0.27622931261338407,-0.7493185302129239,-18864//1976477,-163438447023//108126641025658,-604827//54706754,accounting attribution; not an independent causal effect
ideological/2022/15-29,ideological/2022/15-29,ideological/2022/15-29,ideological/2022/15-29,focal,ideological,all_parties,0,0,4,11,4,2022,Ideological 2022/MDB-UNIÃO,Ideological 2022/MDB-UNIÃO,,,,,,15,29,MDB,UNIÃO,true,endpoint-minimal,false,true,true,true,false,ideological/2022/15-29,"MDB, PMN, PSDB, PSD, PMB, PODE, PROS, PRTB, AGIR, PTB, PP, DC, REPUBLICANOS, PSC, UNIÃO",7,PROS,AP,0,423017,0.0,0,8,0.0,0.0,0.0,0.0,0.0,0.0,-1.025547842826308,0.27622931261338407,-0.7493185302129239,0//1,0//1,0//1,accounting attribution; not an independent causal effect
ideological/2022/15-29,ideological/2022/15-29,ideological/2022/15-29,ideological/2022/15-29,focal,ideological,all_parties,0,0,4,11,4,2022,Ideological 2022/MDB-UNIÃO,Ideological 2022/MDB-UNIÃO,,,,,,15,29,MDB,UNIÃO,true,endpoint-minimal,false,true,true,true,false,ideological/2022/15-29,"MDB, PMN, PSDB, PSD, PMB, PODE, PROS, PRTB, AGIR, PTB, PP, DC, REPUBLICANOS, PSC, UNIÃO",7,PROS,BA,9577,7958431,0.0012033779020010351,0,39,0.0,0.04693173817804037,0.0449030571252683,-0.04693173817804037,0.0020286810527720715,-0.0449030571252683,-1.025547842826308,0.27622931261338407,-0.7493185302129239,-28731//612187,135884155161//66981527221996,-4913001//109413508,accounting attribution; not an independent causal effect
ideological/2022/15-29,ideological/2022/15-29,ideological/2022/15-29,ideological/2022/15-29,focal,ideological,all_parties,0,0,4,11,4,2022,Ideological 2022/MDB-UNIÃO,Ideological 2022/MDB-UNIÃO,,,,,,15,29,MDB,UNIÃO,true,endpoint-minimal,false,true,true,true,false,ideological/2022/15-29,"MDB, PMN, PSDB, PSD, PMB, PODE, PROS, PRTB, AGIR, PTB, PP, DC, REPUBLICANOS, PSC, UNIÃO",7,PROS,CE,3722,5083860,0.0007321208687886764,0,22,0.0,0.01610665911335088,0.01745109936517162,-0.01610665911335088,-0.0013444402518207413,-0.01745109936517162,-1.025547842826308,0.27622931261338407,-0.7493185302129239,-20471//1270965,-93479427611//69530369597610,-954693//54706754,accounting attribution; not an independent causal effect
ideological/2022/15-29,ideological/2022/15-29,ideological/2022/15-29,ideological/2022/15-29,focal,ideological,all_parties,0,0,4,11,4,2022,Ideological 2022/MDB-UNIÃO,Ideological 2022/MDB-UNIÃO,,,,,,15,29,MDB,UNIÃO,true,endpoint-minimal,false,true,true,true,false,ideological/2022/15-29,"MDB, PMN, PSDB, PSD, PMB, PODE, PROS, PRTB, AGIR, PTB, PP, DC, REPUBLICANOS, PSC, UNIÃO",7,PROS,DF,5765,1607519,0.0035862717641284487,0,8,0.0,0.02869017411302759,0.027029980612631486,-0.02869017411302759,0.0016601935003961049,-0.027029980612631486,-1.025547842826308,0.27622931261338407,-0.7493185302129239,-46120//1607519,292001960005//175884292966652,-2957445//109413508,accounting attribution; not an independent causal effect
ideological/2022/15-29,ideological/2022/15-29,ideological/2022/15-29,ideological/2022/15-29,focal,ideological,all_parties,0,0,4,11,4,2022,Ideological 2022/MDB-UNIÃO,Ideological 2022/MDB-UNIÃO,,,,,,15,29,MDB,UNIÃO,true,endpoint-minimal,false,true,true,true,false,ideological/2022/15-29,"MDB, PMN, PSDB, PSD, PMB, PODE, PROS, PRTB, AGIR, PTB, PP, DC, REPUBLICANOS, PSC, UNIÃO",7,PROS,ES,534,2084430,0.0002561851441401246,0,10,0.0,0.0025618514414012463,0.0025037310749601413,-0.0025618514414012463,5.812036644110526e-5,-0.0025037310749601413,-1.025547842826308,0.27622931261338407,-0.7493185302129239,-178//69481,220920161//3801079974674,-136971//54706754,accounting attribution; not an independent causal effect
ideological/2022/15-29,ideological/2022/15-29,ideological/2022/15-29,ideological/2022/15-29,focal,ideological,all_parties,0,0,4,11,4,2022,Ideological 2022/MDB-UNIÃO,Ideological 2022/MDB-UNIÃO,,,,,,15,29,MDB,UNIÃO,true,endpoint-minimal,false,true,true,true,false,ideological/2022/15-29,"MDB, PMN, PSDB, PSD, PMB, PODE, PROS, PRTB, AGIR, PTB, PP, DC, REPUBLICANOS, PSC, UNIÃO",7,PROS,GO,32078,3439644,0.009325965128949391,0,17,0.0,0.15854140719213966,0.1504020326265382,-0.15854140719213966,0.008139374565601437,-0.1504020326265382,-1.025547842826308,0.27622931261338407,-0.7493185302129239,-16039//101166,11261767811//1383615868791,-8228007//54706754,accounting attribution; not an independent causal effect
ideological/2022/15-29,ideological/2022/15-29,ideological/2022/15-29,ideological/2022/15-29,focal,ideological,all_parties,0,0,4,11,4,2022,Ideological 2022/MDB-UNIÃO,Ideological 2022/MDB-UNIÃO,,,,,,15,29,MDB,UNIÃO,true,endpoint-minimal,false,true,true,true,false,ideological/2022/15-29,"MDB, PMN, PSDB, PSD, PMB, PODE, PROS, PRTB, AGIR, PTB, PP, DC, REPUBLICANOS, PSC, UNIÃO",7,PROS,MA,8069,3707930,0.002176146798887789,0,18,0.0,0.039170642379980206,0.03783259558774041,-0.039170642379980206,0.001338046792239795,-0.03783259558774041,-1.025547842826308,0.27622931261338407,-0.7493185302129239,-72621//1853965,271421205363//202848814359220,-4139397//109413508,accounting attribution; not an independent causal effect
ideological/2022/15-29,ideological/2022/15-29,ideological/2022/15-29,ideological/2022/15-29,focal,ideological,all_parties,0,0,4,11,4,2022,Ideological 2022/MDB-UNIÃO,Ideological 2022/MDB-UNIÃO,,,,,,15,29,MDB,UNIÃO,true,endpoint-minimal,false,true,true,true,false,ideological/2022/15-29,"MDB, PMN, PSDB, PSD, PMB, PODE, PROS, PRTB, AGIR, PTB, PP, DC, REPUBLICANOS, PSC, UNIÃO",7,PROS,MG,185985,11181098,0.01663387620786438,1,53,0.018867924528301886,0.8815954390168121,0.87201577523682,0.11840456098318787,0.009579663779992188,0.12798422476318005,-1.025547842826308,0.27622931261338407,-0.7493185302129239,1323893//11181098,5859703855125//611681577735892,14003203//109413508,accounting attribution; not an independent causal effect
ideological/2022/15-29,ideological/2022/15-29,ideological/2022/15-29,ideological/2022/15-29,focal,ideological,all_parties,0,0,4,11,4,2022,Ideological 2022/MDB-UNIÃO,Ideological 2022/MDB-UNIÃO,,,,,,15,29,MDB,UNIÃO,true,endpoint-minimal,false,true,true,true,false,ideological/2022/15-29,"MDB, PMN, PSDB, PSD, PMB, PODE, PROS, PRTB, AGIR, PTB, PP, DC, REPUBLICANOS, PSC, UNIÃO",7,PROS,MS,2264,1374808,0.0016467754042746334,0,8,0.0,0.013174203234197067,0.010615069576235505,-0.013174203234197067,0.0025591336579615614,-0.010615069576235505,-1.025547842826308,0.27622931261338407,-0.7493185302129239,-2264//171851,12029732870//4700705190827,-290358//27353377,accounting attribution; not an independent causal effect
ideological/2022/15-29,ideological/2022/15-29,ideological/2022/15-29,ideological/2022/15-29,focal,ideological,all_parties,0,0,4,11,4,2022,Ideological 2022/MDB-UNIÃO,Ideological 2022/MDB-UNIÃO,,,,,,15,29,MDB,UNIÃO,true,endpoint-minimal,false,true,true,true,false,ideological/2022/15-29,"MDB, PMN, PSDB, PSD, PMB, PODE, PROS, PRTB, AGIR, PTB, PP, DC, REPUBLICANOS, PSC, UNIÃO",7,PROS,MT,12520,1730277,0.007235835649436477,0,8,0.0,0.05788668519549182,0.05870170984738009,-0.05788668519549182,-0.0008150246518882676,-0.05870170984738009,-1.025547842826308,0.27622931261338407,-0.7493185302129239,-100160//1730277,-38574235810//47328919095429,-1605690//27353377,accounting attribution; not an independent causal effect
ideological/2022/15-29,ideological/2022/15-29,ideological/2022/15-29,ideological/2022/15-29,focal,ideological,all_parties,0,0,4,11,4,2022,Ideological 2022/MDB-UNIÃO,Ideological 2022/MDB-UNIÃO,,,,,,15,29,MDB,UNIÃO,true,endpoint-minimal,false,true,true,true,false,ideological/2022/15-29,"MDB, PMN, PSDB, PSD, PMB, PODE, PROS, PRTB, AGIR, PTB, PP, DC, REPUBLICANOS, PSC, UNIÃO",7,PROS,PA,1856,4521516,0.0004104817941593041,0,17,0.0,0.00697819050070817,0.008702106507726633,-0.00697819050070817,-0.0017239160070184633,-0.008702106507726633,-1.025547842826308,0.27622931261338407,-0.7493185302129239,-7888//1130379,-53302936352//30919682939883,-238032//27353377,accounting attribution; not an independent causal effect
ideological/2022/15-29,ideological/2022/15-29,ideological/2022/15-29,ideological/2022/15-29,focal,ideological,all_parties,0,0,4,11,4,2022,Ideological 2022/MDB-UNIÃO,Ideological 2022/MDB-UNIÃO,,,,,,15,29,MDB,UNIÃO,true,endpoint-minimal,false,true,true,true,false,ideological/2022/15-29,"MDB, PMN, PSDB, PSD, PMB, PODE, PROS, PRTB, AGIR, PTB, PP, DC, REPUBLICANOS, PSC, UNIÃO",7,PROS,PB,448,2209355,0.00020277411280667887,0,12,0.0,0.0024332893536801463,0.0021005084673822905,-0.0024332893536801463,0.00033278088629785577,-0.0021005084673822905,-1.025547842826308,0.27622931261338407,-0.7493185302129239,-5376//2209355,20111053872//60433320241835,-57456//27353377,accounting attribution; not an independent causal effect
ideological/2022/15-29,ideological/2022/15-29,ideological/2022/15-29,ideological/2022/15-29,focal,ideological,all_parties,0,0,4,11,4,2022,Ideological 2022/MDB-UNIÃO,Ideological 2022/MDB-UNIÃO,,,,,,15,29,MDB,UNIÃO,true,endpoint-minimal,false,true,true,true,false,ideological/2022/15-29,"MDB, PMN, PSDB, PSD, PMB, PODE, PROS, PRTB, AGIR, PTB, PP, DC, REPUBLICANOS, PSC, UNIÃO",7,PROS,PE,0,4969863,0.0,0,25,0.0,0.0,0.0,0.0,0.0,0.0,-1.025547842826308,0.27622931261338407,-0.7493185302129239,0//1,0//1,0//1,accounting attribution; not an independent causal effect
ideological/2022/15-29,ideological/2022/15-29,ideological/2022/15-29,ideological/2022/15-29,focal,ideological,all_parties,0,0,4,11,4,2022,Ideological 2022/MDB-UNIÃO,Ideological 2022/MDB-UNIÃO,,,,,,15,29,MDB,UNIÃO,true,endpoint-minimal,false,true,true,true,false,ideological/2022/15-29,"MDB, PMN, PSDB, PSD, PMB, PODE, PROS, PRTB, AGIR, PTB, PP, DC, REPUBLICANOS, PSC, UNIÃO",7,PROS,PI,0,1957483,0.0,0,10,0.0,0.0,0.0,0.0,0.0,0.0,-1.025547842826308,0.27622931261338407,-0.7493185302129239,0//1,0//1,0//1,accounting attribution; not an independent causal effect
ideological/2022/15-29,ideological/2022/15-29,ideological/2022/15-29,ideological/2022/15-29,focal,ideological,all_parties,0,0,4,11,4,2022,Ideological 2022/MDB-UNIÃO,Ideological 2022/MDB-UNIÃO,,,,,,15,29,MDB,UNIÃO,true,endpoint-minimal,false,true,true,true,false,ideological/2022/15-29,"MDB, PMN, PSDB, PSD, PMB, PODE, PROS, PRTB, AGIR, PTB, PP, DC, REPUBLICANOS, PSC, UNIÃO",7,PROS,PR,214036,6038642,0.03544439296119889,1,30,0.03333333333333333,1.0633317888359668,1.0035366748317767,-0.06333178883596677,0.05979511400419005,-0.0035366748317767127,-1.025547842826308,0.27622931261338407,-0.7493185302129239,-191219//3019321,4938396283023//82588625597017,-96740//27353377,accounting attribution; not an independent causal effect
ideological/2022/15-29,ideological/2022/15-29,ideological/2022/15-29,ideological/2022/15-29,focal,ideological,all_parties,0,0,4,11,4,2022,Ideological 2022/MDB-UNIÃO,Ideological 2022/MDB-UNIÃO,,,,,,15,29,MDB,UNIÃO,true,endpoint-minimal,false,true,true,true,false,ideological/2022/15-29,"MDB, PMN, PSDB, PSD, PMB, PODE, PROS, PRTB, AGIR, PTB, PP, DC, REPUBLICANOS, PSC, UNIÃO",7,PROS,RJ,243889,8575988,0.028438589233100605,1,46,0.021739130434782608,1.3081751047226278,1.143506494645981,-0.3081751047226279,0.16466861007664688,-0.143506494645981,-1.025547842826308,0.27622931261338407,-0.7493185302129239,-1321453//4287994,38628330242209//234582232911476,-15701549//109413508,accounting attribution; not an independent causal effect
ideological/2022/15-29,ideological/2022/15-29,ideological/2022/15-29,ideological/2022/15-29,focal,ideological,all_parties,0,0,4,11,4,2022,Ideological 2022/MDB-UNIÃO,Ideological 2022/MDB-UNIÃO,,,,,,15,29,MDB,UNIÃO,true,endpoint-minimal,false,true,true,true,false,ideological/2022/15-29,"MDB, PMN, PSDB, PSD, PMB, PODE, PROS, PRTB, AGIR, PTB, PP, DC, REPUBLICANOS, PSC, UNIÃO",7,PROS,RN,0,1864825,0.0,0,8,0.0,0.0,0.0,0.0,0.0,0.0,-1.025547842826308,0.27622931261338407,-0.7493185302129239,0//1,0//1,0//1,accounting attribution; not an independent causal effect
ideological/2022/15-29,ideological/2022/15-29,ideological/2022/15-29,ideological/2022/15-29,focal,ideological,all_parties,0,0,4,11,4,2022,Ideological 2022/MDB-UNIÃO,Ideological 2022/MDB-UNIÃO,,,,,,15,29,MDB,UNIÃO,true,endpoint-minimal,false,true,true,true,false,ideological/2022/15-29,"MDB, PMN, PSDB, PSD, PMB, PODE, PROS, PRTB, AGIR, PTB, PP, DC, REPUBLICANOS, PSC, UNIÃO",7,PROS,RO,2258,869148,0.0025979464947281706,0,8,0.0,0.020783571957825365,0.010586937766404491,-0.020783571957825365,0.010196634191420874,-0.010586937766404491,-1.025547842826308,0.27622931261338407,-0.7493185302129239,-4516//217287,121208068265//11887066456398,-579177//54706754,accounting attribution; not an independent causal effect
ideological/2022/15-29,ideological/2022/15-29,ideological/2022/15-29,ideological/2022/15-29,focal,ideological,all_parties,0,0,4,11,4,2022,Ideological 2022/MDB-UNIÃO,Ideological 2022/MDB-UNIÃO,,,,,,15,29,MDB,UNIÃO,true,endpoint-minimal,false,true,true,true,false,ideological/2022/15-29,"MDB, PMN, PSDB, PSD, PMB, PODE, PROS, PRTB, AGIR, PTB, PP, DC, REPUBLICANOS, PSC, UNIÃO",7,PROS,RR,4561,291714,0.015635176919859863,0,8,0.0,0.1250814153588789,0.02138486410654158,-0.1250814153588789,0.10369655125233732,-0.02138486410654158,-1.025547842826308,0.27622931261338407,-0.7493185302129239,-18244//145857,1654864852351//15958726036356,-2339793//109413508,accounting attribution; not an independent causal effect
ideological/2022/15-29,ideological/2022/15-29,ideological/2022/15-29,ideological/2022/15-29,focal,ideological,all_parties,0,0,4,11,4,2022,Ideological 2022/MDB-UNIÃO,Ideological 2022/MDB-UNIÃO,,,,,,15,29,MDB,UNIÃO,true,endpoint-minimal,false,true,true,true,false,ideological/2022/15-29,"MDB, PMN, PSDB, PSD, PMB, PODE, PROS, PRTB, AGIR, PTB, PP, DC, REPUBLICANOS, PSC, UNIÃO",7,PROS,RS,1264,6149822,0.00020553440408519142,0,31,0.0,0.0063715665266409335,0.005926434604400035,-0.0063715665266409335,0.00044513192224089924,-0.005926434604400035,-1.025547842826308,0.27622931261338407,-0.7493185302129239,-19592//3074911,37439689796//84109199824447,-162108//27353377,accounting attribution; not an independent causal effect
ideological/2022/15-29,ideological/2022/15-29,ideological/2022/15-29,ideological/2022/15-29,focal,ideological,all_parties,0,0,4,11,4,2022,Ideological 2022/MDB-UNIÃO,Ideological 2022/MDB-UNIÃO,,,,,,15,29,MDB,UNIÃO,true,endpoint-minimal,false,true,true,true,false,ideological/2022/15-29,"MDB, PMN, PSDB, PSD, PMB, PODE, PROS, PRTB, AGIR, PTB, PP, DC, REPUBLICANOS, PSC, UNIÃO",7,PROS,SC,4679,3969848,0.001178634547216921,0,16,0.0,0.018858152755470738,0.021938123033218165,-0.018858152755470738,-0.003079970277747427,-0.021938123033218165,-1.025547842826308,0.27622931261338407,-0.7493185302129239,-9358//496231,-167225059673//54294374488348,-2400327//109413508,accounting attribution; not an independent causal effect
ideological/2022/15-29,ideological/2022/15-29,ideological/2022/15-29,ideological/2022/15-29,focal,ideological,all_parties,0,0,4,11,4,2022,Ideological 2022/MDB-UNIÃO,Ideological 2022/MDB-UNIÃO,,,,,,15,29,MDB,UNIÃO,true,endpoint-minimal,false,true,true,true,false,ideological/2022/15-29,"MDB, PMN, PSDB, PSD, PMB, PODE, PROS, PRTB, AGIR, PTB, PP, DC, REPUBLICANOS, PSC, UNIÃO",7,PROS,SE,1732,1191617,0.0014534871523316636,0,8,0.0,0.011627897218653309,0.008120715771219034,-0.011627897218653309,0.0035071814474342744,-0.008120715771219034,-1.025547842826308,0.27622931261338407,-0.7493185302129239,-13856//1191617,114315699119//32594749040609,-222129//27353377,accounting attribution; not an independent causal effect
ideological/2022/15-29,ideological/2022/15-29,ideological/2022/15-29,ideological/2022/15-29,focal,ideological,all_parties,0,0,4,11,4,2022,Ideological 2022/MDB-UNIÃO,Ideological 2022/MDB-UNIÃO,,,,,,15,29,MDB,UNIÃO,true,endpoint-minimal,false,true,true,true,false,ideological/2022/15-29,"MDB, PMN, PSDB, PSD, PMB, PODE, PROS, PRTB, AGIR, PTB, PP, DC, REPUBLICANOS, PSC, UNIÃO",7,PROS,SP,60576,23321040,0.0025974827880746315,0,70,0.0,0.1818237951652242,0.2840187520539054,-0.1818237951652242,-0.10219495688868126,-0.2840187520539054,-1.025547842826308,0.27622931261338407,-0.7493185302129239,-17668//97171,-271629596276//2657954996467,-7768872//27353377,accounting attribution; not an independent causal effect
ideological/2022/15-29,ideological/2022/15-29,ideological/2022/15-29,ideological/2022/15-29,focal,ideological,all_parties,0,0,4,11,4,2022,Ideological 2022/MDB-UNIÃO,Ideological 2022/MDB-UNIÃO,,,,,,15,29,MDB,UNIÃO,true,endpoint-minimal,false,true,true,true,false,ideological/2022/15-29,"MDB, PMN, PSDB, PSD, PMB, PODE, PROS, PRTB, AGIR, PTB, PP, DC, REPUBLICANOS, PSC, UNIÃO",7,PROS,TO,0,830140,0.0,0,8,0.0,0.0,0.0,0.0,0.0,0.0,-1.025547842826308,0.27622931261338407,-0.7493185302129239,0//1,0//1,0//1,accounting attribution; not an independent causal effect
ideological/2022/15-29,ideological/2022/15-29,ideological/2022/15-29,ideological/2022/15-29,focal,ideological,all_parties,0,0,4,11,4,2022,Ideological 2022/MDB-UNIÃO,Ideological 2022/MDB-UNIÃO,,,,,,15,29,MDB,UNIÃO,true,endpoint-minimal,false,true,true,true,false,ideological/2022/15-29,"MDB, PMN, PSDB, PSD, PMB, PODE, PROS, PRTB, AGIR, PTB, PP, DC, REPUBLICANOS, PSC, UNIÃO",8,PRTB,AC,0,434253,0.0,0,8,0.0,0.0,0.0,0.0,0.0,0.0,-1.2433725603194772,0.12350616320149052,-1.1198663971179865,0//1,0//1,0//1,accounting attribution; not an independent causal effect
ideological/2022/15-29,ideological/2022/15-29,ideological/2022/15-29,ideological/2022/15-29,focal,ideological,all_parties,0,0,4,11,4,2022,Ideological 2022/MDB-UNIÃO,Ideological 2022/MDB-UNIÃO,,,,,,15,29,MDB,UNIÃO,true,endpoint-minimal,false,true,true,true,false,ideological/2022/15-29,"MDB, PMN, PSDB, PSD, PMB, PODE, PROS, PRTB, AGIR, PTB, PP, DC, REPUBLICANOS, PSC, UNIÃO",8,PRTB,AL,38,1650763,2.301965818230721e-5,0,9,0.0,0.00020717692364076492,0.00017816812892974788,-0.00020717692364076492,2.9008794711017036e-5,-0.00017816812892974788,-1.2433725603194772,0.12350616320149052,-1.1198663971179865,-342//1650763,2619722907//90307885353302,-9747//54706754,accounting attribution; not an independent causal effect
ideological/2022/15-29,ideological/2022/15-29,ideological/2022/15-29,ideological/2022/15-29,focal,ideological,all_parties,0,0,4,11,4,2022,Ideological 2022/MDB-UNIÃO,Ideological 2022/MDB-UNIÃO,,,,,,15,29,MDB,UNIÃO,true,endpoint-minimal,false,true,true,true,false,ideological/2022/15-29,"MDB, PMN, PSDB, PSD, PMB, PODE, PROS, PRTB, AGIR, PTB, PP, DC, REPUBLICANOS, PSC, UNIÃO",8,PRTB,AM,0,1976477,0.0,0,8,0.0,0.0,0.0,0.0,0.0,0.0,-1.2433725603194772,0.12350616320149052,-1.1198663971179865,0//1,0//1,0//1,accounting attribution; not an independent causal effect
ideological/2022/15-29,ideological/2022/15-29,ideological/2022/15-29,ideological/2022/15-29,focal,ideological,all_parties,0,0,4,11,4,2022,Ideological 2022/MDB-UNIÃO,Ideological 2022/MDB-UNIÃO,,,,,,15,29,MDB,UNIÃO,true,endpoint-minimal,false,true,true,true,false,ideological/2022/15-29,"MDB, PMN, PSDB, PSD, PMB, PODE, PROS, PRTB, AGIR, PTB, PP, DC, REPUBLICANOS, PSC, UNIÃO",8,PRTB,AP,804,423017,0.001900632835087006,0,8,0.0,0.015205062680696048,0.003769662517355718,-0.015205062680696048,0.01143540016334033,-0.003769662517355718,-1.2433725603194772,0.12350616320149052,-1.1198663971179865,-6432//423017,132318368943//11570943478409,-103113//27353377,accounting attribution; not an independent causal effect
ideological/2022/15-29,ideological/2022/15-29,ideological/2022/15-29,ideological/2022/15-29,focal,ideological,all_parties,0,0,4,11,4,2022,Ideological 2022/MDB-UNIÃO,Ideological 2022/MDB-UNIÃO,,,,,,15,29,MDB,UNIÃO,true,endpoint-minimal,false,true,true,true,false,ideological/2022/15-29,"MDB, PMN, PSDB, PSD, PMB, PODE, PROS, PRTB, AGIR, PTB, PP, DC, REPUBLICANOS, PSC, UNIÃO",8,PRTB,BA,3701,7958431,0.00046504141331375493,0,39,0.0,0.018136615119236442,0.017352638030763076,-0.018136615119236442,0.000783977088473367,-0.017352638030763076,-1.2433725603194772,0.12350616320149052,-1.1198663971179865,-11103//612187,52511982693//66981527221996,-1898613//109413508,accounting attribution; not an independent causal effect
ideological/2022/15-29,ideological/2022/15-29,ideological/2022/15-29,ideological/2022/15-29,focal,ideological,all_parties,0,0,4,11,4,2022,Ideological 2022/MDB-UNIÃO,Ideological 2022/MDB-UNIÃO,,,,,,15,29,MDB,UNIÃO,true,endpoint-minimal,false,true,true,true,false,ideological/2022/15-29,"MDB, PMN, PSDB, PSD, PMB, PODE, PROS, PRTB, AGIR, PTB, PP, DC, REPUBLICANOS, PSC, UNIÃO",8,PRTB,CE,0,5083860,0.0,0,22,0.0,0.0,0.0,0.0,0.0,0.0,-1.2433725603194772,0.12350616320149052,-1.1198663971179865,0//1,0//1,0//1,accounting attribution; not an independent causal effect
ideological/2022/15-29,ideological/2022/15-29,ideological/2022/15-29,ideological/2022/15-29,focal,ideological,all_parties,0,0,4,11,4,2022,Ideological 2022/MDB-UNIÃO,Ideological 2022/MDB-UNIÃO,,,,,,15,29,MDB,UNIÃO,true,endpoint-minimal,false,true,true,true,false,ideological/2022/15-29,"MDB, PMN, PSDB, PSD, PMB, PODE, PROS, PRTB, AGIR, PTB, PP, DC, REPUBLICANOS, PSC, UNIÃO",8,PRTB,DF,774,1607519,0.0004814873105698906,0,8,0.0,0.003851898484559125,0.003629003468200654,-0.003851898484559125,0.00022289501635847097,-0.003629003468200654,-1.2433725603194772,0.12350616320149052,-1.1198663971179865,-6192//1607519,19601866179//87942146483326,-198531//54706754,accounting attribution; not an independent causal effect
ideological/2022/15-29,ideological/2022/15-29,ideological/2022/15-29,ideological/2022/15-29,focal,ideological,all_parties,0,0,4,11,4,2022,Ideological 2022/MDB-UNIÃO,Ideological 2022/MDB-UNIÃO,,,,,,15,29,MDB,UNIÃO,true,endpoint-minimal,false,true,true,true,false,ideological/2022/15-29,"MDB, PMN, PSDB, PSD, PMB, PODE, PROS, PRTB, AGIR, PTB, PP, DC, REPUBLICANOS, PSC, UNIÃO",8,PRTB,ES,2023,2084430,0.000970529113474667,0,10,0.0,0.00970529113474667,0.009485108548023157,-0.00970529113474667,0.000220182586723513,-0.009485108548023157,-1.2433725603194772,0.12350616320149052,-1.1198663971179865,-2023//208443,5021589727//22806479848044,-1037799//109413508,accounting attribution; not an independent causal effect
ideological/2022/15-29,ideological/2022/15-29,ideological/2022/15-29,ideological/2022/15-29,focal,ideological,all_parties,0,0,4,11,4,2022,Ideological 2022/MDB-UNIÃO,Ideological 2022/MDB-UNIÃO,,,,,,15,29,MDB,UNIÃO,true,endpoint-minimal,false,true,true,true,false,ideological/2022/15-29,"MDB, PMN, PSDB, PSD, PMB, PODE, PROS, PRTB, AGIR, PTB, PP, DC, REPUBLICANOS, PSC, UNIÃO",8,PRTB,GO,65807,3439644,0.01913192179190637,0,17,0.0,0.32524267046240835,0.3085450015915768,-0.32524267046240835,0.016697668870831527,-0.3085450015915768,-1.2433725603194772,0.12350616320149052,-1.1198663971179865,-65807//202332,46206319243//2767231737582,-33758991//109413508,accounting attribution; not an independent causal effect
ideological/2022/15-29,ideological/2022/15-29,ideological/2022/15-29,ideological/2022/15-29,focal,ideological,all_parties,0,0,4,11,4,2022,Ideological 2022/MDB-UNIÃO,Ideological 2022/MDB-UNIÃO,,,,,,15,29,MDB,UNIÃO,true,endpoint-minimal,false,true,true,true,false,ideological/2022/15-29,"MDB, PMN, PSDB, PSD, PMB, PODE, PROS, PRTB, AGIR, PTB, PP, DC, REPUBLICANOS, PSC, UNIÃO",8,PRTB,MA,2023,3707930,0.0005455874301834177,0,18,0.0,0.009820573743301518,0.009485108548023157,-0.009820573743301518,0.0003354651952783623,-0.009485108548023157,-1.2433725603194772,0.12350616320149052,-1.1198663971179865,-18207//1853965,68048717121//202848814359220,-1037799//109413508,accounting attribution; not an independent causal effect
ideological/2022/15-29,ideological/2022/15-29,ideological/2022/15-29,ideological/2022/15-29,focal,ideological,all_parties,0,0,4,11,4,2022,Ideological 2022/MDB-UNIÃO,Ideological 2022/MDB-UNIÃO,,,,,,15,29,MDB,UNIÃO,true,endpoint-minimal,false,true,true,true,false,ideological/2022/15-29,"MDB, PMN, PSDB, PSD, PMB, PODE, PROS, PRTB, AGIR, PTB, PP, DC, REPUBLICANOS, PSC, UNIÃO",8,PRTB,MG,19441,11181098,0.0017387380022963756,0,53,0.0,0.0921531141217079,0.09115175248745337,-0.0921531141217079,0.0010013616342545266,-0.09115175248745337,-1.2433725603194772,0.12350616320149052,-1.1198663971179865,-1030373//11181098,612514464325//611681577735892,-9973233//109413508,accounting attribution; not an independent causal effect
ideological/2022/15-29,ideological/2022/15-29,ideological/2022/15-29,ideological/2022/15-29,focal,ideological,all_parties,0,0,4,11,4,2022,Ideological 2022/MDB-UNIÃO,Ideological 2022/MDB-UNIÃO,,,,,,15,29,MDB,UNIÃO,true,endpoint-minimal,false,true,true,true,false,ideological/2022/15-29,"MDB, PMN, PSDB, PSD, PMB, PODE, PROS, PRTB, AGIR, PTB, PP, DC, REPUBLICANOS, PSC, UNIÃO",8,PRTB,MS,22135,1374808,0.016100430023683308,0,8,0.0,0.12880344018946646,0.10378293510157813,-0.12880344018946646,0.025020505087888324,-0.10378293510157813,-1.2433725603194772,0.12350616320149052,-1.1198663971179865,-22135//171851,470456072575//18802820763308,-11355255//109413508,accounting attribution; not an independent causal effect
ideological/2022/15-29,ideological/2022/15-29,ideological/2022/15-29,ideological/2022/15-29,focal,ideological,all_parties,0,0,4,11,4,2022,Ideological 2022/MDB-UNIÃO,Ideological 2022/MDB-UNIÃO,,,,,,15,29,MDB,UNIÃO,true,endpoint-minimal,false,true,true,true,false,ideological/2022/15-29,"MDB, PMN, PSDB, PSD, PMB, PODE, PROS, PRTB, AGIR, PTB, PP, DC, REPUBLICANOS, PSC, UNIÃO",8,PRTB,MT,0,1730277,0.0,0,8,0.0,0.0,0.0,0.0,0.0,0.0,-1.2433725603194772,0.12350616320149052,-1.1198663971179865,0//1,0//1,0//1,accounting attribution; not an independent causal effect
ideological/2022/15-29,ideological/2022/15-29,ideological/2022/15-29,ideological/2022/15-29,focal,ideological,all_parties,0,0,4,11,4,2022,Ideological 2022/MDB-UNIÃO,Ideological 2022/MDB-UNIÃO,,,,,,15,29,MDB,UNIÃO,true,endpoint-minimal,false,true,true,true,false,ideological/2022/15-29,"MDB, PMN, PSDB, PSD, PMB, PODE, PROS, PRTB, AGIR, PTB, PP, DC, REPUBLICANOS, PSC, UNIÃO",8,PRTB,PA,6851,4521516,0.0015151997692809227,0,17,0.0,0.025758396077775685,0.0321218381920448,-0.025758396077775685,-0.006363442114269122,-0.0321218381920448,-1.2433725603194772,0.12350616320149052,-1.1198663971179865,-116467//4521516,-12693910489//1994818254186,-113373//3529468,accounting attribution; not an independent causal effect
ideological/2022/15-29,ideological/2022/15-29,ideological/2022/15-29,ideological/2022/15-29,focal,ideological,all_parties,0,0,4,11,4,2022,Ideological 2022/MDB-UNIÃO,Ideological 2022/MDB-UNIÃO,,,,,,15,29,MDB,UNIÃO,true,endpoint-minimal,false,true,true,true,false,ideological/2022/15-29,"MDB, PMN, PSDB, PSD, PMB, PODE, PROS, PRTB, AGIR, PTB, PP, DC, REPUBLICANOS, PSC, UNIÃO",8,PRTB,PB,16991,2209355,0.007690479800665805,0,12,0.0,0.09228575760798967,0.07966459680645648,-0.09228575760798967,0.012621160801533186,-0.07966459680645648,-1.2433725603194772,0.12350616320149052,-1.1198663971179865,-203892//2209355,3050954610171//241733280967340,-8716383//109413508,accounting attribution; not an independent causal effect
ideological/2022/15-29,ideological/2022/15-29,ideological/2022/15-29,ideological/2022/15-29,focal,ideological,all_parties,0,0,4,11,4,2022,Ideological 2022/MDB-UNIÃO,Ideological 2022/MDB-UNIÃO,,,,,,15,29,MDB,UNIÃO,true,endpoint-minimal,false,true,true,true,false,ideological/2022/15-29,"MDB, PMN, PSDB, PSD, PMB, PODE, PROS, PRTB, AGIR, PTB, PP, DC, REPUBLICANOS, PSC, UNIÃO",8,PRTB,PE,51142,4969863,0.010290424504659383,0,25,0.0,0.2572606126164846,0.23978616972960962,-0.2572606126164846,0.01747444288687498,-0.23978616972960962,-1.2433725603194772,0.12350616320149052,-1.1198663971179865,-1278550//4969863,4751040172151//271885072554702,-13117923//54706754,accounting attribution; not an independent causal effect
ideological/2022/15-29,ideological/2022/15-29,ideological/2022/15-29,ideological/2022/15-29,focal,ideological,all_parties,0,0,4,11,4,2022,Ideological 2022/MDB-UNIÃO,Ideological 2022/MDB-UNIÃO,,,,,,15,29,MDB,UNIÃO,true,endpoint-minimal,false,true,true,true,false,ideological/2022/15-29,"MDB, PMN, PSDB, PSD, PMB, PODE, PROS, PRTB, AGIR, PTB, PP, DC, REPUBLICANOS, PSC, UNIÃO",8,PRTB,PI,0,1957483,0.0,0,10,0.0,0.0,0.0,0.0,0.0,0.0,-1.2433725603194772,0.12350616320149052,-1.1198663971179865,0//1,0//1,0//1,accounting attribution; not an independent causal effect
ideological/2022/15-29,ideological/2022/15-29,ideological/2022/15-29,ideological/2022/15-29,focal,ideological,all_parties,0,0,4,11,4,2022,Ideological 2022/MDB-UNIÃO,Ideological 2022/MDB-UNIÃO,,,,,,15,29,MDB,UNIÃO,true,endpoint-minimal,false,true,true,true,false,ideological/2022/15-29,"MDB, PMN, PSDB, PSD, PMB, PODE, PROS, PRTB, AGIR, PTB, PP, DC, REPUBLICANOS, PSC, UNIÃO",8,PRTB,PR,2973,6038642,0.0004923292356129077,0,30,0.0,0.01476987706838723,0.013939311771266854,-0.01476987706838723,0.000830565297120377,-0.013939311771266854,-1.2433725603194772,0.12350616320149052,-1.1198663971179865,-44595//3019321,274380985431//330354502388068,-1525149//109413508,accounting attribution; not an independent causal effect
ideological/2022/15-29,ideological/2022/15-29,ideological/2022/15-29,ideological/2022/15-29,focal,ideological,all_parties,0,0,4,11,4,2022,Ideological 2022/MDB-UNIÃO,Ideological 2022/MDB-UNIÃO,,,,,,15,29,MDB,UNIÃO,true,endpoint-minimal,false,true,true,true,false,ideological/2022/15-29,"MDB, PMN, PSDB, PSD, PMB, PODE, PROS, PRTB, AGIR, PTB, PP, DC, REPUBLICANOS, PSC, UNIÃO",8,PRTB,RJ,36225,8575988,0.004224003111944653,0,46,0.0,0.19430414314945404,0.1698458018547399,-0.19430414314945404,0.024458341294714123,-0.1698458018547399,-1.2433725603194772,0.12350616320149052,-1.1198663971179865,-833175//4287994,5737492314225//234582232911476,-18583425//109413508,accounting attribution; not an independent causal effect
ideological/2022/15-29,ideological/2022/15-29,ideological/2022/15-29,ideological/2022/15-29,focal,ideological,all_parties,0,0,4,11,4,2022,Ideological 2022/MDB-UNIÃO,Ideological 2022/MDB-UNIÃO,,,,,,15,29,MDB,UNIÃO,true,endpoint-minimal,false,true,true,true,false,ideological/2022/15-29,"MDB, PMN, PSDB, PSD, PMB, PODE, PROS, PRTB, AGIR, PTB, PP, DC, REPUBLICANOS, PSC, UNIÃO",8,PRTB,RN,1285,1864825,0.0006890727011918008,0,8,0.0,0.005512581609534406,0.006024895938808579,-0.005512581609534406,-0.0005123143292741725,-0.006024895938808579,-1.2433725603194772,0.12350616320149052,-1.1198663971179865,-2056//372965,-20906220377//40807409011220,-659205//109413508,accounting attribution; not an independent causal effect
ideological/2022/15-29,ideological/2022/15-29,ideological/2022/15-29,ideological/2022/15-29,focal,ideological,all_parties,0,0,4,11,4,2022,Ideological 2022/MDB-UNIÃO,Ideological 2022/MDB-UNIÃO,,,,,,15,29,MDB,UNIÃO,true,endpoint-minimal,false,true,true,true,false,ideological/2022/15-29,"MDB, PMN, PSDB, PSD, PMB, PODE, PROS, PRTB, AGIR, PTB, PP, DC, REPUBLICANOS, PSC, UNIÃO",8,PRTB,RO,0,869148,0.0,0,8,0.0,0.0,0.0,0.0,0.0,0.0,-1.2433725603194772,0.12350616320149052,-1.1198663971179865,0//1,0//1,0//1,accounting attribution; not an independent causal effect
ideological/2022/15-29,ideological/2022/15-29,ideological/2022/15-29,ideological/2022/15-29,focal,ideological,all_parties,0,0,4,11,4,2022,Ideological 2022/MDB-UNIÃO,Ideological 2022/MDB-UNIÃO,,,,,,15,29,MDB,UNIÃO,true,endpoint-minimal,false,true,true,true,false,ideological/2022/15-29,"MDB, PMN, PSDB, PSD, PMB, PODE, PROS, PRTB, AGIR, PTB, PP, DC, REPUBLICANOS, PSC, UNIÃO",8,PRTB,RR,712,291714,0.002440746758811713,0,8,0.0,0.019525974070493703,0.003338308099946855,-0.019525974070493703,0.016187665970546848,-0.003338308099946855,-1.2433725603194772,0.12350616320149052,-1.1198663971179865,-2848//145857,64583631598//3989681509089,-91314//27353377,accounting attribution; not an independent causal effect
ideological/2022/15-29,ideological/2022/15-29,ideological/2022/15-29,ideological/2022/15-29,focal,ideological,all_parties,0,0,4,11,4,2022,Ideological 2022/MDB-UNIÃO,Ideological 2022/MDB-UNIÃO,,,,,,15,29,MDB,UNIÃO,true,endpoint-minimal,false,true,true,true,false,ideological/2022/15-29,"MDB, PMN, PSDB, PSD, PMB, PODE, PROS, PRTB, AGIR, PTB, PP, DC, REPUBLICANOS, PSC, UNIÃO",8,PRTB,RS,2656,6149822,0.00043188241871065536,0,31,0.0,0.013388354980030315,0.01245301448519501,-0.013388354980030315,0.0009353404948353073,-0.01245301448519501,-1.2433725603194772,0.12350616320149052,-1.1198663971179865,-41168//3074911,78670740584//84109199824447,-340632//27353377,accounting attribution; not an independent causal effect
ideological/2022/15-29,ideological/2022/15-29,ideological/2022/15-29,ideological/2022/15-29,focal,ideological,all_parties,0,0,4,11,4,2022,Ideological 2022/MDB-UNIÃO,Ideological 2022/MDB-UNIÃO,,,,,,15,29,MDB,UNIÃO,true,endpoint-minimal,false,true,true,true,false,ideological/2022/15-29,"MDB, PMN, PSDB, PSD, PMB, PODE, PROS, PRTB, AGIR, PTB, PP, DC, REPUBLICANOS, PSC, UNIÃO",8,PRTB,SC,2503,3969848,0.0006305027295755404,0,16,0.0,0.010088043673208646,0.011735653334504182,-0.010088043673208646,-0.0016476096612955352,-0.011735653334504182,-1.2433725603194772,0.12350616320149052,-1.1198663971179865,-5006//496231,-89455935961//54294374488348,-1284039//109413508,accounting attribution; not an independent causal effect
ideological/2022/15-29,ideological/2022/15-29,ideological/2022/15-29,ideological/2022/15-29,focal,ideological,all_parties,0,0,4,11,4,2022,Ideological 2022/MDB-UNIÃO,Ideological 2022/MDB-UNIÃO,,,,,,15,29,MDB,UNIÃO,true,endpoint-minimal,false,true,true,true,false,ideological/2022/15-29,"MDB, PMN, PSDB, PSD, PMB, PODE, PROS, PRTB, AGIR, PTB, PP, DC, REPUBLICANOS, PSC, UNIÃO",8,PRTB,SE,0,1191617,0.0,0,8,0.0,0.0,0.0,0.0,0.0,0.0,-1.2433725603194772,0.12350616320149052,-1.1198663971179865,0//1,0//1,0//1,accounting attribution; not an independent causal effect
ideological/2022/15-29,ideological/2022/15-29,ideological/2022/15-29,ideological/2022/15-29,focal,ideological,all_parties,0,0,4,11,4,2022,Ideological 2022/MDB-UNIÃO,Ideological 2022/MDB-UNIÃO,,,,,,15,29,MDB,UNIÃO,true,endpoint-minimal,false,true,true,true,false,ideological/2022/15-29,"MDB, PMN, PSDB, PSD, PMB, PODE, PROS, PRTB, AGIR, PTB, PP, DC, REPUBLICANOS, PSC, UNIÃO",8,PRTB,SP,0,23321040,0.0,0,70,0.0,0.0,0.0,0.0,0.0,0.0,-1.2433725603194772,0.12350616320149052,-1.1198663971179865,0//1,0//1,0//1,accounting attribution; not an independent causal effect
ideological/2022/15-29,ideological/2022/15-29,ideological/2022/15-29,ideological/2022/15-29,focal,ideological,all_parties,0,0,4,11,4,2022,Ideological 2022/MDB-UNIÃO,Ideological 2022/MDB-UNIÃO,,,,,,15,29,MDB,UNIÃO,true,endpoint-minimal,false,true,true,true,false,ideological/2022/15-29,"MDB, PMN, PSDB, PSD, PMB, PODE, PROS, PRTB, AGIR, PTB, PP, DC, REPUBLICANOS, PSC, UNIÃO",8,PRTB,TO,763,830140,0.0009191220757944443,0,8,0.0,0.007352976606355554,0.003577428483510464,-0.007352976606355554,0.0037755481228450905,-0.003577428483510464,-1.2433725603194772,0.12350616320149052,-1.1198663971179865,-1526//207535,85731871043//22707132382780,-391419//109413508,accounting attribution; not an independent causal effect
ideological/2022/15-29,ideological/2022/15-29,ideological/2022/15-29,ideological/2022/15-29,focal,ideological,all_parties,0,0,4,11,4,2022,Ideological 2022/MDB-UNIÃO,Ideological 2022/MDB-UNIÃO,,,,,,15,29,MDB,UNIÃO,true,endpoint-minimal,false,true,true,true,false,ideological/2022/15-29,"MDB, PMN, PSDB, PSD, PMB, PODE, PROS, PRTB, AGIR, PTB, PP, DC, REPUBLICANOS, PSC, UNIÃO",9,AGIR,AC,323,434253,0.0007438060301252957,0,8,0.0,0.005950448241002365,0.001514429095902857,-0.005950448241002365,0.004436019145099508,-0.001514429095902857,-0.7475008610316128,0.00262680032605537,-0.7448740607055575,-2584//434253,210769216825//47513144089524,-165699//109413508,accounting attribution; not an independent causal effect
ideological/2022/15-29,ideological/2022/15-29,ideological/2022/15-29,ideological/2022/15-29,focal,ideological,all_parties,0,0,4,11,4,2022,Ideological 2022/MDB-UNIÃO,Ideological 2022/MDB-UNIÃO,,,,,,15,29,MDB,UNIÃO,true,endpoint-minimal,false,true,true,true,false,ideological/2022/15-29,"MDB, PMN, PSDB, PSD, PMB, PODE, PROS, PRTB, AGIR, PTB, PP, DC, REPUBLICANOS, PSC, UNIÃO",9,AGIR,AL,659,1650763,0.0003992093353194856,0,9,0.0,0.00359288401787537,0.003089810446439575,-0.00359288401787537,0.0005030735714357954,-0.003089810446439575,-0.7475008610316128,0.00262680032605537,-0.7448740607055575,-5931//1650763,90863020827//180615770706604,-338067//109413508,accounting attribution; not an independent causal effect
ideological/2022/15-29,ideological/2022/15-29,ideological/2022/15-29,ideological/2022/15-29,focal,ideological,all_parties,0,0,4,11,4,2022,Ideological 2022/MDB-UNIÃO,Ideological 2022/MDB-UNIÃO,,,,,,15,29,MDB,UNIÃO,true,endpoint-minimal,false,true,true,true,false,ideological/2022/15-29,"MDB, PMN, PSDB, PSD, PMB, PODE, PROS, PRTB, AGIR, PTB, PP, DC, REPUBLICANOS, PSC, UNIÃO",9,AGIR,AM,2284,1976477,0.0011555914893014187,0,8,0.0,0.00924473191441135,0.010708842275672214,-0.00924473191441135,-0.001464110361260865,-0.010708842275672214,-0.7475008610316128,0.00262680032605537,-0.7448740607055575,-18272//1976477,-79154667727//54063320512829,-292923//27353377,accounting attribution; not an independent causal effect
ideological/2022/15-29,ideological/2022/15-29,ideological/2022/15-29,ideological/2022/15-29,focal,ideological,all_parties,0,0,4,11,4,2022,Ideological 2022/MDB-UNIÃO,Ideological 2022/MDB-UNIÃO,,,,,,15,29,MDB,UNIÃO,true,endpoint-minimal,false,true,true,true,false,ideological/2022/15-29,"MDB, PMN, PSDB, PSD, PMB, PODE, PROS, PRTB, AGIR, PTB, PP, DC, REPUBLICANOS, PSC, UNIÃO",9,AGIR,AP,60,423017,0.0001418382712751497,0,8,0.0,0.0011347061702011976,0.00028131809831012823,-0.0011347061702011976,0.0008533880718910693,-0.00028131809831012823,-0.7475008610316128,0.00262680032605537,-0.7448740607055575,-480//423017,9874505145//11570943478409,-7695//27353377,accounting attribution; not an independent causal effect
ideological/2022/15-29,ideological/2022/15-29,ideological/2022/15-29,ideological/2022/15-29,focal,ideological,all_parties,0,0,4,11,4,2022,Ideological 2022/MDB-UNIÃO,Ideological 2022/MDB-UNIÃO,,,,,,15,29,MDB,UNIÃO,true,endpoint-minimal,false,true,true,true,false,ideological/2022/15-29,"MDB, PMN, PSDB, PSD, PMB, PODE, PROS, PRTB, AGIR, PTB, PP, DC, REPUBLICANOS, PSC, UNIÃO",9,AGIR,BA,4495,7958431,0.0005648098224386188,0,39,0.0,0.022027583075106136,0.02107541419840044,-0.022027583075106136,0.0009521688767056971,-0.02107541419840044,-0.7475008610316128,0.00262680032605537,-0.7448740607055575,-13485//612187,2057345985//2160694426516,-74385//3529468,accounting attribution; not an independent causal effect
ideological/2022/15-29,ideological/2022/15-29,ideological/2022/15-29,ideological/2022/15-29,focal,ideological,all_parties,0,0,4,11,4,2022,Ideological 2022/MDB-UNIÃO,Ideological 2022/MDB-UNIÃO,,,,,,15,29,MDB,UNIÃO,true,endpoint-minimal,false,true,true,true,false,ideological/2022/15-29,"MDB, PMN, PSDB, PSD, PMB, PODE, PROS, PRTB, AGIR, PTB, PP, DC, REPUBLICANOS, PSC, UNIÃO",9,AGIR,CE,3030,5083860,0.0005960038238661175,0,22,0.0,0.013112084125054584,0.014206563964661474,-0.013112084125054584,-0.0010944798396068903,-0.014206563964661474,-0.7475008610316128,0.00262680032605537,-0.7448740607055575,-1111//84731,-5073305851//4635357973174,-777195//54706754,accounting attribution; not an independent causal effect
ideological/2022/15-29,ideological/2022/15-29,ideological/2022/15-29,ideological/2022/15-29,focal,ideological,all_parties,0,0,4,11,4,2022,Ideological 2022/MDB-UNIÃO,Ideological 2022/MDB-UNIÃO,,,,,,15,29,MDB,UNIÃO,true,endpoint-minimal,false,true,true,true,false,ideological/2022/15-29,"MDB, PMN, PSDB, PSD, PMB, PODE, PROS, PRTB, AGIR, PTB, PP, DC, REPUBLICANOS, PSC, UNIÃO",9,AGIR,DF,7802,1607519,0.004853441856674789,0,8,0.0,0.038827534853398314,0.036580730050260336,-0.038827534853398314,0.002246804803137972,-0.036580730050260336,-0.7475008610316128,0.00262680032605537,-0.7448740607055575,-62416//1607519,197588837117//87942146483326,-2001213//54706754,accounting attribution; not an independent causal effect
ideological/2022/15-29,ideological/2022/15-29,ideological/2022/15-29,ideological/2022/15-29,focal,ideological,all_parties,0,0,4,11,4,2022,Ideological 2022/MDB-UNIÃO,Ideological 2022/MDB-UNIÃO,,,,,,15,29,MDB,UNIÃO,true,endpoint-minimal,false,true,true,true,false,ideological/2022/15-29,"MDB, PMN, PSDB, PSD, PMB, PODE, PROS, PRTB, AGIR, PTB, PP, DC, REPUBLICANOS, PSC, UNIÃO",9,AGIR,ES,462,2084430,0.0002216433269526921,0,10,0.0,0.002216433269526921,0.0021661493569879874,-0.002216433269526921,5.028391253893377e-5,-0.0021661493569879874,-0.7475008610316128,0.00262680032605537,-0.7448740607055575,-154//69481,191133173//3801079974674,-118503//54706754,accounting attribution; not an independent causal effect
ideological/2022/15-29,ideological/2022/15-29,ideological/2022/15-29,ideological/2022/15-29,focal,ideological,all_parties,0,0,4,11,4,2022,Ideological 2022/MDB-UNIÃO,Ideological 2022/MDB-UNIÃO,,,,,,15,29,MDB,UNIÃO,true,endpoint-minimal,false,true,true,true,false,ideological/2022/15-29,"MDB, PMN, PSDB, PSD, PMB, PODE, PROS, PRTB, AGIR, PTB, PP, DC, REPUBLICANOS, PSC, UNIÃO",9,AGIR,GO,12067,3439644,0.0035082118963474128,0,17,0.0,0.059639602237906014,0.05657775820513862,-0.059639602237906014,0.003061844032767396,-0.05657775820513862,-0.7475008610316128,0.00262680032605537,-0.7448740607055575,-12067//202332,8472831983//2767231737582,-6190371//109413508,accounting attribution; not an independent causal effect
ideological/2022/15-29,ideological/2022/15-29,ideological/2022/15-29,ideological/2022/15-29,focal,ideological,all_parties,0,0,4,11,4,2022,Ideological 2022/MDB-UNIÃO,Ideological 2022/MDB-UNIÃO,,,,,,15,29,MDB,UNIÃO,true,endpoint-minimal,false,true,true,true,false,ideological/2022/15-29,"MDB, PMN, PSDB, PSD, PMB, PODE, PROS, PRTB, AGIR, PTB, PP, DC, REPUBLICANOS, PSC, UNIÃO",9,AGIR,MA,7531,3707930,0.002031052366144992,0,18,0.0,0.03655894259060986,0.035310109972892925,-0.03655894259060986,0.0012488326177169285,-0.035310109972892925,-0.7475008610316128,0.00262680032605537,-0.7448740607055575,-67779//1853965,253324215837//202848814359220,-3863403//109413508,accounting attribution; not an independent causal effect
ideological/2022/15-29,ideological/2022/15-29,ideological/2022/15-29,ideological/2022/15-29,focal,ideological,all_parties,0,0,4,11,4,2022,Ideological 2022/MDB-UNIÃO,Ideological 2022/MDB-UNIÃO,,,,,,15,29,MDB,UNIÃO,true,endpoint-minimal,false,true,true,true,false,ideological/2022/15-29,"MDB, PMN, PSDB, PSD, PMB, PODE, PROS, PRTB, AGIR, PTB, PP, DC, REPUBLICANOS, PSC, UNIÃO",9,AGIR,MG,6537,11181098,0.0005846474111934266,0,53,0.0,0.030986312793251612,0.03064960681088847,-0.030986312793251612,0.0003367059823631418,-0.03064960681088847,-0.7475008610316128,0.00262680032605537,-0.7448740607055575,-346461//11181098,205956846525//611681577735892,-3353481//109413508,accounting attribution; not an independent causal effect
ideological/2022/15-29,ideological/2022/15-29,ideological/2022/15-29,ideological/2022/15-29,focal,ideological,all_parties,0,0,4,11,4,2022,Ideological 2022/MDB-UNIÃO,Ideological 2022/MDB-UNIÃO,,,,,,15,29,MDB,UNIÃO,true,endpoint-minimal,false,true,true,true,false,ideological/2022/15-29,"MDB, PMN, PSDB, PSD, PMB, PODE, PROS, PRTB, AGIR, PTB, PP, DC, REPUBLICANOS, PSC, UNIÃO",9,AGIR,MS,823,1374808,0.0005986290449284554,0,8,0.0,0.004789032359427643,0.003858746581820592,-0.004789032359427643,0.0009302857776070517,-0.003858746581820592,-0.7475008610316128,0.00262680032605537,-0.7448740607055575,-823//171851,17491996735//18802820763308,-422199//109413508,accounting attribution; not an independent causal effect
ideological/2022/15-29,ideological/2022/15-29,ideological/2022/15-29,ideological/2022/15-29,focal,ideological,all_parties,0,0,4,11,4,2022,Ideological 2022/MDB-UNIÃO,Ideological 2022/MDB-UNIÃO,,,,,,15,29,MDB,UNIÃO,true,endpoint-minimal,false,true,true,true,false,ideological/2022/15-29,"MDB, PMN, PSDB, PSD, PMB, PODE, PROS, PRTB, AGIR, PTB, PP, DC, REPUBLICANOS, PSC, UNIÃO",9,AGIR,MT,1508,1730277,0.00087153675394171,0,8,0.0,0.00697229403153368,0.0070704615375278895,-0.00697229403153368,-9.816750599420987e-5,-0.0070704615375278895,-0.7475008610316128,0.00262680032605537,-0.7448740607055575,-12064//1730277,-4646161949//47328919095429,-193401//27353377,accounting attribution; not an independent causal effect
ideological/2022/15-29,ideological/2022/15-29,ideological/2022/15-29,ideological/2022/15-29,focal,ideological,all_parties,0,0,4,11,4,2022,Ideological 2022/MDB-UNIÃO,Ideological 2022/MDB-UNIÃO,,,,,,15,29,MDB,UNIÃO,true,endpoint-minimal,false,true,true,true,false,ideological/2022/15-29,"MDB, PMN, PSDB, PSD, PMB, PODE, PROS, PRTB, AGIR, PTB, PP, DC, REPUBLICANOS, PSC, UNIÃO",9,AGIR,PA,2827,4521516,0.0006252327759096728,0,17,0.0,0.010628957190464437,0.013254771065378874,-0.010628957190464437,-0.002625813874914437,-0.013254771065378874,-0.7475008610316128,0.00262680032605537,-0.7448740607055575,-48059//4521516,-162378664943//61839365879766,-1450251//109413508,accounting attribution; not an independent causal effect
ideological/2022/15-29,ideological/2022/15-29,ideological/2022/15-29,ideological/2022/15-29,focal,ideological,all_parties,0,0,4,11,4,2022,Ideological 2022/MDB-UNIÃO,Ideological 2022/MDB-UNIÃO,,,,,,15,29,MDB,UNIÃO,true,endpoint-minimal,false,true,true,true,false,ideological/2022/15-29,"MDB, PMN, PSDB, PSD, PMB, PODE, PROS, PRTB, AGIR, PTB, PP, DC, REPUBLICANOS, PSC, UNIÃO",9,AGIR,PB,1005,2209355,0.00045488389145248274,0,12,0.0,0.005458606697429793,0.0047120781466946475,-0.005458606697429793,0.0007465285507351452,-0.0047120781466946475,-0.7475008610316128,0.00262680032605537,-0.7448740607055575,-2412//441871,36092159181//48346656193468,-515565//109413508,accounting attribution; not an independent causal effect
ideological/2022/15-29,ideological/2022/15-29,ideological/2022/15-29,ideological/2022/15-29,focal,ideological,all_parties,0,0,4,11,4,2022,Ideological 2022/MDB-UNIÃO,Ideological 2022/MDB-UNIÃO,,,,,,15,29,MDB,UNIÃO,true,endpoint-minimal,false,true,true,true,false,ideological/2022/15-29,"MDB, PMN, PSDB, PSD, PMB, PODE, PROS, PRTB, AGIR, PTB, PP, DC, REPUBLICANOS, PSC, UNIÃO",9,AGIR,PE,3609,4969863,0.0007261769590026928,0,25,0.0,0.01815442397506732,0.016921283613354213,-0.01815442397506732,0.0012331403617131087,-0.016921283613354213,-0.7475008610316128,0.00262680032605537,-0.7448740607055575,-10025//552207,74504990381//60418905012156,-1851417//109413508,accounting attribution; not an independent causal effect
ideological/2022/15-29,ideological/2022/15-29,ideological/2022/15-29,ideological/2022/15-29,focal,ideological,all_parties,0,0,4,11,4,2022,Ideological 2022/MDB-UNIÃO,Ideological 2022/MDB-UNIÃO,,,,,,15,29,MDB,UNIÃO,true,endpoint-minimal,false,true,true,true,false,ideological/2022/15-29,"MDB, PMN, PSDB, PSD, PMB, PODE, PROS, PRTB, AGIR, PTB, PP, DC, REPUBLICANOS, PSC, UNIÃO",9,AGIR,PI,563,1957483,0.00028761424748005473,0,10,0.0,0.0028761424748005473,0.00263970148914337,-0.0028761424748005473,0.00023644098565717768,-0.00263970148914337,-0.7475008610316128,0.00262680032605537,-0.7448740607055575,-5630//1957483,50639767463//214175081880364,-288819//109413508,accounting attribution; not an independent causal effect
ideological/2022/15-29,ideological/2022/15-29,ideological/2022/15-29,ideological/2022/15-29,focal,ideological,all_parties,0,0,4,11,4,2022,Ideological 2022/MDB-UNIÃO,Ideological 2022/MDB-UNIÃO,,,,,,15,29,MDB,UNIÃO,true,endpoint-minimal,false,true,true,true,false,ideological/2022/15-29,"MDB, PMN, PSDB, PSD, PMB, PODE, PROS, PRTB, AGIR, PTB, PP, DC, REPUBLICANOS, PSC, UNIÃO",9,AGIR,PR,14141,6038642,0.0023417516719818794,0,30,0.0,0.07025255015945638,0.06630198713672539,-0.07025255015945638,0.003950563022730996,-0.06630198713672539,-0.7475008610316128,0.00262680032605537,-0.7448740607055575,-212115//3019321,1305086281527//330354502388068,-7254333//109413508,accounting attribution; not an independent causal effect
ideological/2022/15-29,ideological/2022/15-29,ideological/2022/15-29,ideological/2022/15-29,focal,ideological,all_parties,0,0,4,11,4,2022,Ideological 2022/MDB-UNIÃO,Ideological 2022/MDB-UNIÃO,,,,,,15,29,MDB,UNIÃO,true,endpoint-minimal,false,true,true,true,false,ideological/2022/15-29,"MDB, PMN, PSDB, PSD, PMB, PODE, PROS, PRTB, AGIR, PTB, PP, DC, REPUBLICANOS, PSC, UNIÃO",9,AGIR,RJ,53854,8575988,0.006279626324103998,0,46,0.0,0.2888628109087839,0.2525017477732274,-0.2888628109087839,0.0363610631355565,-0.2525017477732274,-0.7475008610316128,0.00262680032605537,-0.7448740607055575,-619321//2143997,4264829690687//117291116455738,-13813551//54706754,accounting attribution; not an independent causal effect
ideological/2022/15-29,ideological/2022/15-29,ideological/2022/15-29,ideological/2022/15-29,focal,ideological,all_parties,0,0,4,11,4,2022,Ideological 2022/MDB-UNIÃO,Ideological 2022/MDB-UNIÃO,,,,,,15,29,MDB,UNIÃO,true,endpoint-minimal,false,true,true,true,false,ideological/2022/15-29,"MDB, PMN, PSDB, PSD, PMB, PODE, PROS, PRTB, AGIR, PTB, PP, DC, REPUBLICANOS, PSC, UNIÃO",9,AGIR,RN,0,1864825,0.0,0,8,0.0,0.0,0.0,0.0,0.0,0.0,-0.7475008610316128,0.00262680032605537,-0.7448740607055575,0//1,0//1,0//1,accounting attribution; not an independent causal effect
ideological/2022/15-29,ideological/2022/15-29,ideological/2022/15-29,ideological/2022/15-29,focal,ideological,all_parties,0,0,4,11,4,2022,Ideological 2022/MDB-UNIÃO,Ideological 2022/MDB-UNIÃO,,,,,,15,29,MDB,UNIÃO,true,endpoint-minimal,false,true,true,true,false,ideological/2022/15-29,"MDB, PMN, PSDB, PSD, PMB, PODE, PROS, PRTB, AGIR, PTB, PP, DC, REPUBLICANOS, PSC, UNIÃO",9,AGIR,RO,1520,869148,0.00174883909299682,0,8,0.0,0.01399071274397456,0.007126725157189915,-0.01399071274397456,0.0068639875867846445,-0.007126725157189915,-0.7475008610316128,0.00262680032605537,-0.7448740607055575,-3040//217287,40796338300//5943533228199,-194940//27353377,accounting attribution; not an independent causal effect
ideological/2022/15-29,ideological/2022/15-29,ideological/2022/15-29,ideological/2022/15-29,focal,ideological,all_parties,0,0,4,11,4,2022,Ideological 2022/MDB-UNIÃO,Ideological 2022/MDB-UNIÃO,,,,,,15,29,MDB,UNIÃO,true,endpoint-minimal,false,true,true,true,false,ideological/2022/15-29,"MDB, PMN, PSDB, PSD, PMB, PODE, PROS, PRTB, AGIR, PTB, PP, DC, REPUBLICANOS, PSC, UNIÃO",9,AGIR,RR,0,291714,0.0,0,8,0.0,0.0,0.0,0.0,0.0,0.0,-0.7475008610316128,0.00262680032605537,-0.7448740607055575,0//1,0//1,0//1,accounting attribution; not an independent causal effect
ideological/2022/15-29,ideological/2022/15-29,ideological/2022/15-29,ideological/2022/15-29,focal,ideological,all_parties,0,0,4,11,4,2022,Ideological 2022/MDB-UNIÃO,Ideological 2022/MDB-UNIÃO,,,,,,15,29,MDB,UNIÃO,true,endpoint-minimal,false,true,true,true,false,ideological/2022/15-29,"MDB, PMN, PSDB, PSD, PMB, PODE, PROS, PRTB, AGIR, PTB, PP, DC, REPUBLICANOS, PSC, UNIÃO",9,AGIR,RS,425,6149822,6.910769124699869e-5,0,31,0.0,0.0021423384286569595,0.001992669863030075,-0.0021423384286569595,0.00014966856562688465,-0.001992669863030075,-0.7475008610316128,0.00262680032605537,-0.7448740607055575,-13175//6149822,50354013175//336436799297788,-218025//109413508,accounting attribution; not an independent causal effect
ideological/2022/15-29,ideological/2022/15-29,ideological/2022/15-29,ideological/2022/15-29,focal,ideological,all_parties,0,0,4,11,4,2022,Ideological 2022/MDB-UNIÃO,Ideological 2022/MDB-UNIÃO,,,,,,15,29,MDB,UNIÃO,true,endpoint-minimal,false,true,true,true,false,ideological/2022/15-29,"MDB, PMN, PSDB, PSD, PMB, PODE, PROS, PRTB, AGIR, PTB, PP, DC, REPUBLICANOS, PSC, UNIÃO",9,AGIR,SC,0,3969848,0.0,0,16,0.0,0.0,0.0,0.0,0.0,0.0,-0.7475008610316128,0.00262680032605537,-0.7448740607055575,0//1,0//1,0//1,accounting attribution; not an independent causal effect
ideological/2022/15-29,ideological/2022/15-29,ideological/2022/15-29,ideological/2022/15-29,focal,ideological,all_parties,0,0,4,11,4,2022,Ideological 2022/MDB-UNIÃO,Ideological 2022/MDB-UNIÃO,,,,,,15,29,MDB,UNIÃO,true,endpoint-minimal,false,true,true,true,false,ideological/2022/15-29,"MDB, PMN, PSDB, PSD, PMB, PODE, PROS, PRTB, AGIR, PTB, PP, DC, REPUBLICANOS, PSC, UNIÃO",9,AGIR,SE,0,1191617,0.0,0,8,0.0,0.0,0.0,0.0,0.0,0.0,-0.7475008610316128,0.00262680032605537,-0.7448740607055575,0//1,0//1,0//1,accounting attribution; not an independent causal effect
ideological/2022/15-29,ideological/2022/15-29,ideological/2022/15-29,ideological/2022/15-29,focal,ideological,all_parties,0,0,4,11,4,2022,Ideological 2022/MDB-UNIÃO,Ideological 2022/MDB-UNIÃO,,,,,,15,29,MDB,UNIÃO,true,endpoint-minimal,false,true,true,true,false,ideological/2022/15-29,"MDB, PMN, PSDB, PSD, PMB, PODE, PROS, PRTB, AGIR, PTB, PP, DC, REPUBLICANOS, PSC, UNIÃO",9,AGIR,SP,33343,23321040,0.0014297389824810558,0,70,0.0,0.1000817287736739,0.1563331558659101,-0.1000817287736739,-0.056251427092236184,-0.1563331558659101,-0.7475008610316128,0.00262680032605537,-0.7448740607055575,-233401//2332104,-3588330280757//63790919915208,-17104959//109413508,accounting attribution; not an independent causal effect
ideological/2022/15-29,ideological/2022/15-29,ideological/2022/15-29,ideological/2022/15-29,focal,ideological,all_parties,0,0,4,11,4,2022,Ideological 2022/MDB-UNIÃO,Ideological 2022/MDB-UNIÃO,,,,,,15,29,MDB,UNIÃO,true,endpoint-minimal,false,true,true,true,false,ideological/2022/15-29,"MDB, PMN, PSDB, PSD, PMB, PODE, PROS, PRTB, AGIR, PTB, PP, DC, REPUBLICANOS, PSC, UNIÃO",9,AGIR,TO,0,830140,0.0,0,8,0.0,0.0,0.0,0.0,0.0,0.0,-0.7475008610316128,0.00262680032605537,-0.7448740607055575,0//1,0//1,0//1,accounting attribution; not an independent causal effect
ideological/2022/15-29,ideological/2022/15-29,ideological/2022/15-29,ideological/2022/15-29,focal,ideological,all_parties,0,0,4,11,4,2022,Ideological 2022/MDB-UNIÃO,Ideological 2022/MDB-UNIÃO,,,,,,15,29,MDB,UNIÃO,true,endpoint-minimal,false,true,true,true,false,ideological/2022/15-29,"MDB, PMN, PSDB, PSD, PMB, PODE, PROS, PRTB, AGIR, PTB, PP, DC, REPUBLICANOS, PSC, UNIÃO",10,PTB,AC,0,434253,0.0,0,8,0.0,0.0,0.0,0.0,0.0,0.0,-5.944989995326506,0.2746940753748311,-5.670295919951675,0//1,0//1,0//1,accounting attribution; not an independent causal effect
ideological/2022/15-29,ideological/2022/15-29,ideological/2022/15-29,ideological/2022/15-29,focal,ideological,all_parties,0,0,4,11,4,2022,Ideological 2022/MDB-UNIÃO,Ideological 2022/MDB-UNIÃO,,,,,,15,29,MDB,UNIÃO,true,endpoint-minimal,false,true,true,true,false,ideological/2022/15-29,"MDB, PMN, PSDB, PSD, PMB, PODE, PROS, PRTB, AGIR, PTB, PP, DC, REPUBLICANOS, PSC, UNIÃO",10,PTB,AL,10738,1650763,0.006504870777937232,0,9,0.0,0.058543837001435096,0.05034656232756928,-0.058543837001435096,0.008197274673865815,-0.05034656232756928,-5.944989995326506,0.2746940753748311,-5.670295919951675,-96642//1650763,740278541457//90307885353302,-2754297//54706754,accounting attribution; not an independent causal effect
ideological/2022/15-29,ideological/2022/15-29,ideological/2022/15-29,ideological/2022/15-29,focal,ideological,all_parties,0,0,4,11,4,2022,Ideological 2022/MDB-UNIÃO,Ideological 2022/MDB-UNIÃO,,,,,,15,29,MDB,UNIÃO,true,endpoint-minimal,false,true,true,true,false,ideological/2022/15-29,"MDB, PMN, PSDB, PSD, PMB, PODE, PROS, PRTB, AGIR, PTB, PP, DC, REPUBLICANOS, PSC, UNIÃO",10,PTB,AM,5186,1976477,0.002623860535690524,0,8,0.0,0.020990884285524192,0.02431526096393875,-0.020990884285524192,-0.003324376678414556,-0.02431526096393875,-5.944989995326506,0.2746940753748311,-5.670295919951675,-41488//1976477,-359453683741//108126641025658,-1330209//54706754,accounting attribution; not an independent causal effect
ideological/2022/15-29,ideological/2022/15-29,ideological/2022/15-29,ideological/2022/15-29,focal,ideological,all_parties,0,0,4,11,4,2022,Ideological 2022/MDB-UNIÃO,Ideological 2022/MDB-UNIÃO,,,,,,15,29,MDB,UNIÃO,true,endpoint-minimal,false,true,true,true,false,ideological/2022/15-29,"MDB, PMN, PSDB, PSD, PMB, PODE, PROS, PRTB, AGIR, PTB, PP, DC, REPUBLICANOS, PSC, UNIÃO",10,PTB,AP,27438,423017,0.06486264145412596,0,8,0.0,0.5189011316330077,0.12864676635722164,-0.5189011316330077,0.390254365275786,-0.12864676635722164,-5.944989995326506,0.2746940753748311,-5.670295919951675,-219504//423017,9031222405617//23141886956818,-7037847//54706754,accounting attribution; not an independent causal effect
ideological/2022/15-29,ideological/2022/15-29,ideological/2022/15-29,ideological/2022/15-29,focal,ideological,all_parties,0,0,4,11,4,2022,Ideological 2022/MDB-UNIÃO,Ideological 2022/MDB-UNIÃO,,,,,,15,29,MDB,UNIÃO,true,endpoint-minimal,false,true,true,true,false,ideological/2022/15-29,"MDB, PMN, PSDB, PSD, PMB, PODE, PROS, PRTB, AGIR, PTB, PP, DC, REPUBLICANOS, PSC, UNIÃO",10,PTB,BA,52136,7958431,0.006551040022838673,0,39,0.0,0.2554905608907082,0.24444667289161406,-0.2554905608907082,0.011043887999094153,-0.24444667289161406,-5.944989995326506,0.2746940753748311,-5.670295919951675,-156408//612187,184934121162//16745381805499,-6686442//27353377,accounting attribution; not an independent causal effect
ideological/2022/15-29,ideological/2022/15-29,ideological/2022/15-29,ideological/2022/15-29,focal,ideological,all_parties,0,0,4,11,4,2022,Ideological 2022/MDB-UNIÃO,Ideological 2022/MDB-UNIÃO,,,,,,15,29,MDB,UNIÃO,true,endpoint-minimal,false,true,true,true,false,ideological/2022/15-29,"MDB, PMN, PSDB, PSD, PMB, PODE, PROS, PRTB, AGIR, PTB, PP, DC, REPUBLICANOS, PSC, UNIÃO",10,PTB,CE,6814,5083860,0.0013403201504368727,0,22,0.0,0.029487043309611202,0.0319483586980869,-0.029487043309611202,-0.0024613153884756934,-0.0319483586980869,-5.944989995326506,0.2746940753748311,-5.670295919951675,-37477//1270965,-171136168657//69530369597610,-1747791//54706754,accounting attribution; not an independent causal effect
ideological/2022/15-29,ideological/2022/15-29,ideological/2022/15-29,ideological/2022/15-29,focal,ideological,all_parties,0,0,4,11,4,2022,Ideological 2022/MDB-UNIÃO,Ideological 2022/MDB-UNIÃO,,,,,,15,29,MDB,UNIÃO,true,endpoint-minimal,false,true,true,true,false,ideological/2022/15-29,"MDB, PMN, PSDB, PSD, PMB, PODE, PROS, PRTB, AGIR, PTB, PP, DC, REPUBLICANOS, PSC, UNIÃO",10,PTB,DF,4548,1607519,0.00282920450706959,0,8,0.0,0.02263363605655672,0.02132391185190772,-0.02263363605655672,0.001309724204649,-0.02132391185190772,-5.944989995326506,0.2746940753748311,-5.670295919951675,-36384//1607519,57589978929//43971073241663,-583281//27353377,accounting attribution; not an independent causal effect
ideological/2022/15-29,ideological/2022/15-29,ideological/2022/15-29,ideological/2022/15-29,focal,ideological,all_parties,0,0,4,11,4,2022,Ideological 2022/MDB-UNIÃO,Ideological 2022/MDB-UNIÃO,,,,,,15,29,MDB,UNIÃO,true,endpoint-minimal,false,true,true,true,false,ideological/2022/15-29,"MDB, PMN, PSDB, PSD, PMB, PODE, PROS, PRTB, AGIR, PTB, PP, DC, REPUBLICANOS, PSC, UNIÃO",10,PTB,ES,153591,2084430,0.07368489227270765,0,10,0.0,0.7368489227270765,0.7201321339591817,-0.7368489227270765,0.016716788767894755,-0.7201321339591817,-5.944989995326506,0.2746940753748311,-5.670295919951675,-51197//69481,127083702053//7602159949348,-78792183//109413508,accounting attribution; not an independent causal effect
ideological/2022/15-29,ideological/2022/15-29,ideological/2022/15-29,ideological/2022/15-29,focal,ideological,all_parties,0,0,4,11,4,2022,Ideological 2022/MDB-UNIÃO,Ideological 2022/MDB-UNIÃO,,,,,,15,29,MDB,UNIÃO,true,endpoint-minimal,false,true,true,true,false,ideological/2022/15-29,"MDB, PMN, PSDB, PSD, PMB, PODE, PROS, PRTB, AGIR, PTB, PP, DC, REPUBLICANOS, PSC, UNIÃO",10,PTB,GO,28453,3439644,0.008272076994014497,0,17,0.0,0.14062530889824645,0.13340573085363464,-0.14062530889824645,0.007219578044611811,-0.13340573085363464,-5.944989995326506,0.2746940753748311,-5.670295919951675,-28453//202332,19978245497//2767231737582,-14596389//109413508,accounting attribution; not an independent causal effect
ideological/2022/15-29,ideological/2022/15-29,ideological/2022/15-29,ideological/2022/15-29,focal,ideological,all_parties,0,0,4,11,4,2022,Ideological 2022/MDB-UNIÃO,Ideological 2022/MDB-UNIÃO,,,,,,15,29,MDB,UNIÃO,true,endpoint-minimal,false,true,true,true,false,ideological/2022/15-29,"MDB, PMN, PSDB, PSD, PMB, PODE, PROS, PRTB, AGIR, PTB, PP, DC, REPUBLICANOS, PSC, UNIÃO",10,PTB,MA,4697,3707930,0.0012667445178307034,0,18,0.0,0.02280140132095266,0.022022518462711204,-0.02280140132095266,0.0007788828582414571,-0.022022518462711204,-5.944989995326506,0.2746940753748311,-5.670295919951675,-42273//1853965,157995464319//202848814359220,-2409561//109413508,accounting attribution; not an independent causal effect
ideological/2022/15-29,ideological/2022/15-29,ideological/2022/15-29,ideological/2022/15-29,focal,ideological,all_parties,0,0,4,11,4,2022,Ideological 2022/MDB-UNIÃO,Ideological 2022/MDB-UNIÃO,,,,,,15,29,MDB,UNIÃO,true,endpoint-minimal,false,true,true,true,false,ideological/2022/15-29,"MDB, PMN, PSDB, PSD, PMB, PODE, PROS, PRTB, AGIR, PTB, PP, DC, REPUBLICANOS, PSC, UNIÃO",10,PTB,MG,125334,11181098,0.011209453669040375,0,53,0.0,0.5941010444591399,0.5876453755600268,-0.5941010444591399,0.006455668899113051,-0.5876453755600268,-5.944989995326506,0.2746940753748311,-5.670295919951675,-3321351//5590549,1974406868775//305840788867946,-32148171//54706754,accounting attribution; not an independent causal effect
ideological/2022/15-29,ideological/2022/15-29,ideological/2022/15-29,ideological/2022/15-29,focal,ideological,all_parties,0,0,4,11,4,2022,Ideological 2022/MDB-UNIÃO,Ideological 2022/MDB-UNIÃO,,,,,,15,29,MDB,UNIÃO,true,endpoint-minimal,false,true,true,true,false,ideological/2022/15-29,"MDB, PMN, PSDB, PSD, PMB, PODE, PROS, PRTB, AGIR, PTB, PP, DC, REPUBLICANOS, PSC, UNIÃO",10,PTB,MS,30038,1374808,0.021848869078445864,0,8,0.0,0.17479095262756691,0.14083721728399384,-0.17479095262756691,0.03395373534357305,-0.14083721728399384,-5.944989995326506,0.2746940753748311,-5.670295919951675,-30038//171851,319212999955//9401410381654,-7704747//54706754,accounting attribution; not an independent causal effect
ideological/2022/15-29,ideological/2022/15-29,ideological/2022/15-29,ideological/2022/15-29,focal,ideological,all_parties,0,0,4,11,4,2022,Ideological 2022/MDB-UNIÃO,Ideological 2022/MDB-UNIÃO,,,,,,15,29,MDB,UNIÃO,true,endpoint-minimal,false,true,true,true,false,ideological/2022/15-29,"MDB, PMN, PSDB, PSD, PMB, PODE, PROS, PRTB, AGIR, PTB, PP, DC, REPUBLICANOS, PSC, UNIÃO",10,PTB,MT,101434,1730277,0.05862298348761499,0,8,0.0,0.4689838679009199,0.4755869997331591,-0.4689838679009199,-0.00660313183223918,-0.4755869997331591,-5.944989995326506,0.2746940753748311,-5.670295919951675,-811472//1730277,-625038184529//94657838190858,-26017821//54706754,accounting attribution; not an independent causal effect
ideological/2022/15-29,ideological/2022/15-29,ideological/2022/15-29,ideological/2022/15-29,focal,ideological,all_parties,0,0,4,11,4,2022,Ideological 2022/MDB-UNIÃO,Ideological 2022/MDB-UNIÃO,,,,,,15,29,MDB,UNIÃO,true,endpoint-minimal,false,true,true,true,false,ideological/2022/15-29,"MDB, PMN, PSDB, PSD, PMB, PODE, PROS, PRTB, AGIR, PTB, PP, DC, REPUBLICANOS, PSC, UNIÃO",10,PTB,PA,206332,4521516,0.04563336721577453,0,17,0.0,0.7757672426681671,0.9674154310087563,-0.7757672426681671,-0.1916481883405892,-0.9674154310087563,-5.944989995326506,0.2746940753748311,-5.670295919951675,-876911//1130379,-5925701219494//30919682939883,-26462079//27353377,accounting attribution; not an independent causal effect
ideological/2022/15-29,ideological/2022/15-29,ideological/2022/15-29,ideological/2022/15-29,focal,ideological,all_parties,0,0,4,11,4,2022,Ideological 2022/MDB-UNIÃO,Ideological 2022/MDB-UNIÃO,,,,,,15,29,MDB,UNIÃO,true,endpoint-minimal,false,true,true,true,false,ideological/2022/15-29,"MDB, PMN, PSDB, PSD, PMB, PODE, PROS, PRTB, AGIR, PTB, PP, DC, REPUBLICANOS, PSC, UNIÃO",10,PTB,PB,11102,2209355,0.005024995982990511,0,12,0.0,0.06029995179588613,0.052053225457317394,-0.06029995179588613,0.008246726338568738,-0.052053225457317394,-5.944989995326506,0.2746940753748311,-5.670295919951675,-133224//2209355,996754107531//120866640483670,-2847663//54706754,accounting attribution; not an independent causal effect
ideological/2022/15-29,ideological/2022/15-29,ideological/2022/15-29,ideological/2022/15-29,focal,ideological,all_parties,0,0,4,11,4,2022,Ideological 2022/MDB-UNIÃO,Ideological 2022/MDB-UNIÃO,,,,,,15,29,MDB,UNIÃO,true,endpoint-minimal,false,true,true,true,false,ideological/2022/15-29,"MDB, PMN, PSDB, PSD, PMB, PODE, PROS, PRTB, AGIR, PTB, PP, DC, REPUBLICANOS, PSC, UNIÃO",10,PTB,PE,5598,4969863,0.0011263891982535535,0,25,0.0,0.028159729956338836,0.02624697857233496,-0.028159729956338836,0.0019127513840038741,-0.02624697857233496,-5.944989995326506,0.2746940753748311,-5.670295919951675,-15550//552207,57783172091//30209452506078,-1435887//54706754,accounting attribution; not an independent causal effect
ideological/2022/15-29,ideological/2022/15-29,ideological/2022/15-29,ideological/2022/15-29,focal,ideological,all_parties,0,0,4,11,4,2022,Ideological 2022/MDB-UNIÃO,Ideological 2022/MDB-UNIÃO,,,,,,15,29,MDB,UNIÃO,true,endpoint-minimal,false,true,true,true,false,ideological/2022/15-29,"MDB, PMN, PSDB, PSD, PMB, PODE, PROS, PRTB, AGIR, PTB, PP, DC, REPUBLICANOS, PSC, UNIÃO",10,PTB,PI,4467,1957483,0.0022820121554056917,0,10,0.0,0.02282012155405692,0.020944132419189045,-0.02282012155405692,0.0018759891348678734,-0.020944132419189045,-5.944989995326506,0.2746940753748311,-5.670295919951675,-44670//1957483,401790126567//214175081880364,-2291571//109413508,accounting attribution; not an independent causal effect
ideological/2022/15-29,ideological/2022/15-29,ideological/2022/15-29,ideological/2022/15-29,focal,ideological,all_parties,0,0,4,11,4,2022,Ideological 2022/MDB-UNIÃO,Ideological 2022/MDB-UNIÃO,,,,,,15,29,MDB,UNIÃO,true,endpoint-minimal,false,true,true,true,false,ideological/2022/15-29,"MDB, PMN, PSDB, PSD, PMB, PODE, PROS, PRTB, AGIR, PTB, PP, DC, REPUBLICANOS, PSC, UNIÃO",10,PTB,PR,47433,6038642,0.007854911750025917,0,30,0.0,0.23564735250077748,0.22239602261907185,-0.23564735250077748,0.013251329881705631,-0.22239602261907185,-5.944989995326506,0.2746940753748311,-5.670295919951675,-711495//3019321,4377636489051//330354502388068,-24333129//109413508,accounting attribution; not an independent causal effect
ideological/2022/15-29,ideological/2022/15-29,ideological/2022/15-29,ideological/2022/15-29,focal,ideological,all_parties,0,0,4,11,4,2022,Ideological 2022/MDB-UNIÃO,Ideological 2022/MDB-UNIÃO,,,,,,15,29,MDB,UNIÃO,true,endpoint-minimal,false,true,true,true,false,ideological/2022/15-29,"MDB, PMN, PSDB, PSD, PMB, PODE, PROS, PRTB, AGIR, PTB, PP, DC, REPUBLICANOS, PSC, UNIÃO",10,PTB,RJ,177247,8575988,0.0206678227628117,1,46,0.021739130434782608,0.9507198470893383,0.8310464828529216,0.04928015291066172,0.11967336423641668,0.1689535171470784,-5.944989995326506,0.2746940753748311,-5.670295919951675,211313//4287994,28073245002607//234582232911476,18485797//109413508,accounting attribution; not an independent causal effect
ideological/2022/15-29,ideological/2022/15-29,ideological/2022/15-29,ideological/2022/15-29,focal,ideological,all_parties,0,0,4,11,4,2022,Ideological 2022/MDB-UNIÃO,Ideological 2022/MDB-UNIÃO,,,,,,15,29,MDB,UNIÃO,true,endpoint-minimal,false,true,true,true,false,ideological/2022/15-29,"MDB, PMN, PSDB, PSD, PMB, PODE, PROS, PRTB, AGIR, PTB, PP, DC, REPUBLICANOS, PSC, UNIÃO",10,PTB,RN,3892,1864825,0.0020870591074229486,0,8,0.0,0.01669647285938359,0.018248167310383652,-0.01669647285938359,-0.001551694451000062,-0.018248167310383652,-5.944989995326506,0.2746940753748311,-5.670295919951675,-31136//1864825,-79150787653//51009261264025,-499149//27353377,accounting attribution; not an independent causal effect
ideological/2022/15-29,ideological/2022/15-29,ideological/2022/15-29,ideological/2022/15-29,focal,ideological,all_parties,0,0,4,11,4,2022,Ideological 2022/MDB-UNIÃO,Ideological 2022/MDB-UNIÃO,,,,,,15,29,MDB,UNIÃO,true,endpoint-minimal,false,true,true,true,false,ideological/2022/15-29,"MDB, PMN, PSDB, PSD, PMB, PODE, PROS, PRTB, AGIR, PTB, PP, DC, REPUBLICANOS, PSC, UNIÃO",10,PTB,RO,14213,869148,0.016352796071555133,0,8,0.0,0.13082236857244106,0.06663956885469755,-0.13082236857244106,0.06418279971774352,-0.06663956885469755,-5.944989995326506,0.2746940753748311,-5.670295919951675,-28426//217287,1525890411205//23774132912796,-7291269//109413508,accounting attribution; not an independent causal effect
ideological/2022/15-29,ideological/2022/15-29,ideological/2022/15-29,ideological/2022/15-29,focal,ideological,all_parties,0,0,4,11,4,2022,Ideological 2022/MDB-UNIÃO,Ideological 2022/MDB-UNIÃO,,,,,,15,29,MDB,UNIÃO,true,endpoint-minimal,false,true,true,true,false,ideological/2022/15-29,"MDB, PMN, PSDB, PSD, PMB, PODE, PROS, PRTB, AGIR, PTB, PP, DC, REPUBLICANOS, PSC, UNIÃO",10,PTB,RR,1290,291714,0.004422139492790884,0,8,0.0,0.03537711594232707,0.006048339113667756,-0.03537711594232707,0.029328776828659316,-0.006048339113667756,-5.944989995326506,0.2746940753748311,-5.670295919951675,-1720//48619,78008319065//2659787672726,-330885//54706754,accounting attribution; not an independent causal effect
ideological/2022/15-29,ideological/2022/15-29,ideological/2022/15-29,ideological/2022/15-29,focal,ideological,all_parties,0,0,4,11,4,2022,Ideological 2022/MDB-UNIÃO,Ideological 2022/MDB-UNIÃO,,,,,,15,29,MDB,UNIÃO,true,endpoint-minimal,false,true,true,true,false,ideological/2022/15-29,"MDB, PMN, PSDB, PSD, PMB, PODE, PROS, PRTB, AGIR, PTB, PP, DC, REPUBLICANOS, PSC, UNIÃO",10,PTB,RS,89766,6149822,0.0145965200293602,0,31,0.0,0.45249212091016616,0.42088000688178284,-0.45249212091016616,0.031612114028383355,-0.42088000688178284,-5.944989995326506,0.2746940753748311,-5.670295919951675,-1391373//3074911,5317739231373//168218399648894,-23024979//54706754,accounting attribution; not an independent causal effect
ideological/2022/15-29,ideological/2022/15-29,ideological/2022/15-29,ideological/2022/15-29,focal,ideological,all_parties,0,0,4,11,4,2022,Ideological 2022/MDB-UNIÃO,Ideological 2022/MDB-UNIÃO,,,,,,15,29,MDB,UNIÃO,true,endpoint-minimal,false,true,true,true,false,ideological/2022/15-29,"MDB, PMN, PSDB, PSD, PMB, PODE, PROS, PRTB, AGIR, PTB, PP, DC, REPUBLICANOS, PSC, UNIÃO",10,PTB,SC,62709,3969848,0.01579632268036459,0,16,0.0,0.2527411628858334,0.2940196104488305,-0.2527411628858334,-0.04127844756299709,-0.2940196104488305,-5.944989995326506,0.2746940753748311,-5.670295919951675,-125418//496231,-2241187490283//54294374488348,-32169717//109413508,accounting attribution; not an independent causal effect
ideological/2022/15-29,ideological/2022/15-29,ideological/2022/15-29,ideological/2022/15-29,focal,ideological,all_parties,0,0,4,11,4,2022,Ideological 2022/MDB-UNIÃO,Ideological 2022/MDB-UNIÃO,,,,,,15,29,MDB,UNIÃO,true,endpoint-minimal,false,true,true,true,false,ideological/2022/15-29,"MDB, PMN, PSDB, PSD, PMB, PODE, PROS, PRTB, AGIR, PTB, PP, DC, REPUBLICANOS, PSC, UNIÃO",10,PTB,SE,3873,1191617,0.0032502053931758273,0,8,0.0,0.02600164314540662,0.018159083245918778,-0.02600164314540662,0.007842559899487844,-0.018159083245918778,-5.944989995326506,0.2746940753748311,-5.670295919951675,-30984//1191617,1022505087039//130378996162436,-1986849//109413508,accounting attribution; not an independent causal effect
ideological/2022/15-29,ideological/2022/15-29,ideological/2022/15-29,ideological/2022/15-29,focal,ideological,all_parties,0,0,4,11,4,2022,Ideological 2022/MDB-UNIÃO,Ideological 2022/MDB-UNIÃO,,,,,,15,29,MDB,UNIÃO,true,endpoint-minimal,false,true,true,true,false,ideological/2022/15-29,"MDB, PMN, PSDB, PSD, PMB, PODE, PROS, PRTB, AGIR, PTB, PP, DC, REPUBLICANOS, PSC, UNIÃO",10,PTB,SP,217212,23321040,0.009313992857951446,0,70,0.0,0.6519795000566012,1.0184277795023262,-0.6519795000566012,-0.3664482794457249,-1.0184277795023262,-5.944989995326506,0.2746940753748311,-5.670295919951675,-126707//194342,-1948006070599//5315909992934,-27857439//27353377,accounting attribution; not an independent causal effect
ideological/2022/15-29,ideological/2022/15-29,ideological/2022/15-29,ideological/2022/15-29,focal,ideological,all_parties,0,0,4,11,4,2022,Ideological 2022/MDB-UNIÃO,Ideological 2022/MDB-UNIÃO,,,,,,15,29,MDB,UNIÃO,true,endpoint-minimal,false,true,true,true,false,ideological/2022/15-29,"MDB, PMN, PSDB, PSD, PMB, PODE, PROS, PRTB, AGIR, PTB, PP, DC, REPUBLICANOS, PSC, UNIÃO",10,PTB,TO,27111,830140,0.03265834678487966,0,8,0.0,0.2612667742790373,0.12711358272143145,-0.2612667742790373,0.13415319155760583,-0.12711358272143145,-5.944989995326506,0.2746940753748311,-5.670295919951675,-54222//207535,3046234280271//22707132382780,-13907943//109413508,accounting attribution; not an independent causal effect
ideological/2022/15-29,ideological/2022/15-29,ideological/2022/15-29,ideological/2022/15-29,focal,ideological,all_parties,0,0,4,11,4,2022,Ideological 2022/MDB-UNIÃO,Ideological 2022/MDB-UNIÃO,,,,,,15,29,MDB,UNIÃO,true,endpoint-minimal,false,true,true,true,false,ideological/2022/15-29,"MDB, PMN, PSDB, PSD, PMB, PODE, PROS, PRTB, AGIR, PTB, PP, DC, REPUBLICANOS, PSC, UNIÃO",11,PP,AC,93602,434253,0.21554715799315147,3,8,0.375,1.7243772639452117,0.4388656106337437,1.2756227360547883,1.2855116533114679,2.561134389366256,3.074500419421968,3.1675802384799794,6.242080657901948,553943//434253,30539350206275//23756572044762,140111349//54706754,accounting attribution; not an independent causal effect
ideological/2022/15-29,ideological/2022/15-29,ideological/2022/15-29,ideological/2022/15-29,focal,ideological,all_parties,0,0,4,11,4,2022,Ideological 2022/MDB-UNIÃO,Ideological 2022/MDB-UNIÃO,,,,,,15,29,MDB,UNIÃO,true,endpoint-minimal,false,true,true,true,false,ideological/2022/15-29,"MDB, PMN, PSDB, PSD, PMB, PODE, PROS, PRTB, AGIR, PTB, PP, DC, REPUBLICANOS, PSC, UNIÃO",11,PP,AL,546041,1650763,0.3307809782506635,4,9,0.4444444444444444,2.9770288042559714,2.560186928656012,1.0229711957440286,0.41684187559995933,1.439813071343988,3.074500419421968,3.1675802384799794,6.242080657901948,1688683//1650763,75288216624273//180615770706604,157534999//109413508,accounting attribution; not an independent causal effect
ideological/2022/15-29,ideological/2022/15-29,ideological/2022/15-29,ideological/2022/15-29,focal,ideological,all_parties,0,0,4,11,4,2022,Ideological 2022/MDB-UNIÃO,Ideological 2022/MDB-UNIÃO,,,,,,15,29,MDB,UNIÃO,true,endpoint-minimal,false,true,true,true,false,ideological/2022/15-29,"MDB, PMN, PSDB, PSD, PMB, PODE, PROS, PRTB, AGIR, PTB, PP, DC, REPUBLICANOS, PSC, UNIÃO",11,PP,AM,0,1976477,0.0,0,8,0.0,0.0,0.0,0.0,0.0,0.0,3.074500419421968,3.1675802384799794,6.242080657901948,0//1,0//1,0//1,accounting attribution; not an independent causal effect
ideological/2022/15-29,ideological/2022/15-29,ideological/2022/15-29,ideological/2022/15-29,focal,ideological,all_parties,0,0,4,11,4,2022,Ideological 2022/MDB-UNIÃO,Ideological 2022/MDB-UNIÃO,,,,,,15,29,MDB,UNIÃO,true,endpoint-minimal,false,true,true,true,false,ideological/2022/15-29,"MDB, PMN, PSDB, PSD, PMB, PODE, PROS, PRTB, AGIR, PTB, PP, DC, REPUBLICANOS, PSC, UNIÃO",11,PP,AP,39086,423017,0.09239817785100835,0,8,0.0,0.7391854228080668,0.1832599865091612,-0.7391854228080668,0.5559254362989057,-0.1832599865091612,3.074500419421968,3.1675802384799794,6.242080657901948,-312688//423017,12865163603249//23141886956818,-10025559//54706754,accounting attribution; not an independent causal effect
ideological/2022/15-29,ideological/2022/15-29,ideological/2022/15-29,ideological/2022/15-29,focal,ideological,all_parties,0,0,4,11,4,2022,Ideological 2022/MDB-UNIÃO,Ideological 2022/MDB-UNIÃO,,,,,,15,29,MDB,UNIÃO,true,endpoint-minimal,false,true,true,true,false,ideological/2022/15-29,"MDB, PMN, PSDB, PSD, PMB, PODE, PROS, PRTB, AGIR, PTB, PP, DC, REPUBLICANOS, PSC, UNIÃO",11,PP,BA,776833,7958431,0.09761132564949046,4,39,0.10256410256410256,3.806841700330128,3.6422863710758637,0.1931582996698721,0.16455532925426403,0.3577136289241361,3.074500419421968,3.1675802384799794,6.242080657901948,118249//612187,11022167265969//66981527221996,39138703//109413508,accounting attribution; not an independent causal effect
ideological/2022/15-29,ideological/2022/15-29,ideological/2022/15-29,ideological/2022/15-29,focal,ideological,all_parties,0,0,4,11,4,2022,Ideological 2022/MDB-UNIÃO,Ideological 2022/MDB-UNIÃO,,,,,,15,29,MDB,UNIÃO,true,endpoint-minimal,false,true,true,true,false,ideological/2022/15-29,"MDB, PMN, PSDB, PSD, PMB, PODE, PROS, PRTB, AGIR, PTB, PP, DC, REPUBLICANOS, PSC, UNIÃO",11,PP,CE,225463,5083860,0.04434878222453018,1,22,0.045454545454545456,0.9756732089396639,1.0571137066549405,0.024326791060336046,-0.08144049771527667,-0.05711370665494063,3.074500419421968,3.1675802384799794,6.242080657901948,61837//2541930,-365328252023//4485830296620,-201581//3529468,accounting attribution; not an independent causal effect
ideological/2022/15-29,ideological/2022/15-29,ideological/2022/15-29,ideological/2022/15-29,focal,ideological,all_parties,0,0,4,11,4,2022,Ideological 2022/MDB-UNIÃO,Ideological 2022/MDB-UNIÃO,,,,,,15,29,MDB,UNIÃO,true,endpoint-minimal,false,true,true,true,false,ideological/2022/15-29,"MDB, PMN, PSDB, PSD, PMB, PODE, PROS, PRTB, AGIR, PTB, PP, DC, REPUBLICANOS, PSC, UNIÃO",11,PP,DF,117553,1607519,0.07312697392690226,0,8,0.0,0.5850157914152181,0.551163106844175,-0.5850157914152181,0.033852684571043075,-0.551163106844175,3.074500419421968,3.1675802384799794,6.242080657901948,-940424//1607519,5954155490801//175884292966652,-60304689//109413508,accounting attribution; not an independent causal effect
ideological/2022/15-29,ideological/2022/15-29,ideological/2022/15-29,ideological/2022/15-29,focal,ideological,all_parties,0,0,4,11,4,2022,Ideological 2022/MDB-UNIÃO,Ideological 2022/MDB-UNIÃO,,,,,,15,29,MDB,UNIÃO,true,endpoint-minimal,false,true,true,true,false,ideological/2022/15-29,"MDB, PMN, PSDB, PSD, PMB, PODE, PROS, PRTB, AGIR, PTB, PP, DC, REPUBLICANOS, PSC, UNIÃO",11,PP,ES,296301,2084430,0.14214965242296454,2,10,0.2,1.4214965242296456,1.3892472307898216,0.5785034757703544,0.03224929343982384,0.6107527692101783,3.074500419421968,3.1675802384799794,6.242080657901948,40195//69481,245164286983//7602159949348,66824603//109413508,accounting attribution; not an independent causal effect
ideological/2022/15-29,ideological/2022/15-29,ideological/2022/15-29,ideological/2022/15-29,focal,ideological,all_parties,0,0,4,11,4,2022,Ideological 2022/MDB-UNIÃO,Ideological 2022/MDB-UNIÃO,,,,,,15,29,MDB,UNIÃO,true,endpoint-minimal,false,true,true,true,false,ideological/2022/15-29,"MDB, PMN, PSDB, PSD, PMB, PODE, PROS, PRTB, AGIR, PTB, PP, DC, REPUBLICANOS, PSC, UNIÃO",11,PP,GO,287770,3439644,0.08366272788695574,2,17,0.11764705882352941,1.4222663740782477,1.3492484858450933,0.5777336259217524,0.07301788823315436,0.6507515141549067,3.074500419421968,3.1675802384799794,6.242080657901948,58447//101166,101028708865//1383615868791,35600503//54706754,accounting attribution; not an independent causal effect
ideological/2022/15-29,ideological/2022/15-29,ideological/2022/15-29,ideological/2022/15-29,focal,ideological,all_parties,0,0,4,11,4,2022,Ideological 2022/MDB-UNIÃO,Ideological 2022/MDB-UNIÃO,,,,,,15,29,MDB,UNIÃO,true,endpoint-minimal,false,true,true,true,false,ideological/2022/15-29,"MDB, PMN, PSDB, PSD, PMB, PODE, PROS, PRTB, AGIR, PTB, PP, DC, REPUBLICANOS, PSC, UNIÃO",11,PP,MA,304434,3707930,0.08210349170561472,2,18,0.1111111111111111,1.477862850701065,1.4273798990157596,0.522137149298935,0.05048295168530546,0.5726201009842404,3.074500419421968,3.1675802384799794,6.242080657901948,968024//1853965,5120203447359//101424407179610,31326187//54706754,accounting attribution; not an independent causal effect
ideological/2022/15-29,ideological/2022/15-29,ideological/2022/15-29,ideological/2022/15-29,focal,ideological,all_parties,0,0,4,11,4,2022,Ideological 2022/MDB-UNIÃO,Ideological 2022/MDB-UNIÃO,,,,,,15,29,MDB,UNIÃO,true,endpoint-minimal,false,true,true,true,false,ideological/2022/15-29,"MDB, PMN, PSDB, PSD, PMB, PODE, PROS, PRTB, AGIR, PTB, PP, DC, REPUBLICANOS, PSC, UNIÃO",11,PP,MG,655458,11181098,0.05862197075814916,3,53,0.05660377358490566,3.106964450181905,3.073203301369334,-0.10696445018190522,0.03376114881257154,-0.07320330136933366,3.074500419421968,3.1675802384799794,6.242080657901948,-597990//5590549,10325536385925//305840788867946,-4004715//54706754,accounting attribution; not an independent causal effect
ideological/2022/15-29,ideological/2022/15-29,ideological/2022/15-29,ideological/2022/15-29,focal,ideological,all_parties,0,0,4,11,4,2022,Ideological 2022/MDB-UNIÃO,Ideological 2022/MDB-UNIÃO,,,,,,15,29,MDB,UNIÃO,true,endpoint-minimal,false,true,true,true,false,ideological/2022/15-29,"MDB, PMN, PSDB, PSD, PMB, PODE, PROS, PRTB, AGIR, PTB, PP, DC, REPUBLICANOS, PSC, UNIÃO",11,PP,MS,146606,1374808,0.1066374359183246,1,8,0.125,0.8530994873465968,0.687382018680911,0.14690051265340323,0.16571746866568582,0.312617981319089,3.074500419421968,3.1675802384799794,6.242080657901948,25245//171851,1557977930335//9401410381654,17102315//54706754,accounting attribution; not an independent causal effect
ideological/2022/15-29,ideological/2022/15-29,ideological/2022/15-29,ideological/2022/15-29,focal,ideological,all_parties,0,0,4,11,4,2022,Ideological 2022/MDB-UNIÃO,Ideological 2022/MDB-UNIÃO,,,,,,15,29,MDB,UNIÃO,true,endpoint-minimal,false,true,true,true,false,ideological/2022/15-29,"MDB, PMN, PSDB, PSD, PMB, PODE, PROS, PRTB, AGIR, PTB, PP, DC, REPUBLICANOS, PSC, UNIÃO",11,PP,MT,4593,1730277,0.0026544882697972635,0,8,0.0,0.021235906158378108,0.021534900425640314,-0.021235906158378108,-0.0002989942672622055,-0.021534900425640314,3.074500419421968,3.1675802384799794,6.242080657901948,-12248//576759,-18868100647//63105225460572,-2356209//109413508,accounting attribution; not an independent causal effect
ideological/2022/15-29,ideological/2022/15-29,ideological/2022/15-29,ideological/2022/15-29,focal,ideological,all_parties,0,0,4,11,4,2022,Ideological 2022/MDB-UNIÃO,Ideological 2022/MDB-UNIÃO,,,,,,15,29,MDB,UNIÃO,true,endpoint-minimal,false,true,true,true,false,ideological/2022/15-29,"MDB, PMN, PSDB, PSD, PMB, PODE, PROS, PRTB, AGIR, PTB, PP, DC, REPUBLICANOS, PSC, UNIÃO",11,PP,PA,187285,4521516,0.04142084203616663,0,17,0.0,0.7041543146148327,0.8781110007002061,-0.7041543146148327,-0.17395668608537332,-0.8781110007002061,3.074500419421968,3.1675802384799794,6.242080657901948,-3183845//4521516,-10757371158065//61839365879766,-96077205//109413508,accounting attribution; not an independent causal effect
ideological/2022/15-29,ideological/2022/15-29,ideological/2022/15-29,ideological/2022/15-29,focal,ideological,all_parties,0,0,4,11,4,2022,Ideological 2022/MDB-UNIÃO,Ideological 2022/MDB-UNIÃO,,,,,,15,29,MDB,UNIÃO,true,endpoint-minimal,false,true,true,true,false,ideological/2022/15-29,"MDB, PMN, PSDB, PSD, PMB, PODE, PROS, PRTB, AGIR, PTB, PP, DC, REPUBLICANOS, PSC, UNIÃO",11,PP,PB,327019,2209355,0.14801559731233777,2,12,0.16666666666666666,1.7761871677480532,1.5332727198546636,0.22381283225194684,0.2429144478933895,0.4667272801453364,3.074500419421968,3.1675802384799794,6.242080657901948,494482//2209355,1894209886569//7797847773140,1647299//3529468,accounting attribution; not an independent causal effect
ideological/2022/15-29,ideological/2022/15-29,ideological/2022/15-29,ideological/2022/15-29,focal,ideological,all_parties,0,0,4,11,4,2022,Ideological 2022/MDB-UNIÃO,Ideological 2022/MDB-UNIÃO,,,,,,15,29,MDB,UNIÃO,true,endpoint-minimal,false,true,true,true,false,ideological/2022/15-29,"MDB, PMN, PSDB, PSD, PMB, PODE, PROS, PRTB, AGIR, PTB, PP, DC, REPUBLICANOS, PSC, UNIÃO",11,PP,PE,681164,4969863,0.13705890886730682,4,25,0.16,3.42647272168267,3.1937293519553362,0.5735272783173299,0.23274336972733387,0.8062706480446638,3.074500419421968,3.1675802384799794,6.242080657901948,2850352//4969863,31639723982471//135942536277351,22054225//27353377,accounting attribution; not an independent causal effect
ideological/2022/15-29,ideological/2022/15-29,ideological/2022/15-29,ideological/2022/15-29,focal,ideological,all_parties,0,0,4,11,4,2022,Ideological 2022/MDB-UNIÃO,Ideological 2022/MDB-UNIÃO,,,,,,15,29,MDB,UNIÃO,true,endpoint-minimal,false,true,true,true,false,ideological/2022/15-29,"MDB, PMN, PSDB, PSD, PMB, PODE, PROS, PRTB, AGIR, PTB, PP, DC, REPUBLICANOS, PSC, UNIÃO",11,PP,PI,400918,1957483,0.20481301753323017,2,10,0.2,2.0481301753323016,1.8797581556383332,-0.04813017533230174,0.16837201969396867,0.12024184436166693,3.074500419421968,3.1675802384799794,6.242080657901948,-94214//1957483,18030545552159//107087540940182,6578041//54706754,accounting attribution; not an independent causal effect
ideological/2022/15-29,ideological/2022/15-29,ideological/2022/15-29,ideological/2022/15-29,focal,ideological,all_parties,0,0,4,11,4,2022,Ideological 2022/MDB-UNIÃO,Ideological 2022/MDB-UNIÃO,,,,,,15,29,MDB,UNIÃO,true,endpoint-minimal,false,true,true,true,false,ideological/2022/15-29,"MDB, PMN, PSDB, PSD, PMB, PODE, PROS, PRTB, AGIR, PTB, PP, DC, REPUBLICANOS, PSC, UNIÃO",11,PP,PR,704175,6038642,0.11661148317784031,4,30,0.13333333333333333,3.4983444953352096,3.3016195312922423,0.5016555046647905,0.19672496404296722,0.6983804687077577,3.074500419421968,3.1675802384799794,6.242080657901948,1514659//3019321,64988977603725//330354502388068,76412257//109413508,accounting attribution; not an independent causal effect
ideological/2022/15-29,ideological/2022/15-29,ideological/2022/15-29,ideological/2022/15-29,focal,ideological,all_parties,0,0,4,11,4,2022,Ideological 2022/MDB-UNIÃO,Ideological 2022/MDB-UNIÃO,,,,,,15,29,MDB,UNIÃO,true,endpoint-minimal,false,true,true,true,false,ideological/2022/15-29,"MDB, PMN, PSDB, PSD, PMB, PODE, PROS, PRTB, AGIR, PTB, PP, DC, REPUBLICANOS, PSC, UNIÃO",11,PP,RJ,569050,8575988,0.06635387083097598,3,46,0.06521739130434782,3.052278058224895,2.6680677307229743,-0.052278058224894904,0.3842103275019206,0.3319322692770256,3.074500419421968,3.1675802384799794,6.242080657901948,-112084//2143997,45064458266525//117291116455738,18158937//54706754,accounting attribution; not an independent causal effect
ideological/2022/15-29,ideological/2022/15-29,ideological/2022/15-29,ideological/2022/15-29,focal,ideological,all_parties,0,0,4,11,4,2022,Ideological 2022/MDB-UNIÃO,Ideological 2022/MDB-UNIÃO,,,,,,15,29,MDB,UNIÃO,true,endpoint-minimal,false,true,true,true,false,ideological/2022/15-29,"MDB, PMN, PSDB, PSD, PMB, PODE, PROS, PRTB, AGIR, PTB, PP, DC, REPUBLICANOS, PSC, UNIÃO",11,PP,RN,153061,1864825,0.08207794297052003,0,8,0.0,0.6566235437641602,0.7176471574241089,-0.6566235437641602,-0.06102361365994874,-0.7176471574241089,3.074500419421968,3.1675802384799794,6.242080657901948,-1224488//1864825,-12451077809821//204037045056100,-78520293//109413508,accounting attribution; not an independent causal effect
ideological/2022/15-29,ideological/2022/15-29,ideological/2022/15-29,ideological/2022/15-29,focal,ideological,all_parties,0,0,4,11,4,2022,Ideological 2022/MDB-UNIÃO,Ideological 2022/MDB-UNIÃO,,,,,,15,29,MDB,UNIÃO,true,endpoint-minimal,false,true,true,true,false,ideological/2022/15-29,"MDB, PMN, PSDB, PSD, PMB, PODE, PROS, PRTB, AGIR, PTB, PP, DC, REPUBLICANOS, PSC, UNIÃO",11,PP,RO,19239,869148,0.0221354705987933,0,8,0.0,0.1770837647903464,0.09020464822314261,-0.1770837647903464,0.08687911656720379,-0.09020464822314261,3.074500419421968,3.1675802384799794,6.242080657901948,-12826//72429,688491888205//7924710970932,-9869607//109413508,accounting attribution; not an independent causal effect
ideological/2022/15-29,ideological/2022/15-29,ideological/2022/15-29,ideological/2022/15-29,focal,ideological,all_parties,0,0,4,11,4,2022,Ideological 2022/MDB-UNIÃO,Ideological 2022/MDB-UNIÃO,,,,,,15,29,MDB,UNIÃO,true,endpoint-minimal,false,true,true,true,false,ideological/2022/15-29,"MDB, PMN, PSDB, PSD, PMB, PODE, PROS, PRTB, AGIR, PTB, PP, DC, REPUBLICANOS, PSC, UNIÃO",11,PP,RR,25389,291714,0.08703387564532385,0,8,0.0,0.6962710051625908,0.11903975329993076,-0.6962710051625908,0.57723125186266,-0.11903975329993076,3.074500419421968,3.1675802384799794,6.242080657901948,-33852//48619,99052423743//171599204692,-420147//3529468,accounting attribution; not an independent causal effect
ideological/2022/15-29,ideological/2022/15-29,ideological/2022/15-29,ideological/2022/15-29,focal,ideological,all_parties,0,0,4,11,4,2022,Ideological 2022/MDB-UNIÃO,Ideological 2022/MDB-UNIÃO,,,,,,15,29,MDB,UNIÃO,true,endpoint-minimal,false,true,true,true,false,ideological/2022/15-29,"MDB, PMN, PSDB, PSD, PMB, PODE, PROS, PRTB, AGIR, PTB, PP, DC, REPUBLICANOS, PSC, UNIÃO",11,PP,RS,522295,6149822,0.08492847435259102,3,31,0.0967741935483871,2.6327827049303214,2.448850602614807,0.36721729506967843,0.18393210231551463,0.5511493973851931,3.074500419421968,3.1675802384799794,6.242080657901948,2258321//6149822,61881527791145//336436799297788,60303189//109413508,accounting attribution; not an independent causal effect
ideological/2022/15-29,ideological/2022/15-29,ideological/2022/15-29,ideological/2022/15-29,focal,ideological,all_parties,0,0,4,11,4,2022,Ideological 2022/MDB-UNIÃO,Ideological 2022/MDB-UNIÃO,,,,,,15,29,MDB,UNIÃO,true,endpoint-minimal,false,true,true,true,false,ideological/2022/15-29,"MDB, PMN, PSDB, PSD, PMB, PODE, PROS, PRTB, AGIR, PTB, PP, DC, REPUBLICANOS, PSC, UNIÃO",11,PP,SC,209318,3969848,0.052726955792765866,0,16,0.0,0.8436312926842539,0.981415695034657,-0.8436312926842539,-0.13778440235040307,-0.981415695034657,3.074500419421968,3.1675802384799794,6.242080657901948,-418636//496231,-3740458969933//27147187244174,-53690067//54706754,accounting attribution; not an independent causal effect
ideological/2022/15-29,ideological/2022/15-29,ideological/2022/15-29,ideological/2022/15-29,focal,ideological,all_parties,0,0,4,11,4,2022,Ideological 2022/MDB-UNIÃO,Ideological 2022/MDB-UNIÃO,,,,,,15,29,MDB,UNIÃO,true,endpoint-minimal,false,true,true,true,false,ideological/2022/15-29,"MDB, PMN, PSDB, PSD, PMB, PODE, PROS, PRTB, AGIR, PTB, PP, DC, REPUBLICANOS, PSC, UNIÃO",11,PP,SE,136000,1191617,0.11413063089902209,1,8,0.125,0.9130450471921767,0.637654356169624,0.08695495280782332,0.2753906910225527,0.36234564383037604,3.074500419421968,3.1675802384799794,6.242080657901948,103617//1191617,8976290462000//32594749040609,9911377//27353377,accounting attribution; not an independent causal effect
ideological/2022/15-29,ideological/2022/15-29,ideological/2022/15-29,ideological/2022/15-29,focal,ideological,all_parties,0,0,4,11,4,2022,Ideological 2022/MDB-UNIÃO,Ideological 2022/MDB-UNIÃO,,,,,,15,29,MDB,UNIÃO,true,endpoint-minimal,false,true,true,true,false,ideological/2022/15-29,"MDB, PMN, PSDB, PSD, PMB, PODE, PROS, PRTB, AGIR, PTB, PP, DC, REPUBLICANOS, PSC, UNIÃO",11,PP,SP,1174646,23321040,0.05036850843701653,4,70,0.05714285714285714,3.5257955905911573,5.5074863151266475,0.47420440940884284,-1.9816907245354907,-1.5074863151266478,3.074500419421968,3.1675802384799794,6.242080657901948,552947//1166052,-63206937152777//31895459957604,-82469683//54706754,accounting attribution; not an independent causal effect
ideological/2022/15-29,ideological/2022/15-29,ideological/2022/15-29,ideological/2022/15-29,focal,ideological,all_parties,0,0,4,11,4,2022,Ideological 2022/MDB-UNIÃO,Ideological 2022/MDB-UNIÃO,,,,,,15,29,MDB,UNIÃO,true,endpoint-minimal,false,true,true,true,false,ideological/2022/15-29,"MDB, PMN, PSDB, PSD, PMB, PODE, PROS, PRTB, AGIR, PTB, PP, DC, REPUBLICANOS, PSC, UNIÃO",11,PP,TO,89619,830140,0.10795648926687065,2,8,0.25,0.8636519141349652,0.420190777540923,1.1363480858650348,0.4434611365940422,1.579809222459077,3.074500419421968,3.1675802384799794,6.242080657901948,235832//207535,10069730735259//22707132382780,172852469//109413508,accounting attribution; not an independent causal effect
ideological/2022/15-29,ideological/2022/15-29,ideological/2022/15-29,ideological/2022/15-29,focal,ideological,all_parties,0,0,4,11,4,2022,Ideological 2022/MDB-UNIÃO,Ideological 2022/MDB-UNIÃO,,,,,,15,29,MDB,UNIÃO,true,endpoint-minimal,false,true,true,true,false,ideological/2022/15-29,"MDB, PMN, PSDB, PSD, PMB, PODE, PROS, PRTB, AGIR, PTB, PP, DC, REPUBLICANOS, PSC, UNIÃO",12,DC,AC,0,434253,0.0,0,8,0.0,0.0,0.0,0.0,0.0,0.0,-0.5006077071853968,0.04233583640322612,-0.4582718707821707,0//1,0//1,0//1,accounting attribution; not an independent causal effect
ideological/2022/15-29,ideological/2022/15-29,ideological/2022/15-29,ideological/2022/15-29,focal,ideological,all_parties,0,0,4,11,4,2022,Ideological 2022/MDB-UNIÃO,Ideological 2022/MDB-UNIÃO,,,,,,15,29,MDB,UNIÃO,true,endpoint-minimal,false,true,true,true,false,ideological/2022/15-29,"MDB, PMN, PSDB, PSD, PMB, PODE, PROS, PRTB, AGIR, PTB, PP, DC, REPUBLICANOS, PSC, UNIÃO",12,DC,AL,211,1650763,0.0001278196809596532,0,9,0.0,0.0011503771286368789,0.0009893019790572842,-0.0011503771286368789,0.0001610751495795946,-0.0009893019790572842,-0.5006077071853968,0.04233583640322612,-0.4582718707821707,-1899//1650763,29092712283//180615770706604,-108243//109413508,accounting attribution; not an independent causal effect
ideological/2022/15-29,ideological/2022/15-29,ideological/2022/15-29,ideological/2022/15-29,focal,ideological,all_parties,0,0,4,11,4,2022,Ideological 2022/MDB-UNIÃO,Ideological 2022/MDB-UNIÃO,,,,,,15,29,MDB,UNIÃO,true,endpoint-minimal,false,true,true,true,false,ideological/2022/15-29,"MDB, PMN, PSDB, PSD, PMB, PODE, PROS, PRTB, AGIR, PTB, PP, DC, REPUBLICANOS, PSC, UNIÃO",12,DC,AM,2552,1976477,0.0012911862875206743,0,8,0.0,0.010329490300165394,0.01196539644812412,-0.010329490300165394,-0.0016359061479587248,-0.01196539644812412,-0.5006077071853968,0.04233583640322612,-0.4582718707821707,-20416//1976477,-88442518406//54063320512829,-327294//27353377,accounting attribution; not an independent causal effect
ideological/2022/15-29,ideological/2022/15-29,ideological/2022/15-29,ideological/2022/15-29,focal,ideological,all_parties,0,0,4,11,4,2022,Ideological 2022/MDB-UNIÃO,Ideological 2022/MDB-UNIÃO,,,,,,15,29,MDB,UNIÃO,true,endpoint-minimal,false,true,true,true,false,ideological/2022/15-29,"MDB, PMN, PSDB, PSD, PMB, PODE, PROS, PRTB, AGIR, PTB, PP, DC, REPUBLICANOS, PSC, UNIÃO",12,DC,AP,0,423017,0.0,0,8,0.0,0.0,0.0,0.0,0.0,0.0,-0.5006077071853968,0.04233583640322612,-0.4582718707821707,0//1,0//1,0//1,accounting attribution; not an independent causal effect
ideological/2022/15-29,ideological/2022/15-29,ideological/2022/15-29,ideological/2022/15-29,focal,ideological,all_parties,0,0,4,11,4,2022,Ideological 2022/MDB-UNIÃO,Ideological 2022/MDB-UNIÃO,,,,,,15,29,MDB,UNIÃO,true,endpoint-minimal,false,true,true,true,false,ideological/2022/15-29,"MDB, PMN, PSDB, PSD, PMB, PODE, PROS, PRTB, AGIR, PTB, PP, DC, REPUBLICANOS, PSC, UNIÃO",12,DC,BA,5953,7958431,0.0007480117626200441,0,39,0.0,0.02917245874218172,0.027911443987336554,-0.02917245874218172,0.0012610147548451644,-0.027911443987336554,-0.5006077071853968,0.04233583640322612,-0.4582718707821707,-17859//612187,84464694129//66981527221996,-3053889//109413508,accounting attribution; not an independent causal effect
ideological/2022/15-29,ideological/2022/15-29,ideological/2022/15-29,ideological/2022/15-29,focal,ideological,all_parties,0,0,4,11,4,2022,Ideological 2022/MDB-UNIÃO,Ideological 2022/MDB-UNIÃO,,,,,,15,29,MDB,UNIÃO,true,endpoint-minimal,false,true,true,true,false,ideological/2022/15-29,"MDB, PMN, PSDB, PSD, PMB, PODE, PROS, PRTB, AGIR, PTB, PP, DC, REPUBLICANOS, PSC, UNIÃO",12,DC,CE,0,5083860,0.0,0,22,0.0,0.0,0.0,0.0,0.0,0.0,-0.5006077071853968,0.04233583640322612,-0.4582718707821707,0//1,0//1,0//1,accounting attribution; not an independent causal effect
ideological/2022/15-29,ideological/2022/15-29,ideological/2022/15-29,ideological/2022/15-29,focal,ideological,all_parties,0,0,4,11,4,2022,Ideological 2022/MDB-UNIÃO,Ideological 2022/MDB-UNIÃO,,,,,,15,29,MDB,UNIÃO,true,endpoint-minimal,false,true,true,true,false,ideological/2022/15-29,"MDB, PMN, PSDB, PSD, PMB, PODE, PROS, PRTB, AGIR, PTB, PP, DC, REPUBLICANOS, PSC, UNIÃO",12,DC,DF,3816,1607519,0.0023738444149027167,0,8,0.0,0.018990755319221734,0.017891831052524156,-0.018990755319221734,0.001098924266697578,-0.017891831052524156,-0.5006077071853968,0.04233583640322612,-0.4582718707821707,-30528//1607519,48320879418//43971073241663,-489402//27353377,accounting attribution; not an independent causal effect
ideological/2022/15-29,ideological/2022/15-29,ideological/2022/15-29,ideological/2022/15-29,focal,ideological,all_parties,0,0,4,11,4,2022,Ideological 2022/MDB-UNIÃO,Ideological 2022/MDB-UNIÃO,,,,,,15,29,MDB,UNIÃO,true,endpoint-minimal,false,true,true,true,false,ideological/2022/15-29,"MDB, PMN, PSDB, PSD, PMB, PODE, PROS, PRTB, AGIR, PTB, PP, DC, REPUBLICANOS, PSC, UNIÃO",12,DC,ES,2070,2084430,0.0009930772441386854,0,10,0.0,0.009930772441386853,0.009705474391699423,-0.009930772441386853,0.00022529804968743052,-0.009705474391699423,-0.5006077071853968,0.04233583640322612,-0.4582718707821707,-690//69481,856375905//3801079974674,-530955//54706754,accounting attribution; not an independent causal effect
ideological/2022/15-29,ideological/2022/15-29,ideological/2022/15-29,ideological/2022/15-29,focal,ideological,all_parties,0,0,4,11,4,2022,Ideological 2022/MDB-UNIÃO,Ideological 2022/MDB-UNIÃO,,,,,,15,29,MDB,UNIÃO,true,endpoint-minimal,false,true,true,true,false,ideological/2022/15-29,"MDB, PMN, PSDB, PSD, PMB, PODE, PROS, PRTB, AGIR, PTB, PP, DC, REPUBLICANOS, PSC, UNIÃO",12,DC,GO,5583,3439644,0.0016231330916804182,0,17,0.0,0.027593262558567106,0.02617664904775743,-0.027593262558567106,0.001416613510809677,-0.02617664904775743,-0.5006077071853968,0.04233583640322612,-0.4582718707821707,-1861//67444,1306699289//922410579194,-2864079//109413508,accounting attribution; not an independent causal effect
ideological/2022/15-29,ideological/2022/15-29,ideological/2022/15-29,ideological/2022/15-29,focal,ideological,all_parties,0,0,4,11,4,2022,Ideological 2022/MDB-UNIÃO,Ideological 2022/MDB-UNIÃO,,,,,,15,29,MDB,UNIÃO,true,endpoint-minimal,false,true,true,true,false,ideological/2022/15-29,"MDB, PMN, PSDB, PSD, PMB, PODE, PROS, PRTB, AGIR, PTB, PP, DC, REPUBLICANOS, PSC, UNIÃO",12,DC,MA,2315,3707930,0.0006243375684006979,0,18,0.0,0.011238076231212563,0.010854189959799114,-0.011238076231212563,0.0003838862714134497,-0.010854189959799114,-0.5006077071853968,0.04233583640322612,-0.4582718707821707,-4167//370793,15574175001//40569762871844,-1187595//109413508,accounting attribution; not an independent causal effect
ideological/2022/15-29,ideological/2022/15-29,ideological/2022/15-29,ideological/2022/15-29,focal,ideological,all_parties,0,0,4,11,4,2022,Ideological 2022/MDB-UNIÃO,Ideological 2022/MDB-UNIÃO,,,,,,15,29,MDB,UNIÃO,true,endpoint-minimal,false,true,true,true,false,ideological/2022/15-29,"MDB, PMN, PSDB, PSD, PMB, PODE, PROS, PRTB, AGIR, PTB, PP, DC, REPUBLICANOS, PSC, UNIÃO",12,DC,MG,4808,11181098,0.0004300114353706586,0,53,0.0,0.022790606074644906,0.02254295694458494,-0.022790606074644906,0.00024764913005996417,-0.02254295694458494,-0.5006077071853968,0.04233583640322612,-0.4582718707821707,-127412//5590549,37870602650//152920394433973,-616626//27353377,accounting attribution; not an independent causal effect
ideological/2022/15-29,ideological/2022/15-29,ideological/2022/15-29,ideological/2022/15-29,focal,ideological,all_parties,0,0,4,11,4,2022,Ideological 2022/MDB-UNIÃO,Ideological 2022/MDB-UNIÃO,,,,,,15,29,MDB,UNIÃO,true,endpoint-minimal,false,true,true,true,false,ideological/2022/15-29,"MDB, PMN, PSDB, PSD, PMB, PODE, PROS, PRTB, AGIR, PTB, PP, DC, REPUBLICANOS, PSC, UNIÃO",12,DC,MS,528,1374808,0.0003840536278520346,0,8,0.0,0.003072429022816277,0.0024755992651291285,-0.003072429022816277,0.0005968297576871486,-0.0024755992651291285,-0.5006077071853968,0.04233583640322612,-0.4582718707821707,-528//171851,2805520740//4700705190827,-67716//27353377,accounting attribution; not an independent causal effect
ideological/2022/15-29,ideological/2022/15-29,ideological/2022/15-29,ideological/2022/15-29,focal,ideological,all_parties,0,0,4,11,4,2022,Ideological 2022/MDB-UNIÃO,Ideological 2022/MDB-UNIÃO,,,,,,15,29,MDB,UNIÃO,true,endpoint-minimal,false,true,true,true,false,ideological/2022/15-29,"MDB, PMN, PSDB, PSD, PMB, PODE, PROS, PRTB, AGIR, PTB, PP, DC, REPUBLICANOS, PSC, UNIÃO",12,DC,MT,2711,1730277,0.0015668011538036973,0,8,0.0,0.012534409230429578,0.01271088940864596,-0.012534409230429578,-0.00017648017821638126,-0.01271088940864596,-0.5006077071853968,0.04233583640322612,-0.4582718707821707,-21688//1730277,-33410464307//189315676381716,-1390743//109413508,accounting attribution; not an independent causal effect
ideological/2022/15-29,ideological/2022/15-29,ideological/2022/15-29,ideological/2022/15-29,focal,ideological,all_parties,0,0,4,11,4,2022,Ideological 2022/MDB-UNIÃO,Ideological 2022/MDB-UNIÃO,,,,,,15,29,MDB,UNIÃO,true,endpoint-minimal,false,true,true,true,false,ideological/2022/15-29,"MDB, PMN, PSDB, PSD, PMB, PODE, PROS, PRTB, AGIR, PTB, PP, DC, REPUBLICANOS, PSC, UNIÃO",12,DC,PA,0,4521516,0.0,0,17,0.0,0.0,0.0,0.0,0.0,0.0,-0.5006077071853968,0.04233583640322612,-0.4582718707821707,0//1,0//1,0//1,accounting attribution; not an independent causal effect
ideological/2022/15-29,ideological/2022/15-29,ideological/2022/15-29,ideological/2022/15-29,focal,ideological,all_parties,0,0,4,11,4,2022,Ideological 2022/MDB-UNIÃO,Ideological 2022/MDB-UNIÃO,,,,,,15,29,MDB,UNIÃO,true,endpoint-minimal,false,true,true,true,false,ideological/2022/15-29,"MDB, PMN, PSDB, PSD, PMB, PODE, PROS, PRTB, AGIR, PTB, PP, DC, REPUBLICANOS, PSC, UNIÃO",12,DC,PB,335,2209355,0.00015162796381749426,0,12,0.0,0.001819535565809931,0.0015706927155648826,-0.001819535565809931,0.0002488428502450484,-0.0015706927155648826,-0.5006077071853968,0.04233583640322612,-0.4582718707821707,-804//441871,12030719727//48346656193468,-171855//109413508,accounting attribution; not an independent causal effect
ideological/2022/15-29,ideological/2022/15-29,ideological/2022/15-29,ideological/2022/15-29,focal,ideological,all_parties,0,0,4,11,4,2022,Ideological 2022/MDB-UNIÃO,Ideological 2022/MDB-UNIÃO,,,,,,15,29,MDB,UNIÃO,true,endpoint-minimal,false,true,true,true,false,ideological/2022/15-29,"MDB, PMN, PSDB, PSD, PMB, PODE, PROS, PRTB, AGIR, PTB, PP, DC, REPUBLICANOS, PSC, UNIÃO",12,DC,PE,3140,4969863,0.0006318081605066377,0,25,0.0,0.01579520401266594,0.014722313811563376,-0.01579520401266594,0.001072890201102566,-0.014722313811563376,-0.5006077071853968,0.04233583640322612,-0.4582718707821707,-78500//4969863,145851415085//135942536277351,-402705//27353377,accounting attribution; not an independent causal effect
ideological/2022/15-29,ideological/2022/15-29,ideological/2022/15-29,ideological/2022/15-29,focal,ideological,all_parties,0,0,4,11,4,2022,Ideological 2022/MDB-UNIÃO,Ideological 2022/MDB-UNIÃO,,,,,,15,29,MDB,UNIÃO,true,endpoint-minimal,false,true,true,true,false,ideological/2022/15-29,"MDB, PMN, PSDB, PSD, PMB, PODE, PROS, PRTB, AGIR, PTB, PP, DC, REPUBLICANOS, PSC, UNIÃO",12,DC,PI,0,1957483,0.0,0,10,0.0,0.0,0.0,0.0,0.0,0.0,-0.5006077071853968,0.04233583640322612,-0.4582718707821707,0//1,0//1,0//1,accounting attribution; not an independent causal effect
ideological/2022/15-29,ideological/2022/15-29,ideological/2022/15-29,ideological/2022/15-29,focal,ideological,all_parties,0,0,4,11,4,2022,Ideological 2022/MDB-UNIÃO,Ideological 2022/MDB-UNIÃO,,,,,,15,29,MDB,UNIÃO,true,endpoint-minimal,false,true,true,true,false,ideological/2022/15-29,"MDB, PMN, PSDB, PSD, PMB, PODE, PROS, PRTB, AGIR, PTB, PP, DC, REPUBLICANOS, PSC, UNIÃO",12,DC,PR,31099,6038642,0.005149998956719077,0,30,0.0,0.15449996870157232,0.14581185898911128,-0.15449996870157232,0.008688109712461017,-0.14581185898911128,-0.5006077071853968,0.04233583640322612,-0.4582718707821707,-466485//3019321,2870156160753//330354502388068,-15953787//109413508,accounting attribution; not an independent causal effect
ideological/2022/15-29,ideological/2022/15-29,ideological/2022/15-29,ideological/2022/15-29,focal,ideological,all_parties,0,0,4,11,4,2022,Ideological 2022/MDB-UNIÃO,Ideological 2022/MDB-UNIÃO,,,,,,15,29,MDB,UNIÃO,true,endpoint-minimal,false,true,true,true,false,ideological/2022/15-29,"MDB, PMN, PSDB, PSD, PMB, PODE, PROS, PRTB, AGIR, PTB, PP, DC, REPUBLICANOS, PSC, UNIÃO",12,DC,RJ,17465,8575988,0.0020365000510728327,0,46,0.0,0.0936790023493503,0.08188700978310649,-0.0936790023493503,0.011791992566243813,-0.08188700978310649,-0.5006077071853968,0.04233583640322612,-0.4582718707821707,-401695//4287994,2766191946665//234582232911476,-8959545//109413508,accounting attribution; not an independent causal effect
ideological/2022/15-29,ideological/2022/15-29,ideological/2022/15-29,ideological/2022/15-29,focal,ideological,all_parties,0,0,4,11,4,2022,Ideological 2022/MDB-UNIÃO,Ideological 2022/MDB-UNIÃO,,,,,,15,29,MDB,UNIÃO,true,endpoint-minimal,false,true,true,true,false,ideological/2022/15-29,"MDB, PMN, PSDB, PSD, PMB, PODE, PROS, PRTB, AGIR, PTB, PP, DC, REPUBLICANOS, PSC, UNIÃO",12,DC,RN,2094,1864825,0.0011228935691016584,0,8,0.0,0.008983148552813267,0.009818001631023475,-0.008983148552813267,-0.000834853078210208,-0.009818001631023475,-0.5006077071853968,0.04233583640322612,-0.4582718707821707,-16752//1864825,-85170477567//102018522528050,-537111//54706754,accounting attribution; not an independent causal effect
ideological/2022/15-29,ideological/2022/15-29,ideological/2022/15-29,ideological/2022/15-29,focal,ideological,all_parties,0,0,4,11,4,2022,Ideological 2022/MDB-UNIÃO,Ideological 2022/MDB-UNIÃO,,,,,,15,29,MDB,UNIÃO,true,endpoint-minimal,false,true,true,true,false,ideological/2022/15-29,"MDB, PMN, PSDB, PSD, PMB, PODE, PROS, PRTB, AGIR, PTB, PP, DC, REPUBLICANOS, PSC, UNIÃO",12,DC,RO,0,869148,0.0,0,8,0.0,0.0,0.0,0.0,0.0,0.0,-0.5006077071853968,0.04233583640322612,-0.4582718707821707,0//1,0//1,0//1,accounting attribution; not an independent causal effect
ideological/2022/15-29,ideological/2022/15-29,ideological/2022/15-29,ideological/2022/15-29,focal,ideological,all_parties,0,0,4,11,4,2022,Ideological 2022/MDB-UNIÃO,Ideological 2022/MDB-UNIÃO,,,,,,15,29,MDB,UNIÃO,true,endpoint-minimal,false,true,true,true,false,ideological/2022/15-29,"MDB, PMN, PSDB, PSD, PMB, PODE, PROS, PRTB, AGIR, PTB, PP, DC, REPUBLICANOS, PSC, UNIÃO",12,DC,RR,694,291714,0.002379042486819282,0,8,0.0,0.019032339894554256,0.0032539126704538165,-0.019032339894554256,0.015778427224100437,-0.0032539126704538165,-0.5006077071853968,0.04233583640322612,-0.4582718707821707,-2776//145857,125901798677//7979363018178,-178011//54706754,accounting attribution; not an independent causal effect
ideological/2022/15-29,ideological/2022/15-29,ideological/2022/15-29,ideological/2022/15-29,focal,ideological,all_parties,0,0,4,11,4,2022,Ideological 2022/MDB-UNIÃO,Ideological 2022/MDB-UNIÃO,,,,,,15,29,MDB,UNIÃO,true,endpoint-minimal,false,true,true,true,false,ideological/2022/15-29,"MDB, PMN, PSDB, PSD, PMB, PODE, PROS, PRTB, AGIR, PTB, PP, DC, REPUBLICANOS, PSC, UNIÃO",12,DC,RS,1187,6149822,0.00019301371649455871,0,31,0.0,0.00598342521133132,0.005565409711568704,-0.00598342521133132,0.00041801549976261664,-0.005565409711568704,-0.5006077071853968,0.04233583640322612,-0.4582718707821707,-36797//6149822,140635796797//336436799297788,-608931//109413508,accounting attribution; not an independent causal effect
ideological/2022/15-29,ideological/2022/15-29,ideological/2022/15-29,ideological/2022/15-29,focal,ideological,all_parties,0,0,4,11,4,2022,Ideological 2022/MDB-UNIÃO,Ideological 2022/MDB-UNIÃO,,,,,,15,29,MDB,UNIÃO,true,endpoint-minimal,false,true,true,true,false,ideological/2022/15-29,"MDB, PMN, PSDB, PSD, PMB, PODE, PROS, PRTB, AGIR, PTB, PP, DC, REPUBLICANOS, PSC, UNIÃO",12,DC,SC,1490,3969848,0.00037532923174892337,0,16,0.0,0.006005267707982774,0.006986066108034851,-0.006005267707982774,-0.0009807984000520765,-0.006986066108034851,-0.5006077071853968,0.04233583640322612,-0.4582718707821707,-2980//496231,-26625917815//27147187244174,-382185//54706754,accounting attribution; not an independent causal effect
ideological/2022/15-29,ideological/2022/15-29,ideological/2022/15-29,ideological/2022/15-29,focal,ideological,all_parties,0,0,4,11,4,2022,Ideological 2022/MDB-UNIÃO,Ideological 2022/MDB-UNIÃO,,,,,,15,29,MDB,UNIÃO,true,endpoint-minimal,false,true,true,true,false,ideological/2022/15-29,"MDB, PMN, PSDB, PSD, PMB, PODE, PROS, PRTB, AGIR, PTB, PP, DC, REPUBLICANOS, PSC, UNIÃO",12,DC,SE,3562,1191617,0.002989215494575858,0,8,0.0,0.023913723956606864,0.016700917769677946,-0.023913723956606864,0.007212806186928918,-0.016700917769677946,-0.5006077071853968,0.04233583640322612,-0.4582718707821707,-28496//1191617,470199215083//65189498081218,-913653//54706754,accounting attribution; not an independent causal effect
ideological/2022/15-29,ideological/2022/15-29,ideological/2022/15-29,ideological/2022/15-29,focal,ideological,all_parties,0,0,4,11,4,2022,Ideological 2022/MDB-UNIÃO,Ideological 2022/MDB-UNIÃO,,,,,,15,29,MDB,UNIÃO,true,endpoint-minimal,false,true,true,true,false,ideological/2022/15-29,"MDB, PMN, PSDB, PSD, PMB, PODE, PROS, PRTB, AGIR, PTB, PP, DC, REPUBLICANOS, PSC, UNIÃO",12,DC,SP,5269,23321040,0.0002259333202978941,0,70,0.0,0.015815332420852587,0.024704417666601093,-0.015815332420852587,-0.008889085245748506,-0.024704417666601093,-0.5006077071853968,0.04233583640322612,-0.4582718707821707,-36883//2332104,-567042925031//63790919915208,-2702997//109413508,accounting attribution; not an independent causal effect
ideological/2022/15-29,ideological/2022/15-29,ideological/2022/15-29,ideological/2022/15-29,focal,ideological,all_parties,0,0,4,11,4,2022,Ideological 2022/MDB-UNIÃO,Ideological 2022/MDB-UNIÃO,,,,,,15,29,MDB,UNIÃO,true,endpoint-minimal,false,true,true,true,false,ideological/2022/15-29,"MDB, PMN, PSDB, PSD, PMB, PODE, PROS, PRTB, AGIR, PTB, PP, DC, REPUBLICANOS, PSC, UNIÃO",12,DC,TO,859,830140,0.0010347652203242827,0,8,0.0,0.008278121762594261,0.004027537440806669,-0.008278121762594261,0.004250584321787592,-0.004027537440806669,-0.5006077071853968,0.04233583640322612,-0.4582718707821707,-1718//207535,96518580899//22707132382780,-440667//109413508,accounting attribution; not an independent causal effect
ideological/2022/15-29,ideological/2022/15-29,ideological/2022/15-29,ideological/2022/15-29,focal,ideological,all_parties,0,0,4,11,4,2022,Ideological 2022/MDB-UNIÃO,Ideological 2022/MDB-UNIÃO,,,,,,15,29,MDB,UNIÃO,true,endpoint-minimal,false,true,true,true,false,ideological/2022/15-29,"MDB, PMN, PSDB, PSD, PMB, PODE, PROS, PRTB, AGIR, PTB, PP, DC, REPUBLICANOS, PSC, UNIÃO",13,REPUBLICANOS,AC,59017,434253,0.13590464544862096,2,8,0.25,1.0872371635889677,0.27670917013281393,0.9127628364110323,0.8105279934561538,1.723290829867186,1.3735534569599896,2.9417427677072605,4.31529622466725,396370//434253,38510733341675//47513144089524,188551295//109413508,accounting attribution; not an independent causal effect
ideological/2022/15-29,ideological/2022/15-29,ideological/2022/15-29,ideological/2022/15-29,focal,ideological,all_parties,0,0,4,11,4,2022,Ideological 2022/MDB-UNIÃO,Ideological 2022/MDB-UNIÃO,,,,,,15,29,MDB,UNIÃO,true,endpoint-minimal,false,true,true,true,false,ideological/2022/15-29,"MDB, PMN, PSDB, PSD, PMB, PODE, PROS, PRTB, AGIR, PTB, PP, DC, REPUBLICANOS, PSC, UNIÃO",13,REPUBLICANOS,AL,146523,1650763,0.0887607730485842,0,9,0.0,0.7988469574372578,0.6869928619782486,-0.7988469574372578,0.11185409545900919,-0.6869928619782486,1.3735534569599896,2.9417427677072605,4.31529622466725,-1318707//1650763,20202613658019//180615770706604,-75166299//109413508,accounting attribution; not an independent causal effect
ideological/2022/15-29,ideological/2022/15-29,ideological/2022/15-29,ideological/2022/15-29,focal,ideological,all_parties,0,0,4,11,4,2022,Ideological 2022/MDB-UNIÃO,Ideological 2022/MDB-UNIÃO,,,,,,15,29,MDB,UNIÃO,true,endpoint-minimal,false,true,true,true,false,ideological/2022/15-29,"MDB, PMN, PSDB, PSD, PMB, PODE, PROS, PRTB, AGIR, PTB, PP, DC, REPUBLICANOS, PSC, UNIÃO",13,REPUBLICANOS,AM,291549,1976477,0.14750943218666343,2,8,0.25,1.1800754574933074,1.3669668374036594,0.8199245425066924,-0.18689137991035198,0.6330331625963405,1.3735534569599896,2.9417427677072605,4.31529622466725,1620562//1976477,-40415874292713//216253282051316,69262379//109413508,accounting attribution; not an independent causal effect
ideological/2022/15-29,ideological/2022/15-29,ideological/2022/15-29,ideological/2022/15-29,focal,ideological,all_parties,0,0,4,11,4,2022,Ideological 2022/MDB-UNIÃO,Ideological 2022/MDB-UNIÃO,,,,,,15,29,MDB,UNIÃO,true,endpoint-minimal,false,true,true,true,false,ideological/2022/15-29,"MDB, PMN, PSDB, PSD, PMB, PODE, PROS, PRTB, AGIR, PTB, PP, DC, REPUBLICANOS, PSC, UNIÃO",13,REPUBLICANOS,AP,38346,423017,0.09064883917194817,0,8,0.0,0.7251907133755854,0.17979039663000293,-0.7251907133755854,0.5454003167455824,-0.17979039663000293,1.3735534569599896,2.9417427677072605,4.31529622466725,-43824//60431,1803084639477//3305983850974,-9835749//54706754,accounting attribution; not an independent causal effect
ideological/2022/15-29,ideological/2022/15-29,ideological/2022/15-29,ideological/2022/15-29,focal,ideological,all_parties,0,0,4,11,4,2022,Ideological 2022/MDB-UNIÃO,Ideological 2022/MDB-UNIÃO,,,,,,15,29,MDB,UNIÃO,true,endpoint-minimal,false,true,true,true,false,ideological/2022/15-29,"MDB, PMN, PSDB, PSD, PMB, PODE, PROS, PRTB, AGIR, PTB, PP, DC, REPUBLICANOS, PSC, UNIÃO",13,REPUBLICANOS,BA,533293,7958431,0.06700981638214869,3,39,0.07692307692307693,2.613382838903799,2.5004162100350533,0.386617161096201,0.11296662886874556,0.49958378996494657,1.3735534569599896,2.9417427677072605,4.31529622466725,236682//612187,244086365379//2160694426516,1763265//3529468,accounting attribution; not an independent causal effect
ideological/2022/15-29,ideological/2022/15-29,ideological/2022/15-29,ideological/2022/15-29,focal,ideological,all_parties,0,0,4,11,4,2022,Ideological 2022/MDB-UNIÃO,Ideological 2022/MDB-UNIÃO,,,,,,15,29,MDB,UNIÃO,true,endpoint-minimal,false,true,true,true,false,ideological/2022/15-29,"MDB, PMN, PSDB, PSD, PMB, PODE, PROS, PRTB, AGIR, PTB, PP, DC, REPUBLICANOS, PSC, UNIÃO",13,REPUBLICANOS,CE,179371,5083860,0.03528244286821431,0,22,0.0,0.7762137431007148,0.8410051435331002,-0.7762137431007148,-0.06479140043238532,-0.8410051435331002,1.3735534569599896,2.9417427677072605,4.31529622466725,-1973081//2541930,-9009940037621//139060739195220,-92017323//109413508,accounting attribution; not an independent causal effect
ideological/2022/15-29,ideological/2022/15-29,ideological/2022/15-29,ideological/2022/15-29,focal,ideological,all_parties,0,0,4,11,4,2022,Ideological 2022/MDB-UNIÃO,Ideological 2022/MDB-UNIÃO,,,,,,15,29,MDB,UNIÃO,true,endpoint-minimal,false,true,true,true,false,ideological/2022/15-29,"MDB, PMN, PSDB, PSD, PMB, PODE, PROS, PRTB, AGIR, PTB, PP, DC, REPUBLICANOS, PSC, UNIÃO",13,REPUBLICANOS,DF,301307,1607519,0.18743604274661763,3,8,0.375,1.499488341972941,1.41271853745883,1.500511658027059,0.08676980451411087,1.58728146254117,1.3735534569599896,2.9417427677072605,4.31529622466725,2412101//1607519,15261445717819//175884292966652,173670033//109413508,accounting attribution; not an independent causal effect
ideological/2022/15-29,ideological/2022/15-29,ideological/2022/15-29,ideological/2022/15-29,focal,ideological,all_parties,0,0,4,11,4,2022,Ideological 2022/MDB-UNIÃO,Ideological 2022/MDB-UNIÃO,,,,,,15,29,MDB,UNIÃO,true,endpoint-minimal,false,true,true,true,false,ideological/2022/15-29,"MDB, PMN, PSDB, PSD, PMB, PODE, PROS, PRTB, AGIR, PTB, PP, DC, REPUBLICANOS, PSC, UNIÃO",13,REPUBLICANOS,ES,200917,2084430,0.09638942060899143,2,10,0.2,0.9638942060899143,0.9420264726362672,1.0361057939100857,0.021867733453647092,1.0579735273637327,1.3735534569599896,2.9417427677072605,4.31529622466725,215969//208443,498726022333//22806479848044,115756595//109413508,accounting attribution; not an independent causal effect
ideological/2022/15-29,ideological/2022/15-29,ideological/2022/15-29,ideological/2022/15-29,focal,ideological,all_parties,0,0,4,11,4,2022,Ideological 2022/MDB-UNIÃO,Ideological 2022/MDB-UNIÃO,,,,,,15,29,MDB,UNIÃO,true,endpoint-minimal,false,true,true,true,false,ideological/2022/15-29,"MDB, PMN, PSDB, PSD, PMB, PODE, PROS, PRTB, AGIR, PTB, PP, DC, REPUBLICANOS, PSC, UNIÃO",13,REPUBLICANOS,GO,273442,3439644,0.07949718052217032,1,17,0.058823529411764705,1.3514520688768954,1.2820697239686347,-0.3514520688768954,0.06938234490826074,-0.28206972396863467,1.3735534569599896,2.9417427677072605,4.31529622466725,-2735//7782,7384501033//106431989907,-15431119//54706754,accounting attribution; not an independent causal effect
ideological/2022/15-29,ideological/2022/15-29,ideological/2022/15-29,ideological/2022/15-29,focal,ideological,all_parties,0,0,4,11,4,2022,Ideological 2022/MDB-UNIÃO,Ideological 2022/MDB-UNIÃO,,,,,,15,29,MDB,UNIÃO,true,endpoint-minimal,false,true,true,true,false,ideological/2022/15-29,"MDB, PMN, PSDB, PSD, PMB, PODE, PROS, PRTB, AGIR, PTB, PP, DC, REPUBLICANOS, PSC, UNIÃO",13,REPUBLICANOS,MA,189824,3707930,0.05119406245533222,1,18,0.05555555555555555,0.92149312419598,0.8900154448936963,0.07850687580402003,0.03147767930228366,0.1099845551063037,1.3735534569599896,2.9417427677072605,4.31529622466725,145549//1853965,1596302481312//50712203589805,3008449//27353377,accounting attribution; not an independent causal effect
ideological/2022/15-29,ideological/2022/15-29,ideological/2022/15-29,ideological/2022/15-29,focal,ideological,all_parties,0,0,4,11,4,2022,Ideological 2022/MDB-UNIÃO,Ideological 2022/MDB-UNIÃO,,,,,,15,29,MDB,UNIÃO,true,endpoint-minimal,false,true,true,true,false,ideological/2022/15-29,"MDB, PMN, PSDB, PSD, PMB, PODE, PROS, PRTB, AGIR, PTB, PP, DC, REPUBLICANOS, PSC, UNIÃO",13,REPUBLICANOS,MG,371939,11181098,0.03326497987943581,2,53,0.03773584905660377,1.763043933610098,1.743886202789513,0.23695606638990196,0.01915773082058507,0.25611379721048705,1.3735534569599896,2.9417427677072605,4.31529622466725,2649429//11181098,11718431014175//611681577735892,28022309//109413508,accounting attribution; not an independent causal effect
ideological/2022/15-29,ideological/2022/15-29,ideological/2022/15-29,ideological/2022/15-29,focal,ideological,all_parties,0,0,4,11,4,2022,Ideological 2022/MDB-UNIÃO,Ideological 2022/MDB-UNIÃO,,,,,,15,29,MDB,UNIÃO,true,endpoint-minimal,false,true,true,true,false,ideological/2022/15-29,"MDB, PMN, PSDB, PSD, PMB, PODE, PROS, PRTB, AGIR, PTB, PP, DC, REPUBLICANOS, PSC, UNIÃO",13,REPUBLICANOS,MS,75274,1374808,0.05475237269495086,0,8,0.0,0.4380189815596069,0.3529323088699432,-0.4380189815596069,0.08508667268966368,-0.3529323088699432,1.3735534569599896,2.9417427677072605,4.31529622466725,-75274//171851,799934727965//9401410381654,-19307781//54706754,accounting attribution; not an independent causal effect
ideological/2022/15-29,ideological/2022/15-29,ideological/2022/15-29,ideological/2022/15-29,focal,ideological,all_parties,0,0,4,11,4,2022,Ideological 2022/MDB-UNIÃO,Ideological 2022/MDB-UNIÃO,,,,,,15,29,MDB,UNIÃO,true,endpoint-minimal,false,true,true,true,false,ideological/2022/15-29,"MDB, PMN, PSDB, PSD, PMB, PODE, PROS, PRTB, AGIR, PTB, PP, DC, REPUBLICANOS, PSC, UNIÃO",13,REPUBLICANOS,MT,155513,1730277,0.0898775167213111,0,8,0.0,0.7190201337704888,0.7291436903750494,-0.7190201337704888,-0.010123556604560715,-0.7291436903750494,1.3735534569599896,2.9417427677072605,4.31529622466725,-1244104//1730277,-1916547965981//189315676381716,-79778169//109413508,accounting attribution; not an independent causal effect
ideological/2022/15-29,ideological/2022/15-29,ideological/2022/15-29,ideological/2022/15-29,focal,ideological,all_parties,0,0,4,11,4,2022,Ideological 2022/MDB-UNIÃO,Ideological 2022/MDB-UNIÃO,,,,,,15,29,MDB,UNIÃO,true,endpoint-minimal,false,true,true,true,false,ideological/2022/15-29,"MDB, PMN, PSDB, PSD, PMB, PODE, PROS, PRTB, AGIR, PTB, PP, DC, REPUBLICANOS, PSC, UNIÃO",13,REPUBLICANOS,PA,168456,4521516,0.037256530774191665,0,17,0.0,0.6333610231612583,0.7898286928155159,-0.6333610231612583,-0.15646766965425768,-0.7898286928155159,1.3735534569599896,2.9417427677072605,4.31529622466725,-238646//376793,-1612643578684//10306560979961,-21604482//27353377,accounting attribution; not an independent causal effect
ideological/2022/15-29,ideological/2022/15-29,ideological/2022/15-29,ideological/2022/15-29,focal,ideological,all_parties,0,0,4,11,4,2022,Ideological 2022/MDB-UNIÃO,Ideological 2022/MDB-UNIÃO,,,,,,15,29,MDB,UNIÃO,true,endpoint-minimal,false,true,true,true,false,ideological/2022/15-29,"MDB, PMN, PSDB, PSD, PMB, PODE, PROS, PRTB, AGIR, PTB, PP, DC, REPUBLICANOS, PSC, UNIÃO",13,REPUBLICANOS,PB,478581,2209355,0.2166157091096723,3,12,0.25,2.5993885093160674,2.243891613455991,0.40061149068393265,0.35549689586007616,0.7561083865440088,1.3735534569599896,2.9417427677072605,4.31529622466725,885093//2209355,85935431009961//241733280967340,82728471//109413508,accounting attribution; not an independent causal effect
ideological/2022/15-29,ideological/2022/15-29,ideological/2022/15-29,ideological/2022/15-29,focal,ideological,all_parties,0,0,4,11,4,2022,Ideological 2022/MDB-UNIÃO,Ideological 2022/MDB-UNIÃO,,,,,,15,29,MDB,UNIÃO,true,endpoint-minimal,false,true,true,true,false,ideological/2022/15-29,"MDB, PMN, PSDB, PSD, PMB, PODE, PROS, PRTB, AGIR, PTB, PP, DC, REPUBLICANOS, PSC, UNIÃO",13,REPUBLICANOS,PE,416059,4969863,0.08371639218223922,2,25,0.08,2.0929098045559806,1.950748777746894,-0.09290980455598072,0.1421610268090868,0.04925122225310608,1.3735534569599896,2.9417427677072605,4.31529622466725,-461749//4969863,77302922176879//543770145109404,5388749//109413508,accounting attribution; not an independent causal effect
ideological/2022/15-29,ideological/2022/15-29,ideological/2022/15-29,ideological/2022/15-29,focal,ideological,all_parties,0,0,4,11,4,2022,Ideological 2022/MDB-UNIÃO,Ideological 2022/MDB-UNIÃO,,,,,,15,29,MDB,UNIÃO,true,endpoint-minimal,false,true,true,true,false,ideological/2022/15-29,"MDB, PMN, PSDB, PSD, PMB, PODE, PROS, PRTB, AGIR, PTB, PP, DC, REPUBLICANOS, PSC, UNIÃO",13,REPUBLICANOS,PI,102490,1957483,0.05235805368424656,0,10,0.0,0.5235805368424655,0.48053819826341737,-0.5235805368424655,0.043042338579048205,-0.48053819826341737,1.3735534569599896,2.9417427677072605,4.31529622466725,-1024900//1957483,4609298194745//107087540940182,-26288685//54706754,accounting attribution; not an independent causal effect
ideological/2022/15-29,ideological/2022/15-29,ideological/2022/15-29,ideological/2022/15-29,focal,ideological,all_parties,0,0,4,11,4,2022,Ideological 2022/MDB-UNIÃO,Ideological 2022/MDB-UNIÃO,,,,,,15,29,MDB,UNIÃO,true,endpoint-minimal,false,true,true,true,false,ideological/2022/15-29,"MDB, PMN, PSDB, PSD, PMB, PODE, PROS, PRTB, AGIR, PTB, PP, DC, REPUBLICANOS, PSC, UNIÃO",13,REPUBLICANOS,PR,295297,6038642,0.048901226467805176,1,30,0.03333333333333333,1.4670367940341553,1.384539841278099,-0.4670367940341554,0.0824969527560565,-0.38453984127809887,1.3735534569599896,2.9417427677072605,4.31529622466725,-1410134//3019321,27253239776259//330354502388068,-42073853//109413508,accounting attribution; not an independent causal effect
ideological/2022/15-29,ideological/2022/15-29,ideological/2022/15-29,ideological/2022/15-29,focal,ideological,all_parties,0,0,4,11,4,2022,Ideological 2022/MDB-UNIÃO,Ideological 2022/MDB-UNIÃO,,,,,,15,29,MDB,UNIÃO,true,endpoint-minimal,false,true,true,true,false,ideological/2022/15-29,"MDB, PMN, PSDB, PSD, PMB, PODE, PROS, PRTB, AGIR, PTB, PP, DC, REPUBLICANOS, PSC, UNIÃO",13,REPUBLICANOS,RJ,494330,8575988,0.05764117207253555,3,46,0.06521739130434782,2.6514939153366353,2.317732925627428,0.34850608466336475,0.33376098970920726,0.682267074372572,1.3735534569599896,2.9417427677072605,4.31529622466725,747196//2143997,39147199112365//117291116455738,37324617//54706754,accounting attribution; not an independent causal effect
ideological/2022/15-29,ideological/2022/15-29,ideological/2022/15-29,ideological/2022/15-29,focal,ideological,all_parties,0,0,4,11,4,2022,Ideological 2022/MDB-UNIÃO,Ideological 2022/MDB-UNIÃO,,,,,,15,29,MDB,UNIÃO,true,endpoint-minimal,false,true,true,true,false,ideological/2022/15-29,"MDB, PMN, PSDB, PSD, PMB, PODE, PROS, PRTB, AGIR, PTB, PP, DC, REPUBLICANOS, PSC, UNIÃO",13,REPUBLICANOS,RN,103940,1864825,0.05573713351118738,0,8,0.0,0.445897068089499,0.4873367189725788,-0.445897068089499,-0.041439650883079764,-0.4873367189725788,1.3735534569599896,2.9417427677072605,4.31529622466725,-166304//372965,-422761195717//10201852252805,-13330305//27353377,accounting attribution; not an independent causal effect
ideological/2022/15-29,ideological/2022/15-29,ideological/2022/15-29,ideological/2022/15-29,focal,ideological,all_parties,0,0,4,11,4,2022,Ideological 2022/MDB-UNIÃO,Ideological 2022/MDB-UNIÃO,,,,,,15,29,MDB,UNIÃO,true,endpoint-minimal,false,true,true,true,false,ideological/2022/15-29,"MDB, PMN, PSDB, PSD, PMB, PODE, PROS, PRTB, AGIR, PTB, PP, DC, REPUBLICANOS, PSC, UNIÃO",13,REPUBLICANOS,RO,68284,869148,0.0785642951488124,0,8,0.0,0.6285143611904992,0.32015875041681324,-0.6285143611904992,0.30835561077368595,-0.32015875041681324,1.3735534569599896,2.9417427677072605,4.31529622466725,-136568//217287,1832721818735//5943533228199,-8757423//27353377,accounting attribution; not an independent causal effect
ideological/2022/15-29,ideological/2022/15-29,ideological/2022/15-29,ideological/2022/15-29,focal,ideological,all_parties,0,0,4,11,4,2022,Ideological 2022/MDB-UNIÃO,Ideological 2022/MDB-UNIÃO,,,,,,15,29,MDB,UNIÃO,true,endpoint-minimal,false,true,true,true,false,ideological/2022/15-29,"MDB, PMN, PSDB, PSD, PMB, PODE, PROS, PRTB, AGIR, PTB, PP, DC, REPUBLICANOS, PSC, UNIÃO",13,REPUBLICANOS,RR,68229,291714,0.23389004298730948,3,8,0.375,1.8711203438984758,0.3199008754933623,1.1288796561015242,1.5512194684051137,2.6800991245066377,1.3735534569599896,2.9417427677072605,4.31529622466725,54885//48619,8251828839513//5319575345452,293239047//109413508,accounting attribution; not an independent causal effect
ideological/2022/15-29,ideological/2022/15-29,ideological/2022/15-29,ideological/2022/15-29,focal,ideological,all_parties,0,0,4,11,4,2022,Ideological 2022/MDB-UNIÃO,Ideological 2022/MDB-UNIÃO,,,,,,15,29,MDB,UNIÃO,true,endpoint-minimal,false,true,true,true,false,ideological/2022/15-29,"MDB, PMN, PSDB, PSD, PMB, PODE, PROS, PRTB, AGIR, PTB, PP, DC, REPUBLICANOS, PSC, UNIÃO",13,REPUBLICANOS,RS,549530,6149822,0.08935705781403104,3,31,0.0967741935483871,2.7700687922349623,2.576545576072746,0.22993120776503775,0.19352321616221627,0.423454423927254,1.3735534569599896,2.9417427677072605,4.31529622466725,707018//3074911,32554165717715//168218399648894,23165817//54706754,accounting attribution; not an independent causal effect
ideological/2022/15-29,ideological/2022/15-29,ideological/2022/15-29,ideological/2022/15-29,focal,ideological,all_parties,0,0,4,11,4,2022,Ideological 2022/MDB-UNIÃO,Ideological 2022/MDB-UNIÃO,,,,,,15,29,MDB,UNIÃO,true,endpoint-minimal,false,true,true,true,false,ideological/2022/15-29,"MDB, PMN, PSDB, PSD, PMB, PODE, PROS, PRTB, AGIR, PTB, PP, DC, REPUBLICANOS, PSC, UNIÃO",13,REPUBLICANOS,SC,120494,3969848,0.03035229560426495,0,16,0.0,0.4856367296682392,0.5649523822963431,-0.4856367296682392,-0.07931565262810397,-0.5649523822963431,1.3735534569599896,2.9417427677072605,4.31529622466725,-240988//496231,-2153196873289//27147187244174,-30906711//54706754,accounting attribution; not an independent causal effect
ideological/2022/15-29,ideological/2022/15-29,ideological/2022/15-29,ideological/2022/15-29,focal,ideological,all_parties,0,0,4,11,4,2022,Ideological 2022/MDB-UNIÃO,Ideological 2022/MDB-UNIÃO,,,,,,15,29,MDB,UNIÃO,true,endpoint-minimal,false,true,true,true,false,ideological/2022/15-29,"MDB, PMN, PSDB, PSD, PMB, PODE, PROS, PRTB, AGIR, PTB, PP, DC, REPUBLICANOS, PSC, UNIÃO",13,REPUBLICANOS,SE,163758,1191617,0.13742502834383866,1,8,0.125,1.0994002267507093,0.7678014857178329,-0.09940022675070934,0.3315987410328764,0.23219851428216706,1.3735534569599896,2.9417427677072605,4.31529622466725,-16921//170231,3088107927471//9312785440174,12702827//54706754,accounting attribution; not an independent causal effect
ideological/2022/15-29,ideological/2022/15-29,ideological/2022/15-29,ideological/2022/15-29,focal,ideological,all_parties,0,0,4,11,4,2022,Ideological 2022/MDB-UNIÃO,Ideological 2022/MDB-UNIÃO,,,,,,15,29,MDB,UNIÃO,true,endpoint-minimal,false,true,true,true,false,ideological/2022/15-29,"MDB, PMN, PSDB, PSD, PMB, PODE, PROS, PRTB, AGIR, PTB, PP, DC, REPUBLICANOS, PSC, UNIÃO",13,REPUBLICANOS,SP,1580891,23321040,0.06778818611862936,5,70,0.07142857142857142,4.745173028304055,7.412220829259948,0.2548269716959449,-2.6670478009558933,-2.4122208292599483,1.3735534569599896,2.9417427677072605,4.31529622466725,594283//2332104,-170133432680809//63790919915208,-263929543//109413508,accounting attribution; not an independent causal effect
ideological/2022/15-29,ideological/2022/15-29,ideological/2022/15-29,ideological/2022/15-29,focal,ideological,all_parties,0,0,4,11,4,2022,Ideological 2022/MDB-UNIÃO,Ideological 2022/MDB-UNIÃO,,,,,,15,29,MDB,UNIÃO,true,endpoint-minimal,false,true,true,true,false,ideological/2022/15-29,"MDB, PMN, PSDB, PSD, PMB, PODE, PROS, PRTB, AGIR, PTB, PP, DC, REPUBLICANOS, PSC, UNIÃO",13,REPUBLICANOS,TO,184240,830140,0.22193846821018143,3,8,0.375,1.7755077456814514,0.8638341072109671,1.2244922543185486,0.9116736384704843,2.136165892789033,1.3735534569599896,2.9417427677072605,4.31529622466725,50825//41507,1035074699932//1135356619139,58431351//27353377,accounting attribution; not an independent causal effect
ideological/2022/15-29,ideological/2022/15-29,ideological/2022/15-29,ideological/2022/15-29,focal,ideological,all_parties,0,0,4,11,4,2022,Ideological 2022/MDB-UNIÃO,Ideological 2022/MDB-UNIÃO,,,,,,15,29,MDB,UNIÃO,true,endpoint-minimal,false,true,true,true,false,ideological/2022/15-29,"MDB, PMN, PSDB, PSD, PMB, PODE, PROS, PRTB, AGIR, PTB, PP, DC, REPUBLICANOS, PSC, UNIÃO",14,PSC,AC,704,434253,0.0016211747529665886,0,8,0.0,0.012969398023732709,0.003300799020172171,-0.012969398023732709,0.009668599003560537,-0.003300799020172171,-3.7123805451988194,0.5944952654397607,-3.117885279759059,-5632//434253,114846384400//11878286022381,-90288//27353377,accounting attribution; not an independent causal effect
ideological/2022/15-29,ideological/2022/15-29,ideological/2022/15-29,ideological/2022/15-29,focal,ideological,all_parties,0,0,4,11,4,2022,Ideological 2022/MDB-UNIÃO,Ideological 2022/MDB-UNIÃO,,,,,,15,29,MDB,UNIÃO,true,endpoint-minimal,false,true,true,true,false,ideological/2022/15-29,"MDB, PMN, PSDB, PSD, PMB, PODE, PROS, PRTB, AGIR, PTB, PP, DC, REPUBLICANOS, PSC, UNIÃO",14,PSC,AL,0,1650763,0.0,0,9,0.0,0.0,0.0,0.0,0.0,0.0,-3.7123805451988194,0.5944952654397607,-3.117885279759059,0//1,0//1,0//1,accounting attribution; not an independent causal effect
ideological/2022/15-29,ideological/2022/15-29,ideological/2022/15-29,ideological/2022/15-29,focal,ideological,all_parties,0,0,4,11,4,2022,Ideological 2022/MDB-UNIÃO,Ideological 2022/MDB-UNIÃO,,,,,,15,29,MDB,UNIÃO,true,endpoint-minimal,false,true,true,true,false,ideological/2022/15-29,"MDB, PMN, PSDB, PSD, PMB, PODE, PROS, PRTB, AGIR, PTB, PP, DC, REPUBLICANOS, PSC, UNIÃO",14,PSC,AM,11926,1976477,0.006033968520756882,0,8,0.0,0.048271748166055055,0.05591666067410982,-0.048271748166055055,-0.007644912508054762,-0.05591666067410982,-3.7123805451988194,0.5944952654397607,-3.117885279759059,-95408//1976477,-826618710431//108126641025658,-3059019//54706754,accounting attribution; not an independent causal effect
ideological/2022/15-29,ideological/2022/15-29,ideological/2022/15-29,ideological/2022/15-29,focal,ideological,all_parties,0,0,4,11,4,2022,Ideological 2022/MDB-UNIÃO,Ideological 2022/MDB-UNIÃO,,,,,,15,29,MDB,UNIÃO,true,endpoint-minimal,false,true,true,true,false,ideological/2022/15-29,"MDB, PMN, PSDB, PSD, PMB, PODE, PROS, PRTB, AGIR, PTB, PP, DC, REPUBLICANOS, PSC, UNIÃO",14,PSC,AP,16140,423017,0.03815449497301527,0,8,0.0,0.30523595978412216,0.07567456844542449,-0.30523595978412216,0.22956139133869766,-0.07567456844542449,-3.7123805451988194,0.5944952654397607,-3.117885279759059,-129120//423017,2656241884005//11570943478409,-2069955//27353377,accounting attribution; not an independent causal effect
ideological/2022/15-29,ideological/2022/15-29,ideological/2022/15-29,ideological/2022/15-29,focal,ideological,all_parties,0,0,4,11,4,2022,Ideological 2022/MDB-UNIÃO,Ideological 2022/MDB-UNIÃO,,,,,,15,29,MDB,UNIÃO,true,endpoint-minimal,false,true,true,true,false,ideological/2022/15-29,"MDB, PMN, PSDB, PSD, PMB, PODE, PROS, PRTB, AGIR, PTB, PP, DC, REPUBLICANOS, PSC, UNIÃO",14,PSC,BA,151321,7958431,0.019013923724412515,0,39,0.0,0.741543025252088,0.7094889325731152,-0.741543025252088,0.03205409267897281,-0.7094889325731152,-3.7123805451988194,0.5944952654397607,-3.117885279759059,-453963//612187,2147032081353//66981527221996,-77627673//109413508,accounting attribution; not an independent causal effect
ideological/2022/15-29,ideological/2022/15-29,ideological/2022/15-29,ideological/2022/15-29,focal,ideological,all_parties,0,0,4,11,4,2022,Ideological 2022/MDB-UNIÃO,Ideological 2022/MDB-UNIÃO,,,,,,15,29,MDB,UNIÃO,true,endpoint-minimal,false,true,true,true,false,ideological/2022/15-29,"MDB, PMN, PSDB, PSD, PMB, PODE, PROS, PRTB, AGIR, PTB, PP, DC, REPUBLICANOS, PSC, UNIÃO",14,PSC,CE,11900,5083860,0.0023407410904312865,0,22,0.0,0.051496303989488304,0.0557947561648421,-0.051496303989488304,-0.004298452175353794,-0.0557947561648421,-3.7123805451988194,0.5944952654397607,-3.117885279759059,-13090//254193,-29887296845//6953036959761,-1526175//27353377,accounting attribution; not an independent causal effect
ideological/2022/15-29,ideological/2022/15-29,ideological/2022/15-29,ideological/2022/15-29,focal,ideological,all_parties,0,0,4,11,4,2022,Ideological 2022/MDB-UNIÃO,Ideological 2022/MDB-UNIÃO,,,,,,15,29,MDB,UNIÃO,true,endpoint-minimal,false,true,true,true,false,ideological/2022/15-29,"MDB, PMN, PSDB, PSD, PMB, PODE, PROS, PRTB, AGIR, PTB, PP, DC, REPUBLICANOS, PSC, UNIÃO",14,PSC,DF,7280,1607519,0.0045287178565230025,0,8,0.0,0.03622974285218402,0.03413326259496222,-0.03622974285218402,0.002096480257221794,-0.03413326259496222,-3.7123805451988194,0.5944952654397607,-3.117885279759059,-58240//1607519,92184486940//43971073241663,-933660//27353377,accounting attribution; not an independent causal effect
ideological/2022/15-29,ideological/2022/15-29,ideological/2022/15-29,ideological/2022/15-29,focal,ideological,all_parties,0,0,4,11,4,2022,Ideological 2022/MDB-UNIÃO,Ideological 2022/MDB-UNIÃO,,,,,,15,29,MDB,UNIÃO,true,endpoint-minimal,false,true,true,true,false,ideological/2022/15-29,"MDB, PMN, PSDB, PSD, PMB, PODE, PROS, PRTB, AGIR, PTB, PP, DC, REPUBLICANOS, PSC, UNIÃO",14,PSC,ES,123750,2084430,0.05936874829089967,0,10,0.0,0.5936874829089968,0.5802185777646395,-0.5936874829089968,0.01346890514435726,-0.5802185777646395,-3.7123805451988194,0.5944952654397607,-3.117885279759059,-41250//69481,51196385625//3801079974674,-31741875//54706754,accounting attribution; not an independent causal effect
ideological/2022/15-29,ideological/2022/15-29,ideological/2022/15-29,ideological/2022/15-29,focal,ideological,all_parties,0,0,4,11,4,2022,Ideological 2022/MDB-UNIÃO,Ideological 2022/MDB-UNIÃO,,,,,,15,29,MDB,UNIÃO,true,endpoint-minimal,false,true,true,true,false,ideological/2022/15-29,"MDB, PMN, PSDB, PSD, PMB, PODE, PROS, PRTB, AGIR, PTB, PP, DC, REPUBLICANOS, PSC, UNIÃO",14,PSC,GO,186292,3439644,0.05416025611952865,1,17,0.058823529411764705,0.920724354031987,0.8734551861731734,0.07927564596801297,0.047269167858813604,0.12654481382682659,-3.7123805451988194,0.5944952654397607,-3.117885279759059,4010//50583,65402370754//1383615868791,3461428//27353377,accounting attribution; not an independent causal effect
ideological/2022/15-29,ideological/2022/15-29,ideological/2022/15-29,ideological/2022/15-29,focal,ideological,all_parties,0,0,4,11,4,2022,Ideological 2022/MDB-UNIÃO,Ideological 2022/MDB-UNIÃO,,,,,,15,29,MDB,UNIÃO,true,endpoint-minimal,false,true,true,true,false,ideological/2022/15-29,"MDB, PMN, PSDB, PSD, PMB, PODE, PROS, PRTB, AGIR, PTB, PP, DC, REPUBLICANOS, PSC, UNIÃO",14,PSC,MA,235561,3707930,0.06352897708424916,1,18,0.05555555555555555,1.143521587516485,1.1044595426005352,-0.14352158751648494,0.03906204491594973,-0.10445954260053521,-3.7123805451988194,0.5944952654397607,-3.117885279759059,-266084//1853965,7923689497647//202848814359220,-11429285//109413508,accounting attribution; not an independent causal effect
ideological/2022/15-29,ideological/2022/15-29,ideological/2022/15-29,ideological/2022/15-29,focal,ideological,all_parties,0,0,4,11,4,2022,Ideological 2022/MDB-UNIÃO,Ideological 2022/MDB-UNIÃO,,,,,,15,29,MDB,UNIÃO,true,endpoint-minimal,false,true,true,true,false,ideological/2022/15-29,"MDB, PMN, PSDB, PSD, PMB, PODE, PROS, PRTB, AGIR, PTB, PP, DC, REPUBLICANOS, PSC, UNIÃO",14,PSC,MG,258888,11181098,0.02315407663898483,1,53,0.018867924528301886,1.227166061866196,1.2138313305885413,-0.22716606186619598,0.013334731277654744,-0.21383133058854123,-3.7123805451988194,0.5944952654397607,-3.117885279759059,-1269983//5590549,2039152366650//152920394433973,-5849009//27353377,accounting attribution; not an independent causal effect
ideological/2022/15-29,ideological/2022/15-29,ideological/2022/15-29,ideological/2022/15-29,focal,ideological,all_parties,0,0,4,11,4,2022,Ideological 2022/MDB-UNIÃO,Ideological 2022/MDB-UNIÃO,,,,,,15,29,MDB,UNIÃO,true,endpoint-minimal,false,true,true,true,false,ideological/2022/15-29,"MDB, PMN, PSDB, PSD, PMB, PODE, PROS, PRTB, AGIR, PTB, PP, DC, REPUBLICANOS, PSC, UNIÃO",14,PSC,MS,0,1374808,0.0,0,8,0.0,0.0,0.0,0.0,0.0,0.0,-3.7123805451988194,0.5944952654397607,-3.117885279759059,0//1,0//1,0//1,accounting attribution; not an independent causal effect
ideological/2022/15-29,ideological/2022/15-29,ideological/2022/15-29,ideological/2022/15-29,focal,ideological,all_parties,0,0,4,11,4,2022,Ideological 2022/MDB-UNIÃO,Ideological 2022/MDB-UNIÃO,,,,,,15,29,MDB,UNIÃO,true,endpoint-minimal,false,true,true,true,false,ideological/2022/15-29,"MDB, PMN, PSDB, PSD, PMB, PODE, PROS, PRTB, AGIR, PTB, PP, DC, REPUBLICANOS, PSC, UNIÃO",14,PSC,MT,0,1730277,0.0,0,8,0.0,0.0,0.0,0.0,0.0,0.0,-3.7123805451988194,0.5944952654397607,-3.117885279759059,0//1,0//1,0//1,accounting attribution; not an independent causal effect
ideological/2022/15-29,ideological/2022/15-29,ideological/2022/15-29,ideological/2022/15-29,focal,ideological,all_parties,0,0,4,11,4,2022,Ideological 2022/MDB-UNIÃO,Ideological 2022/MDB-UNIÃO,,,,,,15,29,MDB,UNIÃO,true,endpoint-minimal,false,true,true,true,false,ideological/2022/15-29,"MDB, PMN, PSDB, PSD, PMB, PODE, PROS, PRTB, AGIR, PTB, PP, DC, REPUBLICANOS, PSC, UNIÃO",14,PSC,PA,66841,4521516,0.01478287370872955,0,17,0.0,0.25130885304840234,0.31339305015245467,-0.25130885304840234,-0.062084197104052316,-0.31339305015245467,-3.7123805451988194,0.5944952654397607,-3.117885279759059,-1136297//4521516,-3839247380069//61839365879766,-34289433//109413508,accounting attribution; not an independent causal effect
ideological/2022/15-29,ideological/2022/15-29,ideological/2022/15-29,ideological/2022/15-29,focal,ideological,all_parties,0,0,4,11,4,2022,Ideological 2022/MDB-UNIÃO,Ideological 2022/MDB-UNIÃO,,,,,,15,29,MDB,UNIÃO,true,endpoint-minimal,false,true,true,true,false,ideological/2022/15-29,"MDB, PMN, PSDB, PSD, PMB, PODE, PROS, PRTB, AGIR, PTB, PP, DC, REPUBLICANOS, PSC, UNIÃO",14,PSC,PB,314599,2209355,0.1423940471314026,2,12,0.16666666666666666,1.7087285655768312,1.4750398735044672,0.2912714344231688,0.23368869207236415,0.5249601264955329,-3.7123805451988194,0.5944952654397607,-3.117885279759059,643522//2209355,56490334259619//241733280967340,57437729//109413508,accounting attribution; not an independent causal effect
ideological/2022/15-29,ideological/2022/15-29,ideological/2022/15-29,ideological/2022/15-29,focal,ideological,all_parties,0,0,4,11,4,2022,Ideological 2022/MDB-UNIÃO,Ideological 2022/MDB-UNIÃO,,,,,,15,29,MDB,UNIÃO,true,endpoint-minimal,false,true,true,true,false,ideological/2022/15-29,"MDB, PMN, PSDB, PSD, PMB, PODE, PROS, PRTB, AGIR, PTB, PP, DC, REPUBLICANOS, PSC, UNIÃO",14,PSC,PE,6176,4969863,0.0012426901908563677,0,25,0.0,0.031067254771409192,0.028957009586055866,-0.031067254771409192,0.0021102451853533275,-0.028957009586055866,-3.7123805451988194,0.5944952654397607,-3.117885279759059,-154400//4969863,286872082664//135942536277351,-792072//27353377,accounting attribution; not an independent causal effect
ideological/2022/15-29,ideological/2022/15-29,ideological/2022/15-29,ideological/2022/15-29,focal,ideological,all_parties,0,0,4,11,4,2022,Ideological 2022/MDB-UNIÃO,Ideological 2022/MDB-UNIÃO,,,,,,15,29,MDB,UNIÃO,true,endpoint-minimal,false,true,true,true,false,ideological/2022/15-29,"MDB, PMN, PSDB, PSD, PMB, PODE, PROS, PRTB, AGIR, PTB, PP, DC, REPUBLICANOS, PSC, UNIÃO",14,PSC,PI,0,1957483,0.0,0,10,0.0,0.0,0.0,0.0,0.0,0.0,-3.7123805451988194,0.5944952654397607,-3.117885279759059,0//1,0//1,0//1,accounting attribution; not an independent causal effect
ideological/2022/15-29,ideological/2022/15-29,ideological/2022/15-29,ideological/2022/15-29,focal,ideological,all_parties,0,0,4,11,4,2022,Ideological 2022/MDB-UNIÃO,Ideological 2022/MDB-UNIÃO,,,,,,15,29,MDB,UNIÃO,true,endpoint-minimal,false,true,true,true,false,ideological/2022/15-29,"MDB, PMN, PSDB, PSD, PMB, PODE, PROS, PRTB, AGIR, PTB, PP, DC, REPUBLICANOS, PSC, UNIÃO",14,PSC,PR,33081,6038642,0.005478218447127682,0,30,0.0,0.16434655341383045,0.15510473350328918,-0.16434655341383045,0.00924181991054127,-0.15510473350328918,-3.7123805451988194,0.5944952654397607,-3.117885279759059,-496215//3019321,3053076817707//330354502388068,-16970553//109413508,accounting attribution; not an independent causal effect
ideological/2022/15-29,ideological/2022/15-29,ideological/2022/15-29,ideological/2022/15-29,focal,ideological,all_parties,0,0,4,11,4,2022,Ideological 2022/MDB-UNIÃO,Ideological 2022/MDB-UNIÃO,,,,,,15,29,MDB,UNIÃO,true,endpoint-minimal,false,true,true,true,false,ideological/2022/15-29,"MDB, PMN, PSDB, PSD, PMB, PODE, PROS, PRTB, AGIR, PTB, PP, DC, REPUBLICANOS, PSC, UNIÃO",14,PSC,RJ,38214,8575988,0.004455929742439005,0,46,0.0,0.20497276815219423,0.17917149681372066,-0.20497276815219423,0.025801271338473583,-0.17917149681372066,-3.7123805451988194,0.5944952654397607,-3.117885279759059,-439461//2143997,3026259921267//117291116455738,-9801891//54706754,accounting attribution; not an independent causal effect
ideological/2022/15-29,ideological/2022/15-29,ideological/2022/15-29,ideological/2022/15-29,focal,ideological,all_parties,0,0,4,11,4,2022,Ideological 2022/MDB-UNIÃO,Ideological 2022/MDB-UNIÃO,,,,,,15,29,MDB,UNIÃO,true,endpoint-minimal,false,true,true,true,false,ideological/2022/15-29,"MDB, PMN, PSDB, PSD, PMB, PODE, PROS, PRTB, AGIR, PTB, PP, DC, REPUBLICANOS, PSC, UNIÃO",14,PSC,RN,14573,1864825,0.007814674299196975,0,8,0.0,0.0625173943935758,0.0683274774445583,-0.0625173943935758,-0.0058100830509825035,-0.0683274774445583,-3.7123805451988194,0.5944952654397607,-3.117885279759059,-116584//1864825,-1185472177253//204037045056100,-7475949//109413508,accounting attribution; not an independent causal effect
ideological/2022/15-29,ideological/2022/15-29,ideological/2022/15-29,ideological/2022/15-29,focal,ideological,all_parties,0,0,4,11,4,2022,Ideological 2022/MDB-UNIÃO,Ideological 2022/MDB-UNIÃO,,,,,,15,29,MDB,UNIÃO,true,endpoint-minimal,false,true,true,true,false,ideological/2022/15-29,"MDB, PMN, PSDB, PSD, PMB, PODE, PROS, PRTB, AGIR, PTB, PP, DC, REPUBLICANOS, PSC, UNIÃO",14,PSC,RO,57845,869148,0.06655368245684279,0,8,0.0,0.5324294596547423,0.2712140899458228,-0.5324294596547423,0.26121536970891956,-0.2712140899458228,-3.7123805451988194,0.5944952654397607,-3.117885279759059,-115690//217287,6210168918325//23774132912796,-29674485//109413508,accounting attribution; not an independent causal effect
ideological/2022/15-29,ideological/2022/15-29,ideological/2022/15-29,ideological/2022/15-29,focal,ideological,all_parties,0,0,4,11,4,2022,Ideological 2022/MDB-UNIÃO,Ideological 2022/MDB-UNIÃO,,,,,,15,29,MDB,UNIÃO,true,endpoint-minimal,false,true,true,true,false,ideological/2022/15-29,"MDB, PMN, PSDB, PSD, PMB, PODE, PROS, PRTB, AGIR, PTB, PP, DC, REPUBLICANOS, PSC, UNIÃO",14,PSC,RR,570,291714,0.0019539686130936465,0,8,0.0,0.015631748904749172,0.002672521933946218,-0.015631748904749172,0.012959226970802954,-0.002672521933946218,-3.7123805451988194,0.5944952654397607,-3.117885279759059,-760//48619,34468792145//2659787672726,-146205//54706754,accounting attribution; not an independent causal effect
ideological/2022/15-29,ideological/2022/15-29,ideological/2022/15-29,ideological/2022/15-29,focal,ideological,all_parties,0,0,4,11,4,2022,Ideological 2022/MDB-UNIÃO,Ideological 2022/MDB-UNIÃO,,,,,,15,29,MDB,UNIÃO,true,endpoint-minimal,false,true,true,true,false,ideological/2022/15-29,"MDB, PMN, PSDB, PSD, PMB, PODE, PROS, PRTB, AGIR, PTB, PP, DC, REPUBLICANOS, PSC, UNIÃO",14,PSC,RS,29346,6149822,0.004771845429022173,0,31,0.0,0.14792720829968736,0.1375926818834837,-0.14792720829968736,0.010334526416203664,-0.1375926818834837,-3.7123805451988194,0.5944952654397607,-3.117885279759059,-454863//3074911,1738457494863//168218399648894,-7527249//54706754,accounting attribution; not an independent causal effect
ideological/2022/15-29,ideological/2022/15-29,ideological/2022/15-29,ideological/2022/15-29,focal,ideological,all_parties,0,0,4,11,4,2022,Ideological 2022/MDB-UNIÃO,Ideological 2022/MDB-UNIÃO,,,,,,15,29,MDB,UNIÃO,true,endpoint-minimal,false,true,true,true,false,ideological/2022/15-29,"MDB, PMN, PSDB, PSD, PMB, PODE, PROS, PRTB, AGIR, PTB, PP, DC, REPUBLICANOS, PSC, UNIÃO",14,PSC,SC,35820,3969848,0.00902301549076942,0,16,0.0,0.14436824785231073,0.16794690469114654,-0.14436824785231073,-0.023578656838835827,-0.16794690469114654,-3.7123805451988194,0.5944952654397607,-3.117885279759059,-71640//496231,-320047106085//13573593622087,-4593915//27353377,accounting attribution; not an independent causal effect
ideological/2022/15-29,ideological/2022/15-29,ideological/2022/15-29,ideological/2022/15-29,focal,ideological,all_parties,0,0,4,11,4,2022,Ideological 2022/MDB-UNIÃO,Ideological 2022/MDB-UNIÃO,,,,,,15,29,MDB,UNIÃO,true,endpoint-minimal,false,true,true,true,false,ideological/2022/15-29,"MDB, PMN, PSDB, PSD, PMB, PODE, PROS, PRTB, AGIR, PTB, PP, DC, REPUBLICANOS, PSC, UNIÃO",14,PSC,SE,0,1191617,0.0,0,8,0.0,0.0,0.0,0.0,0.0,0.0,-3.7123805451988194,0.5944952654397607,-3.117885279759059,0//1,0//1,0//1,accounting attribution; not an independent causal effect
ideological/2022/15-29,ideological/2022/15-29,ideological/2022/15-29,ideological/2022/15-29,focal,ideological,all_parties,0,0,4,11,4,2022,Ideological 2022/MDB-UNIÃO,Ideological 2022/MDB-UNIÃO,,,,,,15,29,MDB,UNIÃO,true,endpoint-minimal,false,true,true,true,false,ideological/2022/15-29,"MDB, PMN, PSDB, PSD, PMB, PODE, PROS, PRTB, AGIR, PTB, PP, DC, REPUBLICANOS, PSC, UNIÃO",14,PSC,SP,293192,23321040,0.012571995073976118,1,70,0.014285714285714285,0.8800396551783283,1.3746702646623852,0.11996034482167175,-0.49463060948405696,-0.3746702646623852,-3.7123805451988194,0.5944952654397607,-3.117885279759059,34970//291513,-3944117699651//7973864989401,-10248497//27353377,accounting attribution; not an independent causal effect
ideological/2022/15-29,ideological/2022/15-29,ideological/2022/15-29,ideological/2022/15-29,focal,ideological,all_parties,0,0,4,11,4,2022,Ideological 2022/MDB-UNIÃO,Ideological 2022/MDB-UNIÃO,,,,,,15,29,MDB,UNIÃO,true,endpoint-minimal,false,true,true,true,false,ideological/2022/15-29,"MDB, PMN, PSDB, PSD, PMB, PODE, PROS, PRTB, AGIR, PTB, PP, DC, REPUBLICANOS, PSC, UNIÃO",14,PSC,TO,50659,830140,0.061024646445177924,0,8,0.0,0.4881971715614234,0.2375215590382131,-0.4881971715614234,0.2506756125232103,-0.2375215590382131,-3.7123805451988194,0.5944952654397607,-3.117885279759059,-101318//207535,5692124318699//22707132382780,-25988067//109413508,accounting attribution; not an independent causal effect
ideological/2022/15-29,ideological/2022/15-29,ideological/2022/15-29,ideological/2022/15-29,focal,ideological,all_parties,0,0,4,11,4,2022,Ideological 2022/MDB-UNIÃO,Ideological 2022/MDB-UNIÃO,,,,,,15,29,MDB,UNIÃO,true,endpoint-minimal,false,true,true,true,false,ideological/2022/15-29,"MDB, PMN, PSDB, PSD, PMB, PODE, PROS, PRTB, AGIR, PTB, PP, DC, REPUBLICANOS, PSC, UNIÃO",15,UNIÃO,AC,84939,434253,0.19559795787248446,3,8,0.375,1.5647836629798757,0.39824796587273303,1.4352163370201243,1.1665356971071428,2.601752034127267,9.356662317791708,1.7469012659661585,11.103563583757866,207749//144751,18475259554075//15837714696508,284666817//109413508,accounting attribution; not an independent causal effect
ideological/2022/15-29,ideological/2022/15-29,ideological/2022/15-29,ideological/2022/15-29,focal,ideological,all_parties,0,0,4,11,4,2022,Ideological 2022/MDB-UNIÃO,Ideological 2022/MDB-UNIÃO,,,,,,15,29,MDB,UNIÃO,true,endpoint-minimal,false,true,true,true,false,ideological/2022/15-29,"MDB, PMN, PSDB, PSD, PMB, PODE, PROS, PRTB, AGIR, PTB, PP, DC, REPUBLICANOS, PSC, UNIÃO",15,UNIÃO,AL,170932,1650763,0.1035472687478457,1,9,0.1111111111111111,0.9319254187306112,0.8014377530057806,0.06807458126938876,0.13048766572483064,0.1985622469942194,9.356662317791708,1.7469012659661585,11.103563583757866,112375//1650763,5892032578149//45153942676651,5431348//27353377,accounting attribution; not an independent causal effect
ideological/2022/15-29,ideological/2022/15-29,ideological/2022/15-29,ideological/2022/15-29,focal,ideological,all_parties,0,0,4,11,4,2022,Ideological 2022/MDB-UNIÃO,Ideological 2022/MDB-UNIÃO,,,,,,15,29,MDB,UNIÃO,true,endpoint-minimal,false,true,true,true,false,ideological/2022/15-29,"MDB, PMN, PSDB, PSD, PMB, PODE, PROS, PRTB, AGIR, PTB, PP, DC, REPUBLICANOS, PSC, UNIÃO",15,UNIÃO,AM,372802,1976477,0.18861944763333952,2,8,0.25,1.5089555810667161,1.747932494770207,0.4910444189332838,-0.2389769137034908,0.25206750522979304,9.356662317791708,1.7469012659661585,11.103563583757866,970538//1976477,-25839770961437//108126641025658,13789795//54706754,accounting attribution; not an independent causal effect
ideological/2022/15-29,ideological/2022/15-29,ideological/2022/15-29,ideological/2022/15-29,focal,ideological,all_parties,0,0,4,11,4,2022,Ideological 2022/MDB-UNIÃO,Ideological 2022/MDB-UNIÃO,,,,,,15,29,MDB,UNIÃO,true,endpoint-minimal,false,true,true,true,false,ideological/2022/15-29,"MDB, PMN, PSDB, PSD, PMB, PODE, PROS, PRTB, AGIR, PTB, PP, DC, REPUBLICANOS, PSC, UNIÃO",15,UNIÃO,AP,0,423017,0.0,0,8,0.0,0.0,0.0,0.0,0.0,0.0,9.356662317791708,1.7469012659661585,11.103563583757866,0//1,0//1,0//1,accounting attribution; not an independent causal effect
ideological/2022/15-29,ideological/2022/15-29,ideological/2022/15-29,ideological/2022/15-29,focal,ideological,all_parties,0,0,4,11,4,2022,Ideological 2022/MDB-UNIÃO,Ideological 2022/MDB-UNIÃO,,,,,,15,29,MDB,UNIÃO,true,endpoint-minimal,false,true,true,true,false,ideological/2022/15-29,"MDB, PMN, PSDB, PSD, PMB, PODE, PROS, PRTB, AGIR, PTB, PP, DC, REPUBLICANOS, PSC, UNIÃO",15,UNIÃO,BA,1075013,7958431,0.13507850982184805,6,39,0.15384615384615385,5.268061883052074,5.040343546977764,0.731938116947926,0.22771833607430958,0.9596564530222356,9.356662317791708,1.7469012659661585,11.103563583757866,448083//612187,15252921926709//66981527221996,104999379//109413508,accounting attribution; not an independent causal effect
ideological/2022/15-29,ideological/2022/15-29,ideological/2022/15-29,ideological/2022/15-29,focal,ideological,all_parties,0,0,4,11,4,2022,Ideological 2022/MDB-UNIÃO,Ideological 2022/MDB-UNIÃO,,,,,,15,29,MDB,UNIÃO,true,endpoint-minimal,false,true,true,true,false,ideological/2022/15-29,"MDB, PMN, PSDB, PSD, PMB, PODE, PROS, PRTB, AGIR, PTB, PP, DC, REPUBLICANOS, PSC, UNIÃO",15,UNIÃO,CE,719801,5083860,0.14158552753222944,4,22,0.18181818181818182,3.114881605709048,3.3748841413621435,0.8851183942909522,-0.2600025356530955,0.6251158586378567,9.356662317791708,1.7469012659661585,11.103563583757866,2249909//2541930,-36156144800551//139060739195220,68396119//109413508,accounting attribution; not an independent causal effect
ideological/2022/15-29,ideological/2022/15-29,ideological/2022/15-29,ideological/2022/15-29,focal,ideological,all_parties,0,0,4,11,4,2022,Ideological 2022/MDB-UNIÃO,Ideological 2022/MDB-UNIÃO,,,,,,15,29,MDB,UNIÃO,true,endpoint-minimal,false,true,true,true,false,ideological/2022/15-29,"MDB, PMN, PSDB, PSD, PMB, PODE, PROS, PRTB, AGIR, PTB, PP, DC, REPUBLICANOS, PSC, UNIÃO",15,UNIÃO,DF,82274,1607519,0.05118073254499636,0,8,0.0,0.4094458603599709,0.3857527536727915,-0.4094458603599709,0.02369310668717938,-0.3857527536727915,9.356662317791708,1.7469012659661585,11.103563583757866,-658192//1607519,67213634159//2836843434946,-680751//1764734,accounting attribution; not an independent causal effect
ideological/2022/15-29,ideological/2022/15-29,ideological/2022/15-29,ideological/2022/15-29,focal,ideological,all_parties,0,0,4,11,4,2022,Ideological 2022/MDB-UNIÃO,Ideological 2022/MDB-UNIÃO,,,,,,15,29,MDB,UNIÃO,true,endpoint-minimal,false,true,true,true,false,ideological/2022/15-29,"MDB, PMN, PSDB, PSD, PMB, PODE, PROS, PRTB, AGIR, PTB, PP, DC, REPUBLICANOS, PSC, UNIÃO",15,UNIÃO,ES,123947,2084430,0.059463258540704174,0,10,0.0,0.5946325854070418,0.581142238854091,-0.5946325854070418,0.013490346552950701,-0.581142238854091,9.356662317791708,1.7469012659661585,11.103563583757866,-123947//208443,307667316803//22806479848044,-63584811//109413508,accounting attribution; not an independent causal effect
ideological/2022/15-29,ideological/2022/15-29,ideological/2022/15-29,ideological/2022/15-29,focal,ideological,all_parties,0,0,4,11,4,2022,Ideological 2022/MDB-UNIÃO,Ideological 2022/MDB-UNIÃO,,,,,,15,29,MDB,UNIÃO,true,endpoint-minimal,false,true,true,true,false,ideological/2022/15-29,"MDB, PMN, PSDB, PSD, PMB, PODE, PROS, PRTB, AGIR, PTB, PP, DC, REPUBLICANOS, PSC, UNIÃO",15,UNIÃO,GO,373859,3439644,0.10869119013479302,2,17,0.11764705882352941,1.8477502322914814,1.752888381935437,0.15224976770851867,0.09486185035604425,0.24711161806456292,9.356662317791708,1.7469012659661585,11.103563583757866,30805//202332,262504722991//2767231737582,27037349//109413508,accounting attribution; not an independent causal effect
ideological/2022/15-29,ideological/2022/15-29,ideological/2022/15-29,ideological/2022/15-29,focal,ideological,all_parties,0,0,4,11,4,2022,Ideological 2022/MDB-UNIÃO,Ideological 2022/MDB-UNIÃO,,,,,,15,29,MDB,UNIÃO,true,endpoint-minimal,false,true,true,true,false,ideological/2022/15-29,"MDB, PMN, PSDB, PSD, PMB, PODE, PROS, PRTB, AGIR, PTB, PP, DC, REPUBLICANOS, PSC, UNIÃO",15,UNIÃO,MA,374204,3707930,0.10091992027896966,2,18,0.1111111111111111,1.816558565021454,1.7545059610007203,0.18344143497854598,0.062052604020733704,0.24549403899927968,9.356662317791708,1.7469012659661585,11.103563583757866,340094//1853965,3146824288377//50712203589805,6715091//27353377,accounting attribution; not an independent causal effect
ideological/2022/15-29,ideological/2022/15-29,ideological/2022/15-29,ideological/2022/15-29,focal,ideological,all_parties,0,0,4,11,4,2022,Ideological 2022/MDB-UNIÃO,Ideological 2022/MDB-UNIÃO,,,,,,15,29,MDB,UNIÃO,true,endpoint-minimal,false,true,true,true,false,ideological/2022/15-29,"MDB, PMN, PSDB, PSD, PMB, PODE, PROS, PRTB, AGIR, PTB, PP, DC, REPUBLICANOS, PSC, UNIÃO",15,UNIÃO,MG,669076,11181098,0.0598399191206445,3,53,0.05660377358490566,3.1715157133941587,3.1370531324157893,-0.1715157133941586,0.0344625809783695,-0.1370531324157891,9.356662317791708,1.7469012659661585,11.103563583757866,-958867//5590549,5270031476425//152920394433973,-3748866//27353377,accounting attribution; not an independent causal effect
ideological/2022/15-29,ideological/2022/15-29,ideological/2022/15-29,ideological/2022/15-29,focal,ideological,all_parties,0,0,4,11,4,2022,Ideological 2022/MDB-UNIÃO,Ideological 2022/MDB-UNIÃO,,,,,,15,29,MDB,UNIÃO,true,endpoint-minimal,false,true,true,true,false,ideological/2022/15-29,"MDB, PMN, PSDB, PSD, PMB, PODE, PROS, PRTB, AGIR, PTB, PP, DC, REPUBLICANOS, PSC, UNIÃO",15,UNIÃO,MS,63354,1374808,0.04608207109647311,0,8,0.0,0.3686565687717849,0.2970437800056644,-0.3686565687717849,0.07161278876612048,-0.2970437800056644,9.356662317791708,1.7469012659661585,11.103563583757866,-63354//171851,673261215765//9401410381654,-16250301//54706754,accounting attribution; not an independent causal effect
ideological/2022/15-29,ideological/2022/15-29,ideological/2022/15-29,ideological/2022/15-29,focal,ideological,all_parties,0,0,4,11,4,2022,Ideological 2022/MDB-UNIÃO,Ideological 2022/MDB-UNIÃO,,,,,,15,29,MDB,UNIÃO,true,endpoint-minimal,false,true,true,true,false,ideological/2022/15-29,"MDB, PMN, PSDB, PSD, PMB, PODE, PROS, PRTB, AGIR, PTB, PP, DC, REPUBLICANOS, PSC, UNIÃO",15,UNIÃO,MT,249328,1730277,0.14409715900980016,2,8,0.25,1.1527772720784013,1.1690079802577942,0.8472227279215987,-0.01623070817939281,0.8309920197422058,9.356662317791708,1.7469012659661585,11.103563583757866,1465930//1730277,-768181874284//47328919095429,22730438//27353377,accounting attribution; not an independent causal effect
ideological/2022/15-29,ideological/2022/15-29,ideological/2022/15-29,ideological/2022/15-29,focal,ideological,all_parties,0,0,4,11,4,2022,Ideological 2022/MDB-UNIÃO,Ideological 2022/MDB-UNIÃO,,,,,,15,29,MDB,UNIÃO,true,endpoint-minimal,false,true,true,true,false,ideological/2022/15-29,"MDB, PMN, PSDB, PSD, PMB, PODE, PROS, PRTB, AGIR, PTB, PP, DC, REPUBLICANOS, PSC, UNIÃO",15,UNIÃO,PA,301599,4521516,0.06670307038612713,1,17,0.058823529411764705,1.1339521965641612,1.414087618870606,-0.1339521965641612,-0.2801354223064448,-0.414087618870606,9.356662317791708,1.7469012659661585,11.103563583757866,-201889//1507172,-186273084687//664939418062,-1461509//3529468,accounting attribution; not an independent causal effect
ideological/2022/15-29,ideological/2022/15-29,ideological/2022/15-29,ideological/2022/15-29,focal,ideological,all_parties,0,0,4,11,4,2022,Ideological 2022/MDB-UNIÃO,Ideological 2022/MDB-UNIÃO,,,,,,15,29,MDB,UNIÃO,true,endpoint-minimal,false,true,true,true,false,ideological/2022/15-29,"MDB, PMN, PSDB, PSD, PMB, PODE, PROS, PRTB, AGIR, PTB, PP, DC, REPUBLICANOS, PSC, UNIÃO",15,UNIÃO,PB,203364,2209355,0.0920467738321818,1,12,0.08333333333333333,1.1045612859861815,0.9534995624123486,-0.10456128598618149,0.1510617235738329,0.046500437587651426,9.356662317791708,1.7469012659661585,11.103563583757866,-231013//2209355,9129161517021//60433320241835,1271944//27353377,accounting attribution; not an independent causal effect
ideological/2022/15-29,ideological/2022/15-29,ideological/2022/15-29,ideological/2022/15-29,focal,ideological,all_parties,0,0,4,11,4,2022,Ideological 2022/MDB-UNIÃO,Ideological 2022/MDB-UNIÃO,,,,,,15,29,MDB,UNIÃO,true,endpoint-minimal,false,true,true,true,false,ideological/2022/15-29,"MDB, PMN, PSDB, PSD, PMB, PODE, PROS, PRTB, AGIR, PTB, PP, DC, REPUBLICANOS, PSC, UNIÃO",15,UNIÃO,PE,461431,4969863,0.09284581888877018,3,25,0.12,2.3211454722192544,2.163481523689013,0.6788545277807456,0.15766394853024146,0.8365184763109871,9.356662317791708,1.7469012659661585,11.103563583757866,3373814//4969863,85732948170811//543770145109404,91526421//109413508,accounting attribution; not an independent causal effect
ideological/2022/15-29,ideological/2022/15-29,ideological/2022/15-29,ideological/2022/15-29,focal,ideological,all_parties,0,0,4,11,4,2022,Ideological 2022/MDB-UNIÃO,Ideological 2022/MDB-UNIÃO,,,,,,15,29,MDB,UNIÃO,true,endpoint-minimal,false,true,true,true,false,ideological/2022/15-29,"MDB, PMN, PSDB, PSD, PMB, PODE, PROS, PRTB, AGIR, PTB, PP, DC, REPUBLICANOS, PSC, UNIÃO",15,UNIÃO,PI,77581,1957483,0.0396330389587036,0,10,0.0,0.396330389587036,0.3637489897499676,-0.396330389587036,0.032581399837068384,-0.3637489897499676,9.356662317791708,1.7469012659661585,11.103563583757866,-775810//1957483,6978123977881//214175081880364,-39799053//109413508,accounting attribution; not an independent causal effect
ideological/2022/15-29,ideological/2022/15-29,ideological/2022/15-29,ideological/2022/15-29,focal,ideological,all_parties,0,0,4,11,4,2022,Ideological 2022/MDB-UNIÃO,Ideological 2022/MDB-UNIÃO,,,,,,15,29,MDB,UNIÃO,true,endpoint-minimal,false,true,true,true,false,ideological/2022/15-29,"MDB, PMN, PSDB, PSD, PMB, PODE, PROS, PRTB, AGIR, PTB, PP, DC, REPUBLICANOS, PSC, UNIÃO",15,UNIÃO,PR,641875,6038642,0.10629459404945682,4,30,0.13333333333333333,3.1888378214837045,3.0095175725468923,0.8111621785162956,0.17932024893681198,0.9904824274531076,9.356662317791708,1.7469012659661585,11.103563583757866,2449159//3019321,59239251605625//330354502388068,108372157//109413508,accounting attribution; not an independent causal effect
ideological/2022/15-29,ideological/2022/15-29,ideological/2022/15-29,ideological/2022/15-29,focal,ideological,all_parties,0,0,4,11,4,2022,Ideological 2022/MDB-UNIÃO,Ideological 2022/MDB-UNIÃO,,,,,,15,29,MDB,UNIÃO,true,endpoint-minimal,false,true,true,true,false,ideological/2022/15-29,"MDB, PMN, PSDB, PSD, PMB, PODE, PROS, PRTB, AGIR, PTB, PP, DC, REPUBLICANOS, PSC, UNIÃO",15,UNIÃO,RJ,967553,8575988,0.11282116999230876,6,46,0.13043478260869565,5.189773819646203,4.536502832904325,0.8102261803537971,0.6532709867418781,1.4634971670956753,9.356662317791708,1.7469012659661585,11.103563583757866,3474245//4287994,153245766766193//234582232911476,160126359//109413508,accounting attribution; not an independent causal effect
ideological/2022/15-29,ideological/2022/15-29,ideological/2022/15-29,ideological/2022/15-29,focal,ideological,all_parties,0,0,4,11,4,2022,Ideological 2022/MDB-UNIÃO,Ideological 2022/MDB-UNIÃO,,,,,,15,29,MDB,UNIÃO,true,endpoint-minimal,false,true,true,true,false,ideological/2022/15-29,"MDB, PMN, PSDB, PSD, PMB, PODE, PROS, PRTB, AGIR, PTB, PP, DC, REPUBLICANOS, PSC, UNIÃO",15,UNIÃO,RN,315590,1864825,0.1692330379526229,2,8,0.25,1.3538643036209832,1.479686310761556,0.6461356963790168,-0.12582200714057284,0.5203136892384439,9.356662317791708,1.7469012659661585,11.103563583757866,240986//372965,-2567235053999//20403704505610,28464673//54706754,accounting attribution; not an independent causal effect
ideological/2022/15-29,ideological/2022/15-29,ideological/2022/15-29,ideological/2022/15-29,focal,ideological,all_parties,0,0,4,11,4,2022,Ideological 2022/MDB-UNIÃO,Ideological 2022/MDB-UNIÃO,,,,,,15,29,MDB,UNIÃO,true,endpoint-minimal,false,true,true,true,false,ideological/2022/15-29,"MDB, PMN, PSDB, PSD, PMB, PODE, PROS, PRTB, AGIR, PTB, PP, DC, REPUBLICANOS, PSC, UNIÃO",15,UNIÃO,RO,195169,869148,0.22455209009282653,4,8,0.5,1.7964167207426123,0.9150761988181569,2.2035832792573875,0.8813405219244554,3.084923801181843,9.356662317791708,1.7469012659661585,11.103563583757866,478810//217287,20953106709665//23774132912796,337532335//109413508,accounting attribution; not an independent causal effect
ideological/2022/15-29,ideological/2022/15-29,ideological/2022/15-29,ideological/2022/15-29,focal,ideological,all_parties,0,0,4,11,4,2022,Ideological 2022/MDB-UNIÃO,Ideological 2022/MDB-UNIÃO,,,,,,15,29,MDB,UNIÃO,true,endpoint-minimal,false,true,true,true,false,ideological/2022/15-29,"MDB, PMN, PSDB, PSD, PMB, PODE, PROS, PRTB, AGIR, PTB, PP, DC, REPUBLICANOS, PSC, UNIÃO",15,UNIÃO,RR,41831,291714,0.14339730009529883,2,8,0.25,1.1471784007623906,0.19613028950684955,0.8528215992376095,0.951048111255541,1.8038697104931505,9.356662317791708,1.7469012659661585,11.103563583757866,124390//145857,15177516254921//15958726036356,197367713//109413508,accounting attribution; not an independent causal effect
ideological/2022/15-29,ideological/2022/15-29,ideological/2022/15-29,ideological/2022/15-29,focal,ideological,all_parties,0,0,4,11,4,2022,Ideological 2022/MDB-UNIÃO,Ideological 2022/MDB-UNIÃO,,,,,,15,29,MDB,UNIÃO,true,endpoint-minimal,false,true,true,true,false,ideological/2022/15-29,"MDB, PMN, PSDB, PSD, PMB, PODE, PROS, PRTB, AGIR, PTB, PP, DC, REPUBLICANOS, PSC, UNIÃO",15,UNIÃO,RS,215367,6149822,0.03502003797833498,1,31,0.03225806451612903,1.0856211773283844,1.0097772479792897,-0.08562117732838447,0.07584392934909474,-0.009777247979289723,9.356662317791708,1.7469012659661585,11.103563583757866,-526555//6149822,25516688836377//336436799297788,-1069763//109413508,accounting attribution; not an independent causal effect
ideological/2022/15-29,ideological/2022/15-29,ideological/2022/15-29,ideological/2022/15-29,focal,ideological,all_parties,0,0,4,11,4,2022,Ideological 2022/MDB-UNIÃO,Ideological 2022/MDB-UNIÃO,,,,,,15,29,MDB,UNIÃO,true,endpoint-minimal,false,true,true,true,false,ideological/2022/15-29,"MDB, PMN, PSDB, PSD, PMB, PODE, PROS, PRTB, AGIR, PTB, PP, DC, REPUBLICANOS, PSC, UNIÃO",15,UNIÃO,SC,279432,3969848,0.07038858918527863,1,16,0.0625,1.126217426964458,1.310154647449929,-0.1262174269644581,-0.18393722048547104,-0.3101546474499291,9.356662317791708,1.7469012659661585,11.103563583757866,-62633//496231,-2496689082846//13573593622087,-8483777//27353377,accounting attribution; not an independent causal effect
ideological/2022/15-29,ideological/2022/15-29,ideological/2022/15-29,ideological/2022/15-29,focal,ideological,all_parties,0,0,4,11,4,2022,Ideological 2022/MDB-UNIÃO,Ideological 2022/MDB-UNIÃO,,,,,,15,29,MDB,UNIÃO,true,endpoint-minimal,false,true,true,true,false,ideological/2022/15-29,"MDB, PMN, PSDB, PSD, PMB, PODE, PROS, PRTB, AGIR, PTB, PP, DC, REPUBLICANOS, PSC, UNIÃO",15,UNIÃO,SE,239275,1191617,0.20079857873796697,2,8,0.25,1.6063886299037358,1.1218731328859322,0.3936113700962642,0.4845154970178037,0.8781268671140678,9.356662317791708,1.7469012659661585,11.103563583757866,469034//1191617,63170644126325//130378996162436,96078941//109413508,accounting attribution; not an independent causal effect
ideological/2022/15-29,ideological/2022/15-29,ideological/2022/15-29,ideological/2022/15-29,focal,ideological,all_parties,0,0,4,11,4,2022,Ideological 2022/MDB-UNIÃO,Ideological 2022/MDB-UNIÃO,,,,,,15,29,MDB,UNIÃO,true,endpoint-minimal,false,true,true,true,false,ideological/2022/15-29,"MDB, PMN, PSDB, PSD, PMB, PODE, PROS, PRTB, AGIR, PTB, PP, DC, REPUBLICANOS, PSC, UNIÃO",15,UNIÃO,SP,1811462,23321040,0.07767500934778208,6,70,0.08571428571428572,5.437250654344746,8.493284083351025,0.5627493456552538,-3.0560334290062783,-2.493284083351025,9.356662317791708,1.7469012659661585,11.103563583757866,656195//1166052,-97473591863969//31895459957604,-136399479//54706754,accounting attribution; not an independent causal effect
ideological/2022/15-29,ideological/2022/15-29,ideological/2022/15-29,ideological/2022/15-29,focal,ideological,all_parties,0,0,4,11,4,2022,Ideological 2022/MDB-UNIÃO,Ideological 2022/MDB-UNIÃO,,,,,,15,29,MDB,UNIÃO,true,endpoint-minimal,false,true,true,true,false,ideological/2022/15-29,"MDB, PMN, PSDB, PSD, PMB, PODE, PROS, PRTB, AGIR, PTB, PP, DC, REPUBLICANOS, PSC, UNIÃO",15,UNIÃO,TO,104375,830140,0.12573180427397787,1,8,0.125,1.005854434191823,0.4893762751853272,-0.005854434191823066,0.5164781590064959,0.5106237248146728,9.356662317791708,1.7469012659661585,11.103563583757866,-243//41507,2345547585875//4541426476556,55869133//109413508,accounting attribution; not an independent causal effect
ideological/2022/25-32,ideological/2022/25-32,ideological/2022/25-32,ideological/2022/25-32,focal,ideological,all_parties,0,0,5,16,5,2022,Ideological 2022/PP-PL,Ideological 2022/PP-PL,,,,,,25,32,PP,PL,true,endpoint-minimal,false,true,true,true,false,ideological/2022/25-32,"PP, DC, REPUBLICANOS, PSC, UNIÃO, PATRIOTA, NOVO, PL",1,PP,AC,93602,434253,0.21554715799315147,3,8,0.375,1.7243772639452117,0.4388656106337437,1.2756227360547883,1.2855116533114679,2.561134389366256,3.074500419421968,3.1675802384799794,6.242080657901948,553943//434253,30539350206275//23756572044762,140111349//54706754,accounting attribution; not an independent causal effect
ideological/2022/25-32,ideological/2022/25-32,ideological/2022/25-32,ideological/2022/25-32,focal,ideological,all_parties,0,0,5,16,5,2022,Ideological 2022/PP-PL,Ideological 2022/PP-PL,,,,,,25,32,PP,PL,true,endpoint-minimal,false,true,true,true,false,ideological/2022/25-32,"PP, DC, REPUBLICANOS, PSC, UNIÃO, PATRIOTA, NOVO, PL",1,PP,AL,546041,1650763,0.3307809782506635,4,9,0.4444444444444444,2.9770288042559714,2.560186928656012,1.0229711957440286,0.41684187559995933,1.439813071343988,3.074500419421968,3.1675802384799794,6.242080657901948,1688683//1650763,75288216624273//180615770706604,157534999//109413508,accounting attribution; not an independent causal effect
ideological/2022/25-32,ideological/2022/25-32,ideological/2022/25-32,ideological/2022/25-32,focal,ideological,all_parties,0,0,5,16,5,2022,Ideological 2022/PP-PL,Ideological 2022/PP-PL,,,,,,25,32,PP,PL,true,endpoint-minimal,false,true,true,true,false,ideological/2022/25-32,"PP, DC, REPUBLICANOS, PSC, UNIÃO, PATRIOTA, NOVO, PL",1,PP,AM,0,1976477,0.0,0,8,0.0,0.0,0.0,0.0,0.0,0.0,3.074500419421968,3.1675802384799794,6.242080657901948,0//1,0//1,0//1,accounting attribution; not an independent causal effect
ideological/2022/25-32,ideological/2022/25-32,ideological/2022/25-32,ideological/2022/25-32,focal,ideological,all_parties,0,0,5,16,5,2022,Ideological 2022/PP-PL,Ideological 2022/PP-PL,,,,,,25,32,PP,PL,true,endpoint-minimal,false,true,true,true,false,ideological/2022/25-32,"PP, DC, REPUBLICANOS, PSC, UNIÃO, PATRIOTA, NOVO, PL",1,PP,AP,39086,423017,0.09239817785100835,0,8,0.0,0.7391854228080668,0.1832599865091612,-0.7391854228080668,0.5559254362989057,-0.1832599865091612,3.074500419421968,3.1675802384799794,6.242080657901948,-312688//423017,12865163603249//23141886956818,-10025559//54706754,accounting attribution; not an independent causal effect
ideological/2022/25-32,ideological/2022/25-32,ideological/2022/25-32,ideological/2022/25-32,focal,ideological,all_parties,0,0,5,16,5,2022,Ideological 2022/PP-PL,Ideological 2022/PP-PL,,,,,,25,32,PP,PL,true,endpoint-minimal,false,true,true,true,false,ideological/2022/25-32,"PP, DC, REPUBLICANOS, PSC, UNIÃO, PATRIOTA, NOVO, PL",1,PP,BA,776833,7958431,0.09761132564949046,4,39,0.10256410256410256,3.806841700330128,3.6422863710758637,0.1931582996698721,0.16455532925426403,0.3577136289241361,3.074500419421968,3.1675802384799794,6.242080657901948,118249//612187,11022167265969//66981527221996,39138703//109413508,accounting attribution; not an independent causal effect
ideological/2022/25-32,ideological/2022/25-32,ideological/2022/25-32,ideological/2022/25-32,focal,ideological,all_parties,0,0,5,16,5,2022,Ideological 2022/PP-PL,Ideological 2022/PP-PL,,,,,,25,32,PP,PL,true,endpoint-minimal,false,true,true,true,false,ideological/2022/25-32,"PP, DC, REPUBLICANOS, PSC, UNIÃO, PATRIOTA, NOVO, PL",1,PP,CE,225463,5083860,0.04434878222453018,1,22,0.045454545454545456,0.9756732089396639,1.0571137066549405,0.024326791060336046,-0.08144049771527667,-0.05711370665494063,3.074500419421968,3.1675802384799794,6.242080657901948,61837//2541930,-365328252023//4485830296620,-201581//3529468,accounting attribution; not an independent causal effect
ideological/2022/25-32,ideological/2022/25-32,ideological/2022/25-32,ideological/2022/25-32,focal,ideological,all_parties,0,0,5,16,5,2022,Ideological 2022/PP-PL,Ideological 2022/PP-PL,,,,,,25,32,PP,PL,true,endpoint-minimal,false,true,true,true,false,ideological/2022/25-32,"PP, DC, REPUBLICANOS, PSC, UNIÃO, PATRIOTA, NOVO, PL",1,PP,DF,117553,1607519,0.07312697392690226,0,8,0.0,0.5850157914152181,0.551163106844175,-0.5850157914152181,0.033852684571043075,-0.551163106844175,3.074500419421968,3.1675802384799794,6.242080657901948,-940424//1607519,5954155490801//175884292966652,-60304689//109413508,accounting attribution; not an independent causal effect
ideological/2022/25-32,ideological/2022/25-32,ideological/2022/25-32,ideological/2022/25-32,focal,ideological,all_parties,0,0,5,16,5,2022,Ideological 2022/PP-PL,Ideological 2022/PP-PL,,,,,,25,32,PP,PL,true,endpoint-minimal,false,true,true,true,false,ideological/2022/25-32,"PP, DC, REPUBLICANOS, PSC, UNIÃO, PATRIOTA, NOVO, PL",1,PP,ES,296301,2084430,0.14214965242296454,2,10,0.2,1.4214965242296456,1.3892472307898216,0.5785034757703544,0.03224929343982384,0.6107527692101783,3.074500419421968,3.1675802384799794,6.242080657901948,40195//69481,245164286983//7602159949348,66824603//109413508,accounting attribution; not an independent causal effect
ideological/2022/25-32,ideological/2022/25-32,ideological/2022/25-32,ideological/2022/25-32,focal,ideological,all_parties,0,0,5,16,5,2022,Ideological 2022/PP-PL,Ideological 2022/PP-PL,,,,,,25,32,PP,PL,true,endpoint-minimal,false,true,true,true,false,ideological/2022/25-32,"PP, DC, REPUBLICANOS, PSC, UNIÃO, PATRIOTA, NOVO, PL",1,PP,GO,287770,3439644,0.08366272788695574,2,17,0.11764705882352941,1.4222663740782477,1.3492484858450933,0.5777336259217524,0.07301788823315436,0.6507515141549067,3.074500419421968,3.1675802384799794,6.242080657901948,58447//101166,101028708865//1383615868791,35600503//54706754,accounting attribution; not an independent causal effect
ideological/2022/25-32,ideological/2022/25-32,ideological/2022/25-32,ideological/2022/25-32,focal,ideological,all_parties,0,0,5,16,5,2022,Ideological 2022/PP-PL,Ideological 2022/PP-PL,,,,,,25,32,PP,PL,true,endpoint-minimal,false,true,true,true,false,ideological/2022/25-32,"PP, DC, REPUBLICANOS, PSC, UNIÃO, PATRIOTA, NOVO, PL",1,PP,MA,304434,3707930,0.08210349170561472,2,18,0.1111111111111111,1.477862850701065,1.4273798990157596,0.522137149298935,0.05048295168530546,0.5726201009842404,3.074500419421968,3.1675802384799794,6.242080657901948,968024//1853965,5120203447359//101424407179610,31326187//54706754,accounting attribution; not an independent causal effect
ideological/2022/25-32,ideological/2022/25-32,ideological/2022/25-32,ideological/2022/25-32,focal,ideological,all_parties,0,0,5,16,5,2022,Ideological 2022/PP-PL,Ideological 2022/PP-PL,,,,,,25,32,PP,PL,true,endpoint-minimal,false,true,true,true,false,ideological/2022/25-32,"PP, DC, REPUBLICANOS, PSC, UNIÃO, PATRIOTA, NOVO, PL",1,PP,MG,655458,11181098,0.05862197075814916,3,53,0.05660377358490566,3.106964450181905,3.073203301369334,-0.10696445018190522,0.03376114881257154,-0.07320330136933366,3.074500419421968,3.1675802384799794,6.242080657901948,-597990//5590549,10325536385925//305840788867946,-4004715//54706754,accounting attribution; not an independent causal effect
ideological/2022/25-32,ideological/2022/25-32,ideological/2022/25-32,ideological/2022/25-32,focal,ideological,all_parties,0,0,5,16,5,2022,Ideological 2022/PP-PL,Ideological 2022/PP-PL,,,,,,25,32,PP,PL,true,endpoint-minimal,false,true,true,true,false,ideological/2022/25-32,"PP, DC, REPUBLICANOS, PSC, UNIÃO, PATRIOTA, NOVO, PL",1,PP,MS,146606,1374808,0.1066374359183246,1,8,0.125,0.8530994873465968,0.687382018680911,0.14690051265340323,0.16571746866568582,0.312617981319089,3.074500419421968,3.1675802384799794,6.242080657901948,25245//171851,1557977930335//9401410381654,17102315//54706754,accounting attribution; not an independent causal effect
ideological/2022/25-32,ideological/2022/25-32,ideological/2022/25-32,ideological/2022/25-32,focal,ideological,all_parties,0,0,5,16,5,2022,Ideological 2022/PP-PL,Ideological 2022/PP-PL,,,,,,25,32,PP,PL,true,endpoint-minimal,false,true,true,true,false,ideological/2022/25-32,"PP, DC, REPUBLICANOS, PSC, UNIÃO, PATRIOTA, NOVO, PL",1,PP,MT,4593,1730277,0.0026544882697972635,0,8,0.0,0.021235906158378108,0.021534900425640314,-0.021235906158378108,-0.0002989942672622055,-0.021534900425640314,3.074500419421968,3.1675802384799794,6.242080657901948,-12248//576759,-18868100647//63105225460572,-2356209//109413508,accounting attribution; not an independent causal effect
ideological/2022/25-32,ideological/2022/25-32,ideological/2022/25-32,ideological/2022/25-32,focal,ideological,all_parties,0,0,5,16,5,2022,Ideological 2022/PP-PL,Ideological 2022/PP-PL,,,,,,25,32,PP,PL,true,endpoint-minimal,false,true,true,true,false,ideological/2022/25-32,"PP, DC, REPUBLICANOS, PSC, UNIÃO, PATRIOTA, NOVO, PL",1,PP,PA,187285,4521516,0.04142084203616663,0,17,0.0,0.7041543146148327,0.8781110007002061,-0.7041543146148327,-0.17395668608537332,-0.8781110007002061,3.074500419421968,3.1675802384799794,6.242080657901948,-3183845//4521516,-10757371158065//61839365879766,-96077205//109413508,accounting attribution; not an independent causal effect
ideological/2022/25-32,ideological/2022/25-32,ideological/2022/25-32,ideological/2022/25-32,focal,ideological,all_parties,0,0,5,16,5,2022,Ideological 2022/PP-PL,Ideological 2022/PP-PL,,,,,,25,32,PP,PL,true,endpoint-minimal,false,true,true,true,false,ideological/2022/25-32,"PP, DC, REPUBLICANOS, PSC, UNIÃO, PATRIOTA, NOVO, PL",1,PP,PB,327019,2209355,0.14801559731233777,2,12,0.16666666666666666,1.7761871677480532,1.5332727198546636,0.22381283225194684,0.2429144478933895,0.4667272801453364,3.074500419421968,3.1675802384799794,6.242080657901948,494482//2209355,1894209886569//7797847773140,1647299//3529468,accounting attribution; not an independent causal effect
ideological/2022/25-32,ideological/2022/25-32,ideological/2022/25-32,ideological/2022/25-32,focal,ideological,all_parties,0,0,5,16,5,2022,Ideological 2022/PP-PL,Ideological 2022/PP-PL,,,,,,25,32,PP,PL,true,endpoint-minimal,false,true,true,true,false,ideological/2022/25-32,"PP, DC, REPUBLICANOS, PSC, UNIÃO, PATRIOTA, NOVO, PL",1,PP,PE,681164,4969863,0.13705890886730682,4,25,0.16,3.42647272168267,3.1937293519553362,0.5735272783173299,0.23274336972733387,0.8062706480446638,3.074500419421968,3.1675802384799794,6.242080657901948,2850352//4969863,31639723982471//135942536277351,22054225//27353377,accounting attribution; not an independent causal effect
ideological/2022/25-32,ideological/2022/25-32,ideological/2022/25-32,ideological/2022/25-32,focal,ideological,all_parties,0,0,5,16,5,2022,Ideological 2022/PP-PL,Ideological 2022/PP-PL,,,,,,25,32,PP,PL,true,endpoint-minimal,false,true,true,true,false,ideological/2022/25-32,"PP, DC, REPUBLICANOS, PSC, UNIÃO, PATRIOTA, NOVO, PL",1,PP,PI,400918,1957483,0.20481301753323017,2,10,0.2,2.0481301753323016,1.8797581556383332,-0.04813017533230174,0.16837201969396867,0.12024184436166693,3.074500419421968,3.1675802384799794,6.242080657901948,-94214//1957483,18030545552159//107087540940182,6578041//54706754,accounting attribution; not an independent causal effect
ideological/2022/25-32,ideological/2022/25-32,ideological/2022/25-32,ideological/2022/25-32,focal,ideological,all_parties,0,0,5,16,5,2022,Ideological 2022/PP-PL,Ideological 2022/PP-PL,,,,,,25,32,PP,PL,true,endpoint-minimal,false,true,true,true,false,ideological/2022/25-32,"PP, DC, REPUBLICANOS, PSC, UNIÃO, PATRIOTA, NOVO, PL",1,PP,PR,704175,6038642,0.11661148317784031,4,30,0.13333333333333333,3.4983444953352096,3.3016195312922423,0.5016555046647905,0.19672496404296722,0.6983804687077577,3.074500419421968,3.1675802384799794,6.242080657901948,1514659//3019321,64988977603725//330354502388068,76412257//109413508,accounting attribution; not an independent causal effect
ideological/2022/25-32,ideological/2022/25-32,ideological/2022/25-32,ideological/2022/25-32,focal,ideological,all_parties,0,0,5,16,5,2022,Ideological 2022/PP-PL,Ideological 2022/PP-PL,,,,,,25,32,PP,PL,true,endpoint-minimal,false,true,true,true,false,ideological/2022/25-32,"PP, DC, REPUBLICANOS, PSC, UNIÃO, PATRIOTA, NOVO, PL",1,PP,RJ,569050,8575988,0.06635387083097598,3,46,0.06521739130434782,3.052278058224895,2.6680677307229743,-0.052278058224894904,0.3842103275019206,0.3319322692770256,3.074500419421968,3.1675802384799794,6.242080657901948,-112084//2143997,45064458266525//117291116455738,18158937//54706754,accounting attribution; not an independent causal effect
ideological/2022/25-32,ideological/2022/25-32,ideological/2022/25-32,ideological/2022/25-32,focal,ideological,all_parties,0,0,5,16,5,2022,Ideological 2022/PP-PL,Ideological 2022/PP-PL,,,,,,25,32,PP,PL,true,endpoint-minimal,false,true,true,true,false,ideological/2022/25-32,"PP, DC, REPUBLICANOS, PSC, UNIÃO, PATRIOTA, NOVO, PL",1,PP,RN,153061,1864825,0.08207794297052003,0,8,0.0,0.6566235437641602,0.7176471574241089,-0.6566235437641602,-0.06102361365994874,-0.7176471574241089,3.074500419421968,3.1675802384799794,6.242080657901948,-1224488//1864825,-12451077809821//204037045056100,-78520293//109413508,accounting attribution; not an independent causal effect
ideological/2022/25-32,ideological/2022/25-32,ideological/2022/25-32,ideological/2022/25-32,focal,ideological,all_parties,0,0,5,16,5,2022,Ideological 2022/PP-PL,Ideological 2022/PP-PL,,,,,,25,32,PP,PL,true,endpoint-minimal,false,true,true,true,false,ideological/2022/25-32,"PP, DC, REPUBLICANOS, PSC, UNIÃO, PATRIOTA, NOVO, PL",1,PP,RO,19239,869148,0.0221354705987933,0,8,0.0,0.1770837647903464,0.09020464822314261,-0.1770837647903464,0.08687911656720379,-0.09020464822314261,3.074500419421968,3.1675802384799794,6.242080657901948,-12826//72429,688491888205//7924710970932,-9869607//109413508,accounting attribution; not an independent causal effect
ideological/2022/25-32,ideological/2022/25-32,ideological/2022/25-32,ideological/2022/25-32,focal,ideological,all_parties,0,0,5,16,5,2022,Ideological 2022/PP-PL,Ideological 2022/PP-PL,,,,,,25,32,PP,PL,true,endpoint-minimal,false,true,true,true,false,ideological/2022/25-32,"PP, DC, REPUBLICANOS, PSC, UNIÃO, PATRIOTA, NOVO, PL",1,PP,RR,25389,291714,0.08703387564532385,0,8,0.0,0.6962710051625908,0.11903975329993076,-0.6962710051625908,0.57723125186266,-0.11903975329993076,3.074500419421968,3.1675802384799794,6.242080657901948,-33852//48619,99052423743//171599204692,-420147//3529468,accounting attribution; not an independent causal effect
ideological/2022/25-32,ideological/2022/25-32,ideological/2022/25-32,ideological/2022/25-32,focal,ideological,all_parties,0,0,5,16,5,2022,Ideological 2022/PP-PL,Ideological 2022/PP-PL,,,,,,25,32,PP,PL,true,endpoint-minimal,false,true,true,true,false,ideological/2022/25-32,"PP, DC, REPUBLICANOS, PSC, UNIÃO, PATRIOTA, NOVO, PL",1,PP,RS,522295,6149822,0.08492847435259102,3,31,0.0967741935483871,2.6327827049303214,2.448850602614807,0.36721729506967843,0.18393210231551463,0.5511493973851931,3.074500419421968,3.1675802384799794,6.242080657901948,2258321//6149822,61881527791145//336436799297788,60303189//109413508,accounting attribution; not an independent causal effect
ideological/2022/25-32,ideological/2022/25-32,ideological/2022/25-32,ideological/2022/25-32,focal,ideological,all_parties,0,0,5,16,5,2022,Ideological 2022/PP-PL,Ideological 2022/PP-PL,,,,,,25,32,PP,PL,true,endpoint-minimal,false,true,true,true,false,ideological/2022/25-32,"PP, DC, REPUBLICANOS, PSC, UNIÃO, PATRIOTA, NOVO, PL",1,PP,SC,209318,3969848,0.052726955792765866,0,16,0.0,0.8436312926842539,0.981415695034657,-0.8436312926842539,-0.13778440235040307,-0.981415695034657,3.074500419421968,3.1675802384799794,6.242080657901948,-418636//496231,-3740458969933//27147187244174,-53690067//54706754,accounting attribution; not an independent causal effect
ideological/2022/25-32,ideological/2022/25-32,ideological/2022/25-32,ideological/2022/25-32,focal,ideological,all_parties,0,0,5,16,5,2022,Ideological 2022/PP-PL,Ideological 2022/PP-PL,,,,,,25,32,PP,PL,true,endpoint-minimal,false,true,true,true,false,ideological/2022/25-32,"PP, DC, REPUBLICANOS, PSC, UNIÃO, PATRIOTA, NOVO, PL",1,PP,SE,136000,1191617,0.11413063089902209,1,8,0.125,0.9130450471921767,0.637654356169624,0.08695495280782332,0.2753906910225527,0.36234564383037604,3.074500419421968,3.1675802384799794,6.242080657901948,103617//1191617,8976290462000//32594749040609,9911377//27353377,accounting attribution; not an independent causal effect
ideological/2022/25-32,ideological/2022/25-32,ideological/2022/25-32,ideological/2022/25-32,focal,ideological,all_parties,0,0,5,16,5,2022,Ideological 2022/PP-PL,Ideological 2022/PP-PL,,,,,,25,32,PP,PL,true,endpoint-minimal,false,true,true,true,false,ideological/2022/25-32,"PP, DC, REPUBLICANOS, PSC, UNIÃO, PATRIOTA, NOVO, PL",1,PP,SP,1174646,23321040,0.05036850843701653,4,70,0.05714285714285714,3.5257955905911573,5.5074863151266475,0.47420440940884284,-1.9816907245354907,-1.5074863151266478,3.074500419421968,3.1675802384799794,6.242080657901948,552947//1166052,-63206937152777//31895459957604,-82469683//54706754,accounting attribution; not an independent causal effect
ideological/2022/25-32,ideological/2022/25-32,ideological/2022/25-32,ideological/2022/25-32,focal,ideological,all_parties,0,0,5,16,5,2022,Ideological 2022/PP-PL,Ideological 2022/PP-PL,,,,,,25,32,PP,PL,true,endpoint-minimal,false,true,true,true,false,ideological/2022/25-32,"PP, DC, REPUBLICANOS, PSC, UNIÃO, PATRIOTA, NOVO, PL",1,PP,TO,89619,830140,0.10795648926687065,2,8,0.25,0.8636519141349652,0.420190777540923,1.1363480858650348,0.4434611365940422,1.579809222459077,3.074500419421968,3.1675802384799794,6.242080657901948,235832//207535,10069730735259//22707132382780,172852469//109413508,accounting attribution; not an independent causal effect
ideological/2022/25-32,ideological/2022/25-32,ideological/2022/25-32,ideological/2022/25-32,focal,ideological,all_parties,0,0,5,16,5,2022,Ideological 2022/PP-PL,Ideological 2022/PP-PL,,,,,,25,32,PP,PL,true,endpoint-minimal,false,true,true,true,false,ideological/2022/25-32,"PP, DC, REPUBLICANOS, PSC, UNIÃO, PATRIOTA, NOVO, PL",2,DC,AC,0,434253,0.0,0,8,0.0,0.0,0.0,0.0,0.0,0.0,-0.5006077071853968,0.04233583640322612,-0.4582718707821707,0//1,0//1,0//1,accounting attribution; not an independent causal effect
ideological/2022/25-32,ideological/2022/25-32,ideological/2022/25-32,ideological/2022/25-32,focal,ideological,all_parties,0,0,5,16,5,2022,Ideological 2022/PP-PL,Ideological 2022/PP-PL,,,,,,25,32,PP,PL,true,endpoint-minimal,false,true,true,true,false,ideological/2022/25-32,"PP, DC, REPUBLICANOS, PSC, UNIÃO, PATRIOTA, NOVO, PL",2,DC,AL,211,1650763,0.0001278196809596532,0,9,0.0,0.0011503771286368789,0.0009893019790572842,-0.0011503771286368789,0.0001610751495795946,-0.0009893019790572842,-0.5006077071853968,0.04233583640322612,-0.4582718707821707,-1899//1650763,29092712283//180615770706604,-108243//109413508,accounting attribution; not an independent causal effect
ideological/2022/25-32,ideological/2022/25-32,ideological/2022/25-32,ideological/2022/25-32,focal,ideological,all_parties,0,0,5,16,5,2022,Ideological 2022/PP-PL,Ideological 2022/PP-PL,,,,,,25,32,PP,PL,true,endpoint-minimal,false,true,true,true,false,ideological/2022/25-32,"PP, DC, REPUBLICANOS, PSC, UNIÃO, PATRIOTA, NOVO, PL",2,DC,AM,2552,1976477,0.0012911862875206743,0,8,0.0,0.010329490300165394,0.01196539644812412,-0.010329490300165394,-0.0016359061479587248,-0.01196539644812412,-0.5006077071853968,0.04233583640322612,-0.4582718707821707,-20416//1976477,-88442518406//54063320512829,-327294//27353377,accounting attribution; not an independent causal effect
ideological/2022/25-32,ideological/2022/25-32,ideological/2022/25-32,ideological/2022/25-32,focal,ideological,all_parties,0,0,5,16,5,2022,Ideological 2022/PP-PL,Ideological 2022/PP-PL,,,,,,25,32,PP,PL,true,endpoint-minimal,false,true,true,true,false,ideological/2022/25-32,"PP, DC, REPUBLICANOS, PSC, UNIÃO, PATRIOTA, NOVO, PL",2,DC,AP,0,423017,0.0,0,8,0.0,0.0,0.0,0.0,0.0,0.0,-0.5006077071853968,0.04233583640322612,-0.4582718707821707,0//1,0//1,0//1,accounting attribution; not an independent causal effect
ideological/2022/25-32,ideological/2022/25-32,ideological/2022/25-32,ideological/2022/25-32,focal,ideological,all_parties,0,0,5,16,5,2022,Ideological 2022/PP-PL,Ideological 2022/PP-PL,,,,,,25,32,PP,PL,true,endpoint-minimal,false,true,true,true,false,ideological/2022/25-32,"PP, DC, REPUBLICANOS, PSC, UNIÃO, PATRIOTA, NOVO, PL",2,DC,BA,5953,7958431,0.0007480117626200441,0,39,0.0,0.02917245874218172,0.027911443987336554,-0.02917245874218172,0.0012610147548451644,-0.027911443987336554,-0.5006077071853968,0.04233583640322612,-0.4582718707821707,-17859//612187,84464694129//66981527221996,-3053889//109413508,accounting attribution; not an independent causal effect
ideological/2022/25-32,ideological/2022/25-32,ideological/2022/25-32,ideological/2022/25-32,focal,ideological,all_parties,0,0,5,16,5,2022,Ideological 2022/PP-PL,Ideological 2022/PP-PL,,,,,,25,32,PP,PL,true,endpoint-minimal,false,true,true,true,false,ideological/2022/25-32,"PP, DC, REPUBLICANOS, PSC, UNIÃO, PATRIOTA, NOVO, PL",2,DC,CE,0,5083860,0.0,0,22,0.0,0.0,0.0,0.0,0.0,0.0,-0.5006077071853968,0.04233583640322612,-0.4582718707821707,0//1,0//1,0//1,accounting attribution; not an independent causal effect
ideological/2022/25-32,ideological/2022/25-32,ideological/2022/25-32,ideological/2022/25-32,focal,ideological,all_parties,0,0,5,16,5,2022,Ideological 2022/PP-PL,Ideological 2022/PP-PL,,,,,,25,32,PP,PL,true,endpoint-minimal,false,true,true,true,false,ideological/2022/25-32,"PP, DC, REPUBLICANOS, PSC, UNIÃO, PATRIOTA, NOVO, PL",2,DC,DF,3816,1607519,0.0023738444149027167,0,8,0.0,0.018990755319221734,0.017891831052524156,-0.018990755319221734,0.001098924266697578,-0.017891831052524156,-0.5006077071853968,0.04233583640322612,-0.4582718707821707,-30528//1607519,48320879418//43971073241663,-489402//27353377,accounting attribution; not an independent causal effect
ideological/2022/25-32,ideological/2022/25-32,ideological/2022/25-32,ideological/2022/25-32,focal,ideological,all_parties,0,0,5,16,5,2022,Ideological 2022/PP-PL,Ideological 2022/PP-PL,,,,,,25,32,PP,PL,true,endpoint-minimal,false,true,true,true,false,ideological/2022/25-32,"PP, DC, REPUBLICANOS, PSC, UNIÃO, PATRIOTA, NOVO, PL",2,DC,ES,2070,2084430,0.0009930772441386854,0,10,0.0,0.009930772441386853,0.009705474391699423,-0.009930772441386853,0.00022529804968743052,-0.009705474391699423,-0.5006077071853968,0.04233583640322612,-0.4582718707821707,-690//69481,856375905//3801079974674,-530955//54706754,accounting attribution; not an independent causal effect
ideological/2022/25-32,ideological/2022/25-32,ideological/2022/25-32,ideological/2022/25-32,focal,ideological,all_parties,0,0,5,16,5,2022,Ideological 2022/PP-PL,Ideological 2022/PP-PL,,,,,,25,32,PP,PL,true,endpoint-minimal,false,true,true,true,false,ideological/2022/25-32,"PP, DC, REPUBLICANOS, PSC, UNIÃO, PATRIOTA, NOVO, PL",2,DC,GO,5583,3439644,0.0016231330916804182,0,17,0.0,0.027593262558567106,0.02617664904775743,-0.027593262558567106,0.001416613510809677,-0.02617664904775743,-0.5006077071853968,0.04233583640322612,-0.4582718707821707,-1861//67444,1306699289//922410579194,-2864079//109413508,accounting attribution; not an independent causal effect
ideological/2022/25-32,ideological/2022/25-32,ideological/2022/25-32,ideological/2022/25-32,focal,ideological,all_parties,0,0,5,16,5,2022,Ideological 2022/PP-PL,Ideological 2022/PP-PL,,,,,,25,32,PP,PL,true,endpoint-minimal,false,true,true,true,false,ideological/2022/25-32,"PP, DC, REPUBLICANOS, PSC, UNIÃO, PATRIOTA, NOVO, PL",2,DC,MA,2315,3707930,0.0006243375684006979,0,18,0.0,0.011238076231212563,0.010854189959799114,-0.011238076231212563,0.0003838862714134497,-0.010854189959799114,-0.5006077071853968,0.04233583640322612,-0.4582718707821707,-4167//370793,15574175001//40569762871844,-1187595//109413508,accounting attribution; not an independent causal effect
ideological/2022/25-32,ideological/2022/25-32,ideological/2022/25-32,ideological/2022/25-32,focal,ideological,all_parties,0,0,5,16,5,2022,Ideological 2022/PP-PL,Ideological 2022/PP-PL,,,,,,25,32,PP,PL,true,endpoint-minimal,false,true,true,true,false,ideological/2022/25-32,"PP, DC, REPUBLICANOS, PSC, UNIÃO, PATRIOTA, NOVO, PL",2,DC,MG,4808,11181098,0.0004300114353706586,0,53,0.0,0.022790606074644906,0.02254295694458494,-0.022790606074644906,0.00024764913005996417,-0.02254295694458494,-0.5006077071853968,0.04233583640322612,-0.4582718707821707,-127412//5590549,37870602650//152920394433973,-616626//27353377,accounting attribution; not an independent causal effect
ideological/2022/25-32,ideological/2022/25-32,ideological/2022/25-32,ideological/2022/25-32,focal,ideological,all_parties,0,0,5,16,5,2022,Ideological 2022/PP-PL,Ideological 2022/PP-PL,,,,,,25,32,PP,PL,true,endpoint-minimal,false,true,true,true,false,ideological/2022/25-32,"PP, DC, REPUBLICANOS, PSC, UNIÃO, PATRIOTA, NOVO, PL",2,DC,MS,528,1374808,0.0003840536278520346,0,8,0.0,0.003072429022816277,0.0024755992651291285,-0.003072429022816277,0.0005968297576871486,-0.0024755992651291285,-0.5006077071853968,0.04233583640322612,-0.4582718707821707,-528//171851,2805520740//4700705190827,-67716//27353377,accounting attribution; not an independent causal effect
ideological/2022/25-32,ideological/2022/25-32,ideological/2022/25-32,ideological/2022/25-32,focal,ideological,all_parties,0,0,5,16,5,2022,Ideological 2022/PP-PL,Ideological 2022/PP-PL,,,,,,25,32,PP,PL,true,endpoint-minimal,false,true,true,true,false,ideological/2022/25-32,"PP, DC, REPUBLICANOS, PSC, UNIÃO, PATRIOTA, NOVO, PL",2,DC,MT,2711,1730277,0.0015668011538036973,0,8,0.0,0.012534409230429578,0.01271088940864596,-0.012534409230429578,-0.00017648017821638126,-0.01271088940864596,-0.5006077071853968,0.04233583640322612,-0.4582718707821707,-21688//1730277,-33410464307//189315676381716,-1390743//109413508,accounting attribution; not an independent causal effect
ideological/2022/25-32,ideological/2022/25-32,ideological/2022/25-32,ideological/2022/25-32,focal,ideological,all_parties,0,0,5,16,5,2022,Ideological 2022/PP-PL,Ideological 2022/PP-PL,,,,,,25,32,PP,PL,true,endpoint-minimal,false,true,true,true,false,ideological/2022/25-32,"PP, DC, REPUBLICANOS, PSC, UNIÃO, PATRIOTA, NOVO, PL",2,DC,PA,0,4521516,0.0,0,17,0.0,0.0,0.0,0.0,0.0,0.0,-0.5006077071853968,0.04233583640322612,-0.4582718707821707,0//1,0//1,0//1,accounting attribution; not an independent causal effect
ideological/2022/25-32,ideological/2022/25-32,ideological/2022/25-32,ideological/2022/25-32,focal,ideological,all_parties,0,0,5,16,5,2022,Ideological 2022/PP-PL,Ideological 2022/PP-PL,,,,,,25,32,PP,PL,true,endpoint-minimal,false,true,true,true,false,ideological/2022/25-32,"PP, DC, REPUBLICANOS, PSC, UNIÃO, PATRIOTA, NOVO, PL",2,DC,PB,335,2209355,0.00015162796381749426,0,12,0.0,0.001819535565809931,0.0015706927155648826,-0.001819535565809931,0.0002488428502450484,-0.0015706927155648826,-0.5006077071853968,0.04233583640322612,-0.4582718707821707,-804//441871,12030719727//48346656193468,-171855//109413508,accounting attribution; not an independent causal effect
ideological/2022/25-32,ideological/2022/25-32,ideological/2022/25-32,ideological/2022/25-32,focal,ideological,all_parties,0,0,5,16,5,2022,Ideological 2022/PP-PL,Ideological 2022/PP-PL,,,,,,25,32,PP,PL,true,endpoint-minimal,false,true,true,true,false,ideological/2022/25-32,"PP, DC, REPUBLICANOS, PSC, UNIÃO, PATRIOTA, NOVO, PL",2,DC,PE,3140,4969863,0.0006318081605066377,0,25,0.0,0.01579520401266594,0.014722313811563376,-0.01579520401266594,0.001072890201102566,-0.014722313811563376,-0.5006077071853968,0.04233583640322612,-0.4582718707821707,-78500//4969863,145851415085//135942536277351,-402705//27353377,accounting attribution; not an independent causal effect
ideological/2022/25-32,ideological/2022/25-32,ideological/2022/25-32,ideological/2022/25-32,focal,ideological,all_parties,0,0,5,16,5,2022,Ideological 2022/PP-PL,Ideological 2022/PP-PL,,,,,,25,32,PP,PL,true,endpoint-minimal,false,true,true,true,false,ideological/2022/25-32,"PP, DC, REPUBLICANOS, PSC, UNIÃO, PATRIOTA, NOVO, PL",2,DC,PI,0,1957483,0.0,0,10,0.0,0.0,0.0,0.0,0.0,0.0,-0.5006077071853968,0.04233583640322612,-0.4582718707821707,0//1,0//1,0//1,accounting attribution; not an independent causal effect
ideological/2022/25-32,ideological/2022/25-32,ideological/2022/25-32,ideological/2022/25-32,focal,ideological,all_parties,0,0,5,16,5,2022,Ideological 2022/PP-PL,Ideological 2022/PP-PL,,,,,,25,32,PP,PL,true,endpoint-minimal,false,true,true,true,false,ideological/2022/25-32,"PP, DC, REPUBLICANOS, PSC, UNIÃO, PATRIOTA, NOVO, PL",2,DC,PR,31099,6038642,0.005149998956719077,0,30,0.0,0.15449996870157232,0.14581185898911128,-0.15449996870157232,0.008688109712461017,-0.14581185898911128,-0.5006077071853968,0.04233583640322612,-0.4582718707821707,-466485//3019321,2870156160753//330354502388068,-15953787//109413508,accounting attribution; not an independent causal effect
ideological/2022/25-32,ideological/2022/25-32,ideological/2022/25-32,ideological/2022/25-32,focal,ideological,all_parties,0,0,5,16,5,2022,Ideological 2022/PP-PL,Ideological 2022/PP-PL,,,,,,25,32,PP,PL,true,endpoint-minimal,false,true,true,true,false,ideological/2022/25-32,"PP, DC, REPUBLICANOS, PSC, UNIÃO, PATRIOTA, NOVO, PL",2,DC,RJ,17465,8575988,0.0020365000510728327,0,46,0.0,0.0936790023493503,0.08188700978310649,-0.0936790023493503,0.011791992566243813,-0.08188700978310649,-0.5006077071853968,0.04233583640322612,-0.4582718707821707,-401695//4287994,2766191946665//234582232911476,-8959545//109413508,accounting attribution; not an independent causal effect
ideological/2022/25-32,ideological/2022/25-32,ideological/2022/25-32,ideological/2022/25-32,focal,ideological,all_parties,0,0,5,16,5,2022,Ideological 2022/PP-PL,Ideological 2022/PP-PL,,,,,,25,32,PP,PL,true,endpoint-minimal,false,true,true,true,false,ideological/2022/25-32,"PP, DC, REPUBLICANOS, PSC, UNIÃO, PATRIOTA, NOVO, PL",2,DC,RN,2094,1864825,0.0011228935691016584,0,8,0.0,0.008983148552813267,0.009818001631023475,-0.008983148552813267,-0.000834853078210208,-0.009818001631023475,-0.5006077071853968,0.04233583640322612,-0.4582718707821707,-16752//1864825,-85170477567//102018522528050,-537111//54706754,accounting attribution; not an independent causal effect
ideological/2022/25-32,ideological/2022/25-32,ideological/2022/25-32,ideological/2022/25-32,focal,ideological,all_parties,0,0,5,16,5,2022,Ideological 2022/PP-PL,Ideological 2022/PP-PL,,,,,,25,32,PP,PL,true,endpoint-minimal,false,true,true,true,false,ideological/2022/25-32,"PP, DC, REPUBLICANOS, PSC, UNIÃO, PATRIOTA, NOVO, PL",2,DC,RO,0,869148,0.0,0,8,0.0,0.0,0.0,0.0,0.0,0.0,-0.5006077071853968,0.04233583640322612,-0.4582718707821707,0//1,0//1,0//1,accounting attribution; not an independent causal effect
ideological/2022/25-32,ideological/2022/25-32,ideological/2022/25-32,ideological/2022/25-32,focal,ideological,all_parties,0,0,5,16,5,2022,Ideological 2022/PP-PL,Ideological 2022/PP-PL,,,,,,25,32,PP,PL,true,endpoint-minimal,false,true,true,true,false,ideological/2022/25-32,"PP, DC, REPUBLICANOS, PSC, UNIÃO, PATRIOTA, NOVO, PL",2,DC,RR,694,291714,0.002379042486819282,0,8,0.0,0.019032339894554256,0.0032539126704538165,-0.019032339894554256,0.015778427224100437,-0.0032539126704538165,-0.5006077071853968,0.04233583640322612,-0.4582718707821707,-2776//145857,125901798677//7979363018178,-178011//54706754,accounting attribution; not an independent causal effect
ideological/2022/25-32,ideological/2022/25-32,ideological/2022/25-32,ideological/2022/25-32,focal,ideological,all_parties,0,0,5,16,5,2022,Ideological 2022/PP-PL,Ideological 2022/PP-PL,,,,,,25,32,PP,PL,true,endpoint-minimal,false,true,true,true,false,ideological/2022/25-32,"PP, DC, REPUBLICANOS, PSC, UNIÃO, PATRIOTA, NOVO, PL",2,DC,RS,1187,6149822,0.00019301371649455871,0,31,0.0,0.00598342521133132,0.005565409711568704,-0.00598342521133132,0.00041801549976261664,-0.005565409711568704,-0.5006077071853968,0.04233583640322612,-0.4582718707821707,-36797//6149822,140635796797//336436799297788,-608931//109413508,accounting attribution; not an independent causal effect
ideological/2022/25-32,ideological/2022/25-32,ideological/2022/25-32,ideological/2022/25-32,focal,ideological,all_parties,0,0,5,16,5,2022,Ideological 2022/PP-PL,Ideological 2022/PP-PL,,,,,,25,32,PP,PL,true,endpoint-minimal,false,true,true,true,false,ideological/2022/25-32,"PP, DC, REPUBLICANOS, PSC, UNIÃO, PATRIOTA, NOVO, PL",2,DC,SC,1490,3969848,0.00037532923174892337,0,16,0.0,0.006005267707982774,0.006986066108034851,-0.006005267707982774,-0.0009807984000520765,-0.006986066108034851,-0.5006077071853968,0.04233583640322612,-0.4582718707821707,-2980//496231,-26625917815//27147187244174,-382185//54706754,accounting attribution; not an independent causal effect
ideological/2022/25-32,ideological/2022/25-32,ideological/2022/25-32,ideological/2022/25-32,focal,ideological,all_parties,0,0,5,16,5,2022,Ideological 2022/PP-PL,Ideological 2022/PP-PL,,,,,,25,32,PP,PL,true,endpoint-minimal,false,true,true,true,false,ideological/2022/25-32,"PP, DC, REPUBLICANOS, PSC, UNIÃO, PATRIOTA, NOVO, PL",2,DC,SE,3562,1191617,0.002989215494575858,0,8,0.0,0.023913723956606864,0.016700917769677946,-0.023913723956606864,0.007212806186928918,-0.016700917769677946,-0.5006077071853968,0.04233583640322612,-0.4582718707821707,-28496//1191617,470199215083//65189498081218,-913653//54706754,accounting attribution; not an independent causal effect
ideological/2022/25-32,ideological/2022/25-32,ideological/2022/25-32,ideological/2022/25-32,focal,ideological,all_parties,0,0,5,16,5,2022,Ideological 2022/PP-PL,Ideological 2022/PP-PL,,,,,,25,32,PP,PL,true,endpoint-minimal,false,true,true,true,false,ideological/2022/25-32,"PP, DC, REPUBLICANOS, PSC, UNIÃO, PATRIOTA, NOVO, PL",2,DC,SP,5269,23321040,0.0002259333202978941,0,70,0.0,0.015815332420852587,0.024704417666601093,-0.015815332420852587,-0.008889085245748506,-0.024704417666601093,-0.5006077071853968,0.04233583640322612,-0.4582718707821707,-36883//2332104,-567042925031//63790919915208,-2702997//109413508,accounting attribution; not an independent causal effect
ideological/2022/25-32,ideological/2022/25-32,ideological/2022/25-32,ideological/2022/25-32,focal,ideological,all_parties,0,0,5,16,5,2022,Ideological 2022/PP-PL,Ideological 2022/PP-PL,,,,,,25,32,PP,PL,true,endpoint-minimal,false,true,true,true,false,ideological/2022/25-32,"PP, DC, REPUBLICANOS, PSC, UNIÃO, PATRIOTA, NOVO, PL",2,DC,TO,859,830140,0.0010347652203242827,0,8,0.0,0.008278121762594261,0.004027537440806669,-0.008278121762594261,0.004250584321787592,-0.004027537440806669,-0.5006077071853968,0.04233583640322612,-0.4582718707821707,-1718//207535,96518580899//22707132382780,-440667//109413508,accounting attribution; not an independent causal effect
ideological/2022/25-32,ideological/2022/25-32,ideological/2022/25-32,ideological/2022/25-32,focal,ideological,all_parties,0,0,5,16,5,2022,Ideological 2022/PP-PL,Ideological 2022/PP-PL,,,,,,25,32,PP,PL,true,endpoint-minimal,false,true,true,true,false,ideological/2022/25-32,"PP, DC, REPUBLICANOS, PSC, UNIÃO, PATRIOTA, NOVO, PL",3,REPUBLICANOS,AC,59017,434253,0.13590464544862096,2,8,0.25,1.0872371635889677,0.27670917013281393,0.9127628364110323,0.8105279934561538,1.723290829867186,1.3735534569599896,2.9417427677072605,4.31529622466725,396370//434253,38510733341675//47513144089524,188551295//109413508,accounting attribution; not an independent causal effect
ideological/2022/25-32,ideological/2022/25-32,ideological/2022/25-32,ideological/2022/25-32,focal,ideological,all_parties,0,0,5,16,5,2022,Ideological 2022/PP-PL,Ideological 2022/PP-PL,,,,,,25,32,PP,PL,true,endpoint-minimal,false,true,true,true,false,ideological/2022/25-32,"PP, DC, REPUBLICANOS, PSC, UNIÃO, PATRIOTA, NOVO, PL",3,REPUBLICANOS,AL,146523,1650763,0.0887607730485842,0,9,0.0,0.7988469574372578,0.6869928619782486,-0.7988469574372578,0.11185409545900919,-0.6869928619782486,1.3735534569599896,2.9417427677072605,4.31529622466725,-1318707//1650763,20202613658019//180615770706604,-75166299//109413508,accounting attribution; not an independent causal effect
ideological/2022/25-32,ideological/2022/25-32,ideological/2022/25-32,ideological/2022/25-32,focal,ideological,all_parties,0,0,5,16,5,2022,Ideological 2022/PP-PL,Ideological 2022/PP-PL,,,,,,25,32,PP,PL,true,endpoint-minimal,false,true,true,true,false,ideological/2022/25-32,"PP, DC, REPUBLICANOS, PSC, UNIÃO, PATRIOTA, NOVO, PL",3,REPUBLICANOS,AM,291549,1976477,0.14750943218666343,2,8,0.25,1.1800754574933074,1.3669668374036594,0.8199245425066924,-0.18689137991035198,0.6330331625963405,1.3735534569599896,2.9417427677072605,4.31529622466725,1620562//1976477,-40415874292713//216253282051316,69262379//109413508,accounting attribution; not an independent causal effect
ideological/2022/25-32,ideological/2022/25-32,ideological/2022/25-32,ideological/2022/25-32,focal,ideological,all_parties,0,0,5,16,5,2022,Ideological 2022/PP-PL,Ideological 2022/PP-PL,,,,,,25,32,PP,PL,true,endpoint-minimal,false,true,true,true,false,ideological/2022/25-32,"PP, DC, REPUBLICANOS, PSC, UNIÃO, PATRIOTA, NOVO, PL",3,REPUBLICANOS,AP,38346,423017,0.09064883917194817,0,8,0.0,0.7251907133755854,0.17979039663000293,-0.7251907133755854,0.5454003167455824,-0.17979039663000293,1.3735534569599896,2.9417427677072605,4.31529622466725,-43824//60431,1803084639477//3305983850974,-9835749//54706754,accounting attribution; not an independent causal effect
ideological/2022/25-32,ideological/2022/25-32,ideological/2022/25-32,ideological/2022/25-32,focal,ideological,all_parties,0,0,5,16,5,2022,Ideological 2022/PP-PL,Ideological 2022/PP-PL,,,,,,25,32,PP,PL,true,endpoint-minimal,false,true,true,true,false,ideological/2022/25-32,"PP, DC, REPUBLICANOS, PSC, UNIÃO, PATRIOTA, NOVO, PL",3,REPUBLICANOS,BA,533293,7958431,0.06700981638214869,3,39,0.07692307692307693,2.613382838903799,2.5004162100350533,0.386617161096201,0.11296662886874556,0.49958378996494657,1.3735534569599896,2.9417427677072605,4.31529622466725,236682//612187,244086365379//2160694426516,1763265//3529468,accounting attribution; not an independent causal effect
ideological/2022/25-32,ideological/2022/25-32,ideological/2022/25-32,ideological/2022/25-32,focal,ideological,all_parties,0,0,5,16,5,2022,Ideological 2022/PP-PL,Ideological 2022/PP-PL,,,,,,25,32,PP,PL,true,endpoint-minimal,false,true,true,true,false,ideological/2022/25-32,"PP, DC, REPUBLICANOS, PSC, UNIÃO, PATRIOTA, NOVO, PL",3,REPUBLICANOS,CE,179371,5083860,0.03528244286821431,0,22,0.0,0.7762137431007148,0.8410051435331002,-0.7762137431007148,-0.06479140043238532,-0.8410051435331002,1.3735534569599896,2.9417427677072605,4.31529622466725,-1973081//2541930,-9009940037621//139060739195220,-92017323//109413508,accounting attribution; not an independent causal effect
ideological/2022/25-32,ideological/2022/25-32,ideological/2022/25-32,ideological/2022/25-32,focal,ideological,all_parties,0,0,5,16,5,2022,Ideological 2022/PP-PL,Ideological 2022/PP-PL,,,,,,25,32,PP,PL,true,endpoint-minimal,false,true,true,true,false,ideological/2022/25-32,"PP, DC, REPUBLICANOS, PSC, UNIÃO, PATRIOTA, NOVO, PL",3,REPUBLICANOS,DF,301307,1607519,0.18743604274661763,3,8,0.375,1.499488341972941,1.41271853745883,1.500511658027059,0.08676980451411087,1.58728146254117,1.3735534569599896,2.9417427677072605,4.31529622466725,2412101//1607519,15261445717819//175884292966652,173670033//109413508,accounting attribution; not an independent causal effect
ideological/2022/25-32,ideological/2022/25-32,ideological/2022/25-32,ideological/2022/25-32,focal,ideological,all_parties,0,0,5,16,5,2022,Ideological 2022/PP-PL,Ideological 2022/PP-PL,,,,,,25,32,PP,PL,true,endpoint-minimal,false,true,true,true,false,ideological/2022/25-32,"PP, DC, REPUBLICANOS, PSC, UNIÃO, PATRIOTA, NOVO, PL",3,REPUBLICANOS,ES,200917,2084430,0.09638942060899143,2,10,0.2,0.9638942060899143,0.9420264726362672,1.0361057939100857,0.021867733453647092,1.0579735273637327,1.3735534569599896,2.9417427677072605,4.31529622466725,215969//208443,498726022333//22806479848044,115756595//109413508,accounting attribution; not an independent causal effect
ideological/2022/25-32,ideological/2022/25-32,ideological/2022/25-32,ideological/2022/25-32,focal,ideological,all_parties,0,0,5,16,5,2022,Ideological 2022/PP-PL,Ideological 2022/PP-PL,,,,,,25,32,PP,PL,true,endpoint-minimal,false,true,true,true,false,ideological/2022/25-32,"PP, DC, REPUBLICANOS, PSC, UNIÃO, PATRIOTA, NOVO, PL",3,REPUBLICANOS,GO,273442,3439644,0.07949718052217032,1,17,0.058823529411764705,1.3514520688768954,1.2820697239686347,-0.3514520688768954,0.06938234490826074,-0.28206972396863467,1.3735534569599896,2.9417427677072605,4.31529622466725,-2735//7782,7384501033//106431989907,-15431119//54706754,accounting attribution; not an independent causal effect
ideological/2022/25-32,ideological/2022/25-32,ideological/2022/25-32,ideological/2022/25-32,focal,ideological,all_parties,0,0,5,16,5,2022,Ideological 2022/PP-PL,Ideological 2022/PP-PL,,,,,,25,32,PP,PL,true,endpoint-minimal,false,true,true,true,false,ideological/2022/25-32,"PP, DC, REPUBLICANOS, PSC, UNIÃO, PATRIOTA, NOVO, PL",3,REPUBLICANOS,MA,189824,3707930,0.05119406245533222,1,18,0.05555555555555555,0.92149312419598,0.8900154448936963,0.07850687580402003,0.03147767930228366,0.1099845551063037,1.3735534569599896,2.9417427677072605,4.31529622466725,145549//1853965,1596302481312//50712203589805,3008449//27353377,accounting attribution; not an independent causal effect
ideological/2022/25-32,ideological/2022/25-32,ideological/2022/25-32,ideological/2022/25-32,focal,ideological,all_parties,0,0,5,16,5,2022,Ideological 2022/PP-PL,Ideological 2022/PP-PL,,,,,,25,32,PP,PL,true,endpoint-minimal,false,true,true,true,false,ideological/2022/25-32,"PP, DC, REPUBLICANOS, PSC, UNIÃO, PATRIOTA, NOVO, PL",3,REPUBLICANOS,MG,371939,11181098,0.03326497987943581,2,53,0.03773584905660377,1.763043933610098,1.743886202789513,0.23695606638990196,0.01915773082058507,0.25611379721048705,1.3735534569599896,2.9417427677072605,4.31529622466725,2649429//11181098,11718431014175//611681577735892,28022309//109413508,accounting attribution; not an independent causal effect
ideological/2022/25-32,ideological/2022/25-32,ideological/2022/25-32,ideological/2022/25-32,focal,ideological,all_parties,0,0,5,16,5,2022,Ideological 2022/PP-PL,Ideological 2022/PP-PL,,,,,,25,32,PP,PL,true,endpoint-minimal,false,true,true,true,false,ideological/2022/25-32,"PP, DC, REPUBLICANOS, PSC, UNIÃO, PATRIOTA, NOVO, PL",3,REPUBLICANOS,MS,75274,1374808,0.05475237269495086,0,8,0.0,0.4380189815596069,0.3529323088699432,-0.4380189815596069,0.08508667268966368,-0.3529323088699432,1.3735534569599896,2.9417427677072605,4.31529622466725,-75274//171851,799934727965//9401410381654,-19307781//54706754,accounting attribution; not an independent causal effect
ideological/2022/25-32,ideological/2022/25-32,ideological/2022/25-32,ideological/2022/25-32,focal,ideological,all_parties,0,0,5,16,5,2022,Ideological 2022/PP-PL,Ideological 2022/PP-PL,,,,,,25,32,PP,PL,true,endpoint-minimal,false,true,true,true,false,ideological/2022/25-32,"PP, DC, REPUBLICANOS, PSC, UNIÃO, PATRIOTA, NOVO, PL",3,REPUBLICANOS,MT,155513,1730277,0.0898775167213111,0,8,0.0,0.7190201337704888,0.7291436903750494,-0.7190201337704888,-0.010123556604560715,-0.7291436903750494,1.3735534569599896,2.9417427677072605,4.31529622466725,-1244104//1730277,-1916547965981//189315676381716,-79778169//109413508,accounting attribution; not an independent causal effect
ideological/2022/25-32,ideological/2022/25-32,ideological/2022/25-32,ideological/2022/25-32,focal,ideological,all_parties,0,0,5,16,5,2022,Ideological 2022/PP-PL,Ideological 2022/PP-PL,,,,,,25,32,PP,PL,true,endpoint-minimal,false,true,true,true,false,ideological/2022/25-32,"PP, DC, REPUBLICANOS, PSC, UNIÃO, PATRIOTA, NOVO, PL",3,REPUBLICANOS,PA,168456,4521516,0.037256530774191665,0,17,0.0,0.6333610231612583,0.7898286928155159,-0.6333610231612583,-0.15646766965425768,-0.7898286928155159,1.3735534569599896,2.9417427677072605,4.31529622466725,-238646//376793,-1612643578684//10306560979961,-21604482//27353377,accounting attribution; not an independent causal effect
ideological/2022/25-32,ideological/2022/25-32,ideological/2022/25-32,ideological/2022/25-32,focal,ideological,all_parties,0,0,5,16,5,2022,Ideological 2022/PP-PL,Ideological 2022/PP-PL,,,,,,25,32,PP,PL,true,endpoint-minimal,false,true,true,true,false,ideological/2022/25-32,"PP, DC, REPUBLICANOS, PSC, UNIÃO, PATRIOTA, NOVO, PL",3,REPUBLICANOS,PB,478581,2209355,0.2166157091096723,3,12,0.25,2.5993885093160674,2.243891613455991,0.40061149068393265,0.35549689586007616,0.7561083865440088,1.3735534569599896,2.9417427677072605,4.31529622466725,885093//2209355,85935431009961//241733280967340,82728471//109413508,accounting attribution; not an independent causal effect
ideological/2022/25-32,ideological/2022/25-32,ideological/2022/25-32,ideological/2022/25-32,focal,ideological,all_parties,0,0,5,16,5,2022,Ideological 2022/PP-PL,Ideological 2022/PP-PL,,,,,,25,32,PP,PL,true,endpoint-minimal,false,true,true,true,false,ideological/2022/25-32,"PP, DC, REPUBLICANOS, PSC, UNIÃO, PATRIOTA, NOVO, PL",3,REPUBLICANOS,PE,416059,4969863,0.08371639218223922,2,25,0.08,2.0929098045559806,1.950748777746894,-0.09290980455598072,0.1421610268090868,0.04925122225310608,1.3735534569599896,2.9417427677072605,4.31529622466725,-461749//4969863,77302922176879//543770145109404,5388749//109413508,accounting attribution; not an independent causal effect
ideological/2022/25-32,ideological/2022/25-32,ideological/2022/25-32,ideological/2022/25-32,focal,ideological,all_parties,0,0,5,16,5,2022,Ideological 2022/PP-PL,Ideological 2022/PP-PL,,,,,,25,32,PP,PL,true,endpoint-minimal,false,true,true,true,false,ideological/2022/25-32,"PP, DC, REPUBLICANOS, PSC, UNIÃO, PATRIOTA, NOVO, PL",3,REPUBLICANOS,PI,102490,1957483,0.05235805368424656,0,10,0.0,0.5235805368424655,0.48053819826341737,-0.5235805368424655,0.043042338579048205,-0.48053819826341737,1.3735534569599896,2.9417427677072605,4.31529622466725,-1024900//1957483,4609298194745//107087540940182,-26288685//54706754,accounting attribution; not an independent causal effect
ideological/2022/25-32,ideological/2022/25-32,ideological/2022/25-32,ideological/2022/25-32,focal,ideological,all_parties,0,0,5,16,5,2022,Ideological 2022/PP-PL,Ideological 2022/PP-PL,,,,,,25,32,PP,PL,true,endpoint-minimal,false,true,true,true,false,ideological/2022/25-32,"PP, DC, REPUBLICANOS, PSC, UNIÃO, PATRIOTA, NOVO, PL",3,REPUBLICANOS,PR,295297,6038642,0.048901226467805176,1,30,0.03333333333333333,1.4670367940341553,1.384539841278099,-0.4670367940341554,0.0824969527560565,-0.38453984127809887,1.3735534569599896,2.9417427677072605,4.31529622466725,-1410134//3019321,27253239776259//330354502388068,-42073853//109413508,accounting attribution; not an independent causal effect
ideological/2022/25-32,ideological/2022/25-32,ideological/2022/25-32,ideological/2022/25-32,focal,ideological,all_parties,0,0,5,16,5,2022,Ideological 2022/PP-PL,Ideological 2022/PP-PL,,,,,,25,32,PP,PL,true,endpoint-minimal,false,true,true,true,false,ideological/2022/25-32,"PP, DC, REPUBLICANOS, PSC, UNIÃO, PATRIOTA, NOVO, PL",3,REPUBLICANOS,RJ,494330,8575988,0.05764117207253555,3,46,0.06521739130434782,2.6514939153366353,2.317732925627428,0.34850608466336475,0.33376098970920726,0.682267074372572,1.3735534569599896,2.9417427677072605,4.31529622466725,747196//2143997,39147199112365//117291116455738,37324617//54706754,accounting attribution; not an independent causal effect
ideological/2022/25-32,ideological/2022/25-32,ideological/2022/25-32,ideological/2022/25-32,focal,ideological,all_parties,0,0,5,16,5,2022,Ideological 2022/PP-PL,Ideological 2022/PP-PL,,,,,,25,32,PP,PL,true,endpoint-minimal,false,true,true,true,false,ideological/2022/25-32,"PP, DC, REPUBLICANOS, PSC, UNIÃO, PATRIOTA, NOVO, PL",3,REPUBLICANOS,RN,103940,1864825,0.05573713351118738,0,8,0.0,0.445897068089499,0.4873367189725788,-0.445897068089499,-0.041439650883079764,-0.4873367189725788,1.3735534569599896,2.9417427677072605,4.31529622466725,-166304//372965,-422761195717//10201852252805,-13330305//27353377,accounting attribution; not an independent causal effect
ideological/2022/25-32,ideological/2022/25-32,ideological/2022/25-32,ideological/2022/25-32,focal,ideological,all_parties,0,0,5,16,5,2022,Ideological 2022/PP-PL,Ideological 2022/PP-PL,,,,,,25,32,PP,PL,true,endpoint-minimal,false,true,true,true,false,ideological/2022/25-32,"PP, DC, REPUBLICANOS, PSC, UNIÃO, PATRIOTA, NOVO, PL",3,REPUBLICANOS,RO,68284,869148,0.0785642951488124,0,8,0.0,0.6285143611904992,0.32015875041681324,-0.6285143611904992,0.30835561077368595,-0.32015875041681324,1.3735534569599896,2.9417427677072605,4.31529622466725,-136568//217287,1832721818735//5943533228199,-8757423//27353377,accounting attribution; not an independent causal effect
ideological/2022/25-32,ideological/2022/25-32,ideological/2022/25-32,ideological/2022/25-32,focal,ideological,all_parties,0,0,5,16,5,2022,Ideological 2022/PP-PL,Ideological 2022/PP-PL,,,,,,25,32,PP,PL,true,endpoint-minimal,false,true,true,true,false,ideological/2022/25-32,"PP, DC, REPUBLICANOS, PSC, UNIÃO, PATRIOTA, NOVO, PL",3,REPUBLICANOS,RR,68229,291714,0.23389004298730948,3,8,0.375,1.8711203438984758,0.3199008754933623,1.1288796561015242,1.5512194684051137,2.6800991245066377,1.3735534569599896,2.9417427677072605,4.31529622466725,54885//48619,8251828839513//5319575345452,293239047//109413508,accounting attribution; not an independent causal effect
ideological/2022/25-32,ideological/2022/25-32,ideological/2022/25-32,ideological/2022/25-32,focal,ideological,all_parties,0,0,5,16,5,2022,Ideological 2022/PP-PL,Ideological 2022/PP-PL,,,,,,25,32,PP,PL,true,endpoint-minimal,false,true,true,true,false,ideological/2022/25-32,"PP, DC, REPUBLICANOS, PSC, UNIÃO, PATRIOTA, NOVO, PL",3,REPUBLICANOS,RS,549530,6149822,0.08935705781403104,3,31,0.0967741935483871,2.7700687922349623,2.576545576072746,0.22993120776503775,0.19352321616221627,0.423454423927254,1.3735534569599896,2.9417427677072605,4.31529622466725,707018//3074911,32554165717715//168218399648894,23165817//54706754,accounting attribution; not an independent causal effect
ideological/2022/25-32,ideological/2022/25-32,ideological/2022/25-32,ideological/2022/25-32,focal,ideological,all_parties,0,0,5,16,5,2022,Ideological 2022/PP-PL,Ideological 2022/PP-PL,,,,,,25,32,PP,PL,true,endpoint-minimal,false,true,true,true,false,ideological/2022/25-32,"PP, DC, REPUBLICANOS, PSC, UNIÃO, PATRIOTA, NOVO, PL",3,REPUBLICANOS,SC,120494,3969848,0.03035229560426495,0,16,0.0,0.4856367296682392,0.5649523822963431,-0.4856367296682392,-0.07931565262810397,-0.5649523822963431,1.3735534569599896,2.9417427677072605,4.31529622466725,-240988//496231,-2153196873289//27147187244174,-30906711//54706754,accounting attribution; not an independent causal effect
ideological/2022/25-32,ideological/2022/25-32,ideological/2022/25-32,ideological/2022/25-32,focal,ideological,all_parties,0,0,5,16,5,2022,Ideological 2022/PP-PL,Ideological 2022/PP-PL,,,,,,25,32,PP,PL,true,endpoint-minimal,false,true,true,true,false,ideological/2022/25-32,"PP, DC, REPUBLICANOS, PSC, UNIÃO, PATRIOTA, NOVO, PL",3,REPUBLICANOS,SE,163758,1191617,0.13742502834383866,1,8,0.125,1.0994002267507093,0.7678014857178329,-0.09940022675070934,0.3315987410328764,0.23219851428216706,1.3735534569599896,2.9417427677072605,4.31529622466725,-16921//170231,3088107927471//9312785440174,12702827//54706754,accounting attribution; not an independent causal effect
ideological/2022/25-32,ideological/2022/25-32,ideological/2022/25-32,ideological/2022/25-32,focal,ideological,all_parties,0,0,5,16,5,2022,Ideological 2022/PP-PL,Ideological 2022/PP-PL,,,,,,25,32,PP,PL,true,endpoint-minimal,false,true,true,true,false,ideological/2022/25-32,"PP, DC, REPUBLICANOS, PSC, UNIÃO, PATRIOTA, NOVO, PL",3,REPUBLICANOS,SP,1580891,23321040,0.06778818611862936,5,70,0.07142857142857142,4.745173028304055,7.412220829259948,0.2548269716959449,-2.6670478009558933,-2.4122208292599483,1.3735534569599896,2.9417427677072605,4.31529622466725,594283//2332104,-170133432680809//63790919915208,-263929543//109413508,accounting attribution; not an independent causal effect
ideological/2022/25-32,ideological/2022/25-32,ideological/2022/25-32,ideological/2022/25-32,focal,ideological,all_parties,0,0,5,16,5,2022,Ideological 2022/PP-PL,Ideological 2022/PP-PL,,,,,,25,32,PP,PL,true,endpoint-minimal,false,true,true,true,false,ideological/2022/25-32,"PP, DC, REPUBLICANOS, PSC, UNIÃO, PATRIOTA, NOVO, PL",3,REPUBLICANOS,TO,184240,830140,0.22193846821018143,3,8,0.375,1.7755077456814514,0.8638341072109671,1.2244922543185486,0.9116736384704843,2.136165892789033,1.3735534569599896,2.9417427677072605,4.31529622466725,50825//41507,1035074699932//1135356619139,58431351//27353377,accounting attribution; not an independent causal effect
ideological/2022/25-32,ideological/2022/25-32,ideological/2022/25-32,ideological/2022/25-32,focal,ideological,all_parties,0,0,5,16,5,2022,Ideological 2022/PP-PL,Ideological 2022/PP-PL,,,,,,25,32,PP,PL,true,endpoint-minimal,false,true,true,true,false,ideological/2022/25-32,"PP, DC, REPUBLICANOS, PSC, UNIÃO, PATRIOTA, NOVO, PL",4,PSC,AC,704,434253,0.0016211747529665886,0,8,0.0,0.012969398023732709,0.003300799020172171,-0.012969398023732709,0.009668599003560537,-0.003300799020172171,-3.7123805451988194,0.5944952654397607,-3.117885279759059,-5632//434253,114846384400//11878286022381,-90288//27353377,accounting attribution; not an independent causal effect
ideological/2022/25-32,ideological/2022/25-32,ideological/2022/25-32,ideological/2022/25-32,focal,ideological,all_parties,0,0,5,16,5,2022,Ideological 2022/PP-PL,Ideological 2022/PP-PL,,,,,,25,32,PP,PL,true,endpoint-minimal,false,true,true,true,false,ideological/2022/25-32,"PP, DC, REPUBLICANOS, PSC, UNIÃO, PATRIOTA, NOVO, PL",4,PSC,AL,0,1650763,0.0,0,9,0.0,0.0,0.0,0.0,0.0,0.0,-3.7123805451988194,0.5944952654397607,-3.117885279759059,0//1,0//1,0//1,accounting attribution; not an independent causal effect
ideological/2022/25-32,ideological/2022/25-32,ideological/2022/25-32,ideological/2022/25-32,focal,ideological,all_parties,0,0,5,16,5,2022,Ideological 2022/PP-PL,Ideological 2022/PP-PL,,,,,,25,32,PP,PL,true,endpoint-minimal,false,true,true,true,false,ideological/2022/25-32,"PP, DC, REPUBLICANOS, PSC, UNIÃO, PATRIOTA, NOVO, PL",4,PSC,AM,11926,1976477,0.006033968520756882,0,8,0.0,0.048271748166055055,0.05591666067410982,-0.048271748166055055,-0.007644912508054762,-0.05591666067410982,-3.7123805451988194,0.5944952654397607,-3.117885279759059,-95408//1976477,-826618710431//108126641025658,-3059019//54706754,accounting attribution; not an independent causal effect
ideological/2022/25-32,ideological/2022/25-32,ideological/2022/25-32,ideological/2022/25-32,focal,ideological,all_parties,0,0,5,16,5,2022,Ideological 2022/PP-PL,Ideological 2022/PP-PL,,,,,,25,32,PP,PL,true,endpoint-minimal,false,true,true,true,false,ideological/2022/25-32,"PP, DC, REPUBLICANOS, PSC, UNIÃO, PATRIOTA, NOVO, PL",4,PSC,AP,16140,423017,0.03815449497301527,0,8,0.0,0.30523595978412216,0.07567456844542449,-0.30523595978412216,0.22956139133869766,-0.07567456844542449,-3.7123805451988194,0.5944952654397607,-3.117885279759059,-129120//423017,2656241884005//11570943478409,-2069955//27353377,accounting attribution; not an independent causal effect
ideological/2022/25-32,ideological/2022/25-32,ideological/2022/25-32,ideological/2022/25-32,focal,ideological,all_parties,0,0,5,16,5,2022,Ideological 2022/PP-PL,Ideological 2022/PP-PL,,,,,,25,32,PP,PL,true,endpoint-minimal,false,true,true,true,false,ideological/2022/25-32,"PP, DC, REPUBLICANOS, PSC, UNIÃO, PATRIOTA, NOVO, PL",4,PSC,BA,151321,7958431,0.019013923724412515,0,39,0.0,0.741543025252088,0.7094889325731152,-0.741543025252088,0.03205409267897281,-0.7094889325731152,-3.7123805451988194,0.5944952654397607,-3.117885279759059,-453963//612187,2147032081353//66981527221996,-77627673//109413508,accounting attribution; not an independent causal effect
ideological/2022/25-32,ideological/2022/25-32,ideological/2022/25-32,ideological/2022/25-32,focal,ideological,all_parties,0,0,5,16,5,2022,Ideological 2022/PP-PL,Ideological 2022/PP-PL,,,,,,25,32,PP,PL,true,endpoint-minimal,false,true,true,true,false,ideological/2022/25-32,"PP, DC, REPUBLICANOS, PSC, UNIÃO, PATRIOTA, NOVO, PL",4,PSC,CE,11900,5083860,0.0023407410904312865,0,22,0.0,0.051496303989488304,0.0557947561648421,-0.051496303989488304,-0.004298452175353794,-0.0557947561648421,-3.7123805451988194,0.5944952654397607,-3.117885279759059,-13090//254193,-29887296845//6953036959761,-1526175//27353377,accounting attribution; not an independent causal effect
ideological/2022/25-32,ideological/2022/25-32,ideological/2022/25-32,ideological/2022/25-32,focal,ideological,all_parties,0,0,5,16,5,2022,Ideological 2022/PP-PL,Ideological 2022/PP-PL,,,,,,25,32,PP,PL,true,endpoint-minimal,false,true,true,true,false,ideological/2022/25-32,"PP, DC, REPUBLICANOS, PSC, UNIÃO, PATRIOTA, NOVO, PL",4,PSC,DF,7280,1607519,0.0045287178565230025,0,8,0.0,0.03622974285218402,0.03413326259496222,-0.03622974285218402,0.002096480257221794,-0.03413326259496222,-3.7123805451988194,0.5944952654397607,-3.117885279759059,-58240//1607519,92184486940//43971073241663,-933660//27353377,accounting attribution; not an independent causal effect
ideological/2022/25-32,ideological/2022/25-32,ideological/2022/25-32,ideological/2022/25-32,focal,ideological,all_parties,0,0,5,16,5,2022,Ideological 2022/PP-PL,Ideological 2022/PP-PL,,,,,,25,32,PP,PL,true,endpoint-minimal,false,true,true,true,false,ideological/2022/25-32,"PP, DC, REPUBLICANOS, PSC, UNIÃO, PATRIOTA, NOVO, PL",4,PSC,ES,123750,2084430,0.05936874829089967,0,10,0.0,0.5936874829089968,0.5802185777646395,-0.5936874829089968,0.01346890514435726,-0.5802185777646395,-3.7123805451988194,0.5944952654397607,-3.117885279759059,-41250//69481,51196385625//3801079974674,-31741875//54706754,accounting attribution; not an independent causal effect
ideological/2022/25-32,ideological/2022/25-32,ideological/2022/25-32,ideological/2022/25-32,focal,ideological,all_parties,0,0,5,16,5,2022,Ideological 2022/PP-PL,Ideological 2022/PP-PL,,,,,,25,32,PP,PL,true,endpoint-minimal,false,true,true,true,false,ideological/2022/25-32,"PP, DC, REPUBLICANOS, PSC, UNIÃO, PATRIOTA, NOVO, PL",4,PSC,GO,186292,3439644,0.05416025611952865,1,17,0.058823529411764705,0.920724354031987,0.8734551861731734,0.07927564596801297,0.047269167858813604,0.12654481382682659,-3.7123805451988194,0.5944952654397607,-3.117885279759059,4010//50583,65402370754//1383615868791,3461428//27353377,accounting attribution; not an independent causal effect
ideological/2022/25-32,ideological/2022/25-32,ideological/2022/25-32,ideological/2022/25-32,focal,ideological,all_parties,0,0,5,16,5,2022,Ideological 2022/PP-PL,Ideological 2022/PP-PL,,,,,,25,32,PP,PL,true,endpoint-minimal,false,true,true,true,false,ideological/2022/25-32,"PP, DC, REPUBLICANOS, PSC, UNIÃO, PATRIOTA, NOVO, PL",4,PSC,MA,235561,3707930,0.06352897708424916,1,18,0.05555555555555555,1.143521587516485,1.1044595426005352,-0.14352158751648494,0.03906204491594973,-0.10445954260053521,-3.7123805451988194,0.5944952654397607,-3.117885279759059,-266084//1853965,7923689497647//202848814359220,-11429285//109413508,accounting attribution; not an independent causal effect
ideological/2022/25-32,ideological/2022/25-32,ideological/2022/25-32,ideological/2022/25-32,focal,ideological,all_parties,0,0,5,16,5,2022,Ideological 2022/PP-PL,Ideological 2022/PP-PL,,,,,,25,32,PP,PL,true,endpoint-minimal,false,true,true,true,false,ideological/2022/25-32,"PP, DC, REPUBLICANOS, PSC, UNIÃO, PATRIOTA, NOVO, PL",4,PSC,MG,258888,11181098,0.02315407663898483,1,53,0.018867924528301886,1.227166061866196,1.2138313305885413,-0.22716606186619598,0.013334731277654744,-0.21383133058854123,-3.7123805451988194,0.5944952654397607,-3.117885279759059,-1269983//5590549,2039152366650//152920394433973,-5849009//27353377,accounting attribution; not an independent causal effect
ideological/2022/25-32,ideological/2022/25-32,ideological/2022/25-32,ideological/2022/25-32,focal,ideological,all_parties,0,0,5,16,5,2022,Ideological 2022/PP-PL,Ideological 2022/PP-PL,,,,,,25,32,PP,PL,true,endpoint-minimal,false,true,true,true,false,ideological/2022/25-32,"PP, DC, REPUBLICANOS, PSC, UNIÃO, PATRIOTA, NOVO, PL",4,PSC,MS,0,1374808,0.0,0,8,0.0,0.0,0.0,0.0,0.0,0.0,-3.7123805451988194,0.5944952654397607,-3.117885279759059,0//1,0//1,0//1,accounting attribution; not an independent causal effect
ideological/2022/25-32,ideological/2022/25-32,ideological/2022/25-32,ideological/2022/25-32,focal,ideological,all_parties,0,0,5,16,5,2022,Ideological 2022/PP-PL,Ideological 2022/PP-PL,,,,,,25,32,PP,PL,true,endpoint-minimal,false,true,true,true,false,ideological/2022/25-32,"PP, DC, REPUBLICANOS, PSC, UNIÃO, PATRIOTA, NOVO, PL",4,PSC,MT,0,1730277,0.0,0,8,0.0,0.0,0.0,0.0,0.0,0.0,-3.7123805451988194,0.5944952654397607,-3.117885279759059,0//1,0//1,0//1,accounting attribution; not an independent causal effect
ideological/2022/25-32,ideological/2022/25-32,ideological/2022/25-32,ideological/2022/25-32,focal,ideological,all_parties,0,0,5,16,5,2022,Ideological 2022/PP-PL,Ideological 2022/PP-PL,,,,,,25,32,PP,PL,true,endpoint-minimal,false,true,true,true,false,ideological/2022/25-32,"PP, DC, REPUBLICANOS, PSC, UNIÃO, PATRIOTA, NOVO, PL",4,PSC,PA,66841,4521516,0.01478287370872955,0,17,0.0,0.25130885304840234,0.31339305015245467,-0.25130885304840234,-0.062084197104052316,-0.31339305015245467,-3.7123805451988194,0.5944952654397607,-3.117885279759059,-1136297//4521516,-3839247380069//61839365879766,-34289433//109413508,accounting attribution; not an independent causal effect
ideological/2022/25-32,ideological/2022/25-32,ideological/2022/25-32,ideological/2022/25-32,focal,ideological,all_parties,0,0,5,16,5,2022,Ideological 2022/PP-PL,Ideological 2022/PP-PL,,,,,,25,32,PP,PL,true,endpoint-minimal,false,true,true,true,false,ideological/2022/25-32,"PP, DC, REPUBLICANOS, PSC, UNIÃO, PATRIOTA, NOVO, PL",4,PSC,PB,314599,2209355,0.1423940471314026,2,12,0.16666666666666666,1.7087285655768312,1.4750398735044672,0.2912714344231688,0.23368869207236415,0.5249601264955329,-3.7123805451988194,0.5944952654397607,-3.117885279759059,643522//2209355,56490334259619//241733280967340,57437729//109413508,accounting attribution; not an independent causal effect
ideological/2022/25-32,ideological/2022/25-32,ideological/2022/25-32,ideological/2022/25-32,focal,ideological,all_parties,0,0,5,16,5,2022,Ideological 2022/PP-PL,Ideological 2022/PP-PL,,,,,,25,32,PP,PL,true,endpoint-minimal,false,true,true,true,false,ideological/2022/25-32,"PP, DC, REPUBLICANOS, PSC, UNIÃO, PATRIOTA, NOVO, PL",4,PSC,PE,6176,4969863,0.0012426901908563677,0,25,0.0,0.031067254771409192,0.028957009586055866,-0.031067254771409192,0.0021102451853533275,-0.028957009586055866,-3.7123805451988194,0.5944952654397607,-3.117885279759059,-154400//4969863,286872082664//135942536277351,-792072//27353377,accounting attribution; not an independent causal effect
ideological/2022/25-32,ideological/2022/25-32,ideological/2022/25-32,ideological/2022/25-32,focal,ideological,all_parties,0,0,5,16,5,2022,Ideological 2022/PP-PL,Ideological 2022/PP-PL,,,,,,25,32,PP,PL,true,endpoint-minimal,false,true,true,true,false,ideological/2022/25-32,"PP, DC, REPUBLICANOS, PSC, UNIÃO, PATRIOTA, NOVO, PL",4,PSC,PI,0,1957483,0.0,0,10,0.0,0.0,0.0,0.0,0.0,0.0,-3.7123805451988194,0.5944952654397607,-3.117885279759059,0//1,0//1,0//1,accounting attribution; not an independent causal effect
ideological/2022/25-32,ideological/2022/25-32,ideological/2022/25-32,ideological/2022/25-32,focal,ideological,all_parties,0,0,5,16,5,2022,Ideological 2022/PP-PL,Ideological 2022/PP-PL,,,,,,25,32,PP,PL,true,endpoint-minimal,false,true,true,true,false,ideological/2022/25-32,"PP, DC, REPUBLICANOS, PSC, UNIÃO, PATRIOTA, NOVO, PL",4,PSC,PR,33081,6038642,0.005478218447127682,0,30,0.0,0.16434655341383045,0.15510473350328918,-0.16434655341383045,0.00924181991054127,-0.15510473350328918,-3.7123805451988194,0.5944952654397607,-3.117885279759059,-496215//3019321,3053076817707//330354502388068,-16970553//109413508,accounting attribution; not an independent causal effect
ideological/2022/25-32,ideological/2022/25-32,ideological/2022/25-32,ideological/2022/25-32,focal,ideological,all_parties,0,0,5,16,5,2022,Ideological 2022/PP-PL,Ideological 2022/PP-PL,,,,,,25,32,PP,PL,true,endpoint-minimal,false,true,true,true,false,ideological/2022/25-32,"PP, DC, REPUBLICANOS, PSC, UNIÃO, PATRIOTA, NOVO, PL",4,PSC,RJ,38214,8575988,0.004455929742439005,0,46,0.0,0.20497276815219423,0.17917149681372066,-0.20497276815219423,0.025801271338473583,-0.17917149681372066,-3.7123805451988194,0.5944952654397607,-3.117885279759059,-439461//2143997,3026259921267//117291116455738,-9801891//54706754,accounting attribution; not an independent causal effect
ideological/2022/25-32,ideological/2022/25-32,ideological/2022/25-32,ideological/2022/25-32,focal,ideological,all_parties,0,0,5,16,5,2022,Ideological 2022/PP-PL,Ideological 2022/PP-PL,,,,,,25,32,PP,PL,true,endpoint-minimal,false,true,true,true,false,ideological/2022/25-32,"PP, DC, REPUBLICANOS, PSC, UNIÃO, PATRIOTA, NOVO, PL",4,PSC,RN,14573,1864825,0.007814674299196975,0,8,0.0,0.0625173943935758,0.0683274774445583,-0.0625173943935758,-0.0058100830509825035,-0.0683274774445583,-3.7123805451988194,0.5944952654397607,-3.117885279759059,-116584//1864825,-1185472177253//204037045056100,-7475949//109413508,accounting attribution; not an independent causal effect
ideological/2022/25-32,ideological/2022/25-32,ideological/2022/25-32,ideological/2022/25-32,focal,ideological,all_parties,0,0,5,16,5,2022,Ideological 2022/PP-PL,Ideological 2022/PP-PL,,,,,,25,32,PP,PL,true,endpoint-minimal,false,true,true,true,false,ideological/2022/25-32,"PP, DC, REPUBLICANOS, PSC, UNIÃO, PATRIOTA, NOVO, PL",4,PSC,RO,57845,869148,0.06655368245684279,0,8,0.0,0.5324294596547423,0.2712140899458228,-0.5324294596547423,0.26121536970891956,-0.2712140899458228,-3.7123805451988194,0.5944952654397607,-3.117885279759059,-115690//217287,6210168918325//23774132912796,-29674485//109413508,accounting attribution; not an independent causal effect
ideological/2022/25-32,ideological/2022/25-32,ideological/2022/25-32,ideological/2022/25-32,focal,ideological,all_parties,0,0,5,16,5,2022,Ideological 2022/PP-PL,Ideological 2022/PP-PL,,,,,,25,32,PP,PL,true,endpoint-minimal,false,true,true,true,false,ideological/2022/25-32,"PP, DC, REPUBLICANOS, PSC, UNIÃO, PATRIOTA, NOVO, PL",4,PSC,RR,570,291714,0.0019539686130936465,0,8,0.0,0.015631748904749172,0.002672521933946218,-0.015631748904749172,0.012959226970802954,-0.002672521933946218,-3.7123805451988194,0.5944952654397607,-3.117885279759059,-760//48619,34468792145//2659787672726,-146205//54706754,accounting attribution; not an independent causal effect
ideological/2022/25-32,ideological/2022/25-32,ideological/2022/25-32,ideological/2022/25-32,focal,ideological,all_parties,0,0,5,16,5,2022,Ideological 2022/PP-PL,Ideological 2022/PP-PL,,,,,,25,32,PP,PL,true,endpoint-minimal,false,true,true,true,false,ideological/2022/25-32,"PP, DC, REPUBLICANOS, PSC, UNIÃO, PATRIOTA, NOVO, PL",4,PSC,RS,29346,6149822,0.004771845429022173,0,31,0.0,0.14792720829968736,0.1375926818834837,-0.14792720829968736,0.010334526416203664,-0.1375926818834837,-3.7123805451988194,0.5944952654397607,-3.117885279759059,-454863//3074911,1738457494863//168218399648894,-7527249//54706754,accounting attribution; not an independent causal effect
ideological/2022/25-32,ideological/2022/25-32,ideological/2022/25-32,ideological/2022/25-32,focal,ideological,all_parties,0,0,5,16,5,2022,Ideological 2022/PP-PL,Ideological 2022/PP-PL,,,,,,25,32,PP,PL,true,endpoint-minimal,false,true,true,true,false,ideological/2022/25-32,"PP, DC, REPUBLICANOS, PSC, UNIÃO, PATRIOTA, NOVO, PL",4,PSC,SC,35820,3969848,0.00902301549076942,0,16,0.0,0.14436824785231073,0.16794690469114654,-0.14436824785231073,-0.023578656838835827,-0.16794690469114654,-3.7123805451988194,0.5944952654397607,-3.117885279759059,-71640//496231,-320047106085//13573593622087,-4593915//27353377,accounting attribution; not an independent causal effect
ideological/2022/25-32,ideological/2022/25-32,ideological/2022/25-32,ideological/2022/25-32,focal,ideological,all_parties,0,0,5,16,5,2022,Ideological 2022/PP-PL,Ideological 2022/PP-PL,,,,,,25,32,PP,PL,true,endpoint-minimal,false,true,true,true,false,ideological/2022/25-32,"PP, DC, REPUBLICANOS, PSC, UNIÃO, PATRIOTA, NOVO, PL",4,PSC,SE,0,1191617,0.0,0,8,0.0,0.0,0.0,0.0,0.0,0.0,-3.7123805451988194,0.5944952654397607,-3.117885279759059,0//1,0//1,0//1,accounting attribution; not an independent causal effect
ideological/2022/25-32,ideological/2022/25-32,ideological/2022/25-32,ideological/2022/25-32,focal,ideological,all_parties,0,0,5,16,5,2022,Ideological 2022/PP-PL,Ideological 2022/PP-PL,,,,,,25,32,PP,PL,true,endpoint-minimal,false,true,true,true,false,ideological/2022/25-32,"PP, DC, REPUBLICANOS, PSC, UNIÃO, PATRIOTA, NOVO, PL",4,PSC,SP,293192,23321040,0.012571995073976118,1,70,0.014285714285714285,0.8800396551783283,1.3746702646623852,0.11996034482167175,-0.49463060948405696,-0.3746702646623852,-3.7123805451988194,0.5944952654397607,-3.117885279759059,34970//291513,-3944117699651//7973864989401,-10248497//27353377,accounting attribution; not an independent causal effect
ideological/2022/25-32,ideological/2022/25-32,ideological/2022/25-32,ideological/2022/25-32,focal,ideological,all_parties,0,0,5,16,5,2022,Ideological 2022/PP-PL,Ideological 2022/PP-PL,,,,,,25,32,PP,PL,true,endpoint-minimal,false,true,true,true,false,ideological/2022/25-32,"PP, DC, REPUBLICANOS, PSC, UNIÃO, PATRIOTA, NOVO, PL",4,PSC,TO,50659,830140,0.061024646445177924,0,8,0.0,0.4881971715614234,0.2375215590382131,-0.4881971715614234,0.2506756125232103,-0.2375215590382131,-3.7123805451988194,0.5944952654397607,-3.117885279759059,-101318//207535,5692124318699//22707132382780,-25988067//109413508,accounting attribution; not an independent causal effect
ideological/2022/25-32,ideological/2022/25-32,ideological/2022/25-32,ideological/2022/25-32,focal,ideological,all_parties,0,0,5,16,5,2022,Ideological 2022/PP-PL,Ideological 2022/PP-PL,,,,,,25,32,PP,PL,true,endpoint-minimal,false,true,true,true,false,ideological/2022/25-32,"PP, DC, REPUBLICANOS, PSC, UNIÃO, PATRIOTA, NOVO, PL",5,UNIÃO,AC,84939,434253,0.19559795787248446,3,8,0.375,1.5647836629798757,0.39824796587273303,1.4352163370201243,1.1665356971071428,2.601752034127267,9.356662317791708,1.7469012659661585,11.103563583757866,207749//144751,18475259554075//15837714696508,284666817//109413508,accounting attribution; not an independent causal effect
ideological/2022/25-32,ideological/2022/25-32,ideological/2022/25-32,ideological/2022/25-32,focal,ideological,all_parties,0,0,5,16,5,2022,Ideological 2022/PP-PL,Ideological 2022/PP-PL,,,,,,25,32,PP,PL,true,endpoint-minimal,false,true,true,true,false,ideological/2022/25-32,"PP, DC, REPUBLICANOS, PSC, UNIÃO, PATRIOTA, NOVO, PL",5,UNIÃO,AL,170932,1650763,0.1035472687478457,1,9,0.1111111111111111,0.9319254187306112,0.8014377530057806,0.06807458126938876,0.13048766572483064,0.1985622469942194,9.356662317791708,1.7469012659661585,11.103563583757866,112375//1650763,5892032578149//45153942676651,5431348//27353377,accounting attribution; not an independent causal effect
ideological/2022/25-32,ideological/2022/25-32,ideological/2022/25-32,ideological/2022/25-32,focal,ideological,all_parties,0,0,5,16,5,2022,Ideological 2022/PP-PL,Ideological 2022/PP-PL,,,,,,25,32,PP,PL,true,endpoint-minimal,false,true,true,true,false,ideological/2022/25-32,"PP, DC, REPUBLICANOS, PSC, UNIÃO, PATRIOTA, NOVO, PL",5,UNIÃO,AM,372802,1976477,0.18861944763333952,2,8,0.25,1.5089555810667161,1.747932494770207,0.4910444189332838,-0.2389769137034908,0.25206750522979304,9.356662317791708,1.7469012659661585,11.103563583757866,970538//1976477,-25839770961437//108126641025658,13789795//54706754,accounting attribution; not an independent causal effect
ideological/2022/25-32,ideological/2022/25-32,ideological/2022/25-32,ideological/2022/25-32,focal,ideological,all_parties,0,0,5,16,5,2022,Ideological 2022/PP-PL,Ideological 2022/PP-PL,,,,,,25,32,PP,PL,true,endpoint-minimal,false,true,true,true,false,ideological/2022/25-32,"PP, DC, REPUBLICANOS, PSC, UNIÃO, PATRIOTA, NOVO, PL",5,UNIÃO,AP,0,423017,0.0,0,8,0.0,0.0,0.0,0.0,0.0,0.0,9.356662317791708,1.7469012659661585,11.103563583757866,0//1,0//1,0//1,accounting attribution; not an independent causal effect
ideological/2022/25-32,ideological/2022/25-32,ideological/2022/25-32,ideological/2022/25-32,focal,ideological,all_parties,0,0,5,16,5,2022,Ideological 2022/PP-PL,Ideological 2022/PP-PL,,,,,,25,32,PP,PL,true,endpoint-minimal,false,true,true,true,false,ideological/2022/25-32,"PP, DC, REPUBLICANOS, PSC, UNIÃO, PATRIOTA, NOVO, PL",5,UNIÃO,BA,1075013,7958431,0.13507850982184805,6,39,0.15384615384615385,5.268061883052074,5.040343546977764,0.731938116947926,0.22771833607430958,0.9596564530222356,9.356662317791708,1.7469012659661585,11.103563583757866,448083//612187,15252921926709//66981527221996,104999379//109413508,accounting attribution; not an independent causal effect
ideological/2022/25-32,ideological/2022/25-32,ideological/2022/25-32,ideological/2022/25-32,focal,ideological,all_parties,0,0,5,16,5,2022,Ideological 2022/PP-PL,Ideological 2022/PP-PL,,,,,,25,32,PP,PL,true,endpoint-minimal,false,true,true,true,false,ideological/2022/25-32,"PP, DC, REPUBLICANOS, PSC, UNIÃO, PATRIOTA, NOVO, PL",5,UNIÃO,CE,719801,5083860,0.14158552753222944,4,22,0.18181818181818182,3.114881605709048,3.3748841413621435,0.8851183942909522,-0.2600025356530955,0.6251158586378567,9.356662317791708,1.7469012659661585,11.103563583757866,2249909//2541930,-36156144800551//139060739195220,68396119//109413508,accounting attribution; not an independent causal effect
ideological/2022/25-32,ideological/2022/25-32,ideological/2022/25-32,ideological/2022/25-32,focal,ideological,all_parties,0,0,5,16,5,2022,Ideological 2022/PP-PL,Ideological 2022/PP-PL,,,,,,25,32,PP,PL,true,endpoint-minimal,false,true,true,true,false,ideological/2022/25-32,"PP, DC, REPUBLICANOS, PSC, UNIÃO, PATRIOTA, NOVO, PL",5,UNIÃO,DF,82274,1607519,0.05118073254499636,0,8,0.0,0.4094458603599709,0.3857527536727915,-0.4094458603599709,0.02369310668717938,-0.3857527536727915,9.356662317791708,1.7469012659661585,11.103563583757866,-658192//1607519,67213634159//2836843434946,-680751//1764734,accounting attribution; not an independent causal effect
ideological/2022/25-32,ideological/2022/25-32,ideological/2022/25-32,ideological/2022/25-32,focal,ideological,all_parties,0,0,5,16,5,2022,Ideological 2022/PP-PL,Ideological 2022/PP-PL,,,,,,25,32,PP,PL,true,endpoint-minimal,false,true,true,true,false,ideological/2022/25-32,"PP, DC, REPUBLICANOS, PSC, UNIÃO, PATRIOTA, NOVO, PL",5,UNIÃO,ES,123947,2084430,0.059463258540704174,0,10,0.0,0.5946325854070418,0.581142238854091,-0.5946325854070418,0.013490346552950701,-0.581142238854091,9.356662317791708,1.7469012659661585,11.103563583757866,-123947//208443,307667316803//22806479848044,-63584811//109413508,accounting attribution; not an independent causal effect
ideological/2022/25-32,ideological/2022/25-32,ideological/2022/25-32,ideological/2022/25-32,focal,ideological,all_parties,0,0,5,16,5,2022,Ideological 2022/PP-PL,Ideological 2022/PP-PL,,,,,,25,32,PP,PL,true,endpoint-minimal,false,true,true,true,false,ideological/2022/25-32,"PP, DC, REPUBLICANOS, PSC, UNIÃO, PATRIOTA, NOVO, PL",5,UNIÃO,GO,373859,3439644,0.10869119013479302,2,17,0.11764705882352941,1.8477502322914814,1.752888381935437,0.15224976770851867,0.09486185035604425,0.24711161806456292,9.356662317791708,1.7469012659661585,11.103563583757866,30805//202332,262504722991//2767231737582,27037349//109413508,accounting attribution; not an independent causal effect
ideological/2022/25-32,ideological/2022/25-32,ideological/2022/25-32,ideological/2022/25-32,focal,ideological,all_parties,0,0,5,16,5,2022,Ideological 2022/PP-PL,Ideological 2022/PP-PL,,,,,,25,32,PP,PL,true,endpoint-minimal,false,true,true,true,false,ideological/2022/25-32,"PP, DC, REPUBLICANOS, PSC, UNIÃO, PATRIOTA, NOVO, PL",5,UNIÃO,MA,374204,3707930,0.10091992027896966,2,18,0.1111111111111111,1.816558565021454,1.7545059610007203,0.18344143497854598,0.062052604020733704,0.24549403899927968,9.356662317791708,1.7469012659661585,11.103563583757866,340094//1853965,3146824288377//50712203589805,6715091//27353377,accounting attribution; not an independent causal effect
ideological/2022/25-32,ideological/2022/25-32,ideological/2022/25-32,ideological/2022/25-32,focal,ideological,all_parties,0,0,5,16,5,2022,Ideological 2022/PP-PL,Ideological 2022/PP-PL,,,,,,25,32,PP,PL,true,endpoint-minimal,false,true,true,true,false,ideological/2022/25-32,"PP, DC, REPUBLICANOS, PSC, UNIÃO, PATRIOTA, NOVO, PL",5,UNIÃO,MG,669076,11181098,0.0598399191206445,3,53,0.05660377358490566,3.1715157133941587,3.1370531324157893,-0.1715157133941586,0.0344625809783695,-0.1370531324157891,9.356662317791708,1.7469012659661585,11.103563583757866,-958867//5590549,5270031476425//152920394433973,-3748866//27353377,accounting attribution; not an independent causal effect
ideological/2022/25-32,ideological/2022/25-32,ideological/2022/25-32,ideological/2022/25-32,focal,ideological,all_parties,0,0,5,16,5,2022,Ideological 2022/PP-PL,Ideological 2022/PP-PL,,,,,,25,32,PP,PL,true,endpoint-minimal,false,true,true,true,false,ideological/2022/25-32,"PP, DC, REPUBLICANOS, PSC, UNIÃO, PATRIOTA, NOVO, PL",5,UNIÃO,MS,63354,1374808,0.04608207109647311,0,8,0.0,0.3686565687717849,0.2970437800056644,-0.3686565687717849,0.07161278876612048,-0.2970437800056644,9.356662317791708,1.7469012659661585,11.103563583757866,-63354//171851,673261215765//9401410381654,-16250301//54706754,accounting attribution; not an independent causal effect
ideological/2022/25-32,ideological/2022/25-32,ideological/2022/25-32,ideological/2022/25-32,focal,ideological,all_parties,0,0,5,16,5,2022,Ideological 2022/PP-PL,Ideological 2022/PP-PL,,,,,,25,32,PP,PL,true,endpoint-minimal,false,true,true,true,false,ideological/2022/25-32,"PP, DC, REPUBLICANOS, PSC, UNIÃO, PATRIOTA, NOVO, PL",5,UNIÃO,MT,249328,1730277,0.14409715900980016,2,8,0.25,1.1527772720784013,1.1690079802577942,0.8472227279215987,-0.01623070817939281,0.8309920197422058,9.356662317791708,1.7469012659661585,11.103563583757866,1465930//1730277,-768181874284//47328919095429,22730438//27353377,accounting attribution; not an independent causal effect
ideological/2022/25-32,ideological/2022/25-32,ideological/2022/25-32,ideological/2022/25-32,focal,ideological,all_parties,0,0,5,16,5,2022,Ideological 2022/PP-PL,Ideological 2022/PP-PL,,,,,,25,32,PP,PL,true,endpoint-minimal,false,true,true,true,false,ideological/2022/25-32,"PP, DC, REPUBLICANOS, PSC, UNIÃO, PATRIOTA, NOVO, PL",5,UNIÃO,PA,301599,4521516,0.06670307038612713,1,17,0.058823529411764705,1.1339521965641612,1.414087618870606,-0.1339521965641612,-0.2801354223064448,-0.414087618870606,9.356662317791708,1.7469012659661585,11.103563583757866,-201889//1507172,-186273084687//664939418062,-1461509//3529468,accounting attribution; not an independent causal effect
ideological/2022/25-32,ideological/2022/25-32,ideological/2022/25-32,ideological/2022/25-32,focal,ideological,all_parties,0,0,5,16,5,2022,Ideological 2022/PP-PL,Ideological 2022/PP-PL,,,,,,25,32,PP,PL,true,endpoint-minimal,false,true,true,true,false,ideological/2022/25-32,"PP, DC, REPUBLICANOS, PSC, UNIÃO, PATRIOTA, NOVO, PL",5,UNIÃO,PB,203364,2209355,0.0920467738321818,1,12,0.08333333333333333,1.1045612859861815,0.9534995624123486,-0.10456128598618149,0.1510617235738329,0.046500437587651426,9.356662317791708,1.7469012659661585,11.103563583757866,-231013//2209355,9129161517021//60433320241835,1271944//27353377,accounting attribution; not an independent causal effect
ideological/2022/25-32,ideological/2022/25-32,ideological/2022/25-32,ideological/2022/25-32,focal,ideological,all_parties,0,0,5,16,5,2022,Ideological 2022/PP-PL,Ideological 2022/PP-PL,,,,,,25,32,PP,PL,true,endpoint-minimal,false,true,true,true,false,ideological/2022/25-32,"PP, DC, REPUBLICANOS, PSC, UNIÃO, PATRIOTA, NOVO, PL",5,UNIÃO,PE,461431,4969863,0.09284581888877018,3,25,0.12,2.3211454722192544,2.163481523689013,0.6788545277807456,0.15766394853024146,0.8365184763109871,9.356662317791708,1.7469012659661585,11.103563583757866,3373814//4969863,85732948170811//543770145109404,91526421//109413508,accounting attribution; not an independent causal effect
ideological/2022/25-32,ideological/2022/25-32,ideological/2022/25-32,ideological/2022/25-32,focal,ideological,all_parties,0,0,5,16,5,2022,Ideological 2022/PP-PL,Ideological 2022/PP-PL,,,,,,25,32,PP,PL,true,endpoint-minimal,false,true,true,true,false,ideological/2022/25-32,"PP, DC, REPUBLICANOS, PSC, UNIÃO, PATRIOTA, NOVO, PL",5,UNIÃO,PI,77581,1957483,0.0396330389587036,0,10,0.0,0.396330389587036,0.3637489897499676,-0.396330389587036,0.032581399837068384,-0.3637489897499676,9.356662317791708,1.7469012659661585,11.103563583757866,-775810//1957483,6978123977881//214175081880364,-39799053//109413508,accounting attribution; not an independent causal effect
ideological/2022/25-32,ideological/2022/25-32,ideological/2022/25-32,ideological/2022/25-32,focal,ideological,all_parties,0,0,5,16,5,2022,Ideological 2022/PP-PL,Ideological 2022/PP-PL,,,,,,25,32,PP,PL,true,endpoint-minimal,false,true,true,true,false,ideological/2022/25-32,"PP, DC, REPUBLICANOS, PSC, UNIÃO, PATRIOTA, NOVO, PL",5,UNIÃO,PR,641875,6038642,0.10629459404945682,4,30,0.13333333333333333,3.1888378214837045,3.0095175725468923,0.8111621785162956,0.17932024893681198,0.9904824274531076,9.356662317791708,1.7469012659661585,11.103563583757866,2449159//3019321,59239251605625//330354502388068,108372157//109413508,accounting attribution; not an independent causal effect
ideological/2022/25-32,ideological/2022/25-32,ideological/2022/25-32,ideological/2022/25-32,focal,ideological,all_parties,0,0,5,16,5,2022,Ideological 2022/PP-PL,Ideological 2022/PP-PL,,,,,,25,32,PP,PL,true,endpoint-minimal,false,true,true,true,false,ideological/2022/25-32,"PP, DC, REPUBLICANOS, PSC, UNIÃO, PATRIOTA, NOVO, PL",5,UNIÃO,RJ,967553,8575988,0.11282116999230876,6,46,0.13043478260869565,5.189773819646203,4.536502832904325,0.8102261803537971,0.6532709867418781,1.4634971670956753,9.356662317791708,1.7469012659661585,11.103563583757866,3474245//4287994,153245766766193//234582232911476,160126359//109413508,accounting attribution; not an independent causal effect
ideological/2022/25-32,ideological/2022/25-32,ideological/2022/25-32,ideological/2022/25-32,focal,ideological,all_parties,0,0,5,16,5,2022,Ideological 2022/PP-PL,Ideological 2022/PP-PL,,,,,,25,32,PP,PL,true,endpoint-minimal,false,true,true,true,false,ideological/2022/25-32,"PP, DC, REPUBLICANOS, PSC, UNIÃO, PATRIOTA, NOVO, PL",5,UNIÃO,RN,315590,1864825,0.1692330379526229,2,8,0.25,1.3538643036209832,1.479686310761556,0.6461356963790168,-0.12582200714057284,0.5203136892384439,9.356662317791708,1.7469012659661585,11.103563583757866,240986//372965,-2567235053999//20403704505610,28464673//54706754,accounting attribution; not an independent causal effect
ideological/2022/25-32,ideological/2022/25-32,ideological/2022/25-32,ideological/2022/25-32,focal,ideological,all_parties,0,0,5,16,5,2022,Ideological 2022/PP-PL,Ideological 2022/PP-PL,,,,,,25,32,PP,PL,true,endpoint-minimal,false,true,true,true,false,ideological/2022/25-32,"PP, DC, REPUBLICANOS, PSC, UNIÃO, PATRIOTA, NOVO, PL",5,UNIÃO,RO,195169,869148,0.22455209009282653,4,8,0.5,1.7964167207426123,0.9150761988181569,2.2035832792573875,0.8813405219244554,3.084923801181843,9.356662317791708,1.7469012659661585,11.103563583757866,478810//217287,20953106709665//23774132912796,337532335//109413508,accounting attribution; not an independent causal effect
ideological/2022/25-32,ideological/2022/25-32,ideological/2022/25-32,ideological/2022/25-32,focal,ideological,all_parties,0,0,5,16,5,2022,Ideological 2022/PP-PL,Ideological 2022/PP-PL,,,,,,25,32,PP,PL,true,endpoint-minimal,false,true,true,true,false,ideological/2022/25-32,"PP, DC, REPUBLICANOS, PSC, UNIÃO, PATRIOTA, NOVO, PL",5,UNIÃO,RR,41831,291714,0.14339730009529883,2,8,0.25,1.1471784007623906,0.19613028950684955,0.8528215992376095,0.951048111255541,1.8038697104931505,9.356662317791708,1.7469012659661585,11.103563583757866,124390//145857,15177516254921//15958726036356,197367713//109413508,accounting attribution; not an independent causal effect
ideological/2022/25-32,ideological/2022/25-32,ideological/2022/25-32,ideological/2022/25-32,focal,ideological,all_parties,0,0,5,16,5,2022,Ideological 2022/PP-PL,Ideological 2022/PP-PL,,,,,,25,32,PP,PL,true,endpoint-minimal,false,true,true,true,false,ideological/2022/25-32,"PP, DC, REPUBLICANOS, PSC, UNIÃO, PATRIOTA, NOVO, PL",5,UNIÃO,RS,215367,6149822,0.03502003797833498,1,31,0.03225806451612903,1.0856211773283844,1.0097772479792897,-0.08562117732838447,0.07584392934909474,-0.009777247979289723,9.356662317791708,1.7469012659661585,11.103563583757866,-526555//6149822,25516688836377//336436799297788,-1069763//109413508,accounting attribution; not an independent causal effect
ideological/2022/25-32,ideological/2022/25-32,ideological/2022/25-32,ideological/2022/25-32,focal,ideological,all_parties,0,0,5,16,5,2022,Ideological 2022/PP-PL,Ideological 2022/PP-PL,,,,,,25,32,PP,PL,true,endpoint-minimal,false,true,true,true,false,ideological/2022/25-32,"PP, DC, REPUBLICANOS, PSC, UNIÃO, PATRIOTA, NOVO, PL",5,UNIÃO,SC,279432,3969848,0.07038858918527863,1,16,0.0625,1.126217426964458,1.310154647449929,-0.1262174269644581,-0.18393722048547104,-0.3101546474499291,9.356662317791708,1.7469012659661585,11.103563583757866,-62633//496231,-2496689082846//13573593622087,-8483777//27353377,accounting attribution; not an independent causal effect
ideological/2022/25-32,ideological/2022/25-32,ideological/2022/25-32,ideological/2022/25-32,focal,ideological,all_parties,0,0,5,16,5,2022,Ideological 2022/PP-PL,Ideological 2022/PP-PL,,,,,,25,32,PP,PL,true,endpoint-minimal,false,true,true,true,false,ideological/2022/25-32,"PP, DC, REPUBLICANOS, PSC, UNIÃO, PATRIOTA, NOVO, PL",5,UNIÃO,SE,239275,1191617,0.20079857873796697,2,8,0.25,1.6063886299037358,1.1218731328859322,0.3936113700962642,0.4845154970178037,0.8781268671140678,9.356662317791708,1.7469012659661585,11.103563583757866,469034//1191617,63170644126325//130378996162436,96078941//109413508,accounting attribution; not an independent causal effect
ideological/2022/25-32,ideological/2022/25-32,ideological/2022/25-32,ideological/2022/25-32,focal,ideological,all_parties,0,0,5,16,5,2022,Ideological 2022/PP-PL,Ideological 2022/PP-PL,,,,,,25,32,PP,PL,true,endpoint-minimal,false,true,true,true,false,ideological/2022/25-32,"PP, DC, REPUBLICANOS, PSC, UNIÃO, PATRIOTA, NOVO, PL",5,UNIÃO,SP,1811462,23321040,0.07767500934778208,6,70,0.08571428571428572,5.437250654344746,8.493284083351025,0.5627493456552538,-3.0560334290062783,-2.493284083351025,9.356662317791708,1.7469012659661585,11.103563583757866,656195//1166052,-97473591863969//31895459957604,-136399479//54706754,accounting attribution; not an independent causal effect
ideological/2022/25-32,ideological/2022/25-32,ideological/2022/25-32,ideological/2022/25-32,focal,ideological,all_parties,0,0,5,16,5,2022,Ideological 2022/PP-PL,Ideological 2022/PP-PL,,,,,,25,32,PP,PL,true,endpoint-minimal,false,true,true,true,false,ideological/2022/25-32,"PP, DC, REPUBLICANOS, PSC, UNIÃO, PATRIOTA, NOVO, PL",5,UNIÃO,TO,104375,830140,0.12573180427397787,1,8,0.125,1.005854434191823,0.4893762751853272,-0.005854434191823066,0.5164781590064959,0.5106237248146728,9.356662317791708,1.7469012659661585,11.103563583757866,-243//41507,2345547585875//4541426476556,55869133//109413508,accounting attribution; not an independent causal effect
ideological/2022/25-32,ideological/2022/25-32,ideological/2022/25-32,ideological/2022/25-32,focal,ideological,all_parties,0,0,5,16,5,2022,Ideological 2022/PP-PL,Ideological 2022/PP-PL,,,,,,25,32,PP,PL,true,endpoint-minimal,false,true,true,true,false,ideological/2022/25-32,"PP, DC, REPUBLICANOS, PSC, UNIÃO, PATRIOTA, NOVO, PL",6,PATRIOTA,AC,1483,434253,0.0034150598844452425,0,8,0.0,0.02732047907556194,0.0069532456632320026,-0.02732047907556194,0.02036723341232994,-0.0069532456632320026,-3.0340148588879687,-0.12351463006690526,-3.1575294889548737,-11864//434253,967711295825//47513144089524,-760779//109413508,accounting attribution; not an independent causal effect
ideological/2022/25-32,ideological/2022/25-32,ideological/2022/25-32,ideological/2022/25-32,focal,ideological,all_parties,0,0,5,16,5,2022,Ideological 2022/PP-PL,Ideological 2022/PP-PL,,,,,,25,32,PP,PL,true,endpoint-minimal,false,true,true,true,false,ideological/2022/25-32,"PP, DC, REPUBLICANOS, PSC, UNIÃO, PATRIOTA, NOVO, PL",6,PATRIOTA,AL,3040,1650763,0.001841572654584577,0,9,0.0,0.01657415389126119,0.01425345031437983,-0.01657415389126119,0.002320703576881363,-0.01425345031437983,-3.0340148588879687,-0.12351463006690526,-3.1575294889548737,-27360//1650763,104788916280//45153942676651,-389880//27353377,accounting attribution; not an independent causal effect
ideological/2022/25-32,ideological/2022/25-32,ideological/2022/25-32,ideological/2022/25-32,focal,ideological,all_parties,0,0,5,16,5,2022,Ideological 2022/PP-PL,Ideological 2022/PP-PL,,,,,,25,32,PP,PL,true,endpoint-minimal,false,true,true,true,false,ideological/2022/25-32,"PP, DC, REPUBLICANOS, PSC, UNIÃO, PATRIOTA, NOVO, PL",6,PATRIOTA,AM,13742,1976477,0.006952775063914227,0,8,0.0,0.055622200511313814,0.06443122178296304,-0.055622200511313814,-0.008809021271649215,-0.06443122178296304,-3.0340148588879687,-0.12351463006690526,-3.1575294889548737,-109936//1976477,-952489880827//108126641025658,-3524823//54706754,accounting attribution; not an independent causal effect
ideological/2022/25-32,ideological/2022/25-32,ideological/2022/25-32,ideological/2022/25-32,focal,ideological,all_parties,0,0,5,16,5,2022,Ideological 2022/PP-PL,Ideological 2022/PP-PL,,,,,,25,32,PP,PL,true,endpoint-minimal,false,true,true,true,false,ideological/2022/25-32,"PP, DC, REPUBLICANOS, PSC, UNIÃO, PATRIOTA, NOVO, PL",6,PATRIOTA,AP,1175,423017,0.002777666145805015,0,8,0.0,0.02222132916644012,0.005509146091906678,-0.02222132916644012,0.01671218307453344,-0.005509146091906678,-3.0340148588879687,-0.12351463006690526,-3.1575294889548737,-9400//423017,773502903025//46283773913636,-602775//109413508,accounting attribution; not an independent causal effect
ideological/2022/25-32,ideological/2022/25-32,ideological/2022/25-32,ideological/2022/25-32,focal,ideological,all_parties,0,0,5,16,5,2022,Ideological 2022/PP-PL,Ideological 2022/PP-PL,,,,,,25,32,PP,PL,true,endpoint-minimal,false,true,true,true,false,ideological/2022/25-32,"PP, DC, REPUBLICANOS, PSC, UNIÃO, PATRIOTA, NOVO, PL",6,PATRIOTA,BA,14405,7958431,0.0018100301428761523,0,39,0.0,0.07059117557216994,0.06753978676928996,-0.07059117557216994,0.0030513888028799925,-0.06753978676928996,-3.0340148588879687,-0.12351463006690526,-3.1575294889548737,-43215//612187,204386682165//66981527221996,-7389765//109413508,accounting attribution; not an independent causal effect
ideological/2022/25-32,ideological/2022/25-32,ideological/2022/25-32,ideological/2022/25-32,focal,ideological,all_parties,0,0,5,16,5,2022,Ideological 2022/PP-PL,Ideological 2022/PP-PL,,,,,,25,32,PP,PL,true,endpoint-minimal,false,true,true,true,false,ideological/2022/25-32,"PP, DC, REPUBLICANOS, PSC, UNIÃO, PATRIOTA, NOVO, PL",6,PATRIOTA,CE,4551,5083860,0.0008951859413909903,0,22,0.0,0.019694090710601787,0.021337977756823227,-0.019694090710601787,-0.0016438870462214383,-0.021337977756823227,-3.0340148588879687,-0.12351463006690526,-3.1575294889548737,-16687//847310,-76200049267//46353579731740,-2334663//109413508,accounting attribution; not an independent causal effect
ideological/2022/25-32,ideological/2022/25-32,ideological/2022/25-32,ideological/2022/25-32,focal,ideological,all_parties,0,0,5,16,5,2022,Ideological 2022/PP-PL,Ideological 2022/PP-PL,,,,,,25,32,PP,PL,true,endpoint-minimal,false,true,true,true,false,ideological/2022/25-32,"PP, DC, REPUBLICANOS, PSC, UNIÃO, PATRIOTA, NOVO, PL",6,PATRIOTA,DF,3763,1607519,0.002340874353584623,0,8,0.0,0.018726994828676985,0.017643333399016876,-0.018726994828676985,0.0010836614296601114,-0.017643333399016876,-3.0340148588879687,-0.12351463006690526,-3.1575294889548737,-30104//1607519,190599024371//175884292966652,-1930419//109413508,accounting attribution; not an independent causal effect
ideological/2022/25-32,ideological/2022/25-32,ideological/2022/25-32,ideological/2022/25-32,focal,ideological,all_parties,0,0,5,16,5,2022,Ideological 2022/PP-PL,Ideological 2022/PP-PL,,,,,,25,32,PP,PL,true,endpoint-minimal,false,true,true,true,false,ideological/2022/25-32,"PP, DC, REPUBLICANOS, PSC, UNIÃO, PATRIOTA, NOVO, PL",6,PATRIOTA,ES,75289,2084430,0.036119706586452895,0,10,0.0,0.36119706586452893,0.35300263839452073,-0.36119706586452893,0.008194427470008191,-0.35300263839452073,-3.0340148588879687,-0.12351463006690526,-3.1575294889548737,-75289//208443,186886044961//22806479848044,-38623257//109413508,accounting attribution; not an independent causal effect
ideological/2022/25-32,ideological/2022/25-32,ideological/2022/25-32,ideological/2022/25-32,focal,ideological,all_parties,0,0,5,16,5,2022,Ideological 2022/PP-PL,Ideological 2022/PP-PL,,,,,,25,32,PP,PL,true,endpoint-minimal,false,true,true,true,false,ideological/2022/25-32,"PP, DC, REPUBLICANOS, PSC, UNIÃO, PATRIOTA, NOVO, PL",6,PATRIOTA,GO,149111,3439644,0.04335070722435229,0,17,0.0,0.7369620228139889,0.6991270492853588,-0.7369620228139889,0.037834973528630085,-0.6991270492853588,-3.0340148588879687,-0.12351463006690526,-3.1575294889548737,-149111//202332,104698139539//2767231737582,-76493943//109413508,accounting attribution; not an independent causal effect
ideological/2022/25-32,ideological/2022/25-32,ideological/2022/25-32,ideological/2022/25-32,focal,ideological,all_parties,0,0,5,16,5,2022,Ideological 2022/PP-PL,Ideological 2022/PP-PL,,,,,,25,32,PP,PL,true,endpoint-minimal,false,true,true,true,false,ideological/2022/25-32,"PP, DC, REPUBLICANOS, PSC, UNIÃO, PATRIOTA, NOVO, PL",6,PATRIOTA,MA,231636,3707930,0.06247043498663675,1,18,0.05555555555555555,1.1244678297594615,1.086056650336081,-0.12446782975946148,0.03841117942338049,-0.086056650336081,-3.0340148588879687,-0.12351463006690526,-3.1575294889548737,-230759//1853965,1947915551043//50712203589805,-2353940//27353377,accounting attribution; not an independent causal effect
ideological/2022/25-32,ideological/2022/25-32,ideological/2022/25-32,ideological/2022/25-32,focal,ideological,all_parties,0,0,5,16,5,2022,Ideological 2022/PP-PL,Ideological 2022/PP-PL,,,,,,25,32,PP,PL,true,endpoint-minimal,false,true,true,true,false,ideological/2022/25-32,"PP, DC, REPUBLICANOS, PSC, UNIÃO, PATRIOTA, NOVO, PL",6,PATRIOTA,MG,543201,11181098,0.04858208022145947,3,53,0.05660377358490566,2.574850251737352,2.546871205335999,0.4251497482626483,0.027979046401352452,0.45312879466400074,-3.0340148588879687,-0.12351463006690526,-3.1575294889548737,4753641//11181098,17114267246325//611681577735892,49578411//109413508,accounting attribution; not an independent causal effect
ideological/2022/25-32,ideological/2022/25-32,ideological/2022/25-32,ideological/2022/25-32,focal,ideological,all_parties,0,0,5,16,5,2022,Ideological 2022/PP-PL,Ideological 2022/PP-PL,,,,,,25,32,PP,PL,true,endpoint-minimal,false,true,true,true,false,ideological/2022/25-32,"PP, DC, REPUBLICANOS, PSC, UNIÃO, PATRIOTA, NOVO, PL",6,PATRIOTA,MS,0,1374808,0.0,0,8,0.0,0.0,0.0,0.0,0.0,0.0,-3.0340148588879687,-0.12351463006690526,-3.1575294889548737,0//1,0//1,0//1,accounting attribution; not an independent causal effect
ideological/2022/25-32,ideological/2022/25-32,ideological/2022/25-32,ideological/2022/25-32,focal,ideological,all_parties,0,0,5,16,5,2022,Ideological 2022/PP-PL,Ideological 2022/PP-PL,,,,,,25,32,PP,PL,true,endpoint-minimal,false,true,true,true,false,ideological/2022/25-32,"PP, DC, REPUBLICANOS, PSC, UNIÃO, PATRIOTA, NOVO, PL",6,PATRIOTA,MT,10644,1730277,0.006151616186310053,0,8,0.0,0.04921292949048042,0.049905830640216746,-0.04921292949048042,-0.0006929011497363195,-0.049905830640216746,-3.0340148588879687,-0.12351463006690526,-3.1575294889548737,-28384//576759,-10931420819//15776306365143,-1365093//27353377,accounting attribution; not an independent causal effect
ideological/2022/25-32,ideological/2022/25-32,ideological/2022/25-32,ideological/2022/25-32,focal,ideological,all_parties,0,0,5,16,5,2022,Ideological 2022/PP-PL,Ideological 2022/PP-PL,,,,,,25,32,PP,PL,true,endpoint-minimal,false,true,true,true,false,ideological/2022/25-32,"PP, DC, REPUBLICANOS, PSC, UNIÃO, PATRIOTA, NOVO, PL",6,PATRIOTA,PA,1497,4521516,0.0003310836453968094,0,17,0.0,0.00562842197174576,0.007018886552837699,-0.00562842197174576,-0.0013904645810919394,-0.007018886552837699,-3.0340148588879687,-0.12351463006690526,-3.1575294889548737,-8483//1507172,-28661815991//20613121959922,-767961//109413508,accounting attribution; not an independent causal effect
ideological/2022/25-32,ideological/2022/25-32,ideological/2022/25-32,ideological/2022/25-32,focal,ideological,all_parties,0,0,5,16,5,2022,Ideological 2022/PP-PL,Ideological 2022/PP-PL,,,,,,25,32,PP,PL,true,endpoint-minimal,false,true,true,true,false,ideological/2022/25-32,"PP, DC, REPUBLICANOS, PSC, UNIÃO, PATRIOTA, NOVO, PL",6,PATRIOTA,PB,1873,2209355,0.0008477587350154231,0,12,0.0,0.010173104820185077,0.008781813302247836,-0.010173104820185077,0.0013912915179372409,-0.008781813302247836,-3.0340148588879687,-0.12351463006690526,-3.1575294889548737,-22476//2209355,336321463413//241733280967340,-960849//109413508,accounting attribution; not an independent causal effect
ideological/2022/25-32,ideological/2022/25-32,ideological/2022/25-32,ideological/2022/25-32,focal,ideological,all_parties,0,0,5,16,5,2022,Ideological 2022/PP-PL,Ideological 2022/PP-PL,,,,,,25,32,PP,PL,true,endpoint-minimal,false,true,true,true,false,ideological/2022/25-32,"PP, DC, REPUBLICANOS, PSC, UNIÃO, PATRIOTA, NOVO, PL",6,PATRIOTA,PE,16122,4969863,0.003243952599900641,0,25,0.0,0.08109881499751603,0.07559017301593145,-0.08109881499751603,0.0055086419815845765,-0.07559017301593145,-3.0340148588879687,-0.12351463006690526,-3.1575294889548737,-134350//1656621,499239174947//90628357518234,-4135293//54706754,accounting attribution; not an independent causal effect
ideological/2022/25-32,ideological/2022/25-32,ideological/2022/25-32,ideological/2022/25-32,focal,ideological,all_parties,0,0,5,16,5,2022,Ideological 2022/PP-PL,Ideological 2022/PP-PL,,,,,,25,32,PP,PL,true,endpoint-minimal,false,true,true,true,false,ideological/2022/25-32,"PP, DC, REPUBLICANOS, PSC, UNIÃO, PATRIOTA, NOVO, PL",6,PATRIOTA,PI,3572,1957483,0.0018247923481327806,0,10,0.0,0.018247923481327807,0.0167478041193963,-0.018247923481327807,0.0015001193619315074,-0.0167478041193963,-3.0340148588879687,-0.12351463006690526,-3.1575294889548737,-35720//1957483,80322046793//53543770470091,-458109//27353377,accounting attribution; not an independent causal effect
ideological/2022/25-32,ideological/2022/25-32,ideological/2022/25-32,ideological/2022/25-32,focal,ideological,all_parties,0,0,5,16,5,2022,Ideological 2022/PP-PL,Ideological 2022/PP-PL,,,,,,25,32,PP,PL,true,endpoint-minimal,false,true,true,true,false,ideological/2022/25-32,"PP, DC, REPUBLICANOS, PSC, UNIÃO, PATRIOTA, NOVO, PL",6,PATRIOTA,PR,9678,6038642,0.0016026782180496874,0,30,0.0,0.04808034654149062,0.04537660925742368,-0.04808034654149062,0.0027037372840669387,-0.04537660925742368,-3.0340148588879687,-0.12351463006690526,-3.1575294889548737,-145170//3019321,446595892533//165177251194034,-2482407//54706754,accounting attribution; not an independent causal effect
ideological/2022/25-32,ideological/2022/25-32,ideological/2022/25-32,ideological/2022/25-32,focal,ideological,all_parties,0,0,5,16,5,2022,Ideological 2022/PP-PL,Ideological 2022/PP-PL,,,,,,25,32,PP,PL,true,endpoint-minimal,false,true,true,true,false,ideological/2022/25-32,"PP, DC, REPUBLICANOS, PSC, UNIÃO, PATRIOTA, NOVO, PL",6,PATRIOTA,RJ,91410,8575988,0.01065883021291541,0,46,0.0,0.49030618979410884,0.42858812277548036,-0.49030618979410884,0.06171806701862852,-0.42858812277548036,-3.0340148588879687,-0.12351463006690526,-3.1575294889548737,-1051215//2143997,7238980986105//117291116455738,-23446665//54706754,accounting attribution; not an independent causal effect
ideological/2022/25-32,ideological/2022/25-32,ideological/2022/25-32,ideological/2022/25-32,focal,ideological,all_parties,0,0,5,16,5,2022,Ideological 2022/PP-PL,Ideological 2022/PP-PL,,,,,,25,32,PP,PL,true,endpoint-minimal,false,true,true,true,false,ideological/2022/25-32,"PP, DC, REPUBLICANOS, PSC, UNIÃO, PATRIOTA, NOVO, PL",6,PATRIOTA,RN,3588,1864825,0.0019240411298647327,0,8,0.0,0.015392329038917862,0.016822822278945666,-0.015392329038917862,-0.0014304932400278064,-0.016822822278945666,-3.0340148588879687,-0.12351463006690526,-3.1575294889548737,-28704//1864825,-72968403417//51009261264025,-460161//27353377,accounting attribution; not an independent causal effect
ideological/2022/25-32,ideological/2022/25-32,ideological/2022/25-32,ideological/2022/25-32,focal,ideological,all_parties,0,0,5,16,5,2022,Ideological 2022/PP-PL,Ideological 2022/PP-PL,,,,,,25,32,PP,PL,true,endpoint-minimal,false,true,true,true,false,ideological/2022/25-32,"PP, DC, REPUBLICANOS, PSC, UNIÃO, PATRIOTA, NOVO, PL",6,PATRIOTA,RO,6415,869148,0.007380791303667499,0,8,0.0,0.059046330429339995,0.03007759334432454,-0.059046330429339995,0.028968737085015454,-0.03007759334432454,-3.0340148588879687,-0.12351463006690526,-3.1575294889548737,-12830//217287,688706605775//23774132912796,-3290895//109413508,accounting attribution; not an independent causal effect
ideological/2022/25-32,ideological/2022/25-32,ideological/2022/25-32,ideological/2022/25-32,focal,ideological,all_parties,0,0,5,16,5,2022,Ideological 2022/PP-PL,Ideological 2022/PP-PL,,,,,,25,32,PP,PL,true,endpoint-minimal,false,true,true,true,false,ideological/2022/25-32,"PP, DC, REPUBLICANOS, PSC, UNIÃO, PATRIOTA, NOVO, PL",6,PATRIOTA,RR,710,291714,0.0024338907285903315,0,8,0.0,0.019471125828722652,0.0033289308300031837,-0.019471125828722652,0.01614219499871947,-0.0033289308300031837,-3.0340148588879687,-0.12351463006690526,-3.1575294889548737,-2840//145857,128804433805//7979363018178,-182115//54706754,accounting attribution; not an independent causal effect
ideological/2022/25-32,ideological/2022/25-32,ideological/2022/25-32,ideological/2022/25-32,focal,ideological,all_parties,0,0,5,16,5,2022,Ideological 2022/PP-PL,Ideological 2022/PP-PL,,,,,,25,32,PP,PL,true,endpoint-minimal,false,true,true,true,false,ideological/2022/25-32,"PP, DC, REPUBLICANOS, PSC, UNIÃO, PATRIOTA, NOVO, PL",6,PATRIOTA,RS,28516,6149822,0.004636882173175093,0,31,0.0,0.1437433473684279,0.13370111485686026,-0.1437433473684279,0.010042232511567628,-0.13370111485686026,-3.0340148588879687,-0.12351463006690526,-3.1575294889548737,-441998//3074911,844644140999//84109199824447,-3657177//27353377,accounting attribution; not an independent causal effect
ideological/2022/25-32,ideological/2022/25-32,ideological/2022/25-32,ideological/2022/25-32,focal,ideological,all_parties,0,0,5,16,5,2022,Ideological 2022/PP-PL,Ideological 2022/PP-PL,,,,,,25,32,PP,PL,true,endpoint-minimal,false,true,true,true,false,ideological/2022/25-32,"PP, DC, REPUBLICANOS, PSC, UNIÃO, PATRIOTA, NOVO, PL",6,PATRIOTA,SC,71669,3969848,0.018053336047123215,0,16,0.0,0.28885337675397144,0.3360297797964763,-0.28885337675397144,-0.04717640304250488,-0.3360297797964763,-3.0340148588879687,-0.12351463006690526,-3.1575294889548737,-143338//496231,-2561413293803//54294374488348,-36766197//109413508,accounting attribution; not an independent causal effect
ideological/2022/25-32,ideological/2022/25-32,ideological/2022/25-32,ideological/2022/25-32,focal,ideological,all_parties,0,0,5,16,5,2022,Ideological 2022/PP-PL,Ideological 2022/PP-PL,,,,,,25,32,PP,PL,true,endpoint-minimal,false,true,true,true,false,ideological/2022/25-32,"PP, DC, REPUBLICANOS, PSC, UNIÃO, PATRIOTA, NOVO, PL",6,PATRIOTA,SE,4165,1191617,0.0034952505712825513,0,8,0.0,0.02796200457026041,0.019528164657694733,-0.02796200457026041,0.008433839912565678,-0.019528164657694733,-3.0340148588879687,-0.12351463006690526,-3.1575294889548737,-4760//170231,157085083085//18625570880348,-2136645//109413508,accounting attribution; not an independent causal effect
ideological/2022/25-32,ideological/2022/25-32,ideological/2022/25-32,ideological/2022/25-32,focal,ideological,all_parties,0,0,5,16,5,2022,Ideological 2022/PP-PL,Ideological 2022/PP-PL,,,,,,25,32,PP,PL,true,endpoint-minimal,false,true,true,true,false,ideological/2022/25-32,"PP, DC, REPUBLICANOS, PSC, UNIÃO, PATRIOTA, NOVO, PL",6,PATRIOTA,SP,228947,23321040,0.009817186540565945,0,70,0.0,0.6872030578396161,1.0734489108968155,-0.6872030578396161,-0.38624585305719933,-1.0734489108968155,-3.0340148588879687,-0.12351463006690526,-3.1575294889548737,-1602629//2332104,-24638978279953//63790919915208,-117449811//109413508,accounting attribution; not an independent causal effect
ideological/2022/25-32,ideological/2022/25-32,ideological/2022/25-32,ideological/2022/25-32,focal,ideological,all_parties,0,0,5,16,5,2022,Ideological 2022/PP-PL,Ideological 2022/PP-PL,,,,,,25,32,PP,PL,true,endpoint-minimal,false,true,true,true,false,ideological/2022/25-32,"PP, DC, REPUBLICANOS, PSC, UNIÃO, PATRIOTA, NOVO, PL",6,PATRIOTA,TO,6368,830140,0.00767099525381261,0,8,0.0,0.06136796203050088,0.029857227500648273,-0.06136796203050088,0.031510734529852605,-0.029857227500648273,-3.0340148588879687,-0.12351463006690526,-3.1575294889548737,-12736//207535,178879605112//5676783095695,-816696//27353377,accounting attribution; not an independent causal effect
ideological/2022/25-32,ideological/2022/25-32,ideological/2022/25-32,ideological/2022/25-32,focal,ideological,all_parties,0,0,5,16,5,2022,Ideological 2022/PP-PL,Ideological 2022/PP-PL,,,,,,25,32,PP,PL,true,endpoint-minimal,false,true,true,true,false,ideological/2022/25-32,"PP, DC, REPUBLICANOS, PSC, UNIÃO, PATRIOTA, NOVO, PL",7,NOVO,AC,0,434253,0.0,0,8,0.0,0.0,0.0,0.0,0.0,0.0,-2.8067474522995584,-0.5451995303344321,-3.3519469826339905,0//1,0//1,0//1,accounting attribution; not an independent causal effect
ideological/2022/25-32,ideological/2022/25-32,ideological/2022/25-32,ideological/2022/25-32,focal,ideological,all_parties,0,0,5,16,5,2022,Ideological 2022/PP-PL,Ideological 2022/PP-PL,,,,,,25,32,PP,PL,true,endpoint-minimal,false,true,true,true,false,ideological/2022/25-32,"PP, DC, REPUBLICANOS, PSC, UNIÃO, PATRIOTA, NOVO, PL",7,NOVO,AL,0,1650763,0.0,0,9,0.0,0.0,0.0,0.0,0.0,0.0,-2.8067474522995584,-0.5451995303344321,-3.3519469826339905,0//1,0//1,0//1,accounting attribution; not an independent causal effect
ideological/2022/25-32,ideological/2022/25-32,ideological/2022/25-32,ideological/2022/25-32,focal,ideological,all_parties,0,0,5,16,5,2022,Ideological 2022/PP-PL,Ideological 2022/PP-PL,,,,,,25,32,PP,PL,true,endpoint-minimal,false,true,true,true,false,ideological/2022/25-32,"PP, DC, REPUBLICANOS, PSC, UNIÃO, PATRIOTA, NOVO, PL",7,NOVO,AM,0,1976477,0.0,0,8,0.0,0.0,0.0,0.0,0.0,0.0,-2.8067474522995584,-0.5451995303344321,-3.3519469826339905,0//1,0//1,0//1,accounting attribution; not an independent causal effect
ideological/2022/25-32,ideological/2022/25-32,ideological/2022/25-32,ideological/2022/25-32,focal,ideological,all_parties,0,0,5,16,5,2022,Ideological 2022/PP-PL,Ideological 2022/PP-PL,,,,,,25,32,PP,PL,true,endpoint-minimal,false,true,true,true,false,ideological/2022/25-32,"PP, DC, REPUBLICANOS, PSC, UNIÃO, PATRIOTA, NOVO, PL",7,NOVO,AP,0,423017,0.0,0,8,0.0,0.0,0.0,0.0,0.0,0.0,-2.8067474522995584,-0.5451995303344321,-3.3519469826339905,0//1,0//1,0//1,accounting attribution; not an independent causal effect
ideological/2022/25-32,ideological/2022/25-32,ideological/2022/25-32,ideological/2022/25-32,focal,ideological,all_parties,0,0,5,16,5,2022,Ideological 2022/PP-PL,Ideological 2022/PP-PL,,,,,,25,32,PP,PL,true,endpoint-minimal,false,true,true,true,false,ideological/2022/25-32,"PP, DC, REPUBLICANOS, PSC, UNIÃO, PATRIOTA, NOVO, PL",7,NOVO,BA,12426,7958431,0.0015613630375132987,0,39,0.0,0.060893158463018654,0.05826097816002755,-0.060893158463018654,0.0026321803029910992,-0.05826097816002755,-2.8067474522995584,-0.5451995303344321,-3.3519469826339905,-37278//612187,88153728309//33490763610998,-3187269//54706754,accounting attribution; not an independent causal effect
ideological/2022/25-32,ideological/2022/25-32,ideological/2022/25-32,ideological/2022/25-32,focal,ideological,all_parties,0,0,5,16,5,2022,Ideological 2022/PP-PL,Ideological 2022/PP-PL,,,,,,25,32,PP,PL,true,endpoint-minimal,false,true,true,true,false,ideological/2022/25-32,"PP, DC, REPUBLICANOS, PSC, UNIÃO, PATRIOTA, NOVO, PL",7,NOVO,CE,0,5083860,0.0,0,22,0.0,0.0,0.0,0.0,0.0,0.0,-2.8067474522995584,-0.5451995303344321,-3.3519469826339905,0//1,0//1,0//1,accounting attribution; not an independent causal effect
ideological/2022/25-32,ideological/2022/25-32,ideological/2022/25-32,ideological/2022/25-32,focal,ideological,all_parties,0,0,5,16,5,2022,Ideological 2022/PP-PL,Ideological 2022/PP-PL,,,,,,25,32,PP,PL,true,endpoint-minimal,false,true,true,true,false,ideological/2022/25-32,"PP, DC, REPUBLICANOS, PSC, UNIÃO, PATRIOTA, NOVO, PL",7,NOVO,DF,27951,1607519,0.017387663847208027,0,8,0.0,0.13910131077766422,0.13105203609777322,-0.13910131077766422,0.008049274679890984,-0.13105203609777322,-2.8067474522995584,-0.5451995303344321,-3.3519469826339905,-223608//1607519,1415740985967//175884292966652,-14338863//109413508,accounting attribution; not an independent causal effect
ideological/2022/25-32,ideological/2022/25-32,ideological/2022/25-32,ideological/2022/25-32,focal,ideological,all_parties,0,0,5,16,5,2022,Ideological 2022/PP-PL,Ideological 2022/PP-PL,,,,,,25,32,PP,PL,true,endpoint-minimal,false,true,true,true,false,ideological/2022/25-32,"PP, DC, REPUBLICANOS, PSC, UNIÃO, PATRIOTA, NOVO, PL",7,NOVO,ES,8819,2084430,0.004230892857999549,0,10,0.0,0.04230892857999549,0.04134907181661701,-0.04230892857999549,0.0009598567633784782,-0.04134907181661701,-2.8067474522995584,-0.5451995303344321,-3.3519469826339905,-8819//208443,21890953931//22806479848044,-4524147//109413508,accounting attribution; not an independent causal effect
ideological/2022/25-32,ideological/2022/25-32,ideological/2022/25-32,ideological/2022/25-32,focal,ideological,all_parties,0,0,5,16,5,2022,Ideological 2022/PP-PL,Ideological 2022/PP-PL,,,,,,25,32,PP,PL,true,endpoint-minimal,false,true,true,true,false,ideological/2022/25-32,"PP, DC, REPUBLICANOS, PSC, UNIÃO, PATRIOTA, NOVO, PL",7,NOVO,GO,23591,3439644,0.006858558618275612,0,17,0.0,0.1165954965106854,0.11060958762057058,-0.1165954965106854,0.005985908890114829,-0.11060958762057058,-2.8067474522995584,-0.5451995303344321,-3.3519469826339905,-23591//202332,534335389//89265539922,-390393//3529468,accounting attribution; not an independent causal effect
ideological/2022/25-32,ideological/2022/25-32,ideological/2022/25-32,ideological/2022/25-32,focal,ideological,all_parties,0,0,5,16,5,2022,Ideological 2022/PP-PL,Ideological 2022/PP-PL,,,,,,25,32,PP,PL,true,endpoint-minimal,false,true,true,true,false,ideological/2022/25-32,"PP, DC, REPUBLICANOS, PSC, UNIÃO, PATRIOTA, NOVO, PL",7,NOVO,MA,6755,3707930,0.0018217711769100279,0,18,0.0,0.032791881184380506,0.0316717292347486,-0.032791881184380506,0.0011201519496319018,-0.0316717292347486,-2.8067474522995584,-0.5451995303344321,-3.3519469826339905,-12159//370793,45444298977//40569762871844,-3465315//109413508,accounting attribution; not an independent causal effect
ideological/2022/25-32,ideological/2022/25-32,ideological/2022/25-32,ideological/2022/25-32,focal,ideological,all_parties,0,0,5,16,5,2022,Ideological 2022/PP-PL,Ideological 2022/PP-PL,,,,,,25,32,PP,PL,true,endpoint-minimal,false,true,true,true,false,ideological/2022/25-32,"PP, DC, REPUBLICANOS, PSC, UNIÃO, PATRIOTA, NOVO, PL",7,NOVO,MG,185099,11181098,0.016554635331878856,0,53,0.0,0.8773956725895793,0.8678616446517737,-0.8773956725895793,0.009534027937805596,-0.8678616446517737,-2.8067474522995584,-0.5451995303344321,-3.3519469826339905,-9810247//11181098,5831789251175//611681577735892,-94955787//109413508,accounting attribution; not an independent causal effect
ideological/2022/25-32,ideological/2022/25-32,ideological/2022/25-32,ideological/2022/25-32,focal,ideological,all_parties,0,0,5,16,5,2022,Ideological 2022/PP-PL,Ideological 2022/PP-PL,,,,,,25,32,PP,PL,true,endpoint-minimal,false,true,true,true,false,ideological/2022/25-32,"PP, DC, REPUBLICANOS, PSC, UNIÃO, PATRIOTA, NOVO, PL",7,NOVO,MS,7183,1374808,0.005224729562237054,0,8,0.0,0.04179783649789643,0.03367846500269418,-0.04179783649789643,0.008119371495202251,-0.03367846500269418,-2.8067474522995584,-0.5451995303344321,-3.3519469826339905,-7183//171851,152667086935//18802820763308,-3684879//109413508,accounting attribution; not an independent causal effect
ideological/2022/25-32,ideological/2022/25-32,ideological/2022/25-32,ideological/2022/25-32,focal,ideological,all_parties,0,0,5,16,5,2022,Ideological 2022/PP-PL,Ideological 2022/PP-PL,,,,,,25,32,PP,PL,true,endpoint-minimal,false,true,true,true,false,ideological/2022/25-32,"PP, DC, REPUBLICANOS, PSC, UNIÃO, PATRIOTA, NOVO, PL",7,NOVO,MT,4613,1730277,0.002666047112687737,0,8,0.0,0.021328376901501897,0.021628673125077023,-0.021328376901501897,-0.00030029622357512605,-0.021628673125077023,-2.8067474522995584,-0.5451995303344321,-3.3519469826339905,-36904//1730277,-56850782681//189315676381716,-2366469//109413508,accounting attribution; not an independent causal effect
ideological/2022/25-32,ideological/2022/25-32,ideological/2022/25-32,ideological/2022/25-32,focal,ideological,all_parties,0,0,5,16,5,2022,Ideological 2022/PP-PL,Ideological 2022/PP-PL,,,,,,25,32,PP,PL,true,endpoint-minimal,false,true,true,true,false,ideological/2022/25-32,"PP, DC, REPUBLICANOS, PSC, UNIÃO, PATRIOTA, NOVO, PL",7,NOVO,PA,0,4521516,0.0,0,17,0.0,0.0,0.0,0.0,0.0,0.0,-2.8067474522995584,-0.5451995303344321,-3.3519469826339905,0//1,0//1,0//1,accounting attribution; not an independent causal effect
ideological/2022/25-32,ideological/2022/25-32,ideological/2022/25-32,ideological/2022/25-32,focal,ideological,all_parties,0,0,5,16,5,2022,Ideological 2022/PP-PL,Ideological 2022/PP-PL,,,,,,25,32,PP,PL,true,endpoint-minimal,false,true,true,true,false,ideological/2022/25-32,"PP, DC, REPUBLICANOS, PSC, UNIÃO, PATRIOTA, NOVO, PL",7,NOVO,PB,0,2209355,0.0,0,12,0.0,0.0,0.0,0.0,0.0,0.0,-2.8067474522995584,-0.5451995303344321,-3.3519469826339905,0//1,0//1,0//1,accounting attribution; not an independent causal effect
ideological/2022/25-32,ideological/2022/25-32,ideological/2022/25-32,ideological/2022/25-32,focal,ideological,all_parties,0,0,5,16,5,2022,Ideological 2022/PP-PL,Ideological 2022/PP-PL,,,,,,25,32,PP,PL,true,endpoint-minimal,false,true,true,true,false,ideological/2022/25-32,"PP, DC, REPUBLICANOS, PSC, UNIÃO, PATRIOTA, NOVO, PL",7,NOVO,PE,12947,4969863,0.002605101991745044,0,25,0.0,0.0651275497936261,0.06070375698035383,-0.0651275497936261,0.004423792813272268,-0.06070375698035383,-2.8067474522995584,-0.5451995303344321,-3.3519469826339905,-323675//4969863,2405526460007//543770145109404,-6641811//109413508,accounting attribution; not an independent causal effect
ideological/2022/25-32,ideological/2022/25-32,ideological/2022/25-32,ideological/2022/25-32,focal,ideological,all_parties,0,0,5,16,5,2022,Ideological 2022/PP-PL,Ideological 2022/PP-PL,,,,,,25,32,PP,PL,true,endpoint-minimal,false,true,true,true,false,ideological/2022/25-32,"PP, DC, REPUBLICANOS, PSC, UNIÃO, PATRIOTA, NOVO, PL",7,NOVO,PI,8441,1957483,0.004312170271721389,0,10,0.0,0.04312170271721389,0.039576767797263206,-0.04312170271721389,0.0035449349199506873,-0.039576767797263206,-2.8067474522995584,-0.5451995303344321,-3.3519469826339905,-84410//1957483,759236726741//214175081880364,-4330233//109413508,accounting attribution; not an independent causal effect
ideological/2022/25-32,ideological/2022/25-32,ideological/2022/25-32,ideological/2022/25-32,focal,ideological,all_parties,0,0,5,16,5,2022,Ideological 2022/PP-PL,Ideological 2022/PP-PL,,,,,,25,32,PP,PL,true,endpoint-minimal,false,true,true,true,false,ideological/2022/25-32,"PP, DC, REPUBLICANOS, PSC, UNIÃO, PATRIOTA, NOVO, PL",7,NOVO,PR,68292,6038642,0.011309165206349375,0,30,0.0,0.33927495619048126,0.3201962594965879,-0.33927495619048126,0.019078696693893303,-0.3201962594965879,-2.8067474522995584,-0.5451995303344321,-3.3519469826339905,-1024380//3019321,1575683338131//82588625597017,-8758449//27353377,accounting attribution; not an independent causal effect
ideological/2022/25-32,ideological/2022/25-32,ideological/2022/25-32,ideological/2022/25-32,focal,ideological,all_parties,0,0,5,16,5,2022,Ideological 2022/PP-PL,Ideological 2022/PP-PL,,,,,,25,32,PP,PL,true,endpoint-minimal,false,true,true,true,false,ideological/2022/25-32,"PP, DC, REPUBLICANOS, PSC, UNIÃO, PATRIOTA, NOVO, PL",7,NOVO,RJ,81735,8575988,0.00953068031345193,0,46,0.0,0.43841129441878884,0.38322557942297214,-0.43841129441878884,0.05518571499581667,-0.38322557942297214,-2.8067474522995584,-0.5451995303344321,-3.3519469826339905,-1879905//4287994,12945588248535//234582232911476,-41930055//109413508,accounting attribution; not an independent causal effect
ideological/2022/25-32,ideological/2022/25-32,ideological/2022/25-32,ideological/2022/25-32,focal,ideological,all_parties,0,0,5,16,5,2022,Ideological 2022/PP-PL,Ideological 2022/PP-PL,,,,,,25,32,PP,PL,true,endpoint-minimal,false,true,true,true,false,ideological/2022/25-32,"PP, DC, REPUBLICANOS, PSC, UNIÃO, PATRIOTA, NOVO, PL",7,NOVO,RN,0,1864825,0.0,0,8,0.0,0.0,0.0,0.0,0.0,0.0,-2.8067474522995584,-0.5451995303344321,-3.3519469826339905,0//1,0//1,0//1,accounting attribution; not an independent causal effect
ideological/2022/25-32,ideological/2022/25-32,ideological/2022/25-32,ideological/2022/25-32,focal,ideological,all_parties,0,0,5,16,5,2022,Ideological 2022/PP-PL,Ideological 2022/PP-PL,,,,,,25,32,PP,PL,true,endpoint-minimal,false,true,true,true,false,ideological/2022/25-32,"PP, DC, REPUBLICANOS, PSC, UNIÃO, PATRIOTA, NOVO, PL",7,NOVO,RO,0,869148,0.0,0,8,0.0,0.0,0.0,0.0,0.0,0.0,-2.8067474522995584,-0.5451995303344321,-3.3519469826339905,0//1,0//1,0//1,accounting attribution; not an independent causal effect
ideological/2022/25-32,ideological/2022/25-32,ideological/2022/25-32,ideological/2022/25-32,focal,ideological,all_parties,0,0,5,16,5,2022,Ideological 2022/PP-PL,Ideological 2022/PP-PL,,,,,,25,32,PP,PL,true,endpoint-minimal,false,true,true,true,false,ideological/2022/25-32,"PP, DC, REPUBLICANOS, PSC, UNIÃO, PATRIOTA, NOVO, PL",7,NOVO,RR,0,291714,0.0,0,8,0.0,0.0,0.0,0.0,0.0,0.0,-2.8067474522995584,-0.5451995303344321,-3.3519469826339905,0//1,0//1,0//1,accounting attribution; not an independent causal effect
ideological/2022/25-32,ideological/2022/25-32,ideological/2022/25-32,ideological/2022/25-32,focal,ideological,all_parties,0,0,5,16,5,2022,Ideological 2022/PP-PL,Ideological 2022/PP-PL,,,,,,25,32,PP,PL,true,endpoint-minimal,false,true,true,true,false,ideological/2022/25-32,"PP, DC, REPUBLICANOS, PSC, UNIÃO, PATRIOTA, NOVO, PL",7,NOVO,RS,301966,6149822,0.049101583753155785,1,31,0.03225806451612903,1.5221490963478292,1.4158083479052697,-0.5221490963478292,0.10634074844255964,-0.4158083479052696,-2.8067474522995584,-0.5451995303344321,-3.3519469826339905,-229366//439273,2555495788639//24031199949842,-22747525//54706754,accounting attribution; not an independent causal effect
ideological/2022/25-32,ideological/2022/25-32,ideological/2022/25-32,ideological/2022/25-32,focal,ideological,all_parties,0,0,5,16,5,2022,Ideological 2022/PP-PL,Ideological 2022/PP-PL,,,,,,25,32,PP,PL,true,endpoint-minimal,false,true,true,true,false,ideological/2022/25-32,"PP, DC, REPUBLICANOS, PSC, UNIÃO, PATRIOTA, NOVO, PL",7,NOVO,SC,243668,3969848,0.06137968002805145,1,16,0.0625,0.9820748804488232,1.1424703063172055,0.01792511955117677,-0.16039542586838212,-0.14247030631720536,-2.8067474522995584,-0.5451995303344321,-3.3519469826339905,8895//496231,-2177142329579//13573593622087,-3897044//27353377,accounting attribution; not an independent causal effect
ideological/2022/25-32,ideological/2022/25-32,ideological/2022/25-32,ideological/2022/25-32,focal,ideological,all_parties,0,0,5,16,5,2022,Ideological 2022/PP-PL,Ideological 2022/PP-PL,,,,,,25,32,PP,PL,true,endpoint-minimal,false,true,true,true,false,ideological/2022/25-32,"PP, DC, REPUBLICANOS, PSC, UNIÃO, PATRIOTA, NOVO, PL",7,NOVO,SE,0,1191617,0.0,0,8,0.0,0.0,0.0,0.0,0.0,0.0,-2.8067474522995584,-0.5451995303344321,-3.3519469826339905,0//1,0//1,0//1,accounting attribution; not an independent causal effect
ideological/2022/25-32,ideological/2022/25-32,ideological/2022/25-32,ideological/2022/25-32,focal,ideological,all_parties,0,0,5,16,5,2022,Ideological 2022/PP-PL,Ideological 2022/PP-PL,,,,,,25,32,PP,PL,true,endpoint-minimal,false,true,true,true,false,ideological/2022/25-32,"PP, DC, REPUBLICANOS, PSC, UNIÃO, PATRIOTA, NOVO, PL",7,NOVO,SP,361268,23321040,0.015491075869686772,1,70,0.014285714285714285,1.084375310878074,1.6938537790050567,-0.08437531087807405,-0.6094784681269826,-0.6938537790050566,-2.8067474522995584,-0.5451995303344321,-3.3519469826339905,-49193//583026,-9719798037583//15947729978802,-18979244//27353377,accounting attribution; not an independent causal effect
ideological/2022/25-32,ideological/2022/25-32,ideological/2022/25-32,ideological/2022/25-32,focal,ideological,all_parties,0,0,5,16,5,2022,Ideological 2022/PP-PL,Ideological 2022/PP-PL,,,,,,25,32,PP,PL,true,endpoint-minimal,false,true,true,true,false,ideological/2022/25-32,"PP, DC, REPUBLICANOS, PSC, UNIÃO, PATRIOTA, NOVO, PL",7,NOVO,TO,0,830140,0.0,0,8,0.0,0.0,0.0,0.0,0.0,0.0,-2.8067474522995584,-0.5451995303344321,-3.3519469826339905,0//1,0//1,0//1,accounting attribution; not an independent causal effect
ideological/2022/25-32,ideological/2022/25-32,ideological/2022/25-32,ideological/2022/25-32,focal,ideological,all_parties,0,0,5,16,5,2022,Ideological 2022/PP-PL,Ideological 2022/PP-PL,,,,,,25,32,PP,PL,true,endpoint-minimal,false,true,true,true,false,ideological/2022/25-32,"PP, DC, REPUBLICANOS, PSC, UNIÃO, PATRIOTA, NOVO, PL",8,PL,AC,0,434253,0.0,0,8,0.0,0.0,0.0,0.0,0.0,0.0,19.069539963729706,-5.289798809648437,13.779741154081268,0//1,0//1,0//1,accounting attribution; not an independent causal effect
ideological/2022/25-32,ideological/2022/25-32,ideological/2022/25-32,ideological/2022/25-32,focal,ideological,all_parties,0,0,5,16,5,2022,Ideological 2022/PP-PL,Ideological 2022/PP-PL,,,,,,25,32,PP,PL,true,endpoint-minimal,false,true,true,true,false,ideological/2022/25-32,"PP, DC, REPUBLICANOS, PSC, UNIÃO, PATRIOTA, NOVO, PL",8,PL,AL,0,1650763,0.0,0,9,0.0,0.0,0.0,0.0,0.0,0.0,19.069539963729706,-5.289798809648437,13.779741154081268,0//1,0//1,0//1,accounting attribution; not an independent causal effect
ideological/2022/25-32,ideological/2022/25-32,ideological/2022/25-32,ideological/2022/25-32,focal,ideological,all_parties,0,0,5,16,5,2022,Ideological 2022/PP-PL,Ideological 2022/PP-PL,,,,,,25,32,PP,PL,true,endpoint-minimal,false,true,true,true,false,ideological/2022/25-32,"PP, DC, REPUBLICANOS, PSC, UNIÃO, PATRIOTA, NOVO, PL",8,PL,AM,234488,1976477,0.11863937703297331,1,8,0.125,0.9491150162637865,1.0994286372757558,0.050884983736213474,-0.1503136210119692,-0.09942863727575575,19.069539963729706,-5.289798809648437,13.779741154081268,100573//1976477,-8126453470214//54063320512829,-2719709//27353377,accounting attribution; not an independent causal effect
ideological/2022/25-32,ideological/2022/25-32,ideological/2022/25-32,ideological/2022/25-32,focal,ideological,all_parties,0,0,5,16,5,2022,Ideological 2022/PP-PL,Ideological 2022/PP-PL,,,,,,25,32,PP,PL,true,endpoint-minimal,false,true,true,true,false,ideological/2022/25-32,"PP, DC, REPUBLICANOS, PSC, UNIÃO, PATRIOTA, NOVO, PL",8,PL,AP,48841,423017,0.11545871678915977,3,8,0.375,0.9236697343132781,0.2289976206594162,2.076330265686722,0.694672113653862,2.7710023793405836,19.069539963729706,-5.289798809648437,13.779741154081268,878323//423017,32152047052463//46283773913636,303185091//109413508,accounting attribution; not an independent causal effect
ideological/2022/25-32,ideological/2022/25-32,ideological/2022/25-32,ideological/2022/25-32,focal,ideological,all_parties,0,0,5,16,5,2022,Ideological 2022/PP-PL,Ideological 2022/PP-PL,,,,,,25,32,PP,PL,true,endpoint-minimal,false,true,true,true,false,ideological/2022/25-32,"PP, DC, REPUBLICANOS, PSC, UNIÃO, PATRIOTA, NOVO, PL",8,PL,BA,620140,7958431,0.0779223945021324,3,39,0.07692307692307693,3.038973385583163,2.9076100914340484,-0.038973385583163316,0.1313632941491148,0.09238990856595147,19.069539963729706,-5.289798809648437,13.779741154081268,-23859//612187,2199728515755//16745381805499,2527176//27353377,accounting attribution; not an independent causal effect
ideological/2022/25-32,ideological/2022/25-32,ideological/2022/25-32,ideological/2022/25-32,focal,ideological,all_parties,0,0,5,16,5,2022,Ideological 2022/PP-PL,Ideological 2022/PP-PL,,,,,,25,32,PP,PL,true,endpoint-minimal,false,true,true,true,false,ideological/2022/25-32,"PP, DC, REPUBLICANOS, PSC, UNIÃO, PATRIOTA, NOVO, PL",8,PL,CE,1034568,5083860,0.2035004897853206,5,22,0.22727272727272727,4.477010775277053,4.850711705541879,0.5229892247229467,-0.37370093026482554,0.1492882944581212,19.069539963729706,-5.289798809648437,13.779741154081268,221567//423655,-4330593966714//11588394932935,4083539//27353377,accounting attribution; not an independent causal effect
ideological/2022/25-32,ideological/2022/25-32,ideological/2022/25-32,ideological/2022/25-32,focal,ideological,all_parties,0,0,5,16,5,2022,Ideological 2022/PP-PL,Ideological 2022/PP-PL,,,,,,25,32,PP,PL,true,endpoint-minimal,false,true,true,true,false,ideological/2022/25-32,"PP, DC, REPUBLICANOS, PSC, UNIÃO, PATRIOTA, NOVO, PL",8,PL,DF,275496,1607519,0.17137962288470618,2,8,0.25,1.3710369830776494,1.2917001802007848,0.6289630169223506,0.07933680287686476,0.7082998197992153,19.069539963729706,-5.289798809648437,13.779741154081268,1011070//1607519,3488524370058//43971073241663,19374392//27353377,accounting attribution; not an independent causal effect
ideological/2022/25-32,ideological/2022/25-32,ideological/2022/25-32,ideological/2022/25-32,focal,ideological,all_parties,0,0,5,16,5,2022,Ideological 2022/PP-PL,Ideological 2022/PP-PL,,,,,,25,32,PP,PL,true,endpoint-minimal,false,true,true,true,false,ideological/2022/25-32,"PP, DC, REPUBLICANOS, PSC, UNIÃO, PATRIOTA, NOVO, PL",8,PL,ES,220995,2084430,0.10602179012967573,1,10,0.1,1.0602179012967574,1.0361648856007797,-0.06021790129675739,0.024053015695977637,-0.03616488560077975,19.069539963729706,-5.289798809648437,13.779741154081268,-4184//69481,182854872585//7602159949348,-3956927//109413508,accounting attribution; not an independent causal effect
ideological/2022/25-32,ideological/2022/25-32,ideological/2022/25-32,ideological/2022/25-32,focal,ideological,all_parties,0,0,5,16,5,2022,Ideological 2022/PP-PL,Ideological 2022/PP-PL,,,,,,25,32,PP,PL,true,endpoint-minimal,false,true,true,true,false,ideological/2022/25-32,"PP, DC, REPUBLICANOS, PSC, UNIÃO, PATRIOTA, NOVO, PL",8,PL,GO,574775,3439644,0.16710304903647005,4,17,0.23529411764705882,2.840751833619991,2.6949101659367325,1.1592481663800092,0.14584166768325849,1.3050898340632675,19.069539963729706,-5.289798809648437,13.779741154081268,234553//202332,403577691475//2767231737582,142794457//109413508,accounting attribution; not an independent causal effect
ideological/2022/25-32,ideological/2022/25-32,ideological/2022/25-32,ideological/2022/25-32,focal,ideological,all_parties,0,0,5,16,5,2022,Ideological 2022/PP-PL,Ideological 2022/PP-PL,,,,,,25,32,PP,PL,true,endpoint-minimal,false,true,true,true,false,ideological/2022/25-32,"PP, DC, REPUBLICANOS, PSC, UNIÃO, PATRIOTA, NOVO, PL",8,PL,MA,626039,3707930,0.16883786910756135,4,18,0.2222222222222222,3.0390816439361044,2.935268349132906,0.9609183560638955,0.10381329480319855,1.064731650867094,19.069539963729706,-5.289798809648437,13.779741154081268,1781509//1853965,21058403765553//202848814359220,116496025//109413508,accounting attribution; not an independent causal effect
ideological/2022/25-32,ideological/2022/25-32,ideological/2022/25-32,ideological/2022/25-32,focal,ideological,all_parties,0,0,5,16,5,2022,Ideological 2022/PP-PL,Ideological 2022/PP-PL,,,,,,25,32,PP,PL,true,endpoint-minimal,false,true,true,true,false,ideological/2022/25-32,"PP, DC, REPUBLICANOS, PSC, UNIÃO, PATRIOTA, NOVO, PL",8,PL,MG,2383410,11181098,0.21316421696688465,11,53,0.20754716981132076,11.297703499244886,11.174939478222377,-0.2977034992448863,0.12276402102250815,-0.17493947822237818,19.069539963729706,-5.289798809648437,13.779741154081268,-1664326//5590549,37546245034125//305840788867946,-9570371//54706754,accounting attribution; not an independent causal effect
ideological/2022/25-32,ideological/2022/25-32,ideological/2022/25-32,ideological/2022/25-32,focal,ideological,all_parties,0,0,5,16,5,2022,Ideological 2022/PP-PL,Ideological 2022/PP-PL,,,,,,25,32,PP,PL,true,endpoint-minimal,false,true,true,true,false,ideological/2022/25-32,"PP, DC, REPUBLICANOS, PSC, UNIÃO, PATRIOTA, NOVO, PL",8,PL,MS,218427,1374808,0.15887818517203856,2,8,0.25,1.2710254813763084,1.0241244709931063,0.7289745186236914,0.24690101038320228,0.9758755290068938,19.069539963729706,-5.289798809648437,13.779741154081268,125275//171851,4642435444515//18802820763308,106773965//109413508,accounting attribution; not an independent causal effect
ideological/2022/25-32,ideological/2022/25-32,ideological/2022/25-32,ideological/2022/25-32,focal,ideological,all_parties,0,0,5,16,5,2022,Ideological 2022/PP-PL,Ideological 2022/PP-PL,,,,,,25,32,PP,PL,true,endpoint-minimal,false,true,true,true,false,ideological/2022/25-32,"PP, DC, REPUBLICANOS, PSC, UNIÃO, PATRIOTA, NOVO, PL",8,PL,MT,377457,1730277,0.2181483080454748,4,8,0.5,1.7451864643637984,1.769758090564101,2.2548135356362016,-0.0245716262003027,2.230241909435899,19.069539963729706,-5.289798809648437,13.779741154081268,1300484//576759,-1550598011303//63105225460572,244018591//109413508,accounting attribution; not an independent causal effect
ideological/2022/25-32,ideological/2022/25-32,ideological/2022/25-32,ideological/2022/25-32,focal,ideological,all_parties,0,0,5,16,5,2022,Ideological 2022/PP-PL,Ideological 2022/PP-PL,,,,,,25,32,PP,PL,true,endpoint-minimal,false,true,true,true,false,ideological/2022/25-32,"PP, DC, REPUBLICANOS, PSC, UNIÃO, PATRIOTA, NOVO, PL",8,PL,PA,539998,4521516,0.11942852795389865,3,17,0.17647058823529413,2.030284975216277,2.5318535075212103,0.969715024783723,-0.5015685323049333,0.46814649247878976,19.069539963729706,-5.289798809648437,13.779741154081268,2192291//2260758,-15508339991491//30919682939883,25610775//54706754,accounting attribution; not an independent causal effect
ideological/2022/25-32,ideological/2022/25-32,ideological/2022/25-32,ideological/2022/25-32,focal,ideological,all_parties,0,0,5,16,5,2022,Ideological 2022/PP-PL,Ideological 2022/PP-PL,,,,,,25,32,PP,PL,true,endpoint-minimal,false,true,true,true,false,ideological/2022/25-32,"PP, DC, REPUBLICANOS, PSC, UNIÃO, PATRIOTA, NOVO, PL",8,PL,PB,283272,2209355,0.12821479572092306,2,12,0.16666666666666666,1.5385775486510769,1.3281590057417774,0.4614224513489231,0.21041854290929957,0.6718409942582226,19.069539963729706,-5.289798809648437,13.779741154081268,1019446//2209355,12716291188458//60433320241835,18377120//27353377,accounting attribution; not an independent causal effect
ideological/2022/25-32,ideological/2022/25-32,ideological/2022/25-32,ideological/2022/25-32,focal,ideological,all_parties,0,0,5,16,5,2022,Ideological 2022/PP-PL,Ideological 2022/PP-PL,,,,,,25,32,PP,PL,true,endpoint-minimal,false,true,true,true,false,ideological/2022/25-32,"PP, DC, REPUBLICANOS, PSC, UNIÃO, PATRIOTA, NOVO, PL",8,PL,PE,636231,4969863,0.12801781457557282,4,25,0.16,3.2004453643893203,2.983054916765853,0.7995546356106799,0.2173904476234671,1.016945083234147,19.069539963729706,-5.289798809648437,13.779741154081268,1324559//1656621,39403478416537//181256715036468,111267529//109413508,accounting attribution; not an independent causal effect
ideological/2022/25-32,ideological/2022/25-32,ideological/2022/25-32,ideological/2022/25-32,focal,ideological,all_parties,0,0,5,16,5,2022,Ideological 2022/PP-PL,Ideological 2022/PP-PL,,,,,,25,32,PP,PL,true,endpoint-minimal,false,true,true,true,false,ideological/2022/25-32,"PP, DC, REPUBLICANOS, PSC, UNIÃO, PATRIOTA, NOVO, PL",8,PL,PI,30902,1957483,0.015786599423851955,0,10,0.0,0.15786599423851957,0.1448881978996597,-0.15786599423851957,0.012977796338859867,-0.1448881978996597,19.069539963729706,-5.289798809648437,13.779741154081268,-309020//1957483,1389760296751//107087540940182,-7926363//54706754,accounting attribution; not an independent causal effect
ideological/2022/25-32,ideological/2022/25-32,ideological/2022/25-32,ideological/2022/25-32,focal,ideological,all_parties,0,0,5,16,5,2022,Ideological 2022/PP-PL,Ideological 2022/PP-PL,,,,,,25,32,PP,PL,true,endpoint-minimal,false,true,true,true,false,ideological/2022/25-32,"PP, DC, REPUBLICANOS, PSC, UNIÃO, PATRIOTA, NOVO, PL",8,PL,PR,593160,6038642,0.0982273829115884,3,30,0.1,2.946821487347652,2.7811107198939276,0.05317851265234799,0.16571076745372446,0.21888928010607245,19.069539963729706,-5.289798809648437,13.779741154081268,160563//3019321,13685824530630//82588625597017,5987361//27353377,accounting attribution; not an independent causal effect
ideological/2022/25-32,ideological/2022/25-32,ideological/2022/25-32,ideological/2022/25-32,focal,ideological,all_parties,0,0,5,16,5,2022,Ideological 2022/PP-PL,Ideological 2022/PP-PL,,,,,,25,32,PP,PL,true,endpoint-minimal,false,true,true,true,false,ideological/2022/25-32,"PP, DC, REPUBLICANOS, PSC, UNIÃO, PATRIOTA, NOVO, PL",8,PL,RJ,1717302,8575988,0.20024538280603937,11,46,0.2391304347826087,9.21128760907781,8.051802214402997,1.7887123909221887,1.1594853946748145,2.9481977855970034,19.069539963729706,-5.289798809648437,13.779741154081268,3834994//2143997,135997336455531//117291116455738,161286331//54706754,accounting attribution; not an independent causal effect
ideological/2022/25-32,ideological/2022/25-32,ideological/2022/25-32,ideological/2022/25-32,focal,ideological,all_parties,0,0,5,16,5,2022,Ideological 2022/PP-PL,Ideological 2022/PP-PL,,,,,,25,32,PP,PL,true,endpoint-minimal,false,true,true,true,false,ideological/2022/25-32,"PP, DC, REPUBLICANOS, PSC, UNIÃO, PATRIOTA, NOVO, PL",8,PL,RN,370465,1864825,0.19865939163192256,4,8,0.5,1.5892751330553805,1.7369751548410275,2.4107248669446193,-0.14770002178564695,2.2630248451589727,19.069539963729706,-5.289798809648437,13.779741154081268,899116//372965,-6027255199973//40807409011220,247605487//109413508,accounting attribution; not an independent causal effect
ideological/2022/25-32,ideological/2022/25-32,ideological/2022/25-32,ideological/2022/25-32,focal,ideological,all_parties,0,0,5,16,5,2022,Ideological 2022/PP-PL,Ideological 2022/PP-PL,,,,,,25,32,PP,PL,true,endpoint-minimal,false,true,true,true,false,ideological/2022/25-32,"PP, DC, REPUBLICANOS, PSC, UNIÃO, PATRIOTA, NOVO, PL",8,PL,RO,142693,869148,0.16417572151118107,2,8,0.25,1.3134057720894485,0.6690353900361188,0.6865942279105515,0.6443703820533297,1.3309646099638812,19.069539963729706,-5.289798809648437,13.779741154081268,149188//217287,494172487355//766907513316,4697597//3529468,accounting attribution; not an independent causal effect
ideological/2022/25-32,ideological/2022/25-32,ideological/2022/25-32,ideological/2022/25-32,focal,ideological,all_parties,0,0,5,16,5,2022,Ideological 2022/PP-PL,Ideological 2022/PP-PL,,,,,,25,32,PP,PL,true,endpoint-minimal,false,true,true,true,false,ideological/2022/25-32,"PP, DC, REPUBLICANOS, PSC, UNIÃO, PATRIOTA, NOVO, PL",8,PL,RR,27213,291714,0.09328657520722351,0,8,0.0,0.7462926016577881,0.12759182348855866,-0.7462926016577881,0.6187007781692294,-0.12759182348855866,19.069539963729706,-5.289798809648437,13.779741154081268,-36284//48619,3291225405761//5319575345452,-13960269//109413508,accounting attribution; not an independent causal effect
ideological/2022/25-32,ideological/2022/25-32,ideological/2022/25-32,ideological/2022/25-32,focal,ideological,all_parties,0,0,5,16,5,2022,Ideological 2022/PP-PL,Ideological 2022/PP-PL,,,,,,25,32,PP,PL,true,endpoint-minimal,false,true,true,true,false,ideological/2022/25-32,"PP, DC, REPUBLICANOS, PSC, UNIÃO, PATRIOTA, NOVO, PL",8,PL,RS,680192,6149822,0.11060352641100832,4,31,0.12903225806451613,3.428709318741258,3.189171998762712,0.5712906812587422,0.2395373199785457,0.8108280012372878,19.069539963729706,-5.289798809648437,13.779741154081268,1756668//3074911,20147292311488//84109199824447,22178884//27353377,accounting attribution; not an independent causal effect
ideological/2022/25-32,ideological/2022/25-32,ideological/2022/25-32,ideological/2022/25-32,focal,ideological,all_parties,0,0,5,16,5,2022,Ideological 2022/PP-PL,Ideological 2022/PP-PL,,,,,,25,32,PP,PL,true,endpoint-minimal,false,true,true,true,false,ideological/2022/25-32,"PP, DC, REPUBLICANOS, PSC, UNIÃO, PATRIOTA, NOVO, PL",8,PL,SC,962053,3969848,0.24234000898774966,6,16,0.375,3.8774401438039945,4.51071534055923,2.1225598561960055,-0.6332751967552351,1.4892846594407703,19.069539963729706,-5.289798809648437,13.779741154081268,1053280//496231,-34383280686811//54294374488348,162947859//109413508,accounting attribution; not an independent causal effect
ideological/2022/25-32,ideological/2022/25-32,ideological/2022/25-32,ideological/2022/25-32,focal,ideological,all_parties,0,0,5,16,5,2022,Ideological 2022/PP-PL,Ideological 2022/PP-PL,,,,,,25,32,PP,PL,true,endpoint-minimal,false,true,true,true,false,ideological/2022/25-32,"PP, DC, REPUBLICANOS, PSC, UNIÃO, PATRIOTA, NOVO, PL",8,PL,SE,143510,1191617,0.12043299147293132,1,8,0.125,0.9634639317834506,0.6728660048081083,0.03653606821654944,0.2905979269753422,0.3271339951918917,19.069539963729706,-5.289798809648437,13.779741154081268,43537//1191617,18943933002965//65189498081218,17896439//54706754,accounting attribution; not an independent causal effect
ideological/2022/25-32,ideological/2022/25-32,ideological/2022/25-32,ideological/2022/25-32,focal,ideological,all_parties,0,0,5,16,5,2022,Ideological 2022/PP-PL,Ideological 2022/PP-PL,,,,,,25,32,PP,PL,true,endpoint-minimal,false,true,true,true,false,ideological/2022/25-32,"PP, DC, REPUBLICANOS, PSC, UNIÃO, PATRIOTA, NOVO, PL",8,PL,SP,5343667,23321040,0.22913502142271527,17,70,0.24285714285714285,16.03945149959007,25.054503974043133,0.9605485004099302,-9.015052474453062,-8.054503974043131,19.069539963729706,-5.289798809648437,13.779741154081268,2240099//2332104,-575078490429233//63790919915208,-881271535//109413508,accounting attribution; not an independent causal effect
ideological/2022/25-32,ideological/2022/25-32,ideological/2022/25-32,ideological/2022/25-32,focal,ideological,all_parties,0,0,5,16,5,2022,Ideological 2022/PP-PL,Ideological 2022/PP-PL,,,,,,25,32,PP,PL,true,endpoint-minimal,false,true,true,true,false,ideological/2022/25-32,"PP, DC, REPUBLICANOS, PSC, UNIÃO, PATRIOTA, NOVO, PL",8,PL,TO,90627,830140,0.10917074228443395,2,8,0.25,0.8733659382754716,0.42491692159253314,1.1266340617245283,0.44844901668293846,1.5750830784074668,19.069539963729706,-5.289798809648437,13.779741154081268,233816//207535,10182991188747//22707132382780,172335365//109413508,accounting attribution; not an independent causal effect
