date,administration_id,period_id,event_interval_id,composition_status,party_ids,party_labels,definite_party_ids,possible_party_ids,unresolved_dependencies,masked_person_ids,historical_status,provisional_person_ids,primary_assumption_ids,unfilled_primary_dependencies
2015-01-01,dilma_2,dilma_2-2015-01-01,dilma_2-2015-01-01,primary_adjudicated,MDB;PCdoB;PDT;PL;PP;PROS;PSD;PT;PTB;REPUBLICANOS,PCdoB;PDT;PMDB;PP;PR;PRB;PROS;PSD;PT;PTB,MDB;PCdoB;PDT;PL;PP;PROS;PSD;PT;PTB;REPUBLICANOS,,,,established,,,
2015-01-02,dilma_2,dilma_2-2015-01-01,dilma_2-2015-01-01,primary_adjudicated,MDB;PCdoB;PDT;PL;PP;PROS;PSD;PT;PTB;REPUBLICANOS,PCdoB;PDT;PMDB;PP;PR;PRB;PROS;PSD;PT;PTB,MDB;PCdoB;PDT;PL;PP;PROS;PSD;PT;PTB;REPUBLICANOS,,,,established,,,
2015-01-03,dilma_2,dilma_2-2015-01-01,dilma_2-2015-01-01,primary_adjudicated,MDB;PCdoB;PDT;PL;PP;PROS;PSD;PT;PTB;REPUBLICANOS,PCdoB;PDT;PMDB;PP;PR;PRB;PROS;PSD;PT;PTB,MDB;PCdoB;PDT;PL;PP;PROS;PSD;PT;PTB;REPUBLICANOS,,,,established,,,
2015-01-04,dilma_2,dilma_2-2015-01-01,dilma_2-2015-01-01,primary_adjudicated,MDB;PCdoB;PDT;PL;PP;PROS;PSD;PT;PTB;REPUBLICANOS,PCdoB;PDT;PMDB;PP;PR;PRB;PROS;PSD;PT;PTB,MDB;PCdoB;PDT;PL;PP;PROS;PSD;PT;PTB;REPUBLICANOS,,,,established,,,
2015-01-05,dilma_2,dilma_2-2015-01-01,dilma_2-2015-01-01,primary_adjudicated,MDB;PCdoB;PDT;PL;PP;PROS;PSD;PT;PTB;REPUBLICANOS,PCdoB;PDT;PMDB;PP;PR;PRB;PROS;PSD;PT;PTB,MDB;PCdoB;PDT;PL;PP;PROS;PSD;PT;PTB;REPUBLICANOS,,,,established,,,
2015-01-06,dilma_2,dilma_2-2015-01-01,dilma_2-2015-01-01,primary_adjudicated,MDB;PCdoB;PDT;PL;PP;PROS;PSD;PT;PTB;REPUBLICANOS,PCdoB;PDT;PMDB;PP;PR;PRB;PROS;PSD;PT;PTB,MDB;PCdoB;PDT;PL;PP;PROS;PSD;PT;PTB;REPUBLICANOS,,,,established,,,
2015-01-07,dilma_2,dilma_2-2015-01-01,dilma_2-2015-01-01,primary_adjudicated,MDB;PCdoB;PDT;PL;PP;PROS;PSD;PT;PTB;REPUBLICANOS,PCdoB;PDT;PMDB;PP;PR;PRB;PROS;PSD;PT;PTB,MDB;PCdoB;PDT;PL;PP;PROS;PSD;PT;PTB;REPUBLICANOS,,,,established,,,
2015-01-08,dilma_2,dilma_2-2015-01-01,dilma_2-2015-01-01,primary_adjudicated,MDB;PCdoB;PDT;PL;PP;PROS;PSD;PT;PTB;REPUBLICANOS,PCdoB;PDT;PMDB;PP;PR;PRB;PROS;PSD;PT;PTB,MDB;PCdoB;PDT;PL;PP;PROS;PSD;PT;PTB;REPUBLICANOS,,,,established,,,
2015-01-09,dilma_2,dilma_2-2015-01-01,dilma_2-2015-01-01,primary_adjudicated,MDB;PCdoB;PDT;PL;PP;PROS;PSD;PT;PTB;REPUBLICANOS,PCdoB;PDT;PMDB;PP;PR;PRB;PROS;PSD;PT;PTB,MDB;PCdoB;PDT;PL;PP;PROS;PSD;PT;PTB;REPUBLICANOS,,,,established,,,
2015-01-10,dilma_2,dilma_2-2015-01-01,dilma_2-2015-01-01,primary_adjudicated,MDB;PCdoB;PDT;PL;PP;PROS;PSD;PT;PTB;REPUBLICANOS,PCdoB;PDT;PMDB;PP;PR;PRB;PROS;PSD;PT;PTB,MDB;PCdoB;PDT;PL;PP;PROS;PSD;PT;PTB;REPUBLICANOS,,,,established,,,
2015-01-11,dilma_2,dilma_2-2015-01-01,dilma_2-2015-01-01,primary_adjudicated,MDB;PCdoB;PDT;PL;PP;PROS;PSD;PT;PTB;REPUBLICANOS,PCdoB;PDT;PMDB;PP;PR;PRB;PROS;PSD;PT;PTB,MDB;PCdoB;PDT;PL;PP;PROS;PSD;PT;PTB;REPUBLICANOS,,,,established,,,
2015-01-12,dilma_2,dilma_2-2015-01-01,dilma_2-2015-01-01,primary_adjudicated,MDB;PCdoB;PDT;PL;PP;PROS;PSD;PT;PTB;REPUBLICANOS,PCdoB;PDT;PMDB;PP;PR;PRB;PROS;PSD;PT;PTB,MDB;PCdoB;PDT;PL;PP;PROS;PSD;PT;PTB;REPUBLICANOS,,,,established,,,
2015-01-13,dilma_2,dilma_2-2015-01-01,dilma_2-2015-01-01,primary_adjudicated,MDB;PCdoB;PDT;PL;PP;PROS;PSD;PT;PTB;REPUBLICANOS,PCdoB;PDT;PMDB;PP;PR;PRB;PROS;PSD;PT;PTB,MDB;PCdoB;PDT;PL;PP;PROS;PSD;PT;PTB;REPUBLICANOS,,,,established,,,
2015-01-14,dilma_2,dilma_2-2015-01-01,dilma_2-2015-01-01,primary_adjudicated,MDB;PCdoB;PDT;PL;PP;PROS;PSD;PT;PTB;REPUBLICANOS,PCdoB;PDT;PMDB;PP;PR;PRB;PROS;PSD;PT;PTB,MDB;PCdoB;PDT;PL;PP;PROS;PSD;PT;PTB;REPUBLICANOS,,,,established,,,
2015-01-15,dilma_2,dilma_2-2015-01-01,dilma_2-2015-01-01,primary_adjudicated,MDB;PCdoB;PDT;PL;PP;PROS;PSD;PT;PTB;REPUBLICANOS,PCdoB;PDT;PMDB;PP;PR;PRB;PROS;PSD;PT;PTB,MDB;PCdoB;PDT;PL;PP;PROS;PSD;PT;PTB;REPUBLICANOS,,,,established,,,
2015-01-16,dilma_2,dilma_2-2015-01-01,dilma_2-2015-01-01,primary_adjudicated,MDB;PCdoB;PDT;PL;PP;PROS;PSD;PT;PTB;REPUBLICANOS,PCdoB;PDT;PMDB;PP;PR;PRB;PROS;PSD;PT;PTB,MDB;PCdoB;PDT;PL;PP;PROS;PSD;PT;PTB;REPUBLICANOS,,,,established,,,
2015-01-17,dilma_2,dilma_2-2015-01-01,dilma_2-2015-01-01,primary_adjudicated,MDB;PCdoB;PDT;PL;PP;PROS;PSD;PT;PTB;REPUBLICANOS,PCdoB;PDT;PMDB;PP;PR;PRB;PROS;PSD;PT;PTB,MDB;PCdoB;PDT;PL;PP;PROS;PSD;PT;PTB;REPUBLICANOS,,,,established,,,
2015-01-18,dilma_2,dilma_2-2015-01-01,dilma_2-2015-01-01,primary_adjudicated,MDB;PCdoB;PDT;PL;PP;PROS;PSD;PT;PTB;REPUBLICANOS,PCdoB;PDT;PMDB;PP;PR;PRB;PROS;PSD;PT;PTB,MDB;PCdoB;PDT;PL;PP;PROS;PSD;PT;PTB;REPUBLICANOS,,,,established,,,
2015-01-19,dilma_2,dilma_2-2015-01-01,dilma_2-2015-01-01,primary_adjudicated,MDB;PCdoB;PDT;PL;PP;PROS;PSD;PT;PTB;REPUBLICANOS,PCdoB;PDT;PMDB;PP;PR;PRB;PROS;PSD;PT;PTB,MDB;PCdoB;PDT;PL;PP;PROS;PSD;PT;PTB;REPUBLICANOS,,,,established,,,
2015-01-20,dilma_2,dilma_2-2015-01-01,dilma_2-2015-01-01,primary_adjudicated,MDB;PCdoB;PDT;PL;PP;PROS;PSD;PT;PTB;REPUBLICANOS,PCdoB;PDT;PMDB;PP;PR;PRB;PROS;PSD;PT;PTB,MDB;PCdoB;PDT;PL;PP;PROS;PSD;PT;PTB;REPUBLICANOS,,,,established,,,
2015-01-21,dilma_2,dilma_2-2015-01-01,dilma_2-2015-01-01,primary_adjudicated,MDB;PCdoB;PDT;PL;PP;PROS;PSD;PT;PTB;REPUBLICANOS,PCdoB;PDT;PMDB;PP;PR;PRB;PROS;PSD;PT;PTB,MDB;PCdoB;PDT;PL;PP;PROS;PSD;PT;PTB;REPUBLICANOS,,,,established,,,
2015-01-22,dilma_2,dilma_2-2015-01-01,dilma_2-2015-01-01,primary_adjudicated,MDB;PCdoB;PDT;PL;PP;PROS;PSD;PT;PTB;REPUBLICANOS,PCdoB;PDT;PMDB;PP;PR;PRB;PROS;PSD;PT;PTB,MDB;PCdoB;PDT;PL;PP;PROS;PSD;PT;PTB;REPUBLICANOS,,,,established,,,
2015-01-23,dilma_2,dilma_2-2015-01-01,dilma_2-2015-01-01,primary_adjudicated,MDB;PCdoB;PDT;PL;PP;PROS;PSD;PT;PTB;REPUBLICANOS,PCdoB;PDT;PMDB;PP;PR;PRB;PROS;PSD;PT;PTB,MDB;PCdoB;PDT;PL;PP;PROS;PSD;PT;PTB;REPUBLICANOS,,,,established,,,
2015-01-24,dilma_2,dilma_2-2015-01-01,dilma_2-2015-01-01,primary_adjudicated,MDB;PCdoB;PDT;PL;PP;PROS;PSD;PT;PTB;REPUBLICANOS,PCdoB;PDT;PMDB;PP;PR;PRB;PROS;PSD;PT;PTB,MDB;PCdoB;PDT;PL;PP;PROS;PSD;PT;PTB;REPUBLICANOS,,,,established,,,
2015-01-25,dilma_2,dilma_2-2015-01-01,dilma_2-2015-01-01,primary_adjudicated,MDB;PCdoB;PDT;PL;PP;PROS;PSD;PT;PTB;REPUBLICANOS,PCdoB;PDT;PMDB;PP;PR;PRB;PROS;PSD;PT;PTB,MDB;PCdoB;PDT;PL;PP;PROS;PSD;PT;PTB;REPUBLICANOS,,,,established,,,
2015-01-26,dilma_2,dilma_2-2015-01-01,dilma_2-2015-01-01,primary_adjudicated,MDB;PCdoB;PDT;PL;PP;PROS;PSD;PT;PTB;REPUBLICANOS,PCdoB;PDT;PMDB;PP;PR;PRB;PROS;PSD;PT;PTB,MDB;PCdoB;PDT;PL;PP;PROS;PSD;PT;PTB;REPUBLICANOS,,,,established,,,
2015-01-27,dilma_2,dilma_2-2015-01-01,dilma_2-2015-01-01,primary_adjudicated,MDB;PCdoB;PDT;PL;PP;PROS;PSD;PT;PTB;REPUBLICANOS,PCdoB;PDT;PMDB;PP;PR;PRB;PROS;PSD;PT;PTB,MDB;PCdoB;PDT;PL;PP;PROS;PSD;PT;PTB;REPUBLICANOS,,,,established,,,
2015-01-28,dilma_2,dilma_2-2015-01-01,dilma_2-2015-01-01,primary_adjudicated,MDB;PCdoB;PDT;PL;PP;PROS;PSD;PT;PTB;REPUBLICANOS,PCdoB;PDT;PMDB;PP;PR;PRB;PROS;PSD;PT;PTB,MDB;PCdoB;PDT;PL;PP;PROS;PSD;PT;PTB;REPUBLICANOS,,,,established,,,
2015-01-29,dilma_2,dilma_2-2015-01-01,dilma_2-2015-01-01,primary_adjudicated,MDB;PCdoB;PDT;PL;PP;PROS;PSD;PT;PTB;REPUBLICANOS,PCdoB;PDT;PMDB;PP;PR;PRB;PROS;PSD;PT;PTB,MDB;PCdoB;PDT;PL;PP;PROS;PSD;PT;PTB;REPUBLICANOS,,,,established,,,
2015-01-30,dilma_2,dilma_2-2015-01-01,dilma_2-2015-01-01,primary_adjudicated,MDB;PCdoB;PDT;PL;PP;PROS;PSD;PT;PTB;REPUBLICANOS,PCdoB;PDT;PMDB;PP;PR;PRB;PROS;PSD;PT;PTB,MDB;PCdoB;PDT;PL;PP;PROS;PSD;PT;PTB;REPUBLICANOS,,,,established,,,
2015-01-31,dilma_2,dilma_2-2015-01-01,dilma_2-2015-01-01,primary_adjudicated,MDB;PCdoB;PDT;PL;PP;PROS;PSD;PT;PTB;REPUBLICANOS,PCdoB;PDT;PMDB;PP;PR;PRB;PROS;PSD;PT;PTB,MDB;PCdoB;PDT;PL;PP;PROS;PSD;PT;PTB;REPUBLICANOS,,,,established,,,
2015-02-01,dilma_2,dilma_2-2015-01-01,dilma_2-2015-01-01,primary_adjudicated,MDB;PCdoB;PDT;PL;PP;PROS;PSD;PT;PTB;REPUBLICANOS,PCdoB;PDT;PMDB;PP;PR;PRB;PROS;PSD;PT;PTB,MDB;PCdoB;PDT;PL;PP;PROS;PSD;PT;PTB;REPUBLICANOS,,,,established,,,
2015-02-02,dilma_2,dilma_2-2015-01-01,dilma_2-2015-01-01,primary_adjudicated,MDB;PCdoB;PDT;PL;PP;PROS;PSD;PT;PTB;REPUBLICANOS,PCdoB;PDT;PMDB;PP;PR;PRB;PROS;PSD;PT;PTB,MDB;PCdoB;PDT;PL;PP;PROS;PSD;PT;PTB;REPUBLICANOS,,,,established,,,
2015-02-03,dilma_2,dilma_2-2015-01-01,dilma_2-2015-01-01,primary_adjudicated,MDB;PCdoB;PDT;PL;PP;PROS;PSD;PT;PTB;REPUBLICANOS,PCdoB;PDT;PMDB;PP;PR;PRB;PROS;PSD;PT;PTB,MDB;PCdoB;PDT;PL;PP;PROS;PSD;PT;PTB;REPUBLICANOS,,,,established,,,
2015-02-04,dilma_2,dilma_2-2015-01-01,dilma_2-2015-01-01,primary_adjudicated,MDB;PCdoB;PDT;PL;PP;PROS;PSD;PT;PTB;REPUBLICANOS,PCdoB;PDT;PMDB;PP;PR;PRB;PROS;PSD;PT;PTB,MDB;PCdoB;PDT;PL;PP;PROS;PSD;PT;PTB;REPUBLICANOS,,,,established,,,
2015-02-05,dilma_2,dilma_2-2015-01-01,dilma_2-2015-02-05,primary_adjudicated,MDB;PCdoB;PDT;PL;PP;PROS;PSD;PT;PTB;REPUBLICANOS,PCdoB;PDT;PMDB;PP;PR;PRB;PROS;PSD;PT;PTB,MDB;PCdoB;PDT;PL;PP;PROS;PSD;PT;PTB;REPUBLICANOS,,,,established,,,
2015-02-06,dilma_2,dilma_2-2015-01-01,dilma_2-2015-02-05,primary_adjudicated,MDB;PCdoB;PDT;PL;PP;PROS;PSD;PT;PTB;REPUBLICANOS,PCdoB;PDT;PMDB;PP;PR;PRB;PROS;PSD;PT;PTB,MDB;PCdoB;PDT;PL;PP;PROS;PSD;PT;PTB;REPUBLICANOS,,,,established,,,
2015-02-07,dilma_2,dilma_2-2015-01-01,dilma_2-2015-02-05,primary_adjudicated,MDB;PCdoB;PDT;PL;PP;PROS;PSD;PT;PTB;REPUBLICANOS,PCdoB;PDT;PMDB;PP;PR;PRB;PROS;PSD;PT;PTB,MDB;PCdoB;PDT;PL;PP;PROS;PSD;PT;PTB;REPUBLICANOS,,,,established,,,
2015-02-08,dilma_2,dilma_2-2015-01-01,dilma_2-2015-02-05,primary_adjudicated,MDB;PCdoB;PDT;PL;PP;PROS;PSD;PT;PTB;REPUBLICANOS,PCdoB;PDT;PMDB;PP;PR;PRB;PROS;PSD;PT;PTB,MDB;PCdoB;PDT;PL;PP;PROS;PSD;PT;PTB;REPUBLICANOS,,,,established,,,
2015-02-09,dilma_2,dilma_2-2015-01-01,dilma_2-2015-02-05,primary_adjudicated,MDB;PCdoB;PDT;PL;PP;PROS;PSD;PT;PTB;REPUBLICANOS,PCdoB;PDT;PMDB;PP;PR;PRB;PROS;PSD;PT;PTB,MDB;PCdoB;PDT;PL;PP;PROS;PSD;PT;PTB;REPUBLICANOS,,,,established,,,
2015-02-10,dilma_2,dilma_2-2015-01-01,dilma_2-2015-02-05,primary_adjudicated,MDB;PCdoB;PDT;PL;PP;PROS;PSD;PT;PTB;REPUBLICANOS,PCdoB;PDT;PMDB;PP;PR;PRB;PROS;PSD;PT;PTB,MDB;PCdoB;PDT;PL;PP;PROS;PSD;PT;PTB;REPUBLICANOS,,,,established,,,
2015-02-11,dilma_2,dilma_2-2015-01-01,dilma_2-2015-02-05,primary_adjudicated,MDB;PCdoB;PDT;PL;PP;PROS;PSD;PT;PTB;REPUBLICANOS,PCdoB;PDT;PMDB;PP;PR;PRB;PROS;PSD;PT;PTB,MDB;PCdoB;PDT;PL;PP;PROS;PSD;PT;PTB;REPUBLICANOS,,,,established,,,
2015-02-12,dilma_2,dilma_2-2015-01-01,dilma_2-2015-02-05,primary_adjudicated,MDB;PCdoB;PDT;PL;PP;PROS;PSD;PT;PTB;REPUBLICANOS,PCdoB;PDT;PMDB;PP;PR;PRB;PROS;PSD;PT;PTB,MDB;PCdoB;PDT;PL;PP;PROS;PSD;PT;PTB;REPUBLICANOS,,,,established,,,
2015-02-13,dilma_2,dilma_2-2015-01-01,dilma_2-2015-02-05,primary_adjudicated,MDB;PCdoB;PDT;PL;PP;PROS;PSD;PT;PTB;REPUBLICANOS,PCdoB;PDT;PMDB;PP;PR;PRB;PROS;PSD;PT;PTB,MDB;PCdoB;PDT;PL;PP;PROS;PSD;PT;PTB;REPUBLICANOS,,,,established,,,
2015-02-14,dilma_2,dilma_2-2015-01-01,dilma_2-2015-02-05,primary_adjudicated,MDB;PCdoB;PDT;PL;PP;PROS;PSD;PT;PTB;REPUBLICANOS,PCdoB;PDT;PMDB;PP;PR;PRB;PROS;PSD;PT;PTB,MDB;PCdoB;PDT;PL;PP;PROS;PSD;PT;PTB;REPUBLICANOS,,,,established,,,
2015-02-15,dilma_2,dilma_2-2015-01-01,dilma_2-2015-02-05,primary_adjudicated,MDB;PCdoB;PDT;PL;PP;PROS;PSD;PT;PTB;REPUBLICANOS,PCdoB;PDT;PMDB;PP;PR;PRB;PROS;PSD;PT;PTB,MDB;PCdoB;PDT;PL;PP;PROS;PSD;PT;PTB;REPUBLICANOS,,,,established,,,
2015-02-16,dilma_2,dilma_2-2015-01-01,dilma_2-2015-02-05,primary_adjudicated,MDB;PCdoB;PDT;PL;PP;PROS;PSD;PT;PTB;REPUBLICANOS,PCdoB;PDT;PMDB;PP;PR;PRB;PROS;PSD;PT;PTB,MDB;PCdoB;PDT;PL;PP;PROS;PSD;PT;PTB;REPUBLICANOS,,,,established,,,
2015-02-17,dilma_2,dilma_2-2015-01-01,dilma_2-2015-02-05,primary_adjudicated,MDB;PCdoB;PDT;PL;PP;PROS;PSD;PT;PTB;REPUBLICANOS,PCdoB;PDT;PMDB;PP;PR;PRB;PROS;PSD;PT;PTB,MDB;PCdoB;PDT;PL;PP;PROS;PSD;PT;PTB;REPUBLICANOS,,,,established,,,
2015-02-18,dilma_2,dilma_2-2015-01-01,dilma_2-2015-02-05,primary_adjudicated,MDB;PCdoB;PDT;PL;PP;PROS;PSD;PT;PTB;REPUBLICANOS,PCdoB;PDT;PMDB;PP;PR;PRB;PROS;PSD;PT;PTB,MDB;PCdoB;PDT;PL;PP;PROS;PSD;PT;PTB;REPUBLICANOS,,,,established,,,
2015-02-19,dilma_2,dilma_2-2015-01-01,dilma_2-2015-02-05,primary_adjudicated,MDB;PCdoB;PDT;PL;PP;PROS;PSD;PT;PTB;REPUBLICANOS,PCdoB;PDT;PMDB;PP;PR;PRB;PROS;PSD;PT;PTB,MDB;PCdoB;PDT;PL;PP;PROS;PSD;PT;PTB;REPUBLICANOS,,,,established,,,
2015-02-20,dilma_2,dilma_2-2015-01-01,dilma_2-2015-02-05,primary_adjudicated,MDB;PCdoB;PDT;PL;PP;PROS;PSD;PT;PTB;REPUBLICANOS,PCdoB;PDT;PMDB;PP;PR;PRB;PROS;PSD;PT;PTB,MDB;PCdoB;PDT;PL;PP;PROS;PSD;PT;PTB;REPUBLICANOS,,,,established,,,
2015-02-21,dilma_2,dilma_2-2015-01-01,dilma_2-2015-02-05,primary_adjudicated,MDB;PCdoB;PDT;PL;PP;PROS;PSD;PT;PTB;REPUBLICANOS,PCdoB;PDT;PMDB;PP;PR;PRB;PROS;PSD;PT;PTB,MDB;PCdoB;PDT;PL;PP;PROS;PSD;PT;PTB;REPUBLICANOS,,,,established,,,
2015-02-22,dilma_2,dilma_2-2015-01-01,dilma_2-2015-02-05,primary_adjudicated,MDB;PCdoB;PDT;PL;PP;PROS;PSD;PT;PTB;REPUBLICANOS,PCdoB;PDT;PMDB;PP;PR;PRB;PROS;PSD;PT;PTB,MDB;PCdoB;PDT;PL;PP;PROS;PSD;PT;PTB;REPUBLICANOS,,,,established,,,
2015-02-23,dilma_2,dilma_2-2015-01-01,dilma_2-2015-02-05,primary_adjudicated,MDB;PCdoB;PDT;PL;PP;PROS;PSD;PT;PTB;REPUBLICANOS,PCdoB;PDT;PMDB;PP;PR;PRB;PROS;PSD;PT;PTB,MDB;PCdoB;PDT;PL;PP;PROS;PSD;PT;PTB;REPUBLICANOS,,,,established,,,
2015-02-24,dilma_2,dilma_2-2015-01-01,dilma_2-2015-02-05,primary_adjudicated,MDB;PCdoB;PDT;PL;PP;PROS;PSD;PT;PTB;REPUBLICANOS,PCdoB;PDT;PMDB;PP;PR;PRB;PROS;PSD;PT;PTB,MDB;PCdoB;PDT;PL;PP;PROS;PSD;PT;PTB;REPUBLICANOS,,,,established,,,
2015-02-25,dilma_2,dilma_2-2015-01-01,dilma_2-2015-02-05,primary_adjudicated,MDB;PCdoB;PDT;PL;PP;PROS;PSD;PT;PTB;REPUBLICANOS,PCdoB;PDT;PMDB;PP;PR;PRB;PROS;PSD;PT;PTB,MDB;PCdoB;PDT;PL;PP;PROS;PSD;PT;PTB;REPUBLICANOS,,,,established,,,
2015-02-26,dilma_2,dilma_2-2015-01-01,dilma_2-2015-02-05,primary_adjudicated,MDB;PCdoB;PDT;PL;PP;PROS;PSD;PT;PTB;REPUBLICANOS,PCdoB;PDT;PMDB;PP;PR;PRB;PROS;PSD;PT;PTB,MDB;PCdoB;PDT;PL;PP;PROS;PSD;PT;PTB;REPUBLICANOS,,,,established,,,
2015-02-27,dilma_2,dilma_2-2015-01-01,dilma_2-2015-02-05,primary_adjudicated,MDB;PCdoB;PDT;PL;PP;PROS;PSD;PT;PTB;REPUBLICANOS,PCdoB;PDT;PMDB;PP;PR;PRB;PROS;PSD;PT;PTB,MDB;PCdoB;PDT;PL;PP;PROS;PSD;PT;PTB;REPUBLICANOS,,,,established,,,
2015-02-28,dilma_2,dilma_2-2015-01-01,dilma_2-2015-02-05,primary_adjudicated,MDB;PCdoB;PDT;PL;PP;PROS;PSD;PT;PTB;REPUBLICANOS,PCdoB;PDT;PMDB;PP;PR;PRB;PROS;PSD;PT;PTB,MDB;PCdoB;PDT;PL;PP;PROS;PSD;PT;PTB;REPUBLICANOS,,,,established,,,
2015-03-01,dilma_2,dilma_2-2015-01-01,dilma_2-2015-02-05,primary_adjudicated,MDB;PCdoB;PDT;PL;PP;PROS;PSD;PT;PTB;REPUBLICANOS,PCdoB;PDT;PMDB;PP;PR;PRB;PROS;PSD;PT;PTB,MDB;PCdoB;PDT;PL;PP;PROS;PSD;PT;PTB;REPUBLICANOS,,,,established,,,
2015-03-02,dilma_2,dilma_2-2015-01-01,dilma_2-2015-02-05,primary_adjudicated,MDB;PCdoB;PDT;PL;PP;PROS;PSD;PT;PTB;REPUBLICANOS,PCdoB;PDT;PMDB;PP;PR;PRB;PROS;PSD;PT;PTB,MDB;PCdoB;PDT;PL;PP;PROS;PSD;PT;PTB;REPUBLICANOS,,,,established,,,
2015-03-03,dilma_2,dilma_2-2015-01-01,dilma_2-2015-02-05,primary_adjudicated,MDB;PCdoB;PDT;PL;PP;PROS;PSD;PT;PTB;REPUBLICANOS,PCdoB;PDT;PMDB;PP;PR;PRB;PROS;PSD;PT;PTB,MDB;PCdoB;PDT;PL;PP;PROS;PSD;PT;PTB;REPUBLICANOS,,,,established,,,
2015-03-04,dilma_2,dilma_2-2015-01-01,dilma_2-2015-02-05,primary_adjudicated,MDB;PCdoB;PDT;PL;PP;PROS;PSD;PT;PTB;REPUBLICANOS,PCdoB;PDT;PMDB;PP;PR;PRB;PROS;PSD;PT;PTB,MDB;PCdoB;PDT;PL;PP;PROS;PSD;PT;PTB;REPUBLICANOS,,,,established,,,
2015-03-05,dilma_2,dilma_2-2015-01-01,dilma_2-2015-02-05,primary_adjudicated,MDB;PCdoB;PDT;PL;PP;PROS;PSD;PT;PTB;REPUBLICANOS,PCdoB;PDT;PMDB;PP;PR;PRB;PROS;PSD;PT;PTB,MDB;PCdoB;PDT;PL;PP;PROS;PSD;PT;PTB;REPUBLICANOS,,,,established,,,
2015-03-06,dilma_2,dilma_2-2015-01-01,dilma_2-2015-02-05,primary_adjudicated,MDB;PCdoB;PDT;PL;PP;PROS;PSD;PT;PTB;REPUBLICANOS,PCdoB;PDT;PMDB;PP;PR;PRB;PROS;PSD;PT;PTB,MDB;PCdoB;PDT;PL;PP;PROS;PSD;PT;PTB;REPUBLICANOS,,,,established,,,
2015-03-07,dilma_2,dilma_2-2015-01-01,dilma_2-2015-02-05,primary_adjudicated,MDB;PCdoB;PDT;PL;PP;PROS;PSD;PT;PTB;REPUBLICANOS,PCdoB;PDT;PMDB;PP;PR;PRB;PROS;PSD;PT;PTB,MDB;PCdoB;PDT;PL;PP;PROS;PSD;PT;PTB;REPUBLICANOS,,,,established,,,
2015-03-08,dilma_2,dilma_2-2015-01-01,dilma_2-2015-02-05,primary_adjudicated,MDB;PCdoB;PDT;PL;PP;PROS;PSD;PT;PTB;REPUBLICANOS,PCdoB;PDT;PMDB;PP;PR;PRB;PROS;PSD;PT;PTB,MDB;PCdoB;PDT;PL;PP;PROS;PSD;PT;PTB;REPUBLICANOS,,,,established,,,
2015-03-09,dilma_2,dilma_2-2015-01-01,dilma_2-2015-02-05,primary_adjudicated,MDB;PCdoB;PDT;PL;PP;PROS;PSD;PT;PTB;REPUBLICANOS,PCdoB;PDT;PMDB;PP;PR;PRB;PROS;PSD;PT;PTB,MDB;PCdoB;PDT;PL;PP;PROS;PSD;PT;PTB;REPUBLICANOS,,,,established,,,
2015-03-10,dilma_2,dilma_2-2015-01-01,dilma_2-2015-02-05,primary_adjudicated,MDB;PCdoB;PDT;PL;PP;PROS;PSD;PT;PTB;REPUBLICANOS,PCdoB;PDT;PMDB;PP;PR;PRB;PROS;PSD;PT;PTB,MDB;PCdoB;PDT;PL;PP;PROS;PSD;PT;PTB;REPUBLICANOS,,,,established,,,
2015-03-11,dilma_2,dilma_2-2015-01-01,dilma_2-2015-02-05,primary_adjudicated,MDB;PCdoB;PDT;PL;PP;PROS;PSD;PT;PTB;REPUBLICANOS,PCdoB;PDT;PMDB;PP;PR;PRB;PROS;PSD;PT;PTB,MDB;PCdoB;PDT;PL;PP;PROS;PSD;PT;PTB;REPUBLICANOS,,,,established,,,
2015-03-12,dilma_2,dilma_2-2015-01-01,dilma_2-2015-02-05,primary_adjudicated,MDB;PCdoB;PDT;PL;PP;PROS;PSD;PT;PTB;REPUBLICANOS,PCdoB;PDT;PMDB;PP;PR;PRB;PROS;PSD;PT;PTB,MDB;PCdoB;PDT;PL;PP;PROS;PSD;PT;PTB;REPUBLICANOS,,,,established,,,
2015-03-13,dilma_2,dilma_2-2015-01-01,dilma_2-2015-02-05,primary_adjudicated,MDB;PCdoB;PDT;PL;PP;PROS;PSD;PT;PTB;REPUBLICANOS,PCdoB;PDT;PMDB;PP;PR;PRB;PROS;PSD;PT;PTB,MDB;PCdoB;PDT;PL;PP;PROS;PSD;PT;PTB;REPUBLICANOS,,,,established,,,
2015-03-14,dilma_2,dilma_2-2015-01-01,dilma_2-2015-02-05,primary_adjudicated,MDB;PCdoB;PDT;PL;PP;PROS;PSD;PT;PTB;REPUBLICANOS,PCdoB;PDT;PMDB;PP;PR;PRB;PROS;PSD;PT;PTB,MDB;PCdoB;PDT;PL;PP;PROS;PSD;PT;PTB;REPUBLICANOS,,,,established,,,
2015-03-15,dilma_2,dilma_2-2015-01-01,dilma_2-2015-02-05,primary_adjudicated,MDB;PCdoB;PDT;PL;PP;PROS;PSD;PT;PTB;REPUBLICANOS,PCdoB;PDT;PMDB;PP;PR;PRB;PROS;PSD;PT;PTB,MDB;PCdoB;PDT;PL;PP;PROS;PSD;PT;PTB;REPUBLICANOS,,,,established,,,
2015-03-16,dilma_2,dilma_2-2015-01-01,dilma_2-2015-02-05,primary_adjudicated,MDB;PCdoB;PDT;PL;PP;PROS;PSD;PT;PTB;REPUBLICANOS,PCdoB;PDT;PMDB;PP;PR;PRB;PROS;PSD;PT;PTB,MDB;PCdoB;PDT;PL;PP;PROS;PSD;PT;PTB;REPUBLICANOS,,,,established,,,
2015-03-17,dilma_2,dilma_2-2015-01-01,dilma_2-2015-02-05,primary_adjudicated,MDB;PCdoB;PDT;PL;PP;PROS;PSD;PT;PTB;REPUBLICANOS,PCdoB;PDT;PMDB;PP;PR;PRB;PROS;PSD;PT;PTB,MDB;PCdoB;PDT;PL;PP;PROS;PSD;PT;PTB;REPUBLICANOS,,,,established,,,
2015-03-18,dilma_2,dilma_2-2015-01-01,dilma_2-2015-02-05,primary_adjudicated,MDB;PCdoB;PDT;PL;PP;PROS;PSD;PT;PTB;REPUBLICANOS,PCdoB;PDT;PMDB;PP;PR;PRB;PROS;PSD;PT;PTB,MDB;PCdoB;PDT;PL;PP;PROS;PSD;PT;PTB;REPUBLICANOS,,,,established,,,
2015-03-19,dilma_2,dilma_2-2015-03-19,dilma_2-2015-03-19,primary_adjudicated,MDB;PCdoB;PDT;PL;PP;PSD;PT;PTB;REPUBLICANOS,PCdoB;PDT;PMDB;PP;PR;PRB;PSD;PT;PTB,MDB;PCdoB;PDT;PL;PP;PSD;PT;PTB;REPUBLICANOS,,,,established,,,
2015-03-20,dilma_2,dilma_2-2015-03-19,dilma_2-2015-03-19,primary_adjudicated,MDB;PCdoB;PDT;PL;PP;PSD;PT;PTB;REPUBLICANOS,PCdoB;PDT;PMDB;PP;PR;PRB;PSD;PT;PTB,MDB;PCdoB;PDT;PL;PP;PSD;PT;PTB;REPUBLICANOS,,,,established,,,
2015-03-21,dilma_2,dilma_2-2015-03-19,dilma_2-2015-03-19,primary_adjudicated,MDB;PCdoB;PDT;PL;PP;PSD;PT;PTB;REPUBLICANOS,PCdoB;PDT;PMDB;PP;PR;PRB;PSD;PT;PTB,MDB;PCdoB;PDT;PL;PP;PSD;PT;PTB;REPUBLICANOS,,,,established,,,
2015-03-22,dilma_2,dilma_2-2015-03-19,dilma_2-2015-03-19,primary_adjudicated,MDB;PCdoB;PDT;PL;PP;PSD;PT;PTB;REPUBLICANOS,PCdoB;PDT;PMDB;PP;PR;PRB;PSD;PT;PTB,MDB;PCdoB;PDT;PL;PP;PSD;PT;PTB;REPUBLICANOS,,,,established,,,
2015-03-23,dilma_2,dilma_2-2015-03-19,dilma_2-2015-03-19,primary_adjudicated,MDB;PCdoB;PDT;PL;PP;PSD;PT;PTB;REPUBLICANOS,PCdoB;PDT;PMDB;PP;PR;PRB;PSD;PT;PTB,MDB;PCdoB;PDT;PL;PP;PSD;PT;PTB;REPUBLICANOS,,,,established,,,
2015-03-24,dilma_2,dilma_2-2015-03-19,dilma_2-2015-03-19,primary_adjudicated,MDB;PCdoB;PDT;PL;PP;PSD;PT;PTB;REPUBLICANOS,PCdoB;PDT;PMDB;PP;PR;PRB;PSD;PT;PTB,MDB;PCdoB;PDT;PL;PP;PSD;PT;PTB;REPUBLICANOS,,,,established,,,
2015-03-25,dilma_2,dilma_2-2015-03-19,dilma_2-2015-03-25,primary_adjudicated,MDB;PCdoB;PDT;PL;PP;PSD;PT;PTB;REPUBLICANOS,PCdoB;PDT;PMDB;PP;PR;PRB;PSD;PT;PTB,MDB;PCdoB;PDT;PL;PP;PSD;PT;PTB;REPUBLICANOS,,,,established,,,
2015-03-26,dilma_2,dilma_2-2015-03-19,dilma_2-2015-03-25,primary_adjudicated,MDB;PCdoB;PDT;PL;PP;PSD;PT;PTB;REPUBLICANOS,PCdoB;PDT;PMDB;PP;PR;PRB;PSD;PT;PTB,MDB;PCdoB;PDT;PL;PP;PSD;PT;PTB;REPUBLICANOS,,,,established,,,
2015-03-27,dilma_2,dilma_2-2015-03-19,dilma_2-2015-03-25,primary_adjudicated,MDB;PCdoB;PDT;PL;PP;PSD;PT;PTB;REPUBLICANOS,PCdoB;PDT;PMDB;PP;PR;PRB;PSD;PT;PTB,MDB;PCdoB;PDT;PL;PP;PSD;PT;PTB;REPUBLICANOS,,,,established,,,
2015-03-28,dilma_2,dilma_2-2015-03-19,dilma_2-2015-03-25,primary_adjudicated,MDB;PCdoB;PDT;PL;PP;PSD;PT;PTB;REPUBLICANOS,PCdoB;PDT;PMDB;PP;PR;PRB;PSD;PT;PTB,MDB;PCdoB;PDT;PL;PP;PSD;PT;PTB;REPUBLICANOS,,,,established,,,
2015-03-29,dilma_2,dilma_2-2015-03-19,dilma_2-2015-03-25,primary_adjudicated,MDB;PCdoB;PDT;PL;PP;PSD;PT;PTB;REPUBLICANOS,PCdoB;PDT;PMDB;PP;PR;PRB;PSD;PT;PTB,MDB;PCdoB;PDT;PL;PP;PSD;PT;PTB;REPUBLICANOS,,,,established,,,
2015-03-30,dilma_2,dilma_2-2015-03-19,dilma_2-2015-03-25,primary_adjudicated,MDB;PCdoB;PDT;PL;PP;PSD;PT;PTB;REPUBLICANOS,PCdoB;PDT;PMDB;PP;PR;PRB;PSD;PT;PTB,MDB;PCdoB;PDT;PL;PP;PSD;PT;PTB;REPUBLICANOS,,,,established,,,
2015-03-31,dilma_2,dilma_2-2015-03-19,dilma_2-2015-03-31,primary_adjudicated,MDB;PCdoB;PDT;PL;PP;PSD;PT;PTB;REPUBLICANOS,PCdoB;PDT;PMDB;PP;PR;PRB;PSD;PT;PTB,MDB;PCdoB;PDT;PL;PP;PSD;PT;PTB;REPUBLICANOS,,,,established,,,
2015-04-01,dilma_2,dilma_2-2015-03-19,dilma_2-2015-03-31,primary_adjudicated,MDB;PCdoB;PDT;PL;PP;PSD;PT;PTB;REPUBLICANOS,PCdoB;PDT;PMDB;PP;PR;PRB;PSD;PT;PTB,MDB;PCdoB;PDT;PL;PP;PSD;PT;PTB;REPUBLICANOS,,,,established,,,
2015-04-02,dilma_2,dilma_2-2015-03-19,dilma_2-2015-03-31,primary_adjudicated,MDB;PCdoB;PDT;PL;PP;PSD;PT;PTB;REPUBLICANOS,PCdoB;PDT;PMDB;PP;PR;PRB;PSD;PT;PTB,MDB;PCdoB;PDT;PL;PP;PSD;PT;PTB;REPUBLICANOS,,,,established,,,
2015-04-03,dilma_2,dilma_2-2015-03-19,dilma_2-2015-03-31,primary_adjudicated,MDB;PCdoB;PDT;PL;PP;PSD;PT;PTB;REPUBLICANOS,PCdoB;PDT;PMDB;PP;PR;PRB;PSD;PT;PTB,MDB;PCdoB;PDT;PL;PP;PSD;PT;PTB;REPUBLICANOS,,,,established,,,
2015-04-04,dilma_2,dilma_2-2015-03-19,dilma_2-2015-03-31,primary_adjudicated,MDB;PCdoB;PDT;PL;PP;PSD;PT;PTB;REPUBLICANOS,PCdoB;PDT;PMDB;PP;PR;PRB;PSD;PT;PTB,MDB;PCdoB;PDT;PL;PP;PSD;PT;PTB;REPUBLICANOS,,,,established,,,
2015-04-05,dilma_2,dilma_2-2015-03-19,dilma_2-2015-03-31,primary_adjudicated,MDB;PCdoB;PDT;PL;PP;PSD;PT;PTB;REPUBLICANOS,PCdoB;PDT;PMDB;PP;PR;PRB;PSD;PT;PTB,MDB;PCdoB;PDT;PL;PP;PSD;PT;PTB;REPUBLICANOS,,,,established,,,
2015-04-06,dilma_2,dilma_2-2015-03-19,dilma_2-2015-04-06,primary_adjudicated,MDB;PCdoB;PDT;PL;PP;PSD;PT;PTB;REPUBLICANOS,PCdoB;PDT;PMDB;PP;PR;PRB;PSD;PT;PTB,MDB;PCdoB;PDT;PL;PP;PSD;PT;PTB;REPUBLICANOS,,,,established,,,
2015-04-07,dilma_2,dilma_2-2015-03-19,dilma_2-2015-04-07,primary_adjudicated,MDB;PCdoB;PDT;PL;PP;PSD;PT;PTB;REPUBLICANOS,PCdoB;PDT;PMDB;PP;PR;PRB;PSD;PT;PTB,MDB;PCdoB;PDT;PL;PP;PSD;PT;PTB;REPUBLICANOS,,,,established,,,
2015-04-08,dilma_2,dilma_2-2015-03-19,dilma_2-2015-04-07,primary_adjudicated,MDB;PCdoB;PDT;PL;PP;PSD;PT;PTB;REPUBLICANOS,PCdoB;PDT;PMDB;PP;PR;PRB;PSD;PT;PTB,MDB;PCdoB;PDT;PL;PP;PSD;PT;PTB;REPUBLICANOS,,,,established,,,
2015-04-09,dilma_2,dilma_2-2015-03-19,dilma_2-2015-04-07,primary_adjudicated,MDB;PCdoB;PDT;PL;PP;PSD;PT;PTB;REPUBLICANOS,PCdoB;PDT;PMDB;PP;PR;PRB;PSD;PT;PTB,MDB;PCdoB;PDT;PL;PP;PSD;PT;PTB;REPUBLICANOS,,,,established,,,
2015-04-10,dilma_2,dilma_2-2015-03-19,dilma_2-2015-04-10,primary_adjudicated,MDB;PCdoB;PDT;PL;PP;PSD;PT;PTB;REPUBLICANOS,PCdoB;PDT;PMDB;PP;PR;PRB;PSD;PT;PTB,MDB;PCdoB;PDT;PL;PP;PSD;PT;PTB;REPUBLICANOS,,,,established,,,
2015-04-11,dilma_2,dilma_2-2015-03-19,dilma_2-2015-04-10,primary_adjudicated,MDB;PCdoB;PDT;PL;PP;PSD;PT;PTB;REPUBLICANOS,PCdoB;PDT;PMDB;PP;PR;PRB;PSD;PT;PTB,MDB;PCdoB;PDT;PL;PP;PSD;PT;PTB;REPUBLICANOS,,,,established,,,
2015-04-12,dilma_2,dilma_2-2015-03-19,dilma_2-2015-04-10,primary_adjudicated,MDB;PCdoB;PDT;PL;PP;PSD;PT;PTB;REPUBLICANOS,PCdoB;PDT;PMDB;PP;PR;PRB;PSD;PT;PTB,MDB;PCdoB;PDT;PL;PP;PSD;PT;PTB;REPUBLICANOS,,,,established,,,
2015-04-13,dilma_2,dilma_2-2015-03-19,dilma_2-2015-04-10,primary_adjudicated,MDB;PCdoB;PDT;PL;PP;PSD;PT;PTB;REPUBLICANOS,PCdoB;PDT;PMDB;PP;PR;PRB;PSD;PT;PTB,MDB;PCdoB;PDT;PL;PP;PSD;PT;PTB;REPUBLICANOS,,,,established,,,
2015-04-14,dilma_2,dilma_2-2015-03-19,dilma_2-2015-04-10,primary_adjudicated,MDB;PCdoB;PDT;PL;PP;PSD;PT;PTB;REPUBLICANOS,PCdoB;PDT;PMDB;PP;PR;PRB;PSD;PT;PTB,MDB;PCdoB;PDT;PL;PP;PSD;PT;PTB;REPUBLICANOS,,,,established,,,
2015-04-15,dilma_2,dilma_2-2015-03-19,dilma_2-2015-04-10,primary_adjudicated,MDB;PCdoB;PDT;PL;PP;PSD;PT;PTB;REPUBLICANOS,PCdoB;PDT;PMDB;PP;PR;PRB;PSD;PT;PTB,MDB;PCdoB;PDT;PL;PP;PSD;PT;PTB;REPUBLICANOS,,,,established,,,
2015-04-16,dilma_2,dilma_2-2015-03-19,dilma_2-2015-04-16,primary_adjudicated,MDB;PCdoB;PDT;PL;PP;PSD;PT;PTB;REPUBLICANOS,PCdoB;PDT;PMDB;PP;PR;PRB;PSD;PT;PTB,MDB;PCdoB;PDT;PL;PP;PSD;PT;PTB;REPUBLICANOS,,,,established,,,
2015-04-17,dilma_2,dilma_2-2015-03-19,dilma_2-2015-04-16,primary_adjudicated,MDB;PCdoB;PDT;PL;PP;PSD;PT;PTB;REPUBLICANOS,PCdoB;PDT;PMDB;PP;PR;PRB;PSD;PT;PTB,MDB;PCdoB;PDT;PL;PP;PSD;PT;PTB;REPUBLICANOS,,,,established,,,
2015-04-18,dilma_2,dilma_2-2015-03-19,dilma_2-2015-04-16,primary_adjudicated,MDB;PCdoB;PDT;PL;PP;PSD;PT;PTB;REPUBLICANOS,PCdoB;PDT;PMDB;PP;PR;PRB;PSD;PT;PTB,MDB;PCdoB;PDT;PL;PP;PSD;PT;PTB;REPUBLICANOS,,,,established,,,
2015-04-19,dilma_2,dilma_2-2015-03-19,dilma_2-2015-04-16,primary_adjudicated,MDB;PCdoB;PDT;PL;PP;PSD;PT;PTB;REPUBLICANOS,PCdoB;PDT;PMDB;PP;PR;PRB;PSD;PT;PTB,MDB;PCdoB;PDT;PL;PP;PSD;PT;PTB;REPUBLICANOS,,,,established,,,
2015-04-20,dilma_2,dilma_2-2015-03-19,dilma_2-2015-04-16,primary_adjudicated,MDB;PCdoB;PDT;PL;PP;PSD;PT;PTB;REPUBLICANOS,PCdoB;PDT;PMDB;PP;PR;PRB;PSD;PT;PTB,MDB;PCdoB;PDT;PL;PP;PSD;PT;PTB;REPUBLICANOS,,,,established,,,
2015-04-21,dilma_2,dilma_2-2015-03-19,dilma_2-2015-04-16,primary_adjudicated,MDB;PCdoB;PDT;PL;PP;PSD;PT;PTB;REPUBLICANOS,PCdoB;PDT;PMDB;PP;PR;PRB;PSD;PT;PTB,MDB;PCdoB;PDT;PL;PP;PSD;PT;PTB;REPUBLICANOS,,,,established,,,
2015-04-22,dilma_2,dilma_2-2015-03-19,dilma_2-2015-04-16,primary_adjudicated,MDB;PCdoB;PDT;PL;PP;PSD;PT;PTB;REPUBLICANOS,PCdoB;PDT;PMDB;PP;PR;PRB;PSD;PT;PTB,MDB;PCdoB;PDT;PL;PP;PSD;PT;PTB;REPUBLICANOS,,,,established,,,
2015-04-23,dilma_2,dilma_2-2015-03-19,dilma_2-2015-04-16,primary_adjudicated,MDB;PCdoB;PDT;PL;PP;PSD;PT;PTB;REPUBLICANOS,PCdoB;PDT;PMDB;PP;PR;PRB;PSD;PT;PTB,MDB;PCdoB;PDT;PL;PP;PSD;PT;PTB;REPUBLICANOS,,,,established,,,
2015-04-24,dilma_2,dilma_2-2015-03-19,dilma_2-2015-04-16,primary_adjudicated,MDB;PCdoB;PDT;PL;PP;PSD;PT;PTB;REPUBLICANOS,PCdoB;PDT;PMDB;PP;PR;PRB;PSD;PT;PTB,MDB;PCdoB;PDT;PL;PP;PSD;PT;PTB;REPUBLICANOS,,,,established,,,
2015-04-25,dilma_2,dilma_2-2015-03-19,dilma_2-2015-04-16,primary_adjudicated,MDB;PCdoB;PDT;PL;PP;PSD;PT;PTB;REPUBLICANOS,PCdoB;PDT;PMDB;PP;PR;PRB;PSD;PT;PTB,MDB;PCdoB;PDT;PL;PP;PSD;PT;PTB;REPUBLICANOS,,,,established,,,
2015-04-26,dilma_2,dilma_2-2015-03-19,dilma_2-2015-04-16,primary_adjudicated,MDB;PCdoB;PDT;PL;PP;PSD;PT;PTB;REPUBLICANOS,PCdoB;PDT;PMDB;PP;PR;PRB;PSD;PT;PTB,MDB;PCdoB;PDT;PL;PP;PSD;PT;PTB;REPUBLICANOS,,,,established,,,
2015-04-27,dilma_2,dilma_2-2015-03-19,dilma_2-2015-04-16,primary_adjudicated,MDB;PCdoB;PDT;PL;PP;PSD;PT;PTB;REPUBLICANOS,PCdoB;PDT;PMDB;PP;PR;PRB;PSD;PT;PTB,MDB;PCdoB;PDT;PL;PP;PSD;PT;PTB;REPUBLICANOS,,,,established,,,
2015-04-28,dilma_2,dilma_2-2015-03-19,dilma_2-2015-04-16,primary_adjudicated,MDB;PCdoB;PDT;PL;PP;PSD;PT;PTB;REPUBLICANOS,PCdoB;PDT;PMDB;PP;PR;PRB;PSD;PT;PTB,MDB;PCdoB;PDT;PL;PP;PSD;PT;PTB;REPUBLICANOS,,,,established,,,
2015-04-29,dilma_2,dilma_2-2015-03-19,dilma_2-2015-04-16,primary_adjudicated,MDB;PCdoB;PDT;PL;PP;PSD;PT;PTB;REPUBLICANOS,PCdoB;PDT;PMDB;PP;PR;PRB;PSD;PT;PTB,MDB;PCdoB;PDT;PL;PP;PSD;PT;PTB;REPUBLICANOS,,,,established,,,
2015-04-30,dilma_2,dilma_2-2015-03-19,dilma_2-2015-04-16,primary_adjudicated,MDB;PCdoB;PDT;PL;PP;PSD;PT;PTB;REPUBLICANOS,PCdoB;PDT;PMDB;PP;PR;PRB;PSD;PT;PTB,MDB;PCdoB;PDT;PL;PP;PSD;PT;PTB;REPUBLICANOS,,,,established,,,
2015-05-01,dilma_2,dilma_2-2015-03-19,dilma_2-2015-04-16,primary_adjudicated,MDB;PCdoB;PDT;PL;PP;PSD;PT;PTB;REPUBLICANOS,PCdoB;PDT;PMDB;PP;PR;PRB;PSD;PT;PTB,MDB;PCdoB;PDT;PL;PP;PSD;PT;PTB;REPUBLICANOS,,,,established,,,
2015-05-02,dilma_2,dilma_2-2015-03-19,dilma_2-2015-04-16,primary_adjudicated,MDB;PCdoB;PDT;PL;PP;PSD;PT;PTB;REPUBLICANOS,PCdoB;PDT;PMDB;PP;PR;PRB;PSD;PT;PTB,MDB;PCdoB;PDT;PL;PP;PSD;PT;PTB;REPUBLICANOS,,,,established,,,
2015-05-03,dilma_2,dilma_2-2015-03-19,dilma_2-2015-04-16,primary_adjudicated,MDB;PCdoB;PDT;PL;PP;PSD;PT;PTB;REPUBLICANOS,PCdoB;PDT;PMDB;PP;PR;PRB;PSD;PT;PTB,MDB;PCdoB;PDT;PL;PP;PSD;PT;PTB;REPUBLICANOS,,,,established,,,
2015-05-04,dilma_2,dilma_2-2015-03-19,dilma_2-2015-04-16,primary_adjudicated,MDB;PCdoB;PDT;PL;PP;PSD;PT;PTB;REPUBLICANOS,PCdoB;PDT;PMDB;PP;PR;PRB;PSD;PT;PTB,MDB;PCdoB;PDT;PL;PP;PSD;PT;PTB;REPUBLICANOS,,,,established,,,
2015-05-05,dilma_2,dilma_2-2015-03-19,dilma_2-2015-04-16,primary_adjudicated,MDB;PCdoB;PDT;PL;PP;PSD;PT;PTB;REPUBLICANOS,PCdoB;PDT;PMDB;PP;PR;PRB;PSD;PT;PTB,MDB;PCdoB;PDT;PL;PP;PSD;PT;PTB;REPUBLICANOS,,,,established,,,
2015-05-06,dilma_2,dilma_2-2015-03-19,dilma_2-2015-04-16,primary_adjudicated,MDB;PCdoB;PDT;PL;PP;PSD;PT;PTB;REPUBLICANOS,PCdoB;PDT;PMDB;PP;PR;PRB;PSD;PT;PTB,MDB;PCdoB;PDT;PL;PP;PSD;PT;PTB;REPUBLICANOS,,,,established,,,
2015-05-07,dilma_2,dilma_2-2015-03-19,dilma_2-2015-04-16,primary_adjudicated,MDB;PCdoB;PDT;PL;PP;PSD;PT;PTB;REPUBLICANOS,PCdoB;PDT;PMDB;PP;PR;PRB;PSD;PT;PTB,MDB;PCdoB;PDT;PL;PP;PSD;PT;PTB;REPUBLICANOS,,,,established,,,
2015-05-08,dilma_2,dilma_2-2015-03-19,dilma_2-2015-04-16,primary_adjudicated,MDB;PCdoB;PDT;PL;PP;PSD;PT;PTB;REPUBLICANOS,PCdoB;PDT;PMDB;PP;PR;PRB;PSD;PT;PTB,MDB;PCdoB;PDT;PL;PP;PSD;PT;PTB;REPUBLICANOS,,,,established,,,
2015-05-09,dilma_2,dilma_2-2015-03-19,dilma_2-2015-04-16,primary_adjudicated,MDB;PCdoB;PDT;PL;PP;PSD;PT;PTB;REPUBLICANOS,PCdoB;PDT;PMDB;PP;PR;PRB;PSD;PT;PTB,MDB;PCdoB;PDT;PL;PP;PSD;PT;PTB;REPUBLICANOS,,,,established,,,
2015-05-10,dilma_2,dilma_2-2015-03-19,dilma_2-2015-04-16,primary_adjudicated,MDB;PCdoB;PDT;PL;PP;PSD;PT;PTB;REPUBLICANOS,PCdoB;PDT;PMDB;PP;PR;PRB;PSD;PT;PTB,MDB;PCdoB;PDT;PL;PP;PSD;PT;PTB;REPUBLICANOS,,,,established,,,
2015-05-11,dilma_2,dilma_2-2015-03-19,dilma_2-2015-04-16,primary_adjudicated,MDB;PCdoB;PDT;PL;PP;PSD;PT;PTB;REPUBLICANOS,PCdoB;PDT;PMDB;PP;PR;PRB;PSD;PT;PTB,MDB;PCdoB;PDT;PL;PP;PSD;PT;PTB;REPUBLICANOS,,,,established,,,
2015-05-12,dilma_2,dilma_2-2015-03-19,dilma_2-2015-04-16,primary_adjudicated,MDB;PCdoB;PDT;PL;PP;PSD;PT;PTB;REPUBLICANOS,PCdoB;PDT;PMDB;PP;PR;PRB;PSD;PT;PTB,MDB;PCdoB;PDT;PL;PP;PSD;PT;PTB;REPUBLICANOS,,,,established,,,
2015-05-13,dilma_2,dilma_2-2015-03-19,dilma_2-2015-04-16,primary_adjudicated,MDB;PCdoB;PDT;PL;PP;PSD;PT;PTB;REPUBLICANOS,PCdoB;PDT;PMDB;PP;PR;PRB;PSD;PT;PTB,MDB;PCdoB;PDT;PL;PP;PSD;PT;PTB;REPUBLICANOS,,,,established,,,
2015-05-14,dilma_2,dilma_2-2015-03-19,dilma_2-2015-04-16,primary_adjudicated,MDB;PCdoB;PDT;PL;PP;PSD;PT;PTB;REPUBLICANOS,PCdoB;PDT;PMDB;PP;PR;PRB;PSD;PT;PTB,MDB;PCdoB;PDT;PL;PP;PSD;PT;PTB;REPUBLICANOS,,,,established,,,
2015-05-15,dilma_2,dilma_2-2015-03-19,dilma_2-2015-04-16,primary_adjudicated,MDB;PCdoB;PDT;PL;PP;PSD;PT;PTB;REPUBLICANOS,PCdoB;PDT;PMDB;PP;PR;PRB;PSD;PT;PTB,MDB;PCdoB;PDT;PL;PP;PSD;PT;PTB;REPUBLICANOS,,,,established,,,
2015-05-16,dilma_2,dilma_2-2015-03-19,dilma_2-2015-04-16,primary_adjudicated,MDB;PCdoB;PDT;PL;PP;PSD;PT;PTB;REPUBLICANOS,PCdoB;PDT;PMDB;PP;PR;PRB;PSD;PT;PTB,MDB;PCdoB;PDT;PL;PP;PSD;PT;PTB;REPUBLICANOS,,,,established,,,
2015-05-17,dilma_2,dilma_2-2015-03-19,dilma_2-2015-04-16,primary_adjudicated,MDB;PCdoB;PDT;PL;PP;PSD;PT;PTB;REPUBLICANOS,PCdoB;PDT;PMDB;PP;PR;PRB;PSD;PT;PTB,MDB;PCdoB;PDT;PL;PP;PSD;PT;PTB;REPUBLICANOS,,,,established,,,
2015-05-18,dilma_2,dilma_2-2015-03-19,dilma_2-2015-04-16,primary_adjudicated,MDB;PCdoB;PDT;PL;PP;PSD;PT;PTB;REPUBLICANOS,PCdoB;PDT;PMDB;PP;PR;PRB;PSD;PT;PTB,MDB;PCdoB;PDT;PL;PP;PSD;PT;PTB;REPUBLICANOS,,,,established,,,
2015-05-19,dilma_2,dilma_2-2015-03-19,dilma_2-2015-04-16,primary_adjudicated,MDB;PCdoB;PDT;PL;PP;PSD;PT;PTB;REPUBLICANOS,PCdoB;PDT;PMDB;PP;PR;PRB;PSD;PT;PTB,MDB;PCdoB;PDT;PL;PP;PSD;PT;PTB;REPUBLICANOS,,,,established,,,
2015-05-20,dilma_2,dilma_2-2015-03-19,dilma_2-2015-04-16,primary_adjudicated,MDB;PCdoB;PDT;PL;PP;PSD;PT;PTB;REPUBLICANOS,PCdoB;PDT;PMDB;PP;PR;PRB;PSD;PT;PTB,MDB;PCdoB;PDT;PL;PP;PSD;PT;PTB;REPUBLICANOS,,,,established,,,
2015-05-21,dilma_2,dilma_2-2015-03-19,dilma_2-2015-04-16,primary_adjudicated,MDB;PCdoB;PDT;PL;PP;PSD;PT;PTB;REPUBLICANOS,PCdoB;PDT;PMDB;PP;PR;PRB;PSD;PT;PTB,MDB;PCdoB;PDT;PL;PP;PSD;PT;PTB;REPUBLICANOS,,,,established,,,
2015-05-22,dilma_2,dilma_2-2015-03-19,dilma_2-2015-04-16,primary_adjudicated,MDB;PCdoB;PDT;PL;PP;PSD;PT;PTB;REPUBLICANOS,PCdoB;PDT;PMDB;PP;PR;PRB;PSD;PT;PTB,MDB;PCdoB;PDT;PL;PP;PSD;PT;PTB;REPUBLICANOS,,,,established,,,
2015-05-23,dilma_2,dilma_2-2015-03-19,dilma_2-2015-04-16,primary_adjudicated,MDB;PCdoB;PDT;PL;PP;PSD;PT;PTB;REPUBLICANOS,PCdoB;PDT;PMDB;PP;PR;PRB;PSD;PT;PTB,MDB;PCdoB;PDT;PL;PP;PSD;PT;PTB;REPUBLICANOS,,,,established,,,
2015-05-24,dilma_2,dilma_2-2015-03-19,dilma_2-2015-04-16,primary_adjudicated,MDB;PCdoB;PDT;PL;PP;PSD;PT;PTB;REPUBLICANOS,PCdoB;PDT;PMDB;PP;PR;PRB;PSD;PT;PTB,MDB;PCdoB;PDT;PL;PP;PSD;PT;PTB;REPUBLICANOS,,,,established,,,
2015-05-25,dilma_2,dilma_2-2015-03-19,dilma_2-2015-04-16,primary_adjudicated,MDB;PCdoB;PDT;PL;PP;PSD;PT;PTB;REPUBLICANOS,PCdoB;PDT;PMDB;PP;PR;PRB;PSD;PT;PTB,MDB;PCdoB;PDT;PL;PP;PSD;PT;PTB;REPUBLICANOS,,,,established,,,
2015-05-26,dilma_2,dilma_2-2015-03-19,dilma_2-2015-04-16,primary_adjudicated,MDB;PCdoB;PDT;PL;PP;PSD;PT;PTB;REPUBLICANOS,PCdoB;PDT;PMDB;PP;PR;PRB;PSD;PT;PTB,MDB;PCdoB;PDT;PL;PP;PSD;PT;PTB;REPUBLICANOS,,,,established,,,
2015-05-27,dilma_2,dilma_2-2015-03-19,dilma_2-2015-04-16,primary_adjudicated,MDB;PCdoB;PDT;PL;PP;PSD;PT;PTB;REPUBLICANOS,PCdoB;PDT;PMDB;PP;PR;PRB;PSD;PT;PTB,MDB;PCdoB;PDT;PL;PP;PSD;PT;PTB;REPUBLICANOS,,,,established,,,
2015-05-28,dilma_2,dilma_2-2015-03-19,dilma_2-2015-04-16,primary_adjudicated,MDB;PCdoB;PDT;PL;PP;PSD;PT;PTB;REPUBLICANOS,PCdoB;PDT;PMDB;PP;PR;PRB;PSD;PT;PTB,MDB;PCdoB;PDT;PL;PP;PSD;PT;PTB;REPUBLICANOS,,,,established,,,
2015-05-29,dilma_2,dilma_2-2015-03-19,dilma_2-2015-04-16,primary_adjudicated,MDB;PCdoB;PDT;PL;PP;PSD;PT;PTB;REPUBLICANOS,PCdoB;PDT;PMDB;PP;PR;PRB;PSD;PT;PTB,MDB;PCdoB;PDT;PL;PP;PSD;PT;PTB;REPUBLICANOS,,,,established,,,
2015-05-30,dilma_2,dilma_2-2015-03-19,dilma_2-2015-04-16,primary_adjudicated,MDB;PCdoB;PDT;PL;PP;PSD;PT;PTB;REPUBLICANOS,PCdoB;PDT;PMDB;PP;PR;PRB;PSD;PT;PTB,MDB;PCdoB;PDT;PL;PP;PSD;PT;PTB;REPUBLICANOS,,,,established,,,
2015-05-31,dilma_2,dilma_2-2015-03-19,dilma_2-2015-04-16,primary_adjudicated,MDB;PCdoB;PDT;PL;PP;PSD;PT;PTB;REPUBLICANOS,PCdoB;PDT;PMDB;PP;PR;PRB;PSD;PT;PTB,MDB;PCdoB;PDT;PL;PP;PSD;PT;PTB;REPUBLICANOS,,,,established,,,
2015-06-01,dilma_2,dilma_2-2015-03-19,dilma_2-2015-04-16,primary_adjudicated,MDB;PCdoB;PDT;PL;PP;PSD;PT;PTB;REPUBLICANOS,PCdoB;PDT;PMDB;PP;PR;PRB;PSD;PT;PTB,MDB;PCdoB;PDT;PL;PP;PSD;PT;PTB;REPUBLICANOS,,,,established,,,
2015-06-02,dilma_2,dilma_2-2015-03-19,dilma_2-2015-04-16,primary_adjudicated,MDB;PCdoB;PDT;PL;PP;PSD;PT;PTB;REPUBLICANOS,PCdoB;PDT;PMDB;PP;PR;PRB;PSD;PT;PTB,MDB;PCdoB;PDT;PL;PP;PSD;PT;PTB;REPUBLICANOS,,,,established,,,
2015-06-03,dilma_2,dilma_2-2015-03-19,dilma_2-2015-04-16,primary_adjudicated,MDB;PCdoB;PDT;PL;PP;PSD;PT;PTB;REPUBLICANOS,PCdoB;PDT;PMDB;PP;PR;PRB;PSD;PT;PTB,MDB;PCdoB;PDT;PL;PP;PSD;PT;PTB;REPUBLICANOS,,,,established,,,
2015-06-04,dilma_2,dilma_2-2015-03-19,dilma_2-2015-04-16,primary_adjudicated,MDB;PCdoB;PDT;PL;PP;PSD;PT;PTB;REPUBLICANOS,PCdoB;PDT;PMDB;PP;PR;PRB;PSD;PT;PTB,MDB;PCdoB;PDT;PL;PP;PSD;PT;PTB;REPUBLICANOS,,,,established,,,
2015-06-05,dilma_2,dilma_2-2015-03-19,dilma_2-2015-04-16,primary_adjudicated,MDB;PCdoB;PDT;PL;PP;PSD;PT;PTB;REPUBLICANOS,PCdoB;PDT;PMDB;PP;PR;PRB;PSD;PT;PTB,MDB;PCdoB;PDT;PL;PP;PSD;PT;PTB;REPUBLICANOS,,,,established,,,
2015-06-06,dilma_2,dilma_2-2015-03-19,dilma_2-2015-04-16,primary_adjudicated,MDB;PCdoB;PDT;PL;PP;PSD;PT;PTB;REPUBLICANOS,PCdoB;PDT;PMDB;PP;PR;PRB;PSD;PT;PTB,MDB;PCdoB;PDT;PL;PP;PSD;PT;PTB;REPUBLICANOS,,,,established,,,
2015-06-07,dilma_2,dilma_2-2015-03-19,dilma_2-2015-04-16,primary_adjudicated,MDB;PCdoB;PDT;PL;PP;PSD;PT;PTB;REPUBLICANOS,PCdoB;PDT;PMDB;PP;PR;PRB;PSD;PT;PTB,MDB;PCdoB;PDT;PL;PP;PSD;PT;PTB;REPUBLICANOS,,,,established,,,
2015-06-08,dilma_2,dilma_2-2015-03-19,dilma_2-2015-04-16,primary_adjudicated,MDB;PCdoB;PDT;PL;PP;PSD;PT;PTB;REPUBLICANOS,PCdoB;PDT;PMDB;PP;PR;PRB;PSD;PT;PTB,MDB;PCdoB;PDT;PL;PP;PSD;PT;PTB;REPUBLICANOS,,,,established,,,
2015-06-09,dilma_2,dilma_2-2015-03-19,dilma_2-2015-04-16,primary_adjudicated,MDB;PCdoB;PDT;PL;PP;PSD;PT;PTB;REPUBLICANOS,PCdoB;PDT;PMDB;PP;PR;PRB;PSD;PT;PTB,MDB;PCdoB;PDT;PL;PP;PSD;PT;PTB;REPUBLICANOS,,,,established,,,
2015-06-10,dilma_2,dilma_2-2015-03-19,dilma_2-2015-04-16,primary_adjudicated,MDB;PCdoB;PDT;PL;PP;PSD;PT;PTB;REPUBLICANOS,PCdoB;PDT;PMDB;PP;PR;PRB;PSD;PT;PTB,MDB;PCdoB;PDT;PL;PP;PSD;PT;PTB;REPUBLICANOS,,,,established,,,
2015-06-11,dilma_2,dilma_2-2015-03-19,dilma_2-2015-04-16,primary_adjudicated,MDB;PCdoB;PDT;PL;PP;PSD;PT;PTB;REPUBLICANOS,PCdoB;PDT;PMDB;PP;PR;PRB;PSD;PT;PTB,MDB;PCdoB;PDT;PL;PP;PSD;PT;PTB;REPUBLICANOS,,,,established,,,
2015-06-12,dilma_2,dilma_2-2015-03-19,dilma_2-2015-04-16,primary_adjudicated,MDB;PCdoB;PDT;PL;PP;PSD;PT;PTB;REPUBLICANOS,PCdoB;PDT;PMDB;PP;PR;PRB;PSD;PT;PTB,MDB;PCdoB;PDT;PL;PP;PSD;PT;PTB;REPUBLICANOS,,,,established,,,
2015-06-13,dilma_2,dilma_2-2015-03-19,dilma_2-2015-04-16,primary_adjudicated,MDB;PCdoB;PDT;PL;PP;PSD;PT;PTB;REPUBLICANOS,PCdoB;PDT;PMDB;PP;PR;PRB;PSD;PT;PTB,MDB;PCdoB;PDT;PL;PP;PSD;PT;PTB;REPUBLICANOS,,,,established,,,
2015-06-14,dilma_2,dilma_2-2015-03-19,dilma_2-2015-04-16,primary_adjudicated,MDB;PCdoB;PDT;PL;PP;PSD;PT;PTB;REPUBLICANOS,PCdoB;PDT;PMDB;PP;PR;PRB;PSD;PT;PTB,MDB;PCdoB;PDT;PL;PP;PSD;PT;PTB;REPUBLICANOS,,,,established,,,
2015-06-15,dilma_2,dilma_2-2015-03-19,dilma_2-2015-04-16,primary_adjudicated,MDB;PCdoB;PDT;PL;PP;PSD;PT;PTB;REPUBLICANOS,PCdoB;PDT;PMDB;PP;PR;PRB;PSD;PT;PTB,MDB;PCdoB;PDT;PL;PP;PSD;PT;PTB;REPUBLICANOS,,,,established,,,
2015-06-16,dilma_2,dilma_2-2015-03-19,dilma_2-2015-04-16,primary_adjudicated,MDB;PCdoB;PDT;PL;PP;PSD;PT;PTB;REPUBLICANOS,PCdoB;PDT;PMDB;PP;PR;PRB;PSD;PT;PTB,MDB;PCdoB;PDT;PL;PP;PSD;PT;PTB;REPUBLICANOS,,,,established,,,
2015-06-17,dilma_2,dilma_2-2015-03-19,dilma_2-2015-04-16,primary_adjudicated,MDB;PCdoB;PDT;PL;PP;PSD;PT;PTB;REPUBLICANOS,PCdoB;PDT;PMDB;PP;PR;PRB;PSD;PT;PTB,MDB;PCdoB;PDT;PL;PP;PSD;PT;PTB;REPUBLICANOS,,,,established,,,
2015-06-18,dilma_2,dilma_2-2015-03-19,dilma_2-2015-04-16,primary_adjudicated,MDB;PCdoB;PDT;PL;PP;PSD;PT;PTB;REPUBLICANOS,PCdoB;PDT;PMDB;PP;PR;PRB;PSD;PT;PTB,MDB;PCdoB;PDT;PL;PP;PSD;PT;PTB;REPUBLICANOS,,,,established,,,
2015-06-19,dilma_2,dilma_2-2015-03-19,dilma_2-2015-04-16,primary_adjudicated,MDB;PCdoB;PDT;PL;PP;PSD;PT;PTB;REPUBLICANOS,PCdoB;PDT;PMDB;PP;PR;PRB;PSD;PT;PTB,MDB;PCdoB;PDT;PL;PP;PSD;PT;PTB;REPUBLICANOS,,,,established,,,
2015-06-20,dilma_2,dilma_2-2015-03-19,dilma_2-2015-04-16,primary_adjudicated,MDB;PCdoB;PDT;PL;PP;PSD;PT;PTB;REPUBLICANOS,PCdoB;PDT;PMDB;PP;PR;PRB;PSD;PT;PTB,MDB;PCdoB;PDT;PL;PP;PSD;PT;PTB;REPUBLICANOS,,,,established,,,
2015-06-21,dilma_2,dilma_2-2015-03-19,dilma_2-2015-04-16,primary_adjudicated,MDB;PCdoB;PDT;PL;PP;PSD;PT;PTB;REPUBLICANOS,PCdoB;PDT;PMDB;PP;PR;PRB;PSD;PT;PTB,MDB;PCdoB;PDT;PL;PP;PSD;PT;PTB;REPUBLICANOS,,,,established,,,
2015-06-22,dilma_2,dilma_2-2015-03-19,dilma_2-2015-04-16,primary_adjudicated,MDB;PCdoB;PDT;PL;PP;PSD;PT;PTB;REPUBLICANOS,PCdoB;PDT;PMDB;PP;PR;PRB;PSD;PT;PTB,MDB;PCdoB;PDT;PL;PP;PSD;PT;PTB;REPUBLICANOS,,,,established,,,
2015-06-23,dilma_2,dilma_2-2015-03-19,dilma_2-2015-04-16,primary_adjudicated,MDB;PCdoB;PDT;PL;PP;PSD;PT;PTB;REPUBLICANOS,PCdoB;PDT;PMDB;PP;PR;PRB;PSD;PT;PTB,MDB;PCdoB;PDT;PL;PP;PSD;PT;PTB;REPUBLICANOS,,,,established,,,
2015-06-24,dilma_2,dilma_2-2015-03-19,dilma_2-2015-04-16,primary_adjudicated,MDB;PCdoB;PDT;PL;PP;PSD;PT;PTB;REPUBLICANOS,PCdoB;PDT;PMDB;PP;PR;PRB;PSD;PT;PTB,MDB;PCdoB;PDT;PL;PP;PSD;PT;PTB;REPUBLICANOS,,,,established,,,
2015-06-25,dilma_2,dilma_2-2015-03-19,dilma_2-2015-04-16,primary_adjudicated,MDB;PCdoB;PDT;PL;PP;PSD;PT;PTB;REPUBLICANOS,PCdoB;PDT;PMDB;PP;PR;PRB;PSD;PT;PTB,MDB;PCdoB;PDT;PL;PP;PSD;PT;PTB;REPUBLICANOS,,,,established,,,
2015-06-26,dilma_2,dilma_2-2015-03-19,dilma_2-2015-04-16,primary_adjudicated,MDB;PCdoB;PDT;PL;PP;PSD;PT;PTB;REPUBLICANOS,PCdoB;PDT;PMDB;PP;PR;PRB;PSD;PT;PTB,MDB;PCdoB;PDT;PL;PP;PSD;PT;PTB;REPUBLICANOS,,,,established,,,
2015-06-27,dilma_2,dilma_2-2015-03-19,dilma_2-2015-04-16,primary_adjudicated,MDB;PCdoB;PDT;PL;PP;PSD;PT;PTB;REPUBLICANOS,PCdoB;PDT;PMDB;PP;PR;PRB;PSD;PT;PTB,MDB;PCdoB;PDT;PL;PP;PSD;PT;PTB;REPUBLICANOS,,,,established,,,
2015-06-28,dilma_2,dilma_2-2015-03-19,dilma_2-2015-04-16,primary_adjudicated,MDB;PCdoB;PDT;PL;PP;PSD;PT;PTB;REPUBLICANOS,PCdoB;PDT;PMDB;PP;PR;PRB;PSD;PT;PTB,MDB;PCdoB;PDT;PL;PP;PSD;PT;PTB;REPUBLICANOS,,,,established,,,
2015-06-29,dilma_2,dilma_2-2015-03-19,dilma_2-2015-04-16,primary_adjudicated,MDB;PCdoB;PDT;PL;PP;PSD;PT;PTB;REPUBLICANOS,PCdoB;PDT;PMDB;PP;PR;PRB;PSD;PT;PTB,MDB;PCdoB;PDT;PL;PP;PSD;PT;PTB;REPUBLICANOS,,,,established,,,
2015-06-30,dilma_2,dilma_2-2015-03-19,dilma_2-2015-04-16,primary_adjudicated,MDB;PCdoB;PDT;PL;PP;PSD;PT;PTB;REPUBLICANOS,PCdoB;PDT;PMDB;PP;PR;PRB;PSD;PT;PTB,MDB;PCdoB;PDT;PL;PP;PSD;PT;PTB;REPUBLICANOS,,,,established,,,
2015-07-01,dilma_2,dilma_2-2015-03-19,dilma_2-2015-04-16,primary_adjudicated,MDB;PCdoB;PDT;PL;PP;PSD;PT;PTB;REPUBLICANOS,PCdoB;PDT;PMDB;PP;PR;PRB;PSD;PT;PTB,MDB;PCdoB;PDT;PL;PP;PSD;PT;PTB;REPUBLICANOS,,,,established,,,
2015-07-02,dilma_2,dilma_2-2015-03-19,dilma_2-2015-04-16,primary_adjudicated,MDB;PCdoB;PDT;PL;PP;PSD;PT;PTB;REPUBLICANOS,PCdoB;PDT;PMDB;PP;PR;PRB;PSD;PT;PTB,MDB;PCdoB;PDT;PL;PP;PSD;PT;PTB;REPUBLICANOS,,,,established,,,
2015-07-03,dilma_2,dilma_2-2015-03-19,dilma_2-2015-04-16,primary_adjudicated,MDB;PCdoB;PDT;PL;PP;PSD;PT;PTB;REPUBLICANOS,PCdoB;PDT;PMDB;PP;PR;PRB;PSD;PT;PTB,MDB;PCdoB;PDT;PL;PP;PSD;PT;PTB;REPUBLICANOS,,,,established,,,
2015-07-04,dilma_2,dilma_2-2015-03-19,dilma_2-2015-04-16,primary_adjudicated,MDB;PCdoB;PDT;PL;PP;PSD;PT;PTB;REPUBLICANOS,PCdoB;PDT;PMDB;PP;PR;PRB;PSD;PT;PTB,MDB;PCdoB;PDT;PL;PP;PSD;PT;PTB;REPUBLICANOS,,,,established,,,
2015-07-05,dilma_2,dilma_2-2015-03-19,dilma_2-2015-04-16,primary_adjudicated,MDB;PCdoB;PDT;PL;PP;PSD;PT;PTB;REPUBLICANOS,PCdoB;PDT;PMDB;PP;PR;PRB;PSD;PT;PTB,MDB;PCdoB;PDT;PL;PP;PSD;PT;PTB;REPUBLICANOS,,,,established,,,
2015-07-06,dilma_2,dilma_2-2015-03-19,dilma_2-2015-04-16,primary_adjudicated,MDB;PCdoB;PDT;PL;PP;PSD;PT;PTB;REPUBLICANOS,PCdoB;PDT;PMDB;PP;PR;PRB;PSD;PT;PTB,MDB;PCdoB;PDT;PL;PP;PSD;PT;PTB;REPUBLICANOS,,,,established,,,
2015-07-07,dilma_2,dilma_2-2015-03-19,dilma_2-2015-04-16,primary_adjudicated,MDB;PCdoB;PDT;PL;PP;PSD;PT;PTB;REPUBLICANOS,PCdoB;PDT;PMDB;PP;PR;PRB;PSD;PT;PTB,MDB;PCdoB;PDT;PL;PP;PSD;PT;PTB;REPUBLICANOS,,,,established,,,
2015-07-08,dilma_2,dilma_2-2015-03-19,dilma_2-2015-04-16,primary_adjudicated,MDB;PCdoB;PDT;PL;PP;PSD;PT;PTB;REPUBLICANOS,PCdoB;PDT;PMDB;PP;PR;PRB;PSD;PT;PTB,MDB;PCdoB;PDT;PL;PP;PSD;PT;PTB;REPUBLICANOS,,,,established,,,
2015-07-09,dilma_2,dilma_2-2015-03-19,dilma_2-2015-04-16,primary_adjudicated,MDB;PCdoB;PDT;PL;PP;PSD;PT;PTB;REPUBLICANOS,PCdoB;PDT;PMDB;PP;PR;PRB;PSD;PT;PTB,MDB;PCdoB;PDT;PL;PP;PSD;PT;PTB;REPUBLICANOS,,,,established,,,
2015-07-10,dilma_2,dilma_2-2015-03-19,dilma_2-2015-04-16,primary_adjudicated,MDB;PCdoB;PDT;PL;PP;PSD;PT;PTB;REPUBLICANOS,PCdoB;PDT;PMDB;PP;PR;PRB;PSD;PT;PTB,MDB;PCdoB;PDT;PL;PP;PSD;PT;PTB;REPUBLICANOS,,,,established,,,
2015-07-11,dilma_2,dilma_2-2015-03-19,dilma_2-2015-04-16,primary_adjudicated,MDB;PCdoB;PDT;PL;PP;PSD;PT;PTB;REPUBLICANOS,PCdoB;PDT;PMDB;PP;PR;PRB;PSD;PT;PTB,MDB;PCdoB;PDT;PL;PP;PSD;PT;PTB;REPUBLICANOS,,,,established,,,
2015-07-12,dilma_2,dilma_2-2015-03-19,dilma_2-2015-04-16,primary_adjudicated,MDB;PCdoB;PDT;PL;PP;PSD;PT;PTB;REPUBLICANOS,PCdoB;PDT;PMDB;PP;PR;PRB;PSD;PT;PTB,MDB;PCdoB;PDT;PL;PP;PSD;PT;PTB;REPUBLICANOS,,,,established,,,
2015-07-13,dilma_2,dilma_2-2015-03-19,dilma_2-2015-04-16,primary_adjudicated,MDB;PCdoB;PDT;PL;PP;PSD;PT;PTB;REPUBLICANOS,PCdoB;PDT;PMDB;PP;PR;PRB;PSD;PT;PTB,MDB;PCdoB;PDT;PL;PP;PSD;PT;PTB;REPUBLICANOS,,,,established,,,
2015-07-14,dilma_2,dilma_2-2015-03-19,dilma_2-2015-04-16,primary_adjudicated,MDB;PCdoB;PDT;PL;PP;PSD;PT;PTB;REPUBLICANOS,PCdoB;PDT;PMDB;PP;PR;PRB;PSD;PT;PTB,MDB;PCdoB;PDT;PL;PP;PSD;PT;PTB;REPUBLICANOS,,,,established,,,
2015-07-15,dilma_2,dilma_2-2015-03-19,dilma_2-2015-04-16,primary_adjudicated,MDB;PCdoB;PDT;PL;PP;PSD;PT;PTB;REPUBLICANOS,PCdoB;PDT;PMDB;PP;PR;PRB;PSD;PT;PTB,MDB;PCdoB;PDT;PL;PP;PSD;PT;PTB;REPUBLICANOS,,,,established,,,
2015-07-16,dilma_2,dilma_2-2015-03-19,dilma_2-2015-04-16,primary_adjudicated,MDB;PCdoB;PDT;PL;PP;PSD;PT;PTB;REPUBLICANOS,PCdoB;PDT;PMDB;PP;PR;PRB;PSD;PT;PTB,MDB;PCdoB;PDT;PL;PP;PSD;PT;PTB;REPUBLICANOS,,,,established,,,
2015-07-17,dilma_2,dilma_2-2015-03-19,dilma_2-2015-04-16,primary_adjudicated,MDB;PCdoB;PDT;PL;PP;PSD;PT;PTB;REPUBLICANOS,PCdoB;PDT;PMDB;PP;PR;PRB;PSD;PT;PTB,MDB;PCdoB;PDT;PL;PP;PSD;PT;PTB;REPUBLICANOS,,,,established,,,
2015-07-18,dilma_2,dilma_2-2015-03-19,dilma_2-2015-04-16,primary_adjudicated,MDB;PCdoB;PDT;PL;PP;PSD;PT;PTB;REPUBLICANOS,PCdoB;PDT;PMDB;PP;PR;PRB;PSD;PT;PTB,MDB;PCdoB;PDT;PL;PP;PSD;PT;PTB;REPUBLICANOS,,,,established,,,
2015-07-19,dilma_2,dilma_2-2015-03-19,dilma_2-2015-04-16,primary_adjudicated,MDB;PCdoB;PDT;PL;PP;PSD;PT;PTB;REPUBLICANOS,PCdoB;PDT;PMDB;PP;PR;PRB;PSD;PT;PTB,MDB;PCdoB;PDT;PL;PP;PSD;PT;PTB;REPUBLICANOS,,,,established,,,
2015-07-20,dilma_2,dilma_2-2015-03-19,dilma_2-2015-04-16,primary_adjudicated,MDB;PCdoB;PDT;PL;PP;PSD;PT;PTB;REPUBLICANOS,PCdoB;PDT;PMDB;PP;PR;PRB;PSD;PT;PTB,MDB;PCdoB;PDT;PL;PP;PSD;PT;PTB;REPUBLICANOS,,,,established,,,
2015-07-21,dilma_2,dilma_2-2015-03-19,dilma_2-2015-04-16,primary_adjudicated,MDB;PCdoB;PDT;PL;PP;PSD;PT;PTB;REPUBLICANOS,PCdoB;PDT;PMDB;PP;PR;PRB;PSD;PT;PTB,MDB;PCdoB;PDT;PL;PP;PSD;PT;PTB;REPUBLICANOS,,,,established,,,
2015-07-22,dilma_2,dilma_2-2015-03-19,dilma_2-2015-04-16,primary_adjudicated,MDB;PCdoB;PDT;PL;PP;PSD;PT;PTB;REPUBLICANOS,PCdoB;PDT;PMDB;PP;PR;PRB;PSD;PT;PTB,MDB;PCdoB;PDT;PL;PP;PSD;PT;PTB;REPUBLICANOS,,,,established,,,
2015-07-23,dilma_2,dilma_2-2015-03-19,dilma_2-2015-04-16,primary_adjudicated,MDB;PCdoB;PDT;PL;PP;PSD;PT;PTB;REPUBLICANOS,PCdoB;PDT;PMDB;PP;PR;PRB;PSD;PT;PTB,MDB;PCdoB;PDT;PL;PP;PSD;PT;PTB;REPUBLICANOS,,,,established,,,
2015-07-24,dilma_2,dilma_2-2015-03-19,dilma_2-2015-04-16,primary_adjudicated,MDB;PCdoB;PDT;PL;PP;PSD;PT;PTB;REPUBLICANOS,PCdoB;PDT;PMDB;PP;PR;PRB;PSD;PT;PTB,MDB;PCdoB;PDT;PL;PP;PSD;PT;PTB;REPUBLICANOS,,,,established,,,
2015-07-25,dilma_2,dilma_2-2015-03-19,dilma_2-2015-04-16,primary_adjudicated,MDB;PCdoB;PDT;PL;PP;PSD;PT;PTB;REPUBLICANOS,PCdoB;PDT;PMDB;PP;PR;PRB;PSD;PT;PTB,MDB;PCdoB;PDT;PL;PP;PSD;PT;PTB;REPUBLICANOS,,,,established,,,
2015-07-26,dilma_2,dilma_2-2015-03-19,dilma_2-2015-04-16,primary_adjudicated,MDB;PCdoB;PDT;PL;PP;PSD;PT;PTB;REPUBLICANOS,PCdoB;PDT;PMDB;PP;PR;PRB;PSD;PT;PTB,MDB;PCdoB;PDT;PL;PP;PSD;PT;PTB;REPUBLICANOS,,,,established,,,
2015-07-27,dilma_2,dilma_2-2015-03-19,dilma_2-2015-04-16,primary_adjudicated,MDB;PCdoB;PDT;PL;PP;PSD;PT;PTB;REPUBLICANOS,PCdoB;PDT;PMDB;PP;PR;PRB;PSD;PT;PTB,MDB;PCdoB;PDT;PL;PP;PSD;PT;PTB;REPUBLICANOS,,,,established,,,
2015-07-28,dilma_2,dilma_2-2015-03-19,dilma_2-2015-04-16,primary_adjudicated,MDB;PCdoB;PDT;PL;PP;PSD;PT;PTB;REPUBLICANOS,PCdoB;PDT;PMDB;PP;PR;PRB;PSD;PT;PTB,MDB;PCdoB;PDT;PL;PP;PSD;PT;PTB;REPUBLICANOS,,,,established,,,
2015-07-29,dilma_2,dilma_2-2015-03-19,dilma_2-2015-04-16,primary_adjudicated,MDB;PCdoB;PDT;PL;PP;PSD;PT;PTB;REPUBLICANOS,PCdoB;PDT;PMDB;PP;PR;PRB;PSD;PT;PTB,MDB;PCdoB;PDT;PL;PP;PSD;PT;PTB;REPUBLICANOS,,,,established,,,
2015-07-30,dilma_2,dilma_2-2015-03-19,dilma_2-2015-04-16,primary_adjudicated,MDB;PCdoB;PDT;PL;PP;PSD;PT;PTB;REPUBLICANOS,PCdoB;PDT;PMDB;PP;PR;PRB;PSD;PT;PTB,MDB;PCdoB;PDT;PL;PP;PSD;PT;PTB;REPUBLICANOS,,,,established,,,
2015-07-31,dilma_2,dilma_2-2015-03-19,dilma_2-2015-04-16,primary_adjudicated,MDB;PCdoB;PDT;PL;PP;PSD;PT;PTB;REPUBLICANOS,PCdoB;PDT;PMDB;PP;PR;PRB;PSD;PT;PTB,MDB;PCdoB;PDT;PL;PP;PSD;PT;PTB;REPUBLICANOS,,,,established,,,
2015-08-01,dilma_2,dilma_2-2015-03-19,dilma_2-2015-04-16,primary_adjudicated,MDB;PCdoB;PDT;PL;PP;PSD;PT;PTB;REPUBLICANOS,PCdoB;PDT;PMDB;PP;PR;PRB;PSD;PT;PTB,MDB;PCdoB;PDT;PL;PP;PSD;PT;PTB;REPUBLICANOS,,,,established,,,
2015-08-02,dilma_2,dilma_2-2015-03-19,dilma_2-2015-04-16,primary_adjudicated,MDB;PCdoB;PDT;PL;PP;PSD;PT;PTB;REPUBLICANOS,PCdoB;PDT;PMDB;PP;PR;PRB;PSD;PT;PTB,MDB;PCdoB;PDT;PL;PP;PSD;PT;PTB;REPUBLICANOS,,,,established,,,
2015-08-03,dilma_2,dilma_2-2015-03-19,dilma_2-2015-04-16,primary_adjudicated,MDB;PCdoB;PDT;PL;PP;PSD;PT;PTB;REPUBLICANOS,PCdoB;PDT;PMDB;PP;PR;PRB;PSD;PT;PTB,MDB;PCdoB;PDT;PL;PP;PSD;PT;PTB;REPUBLICANOS,,,,established,,,
2015-08-04,dilma_2,dilma_2-2015-03-19,dilma_2-2015-04-16,primary_adjudicated,MDB;PCdoB;PDT;PL;PP;PSD;PT;PTB;REPUBLICANOS,PCdoB;PDT;PMDB;PP;PR;PRB;PSD;PT;PTB,MDB;PCdoB;PDT;PL;PP;PSD;PT;PTB;REPUBLICANOS,,,,established,,,
2015-08-05,dilma_2,dilma_2-2015-03-19,dilma_2-2015-04-16,primary_adjudicated,MDB;PCdoB;PDT;PL;PP;PSD;PT;PTB;REPUBLICANOS,PCdoB;PDT;PMDB;PP;PR;PRB;PSD;PT;PTB,MDB;PCdoB;PDT;PL;PP;PSD;PT;PTB;REPUBLICANOS,,,,established,,,
2015-08-06,dilma_2,dilma_2-2015-03-19,dilma_2-2015-04-16,primary_adjudicated,MDB;PCdoB;PDT;PL;PP;PSD;PT;PTB;REPUBLICANOS,PCdoB;PDT;PMDB;PP;PR;PRB;PSD;PT;PTB,MDB;PCdoB;PDT;PL;PP;PSD;PT;PTB;REPUBLICANOS,,,,established,,,
2015-08-07,dilma_2,dilma_2-2015-03-19,dilma_2-2015-04-16,primary_adjudicated,MDB;PCdoB;PDT;PL;PP;PSD;PT;PTB;REPUBLICANOS,PCdoB;PDT;PMDB;PP;PR;PRB;PSD;PT;PTB,MDB;PCdoB;PDT;PL;PP;PSD;PT;PTB;REPUBLICANOS,,,,established,,,
2015-08-08,dilma_2,dilma_2-2015-03-19,dilma_2-2015-04-16,primary_adjudicated,MDB;PCdoB;PDT;PL;PP;PSD;PT;PTB;REPUBLICANOS,PCdoB;PDT;PMDB;PP;PR;PRB;PSD;PT;PTB,MDB;PCdoB;PDT;PL;PP;PSD;PT;PTB;REPUBLICANOS,,,,established,,,
2015-08-09,dilma_2,dilma_2-2015-03-19,dilma_2-2015-04-16,primary_adjudicated,MDB;PCdoB;PDT;PL;PP;PSD;PT;PTB;REPUBLICANOS,PCdoB;PDT;PMDB;PP;PR;PRB;PSD;PT;PTB,MDB;PCdoB;PDT;PL;PP;PSD;PT;PTB;REPUBLICANOS,,,,established,,,
2015-08-10,dilma_2,dilma_2-2015-03-19,dilma_2-2015-04-16,primary_adjudicated,MDB;PCdoB;PDT;PL;PP;PSD;PT;PTB;REPUBLICANOS,PCdoB;PDT;PMDB;PP;PR;PRB;PSD;PT;PTB,MDB;PCdoB;PDT;PL;PP;PSD;PT;PTB;REPUBLICANOS,,,,established,,,
2015-08-11,dilma_2,dilma_2-2015-03-19,dilma_2-2015-04-16,primary_adjudicated,MDB;PCdoB;PDT;PL;PP;PSD;PT;PTB;REPUBLICANOS,PCdoB;PDT;PMDB;PP;PR;PRB;PSD;PT;PTB,MDB;PCdoB;PDT;PL;PP;PSD;PT;PTB;REPUBLICANOS,,,,established,,,
2015-08-12,dilma_2,dilma_2-2015-03-19,dilma_2-2015-04-16,primary_adjudicated,MDB;PCdoB;PDT;PL;PP;PSD;PT;PTB;REPUBLICANOS,PCdoB;PDT;PMDB;PP;PR;PRB;PSD;PT;PTB,MDB;PCdoB;PDT;PL;PP;PSD;PT;PTB;REPUBLICANOS,,,,established,,,
2015-08-13,dilma_2,dilma_2-2015-03-19,dilma_2-2015-04-16,primary_adjudicated,MDB;PCdoB;PDT;PL;PP;PSD;PT;PTB;REPUBLICANOS,PCdoB;PDT;PMDB;PP;PR;PRB;PSD;PT;PTB,MDB;PCdoB;PDT;PL;PP;PSD;PT;PTB;REPUBLICANOS,,,,established,,,
2015-08-14,dilma_2,dilma_2-2015-03-19,dilma_2-2015-04-16,primary_adjudicated,MDB;PCdoB;PDT;PL;PP;PSD;PT;PTB;REPUBLICANOS,PCdoB;PDT;PMDB;PP;PR;PRB;PSD;PT;PTB,MDB;PCdoB;PDT;PL;PP;PSD;PT;PTB;REPUBLICANOS,,,,established,,,
2015-08-15,dilma_2,dilma_2-2015-03-19,dilma_2-2015-04-16,primary_adjudicated,MDB;PCdoB;PDT;PL;PP;PSD;PT;PTB;REPUBLICANOS,PCdoB;PDT;PMDB;PP;PR;PRB;PSD;PT;PTB,MDB;PCdoB;PDT;PL;PP;PSD;PT;PTB;REPUBLICANOS,,,,established,,,
2015-08-16,dilma_2,dilma_2-2015-03-19,dilma_2-2015-04-16,primary_adjudicated,MDB;PCdoB;PDT;PL;PP;PSD;PT;PTB;REPUBLICANOS,PCdoB;PDT;PMDB;PP;PR;PRB;PSD;PT;PTB,MDB;PCdoB;PDT;PL;PP;PSD;PT;PTB;REPUBLICANOS,,,,established,,,
2015-08-17,dilma_2,dilma_2-2015-03-19,dilma_2-2015-04-16,primary_adjudicated,MDB;PCdoB;PDT;PL;PP;PSD;PT;PTB;REPUBLICANOS,PCdoB;PDT;PMDB;PP;PR;PRB;PSD;PT;PTB,MDB;PCdoB;PDT;PL;PP;PSD;PT;PTB;REPUBLICANOS,,,,established,,,
2015-08-18,dilma_2,dilma_2-2015-03-19,dilma_2-2015-04-16,primary_adjudicated,MDB;PCdoB;PDT;PL;PP;PSD;PT;PTB;REPUBLICANOS,PCdoB;PDT;PMDB;PP;PR;PRB;PSD;PT;PTB,MDB;PCdoB;PDT;PL;PP;PSD;PT;PTB;REPUBLICANOS,,,,established,,,
2015-08-19,dilma_2,dilma_2-2015-03-19,dilma_2-2015-04-16,primary_adjudicated,MDB;PCdoB;PDT;PL;PP;PSD;PT;PTB;REPUBLICANOS,PCdoB;PDT;PMDB;PP;PR;PRB;PSD;PT;PTB,MDB;PCdoB;PDT;PL;PP;PSD;PT;PTB;REPUBLICANOS,,,,established,,,
2015-08-20,dilma_2,dilma_2-2015-03-19,dilma_2-2015-04-16,primary_adjudicated,MDB;PCdoB;PDT;PL;PP;PSD;PT;PTB;REPUBLICANOS,PCdoB;PDT;PMDB;PP;PR;PRB;PSD;PT;PTB,MDB;PCdoB;PDT;PL;PP;PSD;PT;PTB;REPUBLICANOS,,,,established,,,
2015-08-21,dilma_2,dilma_2-2015-03-19,dilma_2-2015-04-16,primary_adjudicated,MDB;PCdoB;PDT;PL;PP;PSD;PT;PTB;REPUBLICANOS,PCdoB;PDT;PMDB;PP;PR;PRB;PSD;PT;PTB,MDB;PCdoB;PDT;PL;PP;PSD;PT;PTB;REPUBLICANOS,,,,established,,,
2015-08-22,dilma_2,dilma_2-2015-03-19,dilma_2-2015-04-16,primary_adjudicated,MDB;PCdoB;PDT;PL;PP;PSD;PT;PTB;REPUBLICANOS,PCdoB;PDT;PMDB;PP;PR;PRB;PSD;PT;PTB,MDB;PCdoB;PDT;PL;PP;PSD;PT;PTB;REPUBLICANOS,,,,established,,,
2015-08-23,dilma_2,dilma_2-2015-03-19,dilma_2-2015-04-16,primary_adjudicated,MDB;PCdoB;PDT;PL;PP;PSD;PT;PTB;REPUBLICANOS,PCdoB;PDT;PMDB;PP;PR;PRB;PSD;PT;PTB,MDB;PCdoB;PDT;PL;PP;PSD;PT;PTB;REPUBLICANOS,,,,established,,,
2015-08-24,dilma_2,dilma_2-2015-03-19,dilma_2-2015-04-16,primary_adjudicated,MDB;PCdoB;PDT;PL;PP;PSD;PT;PTB;REPUBLICANOS,PCdoB;PDT;PMDB;PP;PR;PRB;PSD;PT;PTB,MDB;PCdoB;PDT;PL;PP;PSD;PT;PTB;REPUBLICANOS,,,,established,,,
2015-08-25,dilma_2,dilma_2-2015-03-19,dilma_2-2015-04-16,primary_adjudicated,MDB;PCdoB;PDT;PL;PP;PSD;PT;PTB;REPUBLICANOS,PCdoB;PDT;PMDB;PP;PR;PRB;PSD;PT;PTB,MDB;PCdoB;PDT;PL;PP;PSD;PT;PTB;REPUBLICANOS,,,,established,,,
2015-08-26,dilma_2,dilma_2-2015-03-19,dilma_2-2015-04-16,primary_adjudicated,MDB;PCdoB;PDT;PL;PP;PSD;PT;PTB;REPUBLICANOS,PCdoB;PDT;PMDB;PP;PR;PRB;PSD;PT;PTB,MDB;PCdoB;PDT;PL;PP;PSD;PT;PTB;REPUBLICANOS,,,,established,,,
2015-08-27,dilma_2,dilma_2-2015-03-19,dilma_2-2015-04-16,primary_adjudicated,MDB;PCdoB;PDT;PL;PP;PSD;PT;PTB;REPUBLICANOS,PCdoB;PDT;PMDB;PP;PR;PRB;PSD;PT;PTB,MDB;PCdoB;PDT;PL;PP;PSD;PT;PTB;REPUBLICANOS,,,,established,,,
2015-08-28,dilma_2,dilma_2-2015-03-19,dilma_2-2015-04-16,primary_adjudicated,MDB;PCdoB;PDT;PL;PP;PSD;PT;PTB;REPUBLICANOS,PCdoB;PDT;PMDB;PP;PR;PRB;PSD;PT;PTB,MDB;PCdoB;PDT;PL;PP;PSD;PT;PTB;REPUBLICANOS,,,,established,,,
2015-08-29,dilma_2,dilma_2-2015-03-19,dilma_2-2015-04-16,primary_adjudicated,MDB;PCdoB;PDT;PL;PP;PSD;PT;PTB;REPUBLICANOS,PCdoB;PDT;PMDB;PP;PR;PRB;PSD;PT;PTB,MDB;PCdoB;PDT;PL;PP;PSD;PT;PTB;REPUBLICANOS,,,,established,,,
2015-08-30,dilma_2,dilma_2-2015-03-19,dilma_2-2015-04-16,primary_adjudicated,MDB;PCdoB;PDT;PL;PP;PSD;PT;PTB;REPUBLICANOS,PCdoB;PDT;PMDB;PP;PR;PRB;PSD;PT;PTB,MDB;PCdoB;PDT;PL;PP;PSD;PT;PTB;REPUBLICANOS,,,,established,,,
2015-08-31,dilma_2,dilma_2-2015-03-19,dilma_2-2015-04-16,primary_adjudicated,MDB;PCdoB;PDT;PL;PP;PSD;PT;PTB;REPUBLICANOS,PCdoB;PDT;PMDB;PP;PR;PRB;PSD;PT;PTB,MDB;PCdoB;PDT;PL;PP;PSD;PT;PTB;REPUBLICANOS,,,,established,,,
2015-09-01,dilma_2,dilma_2-2015-03-19,dilma_2-2015-04-16,primary_adjudicated,MDB;PCdoB;PDT;PL;PP;PSD;PT;PTB;REPUBLICANOS,PCdoB;PDT;PMDB;PP;PR;PRB;PSD;PT;PTB,MDB;PCdoB;PDT;PL;PP;PSD;PT;PTB;REPUBLICANOS,,,,established,,,
2015-09-02,dilma_2,dilma_2-2015-03-19,dilma_2-2015-04-16,primary_adjudicated,MDB;PCdoB;PDT;PL;PP;PSD;PT;PTB;REPUBLICANOS,PCdoB;PDT;PMDB;PP;PR;PRB;PSD;PT;PTB,MDB;PCdoB;PDT;PL;PP;PSD;PT;PTB;REPUBLICANOS,,,,established,,,
2015-09-03,dilma_2,dilma_2-2015-03-19,dilma_2-2015-04-16,primary_adjudicated,MDB;PCdoB;PDT;PL;PP;PSD;PT;PTB;REPUBLICANOS,PCdoB;PDT;PMDB;PP;PR;PRB;PSD;PT;PTB,MDB;PCdoB;PDT;PL;PP;PSD;PT;PTB;REPUBLICANOS,,,,established,,,
2015-09-04,dilma_2,dilma_2-2015-03-19,dilma_2-2015-04-16,primary_adjudicated,MDB;PCdoB;PDT;PL;PP;PSD;PT;PTB;REPUBLICANOS,PCdoB;PDT;PMDB;PP;PR;PRB;PSD;PT;PTB,MDB;PCdoB;PDT;PL;PP;PSD;PT;PTB;REPUBLICANOS,,,,established,,,
2015-09-05,dilma_2,dilma_2-2015-03-19,dilma_2-2015-04-16,primary_adjudicated,MDB;PCdoB;PDT;PL;PP;PSD;PT;PTB;REPUBLICANOS,PCdoB;PDT;PMDB;PP;PR;PRB;PSD;PT;PTB,MDB;PCdoB;PDT;PL;PP;PSD;PT;PTB;REPUBLICANOS,,,,established,,,
2015-09-06,dilma_2,dilma_2-2015-03-19,dilma_2-2015-04-16,primary_adjudicated,MDB;PCdoB;PDT;PL;PP;PSD;PT;PTB;REPUBLICANOS,PCdoB;PDT;PMDB;PP;PR;PRB;PSD;PT;PTB,MDB;PCdoB;PDT;PL;PP;PSD;PT;PTB;REPUBLICANOS,,,,established,,,
2015-09-07,dilma_2,dilma_2-2015-03-19,dilma_2-2015-04-16,primary_adjudicated,MDB;PCdoB;PDT;PL;PP;PSD;PT;PTB;REPUBLICANOS,PCdoB;PDT;PMDB;PP;PR;PRB;PSD;PT;PTB,MDB;PCdoB;PDT;PL;PP;PSD;PT;PTB;REPUBLICANOS,,,,established,,,
2015-09-08,dilma_2,dilma_2-2015-03-19,dilma_2-2015-04-16,primary_adjudicated,MDB;PCdoB;PDT;PL;PP;PSD;PT;PTB;REPUBLICANOS,PCdoB;PDT;PMDB;PP;PR;PRB;PSD;PT;PTB,MDB;PCdoB;PDT;PL;PP;PSD;PT;PTB;REPUBLICANOS,,,,established,,,
2015-09-09,dilma_2,dilma_2-2015-03-19,dilma_2-2015-04-16,primary_adjudicated,MDB;PCdoB;PDT;PL;PP;PSD;PT;PTB;REPUBLICANOS,PCdoB;PDT;PMDB;PP;PR;PRB;PSD;PT;PTB,MDB;PCdoB;PDT;PL;PP;PSD;PT;PTB;REPUBLICANOS,,,,established,,,
2015-09-10,dilma_2,dilma_2-2015-03-19,dilma_2-2015-04-16,primary_adjudicated,MDB;PCdoB;PDT;PL;PP;PSD;PT;PTB;REPUBLICANOS,PCdoB;PDT;PMDB;PP;PR;PRB;PSD;PT;PTB,MDB;PCdoB;PDT;PL;PP;PSD;PT;PTB;REPUBLICANOS,,,,established,,,
2015-09-11,dilma_2,dilma_2-2015-03-19,dilma_2-2015-04-16,primary_adjudicated,MDB;PCdoB;PDT;PL;PP;PSD;PT;PTB;REPUBLICANOS,PCdoB;PDT;PMDB;PP;PR;PRB;PSD;PT;PTB,MDB;PCdoB;PDT;PL;PP;PSD;PT;PTB;REPUBLICANOS,,,,established,,,
2015-09-12,dilma_2,dilma_2-2015-03-19,dilma_2-2015-04-16,primary_adjudicated,MDB;PCdoB;PDT;PL;PP;PSD;PT;PTB;REPUBLICANOS,PCdoB;PDT;PMDB;PP;PR;PRB;PSD;PT;PTB,MDB;PCdoB;PDT;PL;PP;PSD;PT;PTB;REPUBLICANOS,,,,established,,,
2015-09-13,dilma_2,dilma_2-2015-03-19,dilma_2-2015-04-16,primary_adjudicated,MDB;PCdoB;PDT;PL;PP;PSD;PT;PTB;REPUBLICANOS,PCdoB;PDT;PMDB;PP;PR;PRB;PSD;PT;PTB,MDB;PCdoB;PDT;PL;PP;PSD;PT;PTB;REPUBLICANOS,,,,established,,,
2015-09-14,dilma_2,dilma_2-2015-03-19,dilma_2-2015-09-14,primary_adjudicated,MDB;PCdoB;PDT;PL;PP;PSD;PT;PTB;REPUBLICANOS,PCdoB;PDT;PMDB;PP;PR;PRB;PSD;PT;PTB,MDB;PCdoB;PDT;PL;PP;PSD;PT;PTB;REPUBLICANOS,,,,established,,,
2015-09-15,dilma_2,dilma_2-2015-03-19,dilma_2-2015-09-15,primary_adjudicated,MDB;PCdoB;PDT;PL;PP;PSD;PT;PTB;REPUBLICANOS,PCdoB;PDT;PMDB;PP;PR;PRB;PSD;PT;PTB,MDB;PCdoB;PDT;PL;PP;PSD;PT;PTB;REPUBLICANOS,,,,established,,,
2015-09-16,dilma_2,dilma_2-2015-03-19,dilma_2-2015-09-15,primary_adjudicated,MDB;PCdoB;PDT;PL;PP;PSD;PT;PTB;REPUBLICANOS,PCdoB;PDT;PMDB;PP;PR;PRB;PSD;PT;PTB,MDB;PCdoB;PDT;PL;PP;PSD;PT;PTB;REPUBLICANOS,,,,established,,,
2015-09-17,dilma_2,dilma_2-2015-03-19,dilma_2-2015-09-15,primary_adjudicated,MDB;PCdoB;PDT;PL;PP;PSD;PT;PTB;REPUBLICANOS,PCdoB;PDT;PMDB;PP;PR;PRB;PSD;PT;PTB,MDB;PCdoB;PDT;PL;PP;PSD;PT;PTB;REPUBLICANOS,,,,established,,,
2015-09-18,dilma_2,dilma_2-2015-03-19,dilma_2-2015-09-15,primary_adjudicated,MDB;PCdoB;PDT;PL;PP;PSD;PT;PTB;REPUBLICANOS,PCdoB;PDT;PMDB;PP;PR;PRB;PSD;PT;PTB,MDB;PCdoB;PDT;PL;PP;PSD;PT;PTB;REPUBLICANOS,,,,established,,,
2015-09-19,dilma_2,dilma_2-2015-03-19,dilma_2-2015-09-15,primary_adjudicated,MDB;PCdoB;PDT;PL;PP;PSD;PT;PTB;REPUBLICANOS,PCdoB;PDT;PMDB;PP;PR;PRB;PSD;PT;PTB,MDB;PCdoB;PDT;PL;PP;PSD;PT;PTB;REPUBLICANOS,,,,established,,,
2015-09-20,dilma_2,dilma_2-2015-03-19,dilma_2-2015-09-15,primary_adjudicated,MDB;PCdoB;PDT;PL;PP;PSD;PT;PTB;REPUBLICANOS,PCdoB;PDT;PMDB;PP;PR;PRB;PSD;PT;PTB,MDB;PCdoB;PDT;PL;PP;PSD;PT;PTB;REPUBLICANOS,,,,established,,,
2015-09-21,dilma_2,dilma_2-2015-03-19,dilma_2-2015-09-15,primary_adjudicated,MDB;PCdoB;PDT;PL;PP;PSD;PT;PTB;REPUBLICANOS,PCdoB;PDT;PMDB;PP;PR;PRB;PSD;PT;PTB,MDB;PCdoB;PDT;PL;PP;PSD;PT;PTB;REPUBLICANOS,,,,established,,,
2015-09-22,dilma_2,dilma_2-2015-03-19,dilma_2-2015-09-22,primary_adjudicated,MDB;PCdoB;PDT;PL;PP;PSD;PT;PTB;REPUBLICANOS,PCdoB;PDT;PMDB;PP;PR;PRB;PSD;PT;PTB,MDB;PCdoB;PDT;PL;PP;PSD;PT;PTB;REPUBLICANOS,,,,established,,,
2015-09-23,dilma_2,dilma_2-2015-03-19,dilma_2-2015-09-22,primary_adjudicated,MDB;PCdoB;PDT;PL;PP;PSD;PT;PTB;REPUBLICANOS,PCdoB;PDT;PMDB;PP;PR;PRB;PSD;PT;PTB,MDB;PCdoB;PDT;PL;PP;PSD;PT;PTB;REPUBLICANOS,,,,established,,,
2015-09-24,dilma_2,dilma_2-2015-03-19,dilma_2-2015-09-22,primary_adjudicated,MDB;PCdoB;PDT;PL;PP;PSD;PT;PTB;REPUBLICANOS,PCdoB;PDT;PMDB;PP;PR;PRB;PSD;PT;PTB,MDB;PCdoB;PDT;PL;PP;PSD;PT;PTB;REPUBLICANOS,,,,established,,,
2015-09-25,dilma_2,dilma_2-2015-03-19,dilma_2-2015-09-22,primary_adjudicated,MDB;PCdoB;PDT;PL;PP;PSD;PT;PTB;REPUBLICANOS,PCdoB;PDT;PMDB;PP;PR;PRB;PSD;PT;PTB,MDB;PCdoB;PDT;PL;PP;PSD;PT;PTB;REPUBLICANOS,,,,established,,,
2015-09-26,dilma_2,dilma_2-2015-03-19,dilma_2-2015-09-22,primary_adjudicated,MDB;PCdoB;PDT;PL;PP;PSD;PT;PTB;REPUBLICANOS,PCdoB;PDT;PMDB;PP;PR;PRB;PSD;PT;PTB,MDB;PCdoB;PDT;PL;PP;PSD;PT;PTB;REPUBLICANOS,,,,established,,,
2015-09-27,dilma_2,dilma_2-2015-03-19,dilma_2-2015-09-22,primary_adjudicated,MDB;PCdoB;PDT;PL;PP;PSD;PT;PTB;REPUBLICANOS,PCdoB;PDT;PMDB;PP;PR;PRB;PSD;PT;PTB,MDB;PCdoB;PDT;PL;PP;PSD;PT;PTB;REPUBLICANOS,,,,established,,,
2015-09-28,dilma_2,dilma_2-2015-03-19,dilma_2-2015-09-22,primary_adjudicated,MDB;PCdoB;PDT;PL;PP;PSD;PT;PTB;REPUBLICANOS,PCdoB;PDT;PMDB;PP;PR;PRB;PSD;PT;PTB,MDB;PCdoB;PDT;PL;PP;PSD;PT;PTB;REPUBLICANOS,,,,established,,,
2015-09-29,dilma_2,dilma_2-2015-03-19,dilma_2-2015-09-22,primary_adjudicated,MDB;PCdoB;PDT;PL;PP;PSD;PT;PTB;REPUBLICANOS,PCdoB;PDT;PMDB;PP;PR;PRB;PSD;PT;PTB,MDB;PCdoB;PDT;PL;PP;PSD;PT;PTB;REPUBLICANOS,,,,established,,,
2015-09-30,dilma_2,dilma_2-2015-03-19,dilma_2-2015-09-22,primary_adjudicated,MDB;PCdoB;PDT;PL;PP;PSD;PT;PTB;REPUBLICANOS,PCdoB;PDT;PMDB;PP;PR;PRB;PSD;PT;PTB,MDB;PCdoB;PDT;PL;PP;PSD;PT;PTB;REPUBLICANOS,,,,established,,,
2015-10-01,dilma_2,dilma_2-2015-03-19,dilma_2-2015-10-01,primary_adjudicated,MDB;PCdoB;PDT;PL;PP;PSD;PT;PTB;REPUBLICANOS,PCdoB;PDT;PMDB;PP;PR;PRB;PSD;PT;PTB,MDB;PCdoB;PDT;PL;PP;PSD;PT;PTB;REPUBLICANOS,,,,established,,,
2015-10-02,dilma_2,dilma_2-2015-03-19,dilma_2-2015-10-02,primary_adjudicated,MDB;PCdoB;PDT;PL;PP;PSD;PT;PTB;REPUBLICANOS,PCdoB;PDT;PMDB;PP;PR;PRB;PSD;PT;PTB,MDB;PCdoB;PDT;PL;PP;PSD;PT;PTB;REPUBLICANOS,,,,established,,,
2015-10-03,dilma_2,dilma_2-2015-03-19,dilma_2-2015-10-02,primary_adjudicated,MDB;PCdoB;PDT;PL;PP;PSD;PT;PTB;REPUBLICANOS,PCdoB;PDT;PMDB;PP;PR;PRB;PSD;PT;PTB,MDB;PCdoB;PDT;PL;PP;PSD;PT;PTB;REPUBLICANOS,,,,established,,,
2015-10-04,dilma_2,dilma_2-2015-03-19,dilma_2-2015-10-02,primary_adjudicated,MDB;PCdoB;PDT;PL;PP;PSD;PT;PTB;REPUBLICANOS,PCdoB;PDT;PMDB;PP;PR;PRB;PSD;PT;PTB,MDB;PCdoB;PDT;PL;PP;PSD;PT;PTB;REPUBLICANOS,,,,established,,,
2015-10-05,dilma_2,dilma_2-2015-03-19,dilma_2-2015-10-05,primary_adjudicated,MDB;PCdoB;PDT;PL;PP;PSD;PT;PTB;REPUBLICANOS,PCdoB;PDT;PMDB;PP;PR;PRB;PSD;PT;PTB,MDB;PCdoB;PDT;PL;PP;PSD;PT;PTB;REPUBLICANOS,,,,established,,,
2015-10-06,dilma_2,dilma_2-2015-03-19,dilma_2-2015-10-05,primary_adjudicated,MDB;PCdoB;PDT;PL;PP;PSD;PT;PTB;REPUBLICANOS,PCdoB;PDT;PMDB;PP;PR;PRB;PSD;PT;PTB,MDB;PCdoB;PDT;PL;PP;PSD;PT;PTB;REPUBLICANOS,,,,established,,,
2015-10-07,dilma_2,dilma_2-2015-03-19,dilma_2-2015-10-05,primary_adjudicated,MDB;PCdoB;PDT;PL;PP;PSD;PT;PTB;REPUBLICANOS,PCdoB;PDT;PMDB;PP;PR;PRB;PSD;PT;PTB,MDB;PCdoB;PDT;PL;PP;PSD;PT;PTB;REPUBLICANOS,,,,established,,,
2015-10-08,dilma_2,dilma_2-2015-03-19,dilma_2-2015-10-05,primary_adjudicated,MDB;PCdoB;PDT;PL;PP;PSD;PT;PTB;REPUBLICANOS,PCdoB;PDT;PMDB;PP;PR;PRB;PSD;PT;PTB,MDB;PCdoB;PDT;PL;PP;PSD;PT;PTB;REPUBLICANOS,,,,established,,,
2015-10-09,dilma_2,dilma_2-2015-03-19,dilma_2-2015-10-05,primary_adjudicated,MDB;PCdoB;PDT;PL;PP;PSD;PT;PTB;REPUBLICANOS,PCdoB;PDT;PMDB;PP;PR;PRB;PSD;PT;PTB,MDB;PCdoB;PDT;PL;PP;PSD;PT;PTB;REPUBLICANOS,,,,established,,,
2015-10-10,dilma_2,dilma_2-2015-03-19,dilma_2-2015-10-05,primary_adjudicated,MDB;PCdoB;PDT;PL;PP;PSD;PT;PTB;REPUBLICANOS,PCdoB;PDT;PMDB;PP;PR;PRB;PSD;PT;PTB,MDB;PCdoB;PDT;PL;PP;PSD;PT;PTB;REPUBLICANOS,,,,established,,,
2015-10-11,dilma_2,dilma_2-2015-03-19,dilma_2-2015-10-05,primary_adjudicated,MDB;PCdoB;PDT;PL;PP;PSD;PT;PTB;REPUBLICANOS,PCdoB;PDT;PMDB;PP;PR;PRB;PSD;PT;PTB,MDB;PCdoB;PDT;PL;PP;PSD;PT;PTB;REPUBLICANOS,,,,established,,,
2015-10-12,dilma_2,dilma_2-2015-03-19,dilma_2-2015-10-05,primary_adjudicated,MDB;PCdoB;PDT;PL;PP;PSD;PT;PTB;REPUBLICANOS,PCdoB;PDT;PMDB;PP;PR;PRB;PSD;PT;PTB,MDB;PCdoB;PDT;PL;PP;PSD;PT;PTB;REPUBLICANOS,,,,established,,,
2015-10-13,dilma_2,dilma_2-2015-03-19,dilma_2-2015-10-05,primary_adjudicated,MDB;PCdoB;PDT;PL;PP;PSD;PT;PTB;REPUBLICANOS,PCdoB;PDT;PMDB;PP;PR;PRB;PSD;PT;PTB,MDB;PCdoB;PDT;PL;PP;PSD;PT;PTB;REPUBLICANOS,,,,established,,,
2015-10-14,dilma_2,dilma_2-2015-03-19,dilma_2-2015-10-05,primary_adjudicated,MDB;PCdoB;PDT;PL;PP;PSD;PT;PTB;REPUBLICANOS,PCdoB;PDT;PMDB;PP;PR;PRB;PSD;PT;PTB,MDB;PCdoB;PDT;PL;PP;PSD;PT;PTB;REPUBLICANOS,,,,established,,,
2015-10-15,dilma_2,dilma_2-2015-03-19,dilma_2-2015-10-05,primary_adjudicated,MDB;PCdoB;PDT;PL;PP;PSD;PT;PTB;REPUBLICANOS,PCdoB;PDT;PMDB;PP;PR;PRB;PSD;PT;PTB,MDB;PCdoB;PDT;PL;PP;PSD;PT;PTB;REPUBLICANOS,,,,established,,,
2015-10-16,dilma_2,dilma_2-2015-03-19,dilma_2-2015-10-05,primary_adjudicated,MDB;PCdoB;PDT;PL;PP;PSD;PT;PTB;REPUBLICANOS,PCdoB;PDT;PMDB;PP;PR;PRB;PSD;PT;PTB,MDB;PCdoB;PDT;PL;PP;PSD;PT;PTB;REPUBLICANOS,,,,established,,,
2015-10-17,dilma_2,dilma_2-2015-03-19,dilma_2-2015-10-05,primary_adjudicated,MDB;PCdoB;PDT;PL;PP;PSD;PT;PTB;REPUBLICANOS,PCdoB;PDT;PMDB;PP;PR;PRB;PSD;PT;PTB,MDB;PCdoB;PDT;PL;PP;PSD;PT;PTB;REPUBLICANOS,,,,established,,,
2015-10-18,dilma_2,dilma_2-2015-03-19,dilma_2-2015-10-05,primary_adjudicated,MDB;PCdoB;PDT;PL;PP;PSD;PT;PTB;REPUBLICANOS,PCdoB;PDT;PMDB;PP;PR;PRB;PSD;PT;PTB,MDB;PCdoB;PDT;PL;PP;PSD;PT;PTB;REPUBLICANOS,,,,established,,,
2015-10-19,dilma_2,dilma_2-2015-03-19,dilma_2-2015-10-05,primary_adjudicated,MDB;PCdoB;PDT;PL;PP;PSD;PT;PTB;REPUBLICANOS,PCdoB;PDT;PMDB;PP;PR;PRB;PSD;PT;PTB,MDB;PCdoB;PDT;PL;PP;PSD;PT;PTB;REPUBLICANOS,,,,established,,,
2015-10-20,dilma_2,dilma_2-2015-03-19,dilma_2-2015-10-05,primary_adjudicated,MDB;PCdoB;PDT;PL;PP;PSD;PT;PTB;REPUBLICANOS,PCdoB;PDT;PMDB;PP;PR;PRB;PSD;PT;PTB,MDB;PCdoB;PDT;PL;PP;PSD;PT;PTB;REPUBLICANOS,,,,established,,,
2015-10-21,dilma_2,dilma_2-2015-03-19,dilma_2-2015-10-05,primary_adjudicated,MDB;PCdoB;PDT;PL;PP;PSD;PT;PTB;REPUBLICANOS,PCdoB;PDT;PMDB;PP;PR;PRB;PSD;PT;PTB,MDB;PCdoB;PDT;PL;PP;PSD;PT;PTB;REPUBLICANOS,,,,established,,,
2015-10-22,dilma_2,dilma_2-2015-03-19,dilma_2-2015-10-05,primary_adjudicated,MDB;PCdoB;PDT;PL;PP;PSD;PT;PTB;REPUBLICANOS,PCdoB;PDT;PMDB;PP;PR;PRB;PSD;PT;PTB,MDB;PCdoB;PDT;PL;PP;PSD;PT;PTB;REPUBLICANOS,,,,established,,,
2015-10-23,dilma_2,dilma_2-2015-03-19,dilma_2-2015-10-05,primary_adjudicated,MDB;PCdoB;PDT;PL;PP;PSD;PT;PTB;REPUBLICANOS,PCdoB;PDT;PMDB;PP;PR;PRB;PSD;PT;PTB,MDB;PCdoB;PDT;PL;PP;PSD;PT;PTB;REPUBLICANOS,,,,established,,,
2015-10-24,dilma_2,dilma_2-2015-03-19,dilma_2-2015-10-05,primary_adjudicated,MDB;PCdoB;PDT;PL;PP;PSD;PT;PTB;REPUBLICANOS,PCdoB;PDT;PMDB;PP;PR;PRB;PSD;PT;PTB,MDB;PCdoB;PDT;PL;PP;PSD;PT;PTB;REPUBLICANOS,,,,established,,,
2015-10-25,dilma_2,dilma_2-2015-03-19,dilma_2-2015-10-05,primary_adjudicated,MDB;PCdoB;PDT;PL;PP;PSD;PT;PTB;REPUBLICANOS,PCdoB;PDT;PMDB;PP;PR;PRB;PSD;PT;PTB,MDB;PCdoB;PDT;PL;PP;PSD;PT;PTB;REPUBLICANOS,,,,established,,,
2015-10-26,dilma_2,dilma_2-2015-03-19,dilma_2-2015-10-05,primary_adjudicated,MDB;PCdoB;PDT;PL;PP;PSD;PT;PTB;REPUBLICANOS,PCdoB;PDT;PMDB;PP;PR;PRB;PSD;PT;PTB,MDB;PCdoB;PDT;PL;PP;PSD;PT;PTB;REPUBLICANOS,,,,established,,,
2015-10-27,dilma_2,dilma_2-2015-03-19,dilma_2-2015-10-05,primary_adjudicated,MDB;PCdoB;PDT;PL;PP;PSD;PT;PTB;REPUBLICANOS,PCdoB;PDT;PMDB;PP;PR;PRB;PSD;PT;PTB,MDB;PCdoB;PDT;PL;PP;PSD;PT;PTB;REPUBLICANOS,,,,established,,,
2015-10-28,dilma_2,dilma_2-2015-03-19,dilma_2-2015-10-05,primary_adjudicated,MDB;PCdoB;PDT;PL;PP;PSD;PT;PTB;REPUBLICANOS,PCdoB;PDT;PMDB;PP;PR;PRB;PSD;PT;PTB,MDB;PCdoB;PDT;PL;PP;PSD;PT;PTB;REPUBLICANOS,,,,established,,,
2015-10-29,dilma_2,dilma_2-2015-03-19,dilma_2-2015-10-05,primary_adjudicated,MDB;PCdoB;PDT;PL;PP;PSD;PT;PTB;REPUBLICANOS,PCdoB;PDT;PMDB;PP;PR;PRB;PSD;PT;PTB,MDB;PCdoB;PDT;PL;PP;PSD;PT;PTB;REPUBLICANOS,,,,established,,,
2015-10-30,dilma_2,dilma_2-2015-03-19,dilma_2-2015-10-05,primary_adjudicated,MDB;PCdoB;PDT;PL;PP;PSD;PT;PTB;REPUBLICANOS,PCdoB;PDT;PMDB;PP;PR;PRB;PSD;PT;PTB,MDB;PCdoB;PDT;PL;PP;PSD;PT;PTB;REPUBLICANOS,,,,established,,,
2015-10-31,dilma_2,dilma_2-2015-03-19,dilma_2-2015-10-05,primary_adjudicated,MDB;PCdoB;PDT;PL;PP;PSD;PT;PTB;REPUBLICANOS,PCdoB;PDT;PMDB;PP;PR;PRB;PSD;PT;PTB,MDB;PCdoB;PDT;PL;PP;PSD;PT;PTB;REPUBLICANOS,,,,established,,,
2015-11-01,dilma_2,dilma_2-2015-03-19,dilma_2-2015-10-05,primary_adjudicated,MDB;PCdoB;PDT;PL;PP;PSD;PT;PTB;REPUBLICANOS,PCdoB;PDT;PMDB;PP;PR;PRB;PSD;PT;PTB,MDB;PCdoB;PDT;PL;PP;PSD;PT;PTB;REPUBLICANOS,,,,established,,,
2015-11-02,dilma_2,dilma_2-2015-03-19,dilma_2-2015-10-05,primary_adjudicated,MDB;PCdoB;PDT;PL;PP;PSD;PT;PTB;REPUBLICANOS,PCdoB;PDT;PMDB;PP;PR;PRB;PSD;PT;PTB,MDB;PCdoB;PDT;PL;PP;PSD;PT;PTB;REPUBLICANOS,,,,established,,,
2015-11-03,dilma_2,dilma_2-2015-03-19,dilma_2-2015-10-05,primary_adjudicated,MDB;PCdoB;PDT;PL;PP;PSD;PT;PTB;REPUBLICANOS,PCdoB;PDT;PMDB;PP;PR;PRB;PSD;PT;PTB,MDB;PCdoB;PDT;PL;PP;PSD;PT;PTB;REPUBLICANOS,,,,established,,,
2015-11-04,dilma_2,dilma_2-2015-03-19,dilma_2-2015-10-05,primary_adjudicated,MDB;PCdoB;PDT;PL;PP;PSD;PT;PTB;REPUBLICANOS,PCdoB;PDT;PMDB;PP;PR;PRB;PSD;PT;PTB,MDB;PCdoB;PDT;PL;PP;PSD;PT;PTB;REPUBLICANOS,,,,established,,,
2015-11-05,dilma_2,dilma_2-2015-03-19,dilma_2-2015-10-05,primary_adjudicated,MDB;PCdoB;PDT;PL;PP;PSD;PT;PTB;REPUBLICANOS,PCdoB;PDT;PMDB;PP;PR;PRB;PSD;PT;PTB,MDB;PCdoB;PDT;PL;PP;PSD;PT;PTB;REPUBLICANOS,,,,established,,,
2015-11-06,dilma_2,dilma_2-2015-03-19,dilma_2-2015-10-05,primary_adjudicated,MDB;PCdoB;PDT;PL;PP;PSD;PT;PTB;REPUBLICANOS,PCdoB;PDT;PMDB;PP;PR;PRB;PSD;PT;PTB,MDB;PCdoB;PDT;PL;PP;PSD;PT;PTB;REPUBLICANOS,,,,established,,,
2015-11-07,dilma_2,dilma_2-2015-03-19,dilma_2-2015-10-05,primary_adjudicated,MDB;PCdoB;PDT;PL;PP;PSD;PT;PTB;REPUBLICANOS,PCdoB;PDT;PMDB;PP;PR;PRB;PSD;PT;PTB,MDB;PCdoB;PDT;PL;PP;PSD;PT;PTB;REPUBLICANOS,,,,established,,,
2015-11-08,dilma_2,dilma_2-2015-03-19,dilma_2-2015-10-05,primary_adjudicated,MDB;PCdoB;PDT;PL;PP;PSD;PT;PTB;REPUBLICANOS,PCdoB;PDT;PMDB;PP;PR;PRB;PSD;PT;PTB,MDB;PCdoB;PDT;PL;PP;PSD;PT;PTB;REPUBLICANOS,,,,established,,,
2015-11-09,dilma_2,dilma_2-2015-03-19,dilma_2-2015-10-05,primary_adjudicated,MDB;PCdoB;PDT;PL;PP;PSD;PT;PTB;REPUBLICANOS,PCdoB;PDT;PMDB;PP;PR;PRB;PSD;PT;PTB,MDB;PCdoB;PDT;PL;PP;PSD;PT;PTB;REPUBLICANOS,,,,established,,,
2015-11-10,dilma_2,dilma_2-2015-03-19,dilma_2-2015-10-05,primary_adjudicated,MDB;PCdoB;PDT;PL;PP;PSD;PT;PTB;REPUBLICANOS,PCdoB;PDT;PMDB;PP;PR;PRB;PSD;PT;PTB,MDB;PCdoB;PDT;PL;PP;PSD;PT;PTB;REPUBLICANOS,,,,established,,,
2015-11-11,dilma_2,dilma_2-2015-03-19,dilma_2-2015-10-05,primary_adjudicated,MDB;PCdoB;PDT;PL;PP;PSD;PT;PTB;REPUBLICANOS,PCdoB;PDT;PMDB;PP;PR;PRB;PSD;PT;PTB,MDB;PCdoB;PDT;PL;PP;PSD;PT;PTB;REPUBLICANOS,,,,established,,,
2015-11-12,dilma_2,dilma_2-2015-03-19,dilma_2-2015-10-05,primary_adjudicated,MDB;PCdoB;PDT;PL;PP;PSD;PT;PTB;REPUBLICANOS,PCdoB;PDT;PMDB;PP;PR;PRB;PSD;PT;PTB,MDB;PCdoB;PDT;PL;PP;PSD;PT;PTB;REPUBLICANOS,,,,established,,,
2015-11-13,dilma_2,dilma_2-2015-03-19,dilma_2-2015-10-05,primary_adjudicated,MDB;PCdoB;PDT;PL;PP;PSD;PT;PTB;REPUBLICANOS,PCdoB;PDT;PMDB;PP;PR;PRB;PSD;PT;PTB,MDB;PCdoB;PDT;PL;PP;PSD;PT;PTB;REPUBLICANOS,,,,established,,,
2015-11-14,dilma_2,dilma_2-2015-03-19,dilma_2-2015-10-05,primary_adjudicated,MDB;PCdoB;PDT;PL;PP;PSD;PT;PTB;REPUBLICANOS,PCdoB;PDT;PMDB;PP;PR;PRB;PSD;PT;PTB,MDB;PCdoB;PDT;PL;PP;PSD;PT;PTB;REPUBLICANOS,,,,established,,,
2015-11-15,dilma_2,dilma_2-2015-03-19,dilma_2-2015-10-05,primary_adjudicated,MDB;PCdoB;PDT;PL;PP;PSD;PT;PTB;REPUBLICANOS,PCdoB;PDT;PMDB;PP;PR;PRB;PSD;PT;PTB,MDB;PCdoB;PDT;PL;PP;PSD;PT;PTB;REPUBLICANOS,,,,established,,,
2015-11-16,dilma_2,dilma_2-2015-03-19,dilma_2-2015-10-05,primary_adjudicated,MDB;PCdoB;PDT;PL;PP;PSD;PT;PTB;REPUBLICANOS,PCdoB;PDT;PMDB;PP;PR;PRB;PSD;PT;PTB,MDB;PCdoB;PDT;PL;PP;PSD;PT;PTB;REPUBLICANOS,,,,established,,,
2015-11-17,dilma_2,dilma_2-2015-03-19,dilma_2-2015-10-05,primary_adjudicated,MDB;PCdoB;PDT;PL;PP;PSD;PT;PTB;REPUBLICANOS,PCdoB;PDT;PMDB;PP;PR;PRB;PSD;PT;PTB,MDB;PCdoB;PDT;PL;PP;PSD;PT;PTB;REPUBLICANOS,,,,established,,,
2015-11-18,dilma_2,dilma_2-2015-03-19,dilma_2-2015-10-05,primary_adjudicated,MDB;PCdoB;PDT;PL;PP;PSD;PT;PTB;REPUBLICANOS,PCdoB;PDT;PMDB;PP;PR;PRB;PSD;PT;PTB,MDB;PCdoB;PDT;PL;PP;PSD;PT;PTB;REPUBLICANOS,,,,established,,,
2015-11-19,dilma_2,dilma_2-2015-03-19,dilma_2-2015-10-05,primary_adjudicated,MDB;PCdoB;PDT;PL;PP;PSD;PT;PTB;REPUBLICANOS,PCdoB;PDT;PMDB;PP;PR;PRB;PSD;PT;PTB,MDB;PCdoB;PDT;PL;PP;PSD;PT;PTB;REPUBLICANOS,,,,established,,,
2015-11-20,dilma_2,dilma_2-2015-03-19,dilma_2-2015-10-05,primary_adjudicated,MDB;PCdoB;PDT;PL;PP;PSD;PT;PTB;REPUBLICANOS,PCdoB;PDT;PMDB;PP;PR;PRB;PSD;PT;PTB,MDB;PCdoB;PDT;PL;PP;PSD;PT;PTB;REPUBLICANOS,,,,established,,,
2015-11-21,dilma_2,dilma_2-2015-03-19,dilma_2-2015-10-05,primary_adjudicated,MDB;PCdoB;PDT;PL;PP;PSD;PT;PTB;REPUBLICANOS,PCdoB;PDT;PMDB;PP;PR;PRB;PSD;PT;PTB,MDB;PCdoB;PDT;PL;PP;PSD;PT;PTB;REPUBLICANOS,,,,established,,,
2015-11-22,dilma_2,dilma_2-2015-03-19,dilma_2-2015-10-05,primary_adjudicated,MDB;PCdoB;PDT;PL;PP;PSD;PT;PTB;REPUBLICANOS,PCdoB;PDT;PMDB;PP;PR;PRB;PSD;PT;PTB,MDB;PCdoB;PDT;PL;PP;PSD;PT;PTB;REPUBLICANOS,,,,established,,,
2015-11-23,dilma_2,dilma_2-2015-03-19,dilma_2-2015-10-05,primary_adjudicated,MDB;PCdoB;PDT;PL;PP;PSD;PT;PTB;REPUBLICANOS,PCdoB;PDT;PMDB;PP;PR;PRB;PSD;PT;PTB,MDB;PCdoB;PDT;PL;PP;PSD;PT;PTB;REPUBLICANOS,,,,established,,,
2015-11-24,dilma_2,dilma_2-2015-03-19,dilma_2-2015-10-05,primary_adjudicated,MDB;PCdoB;PDT;PL;PP;PSD;PT;PTB;REPUBLICANOS,PCdoB;PDT;PMDB;PP;PR;PRB;PSD;PT;PTB,MDB;PCdoB;PDT;PL;PP;PSD;PT;PTB;REPUBLICANOS,,,,established,,,
2015-11-25,dilma_2,dilma_2-2015-03-19,dilma_2-2015-10-05,primary_adjudicated,MDB;PCdoB;PDT;PL;PP;PSD;PT;PTB;REPUBLICANOS,PCdoB;PDT;PMDB;PP;PR;PRB;PSD;PT;PTB,MDB;PCdoB;PDT;PL;PP;PSD;PT;PTB;REPUBLICANOS,,,,established,,,
2015-11-26,dilma_2,dilma_2-2015-03-19,dilma_2-2015-10-05,primary_adjudicated,MDB;PCdoB;PDT;PL;PP;PSD;PT;PTB;REPUBLICANOS,PCdoB;PDT;PMDB;PP;PR;PRB;PSD;PT;PTB,MDB;PCdoB;PDT;PL;PP;PSD;PT;PTB;REPUBLICANOS,,,,established,,,
2015-11-27,dilma_2,dilma_2-2015-03-19,dilma_2-2015-10-05,primary_adjudicated,MDB;PCdoB;PDT;PL;PP;PSD;PT;PTB;REPUBLICANOS,PCdoB;PDT;PMDB;PP;PR;PRB;PSD;PT;PTB,MDB;PCdoB;PDT;PL;PP;PSD;PT;PTB;REPUBLICANOS,,,,established,,,
2015-11-28,dilma_2,dilma_2-2015-03-19,dilma_2-2015-10-05,primary_adjudicated,MDB;PCdoB;PDT;PL;PP;PSD;PT;PTB;REPUBLICANOS,PCdoB;PDT;PMDB;PP;PR;PRB;PSD;PT;PTB,MDB;PCdoB;PDT;PL;PP;PSD;PT;PTB;REPUBLICANOS,,,,established,,,
2015-11-29,dilma_2,dilma_2-2015-03-19,dilma_2-2015-10-05,primary_adjudicated,MDB;PCdoB;PDT;PL;PP;PSD;PT;PTB;REPUBLICANOS,PCdoB;PDT;PMDB;PP;PR;PRB;PSD;PT;PTB,MDB;PCdoB;PDT;PL;PP;PSD;PT;PTB;REPUBLICANOS,,,,established,,,
2015-11-30,dilma_2,dilma_2-2015-03-19,dilma_2-2015-10-05,primary_adjudicated,MDB;PCdoB;PDT;PL;PP;PSD;PT;PTB;REPUBLICANOS,PCdoB;PDT;PMDB;PP;PR;PRB;PSD;PT;PTB,MDB;PCdoB;PDT;PL;PP;PSD;PT;PTB;REPUBLICANOS,,,,established,,,
2015-12-01,dilma_2,dilma_2-2015-03-19,dilma_2-2015-10-05,primary_adjudicated,MDB;PCdoB;PDT;PL;PP;PSD;PT;PTB;REPUBLICANOS,PCdoB;PDT;PMDB;PP;PR;PRB;PSD;PT;PTB,MDB;PCdoB;PDT;PL;PP;PSD;PT;PTB;REPUBLICANOS,,,,established,,,
2015-12-02,dilma_2,dilma_2-2015-03-19,dilma_2-2015-10-05,primary_adjudicated,MDB;PCdoB;PDT;PL;PP;PSD;PT;PTB;REPUBLICANOS,PCdoB;PDT;PMDB;PP;PR;PRB;PSD;PT;PTB,MDB;PCdoB;PDT;PL;PP;PSD;PT;PTB;REPUBLICANOS,,,,established,,,
2015-12-03,dilma_2,dilma_2-2015-03-19,dilma_2-2015-10-05,primary_adjudicated,MDB;PCdoB;PDT;PL;PP;PSD;PT;PTB;REPUBLICANOS,PCdoB;PDT;PMDB;PP;PR;PRB;PSD;PT;PTB,MDB;PCdoB;PDT;PL;PP;PSD;PT;PTB;REPUBLICANOS,,,,established,,,
2015-12-04,dilma_2,dilma_2-2015-03-19,dilma_2-2015-10-05,primary_adjudicated,MDB;PCdoB;PDT;PL;PP;PSD;PT;PTB;REPUBLICANOS,PCdoB;PDT;PMDB;PP;PR;PRB;PSD;PT;PTB,MDB;PCdoB;PDT;PL;PP;PSD;PT;PTB;REPUBLICANOS,,,,established,,,
2015-12-05,dilma_2,dilma_2-2015-03-19,dilma_2-2015-10-05,primary_adjudicated,MDB;PCdoB;PDT;PL;PP;PSD;PT;PTB;REPUBLICANOS,PCdoB;PDT;PMDB;PP;PR;PRB;PSD;PT;PTB,MDB;PCdoB;PDT;PL;PP;PSD;PT;PTB;REPUBLICANOS,,,,established,,,
2015-12-06,dilma_2,dilma_2-2015-03-19,dilma_2-2015-10-05,primary_adjudicated,MDB;PCdoB;PDT;PL;PP;PSD;PT;PTB;REPUBLICANOS,PCdoB;PDT;PMDB;PP;PR;PRB;PSD;PT;PTB,MDB;PCdoB;PDT;PL;PP;PSD;PT;PTB;REPUBLICANOS,,,,established,,,
2015-12-07,dilma_2,dilma_2-2015-03-19,dilma_2-2015-10-05,primary_adjudicated,MDB;PCdoB;PDT;PL;PP;PSD;PT;PTB;REPUBLICANOS,PCdoB;PDT;PMDB;PP;PR;PRB;PSD;PT;PTB,MDB;PCdoB;PDT;PL;PP;PSD;PT;PTB;REPUBLICANOS,,,,established,,,
2015-12-08,dilma_2,dilma_2-2015-03-19,dilma_2-2015-12-08,primary_adjudicated,MDB;PCdoB;PDT;PL;PP;PSD;PT;PTB;REPUBLICANOS,PCdoB;PDT;PMDB;PP;PR;PRB;PSD;PT;PTB,MDB;PCdoB;PDT;PL;PP;PSD;PT;PTB;REPUBLICANOS,,,,established,,,
2015-12-09,dilma_2,dilma_2-2015-03-19,dilma_2-2015-12-08,primary_adjudicated,MDB;PCdoB;PDT;PL;PP;PSD;PT;PTB;REPUBLICANOS,PCdoB;PDT;PMDB;PP;PR;PRB;PSD;PT;PTB,MDB;PCdoB;PDT;PL;PP;PSD;PT;PTB;REPUBLICANOS,,,,established,,,
2015-12-10,dilma_2,dilma_2-2015-03-19,dilma_2-2015-12-08,primary_adjudicated,MDB;PCdoB;PDT;PL;PP;PSD;PT;PTB;REPUBLICANOS,PCdoB;PDT;PMDB;PP;PR;PRB;PSD;PT;PTB,MDB;PCdoB;PDT;PL;PP;PSD;PT;PTB;REPUBLICANOS,,,,established,,,
2015-12-11,dilma_2,dilma_2-2015-03-19,dilma_2-2015-12-08,primary_adjudicated,MDB;PCdoB;PDT;PL;PP;PSD;PT;PTB;REPUBLICANOS,PCdoB;PDT;PMDB;PP;PR;PRB;PSD;PT;PTB,MDB;PCdoB;PDT;PL;PP;PSD;PT;PTB;REPUBLICANOS,,,,established,,,
2015-12-12,dilma_2,dilma_2-2015-03-19,dilma_2-2015-12-08,primary_adjudicated,MDB;PCdoB;PDT;PL;PP;PSD;PT;PTB;REPUBLICANOS,PCdoB;PDT;PMDB;PP;PR;PRB;PSD;PT;PTB,MDB;PCdoB;PDT;PL;PP;PSD;PT;PTB;REPUBLICANOS,,,,established,,,
2015-12-13,dilma_2,dilma_2-2015-03-19,dilma_2-2015-12-08,primary_adjudicated,MDB;PCdoB;PDT;PL;PP;PSD;PT;PTB;REPUBLICANOS,PCdoB;PDT;PMDB;PP;PR;PRB;PSD;PT;PTB,MDB;PCdoB;PDT;PL;PP;PSD;PT;PTB;REPUBLICANOS,,,,established,,,
2015-12-14,dilma_2,dilma_2-2015-03-19,dilma_2-2015-12-08,primary_adjudicated,MDB;PCdoB;PDT;PL;PP;PSD;PT;PTB;REPUBLICANOS,PCdoB;PDT;PMDB;PP;PR;PRB;PSD;PT;PTB,MDB;PCdoB;PDT;PL;PP;PSD;PT;PTB;REPUBLICANOS,,,,established,,,
2015-12-15,dilma_2,dilma_2-2015-03-19,dilma_2-2015-12-08,primary_adjudicated,MDB;PCdoB;PDT;PL;PP;PSD;PT;PTB;REPUBLICANOS,PCdoB;PDT;PMDB;PP;PR;PRB;PSD;PT;PTB,MDB;PCdoB;PDT;PL;PP;PSD;PT;PTB;REPUBLICANOS,,,,established,,,
2015-12-16,dilma_2,dilma_2-2015-03-19,dilma_2-2015-12-08,primary_adjudicated,MDB;PCdoB;PDT;PL;PP;PSD;PT;PTB;REPUBLICANOS,PCdoB;PDT;PMDB;PP;PR;PRB;PSD;PT;PTB,MDB;PCdoB;PDT;PL;PP;PSD;PT;PTB;REPUBLICANOS,,,,established,,,
2015-12-17,dilma_2,dilma_2-2015-03-19,dilma_2-2015-12-08,primary_adjudicated,MDB;PCdoB;PDT;PL;PP;PSD;PT;PTB;REPUBLICANOS,PCdoB;PDT;PMDB;PP;PR;PRB;PSD;PT;PTB,MDB;PCdoB;PDT;PL;PP;PSD;PT;PTB;REPUBLICANOS,,,,established,,,
2015-12-18,dilma_2,dilma_2-2015-03-19,dilma_2-2015-12-18,primary_adjudicated,MDB;PCdoB;PDT;PL;PP;PSD;PT;PTB;REPUBLICANOS,PCdoB;PDT;PMDB;PP;PR;PRB;PSD;PT;PTB,MDB;PCdoB;PDT;PL;PP;PSD;PT;PTB;REPUBLICANOS,,,,established,,,
2015-12-19,dilma_2,dilma_2-2015-03-19,dilma_2-2015-12-18,primary_adjudicated,MDB;PCdoB;PDT;PL;PP;PSD;PT;PTB;REPUBLICANOS,PCdoB;PDT;PMDB;PP;PR;PRB;PSD;PT;PTB,MDB;PCdoB;PDT;PL;PP;PSD;PT;PTB;REPUBLICANOS,,,,established,,,
2015-12-20,dilma_2,dilma_2-2015-03-19,dilma_2-2015-12-18,primary_adjudicated,MDB;PCdoB;PDT;PL;PP;PSD;PT;PTB;REPUBLICANOS,PCdoB;PDT;PMDB;PP;PR;PRB;PSD;PT;PTB,MDB;PCdoB;PDT;PL;PP;PSD;PT;PTB;REPUBLICANOS,,,,established,,,
2015-12-21,dilma_2,dilma_2-2015-03-19,dilma_2-2015-12-21,primary_adjudicated,MDB;PCdoB;PDT;PL;PP;PSD;PT;PTB;REPUBLICANOS,PCdoB;PDT;PMDB;PP;PR;PRB;PSD;PT;PTB,MDB;PCdoB;PDT;PL;PP;PSD;PT;PTB;REPUBLICANOS,,,,established,,,
2015-12-22,dilma_2,dilma_2-2015-03-19,dilma_2-2015-12-21,primary_adjudicated,MDB;PCdoB;PDT;PL;PP;PSD;PT;PTB;REPUBLICANOS,PCdoB;PDT;PMDB;PP;PR;PRB;PSD;PT;PTB,MDB;PCdoB;PDT;PL;PP;PSD;PT;PTB;REPUBLICANOS,,,,established,,,
2015-12-23,dilma_2,dilma_2-2015-03-19,dilma_2-2015-12-21,primary_adjudicated,MDB;PCdoB;PDT;PL;PP;PSD;PT;PTB;REPUBLICANOS,PCdoB;PDT;PMDB;PP;PR;PRB;PSD;PT;PTB,MDB;PCdoB;PDT;PL;PP;PSD;PT;PTB;REPUBLICANOS,,,,established,,,
2015-12-24,dilma_2,dilma_2-2015-03-19,dilma_2-2015-12-21,primary_adjudicated,MDB;PCdoB;PDT;PL;PP;PSD;PT;PTB;REPUBLICANOS,PCdoB;PDT;PMDB;PP;PR;PRB;PSD;PT;PTB,MDB;PCdoB;PDT;PL;PP;PSD;PT;PTB;REPUBLICANOS,,,,established,,,
2015-12-25,dilma_2,dilma_2-2015-03-19,dilma_2-2015-12-21,primary_adjudicated,MDB;PCdoB;PDT;PL;PP;PSD;PT;PTB;REPUBLICANOS,PCdoB;PDT;PMDB;PP;PR;PRB;PSD;PT;PTB,MDB;PCdoB;PDT;PL;PP;PSD;PT;PTB;REPUBLICANOS,,,,established,,,
2015-12-26,dilma_2,dilma_2-2015-03-19,dilma_2-2015-12-21,primary_adjudicated,MDB;PCdoB;PDT;PL;PP;PSD;PT;PTB;REPUBLICANOS,PCdoB;PDT;PMDB;PP;PR;PRB;PSD;PT;PTB,MDB;PCdoB;PDT;PL;PP;PSD;PT;PTB;REPUBLICANOS,,,,established,,,
2015-12-27,dilma_2,dilma_2-2015-03-19,dilma_2-2015-12-21,primary_adjudicated,MDB;PCdoB;PDT;PL;PP;PSD;PT;PTB;REPUBLICANOS,PCdoB;PDT;PMDB;PP;PR;PRB;PSD;PT;PTB,MDB;PCdoB;PDT;PL;PP;PSD;PT;PTB;REPUBLICANOS,,,,established,,,
2015-12-28,dilma_2,dilma_2-2015-03-19,dilma_2-2015-12-21,primary_adjudicated,MDB;PCdoB;PDT;PL;PP;PSD;PT;PTB;REPUBLICANOS,PCdoB;PDT;PMDB;PP;PR;PRB;PSD;PT;PTB,MDB;PCdoB;PDT;PL;PP;PSD;PT;PTB;REPUBLICANOS,,,,established,,,
2015-12-29,dilma_2,dilma_2-2015-03-19,dilma_2-2015-12-21,primary_adjudicated,MDB;PCdoB;PDT;PL;PP;PSD;PT;PTB;REPUBLICANOS,PCdoB;PDT;PMDB;PP;PR;PRB;PSD;PT;PTB,MDB;PCdoB;PDT;PL;PP;PSD;PT;PTB;REPUBLICANOS,,,,established,,,
2015-12-30,dilma_2,dilma_2-2015-03-19,dilma_2-2015-12-21,primary_adjudicated,MDB;PCdoB;PDT;PL;PP;PSD;PT;PTB;REPUBLICANOS,PCdoB;PDT;PMDB;PP;PR;PRB;PSD;PT;PTB,MDB;PCdoB;PDT;PL;PP;PSD;PT;PTB;REPUBLICANOS,,,,established,,,
2015-12-31,dilma_2,dilma_2-2015-03-19,dilma_2-2015-12-21,primary_adjudicated,MDB;PCdoB;PDT;PL;PP;PSD;PT;PTB;REPUBLICANOS,PCdoB;PDT;PMDB;PP;PR;PRB;PSD;PT;PTB,MDB;PCdoB;PDT;PL;PP;PSD;PT;PTB;REPUBLICANOS,,,,established,,,
2016-01-01,dilma_2,dilma_2-2015-03-19,dilma_2-2015-12-21,primary_adjudicated,MDB;PCdoB;PDT;PL;PP;PSD;PT;PTB;REPUBLICANOS,PCdoB;PDT;PMDB;PP;PR;PRB;PSD;PT;PTB,MDB;PCdoB;PDT;PL;PP;PSD;PT;PTB;REPUBLICANOS,,,,established,,,
2016-01-02,dilma_2,dilma_2-2015-03-19,dilma_2-2015-12-21,primary_adjudicated,MDB;PCdoB;PDT;PL;PP;PSD;PT;PTB;REPUBLICANOS,PCdoB;PDT;PMDB;PP;PR;PRB;PSD;PT;PTB,MDB;PCdoB;PDT;PL;PP;PSD;PT;PTB;REPUBLICANOS,,,,established,,,
2016-01-03,dilma_2,dilma_2-2015-03-19,dilma_2-2015-12-21,primary_adjudicated,MDB;PCdoB;PDT;PL;PP;PSD;PT;PTB;REPUBLICANOS,PCdoB;PDT;PMDB;PP;PR;PRB;PSD;PT;PTB,MDB;PCdoB;PDT;PL;PP;PSD;PT;PTB;REPUBLICANOS,,,,established,,,
2016-01-04,dilma_2,dilma_2-2015-03-19,dilma_2-2015-12-21,primary_adjudicated,MDB;PCdoB;PDT;PL;PP;PSD;PT;PTB;REPUBLICANOS,PCdoB;PDT;PMDB;PP;PR;PRB;PSD;PT;PTB,MDB;PCdoB;PDT;PL;PP;PSD;PT;PTB;REPUBLICANOS,,,,established,,,
2016-01-05,dilma_2,dilma_2-2015-03-19,dilma_2-2015-12-21,primary_adjudicated,MDB;PCdoB;PDT;PL;PP;PSD;PT;PTB;REPUBLICANOS,PCdoB;PDT;PMDB;PP;PR;PRB;PSD;PT;PTB,MDB;PCdoB;PDT;PL;PP;PSD;PT;PTB;REPUBLICANOS,,,,established,,,
2016-01-06,dilma_2,dilma_2-2015-03-19,dilma_2-2015-12-21,primary_adjudicated,MDB;PCdoB;PDT;PL;PP;PSD;PT;PTB;REPUBLICANOS,PCdoB;PDT;PMDB;PP;PR;PRB;PSD;PT;PTB,MDB;PCdoB;PDT;PL;PP;PSD;PT;PTB;REPUBLICANOS,,,,established,,,
2016-01-07,dilma_2,dilma_2-2015-03-19,dilma_2-2015-12-21,primary_adjudicated,MDB;PCdoB;PDT;PL;PP;PSD;PT;PTB;REPUBLICANOS,PCdoB;PDT;PMDB;PP;PR;PRB;PSD;PT;PTB,MDB;PCdoB;PDT;PL;PP;PSD;PT;PTB;REPUBLICANOS,,,,established,,,
2016-01-08,dilma_2,dilma_2-2015-03-19,dilma_2-2015-12-21,primary_adjudicated,MDB;PCdoB;PDT;PL;PP;PSD;PT;PTB;REPUBLICANOS,PCdoB;PDT;PMDB;PP;PR;PRB;PSD;PT;PTB,MDB;PCdoB;PDT;PL;PP;PSD;PT;PTB;REPUBLICANOS,,,,established,,,
2016-01-09,dilma_2,dilma_2-2015-03-19,dilma_2-2015-12-21,primary_adjudicated,MDB;PCdoB;PDT;PL;PP;PSD;PT;PTB;REPUBLICANOS,PCdoB;PDT;PMDB;PP;PR;PRB;PSD;PT;PTB,MDB;PCdoB;PDT;PL;PP;PSD;PT;PTB;REPUBLICANOS,,,,established,,,
2016-01-10,dilma_2,dilma_2-2015-03-19,dilma_2-2015-12-21,primary_adjudicated,MDB;PCdoB;PDT;PL;PP;PSD;PT;PTB;REPUBLICANOS,PCdoB;PDT;PMDB;PP;PR;PRB;PSD;PT;PTB,MDB;PCdoB;PDT;PL;PP;PSD;PT;PTB;REPUBLICANOS,,,,established,,,
2016-01-11,dilma_2,dilma_2-2015-03-19,dilma_2-2015-12-21,primary_adjudicated,MDB;PCdoB;PDT;PL;PP;PSD;PT;PTB;REPUBLICANOS,PCdoB;PDT;PMDB;PP;PR;PRB;PSD;PT;PTB,MDB;PCdoB;PDT;PL;PP;PSD;PT;PTB;REPUBLICANOS,,,,established,,,
2016-01-12,dilma_2,dilma_2-2015-03-19,dilma_2-2015-12-21,primary_adjudicated,MDB;PCdoB;PDT;PL;PP;PSD;PT;PTB;REPUBLICANOS,PCdoB;PDT;PMDB;PP;PR;PRB;PSD;PT;PTB,MDB;PCdoB;PDT;PL;PP;PSD;PT;PTB;REPUBLICANOS,,,,established,,,
2016-01-13,dilma_2,dilma_2-2015-03-19,dilma_2-2015-12-21,primary_adjudicated,MDB;PCdoB;PDT;PL;PP;PSD;PT;PTB;REPUBLICANOS,PCdoB;PDT;PMDB;PP;PR;PRB;PSD;PT;PTB,MDB;PCdoB;PDT;PL;PP;PSD;PT;PTB;REPUBLICANOS,,,,established,,,
2016-01-14,dilma_2,dilma_2-2015-03-19,dilma_2-2015-12-21,primary_adjudicated,MDB;PCdoB;PDT;PL;PP;PSD;PT;PTB;REPUBLICANOS,PCdoB;PDT;PMDB;PP;PR;PRB;PSD;PT;PTB,MDB;PCdoB;PDT;PL;PP;PSD;PT;PTB;REPUBLICANOS,,,,established,,,
2016-01-15,dilma_2,dilma_2-2015-03-19,dilma_2-2015-12-21,primary_adjudicated,MDB;PCdoB;PDT;PL;PP;PSD;PT;PTB;REPUBLICANOS,PCdoB;PDT;PMDB;PP;PR;PRB;PSD;PT;PTB,MDB;PCdoB;PDT;PL;PP;PSD;PT;PTB;REPUBLICANOS,,,,established,,,
2016-01-16,dilma_2,dilma_2-2015-03-19,dilma_2-2015-12-21,primary_adjudicated,MDB;PCdoB;PDT;PL;PP;PSD;PT;PTB;REPUBLICANOS,PCdoB;PDT;PMDB;PP;PR;PRB;PSD;PT;PTB,MDB;PCdoB;PDT;PL;PP;PSD;PT;PTB;REPUBLICANOS,,,,established,,,
2016-01-17,dilma_2,dilma_2-2015-03-19,dilma_2-2015-12-21,primary_adjudicated,MDB;PCdoB;PDT;PL;PP;PSD;PT;PTB;REPUBLICANOS,PCdoB;PDT;PMDB;PP;PR;PRB;PSD;PT;PTB,MDB;PCdoB;PDT;PL;PP;PSD;PT;PTB;REPUBLICANOS,,,,established,,,
2016-01-18,dilma_2,dilma_2-2015-03-19,dilma_2-2015-12-21,primary_adjudicated,MDB;PCdoB;PDT;PL;PP;PSD;PT;PTB;REPUBLICANOS,PCdoB;PDT;PMDB;PP;PR;PRB;PSD;PT;PTB,MDB;PCdoB;PDT;PL;PP;PSD;PT;PTB;REPUBLICANOS,,,,established,,,
2016-01-19,dilma_2,dilma_2-2015-03-19,dilma_2-2015-12-21,primary_adjudicated,MDB;PCdoB;PDT;PL;PP;PSD;PT;PTB;REPUBLICANOS,PCdoB;PDT;PMDB;PP;PR;PRB;PSD;PT;PTB,MDB;PCdoB;PDT;PL;PP;PSD;PT;PTB;REPUBLICANOS,,,,established,,,
2016-01-20,dilma_2,dilma_2-2015-03-19,dilma_2-2015-12-21,primary_adjudicated,MDB;PCdoB;PDT;PL;PP;PSD;PT;PTB;REPUBLICANOS,PCdoB;PDT;PMDB;PP;PR;PRB;PSD;PT;PTB,MDB;PCdoB;PDT;PL;PP;PSD;PT;PTB;REPUBLICANOS,,,,established,,,
2016-01-21,dilma_2,dilma_2-2015-03-19,dilma_2-2015-12-21,primary_adjudicated,MDB;PCdoB;PDT;PL;PP;PSD;PT;PTB;REPUBLICANOS,PCdoB;PDT;PMDB;PP;PR;PRB;PSD;PT;PTB,MDB;PCdoB;PDT;PL;PP;PSD;PT;PTB;REPUBLICANOS,,,,established,,,
2016-01-22,dilma_2,dilma_2-2015-03-19,dilma_2-2015-12-21,primary_adjudicated,MDB;PCdoB;PDT;PL;PP;PSD;PT;PTB;REPUBLICANOS,PCdoB;PDT;PMDB;PP;PR;PRB;PSD;PT;PTB,MDB;PCdoB;PDT;PL;PP;PSD;PT;PTB;REPUBLICANOS,,,,established,,,
2016-01-23,dilma_2,dilma_2-2015-03-19,dilma_2-2015-12-21,primary_adjudicated,MDB;PCdoB;PDT;PL;PP;PSD;PT;PTB;REPUBLICANOS,PCdoB;PDT;PMDB;PP;PR;PRB;PSD;PT;PTB,MDB;PCdoB;PDT;PL;PP;PSD;PT;PTB;REPUBLICANOS,,,,established,,,
2016-01-24,dilma_2,dilma_2-2015-03-19,dilma_2-2015-12-21,primary_adjudicated,MDB;PCdoB;PDT;PL;PP;PSD;PT;PTB;REPUBLICANOS,PCdoB;PDT;PMDB;PP;PR;PRB;PSD;PT;PTB,MDB;PCdoB;PDT;PL;PP;PSD;PT;PTB;REPUBLICANOS,,,,established,,,
2016-01-25,dilma_2,dilma_2-2015-03-19,dilma_2-2015-12-21,primary_adjudicated,MDB;PCdoB;PDT;PL;PP;PSD;PT;PTB;REPUBLICANOS,PCdoB;PDT;PMDB;PP;PR;PRB;PSD;PT;PTB,MDB;PCdoB;PDT;PL;PP;PSD;PT;PTB;REPUBLICANOS,,,,established,,,
2016-01-26,dilma_2,dilma_2-2015-03-19,dilma_2-2015-12-21,primary_adjudicated,MDB;PCdoB;PDT;PL;PP;PSD;PT;PTB;REPUBLICANOS,PCdoB;PDT;PMDB;PP;PR;PRB;PSD;PT;PTB,MDB;PCdoB;PDT;PL;PP;PSD;PT;PTB;REPUBLICANOS,,,,established,,,
2016-01-27,dilma_2,dilma_2-2015-03-19,dilma_2-2015-12-21,primary_adjudicated,MDB;PCdoB;PDT;PL;PP;PSD;PT;PTB;REPUBLICANOS,PCdoB;PDT;PMDB;PP;PR;PRB;PSD;PT;PTB,MDB;PCdoB;PDT;PL;PP;PSD;PT;PTB;REPUBLICANOS,,,,established,,,
2016-01-28,dilma_2,dilma_2-2015-03-19,dilma_2-2015-12-21,primary_adjudicated,MDB;PCdoB;PDT;PL;PP;PSD;PT;PTB;REPUBLICANOS,PCdoB;PDT;PMDB;PP;PR;PRB;PSD;PT;PTB,MDB;PCdoB;PDT;PL;PP;PSD;PT;PTB;REPUBLICANOS,,,,established,,,
2016-01-29,dilma_2,dilma_2-2015-03-19,dilma_2-2015-12-21,primary_adjudicated,MDB;PCdoB;PDT;PL;PP;PSD;PT;PTB;REPUBLICANOS,PCdoB;PDT;PMDB;PP;PR;PRB;PSD;PT;PTB,MDB;PCdoB;PDT;PL;PP;PSD;PT;PTB;REPUBLICANOS,,,,established,,,
2016-01-30,dilma_2,dilma_2-2015-03-19,dilma_2-2015-12-21,primary_adjudicated,MDB;PCdoB;PDT;PL;PP;PSD;PT;PTB;REPUBLICANOS,PCdoB;PDT;PMDB;PP;PR;PRB;PSD;PT;PTB,MDB;PCdoB;PDT;PL;PP;PSD;PT;PTB;REPUBLICANOS,,,,established,,,
2016-01-31,dilma_2,dilma_2-2015-03-19,dilma_2-2015-12-21,primary_adjudicated,MDB;PCdoB;PDT;PL;PP;PSD;PT;PTB;REPUBLICANOS,PCdoB;PDT;PMDB;PP;PR;PRB;PSD;PT;PTB,MDB;PCdoB;PDT;PL;PP;PSD;PT;PTB;REPUBLICANOS,,,,established,,,
2016-02-01,dilma_2,dilma_2-2015-03-19,dilma_2-2015-12-21,primary_adjudicated,MDB;PCdoB;PDT;PL;PP;PSD;PT;PTB;REPUBLICANOS,PCdoB;PDT;PMDB;PP;PR;PRB;PSD;PT;PTB,MDB;PCdoB;PDT;PL;PP;PSD;PT;PTB;REPUBLICANOS,,,,established,,,
2016-02-02,dilma_2,dilma_2-2015-03-19,dilma_2-2015-12-21,primary_adjudicated,MDB;PCdoB;PDT;PL;PP;PSD;PT;PTB;REPUBLICANOS,PCdoB;PDT;PMDB;PP;PR;PRB;PSD;PT;PTB,MDB;PCdoB;PDT;PL;PP;PSD;PT;PTB;REPUBLICANOS,,,,established,,,
2016-02-03,dilma_2,dilma_2-2015-03-19,dilma_2-2015-12-21,primary_adjudicated,MDB;PCdoB;PDT;PL;PP;PSD;PT;PTB;REPUBLICANOS,PCdoB;PDT;PMDB;PP;PR;PRB;PSD;PT;PTB,MDB;PCdoB;PDT;PL;PP;PSD;PT;PTB;REPUBLICANOS,,,,established,,,
2016-02-04,dilma_2,dilma_2-2015-03-19,dilma_2-2015-12-21,primary_adjudicated,MDB;PCdoB;PDT;PL;PP;PSD;PT;PTB;REPUBLICANOS,PCdoB;PDT;PMDB;PP;PR;PRB;PSD;PT;PTB,MDB;PCdoB;PDT;PL;PP;PSD;PT;PTB;REPUBLICANOS,,,,established,,,
2016-02-05,dilma_2,dilma_2-2015-03-19,dilma_2-2015-12-21,primary_adjudicated,MDB;PCdoB;PDT;PL;PP;PSD;PT;PTB;REPUBLICANOS,PCdoB;PDT;PMDB;PP;PR;PRB;PSD;PT;PTB,MDB;PCdoB;PDT;PL;PP;PSD;PT;PTB;REPUBLICANOS,,,,established,,,
2016-02-06,dilma_2,dilma_2-2015-03-19,dilma_2-2015-12-21,primary_adjudicated,MDB;PCdoB;PDT;PL;PP;PSD;PT;PTB;REPUBLICANOS,PCdoB;PDT;PMDB;PP;PR;PRB;PSD;PT;PTB,MDB;PCdoB;PDT;PL;PP;PSD;PT;PTB;REPUBLICANOS,,,,established,,,
2016-02-07,dilma_2,dilma_2-2015-03-19,dilma_2-2015-12-21,primary_adjudicated,MDB;PCdoB;PDT;PL;PP;PSD;PT;PTB;REPUBLICANOS,PCdoB;PDT;PMDB;PP;PR;PRB;PSD;PT;PTB,MDB;PCdoB;PDT;PL;PP;PSD;PT;PTB;REPUBLICANOS,,,,established,,,
2016-02-08,dilma_2,dilma_2-2015-03-19,dilma_2-2015-12-21,primary_adjudicated,MDB;PCdoB;PDT;PL;PP;PSD;PT;PTB;REPUBLICANOS,PCdoB;PDT;PMDB;PP;PR;PRB;PSD;PT;PTB,MDB;PCdoB;PDT;PL;PP;PSD;PT;PTB;REPUBLICANOS,,,,established,,,
2016-02-09,dilma_2,dilma_2-2015-03-19,dilma_2-2015-12-21,primary_adjudicated,MDB;PCdoB;PDT;PL;PP;PSD;PT;PTB;REPUBLICANOS,PCdoB;PDT;PMDB;PP;PR;PRB;PSD;PT;PTB,MDB;PCdoB;PDT;PL;PP;PSD;PT;PTB;REPUBLICANOS,,,,established,,,
2016-02-10,dilma_2,dilma_2-2015-03-19,dilma_2-2015-12-21,primary_adjudicated,MDB;PCdoB;PDT;PL;PP;PSD;PT;PTB;REPUBLICANOS,PCdoB;PDT;PMDB;PP;PR;PRB;PSD;PT;PTB,MDB;PCdoB;PDT;PL;PP;PSD;PT;PTB;REPUBLICANOS,,,,established,,,
2016-02-11,dilma_2,dilma_2-2015-03-19,dilma_2-2015-12-21,primary_adjudicated,MDB;PCdoB;PDT;PL;PP;PSD;PT;PTB;REPUBLICANOS,PCdoB;PDT;PMDB;PP;PR;PRB;PSD;PT;PTB,MDB;PCdoB;PDT;PL;PP;PSD;PT;PTB;REPUBLICANOS,,,,established,,,
2016-02-12,dilma_2,dilma_2-2015-03-19,dilma_2-2015-12-21,primary_adjudicated,MDB;PCdoB;PDT;PL;PP;PSD;PT;PTB;REPUBLICANOS,PCdoB;PDT;PMDB;PP;PR;PRB;PSD;PT;PTB,MDB;PCdoB;PDT;PL;PP;PSD;PT;PTB;REPUBLICANOS,,,,established,,,
2016-02-13,dilma_2,dilma_2-2015-03-19,dilma_2-2015-12-21,primary_adjudicated,MDB;PCdoB;PDT;PL;PP;PSD;PT;PTB;REPUBLICANOS,PCdoB;PDT;PMDB;PP;PR;PRB;PSD;PT;PTB,MDB;PCdoB;PDT;PL;PP;PSD;PT;PTB;REPUBLICANOS,,,,established,,,
2016-02-14,dilma_2,dilma_2-2015-03-19,dilma_2-2015-12-21,primary_adjudicated,MDB;PCdoB;PDT;PL;PP;PSD;PT;PTB;REPUBLICANOS,PCdoB;PDT;PMDB;PP;PR;PRB;PSD;PT;PTB,MDB;PCdoB;PDT;PL;PP;PSD;PT;PTB;REPUBLICANOS,,,,established,,,
2016-02-15,dilma_2,dilma_2-2015-03-19,dilma_2-2015-12-21,primary_adjudicated,MDB;PCdoB;PDT;PL;PP;PSD;PT;PTB;REPUBLICANOS,PCdoB;PDT;PMDB;PP;PR;PRB;PSD;PT;PTB,MDB;PCdoB;PDT;PL;PP;PSD;PT;PTB;REPUBLICANOS,,,,established,,,
2016-02-16,dilma_2,dilma_2-2015-03-19,dilma_2-2015-12-21,primary_adjudicated,MDB;PCdoB;PDT;PL;PP;PSD;PT;PTB;REPUBLICANOS,PCdoB;PDT;PMDB;PP;PR;PRB;PSD;PT;PTB,MDB;PCdoB;PDT;PL;PP;PSD;PT;PTB;REPUBLICANOS,,,,established,,,
2016-02-17,dilma_2,dilma_2-2015-03-19,dilma_2-2015-12-21,primary_adjudicated,MDB;PCdoB;PDT;PL;PP;PSD;PT;PTB;REPUBLICANOS,PCdoB;PDT;PMDB;PP;PR;PRB;PSD;PT;PTB,MDB;PCdoB;PDT;PL;PP;PSD;PT;PTB;REPUBLICANOS,,,,established,,,
2016-02-18,dilma_2,dilma_2-2015-03-19,dilma_2-2015-12-21,primary_adjudicated,MDB;PCdoB;PDT;PL;PP;PSD;PT;PTB;REPUBLICANOS,PCdoB;PDT;PMDB;PP;PR;PRB;PSD;PT;PTB,MDB;PCdoB;PDT;PL;PP;PSD;PT;PTB;REPUBLICANOS,,,,established,,,
2016-02-19,dilma_2,dilma_2-2015-03-19,dilma_2-2015-12-21,primary_adjudicated,MDB;PCdoB;PDT;PL;PP;PSD;PT;PTB;REPUBLICANOS,PCdoB;PDT;PMDB;PP;PR;PRB;PSD;PT;PTB,MDB;PCdoB;PDT;PL;PP;PSD;PT;PTB;REPUBLICANOS,,,,established,,,
2016-02-20,dilma_2,dilma_2-2015-03-19,dilma_2-2015-12-21,primary_adjudicated,MDB;PCdoB;PDT;PL;PP;PSD;PT;PTB;REPUBLICANOS,PCdoB;PDT;PMDB;PP;PR;PRB;PSD;PT;PTB,MDB;PCdoB;PDT;PL;PP;PSD;PT;PTB;REPUBLICANOS,,,,established,,,
2016-02-21,dilma_2,dilma_2-2015-03-19,dilma_2-2015-12-21,primary_adjudicated,MDB;PCdoB;PDT;PL;PP;PSD;PT;PTB;REPUBLICANOS,PCdoB;PDT;PMDB;PP;PR;PRB;PSD;PT;PTB,MDB;PCdoB;PDT;PL;PP;PSD;PT;PTB;REPUBLICANOS,,,,established,,,
2016-02-22,dilma_2,dilma_2-2015-03-19,dilma_2-2015-12-21,primary_adjudicated,MDB;PCdoB;PDT;PL;PP;PSD;PT;PTB;REPUBLICANOS,PCdoB;PDT;PMDB;PP;PR;PRB;PSD;PT;PTB,MDB;PCdoB;PDT;PL;PP;PSD;PT;PTB;REPUBLICANOS,,,,established,,,
2016-02-23,dilma_2,dilma_2-2015-03-19,dilma_2-2015-12-21,primary_adjudicated,MDB;PCdoB;PDT;PL;PP;PSD;PT;PTB;REPUBLICANOS,PCdoB;PDT;PMDB;PP;PR;PRB;PSD;PT;PTB,MDB;PCdoB;PDT;PL;PP;PSD;PT;PTB;REPUBLICANOS,,,,established,,,
2016-02-24,dilma_2,dilma_2-2015-03-19,dilma_2-2015-12-21,primary_adjudicated,MDB;PCdoB;PDT;PL;PP;PSD;PT;PTB;REPUBLICANOS,PCdoB;PDT;PMDB;PP;PR;PRB;PSD;PT;PTB,MDB;PCdoB;PDT;PL;PP;PSD;PT;PTB;REPUBLICANOS,,,,established,,,
2016-02-25,dilma_2,dilma_2-2015-03-19,dilma_2-2015-12-21,primary_adjudicated,MDB;PCdoB;PDT;PL;PP;PSD;PT;PTB;REPUBLICANOS,PCdoB;PDT;PMDB;PP;PR;PRB;PSD;PT;PTB,MDB;PCdoB;PDT;PL;PP;PSD;PT;PTB;REPUBLICANOS,,,,established,,,
2016-02-26,dilma_2,dilma_2-2015-03-19,dilma_2-2015-12-21,primary_adjudicated,MDB;PCdoB;PDT;PL;PP;PSD;PT;PTB;REPUBLICANOS,PCdoB;PDT;PMDB;PP;PR;PRB;PSD;PT;PTB,MDB;PCdoB;PDT;PL;PP;PSD;PT;PTB;REPUBLICANOS,,,,established,,,
2016-02-27,dilma_2,dilma_2-2015-03-19,dilma_2-2015-12-21,primary_adjudicated,MDB;PCdoB;PDT;PL;PP;PSD;PT;PTB;REPUBLICANOS,PCdoB;PDT;PMDB;PP;PR;PRB;PSD;PT;PTB,MDB;PCdoB;PDT;PL;PP;PSD;PT;PTB;REPUBLICANOS,,,,established,,,
2016-02-28,dilma_2,dilma_2-2015-03-19,dilma_2-2015-12-21,primary_adjudicated,MDB;PCdoB;PDT;PL;PP;PSD;PT;PTB;REPUBLICANOS,PCdoB;PDT;PMDB;PP;PR;PRB;PSD;PT;PTB,MDB;PCdoB;PDT;PL;PP;PSD;PT;PTB;REPUBLICANOS,,,,established,,,
2016-02-29,dilma_2,dilma_2-2015-03-19,dilma_2-2016-02-29,primary_adjudicated,MDB;PCdoB;PDT;PL;PP;PSD;PT;PTB;REPUBLICANOS,PCdoB;PDT;PMDB;PP;PR;PRB;PSD;PT;PTB,MDB;PCdoB;PDT;PL;PP;PSD;PT;PTB;REPUBLICANOS,,,,established,,,
2016-03-01,dilma_2,dilma_2-2015-03-19,dilma_2-2016-02-29,primary_adjudicated,MDB;PCdoB;PDT;PL;PP;PSD;PT;PTB;REPUBLICANOS,PCdoB;PDT;PMDB;PP;PR;PRB;PSD;PT;PTB,MDB;PCdoB;PDT;PL;PP;PSD;PT;PTB;REPUBLICANOS,,,,established,,,
2016-03-02,dilma_2,dilma_2-2015-03-19,dilma_2-2016-02-29,primary_adjudicated,MDB;PCdoB;PDT;PL;PP;PSD;PT;PTB;REPUBLICANOS,PCdoB;PDT;PMDB;PP;PR;PRB;PSD;PT;PTB,MDB;PCdoB;PDT;PL;PP;PSD;PT;PTB;REPUBLICANOS,,,,established,,,
2016-03-03,dilma_2,dilma_2-2015-03-19,dilma_2-2016-03-03,primary_adjudicated,MDB;PCdoB;PDT;PL;PP;PSD;PT;PTB;REPUBLICANOS,PCdoB;PDT;PMDB;PP;PR;PRB;PSD;PT;PTB,MDB;PCdoB;PDT;PL;PP;PSD;PT;PTB;REPUBLICANOS,,,,established,,,
2016-03-04,dilma_2,dilma_2-2015-03-19,dilma_2-2016-03-03,primary_adjudicated,MDB;PCdoB;PDT;PL;PP;PSD;PT;PTB;REPUBLICANOS,PCdoB;PDT;PMDB;PP;PR;PRB;PSD;PT;PTB,MDB;PCdoB;PDT;PL;PP;PSD;PT;PTB;REPUBLICANOS,,,,established,,,
2016-03-05,dilma_2,dilma_2-2015-03-19,dilma_2-2016-03-03,primary_adjudicated,MDB;PCdoB;PDT;PL;PP;PSD;PT;PTB;REPUBLICANOS,PCdoB;PDT;PMDB;PP;PR;PRB;PSD;PT;PTB,MDB;PCdoB;PDT;PL;PP;PSD;PT;PTB;REPUBLICANOS,,,,established,,,
2016-03-06,dilma_2,dilma_2-2015-03-19,dilma_2-2016-03-03,primary_adjudicated,MDB;PCdoB;PDT;PL;PP;PSD;PT;PTB;REPUBLICANOS,PCdoB;PDT;PMDB;PP;PR;PRB;PSD;PT;PTB,MDB;PCdoB;PDT;PL;PP;PSD;PT;PTB;REPUBLICANOS,,,,established,,,
2016-03-07,dilma_2,dilma_2-2015-03-19,dilma_2-2016-03-03,primary_adjudicated,MDB;PCdoB;PDT;PL;PP;PSD;PT;PTB;REPUBLICANOS,PCdoB;PDT;PMDB;PP;PR;PRB;PSD;PT;PTB,MDB;PCdoB;PDT;PL;PP;PSD;PT;PTB;REPUBLICANOS,,,,established,,,
2016-03-08,dilma_2,dilma_2-2015-03-19,dilma_2-2016-03-03,primary_adjudicated,MDB;PCdoB;PDT;PL;PP;PSD;PT;PTB;REPUBLICANOS,PCdoB;PDT;PMDB;PP;PR;PRB;PSD;PT;PTB,MDB;PCdoB;PDT;PL;PP;PSD;PT;PTB;REPUBLICANOS,,,,established,,,
2016-03-09,dilma_2,dilma_2-2015-03-19,dilma_2-2016-03-03,primary_adjudicated,MDB;PCdoB;PDT;PL;PP;PSD;PT;PTB;REPUBLICANOS,PCdoB;PDT;PMDB;PP;PR;PRB;PSD;PT;PTB,MDB;PCdoB;PDT;PL;PP;PSD;PT;PTB;REPUBLICANOS,,,,established,,,
2016-03-10,dilma_2,dilma_2-2015-03-19,dilma_2-2016-03-03,primary_adjudicated,MDB;PCdoB;PDT;PL;PP;PSD;PT;PTB;REPUBLICANOS,PCdoB;PDT;PMDB;PP;PR;PRB;PSD;PT;PTB,MDB;PCdoB;PDT;PL;PP;PSD;PT;PTB;REPUBLICANOS,,,,established,,,
2016-03-11,dilma_2,dilma_2-2015-03-19,dilma_2-2016-03-03,primary_adjudicated,MDB;PCdoB;PDT;PL;PP;PSD;PT;PTB;REPUBLICANOS,PCdoB;PDT;PMDB;PP;PR;PRB;PSD;PT;PTB,MDB;PCdoB;PDT;PL;PP;PSD;PT;PTB;REPUBLICANOS,,,,established,,,
2016-03-12,dilma_2,dilma_2-2015-03-19,dilma_2-2016-03-03,primary_adjudicated,MDB;PCdoB;PDT;PL;PP;PSD;PT;PTB;REPUBLICANOS,PCdoB;PDT;PMDB;PP;PR;PRB;PSD;PT;PTB,MDB;PCdoB;PDT;PL;PP;PSD;PT;PTB;REPUBLICANOS,,,,established,,,
2016-03-13,dilma_2,dilma_2-2015-03-19,dilma_2-2016-03-03,primary_adjudicated,MDB;PCdoB;PDT;PL;PP;PSD;PT;PTB;REPUBLICANOS,PCdoB;PDT;PMDB;PP;PR;PRB;PSD;PT;PTB,MDB;PCdoB;PDT;PL;PP;PSD;PT;PTB;REPUBLICANOS,,,,established,,,
2016-03-14,dilma_2,dilma_2-2015-03-19,dilma_2-2016-03-03,primary_adjudicated,MDB;PCdoB;PDT;PL;PP;PSD;PT;PTB;REPUBLICANOS,PCdoB;PDT;PMDB;PP;PR;PRB;PSD;PT;PTB,MDB;PCdoB;PDT;PL;PP;PSD;PT;PTB;REPUBLICANOS,,,,established,,,
2016-03-15,dilma_2,dilma_2-2015-03-19,dilma_2-2016-03-03,primary_adjudicated,MDB;PCdoB;PDT;PL;PP;PSD;PT;PTB;REPUBLICANOS,PCdoB;PDT;PMDB;PP;PR;PRB;PSD;PT;PTB,MDB;PCdoB;PDT;PL;PP;PSD;PT;PTB;REPUBLICANOS,,,,established,,,
2016-03-16,dilma_2,dilma_2-2015-03-19,dilma_2-2016-03-16,primary_adjudicated,MDB;PCdoB;PDT;PL;PP;PSD;PT;PTB;REPUBLICANOS,PCdoB;PDT;PMDB;PP;PR;PRB;PSD;PT;PTB,MDB;PCdoB;PDT;PL;PP;PSD;PT;PTB;REPUBLICANOS,,,,established,,,
2016-03-17,dilma_2,dilma_2-2015-03-19,dilma_2-2016-03-17,primary_adjudicated,MDB;PCdoB;PDT;PL;PP;PSD;PT;PTB;REPUBLICANOS,PCdoB;PDT;PMDB;PP;PR;PRB;PSD;PT;PTB,MDB;PCdoB;PDT;PL;PP;PSD;PT;PTB;REPUBLICANOS,,,,established,,,
2016-03-18,dilma_2,dilma_2-2016-03-18,dilma_2-2016-03-18,primary_adjudicated,MDB;PCdoB;PDT;PL;PP;PROS;PSD;PT;PTB,PCdoB;PDT;PMDB;PP;PR;PROS;PSD;PT;PTB,MDB;PCdoB;PDT;PL;PP;PROS;PSD;PT;PTB,,,,established,,,
2016-03-19,dilma_2,dilma_2-2016-03-18,dilma_2-2016-03-18,primary_adjudicated,MDB;PCdoB;PDT;PL;PP;PROS;PSD;PT;PTB,PCdoB;PDT;PMDB;PP;PR;PROS;PSD;PT;PTB,MDB;PCdoB;PDT;PL;PP;PROS;PSD;PT;PTB,,,,established,,,
2016-03-20,dilma_2,dilma_2-2016-03-18,dilma_2-2016-03-18,primary_adjudicated,MDB;PCdoB;PDT;PL;PP;PROS;PSD;PT;PTB,PCdoB;PDT;PMDB;PP;PR;PROS;PSD;PT;PTB,MDB;PCdoB;PDT;PL;PP;PROS;PSD;PT;PTB,,,,established,,,
2016-03-21,dilma_2,dilma_2-2016-03-18,dilma_2-2016-03-18,primary_adjudicated,MDB;PCdoB;PDT;PL;PP;PROS;PSD;PT;PTB,PCdoB;PDT;PMDB;PP;PR;PROS;PSD;PT;PTB,MDB;PCdoB;PDT;PL;PP;PROS;PSD;PT;PTB,,,,established,,,
2016-03-22,dilma_2,dilma_2-2016-03-18,dilma_2-2016-03-18,primary_adjudicated,MDB;PCdoB;PDT;PL;PP;PROS;PSD;PT;PTB,PCdoB;PDT;PMDB;PP;PR;PROS;PSD;PT;PTB,MDB;PCdoB;PDT;PL;PP;PROS;PSD;PT;PTB,,,,established,,,
2016-03-23,dilma_2,dilma_2-2016-03-18,dilma_2-2016-03-18,primary_adjudicated,MDB;PCdoB;PDT;PL;PP;PROS;PSD;PT;PTB,PCdoB;PDT;PMDB;PP;PR;PROS;PSD;PT;PTB,MDB;PCdoB;PDT;PL;PP;PROS;PSD;PT;PTB,,,,established,,,
2016-03-24,dilma_2,dilma_2-2016-03-18,dilma_2-2016-03-18,primary_adjudicated,MDB;PCdoB;PDT;PL;PP;PROS;PSD;PT;PTB,PCdoB;PDT;PMDB;PP;PR;PROS;PSD;PT;PTB,MDB;PCdoB;PDT;PL;PP;PROS;PSD;PT;PTB,,,,established,,,
2016-03-25,dilma_2,dilma_2-2016-03-18,dilma_2-2016-03-18,primary_adjudicated,MDB;PCdoB;PDT;PL;PP;PROS;PSD;PT;PTB,PCdoB;PDT;PMDB;PP;PR;PROS;PSD;PT;PTB,MDB;PCdoB;PDT;PL;PP;PROS;PSD;PT;PTB,,,,established,,,
2016-03-26,dilma_2,dilma_2-2016-03-18,dilma_2-2016-03-18,primary_adjudicated,MDB;PCdoB;PDT;PL;PP;PROS;PSD;PT;PTB,PCdoB;PDT;PMDB;PP;PR;PROS;PSD;PT;PTB,MDB;PCdoB;PDT;PL;PP;PROS;PSD;PT;PTB,,,,established,,,
2016-03-27,dilma_2,dilma_2-2016-03-18,dilma_2-2016-03-18,primary_adjudicated,MDB;PCdoB;PDT;PL;PP;PROS;PSD;PT;PTB,PCdoB;PDT;PMDB;PP;PR;PROS;PSD;PT;PTB,MDB;PCdoB;PDT;PL;PP;PROS;PSD;PT;PTB,,,,established,,,
2016-03-28,dilma_2,dilma_2-2016-03-18,dilma_2-2016-03-28,primary_adjudicated,MDB;PCdoB;PDT;PL;PP;PROS;PSD;PT;PTB,PCdoB;PDT;PMDB;PP;PR;PROS;PSD;PT;PTB,MDB;PCdoB;PDT;PL;PP;PROS;PSD;PT;PTB,,,,established,,,
2016-03-29,dilma_2,dilma_2-2016-03-18,dilma_2-2016-03-28,primary_adjudicated,MDB;PCdoB;PDT;PL;PP;PROS;PSD;PT;PTB,PCdoB;PDT;PMDB;PP;PR;PROS;PSD;PT;PTB,MDB;PCdoB;PDT;PL;PP;PROS;PSD;PT;PTB,,,,established,,,
2016-03-30,dilma_2,dilma_2-2016-03-18,dilma_2-2016-03-28,primary_adjudicated,MDB;PCdoB;PDT;PL;PP;PROS;PSD;PT;PTB,PCdoB;PDT;PMDB;PP;PR;PROS;PSD;PT;PTB,MDB;PCdoB;PDT;PL;PP;PROS;PSD;PT;PTB,,,,established,,,
2016-03-31,dilma_2,dilma_2-2016-03-31,dilma_2-2016-03-31,primary_adjudicated,MDB;PCdoB;PDT;PL;PP;PSD;PT;PTB,PCdoB;PDT;PMDB;PP;PR;PSD;PT;PTB,MDB;PCdoB;PDT;PL;PP;PSD;PT;PTB,,,,established,,,
2016-04-01,dilma_2,dilma_2-2016-03-31,dilma_2-2016-03-31,primary_adjudicated,MDB;PCdoB;PDT;PL;PP;PSD;PT;PTB,PCdoB;PDT;PMDB;PP;PR;PSD;PT;PTB,MDB;PCdoB;PDT;PL;PP;PSD;PT;PTB,,,,established,,,
2016-04-02,dilma_2,dilma_2-2016-03-31,dilma_2-2016-03-31,primary_adjudicated,MDB;PCdoB;PDT;PL;PP;PSD;PT;PTB,PCdoB;PDT;PMDB;PP;PR;PSD;PT;PTB,MDB;PCdoB;PDT;PL;PP;PSD;PT;PTB,,,,established,,,
2016-04-03,dilma_2,dilma_2-2016-03-31,dilma_2-2016-03-31,primary_adjudicated,MDB;PCdoB;PDT;PL;PP;PSD;PT;PTB,PCdoB;PDT;PMDB;PP;PR;PSD;PT;PTB,MDB;PCdoB;PDT;PL;PP;PSD;PT;PTB,,,,established,,,
2016-04-04,dilma_2,dilma_2-2016-03-31,dilma_2-2016-03-31,primary_adjudicated,MDB;PCdoB;PDT;PL;PP;PSD;PT;PTB,PCdoB;PDT;PMDB;PP;PR;PSD;PT;PTB,MDB;PCdoB;PDT;PL;PP;PSD;PT;PTB,,,,established,,,
2016-04-05,dilma_2,dilma_2-2016-03-31,dilma_2-2016-03-31,primary_adjudicated,MDB;PCdoB;PDT;PL;PP;PSD;PT;PTB,PCdoB;PDT;PMDB;PP;PR;PSD;PT;PTB,MDB;PCdoB;PDT;PL;PP;PSD;PT;PTB,,,,established,,,
2016-04-06,dilma_2,dilma_2-2016-03-31,dilma_2-2016-03-31,primary_adjudicated,MDB;PCdoB;PDT;PL;PP;PSD;PT;PTB,PCdoB;PDT;PMDB;PP;PR;PSD;PT;PTB,MDB;PCdoB;PDT;PL;PP;PSD;PT;PTB,,,,established,,,
2016-04-07,dilma_2,dilma_2-2016-03-31,dilma_2-2016-03-31,primary_adjudicated,MDB;PCdoB;PDT;PL;PP;PSD;PT;PTB,PCdoB;PDT;PMDB;PP;PR;PSD;PT;PTB,MDB;PCdoB;PDT;PL;PP;PSD;PT;PTB,,,,established,,,
2016-04-08,dilma_2,dilma_2-2016-03-31,dilma_2-2016-03-31,primary_adjudicated,MDB;PCdoB;PDT;PL;PP;PSD;PT;PTB,PCdoB;PDT;PMDB;PP;PR;PSD;PT;PTB,MDB;PCdoB;PDT;PL;PP;PSD;PT;PTB,,,,established,,,
2016-04-09,dilma_2,dilma_2-2016-03-31,dilma_2-2016-03-31,primary_adjudicated,MDB;PCdoB;PDT;PL;PP;PSD;PT;PTB,PCdoB;PDT;PMDB;PP;PR;PSD;PT;PTB,MDB;PCdoB;PDT;PL;PP;PSD;PT;PTB,,,,established,,,
2016-04-10,dilma_2,dilma_2-2016-03-31,dilma_2-2016-03-31,primary_adjudicated,MDB;PCdoB;PDT;PL;PP;PSD;PT;PTB,PCdoB;PDT;PMDB;PP;PR;PSD;PT;PTB,MDB;PCdoB;PDT;PL;PP;PSD;PT;PTB,,,,established,,,
2016-04-11,dilma_2,dilma_2-2016-03-31,dilma_2-2016-03-31,primary_adjudicated,MDB;PCdoB;PDT;PL;PP;PSD;PT;PTB,PCdoB;PDT;PMDB;PP;PR;PSD;PT;PTB,MDB;PCdoB;PDT;PL;PP;PSD;PT;PTB,,,,established,,,
2016-04-12,dilma_2,dilma_2-2016-03-31,dilma_2-2016-03-31,primary_adjudicated,MDB;PCdoB;PDT;PL;PP;PSD;PT;PTB,PCdoB;PDT;PMDB;PP;PR;PSD;PT;PTB,MDB;PCdoB;PDT;PL;PP;PSD;PT;PTB,,,,established,,,
2016-04-13,dilma_2,dilma_2-2016-03-31,dilma_2-2016-03-31,primary_adjudicated,MDB;PCdoB;PDT;PL;PP;PSD;PT;PTB,PCdoB;PDT;PMDB;PP;PR;PSD;PT;PTB,MDB;PCdoB;PDT;PL;PP;PSD;PT;PTB,,,,established,,,
2016-04-14,dilma_2,dilma_2-2016-04-14,dilma_2-2016-04-14,primary_adjudicated,MDB;PCdoB;PDT;PL;PSD;PT;PTB,PCdoB;PDT;PMDB;PR;PSD;PT;PTB,MDB;PCdoB;PDT;PL;PSD;PT;PTB,,,,established,,,
2016-04-15,dilma_2,dilma_2-2016-04-14,dilma_2-2016-04-14,primary_adjudicated,MDB;PCdoB;PDT;PL;PSD;PT;PTB,PCdoB;PDT;PMDB;PR;PSD;PT;PTB,MDB;PCdoB;PDT;PL;PSD;PT;PTB,,,,established,,,
2016-04-16,dilma_2,dilma_2-2016-04-14,dilma_2-2016-04-14,primary_adjudicated,MDB;PCdoB;PDT;PL;PSD;PT;PTB,PCdoB;PDT;PMDB;PR;PSD;PT;PTB,MDB;PCdoB;PDT;PL;PSD;PT;PTB,,,,established,,,
2016-04-17,dilma_2,dilma_2-2016-04-14,dilma_2-2016-04-14,primary_adjudicated,MDB;PCdoB;PDT;PL;PSD;PT;PTB,PCdoB;PDT;PMDB;PR;PSD;PT;PTB,MDB;PCdoB;PDT;PL;PSD;PT;PTB,,,,established,,,
2016-04-18,dilma_2,dilma_2-2016-04-14,dilma_2-2016-04-18,primary_adjudicated,MDB;PCdoB;PDT;PL;PSD;PT;PTB,PCdoB;PDT;PMDB;PR;PSD;PT;PTB,MDB;PCdoB;PDT;PL;PSD;PT;PTB,,,,established,,,
2016-04-19,dilma_2,dilma_2-2016-04-19,dilma_2-2016-04-19,primary_adjudicated,MDB;PCdoB;PDT;PL;PT;PTB,PCdoB;PDT;PMDB;PR;PT;PTB,MDB;PCdoB;PDT;PL;PT;PTB,,,,established,,,
2016-04-20,dilma_2,dilma_2-2016-04-19,dilma_2-2016-04-19,primary_adjudicated,MDB;PCdoB;PDT;PL;PT;PTB,PCdoB;PDT;PMDB;PR;PT;PTB,MDB;PCdoB;PDT;PL;PT;PTB,,,,established,,,
2016-04-21,dilma_2,dilma_2-2016-04-19,dilma_2-2016-04-21,primary_adjudicated,MDB;PCdoB;PDT;PL;PT;PTB,PCdoB;PDT;PMDB;PR;PT;PTB,MDB;PCdoB;PDT;PL;PT;PTB,,,,established,,,
2016-04-22,dilma_2,dilma_2-2016-04-19,dilma_2-2016-04-22,primary_adjudicated,MDB;PCdoB;PDT;PL;PT;PTB,PCdoB;PDT;PMDB;PR;PT;PTB,MDB;PCdoB;PDT;PL;PT;PTB,,,,established,,,
2016-04-23,dilma_2,dilma_2-2016-04-19,dilma_2-2016-04-22,primary_adjudicated,MDB;PCdoB;PDT;PL;PT;PTB,PCdoB;PDT;PMDB;PR;PT;PTB,MDB;PCdoB;PDT;PL;PT;PTB,,,,established,,,
2016-04-24,dilma_2,dilma_2-2016-04-19,dilma_2-2016-04-22,primary_adjudicated,MDB;PCdoB;PDT;PL;PT;PTB,PCdoB;PDT;PMDB;PR;PT;PTB,MDB;PCdoB;PDT;PL;PT;PTB,,,,established,,,
2016-04-25,dilma_2,dilma_2-2016-04-19,dilma_2-2016-04-22,primary_adjudicated,MDB;PCdoB;PDT;PL;PT;PTB,PCdoB;PDT;PMDB;PR;PT;PTB,MDB;PCdoB;PDT;PL;PT;PTB,,,,established,,,
2016-04-26,dilma_2,dilma_2-2016-04-19,dilma_2-2016-04-22,primary_adjudicated,MDB;PCdoB;PDT;PL;PT;PTB,PCdoB;PDT;PMDB;PR;PT;PTB,MDB;PCdoB;PDT;PL;PT;PTB,,,,established,,,
2016-04-27,dilma_2,dilma_2-2016-04-19,dilma_2-2016-04-22,primary_adjudicated,MDB;PCdoB;PDT;PL;PT;PTB,PCdoB;PDT;PMDB;PR;PT;PTB,MDB;PCdoB;PDT;PL;PT;PTB,,,,established,,,
2016-04-28,dilma_2,dilma_2-2016-04-19,dilma_2-2016-04-22,primary_adjudicated,MDB;PCdoB;PDT;PL;PT;PTB,PCdoB;PDT;PMDB;PR;PT;PTB,MDB;PCdoB;PDT;PL;PT;PTB,,,,established,,,
2016-04-29,dilma_2,dilma_2-2016-04-19,dilma_2-2016-04-29,primary_adjudicated,MDB;PCdoB;PDT;PL;PT;PTB,PCdoB;PDT;PMDB;PR;PT;PTB,MDB;PCdoB;PDT;PL;PT;PTB,,,,established,,,
2016-04-30,dilma_2,dilma_2-2016-04-19,dilma_2-2016-04-29,primary_adjudicated,MDB;PCdoB;PDT;PL;PT;PTB,PCdoB;PDT;PMDB;PR;PT;PTB,MDB;PCdoB;PDT;PL;PT;PTB,,,,established,,,
2016-05-01,dilma_2,dilma_2-2016-04-19,dilma_2-2016-04-29,primary_adjudicated,MDB;PCdoB;PDT;PL;PT;PTB,PCdoB;PDT;PMDB;PR;PT;PTB,MDB;PCdoB;PDT;PL;PT;PTB,,,,established,,,
2016-05-02,dilma_2,dilma_2-2016-04-19,dilma_2-2016-04-29,primary_adjudicated,MDB;PCdoB;PDT;PL;PT;PTB,PCdoB;PDT;PMDB;PR;PT;PTB,MDB;PCdoB;PDT;PL;PT;PTB,,,,established,,,
2016-05-03,dilma_2,dilma_2-2016-04-19,dilma_2-2016-04-29,primary_adjudicated,MDB;PCdoB;PDT;PL;PT;PTB,PCdoB;PDT;PMDB;PR;PT;PTB,MDB;PCdoB;PDT;PL;PT;PTB,,,,established,,,
2016-05-04,dilma_2,dilma_2-2016-04-19,dilma_2-2016-04-29,primary_adjudicated,MDB;PCdoB;PDT;PL;PT;PTB,PCdoB;PDT;PMDB;PR;PT;PTB,MDB;PCdoB;PDT;PL;PT;PTB,,,,established,,,
2016-05-05,dilma_2,dilma_2-2016-04-19,dilma_2-2016-04-29,primary_adjudicated,MDB;PCdoB;PDT;PL;PT;PTB,PCdoB;PDT;PMDB;PR;PT;PTB,MDB;PCdoB;PDT;PL;PT;PTB,,,,established,,,
2016-05-06,dilma_2,dilma_2-2016-04-19,dilma_2-2016-04-29,primary_adjudicated,MDB;PCdoB;PDT;PL;PT;PTB,PCdoB;PDT;PMDB;PR;PT;PTB,MDB;PCdoB;PDT;PL;PT;PTB,,,,established,,,
2016-05-07,dilma_2,dilma_2-2016-04-19,dilma_2-2016-04-29,primary_adjudicated,MDB;PCdoB;PDT;PL;PT;PTB,PCdoB;PDT;PMDB;PR;PT;PTB,MDB;PCdoB;PDT;PL;PT;PTB,,,,established,,,
2016-05-08,dilma_2,dilma_2-2016-04-19,dilma_2-2016-04-29,primary_adjudicated,MDB;PCdoB;PDT;PL;PT;PTB,PCdoB;PDT;PMDB;PR;PT;PTB,MDB;PCdoB;PDT;PL;PT;PTB,,,,established,,,
2016-05-09,dilma_2,dilma_2-2016-04-19,dilma_2-2016-04-29,primary_adjudicated,MDB;PCdoB;PDT;PL;PT;PTB,PCdoB;PDT;PMDB;PR;PT;PTB,MDB;PCdoB;PDT;PL;PT;PTB,,,,established,,,
2016-05-10,dilma_2,dilma_2-2016-04-19,dilma_2-2016-04-29,primary_adjudicated,MDB;PCdoB;PDT;PL;PT;PTB,PCdoB;PDT;PMDB;PR;PT;PTB,MDB;PCdoB;PDT;PL;PT;PTB,,,,established,,,
2016-05-11,dilma_2,dilma_2-2016-04-19,dilma_2-2016-04-29,primary_adjudicated,MDB;PCdoB;PDT;PL;PT;PTB,PCdoB;PDT;PMDB;PR;PT;PTB,MDB;PCdoB;PDT;PL;PT;PTB,,,,established,,,
2016-05-12,temer,temer-2016-05-12,temer-2016-05-12,primary_adjudicated,CIDADANIA;DEM;MDB;PL;PP;PSB;PSD;PSDB;PTB;PV;REPUBLICANOS,DEM;PMDB;PP;PPS;PR;PRB;PSB;PSD;PSDB;PTB;PV,CIDADANIA;DEM;MDB;PL;PP;PSB;PSD;PSDB;PTB;PV;REPUBLICANOS,,,,established,,,
2016-05-13,temer,temer-2016-05-12,temer-2016-05-12,primary_adjudicated,CIDADANIA;DEM;MDB;PL;PP;PSB;PSD;PSDB;PTB;PV;REPUBLICANOS,DEM;PMDB;PP;PPS;PR;PRB;PSB;PSD;PSDB;PTB;PV,CIDADANIA;DEM;MDB;PL;PP;PSB;PSD;PSDB;PTB;PV;REPUBLICANOS,,,,established,,,
2016-05-14,temer,temer-2016-05-12,temer-2016-05-12,primary_adjudicated,CIDADANIA;DEM;MDB;PL;PP;PSB;PSD;PSDB;PTB;PV;REPUBLICANOS,DEM;PMDB;PP;PPS;PR;PRB;PSB;PSD;PSDB;PTB;PV,CIDADANIA;DEM;MDB;PL;PP;PSB;PSD;PSDB;PTB;PV;REPUBLICANOS,,,,established,,,
2016-05-15,temer,temer-2016-05-12,temer-2016-05-12,primary_adjudicated,CIDADANIA;DEM;MDB;PL;PP;PSB;PSD;PSDB;PTB;PV;REPUBLICANOS,DEM;PMDB;PP;PPS;PR;PRB;PSB;PSD;PSDB;PTB;PV,CIDADANIA;DEM;MDB;PL;PP;PSB;PSD;PSDB;PTB;PV;REPUBLICANOS,,,,established,,,
2016-05-16,temer,temer-2016-05-12,temer-2016-05-12,primary_adjudicated,CIDADANIA;DEM;MDB;PL;PP;PSB;PSD;PSDB;PTB;PV;REPUBLICANOS,DEM;PMDB;PP;PPS;PR;PRB;PSB;PSD;PSDB;PTB;PV,CIDADANIA;DEM;MDB;PL;PP;PSB;PSD;PSDB;PTB;PV;REPUBLICANOS,,,,established,,,
2016-05-17,temer,temer-2016-05-12,temer-2016-05-12,primary_adjudicated,CIDADANIA;DEM;MDB;PL;PP;PSB;PSD;PSDB;PTB;PV;REPUBLICANOS,DEM;PMDB;PP;PPS;PR;PRB;PSB;PSD;PSDB;PTB;PV,CIDADANIA;DEM;MDB;PL;PP;PSB;PSD;PSDB;PTB;PV;REPUBLICANOS,,,,established,,,
2016-05-18,temer,temer-2016-05-12,temer-2016-05-12,primary_adjudicated,CIDADANIA;DEM;MDB;PL;PP;PSB;PSD;PSDB;PTB;PV;REPUBLICANOS,DEM;PMDB;PP;PPS;PR;PRB;PSB;PSD;PSDB;PTB;PV,CIDADANIA;DEM;MDB;PL;PP;PSB;PSD;PSDB;PTB;PV;REPUBLICANOS,,,,established,,,
2016-05-19,temer,temer-2016-05-12,temer-2016-05-12,primary_adjudicated,CIDADANIA;DEM;MDB;PL;PP;PSB;PSD;PSDB;PTB;PV;REPUBLICANOS,DEM;PMDB;PP;PPS;PR;PRB;PSB;PSD;PSDB;PTB;PV,CIDADANIA;DEM;MDB;PL;PP;PSB;PSD;PSDB;PTB;PV;REPUBLICANOS,,,,established,,,
2016-05-20,temer,temer-2016-05-12,temer-2016-05-12,primary_adjudicated,CIDADANIA;DEM;MDB;PL;PP;PSB;PSD;PSDB;PTB;PV;REPUBLICANOS,DEM;PMDB;PP;PPS;PR;PRB;PSB;PSD;PSDB;PTB;PV,CIDADANIA;DEM;MDB;PL;PP;PSB;PSD;PSDB;PTB;PV;REPUBLICANOS,,,,established,,,
2016-05-21,temer,temer-2016-05-12,temer-2016-05-12,primary_adjudicated,CIDADANIA;DEM;MDB;PL;PP;PSB;PSD;PSDB;PTB;PV;REPUBLICANOS,DEM;PMDB;PP;PPS;PR;PRB;PSB;PSD;PSDB;PTB;PV,CIDADANIA;DEM;MDB;PL;PP;PSB;PSD;PSDB;PTB;PV;REPUBLICANOS,,,,established,,,
2016-05-22,temer,temer-2016-05-12,temer-2016-05-12,primary_adjudicated,CIDADANIA;DEM;MDB;PL;PP;PSB;PSD;PSDB;PTB;PV;REPUBLICANOS,DEM;PMDB;PP;PPS;PR;PRB;PSB;PSD;PSDB;PTB;PV,CIDADANIA;DEM;MDB;PL;PP;PSB;PSD;PSDB;PTB;PV;REPUBLICANOS,,,,established,,,
2016-05-23,temer,temer-2016-05-12,temer-2016-05-23,primary_adjudicated,CIDADANIA;DEM;MDB;PL;PP;PSB;PSD;PSDB;PTB;PV;REPUBLICANOS,DEM;PMDB;PP;PPS;PR;PRB;PSB;PSD;PSDB;PTB;PV,CIDADANIA;DEM;MDB;PL;PP;PSB;PSD;PSDB;PTB;PV;REPUBLICANOS,,,,established,,,
2016-05-24,temer,temer-2016-05-12,temer-2016-05-24,primary_adjudicated,CIDADANIA;DEM;MDB;PL;PP;PSB;PSD;PSDB;PTB;PV;REPUBLICANOS,DEM;PMDB;PP;PPS;PR;PRB;PSB;PSD;PSDB;PTB;PV,CIDADANIA;DEM;MDB;PL;PP;PSB;PSD;PSDB;PTB;PV;REPUBLICANOS,,,,established,,,
2016-05-25,temer,temer-2016-05-12,temer-2016-05-24,primary_adjudicated,CIDADANIA;DEM;MDB;PL;PP;PSB;PSD;PSDB;PTB;PV;REPUBLICANOS,DEM;PMDB;PP;PPS;PR;PRB;PSB;PSD;PSDB;PTB;PV,CIDADANIA;DEM;MDB;PL;PP;PSB;PSD;PSDB;PTB;PV;REPUBLICANOS,,,,established,,,
2016-05-26,temer,temer-2016-05-12,temer-2016-05-24,primary_adjudicated,CIDADANIA;DEM;MDB;PL;PP;PSB;PSD;PSDB;PTB;PV;REPUBLICANOS,DEM;PMDB;PP;PPS;PR;PRB;PSB;PSD;PSDB;PTB;PV,CIDADANIA;DEM;MDB;PL;PP;PSB;PSD;PSDB;PTB;PV;REPUBLICANOS,,,,established,,,
2016-05-27,temer,temer-2016-05-12,temer-2016-05-24,primary_adjudicated,CIDADANIA;DEM;MDB;PL;PP;PSB;PSD;PSDB;PTB;PV;REPUBLICANOS,DEM;PMDB;PP;PPS;PR;PRB;PSB;PSD;PSDB;PTB;PV,CIDADANIA;DEM;MDB;PL;PP;PSB;PSD;PSDB;PTB;PV;REPUBLICANOS,,,,established,,,
2016-05-28,temer,temer-2016-05-12,temer-2016-05-24,primary_adjudicated,CIDADANIA;DEM;MDB;PL;PP;PSB;PSD;PSDB;PTB;PV;REPUBLICANOS,DEM;PMDB;PP;PPS;PR;PRB;PSB;PSD;PSDB;PTB;PV,CIDADANIA;DEM;MDB;PL;PP;PSB;PSD;PSDB;PTB;PV;REPUBLICANOS,,,,established,,,
2016-05-29,temer,temer-2016-05-12,temer-2016-05-24,primary_adjudicated,CIDADANIA;DEM;MDB;PL;PP;PSB;PSD;PSDB;PTB;PV;REPUBLICANOS,DEM;PMDB;PP;PPS;PR;PRB;PSB;PSD;PSDB;PTB;PV,CIDADANIA;DEM;MDB;PL;PP;PSB;PSD;PSDB;PTB;PV;REPUBLICANOS,,,,established,,,
2016-05-30,temer,temer-2016-05-12,temer-2016-05-30,primary_adjudicated,CIDADANIA;DEM;MDB;PL;PP;PSB;PSD;PSDB;PTB;PV;REPUBLICANOS,DEM;PMDB;PP;PPS;PR;PRB;PSB;PSD;PSDB;PTB;PV,CIDADANIA;DEM;MDB;PL;PP;PSB;PSD;PSDB;PTB;PV;REPUBLICANOS,,,,established,,,
2016-05-31,temer,temer-2016-05-12,temer-2016-05-30,primary_adjudicated,CIDADANIA;DEM;MDB;PL;PP;PSB;PSD;PSDB;PTB;PV;REPUBLICANOS,DEM;PMDB;PP;PPS;PR;PRB;PSB;PSD;PSDB;PTB;PV,CIDADANIA;DEM;MDB;PL;PP;PSB;PSD;PSDB;PTB;PV;REPUBLICANOS,,,,established,,,
2016-06-01,temer,temer-2016-05-12,temer-2016-05-30,primary_adjudicated,CIDADANIA;DEM;MDB;PL;PP;PSB;PSD;PSDB;PTB;PV;REPUBLICANOS,DEM;PMDB;PP;PPS;PR;PRB;PSB;PSD;PSDB;PTB;PV,CIDADANIA;DEM;MDB;PL;PP;PSB;PSD;PSDB;PTB;PV;REPUBLICANOS,,,,established,,,
2016-06-02,temer,temer-2016-05-12,temer-2016-06-02,primary_adjudicated,CIDADANIA;DEM;MDB;PL;PP;PSB;PSD;PSDB;PTB;PV;REPUBLICANOS,DEM;PMDB;PP;PPS;PR;PRB;PSB;PSD;PSDB;PTB;PV,CIDADANIA;DEM;MDB;PL;PP;PSB;PSD;PSDB;PTB;PV;REPUBLICANOS,,,,established,,,
2016-06-03,temer,temer-2016-05-12,temer-2016-06-02,primary_adjudicated,CIDADANIA;DEM;MDB;PL;PP;PSB;PSD;PSDB;PTB;PV;REPUBLICANOS,DEM;PMDB;PP;PPS;PR;PRB;PSB;PSD;PSDB;PTB;PV,CIDADANIA;DEM;MDB;PL;PP;PSB;PSD;PSDB;PTB;PV;REPUBLICANOS,,,,established,,,
2016-06-04,temer,temer-2016-05-12,temer-2016-06-02,primary_adjudicated,CIDADANIA;DEM;MDB;PL;PP;PSB;PSD;PSDB;PTB;PV;REPUBLICANOS,DEM;PMDB;PP;PPS;PR;PRB;PSB;PSD;PSDB;PTB;PV,CIDADANIA;DEM;MDB;PL;PP;PSB;PSD;PSDB;PTB;PV;REPUBLICANOS,,,,established,,,
2016-06-05,temer,temer-2016-05-12,temer-2016-06-02,primary_adjudicated,CIDADANIA;DEM;MDB;PL;PP;PSB;PSD;PSDB;PTB;PV;REPUBLICANOS,DEM;PMDB;PP;PPS;PR;PRB;PSB;PSD;PSDB;PTB;PV,CIDADANIA;DEM;MDB;PL;PP;PSB;PSD;PSDB;PTB;PV;REPUBLICANOS,,,,established,,,
2016-06-06,temer,temer-2016-05-12,temer-2016-06-02,primary_adjudicated,CIDADANIA;DEM;MDB;PL;PP;PSB;PSD;PSDB;PTB;PV;REPUBLICANOS,DEM;PMDB;PP;PPS;PR;PRB;PSB;PSD;PSDB;PTB;PV,CIDADANIA;DEM;MDB;PL;PP;PSB;PSD;PSDB;PTB;PV;REPUBLICANOS,,,,established,,,
2016-06-07,temer,temer-2016-05-12,temer-2016-06-02,primary_adjudicated,CIDADANIA;DEM;MDB;PL;PP;PSB;PSD;PSDB;PTB;PV;REPUBLICANOS,DEM;PMDB;PP;PPS;PR;PRB;PSB;PSD;PSDB;PTB;PV,CIDADANIA;DEM;MDB;PL;PP;PSB;PSD;PSDB;PTB;PV;REPUBLICANOS,,,,established,,,
2016-06-08,temer,temer-2016-05-12,temer-2016-06-02,primary_adjudicated,CIDADANIA;DEM;MDB;PL;PP;PSB;PSD;PSDB;PTB;PV;REPUBLICANOS,DEM;PMDB;PP;PPS;PR;PRB;PSB;PSD;PSDB;PTB;PV,CIDADANIA;DEM;MDB;PL;PP;PSB;PSD;PSDB;PTB;PV;REPUBLICANOS,,,,established,,,
2016-06-09,temer,temer-2016-05-12,temer-2016-06-09,primary_adjudicated,CIDADANIA;DEM;MDB;PL;PP;PSB;PSD;PSDB;PTB;PV;REPUBLICANOS,DEM;PMDB;PP;PPS;PR;PRB;PSB;PSD;PSDB;PTB;PV,CIDADANIA;DEM;MDB;PL;PP;PSB;PSD;PSDB;PTB;PV;REPUBLICANOS,,,,established,,,
2016-06-10,temer,temer-2016-05-12,temer-2016-06-09,primary_adjudicated,CIDADANIA;DEM;MDB;PL;PP;PSB;PSD;PSDB;PTB;PV;REPUBLICANOS,DEM;PMDB;PP;PPS;PR;PRB;PSB;PSD;PSDB;PTB;PV,CIDADANIA;DEM;MDB;PL;PP;PSB;PSD;PSDB;PTB;PV;REPUBLICANOS,,,,established,,,
2016-06-11,temer,temer-2016-05-12,temer-2016-06-09,primary_adjudicated,CIDADANIA;DEM;MDB;PL;PP;PSB;PSD;PSDB;PTB;PV;REPUBLICANOS,DEM;PMDB;PP;PPS;PR;PRB;PSB;PSD;PSDB;PTB;PV,CIDADANIA;DEM;MDB;PL;PP;PSB;PSD;PSDB;PTB;PV;REPUBLICANOS,,,,established,,,
2016-06-12,temer,temer-2016-05-12,temer-2016-06-09,primary_adjudicated,CIDADANIA;DEM;MDB;PL;PP;PSB;PSD;PSDB;PTB;PV;REPUBLICANOS,DEM;PMDB;PP;PPS;PR;PRB;PSB;PSD;PSDB;PTB;PV,CIDADANIA;DEM;MDB;PL;PP;PSB;PSD;PSDB;PTB;PV;REPUBLICANOS,,,,established,,,
2016-06-13,temer,temer-2016-05-12,temer-2016-06-09,primary_adjudicated,CIDADANIA;DEM;MDB;PL;PP;PSB;PSD;PSDB;PTB;PV;REPUBLICANOS,DEM;PMDB;PP;PPS;PR;PRB;PSB;PSD;PSDB;PTB;PV,CIDADANIA;DEM;MDB;PL;PP;PSB;PSD;PSDB;PTB;PV;REPUBLICANOS,,,,established,,,
2016-06-14,temer,temer-2016-05-12,temer-2016-06-09,primary_adjudicated,CIDADANIA;DEM;MDB;PL;PP;PSB;PSD;PSDB;PTB;PV;REPUBLICANOS,DEM;PMDB;PP;PPS;PR;PRB;PSB;PSD;PSDB;PTB;PV,CIDADANIA;DEM;MDB;PL;PP;PSB;PSD;PSDB;PTB;PV;REPUBLICANOS,,,,established,,,
2016-06-15,temer,temer-2016-05-12,temer-2016-06-09,primary_adjudicated,CIDADANIA;DEM;MDB;PL;PP;PSB;PSD;PSDB;PTB;PV;REPUBLICANOS,DEM;PMDB;PP;PPS;PR;PRB;PSB;PSD;PSDB;PTB;PV,CIDADANIA;DEM;MDB;PL;PP;PSB;PSD;PSDB;PTB;PV;REPUBLICANOS,,,,established,,,
2016-06-16,temer,temer-2016-05-12,temer-2016-06-09,primary_adjudicated,CIDADANIA;DEM;MDB;PL;PP;PSB;PSD;PSDB;PTB;PV;REPUBLICANOS,DEM;PMDB;PP;PPS;PR;PRB;PSB;PSD;PSDB;PTB;PV,CIDADANIA;DEM;MDB;PL;PP;PSB;PSD;PSDB;PTB;PV;REPUBLICANOS,,,,established,,,
2016-06-17,temer,temer-2016-05-12,temer-2016-06-17,primary_adjudicated,CIDADANIA;DEM;MDB;PL;PP;PSB;PSD;PSDB;PTB;PV;REPUBLICANOS,DEM;PMDB;PP;PPS;PR;PRB;PSB;PSD;PSDB;PTB;PV,CIDADANIA;DEM;MDB;PL;PP;PSB;PSD;PSDB;PTB;PV;REPUBLICANOS,,,,established,,,
2016-06-18,temer,temer-2016-05-12,temer-2016-06-17,primary_adjudicated,CIDADANIA;DEM;MDB;PL;PP;PSB;PSD;PSDB;PTB;PV;REPUBLICANOS,DEM;PMDB;PP;PPS;PR;PRB;PSB;PSD;PSDB;PTB;PV,CIDADANIA;DEM;MDB;PL;PP;PSB;PSD;PSDB;PTB;PV;REPUBLICANOS,,,,established,,,
2016-06-19,temer,temer-2016-05-12,temer-2016-06-17,primary_adjudicated,CIDADANIA;DEM;MDB;PL;PP;PSB;PSD;PSDB;PTB;PV;REPUBLICANOS,DEM;PMDB;PP;PPS;PR;PRB;PSB;PSD;PSDB;PTB;PV,CIDADANIA;DEM;MDB;PL;PP;PSB;PSD;PSDB;PTB;PV;REPUBLICANOS,,,,established,,,
2016-06-20,temer,temer-2016-05-12,temer-2016-06-17,primary_adjudicated,CIDADANIA;DEM;MDB;PL;PP;PSB;PSD;PSDB;PTB;PV;REPUBLICANOS,DEM;PMDB;PP;PPS;PR;PRB;PSB;PSD;PSDB;PTB;PV,CIDADANIA;DEM;MDB;PL;PP;PSB;PSD;PSDB;PTB;PV;REPUBLICANOS,,,,established,,,
2016-06-21,temer,temer-2016-05-12,temer-2016-06-17,primary_adjudicated,CIDADANIA;DEM;MDB;PL;PP;PSB;PSD;PSDB;PTB;PV;REPUBLICANOS,DEM;PMDB;PP;PPS;PR;PRB;PSB;PSD;PSDB;PTB;PV,CIDADANIA;DEM;MDB;PL;PP;PSB;PSD;PSDB;PTB;PV;REPUBLICANOS,,,,established,,,
2016-06-22,temer,temer-2016-05-12,temer-2016-06-17,primary_adjudicated,CIDADANIA;DEM;MDB;PL;PP;PSB;PSD;PSDB;PTB;PV;REPUBLICANOS,DEM;PMDB;PP;PPS;PR;PRB;PSB;PSD;PSDB;PTB;PV,CIDADANIA;DEM;MDB;PL;PP;PSB;PSD;PSDB;PTB;PV;REPUBLICANOS,,,,established,,,
2016-06-23,temer,temer-2016-05-12,temer-2016-06-17,primary_adjudicated,CIDADANIA;DEM;MDB;PL;PP;PSB;PSD;PSDB;PTB;PV;REPUBLICANOS,DEM;PMDB;PP;PPS;PR;PRB;PSB;PSD;PSDB;PTB;PV,CIDADANIA;DEM;MDB;PL;PP;PSB;PSD;PSDB;PTB;PV;REPUBLICANOS,,,,established,,,
2016-06-24,temer,temer-2016-05-12,temer-2016-06-17,primary_adjudicated,CIDADANIA;DEM;MDB;PL;PP;PSB;PSD;PSDB;PTB;PV;REPUBLICANOS,DEM;PMDB;PP;PPS;PR;PRB;PSB;PSD;PSDB;PTB;PV,CIDADANIA;DEM;MDB;PL;PP;PSB;PSD;PSDB;PTB;PV;REPUBLICANOS,,,,established,,,
2016-06-25,temer,temer-2016-05-12,temer-2016-06-17,primary_adjudicated,CIDADANIA;DEM;MDB;PL;PP;PSB;PSD;PSDB;PTB;PV;REPUBLICANOS,DEM;PMDB;PP;PPS;PR;PRB;PSB;PSD;PSDB;PTB;PV,CIDADANIA;DEM;MDB;PL;PP;PSB;PSD;PSDB;PTB;PV;REPUBLICANOS,,,,established,,,
2016-06-26,temer,temer-2016-05-12,temer-2016-06-17,primary_adjudicated,CIDADANIA;DEM;MDB;PL;PP;PSB;PSD;PSDB;PTB;PV;REPUBLICANOS,DEM;PMDB;PP;PPS;PR;PRB;PSB;PSD;PSDB;PTB;PV,CIDADANIA;DEM;MDB;PL;PP;PSB;PSD;PSDB;PTB;PV;REPUBLICANOS,,,,established,,,
2016-06-27,temer,temer-2016-05-12,temer-2016-06-17,primary_adjudicated,CIDADANIA;DEM;MDB;PL;PP;PSB;PSD;PSDB;PTB;PV;REPUBLICANOS,DEM;PMDB;PP;PPS;PR;PRB;PSB;PSD;PSDB;PTB;PV,CIDADANIA;DEM;MDB;PL;PP;PSB;PSD;PSDB;PTB;PV;REPUBLICANOS,,,,established,,,
2016-06-28,temer,temer-2016-05-12,temer-2016-06-17,primary_adjudicated,CIDADANIA;DEM;MDB;PL;PP;PSB;PSD;PSDB;PTB;PV;REPUBLICANOS,DEM;PMDB;PP;PPS;PR;PRB;PSB;PSD;PSDB;PTB;PV,CIDADANIA;DEM;MDB;PL;PP;PSB;PSD;PSDB;PTB;PV;REPUBLICANOS,,,,established,,,
2016-06-29,temer,temer-2016-05-12,temer-2016-06-17,primary_adjudicated,CIDADANIA;DEM;MDB;PL;PP;PSB;PSD;PSDB;PTB;PV;REPUBLICANOS,DEM;PMDB;PP;PPS;PR;PRB;PSB;PSD;PSDB;PTB;PV,CIDADANIA;DEM;MDB;PL;PP;PSB;PSD;PSDB;PTB;PV;REPUBLICANOS,,,,established,,,
2016-06-30,temer,temer-2016-05-12,temer-2016-06-17,primary_adjudicated,CIDADANIA;DEM;MDB;PL;PP;PSB;PSD;PSDB;PTB;PV;REPUBLICANOS,DEM;PMDB;PP;PPS;PR;PRB;PSB;PSD;PSDB;PTB;PV,CIDADANIA;DEM;MDB;PL;PP;PSB;PSD;PSDB;PTB;PV;REPUBLICANOS,,,,established,,,
2016-07-01,temer,temer-2016-05-12,temer-2016-06-17,primary_adjudicated,CIDADANIA;DEM;MDB;PL;PP;PSB;PSD;PSDB;PTB;PV;REPUBLICANOS,DEM;PMDB;PP;PPS;PR;PRB;PSB;PSD;PSDB;PTB;PV,CIDADANIA;DEM;MDB;PL;PP;PSB;PSD;PSDB;PTB;PV;REPUBLICANOS,,,,established,,,
2016-07-02,temer,temer-2016-05-12,temer-2016-06-17,primary_adjudicated,CIDADANIA;DEM;MDB;PL;PP;PSB;PSD;PSDB;PTB;PV;REPUBLICANOS,DEM;PMDB;PP;PPS;PR;PRB;PSB;PSD;PSDB;PTB;PV,CIDADANIA;DEM;MDB;PL;PP;PSB;PSD;PSDB;PTB;PV;REPUBLICANOS,,,,established,,,
2016-07-03,temer,temer-2016-05-12,temer-2016-06-17,primary_adjudicated,CIDADANIA;DEM;MDB;PL;PP;PSB;PSD;PSDB;PTB;PV;REPUBLICANOS,DEM;PMDB;PP;PPS;PR;PRB;PSB;PSD;PSDB;PTB;PV,CIDADANIA;DEM;MDB;PL;PP;PSB;PSD;PSDB;PTB;PV;REPUBLICANOS,,,,established,,,
2016-07-04,temer,temer-2016-05-12,temer-2016-06-17,primary_adjudicated,CIDADANIA;DEM;MDB;PL;PP;PSB;PSD;PSDB;PTB;PV;REPUBLICANOS,DEM;PMDB;PP;PPS;PR;PRB;PSB;PSD;PSDB;PTB;PV,CIDADANIA;DEM;MDB;PL;PP;PSB;PSD;PSDB;PTB;PV;REPUBLICANOS,,,,established,,,
2016-07-05,temer,temer-2016-05-12,temer-2016-06-17,primary_adjudicated,CIDADANIA;DEM;MDB;PL;PP;PSB;PSD;PSDB;PTB;PV;REPUBLICANOS,DEM;PMDB;PP;PPS;PR;PRB;PSB;PSD;PSDB;PTB;PV,CIDADANIA;DEM;MDB;PL;PP;PSB;PSD;PSDB;PTB;PV;REPUBLICANOS,,,,established,,,
2016-07-06,temer,temer-2016-05-12,temer-2016-06-17,primary_adjudicated,CIDADANIA;DEM;MDB;PL;PP;PSB;PSD;PSDB;PTB;PV;REPUBLICANOS,DEM;PMDB;PP;PPS;PR;PRB;PSB;PSD;PSDB;PTB;PV,CIDADANIA;DEM;MDB;PL;PP;PSB;PSD;PSDB;PTB;PV;REPUBLICANOS,,,,established,,,
2016-07-07,temer,temer-2016-05-12,temer-2016-06-17,primary_adjudicated,CIDADANIA;DEM;MDB;PL;PP;PSB;PSD;PSDB;PTB;PV;REPUBLICANOS,DEM;PMDB;PP;PPS;PR;PRB;PSB;PSD;PSDB;PTB;PV,CIDADANIA;DEM;MDB;PL;PP;PSB;PSD;PSDB;PTB;PV;REPUBLICANOS,,,,established,,,
2016-07-08,temer,temer-2016-05-12,temer-2016-06-17,primary_adjudicated,CIDADANIA;DEM;MDB;PL;PP;PSB;PSD;PSDB;PTB;PV;REPUBLICANOS,DEM;PMDB;PP;PPS;PR;PRB;PSB;PSD;PSDB;PTB;PV,CIDADANIA;DEM;MDB;PL;PP;PSB;PSD;PSDB;PTB;PV;REPUBLICANOS,,,,established,,,
2016-07-09,temer,temer-2016-05-12,temer-2016-06-17,primary_adjudicated,CIDADANIA;DEM;MDB;PL;PP;PSB;PSD;PSDB;PTB;PV;REPUBLICANOS,DEM;PMDB;PP;PPS;PR;PRB;PSB;PSD;PSDB;PTB;PV,CIDADANIA;DEM;MDB;PL;PP;PSB;PSD;PSDB;PTB;PV;REPUBLICANOS,,,,established,,,
2016-07-10,temer,temer-2016-05-12,temer-2016-06-17,primary_adjudicated,CIDADANIA;DEM;MDB;PL;PP;PSB;PSD;PSDB;PTB;PV;REPUBLICANOS,DEM;PMDB;PP;PPS;PR;PRB;PSB;PSD;PSDB;PTB;PV,CIDADANIA;DEM;MDB;PL;PP;PSB;PSD;PSDB;PTB;PV;REPUBLICANOS,,,,established,,,
2016-07-11,temer,temer-2016-05-12,temer-2016-06-17,primary_adjudicated,CIDADANIA;DEM;MDB;PL;PP;PSB;PSD;PSDB;PTB;PV;REPUBLICANOS,DEM;PMDB;PP;PPS;PR;PRB;PSB;PSD;PSDB;PTB;PV,CIDADANIA;DEM;MDB;PL;PP;PSB;PSD;PSDB;PTB;PV;REPUBLICANOS,,,,established,,,
2016-07-12,temer,temer-2016-05-12,temer-2016-06-17,primary_adjudicated,CIDADANIA;DEM;MDB;PL;PP;PSB;PSD;PSDB;PTB;PV;REPUBLICANOS,DEM;PMDB;PP;PPS;PR;PRB;PSB;PSD;PSDB;PTB;PV,CIDADANIA;DEM;MDB;PL;PP;PSB;PSD;PSDB;PTB;PV;REPUBLICANOS,,,,established,,,
2016-07-13,temer,temer-2016-05-12,temer-2016-06-17,primary_adjudicated,CIDADANIA;DEM;MDB;PL;PP;PSB;PSD;PSDB;PTB;PV;REPUBLICANOS,DEM;PMDB;PP;PPS;PR;PRB;PSB;PSD;PSDB;PTB;PV,CIDADANIA;DEM;MDB;PL;PP;PSB;PSD;PSDB;PTB;PV;REPUBLICANOS,,,,established,,,
2016-07-14,temer,temer-2016-05-12,temer-2016-06-17,primary_adjudicated,CIDADANIA;DEM;MDB;PL;PP;PSB;PSD;PSDB;PTB;PV;REPUBLICANOS,DEM;PMDB;PP;PPS;PR;PRB;PSB;PSD;PSDB;PTB;PV,CIDADANIA;DEM;MDB;PL;PP;PSB;PSD;PSDB;PTB;PV;REPUBLICANOS,,,,established,,,
2016-07-15,temer,temer-2016-05-12,temer-2016-06-17,primary_adjudicated,CIDADANIA;DEM;MDB;PL;PP;PSB;PSD;PSDB;PTB;PV;REPUBLICANOS,DEM;PMDB;PP;PPS;PR;PRB;PSB;PSD;PSDB;PTB;PV,CIDADANIA;DEM;MDB;PL;PP;PSB;PSD;PSDB;PTB;PV;REPUBLICANOS,,,,established,,,
2016-07-16,temer,temer-2016-05-12,temer-2016-06-17,primary_adjudicated,CIDADANIA;DEM;MDB;PL;PP;PSB;PSD;PSDB;PTB;PV;REPUBLICANOS,DEM;PMDB;PP;PPS;PR;PRB;PSB;PSD;PSDB;PTB;PV,CIDADANIA;DEM;MDB;PL;PP;PSB;PSD;PSDB;PTB;PV;REPUBLICANOS,,,,established,,,
2016-07-17,temer,temer-2016-05-12,temer-2016-06-17,primary_adjudicated,CIDADANIA;DEM;MDB;PL;PP;PSB;PSD;PSDB;PTB;PV;REPUBLICANOS,DEM;PMDB;PP;PPS;PR;PRB;PSB;PSD;PSDB;PTB;PV,CIDADANIA;DEM;MDB;PL;PP;PSB;PSD;PSDB;PTB;PV;REPUBLICANOS,,,,established,,,
2016-07-18,temer,temer-2016-05-12,temer-2016-06-17,primary_adjudicated,CIDADANIA;DEM;MDB;PL;PP;PSB;PSD;PSDB;PTB;PV;REPUBLICANOS,DEM;PMDB;PP;PPS;PR;PRB;PSB;PSD;PSDB;PTB;PV,CIDADANIA;DEM;MDB;PL;PP;PSB;PSD;PSDB;PTB;PV;REPUBLICANOS,,,,established,,,
2016-07-19,temer,temer-2016-05-12,temer-2016-06-17,primary_adjudicated,CIDADANIA;DEM;MDB;PL;PP;PSB;PSD;PSDB;PTB;PV;REPUBLICANOS,DEM;PMDB;PP;PPS;PR;PRB;PSB;PSD;PSDB;PTB;PV,CIDADANIA;DEM;MDB;PL;PP;PSB;PSD;PSDB;PTB;PV;REPUBLICANOS,,,,established,,,
2016-07-20,temer,temer-2016-05-12,temer-2016-06-17,primary_adjudicated,CIDADANIA;DEM;MDB;PL;PP;PSB;PSD;PSDB;PTB;PV;REPUBLICANOS,DEM;PMDB;PP;PPS;PR;PRB;PSB;PSD;PSDB;PTB;PV,CIDADANIA;DEM;MDB;PL;PP;PSB;PSD;PSDB;PTB;PV;REPUBLICANOS,,,,established,,,
2016-07-21,temer,temer-2016-05-12,temer-2016-06-17,primary_adjudicated,CIDADANIA;DEM;MDB;PL;PP;PSB;PSD;PSDB;PTB;PV;REPUBLICANOS,DEM;PMDB;PP;PPS;PR;PRB;PSB;PSD;PSDB;PTB;PV,CIDADANIA;DEM;MDB;PL;PP;PSB;PSD;PSDB;PTB;PV;REPUBLICANOS,,,,established,,,
2016-07-22,temer,temer-2016-05-12,temer-2016-06-17,primary_adjudicated,CIDADANIA;DEM;MDB;PL;PP;PSB;PSD;PSDB;PTB;PV;REPUBLICANOS,DEM;PMDB;PP;PPS;PR;PRB;PSB;PSD;PSDB;PTB;PV,CIDADANIA;DEM;MDB;PL;PP;PSB;PSD;PSDB;PTB;PV;REPUBLICANOS,,,,established,,,
2016-07-23,temer,temer-2016-05-12,temer-2016-06-17,primary_adjudicated,CIDADANIA;DEM;MDB;PL;PP;PSB;PSD;PSDB;PTB;PV;REPUBLICANOS,DEM;PMDB;PP;PPS;PR;PRB;PSB;PSD;PSDB;PTB;PV,CIDADANIA;DEM;MDB;PL;PP;PSB;PSD;PSDB;PTB;PV;REPUBLICANOS,,,,established,,,
2016-07-24,temer,temer-2016-05-12,temer-2016-06-17,primary_adjudicated,CIDADANIA;DEM;MDB;PL;PP;PSB;PSD;PSDB;PTB;PV;REPUBLICANOS,DEM;PMDB;PP;PPS;PR;PRB;PSB;PSD;PSDB;PTB;PV,CIDADANIA;DEM;MDB;PL;PP;PSB;PSD;PSDB;PTB;PV;REPUBLICANOS,,,,established,,,
2016-07-25,temer,temer-2016-05-12,temer-2016-06-17,primary_adjudicated,CIDADANIA;DEM;MDB;PL;PP;PSB;PSD;PSDB;PTB;PV;REPUBLICANOS,DEM;PMDB;PP;PPS;PR;PRB;PSB;PSD;PSDB;PTB;PV,CIDADANIA;DEM;MDB;PL;PP;PSB;PSD;PSDB;PTB;PV;REPUBLICANOS,,,,established,,,
2016-07-26,temer,temer-2016-05-12,temer-2016-06-17,primary_adjudicated,CIDADANIA;DEM;MDB;PL;PP;PSB;PSD;PSDB;PTB;PV;REPUBLICANOS,DEM;PMDB;PP;PPS;PR;PRB;PSB;PSD;PSDB;PTB;PV,CIDADANIA;DEM;MDB;PL;PP;PSB;PSD;PSDB;PTB;PV;REPUBLICANOS,,,,established,,,
2016-07-27,temer,temer-2016-05-12,temer-2016-06-17,primary_adjudicated,CIDADANIA;DEM;MDB;PL;PP;PSB;PSD;PSDB;PTB;PV;REPUBLICANOS,DEM;PMDB;PP;PPS;PR;PRB;PSB;PSD;PSDB;PTB;PV,CIDADANIA;DEM;MDB;PL;PP;PSB;PSD;PSDB;PTB;PV;REPUBLICANOS,,,,established,,,
2016-07-28,temer,temer-2016-05-12,temer-2016-06-17,primary_adjudicated,CIDADANIA;DEM;MDB;PL;PP;PSB;PSD;PSDB;PTB;PV;REPUBLICANOS,DEM;PMDB;PP;PPS;PR;PRB;PSB;PSD;PSDB;PTB;PV,CIDADANIA;DEM;MDB;PL;PP;PSB;PSD;PSDB;PTB;PV;REPUBLICANOS,,,,established,,,
2016-07-29,temer,temer-2016-05-12,temer-2016-06-17,primary_adjudicated,CIDADANIA;DEM;MDB;PL;PP;PSB;PSD;PSDB;PTB;PV;REPUBLICANOS,DEM;PMDB;PP;PPS;PR;PRB;PSB;PSD;PSDB;PTB;PV,CIDADANIA;DEM;MDB;PL;PP;PSB;PSD;PSDB;PTB;PV;REPUBLICANOS,,,,established,,,
2016-07-30,temer,temer-2016-05-12,temer-2016-06-17,primary_adjudicated,CIDADANIA;DEM;MDB;PL;PP;PSB;PSD;PSDB;PTB;PV;REPUBLICANOS,DEM;PMDB;PP;PPS;PR;PRB;PSB;PSD;PSDB;PTB;PV,CIDADANIA;DEM;MDB;PL;PP;PSB;PSD;PSDB;PTB;PV;REPUBLICANOS,,,,established,,,
2016-07-31,temer,temer-2016-05-12,temer-2016-06-17,primary_adjudicated,CIDADANIA;DEM;MDB;PL;PP;PSB;PSD;PSDB;PTB;PV;REPUBLICANOS,DEM;PMDB;PP;PPS;PR;PRB;PSB;PSD;PSDB;PTB;PV,CIDADANIA;DEM;MDB;PL;PP;PSB;PSD;PSDB;PTB;PV;REPUBLICANOS,,,,established,,,
2016-08-01,temer,temer-2016-05-12,temer-2016-06-17,primary_adjudicated,CIDADANIA;DEM;MDB;PL;PP;PSB;PSD;PSDB;PTB;PV;REPUBLICANOS,DEM;PMDB;PP;PPS;PR;PRB;PSB;PSD;PSDB;PTB;PV,CIDADANIA;DEM;MDB;PL;PP;PSB;PSD;PSDB;PTB;PV;REPUBLICANOS,,,,established,,,
2016-08-02,temer,temer-2016-05-12,temer-2016-06-17,primary_adjudicated,CIDADANIA;DEM;MDB;PL;PP;PSB;PSD;PSDB;PTB;PV;REPUBLICANOS,DEM;PMDB;PP;PPS;PR;PRB;PSB;PSD;PSDB;PTB;PV,CIDADANIA;DEM;MDB;PL;PP;PSB;PSD;PSDB;PTB;PV;REPUBLICANOS,,,,established,,,
2016-08-03,temer,temer-2016-05-12,temer-2016-06-17,primary_adjudicated,CIDADANIA;DEM;MDB;PL;PP;PSB;PSD;PSDB;PTB;PV;REPUBLICANOS,DEM;PMDB;PP;PPS;PR;PRB;PSB;PSD;PSDB;PTB;PV,CIDADANIA;DEM;MDB;PL;PP;PSB;PSD;PSDB;PTB;PV;REPUBLICANOS,,,,established,,,
2016-08-04,temer,temer-2016-05-12,temer-2016-06-17,primary_adjudicated,CIDADANIA;DEM;MDB;PL;PP;PSB;PSD;PSDB;PTB;PV;REPUBLICANOS,DEM;PMDB;PP;PPS;PR;PRB;PSB;PSD;PSDB;PTB;PV,CIDADANIA;DEM;MDB;PL;PP;PSB;PSD;PSDB;PTB;PV;REPUBLICANOS,,,,established,,,
2016-08-05,temer,temer-2016-05-12,temer-2016-06-17,primary_adjudicated,CIDADANIA;DEM;MDB;PL;PP;PSB;PSD;PSDB;PTB;PV;REPUBLICANOS,DEM;PMDB;PP;PPS;PR;PRB;PSB;PSD;PSDB;PTB;PV,CIDADANIA;DEM;MDB;PL;PP;PSB;PSD;PSDB;PTB;PV;REPUBLICANOS,,,,established,,,
2016-08-06,temer,temer-2016-05-12,temer-2016-06-17,primary_adjudicated,CIDADANIA;DEM;MDB;PL;PP;PSB;PSD;PSDB;PTB;PV;REPUBLICANOS,DEM;PMDB;PP;PPS;PR;PRB;PSB;PSD;PSDB;PTB;PV,CIDADANIA;DEM;MDB;PL;PP;PSB;PSD;PSDB;PTB;PV;REPUBLICANOS,,,,established,,,
2016-08-07,temer,temer-2016-05-12,temer-2016-06-17,primary_adjudicated,CIDADANIA;DEM;MDB;PL;PP;PSB;PSD;PSDB;PTB;PV;REPUBLICANOS,DEM;PMDB;PP;PPS;PR;PRB;PSB;PSD;PSDB;PTB;PV,CIDADANIA;DEM;MDB;PL;PP;PSB;PSD;PSDB;PTB;PV;REPUBLICANOS,,,,established,,,
2016-08-08,temer,temer-2016-05-12,temer-2016-06-17,primary_adjudicated,CIDADANIA;DEM;MDB;PL;PP;PSB;PSD;PSDB;PTB;PV;REPUBLICANOS,DEM;PMDB;PP;PPS;PR;PRB;PSB;PSD;PSDB;PTB;PV,CIDADANIA;DEM;MDB;PL;PP;PSB;PSD;PSDB;PTB;PV;REPUBLICANOS,,,,established,,,
2016-08-09,temer,temer-2016-05-12,temer-2016-06-17,primary_adjudicated,CIDADANIA;DEM;MDB;PL;PP;PSB;PSD;PSDB;PTB;PV;REPUBLICANOS,DEM;PMDB;PP;PPS;PR;PRB;PSB;PSD;PSDB;PTB;PV,CIDADANIA;DEM;MDB;PL;PP;PSB;PSD;PSDB;PTB;PV;REPUBLICANOS,,,,established,,,
2016-08-10,temer,temer-2016-05-12,temer-2016-06-17,primary_adjudicated,CIDADANIA;DEM;MDB;PL;PP;PSB;PSD;PSDB;PTB;PV;REPUBLICANOS,DEM;PMDB;PP;PPS;PR;PRB;PSB;PSD;PSDB;PTB;PV,CIDADANIA;DEM;MDB;PL;PP;PSB;PSD;PSDB;PTB;PV;REPUBLICANOS,,,,established,,,
2016-08-11,temer,temer-2016-05-12,temer-2016-06-17,primary_adjudicated,CIDADANIA;DEM;MDB;PL;PP;PSB;PSD;PSDB;PTB;PV;REPUBLICANOS,DEM;PMDB;PP;PPS;PR;PRB;PSB;PSD;PSDB;PTB;PV,CIDADANIA;DEM;MDB;PL;PP;PSB;PSD;PSDB;PTB;PV;REPUBLICANOS,,,,established,,,
2016-08-12,temer,temer-2016-05-12,temer-2016-06-17,primary_adjudicated,CIDADANIA;DEM;MDB;PL;PP;PSB;PSD;PSDB;PTB;PV;REPUBLICANOS,DEM;PMDB;PP;PPS;PR;PRB;PSB;PSD;PSDB;PTB;PV,CIDADANIA;DEM;MDB;PL;PP;PSB;PSD;PSDB;PTB;PV;REPUBLICANOS,,,,established,,,
2016-08-13,temer,temer-2016-05-12,temer-2016-06-17,primary_adjudicated,CIDADANIA;DEM;MDB;PL;PP;PSB;PSD;PSDB;PTB;PV;REPUBLICANOS,DEM;PMDB;PP;PPS;PR;PRB;PSB;PSD;PSDB;PTB;PV,CIDADANIA;DEM;MDB;PL;PP;PSB;PSD;PSDB;PTB;PV;REPUBLICANOS,,,,established,,,
2016-08-14,temer,temer-2016-05-12,temer-2016-06-17,primary_adjudicated,CIDADANIA;DEM;MDB;PL;PP;PSB;PSD;PSDB;PTB;PV;REPUBLICANOS,DEM;PMDB;PP;PPS;PR;PRB;PSB;PSD;PSDB;PTB;PV,CIDADANIA;DEM;MDB;PL;PP;PSB;PSD;PSDB;PTB;PV;REPUBLICANOS,,,,established,,,
2016-08-15,temer,temer-2016-05-12,temer-2016-06-17,primary_adjudicated,CIDADANIA;DEM;MDB;PL;PP;PSB;PSD;PSDB;PTB;PV;REPUBLICANOS,DEM;PMDB;PP;PPS;PR;PRB;PSB;PSD;PSDB;PTB;PV,CIDADANIA;DEM;MDB;PL;PP;PSB;PSD;PSDB;PTB;PV;REPUBLICANOS,,,,established,,,
2016-08-16,temer,temer-2016-05-12,temer-2016-06-17,primary_adjudicated,CIDADANIA;DEM;MDB;PL;PP;PSB;PSD;PSDB;PTB;PV;REPUBLICANOS,DEM;PMDB;PP;PPS;PR;PRB;PSB;PSD;PSDB;PTB;PV,CIDADANIA;DEM;MDB;PL;PP;PSB;PSD;PSDB;PTB;PV;REPUBLICANOS,,,,established,,,
2016-08-17,temer,temer-2016-05-12,temer-2016-06-17,primary_adjudicated,CIDADANIA;DEM;MDB;PL;PP;PSB;PSD;PSDB;PTB;PV;REPUBLICANOS,DEM;PMDB;PP;PPS;PR;PRB;PSB;PSD;PSDB;PTB;PV,CIDADANIA;DEM;MDB;PL;PP;PSB;PSD;PSDB;PTB;PV;REPUBLICANOS,,,,established,,,
2016-08-18,temer,temer-2016-05-12,temer-2016-06-17,primary_adjudicated,CIDADANIA;DEM;MDB;PL;PP;PSB;PSD;PSDB;PTB;PV;REPUBLICANOS,DEM;PMDB;PP;PPS;PR;PRB;PSB;PSD;PSDB;PTB;PV,CIDADANIA;DEM;MDB;PL;PP;PSB;PSD;PSDB;PTB;PV;REPUBLICANOS,,,,established,,,
2016-08-19,temer,temer-2016-05-12,temer-2016-06-17,primary_adjudicated,CIDADANIA;DEM;MDB;PL;PP;PSB;PSD;PSDB;PTB;PV;REPUBLICANOS,DEM;PMDB;PP;PPS;PR;PRB;PSB;PSD;PSDB;PTB;PV,CIDADANIA;DEM;MDB;PL;PP;PSB;PSD;PSDB;PTB;PV;REPUBLICANOS,,,,established,,,
2016-08-20,temer,temer-2016-05-12,temer-2016-06-17,primary_adjudicated,CIDADANIA;DEM;MDB;PL;PP;PSB;PSD;PSDB;PTB;PV;REPUBLICANOS,DEM;PMDB;PP;PPS;PR;PRB;PSB;PSD;PSDB;PTB;PV,CIDADANIA;DEM;MDB;PL;PP;PSB;PSD;PSDB;PTB;PV;REPUBLICANOS,,,,established,,,
2016-08-21,temer,temer-2016-05-12,temer-2016-06-17,primary_adjudicated,CIDADANIA;DEM;MDB;PL;PP;PSB;PSD;PSDB;PTB;PV;REPUBLICANOS,DEM;PMDB;PP;PPS;PR;PRB;PSB;PSD;PSDB;PTB;PV,CIDADANIA;DEM;MDB;PL;PP;PSB;PSD;PSDB;PTB;PV;REPUBLICANOS,,,,established,,,
2016-08-22,temer,temer-2016-05-12,temer-2016-06-17,primary_adjudicated,CIDADANIA;DEM;MDB;PL;PP;PSB;PSD;PSDB;PTB;PV;REPUBLICANOS,DEM;PMDB;PP;PPS;PR;PRB;PSB;PSD;PSDB;PTB;PV,CIDADANIA;DEM;MDB;PL;PP;PSB;PSD;PSDB;PTB;PV;REPUBLICANOS,,,,established,,,
2016-08-23,temer,temer-2016-05-12,temer-2016-06-17,primary_adjudicated,CIDADANIA;DEM;MDB;PL;PP;PSB;PSD;PSDB;PTB;PV;REPUBLICANOS,DEM;PMDB;PP;PPS;PR;PRB;PSB;PSD;PSDB;PTB;PV,CIDADANIA;DEM;MDB;PL;PP;PSB;PSD;PSDB;PTB;PV;REPUBLICANOS,,,,established,,,
2016-08-24,temer,temer-2016-05-12,temer-2016-06-17,primary_adjudicated,CIDADANIA;DEM;MDB;PL;PP;PSB;PSD;PSDB;PTB;PV;REPUBLICANOS,DEM;PMDB;PP;PPS;PR;PRB;PSB;PSD;PSDB;PTB;PV,CIDADANIA;DEM;MDB;PL;PP;PSB;PSD;PSDB;PTB;PV;REPUBLICANOS,,,,established,,,
2016-08-25,temer,temer-2016-05-12,temer-2016-06-17,primary_adjudicated,CIDADANIA;DEM;MDB;PL;PP;PSB;PSD;PSDB;PTB;PV;REPUBLICANOS,DEM;PMDB;PP;PPS;PR;PRB;PSB;PSD;PSDB;PTB;PV,CIDADANIA;DEM;MDB;PL;PP;PSB;PSD;PSDB;PTB;PV;REPUBLICANOS,,,,established,,,
2016-08-26,temer,temer-2016-05-12,temer-2016-06-17,primary_adjudicated,CIDADANIA;DEM;MDB;PL;PP;PSB;PSD;PSDB;PTB;PV;REPUBLICANOS,DEM;PMDB;PP;PPS;PR;PRB;PSB;PSD;PSDB;PTB;PV,CIDADANIA;DEM;MDB;PL;PP;PSB;PSD;PSDB;PTB;PV;REPUBLICANOS,,,,established,,,
2016-08-27,temer,temer-2016-05-12,temer-2016-06-17,primary_adjudicated,CIDADANIA;DEM;MDB;PL;PP;PSB;PSD;PSDB;PTB;PV;REPUBLICANOS,DEM;PMDB;PP;PPS;PR;PRB;PSB;PSD;PSDB;PTB;PV,CIDADANIA;DEM;MDB;PL;PP;PSB;PSD;PSDB;PTB;PV;REPUBLICANOS,,,,established,,,
2016-08-28,temer,temer-2016-05-12,temer-2016-06-17,primary_adjudicated,CIDADANIA;DEM;MDB;PL;PP;PSB;PSD;PSDB;PTB;PV;REPUBLICANOS,DEM;PMDB;PP;PPS;PR;PRB;PSB;PSD;PSDB;PTB;PV,CIDADANIA;DEM;MDB;PL;PP;PSB;PSD;PSDB;PTB;PV;REPUBLICANOS,,,,established,,,
2016-08-29,temer,temer-2016-05-12,temer-2016-06-17,primary_adjudicated,CIDADANIA;DEM;MDB;PL;PP;PSB;PSD;PSDB;PTB;PV;REPUBLICANOS,DEM;PMDB;PP;PPS;PR;PRB;PSB;PSD;PSDB;PTB;PV,CIDADANIA;DEM;MDB;PL;PP;PSB;PSD;PSDB;PTB;PV;REPUBLICANOS,,,,established,,,
2016-08-30,temer,temer-2016-05-12,temer-2016-06-17,primary_adjudicated,CIDADANIA;DEM;MDB;PL;PP;PSB;PSD;PSDB;PTB;PV;REPUBLICANOS,DEM;PMDB;PP;PPS;PR;PRB;PSB;PSD;PSDB;PTB;PV,CIDADANIA;DEM;MDB;PL;PP;PSB;PSD;PSDB;PTB;PV;REPUBLICANOS,,,,established,,,
2016-08-31,temer,temer-2016-05-12,temer-2016-06-17,primary_adjudicated,CIDADANIA;DEM;MDB;PL;PP;PSB;PSD;PSDB;PTB;PV;REPUBLICANOS,DEM;PMDB;PP;PPS;PR;PRB;PSB;PSD;PSDB;PTB;PV,CIDADANIA;DEM;MDB;PL;PP;PSB;PSD;PSDB;PTB;PV;REPUBLICANOS,,,,established,,,
2016-09-01,temer,temer-2016-05-12,temer-2016-06-17,primary_adjudicated,CIDADANIA;DEM;MDB;PL;PP;PSB;PSD;PSDB;PTB;PV;REPUBLICANOS,DEM;PMDB;PP;PPS;PR;PRB;PSB;PSD;PSDB;PTB;PV,CIDADANIA;DEM;MDB;PL;PP;PSB;PSD;PSDB;PTB;PV;REPUBLICANOS,,,,established,,,
2016-09-02,temer,temer-2016-05-12,temer-2016-06-17,primary_adjudicated,CIDADANIA;DEM;MDB;PL;PP;PSB;PSD;PSDB;PTB;PV;REPUBLICANOS,DEM;PMDB;PP;PPS;PR;PRB;PSB;PSD;PSDB;PTB;PV,CIDADANIA;DEM;MDB;PL;PP;PSB;PSD;PSDB;PTB;PV;REPUBLICANOS,,,,established,,,
2016-09-03,temer,temer-2016-05-12,temer-2016-06-17,primary_adjudicated,CIDADANIA;DEM;MDB;PL;PP;PSB;PSD;PSDB;PTB;PV;REPUBLICANOS,DEM;PMDB;PP;PPS;PR;PRB;PSB;PSD;PSDB;PTB;PV,CIDADANIA;DEM;MDB;PL;PP;PSB;PSD;PSDB;PTB;PV;REPUBLICANOS,,,,established,,,
2016-09-04,temer,temer-2016-05-12,temer-2016-06-17,primary_adjudicated,CIDADANIA;DEM;MDB;PL;PP;PSB;PSD;PSDB;PTB;PV;REPUBLICANOS,DEM;PMDB;PP;PPS;PR;PRB;PSB;PSD;PSDB;PTB;PV,CIDADANIA;DEM;MDB;PL;PP;PSB;PSD;PSDB;PTB;PV;REPUBLICANOS,,,,established,,,
2016-09-05,temer,temer-2016-05-12,temer-2016-06-17,primary_adjudicated,CIDADANIA;DEM;MDB;PL;PP;PSB;PSD;PSDB;PTB;PV;REPUBLICANOS,DEM;PMDB;PP;PPS;PR;PRB;PSB;PSD;PSDB;PTB;PV,CIDADANIA;DEM;MDB;PL;PP;PSB;PSD;PSDB;PTB;PV;REPUBLICANOS,,,,established,,,
2016-09-06,temer,temer-2016-05-12,temer-2016-06-17,primary_adjudicated,CIDADANIA;DEM;MDB;PL;PP;PSB;PSD;PSDB;PTB;PV;REPUBLICANOS,DEM;PMDB;PP;PPS;PR;PRB;PSB;PSD;PSDB;PTB;PV,CIDADANIA;DEM;MDB;PL;PP;PSB;PSD;PSDB;PTB;PV;REPUBLICANOS,,,,established,,,
2016-09-07,temer,temer-2016-05-12,temer-2016-06-17,primary_adjudicated,CIDADANIA;DEM;MDB;PL;PP;PSB;PSD;PSDB;PTB;PV;REPUBLICANOS,DEM;PMDB;PP;PPS;PR;PRB;PSB;PSD;PSDB;PTB;PV,CIDADANIA;DEM;MDB;PL;PP;PSB;PSD;PSDB;PTB;PV;REPUBLICANOS,,,,established,,,
2016-09-08,temer,temer-2016-05-12,temer-2016-06-17,primary_adjudicated,CIDADANIA;DEM;MDB;PL;PP;PSB;PSD;PSDB;PTB;PV;REPUBLICANOS,DEM;PMDB;PP;PPS;PR;PRB;PSB;PSD;PSDB;PTB;PV,CIDADANIA;DEM;MDB;PL;PP;PSB;PSD;PSDB;PTB;PV;REPUBLICANOS,,,,established,,,
2016-09-09,temer,temer-2016-05-12,temer-2016-09-09,primary_adjudicated,CIDADANIA;DEM;MDB;PL;PP;PSB;PSD;PSDB;PTB;PV;REPUBLICANOS,DEM;PMDB;PP;PPS;PR;PRB;PSB;PSD;PSDB;PTB;PV,CIDADANIA;DEM;MDB;PL;PP;PSB;PSD;PSDB;PTB;PV;REPUBLICANOS,,,,established,,,
2016-09-10,temer,temer-2016-05-12,temer-2016-09-09,primary_adjudicated,CIDADANIA;DEM;MDB;PL;PP;PSB;PSD;PSDB;PTB;PV;REPUBLICANOS,DEM;PMDB;PP;PPS;PR;PRB;PSB;PSD;PSDB;PTB;PV,CIDADANIA;DEM;MDB;PL;PP;PSB;PSD;PSDB;PTB;PV;REPUBLICANOS,,,,established,,,
2016-09-11,temer,temer-2016-05-12,temer-2016-09-09,primary_adjudicated,CIDADANIA;DEM;MDB;PL;PP;PSB;PSD;PSDB;PTB;PV;REPUBLICANOS,DEM;PMDB;PP;PPS;PR;PRB;PSB;PSD;PSDB;PTB;PV,CIDADANIA;DEM;MDB;PL;PP;PSB;PSD;PSDB;PTB;PV;REPUBLICANOS,,,,established,,,
2016-09-12,temer,temer-2016-05-12,temer-2016-09-09,primary_adjudicated,CIDADANIA;DEM;MDB;PL;PP;PSB;PSD;PSDB;PTB;PV;REPUBLICANOS,DEM;PMDB;PP;PPS;PR;PRB;PSB;PSD;PSDB;PTB;PV,CIDADANIA;DEM;MDB;PL;PP;PSB;PSD;PSDB;PTB;PV;REPUBLICANOS,,,,established,,,
2016-09-13,temer,temer-2016-05-12,temer-2016-09-09,primary_adjudicated,CIDADANIA;DEM;MDB;PL;PP;PSB;PSD;PSDB;PTB;PV;REPUBLICANOS,DEM;PMDB;PP;PPS;PR;PRB;PSB;PSD;PSDB;PTB;PV,CIDADANIA;DEM;MDB;PL;PP;PSB;PSD;PSDB;PTB;PV;REPUBLICANOS,,,,established,,,
2016-09-14,temer,temer-2016-05-12,temer-2016-09-09,primary_adjudicated,CIDADANIA;DEM;MDB;PL;PP;PSB;PSD;PSDB;PTB;PV;REPUBLICANOS,DEM;PMDB;PP;PPS;PR;PRB;PSB;PSD;PSDB;PTB;PV,CIDADANIA;DEM;MDB;PL;PP;PSB;PSD;PSDB;PTB;PV;REPUBLICANOS,,,,established,,,
2016-09-15,temer,temer-2016-05-12,temer-2016-09-09,primary_adjudicated,CIDADANIA;DEM;MDB;PL;PP;PSB;PSD;PSDB;PTB;PV;REPUBLICANOS,DEM;PMDB;PP;PPS;PR;PRB;PSB;PSD;PSDB;PTB;PV,CIDADANIA;DEM;MDB;PL;PP;PSB;PSD;PSDB;PTB;PV;REPUBLICANOS,,,,established,,,
2016-09-16,temer,temer-2016-05-12,temer-2016-09-09,primary_adjudicated,CIDADANIA;DEM;MDB;PL;PP;PSB;PSD;PSDB;PTB;PV;REPUBLICANOS,DEM;PMDB;PP;PPS;PR;PRB;PSB;PSD;PSDB;PTB;PV,CIDADANIA;DEM;MDB;PL;PP;PSB;PSD;PSDB;PTB;PV;REPUBLICANOS,,,,established,,,
2016-09-17,temer,temer-2016-05-12,temer-2016-09-09,primary_adjudicated,CIDADANIA;DEM;MDB;PL;PP;PSB;PSD;PSDB;PTB;PV;REPUBLICANOS,DEM;PMDB;PP;PPS;PR;PRB;PSB;PSD;PSDB;PTB;PV,CIDADANIA;DEM;MDB;PL;PP;PSB;PSD;PSDB;PTB;PV;REPUBLICANOS,,,,established,,,
2016-09-18,temer,temer-2016-05-12,temer-2016-09-09,primary_adjudicated,CIDADANIA;DEM;MDB;PL;PP;PSB;PSD;PSDB;PTB;PV;REPUBLICANOS,DEM;PMDB;PP;PPS;PR;PRB;PSB;PSD;PSDB;PTB;PV,CIDADANIA;DEM;MDB;PL;PP;PSB;PSD;PSDB;PTB;PV;REPUBLICANOS,,,,established,,,
2016-09-19,temer,temer-2016-05-12,temer-2016-09-09,primary_adjudicated,CIDADANIA;DEM;MDB;PL;PP;PSB;PSD;PSDB;PTB;PV;REPUBLICANOS,DEM;PMDB;PP;PPS;PR;PRB;PSB;PSD;PSDB;PTB;PV,CIDADANIA;DEM;MDB;PL;PP;PSB;PSD;PSDB;PTB;PV;REPUBLICANOS,,,,established,,,
2016-09-20,temer,temer-2016-05-12,temer-2016-09-09,primary_adjudicated,CIDADANIA;DEM;MDB;PL;PP;PSB;PSD;PSDB;PTB;PV;REPUBLICANOS,DEM;PMDB;PP;PPS;PR;PRB;PSB;PSD;PSDB;PTB;PV,CIDADANIA;DEM;MDB;PL;PP;PSB;PSD;PSDB;PTB;PV;REPUBLICANOS,,,,established,,,
2016-09-21,temer,temer-2016-05-12,temer-2016-09-09,primary_adjudicated,CIDADANIA;DEM;MDB;PL;PP;PSB;PSD;PSDB;PTB;PV;REPUBLICANOS,DEM;PMDB;PP;PPS;PR;PRB;PSB;PSD;PSDB;PTB;PV,CIDADANIA;DEM;MDB;PL;PP;PSB;PSD;PSDB;PTB;PV;REPUBLICANOS,,,,established,,,
2016-09-22,temer,temer-2016-05-12,temer-2016-09-09,primary_adjudicated,CIDADANIA;DEM;MDB;PL;PP;PSB;PSD;PSDB;PTB;PV;REPUBLICANOS,DEM;PMDB;PP;PPS;PR;PRB;PSB;PSD;PSDB;PTB;PV,CIDADANIA;DEM;MDB;PL;PP;PSB;PSD;PSDB;PTB;PV;REPUBLICANOS,,,,established,,,
2016-09-23,temer,temer-2016-05-12,temer-2016-09-09,primary_adjudicated,CIDADANIA;DEM;MDB;PL;PP;PSB;PSD;PSDB;PTB;PV;REPUBLICANOS,DEM;PMDB;PP;PPS;PR;PRB;PSB;PSD;PSDB;PTB;PV,CIDADANIA;DEM;MDB;PL;PP;PSB;PSD;PSDB;PTB;PV;REPUBLICANOS,,,,established,,,
2016-09-24,temer,temer-2016-05-12,temer-2016-09-09,primary_adjudicated,CIDADANIA;DEM;MDB;PL;PP;PSB;PSD;PSDB;PTB;PV;REPUBLICANOS,DEM;PMDB;PP;PPS;PR;PRB;PSB;PSD;PSDB;PTB;PV,CIDADANIA;DEM;MDB;PL;PP;PSB;PSD;PSDB;PTB;PV;REPUBLICANOS,,,,established,,,
2016-09-25,temer,temer-2016-05-12,temer-2016-09-09,primary_adjudicated,CIDADANIA;DEM;MDB;PL;PP;PSB;PSD;PSDB;PTB;PV;REPUBLICANOS,DEM;PMDB;PP;PPS;PR;PRB;PSB;PSD;PSDB;PTB;PV,CIDADANIA;DEM;MDB;PL;PP;PSB;PSD;PSDB;PTB;PV;REPUBLICANOS,,,,established,,,
2016-09-26,temer,temer-2016-05-12,temer-2016-09-09,primary_adjudicated,CIDADANIA;DEM;MDB;PL;PP;PSB;PSD;PSDB;PTB;PV;REPUBLICANOS,DEM;PMDB;PP;PPS;PR;PRB;PSB;PSD;PSDB;PTB;PV,CIDADANIA;DEM;MDB;PL;PP;PSB;PSD;PSDB;PTB;PV;REPUBLICANOS,,,,established,,,
2016-09-27,temer,temer-2016-05-12,temer-2016-09-09,primary_adjudicated,CIDADANIA;DEM;MDB;PL;PP;PSB;PSD;PSDB;PTB;PV;REPUBLICANOS,DEM;PMDB;PP;PPS;PR;PRB;PSB;PSD;PSDB;PTB;PV,CIDADANIA;DEM;MDB;PL;PP;PSB;PSD;PSDB;PTB;PV;REPUBLICANOS,,,,established,,,
2016-09-28,temer,temer-2016-05-12,temer-2016-09-09,primary_adjudicated,CIDADANIA;DEM;MDB;PL;PP;PSB;PSD;PSDB;PTB;PV;REPUBLICANOS,DEM;PMDB;PP;PPS;PR;PRB;PSB;PSD;PSDB;PTB;PV,CIDADANIA;DEM;MDB;PL;PP;PSB;PSD;PSDB;PTB;PV;REPUBLICANOS,,,,established,,,
2016-09-29,temer,temer-2016-05-12,temer-2016-09-09,primary_adjudicated,CIDADANIA;DEM;MDB;PL;PP;PSB;PSD;PSDB;PTB;PV;REPUBLICANOS,DEM;PMDB;PP;PPS;PR;PRB;PSB;PSD;PSDB;PTB;PV,CIDADANIA;DEM;MDB;PL;PP;PSB;PSD;PSDB;PTB;PV;REPUBLICANOS,,,,established,,,
2016-09-30,temer,temer-2016-05-12,temer-2016-09-09,primary_adjudicated,CIDADANIA;DEM;MDB;PL;PP;PSB;PSD;PSDB;PTB;PV;REPUBLICANOS,DEM;PMDB;PP;PPS;PR;PRB;PSB;PSD;PSDB;PTB;PV,CIDADANIA;DEM;MDB;PL;PP;PSB;PSD;PSDB;PTB;PV;REPUBLICANOS,,,,established,,,
2016-10-01,temer,temer-2016-05-12,temer-2016-09-09,primary_adjudicated,CIDADANIA;DEM;MDB;PL;PP;PSB;PSD;PSDB;PTB;PV;REPUBLICANOS,DEM;PMDB;PP;PPS;PR;PRB;PSB;PSD;PSDB;PTB;PV,CIDADANIA;DEM;MDB;PL;PP;PSB;PSD;PSDB;PTB;PV;REPUBLICANOS,,,,established,,,
2016-10-02,temer,temer-2016-05-12,temer-2016-09-09,primary_adjudicated,CIDADANIA;DEM;MDB;PL;PP;PSB;PSD;PSDB;PTB;PV;REPUBLICANOS,DEM;PMDB;PP;PPS;PR;PRB;PSB;PSD;PSDB;PTB;PV,CIDADANIA;DEM;MDB;PL;PP;PSB;PSD;PSDB;PTB;PV;REPUBLICANOS,,,,established,,,
2016-10-03,temer,temer-2016-05-12,temer-2016-09-09,primary_adjudicated,CIDADANIA;DEM;MDB;PL;PP;PSB;PSD;PSDB;PTB;PV;REPUBLICANOS,DEM;PMDB;PP;PPS;PR;PRB;PSB;PSD;PSDB;PTB;PV,CIDADANIA;DEM;MDB;PL;PP;PSB;PSD;PSDB;PTB;PV;REPUBLICANOS,,,,established,,,
2016-10-04,temer,temer-2016-05-12,temer-2016-09-09,primary_adjudicated,CIDADANIA;DEM;MDB;PL;PP;PSB;PSD;PSDB;PTB;PV;REPUBLICANOS,DEM;PMDB;PP;PPS;PR;PRB;PSB;PSD;PSDB;PTB;PV,CIDADANIA;DEM;MDB;PL;PP;PSB;PSD;PSDB;PTB;PV;REPUBLICANOS,,,,established,,,
2016-10-05,temer,temer-2016-05-12,temer-2016-10-05,primary_adjudicated,CIDADANIA;DEM;MDB;PL;PP;PSB;PSD;PSDB;PTB;PV;REPUBLICANOS,DEM;PMDB;PP;PPS;PR;PRB;PSB;PSD;PSDB;PTB;PV,CIDADANIA;DEM;MDB;PL;PP;PSB;PSD;PSDB;PTB;PV;REPUBLICANOS,,,,established,,,
2016-10-06,temer,temer-2016-05-12,temer-2016-10-05,primary_adjudicated,CIDADANIA;DEM;MDB;PL;PP;PSB;PSD;PSDB;PTB;PV;REPUBLICANOS,DEM;PMDB;PP;PPS;PR;PRB;PSB;PSD;PSDB;PTB;PV,CIDADANIA;DEM;MDB;PL;PP;PSB;PSD;PSDB;PTB;PV;REPUBLICANOS,,,,established,,,
2016-10-07,temer,temer-2016-05-12,temer-2016-10-05,primary_adjudicated,CIDADANIA;DEM;MDB;PL;PP;PSB;PSD;PSDB;PTB;PV;REPUBLICANOS,DEM;PMDB;PP;PPS;PR;PRB;PSB;PSD;PSDB;PTB;PV,CIDADANIA;DEM;MDB;PL;PP;PSB;PSD;PSDB;PTB;PV;REPUBLICANOS,,,,established,,,
2016-10-08,temer,temer-2016-05-12,temer-2016-10-05,primary_adjudicated,CIDADANIA;DEM;MDB;PL;PP;PSB;PSD;PSDB;PTB;PV;REPUBLICANOS,DEM;PMDB;PP;PPS;PR;PRB;PSB;PSD;PSDB;PTB;PV,CIDADANIA;DEM;MDB;PL;PP;PSB;PSD;PSDB;PTB;PV;REPUBLICANOS,,,,established,,,
2016-10-09,temer,temer-2016-05-12,temer-2016-10-05,primary_adjudicated,CIDADANIA;DEM;MDB;PL;PP;PSB;PSD;PSDB;PTB;PV;REPUBLICANOS,DEM;PMDB;PP;PPS;PR;PRB;PSB;PSD;PSDB;PTB;PV,CIDADANIA;DEM;MDB;PL;PP;PSB;PSD;PSDB;PTB;PV;REPUBLICANOS,,,,established,,,
2016-10-10,temer,temer-2016-10-10,temer-2016-10-10,primary_adjudicated,CIDADANIA;DEM;MDB;PL;PP;PSD;PSDB;PTB;PV;REPUBLICANOS,DEM;PMDB;PP;PPS;PR;PRB;PSD;PSDB;PTB;PV,CIDADANIA;DEM;MDB;PL;PP;PSD;PSDB;PTB;PV;REPUBLICANOS,PSDB,,person-paulo-pedrosa,established,,,
2016-10-11,temer,temer-2016-10-11,temer-2016-10-11,primary_adjudicated,CIDADANIA;DEM;MDB;PL;PP;PSB;PSD;PSDB;PTB;PV;REPUBLICANOS,DEM;PMDB;PP;PPS;PR;PRB;PSB;PSD;PSDB;PTB;PV,CIDADANIA;DEM;MDB;PL;PP;PSB;PSD;PSDB;PTB;PV;REPUBLICANOS,,,,established,,,
2016-10-12,temer,temer-2016-10-11,temer-2016-10-11,primary_adjudicated,CIDADANIA;DEM;MDB;PL;PP;PSB;PSD;PSDB;PTB;PV;REPUBLICANOS,DEM;PMDB;PP;PPS;PR;PRB;PSB;PSD;PSDB;PTB;PV,CIDADANIA;DEM;MDB;PL;PP;PSB;PSD;PSDB;PTB;PV;REPUBLICANOS,,,,established,,,
2016-10-13,temer,temer-2016-10-11,temer-2016-10-11,primary_adjudicated,CIDADANIA;DEM;MDB;PL;PP;PSB;PSD;PSDB;PTB;PV;REPUBLICANOS,DEM;PMDB;PP;PPS;PR;PRB;PSB;PSD;PSDB;PTB;PV,CIDADANIA;DEM;MDB;PL;PP;PSB;PSD;PSDB;PTB;PV;REPUBLICANOS,,,,established,,,
2016-10-14,temer,temer-2016-10-11,temer-2016-10-11,primary_adjudicated,CIDADANIA;DEM;MDB;PL;PP;PSB;PSD;PSDB;PTB;PV;REPUBLICANOS,DEM;PMDB;PP;PPS;PR;PRB;PSB;PSD;PSDB;PTB;PV,CIDADANIA;DEM;MDB;PL;PP;PSB;PSD;PSDB;PTB;PV;REPUBLICANOS,,,,established,,,
2016-10-15,temer,temer-2016-10-11,temer-2016-10-11,primary_adjudicated,CIDADANIA;DEM;MDB;PL;PP;PSB;PSD;PSDB;PTB;PV;REPUBLICANOS,DEM;PMDB;PP;PPS;PR;PRB;PSB;PSD;PSDB;PTB;PV,CIDADANIA;DEM;MDB;PL;PP;PSB;PSD;PSDB;PTB;PV;REPUBLICANOS,,,,established,,,
2016-10-16,temer,temer-2016-10-11,temer-2016-10-11,primary_adjudicated,CIDADANIA;DEM;MDB;PL;PP;PSB;PSD;PSDB;PTB;PV;REPUBLICANOS,DEM;PMDB;PP;PPS;PR;PRB;PSB;PSD;PSDB;PTB;PV,CIDADANIA;DEM;MDB;PL;PP;PSB;PSD;PSDB;PTB;PV;REPUBLICANOS,,,,established,,,
2016-10-17,temer,temer-2016-10-11,temer-2016-10-11,primary_adjudicated,CIDADANIA;DEM;MDB;PL;PP;PSB;PSD;PSDB;PTB;PV;REPUBLICANOS,DEM;PMDB;PP;PPS;PR;PRB;PSB;PSD;PSDB;PTB;PV,CIDADANIA;DEM;MDB;PL;PP;PSB;PSD;PSDB;PTB;PV;REPUBLICANOS,,,,established,,,
2016-10-18,temer,temer-2016-10-11,temer-2016-10-11,primary_adjudicated,CIDADANIA;DEM;MDB;PL;PP;PSB;PSD;PSDB;PTB;PV;REPUBLICANOS,DEM;PMDB;PP;PPS;PR;PRB;PSB;PSD;PSDB;PTB;PV,CIDADANIA;DEM;MDB;PL;PP;PSB;PSD;PSDB;PTB;PV;REPUBLICANOS,,,,established,,,
2016-10-19,temer,temer-2016-10-11,temer-2016-10-11,primary_adjudicated,CIDADANIA;DEM;MDB;PL;PP;PSB;PSD;PSDB;PTB;PV;REPUBLICANOS,DEM;PMDB;PP;PPS;PR;PRB;PSB;PSD;PSDB;PTB;PV,CIDADANIA;DEM;MDB;PL;PP;PSB;PSD;PSDB;PTB;PV;REPUBLICANOS,,,,established,,,
2016-10-20,temer,temer-2016-10-11,temer-2016-10-11,primary_adjudicated,CIDADANIA;DEM;MDB;PL;PP;PSB;PSD;PSDB;PTB;PV;REPUBLICANOS,DEM;PMDB;PP;PPS;PR;PRB;PSB;PSD;PSDB;PTB;PV,CIDADANIA;DEM;MDB;PL;PP;PSB;PSD;PSDB;PTB;PV;REPUBLICANOS,,,,established,,,
2016-10-21,temer,temer-2016-10-11,temer-2016-10-11,primary_adjudicated,CIDADANIA;DEM;MDB;PL;PP;PSB;PSD;PSDB;PTB;PV;REPUBLICANOS,DEM;PMDB;PP;PPS;PR;PRB;PSB;PSD;PSDB;PTB;PV,CIDADANIA;DEM;MDB;PL;PP;PSB;PSD;PSDB;PTB;PV;REPUBLICANOS,,,,established,,,
2016-10-22,temer,temer-2016-10-11,temer-2016-10-11,primary_adjudicated,CIDADANIA;DEM;MDB;PL;PP;PSB;PSD;PSDB;PTB;PV;REPUBLICANOS,DEM;PMDB;PP;PPS;PR;PRB;PSB;PSD;PSDB;PTB;PV,CIDADANIA;DEM;MDB;PL;PP;PSB;PSD;PSDB;PTB;PV;REPUBLICANOS,,,,established,,,
2016-10-23,temer,temer-2016-10-11,temer-2016-10-11,primary_adjudicated,CIDADANIA;DEM;MDB;PL;PP;PSB;PSD;PSDB;PTB;PV;REPUBLICANOS,DEM;PMDB;PP;PPS;PR;PRB;PSB;PSD;PSDB;PTB;PV,CIDADANIA;DEM;MDB;PL;PP;PSB;PSD;PSDB;PTB;PV;REPUBLICANOS,,,,established,,,
2016-10-24,temer,temer-2016-10-11,temer-2016-10-11,primary_adjudicated,CIDADANIA;DEM;MDB;PL;PP;PSB;PSD;PSDB;PTB;PV;REPUBLICANOS,DEM;PMDB;PP;PPS;PR;PRB;PSB;PSD;PSDB;PTB;PV,CIDADANIA;DEM;MDB;PL;PP;PSB;PSD;PSDB;PTB;PV;REPUBLICANOS,,,,established,,,
2016-10-25,temer,temer-2016-10-25,temer-2016-10-25,primary_adjudicated,CIDADANIA;DEM;MDB;PL;PP;PSD;PSDB;PTB;PV;REPUBLICANOS,DEM;PMDB;PP;PPS;PR;PRB;PSD;PSDB;PTB;PV,CIDADANIA;DEM;MDB;PL;PP;PSD;PSDB;PTB;PV;REPUBLICANOS,PSDB,,person-paulo-pedrosa,established,,,
2016-10-26,temer,temer-2016-10-26,temer-2016-10-26,primary_adjudicated,CIDADANIA;DEM;MDB;PL;PP;PSB;PSD;PSDB;PTB;PV;REPUBLICANOS,DEM;PMDB;PP;PPS;PR;PRB;PSB;PSD;PSDB;PTB;PV,CIDADANIA;DEM;MDB;PL;PP;PSB;PSD;PSDB;PTB;PV;REPUBLICANOS,,,,established,,,
2016-10-27,temer,temer-2016-10-26,temer-2016-10-26,primary_adjudicated,CIDADANIA;DEM;MDB;PL;PP;PSB;PSD;PSDB;PTB;PV;REPUBLICANOS,DEM;PMDB;PP;PPS;PR;PRB;PSB;PSD;PSDB;PTB;PV,CIDADANIA;DEM;MDB;PL;PP;PSB;PSD;PSDB;PTB;PV;REPUBLICANOS,,,,established,,,
2016-10-28,temer,temer-2016-10-26,temer-2016-10-26,primary_adjudicated,CIDADANIA;DEM;MDB;PL;PP;PSB;PSD;PSDB;PTB;PV;REPUBLICANOS,DEM;PMDB;PP;PPS;PR;PRB;PSB;PSD;PSDB;PTB;PV,CIDADANIA;DEM;MDB;PL;PP;PSB;PSD;PSDB;PTB;PV;REPUBLICANOS,,,,established,,,
2016-10-29,temer,temer-2016-10-26,temer-2016-10-26,primary_adjudicated,CIDADANIA;DEM;MDB;PL;PP;PSB;PSD;PSDB;PTB;PV;REPUBLICANOS,DEM;PMDB;PP;PPS;PR;PRB;PSB;PSD;PSDB;PTB;PV,CIDADANIA;DEM;MDB;PL;PP;PSB;PSD;PSDB;PTB;PV;REPUBLICANOS,,,,established,,,
2016-10-30,temer,temer-2016-10-26,temer-2016-10-26,primary_adjudicated,CIDADANIA;DEM;MDB;PL;PP;PSB;PSD;PSDB;PTB;PV;REPUBLICANOS,DEM;PMDB;PP;PPS;PR;PRB;PSB;PSD;PSDB;PTB;PV,CIDADANIA;DEM;MDB;PL;PP;PSB;PSD;PSDB;PTB;PV;REPUBLICANOS,,,,established,,,
2016-10-31,temer,temer-2016-10-26,temer-2016-10-26,primary_adjudicated,CIDADANIA;DEM;MDB;PL;PP;PSB;PSD;PSDB;PTB;PV;REPUBLICANOS,DEM;PMDB;PP;PPS;PR;PRB;PSB;PSD;PSDB;PTB;PV,CIDADANIA;DEM;MDB;PL;PP;PSB;PSD;PSDB;PTB;PV;REPUBLICANOS,,,,established,,,
2016-11-01,temer,temer-2016-10-26,temer-2016-10-26,primary_adjudicated,CIDADANIA;DEM;MDB;PL;PP;PSB;PSD;PSDB;PTB;PV;REPUBLICANOS,DEM;PMDB;PP;PPS;PR;PRB;PSB;PSD;PSDB;PTB;PV,CIDADANIA;DEM;MDB;PL;PP;PSB;PSD;PSDB;PTB;PV;REPUBLICANOS,,,,established,,,
2016-11-02,temer,temer-2016-10-26,temer-2016-10-26,primary_adjudicated,CIDADANIA;DEM;MDB;PL;PP;PSB;PSD;PSDB;PTB;PV;REPUBLICANOS,DEM;PMDB;PP;PPS;PR;PRB;PSB;PSD;PSDB;PTB;PV,CIDADANIA;DEM;MDB;PL;PP;PSB;PSD;PSDB;PTB;PV;REPUBLICANOS,,,,established,,,
2016-11-03,temer,temer-2016-10-26,temer-2016-10-26,primary_adjudicated,CIDADANIA;DEM;MDB;PL;PP;PSB;PSD;PSDB;PTB;PV;REPUBLICANOS,DEM;PMDB;PP;PPS;PR;PRB;PSB;PSD;PSDB;PTB;PV,CIDADANIA;DEM;MDB;PL;PP;PSB;PSD;PSDB;PTB;PV;REPUBLICANOS,,,,established,,,
2016-11-04,temer,temer-2016-10-26,temer-2016-10-26,primary_adjudicated,CIDADANIA;DEM;MDB;PL;PP;PSB;PSD;PSDB;PTB;PV;REPUBLICANOS,DEM;PMDB;PP;PPS;PR;PRB;PSB;PSD;PSDB;PTB;PV,CIDADANIA;DEM;MDB;PL;PP;PSB;PSD;PSDB;PTB;PV;REPUBLICANOS,,,,established,,,
2016-11-05,temer,temer-2016-10-26,temer-2016-10-26,primary_adjudicated,CIDADANIA;DEM;MDB;PL;PP;PSB;PSD;PSDB;PTB;PV;REPUBLICANOS,DEM;PMDB;PP;PPS;PR;PRB;PSB;PSD;PSDB;PTB;PV,CIDADANIA;DEM;MDB;PL;PP;PSB;PSD;PSDB;PTB;PV;REPUBLICANOS,,,,established,,,
2016-11-06,temer,temer-2016-10-26,temer-2016-10-26,primary_adjudicated,CIDADANIA;DEM;MDB;PL;PP;PSB;PSD;PSDB;PTB;PV;REPUBLICANOS,DEM;PMDB;PP;PPS;PR;PRB;PSB;PSD;PSDB;PTB;PV,CIDADANIA;DEM;MDB;PL;PP;PSB;PSD;PSDB;PTB;PV;REPUBLICANOS,,,,established,,,
2016-11-07,temer,temer-2016-10-26,temer-2016-10-26,primary_adjudicated,CIDADANIA;DEM;MDB;PL;PP;PSB;PSD;PSDB;PTB;PV;REPUBLICANOS,DEM;PMDB;PP;PPS;PR;PRB;PSB;PSD;PSDB;PTB;PV,CIDADANIA;DEM;MDB;PL;PP;PSB;PSD;PSDB;PTB;PV;REPUBLICANOS,,,,established,,,
2016-11-08,temer,temer-2016-10-26,temer-2016-10-26,primary_adjudicated,CIDADANIA;DEM;MDB;PL;PP;PSB;PSD;PSDB;PTB;PV;REPUBLICANOS,DEM;PMDB;PP;PPS;PR;PRB;PSB;PSD;PSDB;PTB;PV,CIDADANIA;DEM;MDB;PL;PP;PSB;PSD;PSDB;PTB;PV;REPUBLICANOS,,,,established,,,
2016-11-09,temer,temer-2016-10-26,temer-2016-10-26,primary_adjudicated,CIDADANIA;DEM;MDB;PL;PP;PSB;PSD;PSDB;PTB;PV;REPUBLICANOS,DEM;PMDB;PP;PPS;PR;PRB;PSB;PSD;PSDB;PTB;PV,CIDADANIA;DEM;MDB;PL;PP;PSB;PSD;PSDB;PTB;PV;REPUBLICANOS,,,,established,,,
2016-11-10,temer,temer-2016-10-26,temer-2016-10-26,primary_adjudicated,CIDADANIA;DEM;MDB;PL;PP;PSB;PSD;PSDB;PTB;PV;REPUBLICANOS,DEM;PMDB;PP;PPS;PR;PRB;PSB;PSD;PSDB;PTB;PV,CIDADANIA;DEM;MDB;PL;PP;PSB;PSD;PSDB;PTB;PV;REPUBLICANOS,,,,established,,,
2016-11-11,temer,temer-2016-10-26,temer-2016-10-26,primary_adjudicated,CIDADANIA;DEM;MDB;PL;PP;PSB;PSD;PSDB;PTB;PV;REPUBLICANOS,DEM;PMDB;PP;PPS;PR;PRB;PSB;PSD;PSDB;PTB;PV,CIDADANIA;DEM;MDB;PL;PP;PSB;PSD;PSDB;PTB;PV;REPUBLICANOS,,,,established,,,
2016-11-12,temer,temer-2016-10-26,temer-2016-10-26,primary_adjudicated,CIDADANIA;DEM;MDB;PL;PP;PSB;PSD;PSDB;PTB;PV;REPUBLICANOS,DEM;PMDB;PP;PPS;PR;PRB;PSB;PSD;PSDB;PTB;PV,CIDADANIA;DEM;MDB;PL;PP;PSB;PSD;PSDB;PTB;PV;REPUBLICANOS,,,,established,,,
2016-11-13,temer,temer-2016-10-26,temer-2016-10-26,primary_adjudicated,CIDADANIA;DEM;MDB;PL;PP;PSB;PSD;PSDB;PTB;PV;REPUBLICANOS,DEM;PMDB;PP;PPS;PR;PRB;PSB;PSD;PSDB;PTB;PV,CIDADANIA;DEM;MDB;PL;PP;PSB;PSD;PSDB;PTB;PV;REPUBLICANOS,,,,established,,,
2016-11-14,temer,temer-2016-10-26,temer-2016-10-26,primary_adjudicated,CIDADANIA;DEM;MDB;PL;PP;PSB;PSD;PSDB;PTB;PV;REPUBLICANOS,DEM;PMDB;PP;PPS;PR;PRB;PSB;PSD;PSDB;PTB;PV,CIDADANIA;DEM;MDB;PL;PP;PSB;PSD;PSDB;PTB;PV;REPUBLICANOS,,,,established,,,
2016-11-15,temer,temer-2016-10-26,temer-2016-10-26,primary_adjudicated,CIDADANIA;DEM;MDB;PL;PP;PSB;PSD;PSDB;PTB;PV;REPUBLICANOS,DEM;PMDB;PP;PPS;PR;PRB;PSB;PSD;PSDB;PTB;PV,CIDADANIA;DEM;MDB;PL;PP;PSB;PSD;PSDB;PTB;PV;REPUBLICANOS,,,,established,,,
2016-11-16,temer,temer-2016-10-26,temer-2016-10-26,primary_adjudicated,CIDADANIA;DEM;MDB;PL;PP;PSB;PSD;PSDB;PTB;PV;REPUBLICANOS,DEM;PMDB;PP;PPS;PR;PRB;PSB;PSD;PSDB;PTB;PV,CIDADANIA;DEM;MDB;PL;PP;PSB;PSD;PSDB;PTB;PV;REPUBLICANOS,,,,established,,,
2016-11-17,temer,temer-2016-10-26,temer-2016-10-26,primary_adjudicated,CIDADANIA;DEM;MDB;PL;PP;PSB;PSD;PSDB;PTB;PV;REPUBLICANOS,DEM;PMDB;PP;PPS;PR;PRB;PSB;PSD;PSDB;PTB;PV,CIDADANIA;DEM;MDB;PL;PP;PSB;PSD;PSDB;PTB;PV;REPUBLICANOS,,,,established,,,
2016-11-18,temer,temer-2016-10-26,temer-2016-10-26,primary_adjudicated,CIDADANIA;DEM;MDB;PL;PP;PSB;PSD;PSDB;PTB;PV;REPUBLICANOS,DEM;PMDB;PP;PPS;PR;PRB;PSB;PSD;PSDB;PTB;PV,CIDADANIA;DEM;MDB;PL;PP;PSB;PSD;PSDB;PTB;PV;REPUBLICANOS,,,,established,,,
2016-11-19,temer,temer-2016-10-26,temer-2016-10-26,primary_adjudicated,CIDADANIA;DEM;MDB;PL;PP;PSB;PSD;PSDB;PTB;PV;REPUBLICANOS,DEM;PMDB;PP;PPS;PR;PRB;PSB;PSD;PSDB;PTB;PV,CIDADANIA;DEM;MDB;PL;PP;PSB;PSD;PSDB;PTB;PV;REPUBLICANOS,,,,established,,,
2016-11-20,temer,temer-2016-10-26,temer-2016-10-26,primary_adjudicated,CIDADANIA;DEM;MDB;PL;PP;PSB;PSD;PSDB;PTB;PV;REPUBLICANOS,DEM;PMDB;PP;PPS;PR;PRB;PSB;PSD;PSDB;PTB;PV,CIDADANIA;DEM;MDB;PL;PP;PSB;PSD;PSDB;PTB;PV;REPUBLICANOS,,,,established,,,
2016-11-21,temer,temer-2016-10-26,temer-2016-10-26,primary_adjudicated,CIDADANIA;DEM;MDB;PL;PP;PSB;PSD;PSDB;PTB;PV;REPUBLICANOS,DEM;PMDB;PP;PPS;PR;PRB;PSB;PSD;PSDB;PTB;PV,CIDADANIA;DEM;MDB;PL;PP;PSB;PSD;PSDB;PTB;PV;REPUBLICANOS,,,,established,,,
2016-11-22,temer,temer-2016-10-26,temer-2016-11-22,primary_adjudicated,CIDADANIA;DEM;MDB;PL;PP;PSB;PSD;PSDB;PTB;PV;REPUBLICANOS,DEM;PMDB;PP;PPS;PR;PRB;PSB;PSD;PSDB;PTB;PV,CIDADANIA;DEM;MDB;PL;PP;PSB;PSD;PSDB;PTB;PV;REPUBLICANOS,,,,established,,,
2016-11-23,temer,temer-2016-10-26,temer-2016-11-23,primary_adjudicated,CIDADANIA;DEM;MDB;PL;PP;PSB;PSD;PSDB;PTB;PV;REPUBLICANOS,DEM;PMDB;PP;PPS;PR;PRB;PSB;PSD;PSDB;PTB;PV,CIDADANIA;DEM;MDB;PL;PP;PSB;PSD;PSDB;PTB;PV;REPUBLICANOS,,,,established,,,
2016-11-24,temer,temer-2016-10-26,temer-2016-11-23,primary_adjudicated,CIDADANIA;DEM;MDB;PL;PP;PSB;PSD;PSDB;PTB;PV;REPUBLICANOS,DEM;PMDB;PP;PPS;PR;PRB;PSB;PSD;PSDB;PTB;PV,CIDADANIA;DEM;MDB;PL;PP;PSB;PSD;PSDB;PTB;PV;REPUBLICANOS,,,,established,,,
2016-11-25,temer,temer-2016-10-26,temer-2016-11-25,primary_provisional,CIDADANIA;DEM;MDB;PL;PP;PSB;PSD;PSDB;PTB;PV;REPUBLICANOS,DEM;PMDB;PP;PPS;PR;PRB;PSB;PSD;PSDB;PTB;PV,CIDADANIA;DEM;MDB;PL;PP;PSB;PSD;PSDB;PTB;PV;REPUBLICANOS,,person-ivani-dos-santos,,unidentified,person-ivani-dos-santos,V5A001,
2016-11-26,temer,temer-2016-10-26,temer-2016-11-25,primary_provisional,CIDADANIA;DEM;MDB;PL;PP;PSB;PSD;PSDB;PTB;PV;REPUBLICANOS,DEM;PMDB;PP;PPS;PR;PRB;PSB;PSD;PSDB;PTB;PV,CIDADANIA;DEM;MDB;PL;PP;PSB;PSD;PSDB;PTB;PV;REPUBLICANOS,,person-ivani-dos-santos,,unidentified,person-ivani-dos-santos,V5A001,
2016-11-27,temer,temer-2016-10-26,temer-2016-11-25,primary_provisional,CIDADANIA;DEM;MDB;PL;PP;PSB;PSD;PSDB;PTB;PV;REPUBLICANOS,DEM;PMDB;PP;PPS;PR;PRB;PSB;PSD;PSDB;PTB;PV,CIDADANIA;DEM;MDB;PL;PP;PSB;PSD;PSDB;PTB;PV;REPUBLICANOS,,person-ivani-dos-santos,,unidentified,person-ivani-dos-santos,V5A001,
2016-11-28,temer,temer-2016-10-26,temer-2016-11-25,primary_provisional,CIDADANIA;DEM;MDB;PL;PP;PSB;PSD;PSDB;PTB;PV;REPUBLICANOS,DEM;PMDB;PP;PPS;PR;PRB;PSB;PSD;PSDB;PTB;PV,CIDADANIA;DEM;MDB;PL;PP;PSB;PSD;PSDB;PTB;PV;REPUBLICANOS,,person-ivani-dos-santos,,unidentified,person-ivani-dos-santos,V5A001,
2016-11-29,temer,temer-2016-10-26,temer-2016-11-25,primary_provisional,CIDADANIA;DEM;MDB;PL;PP;PSB;PSD;PSDB;PTB;PV;REPUBLICANOS,DEM;PMDB;PP;PPS;PR;PRB;PSB;PSD;PSDB;PTB;PV,CIDADANIA;DEM;MDB;PL;PP;PSB;PSD;PSDB;PTB;PV;REPUBLICANOS,,person-ivani-dos-santos,,unidentified,person-ivani-dos-santos,V5A001,
2016-11-30,temer,temer-2016-10-26,temer-2016-11-25,primary_provisional,CIDADANIA;DEM;MDB;PL;PP;PSB;PSD;PSDB;PTB;PV;REPUBLICANOS,DEM;PMDB;PP;PPS;PR;PRB;PSB;PSD;PSDB;PTB;PV,CIDADANIA;DEM;MDB;PL;PP;PSB;PSD;PSDB;PTB;PV;REPUBLICANOS,,person-ivani-dos-santos,,unidentified,person-ivani-dos-santos,V5A001,
2016-12-01,temer,temer-2016-10-26,temer-2016-11-25,primary_provisional,CIDADANIA;DEM;MDB;PL;PP;PSB;PSD;PSDB;PTB;PV;REPUBLICANOS,DEM;PMDB;PP;PPS;PR;PRB;PSB;PSD;PSDB;PTB;PV,CIDADANIA;DEM;MDB;PL;PP;PSB;PSD;PSDB;PTB;PV;REPUBLICANOS,,person-ivani-dos-santos,,unidentified,person-ivani-dos-santos,V5A001,
2016-12-02,temer,temer-2016-10-26,temer-2016-11-25,primary_provisional,CIDADANIA;DEM;MDB;PL;PP;PSB;PSD;PSDB;PTB;PV;REPUBLICANOS,DEM;PMDB;PP;PPS;PR;PRB;PSB;PSD;PSDB;PTB;PV,CIDADANIA;DEM;MDB;PL;PP;PSB;PSD;PSDB;PTB;PV;REPUBLICANOS,,person-ivani-dos-santos,,unidentified,person-ivani-dos-santos,V5A001,
2016-12-03,temer,temer-2016-10-26,temer-2016-11-25,primary_provisional,CIDADANIA;DEM;MDB;PL;PP;PSB;PSD;PSDB;PTB;PV;REPUBLICANOS,DEM;PMDB;PP;PPS;PR;PRB;PSB;PSD;PSDB;PTB;PV,CIDADANIA;DEM;MDB;PL;PP;PSB;PSD;PSDB;PTB;PV;REPUBLICANOS,,person-ivani-dos-santos,,unidentified,person-ivani-dos-santos,V5A001,
2016-12-04,temer,temer-2016-10-26,temer-2016-11-25,primary_provisional,CIDADANIA;DEM;MDB;PL;PP;PSB;PSD;PSDB;PTB;PV;REPUBLICANOS,DEM;PMDB;PP;PPS;PR;PRB;PSB;PSD;PSDB;PTB;PV,CIDADANIA;DEM;MDB;PL;PP;PSB;PSD;PSDB;PTB;PV;REPUBLICANOS,,person-ivani-dos-santos,,unidentified,person-ivani-dos-santos,V5A001,
2016-12-05,temer,temer-2016-10-26,temer-2016-11-25,primary_provisional,CIDADANIA;DEM;MDB;PL;PP;PSB;PSD;PSDB;PTB;PV;REPUBLICANOS,DEM;PMDB;PP;PPS;PR;PRB;PSB;PSD;PSDB;PTB;PV,CIDADANIA;DEM;MDB;PL;PP;PSB;PSD;PSDB;PTB;PV;REPUBLICANOS,,person-ivani-dos-santos,,unidentified,person-ivani-dos-santos,V5A001,
2016-12-06,temer,temer-2016-10-26,temer-2016-11-25,primary_provisional,CIDADANIA;DEM;MDB;PL;PP;PSB;PSD;PSDB;PTB;PV;REPUBLICANOS,DEM;PMDB;PP;PPS;PR;PRB;PSB;PSD;PSDB;PTB;PV,CIDADANIA;DEM;MDB;PL;PP;PSB;PSD;PSDB;PTB;PV;REPUBLICANOS,,person-ivani-dos-santos,,unidentified,person-ivani-dos-santos,V5A001,
2016-12-07,temer,temer-2016-10-26,temer-2016-11-25,primary_provisional,CIDADANIA;DEM;MDB;PL;PP;PSB;PSD;PSDB;PTB;PV;REPUBLICANOS,DEM;PMDB;PP;PPS;PR;PRB;PSB;PSD;PSDB;PTB;PV,CIDADANIA;DEM;MDB;PL;PP;PSB;PSD;PSDB;PTB;PV;REPUBLICANOS,,person-ivani-dos-santos,,unidentified,person-ivani-dos-santos,V5A001,
2016-12-08,temer,temer-2016-10-26,temer-2016-11-25,primary_provisional,CIDADANIA;DEM;MDB;PL;PP;PSB;PSD;PSDB;PTB;PV;REPUBLICANOS,DEM;PMDB;PP;PPS;PR;PRB;PSB;PSD;PSDB;PTB;PV,CIDADANIA;DEM;MDB;PL;PP;PSB;PSD;PSDB;PTB;PV;REPUBLICANOS,,person-ivani-dos-santos,,unidentified,person-ivani-dos-santos,V5A001,
2016-12-09,temer,temer-2016-10-26,temer-2016-11-25,primary_provisional,CIDADANIA;DEM;MDB;PL;PP;PSB;PSD;PSDB;PTB;PV;REPUBLICANOS,DEM;PMDB;PP;PPS;PR;PRB;PSB;PSD;PSDB;PTB;PV,CIDADANIA;DEM;MDB;PL;PP;PSB;PSD;PSDB;PTB;PV;REPUBLICANOS,,person-ivani-dos-santos,,unidentified,person-ivani-dos-santos,V5A001,
2016-12-10,temer,temer-2016-10-26,temer-2016-11-25,primary_provisional,CIDADANIA;DEM;MDB;PL;PP;PSB;PSD;PSDB;PTB;PV;REPUBLICANOS,DEM;PMDB;PP;PPS;PR;PRB;PSB;PSD;PSDB;PTB;PV,CIDADANIA;DEM;MDB;PL;PP;PSB;PSD;PSDB;PTB;PV;REPUBLICANOS,,person-ivani-dos-santos,,unidentified,person-ivani-dos-santos,V5A001,
2016-12-11,temer,temer-2016-10-26,temer-2016-11-25,primary_provisional,CIDADANIA;DEM;MDB;PL;PP;PSB;PSD;PSDB;PTB;PV;REPUBLICANOS,DEM;PMDB;PP;PPS;PR;PRB;PSB;PSD;PSDB;PTB;PV,CIDADANIA;DEM;MDB;PL;PP;PSB;PSD;PSDB;PTB;PV;REPUBLICANOS,,person-ivani-dos-santos,,unidentified,person-ivani-dos-santos,V5A001,
2016-12-12,temer,temer-2016-10-26,temer-2016-11-25,primary_provisional,CIDADANIA;DEM;MDB;PL;PP;PSB;PSD;PSDB;PTB;PV;REPUBLICANOS,DEM;PMDB;PP;PPS;PR;PRB;PSB;PSD;PSDB;PTB;PV,CIDADANIA;DEM;MDB;PL;PP;PSB;PSD;PSDB;PTB;PV;REPUBLICANOS,,person-ivani-dos-santos,,unidentified,person-ivani-dos-santos,V5A001,
2016-12-13,temer,temer-2016-10-26,temer-2016-11-25,primary_provisional,CIDADANIA;DEM;MDB;PL;PP;PSB;PSD;PSDB;PTB;PV;REPUBLICANOS,DEM;PMDB;PP;PPS;PR;PRB;PSB;PSD;PSDB;PTB;PV,CIDADANIA;DEM;MDB;PL;PP;PSB;PSD;PSDB;PTB;PV;REPUBLICANOS,,person-ivani-dos-santos,,unidentified,person-ivani-dos-santos,V5A001,
2016-12-14,temer,temer-2016-10-26,temer-2016-11-25,primary_provisional,CIDADANIA;DEM;MDB;PL;PP;PSB;PSD;PSDB;PTB;PV;REPUBLICANOS,DEM;PMDB;PP;PPS;PR;PRB;PSB;PSD;PSDB;PTB;PV,CIDADANIA;DEM;MDB;PL;PP;PSB;PSD;PSDB;PTB;PV;REPUBLICANOS,,person-ivani-dos-santos,,unidentified,person-ivani-dos-santos,V5A001,
2016-12-15,temer,temer-2016-10-26,temer-2016-11-25,primary_provisional,CIDADANIA;DEM;MDB;PL;PP;PSB;PSD;PSDB;PTB;PV;REPUBLICANOS,DEM;PMDB;PP;PPS;PR;PRB;PSB;PSD;PSDB;PTB;PV,CIDADANIA;DEM;MDB;PL;PP;PSB;PSD;PSDB;PTB;PV;REPUBLICANOS,,person-ivani-dos-santos,,unidentified,person-ivani-dos-santos,V5A001,
2016-12-16,temer,temer-2016-10-26,temer-2016-11-25,primary_provisional,CIDADANIA;DEM;MDB;PL;PP;PSB;PSD;PSDB;PTB;PV;REPUBLICANOS,DEM;PMDB;PP;PPS;PR;PRB;PSB;PSD;PSDB;PTB;PV,CIDADANIA;DEM;MDB;PL;PP;PSB;PSD;PSDB;PTB;PV;REPUBLICANOS,,person-ivani-dos-santos,,unidentified,person-ivani-dos-santos,V5A001,
2016-12-17,temer,temer-2016-10-26,temer-2016-11-25,primary_provisional,CIDADANIA;DEM;MDB;PL;PP;PSB;PSD;PSDB;PTB;PV;REPUBLICANOS,DEM;PMDB;PP;PPS;PR;PRB;PSB;PSD;PSDB;PTB;PV,CIDADANIA;DEM;MDB;PL;PP;PSB;PSD;PSDB;PTB;PV;REPUBLICANOS,,person-ivani-dos-santos,,unidentified,person-ivani-dos-santos,V5A001,
2016-12-18,temer,temer-2016-10-26,temer-2016-11-25,primary_provisional,CIDADANIA;DEM;MDB;PL;PP;PSB;PSD;PSDB;PTB;PV;REPUBLICANOS,DEM;PMDB;PP;PPS;PR;PRB;PSB;PSD;PSDB;PTB;PV,CIDADANIA;DEM;MDB;PL;PP;PSB;PSD;PSDB;PTB;PV;REPUBLICANOS,,person-ivani-dos-santos,,unidentified,person-ivani-dos-santos,V5A001,
2016-12-19,temer,temer-2016-10-26,temer-2016-11-25,primary_provisional,CIDADANIA;DEM;MDB;PL;PP;PSB;PSD;PSDB;PTB;PV;REPUBLICANOS,DEM;PMDB;PP;PPS;PR;PRB;PSB;PSD;PSDB;PTB;PV,CIDADANIA;DEM;MDB;PL;PP;PSB;PSD;PSDB;PTB;PV;REPUBLICANOS,,person-ivani-dos-santos,,unidentified,person-ivani-dos-santos,V5A001,
2016-12-20,temer,temer-2016-10-26,temer-2016-11-25,primary_provisional,CIDADANIA;DEM;MDB;PL;PP;PSB;PSD;PSDB;PTB;PV;REPUBLICANOS,DEM;PMDB;PP;PPS;PR;PRB;PSB;PSD;PSDB;PTB;PV,CIDADANIA;DEM;MDB;PL;PP;PSB;PSD;PSDB;PTB;PV;REPUBLICANOS,,person-ivani-dos-santos,,unidentified,person-ivani-dos-santos,V5A001,
2016-12-21,temer,temer-2016-10-26,temer-2016-11-25,primary_provisional,CIDADANIA;DEM;MDB;PL;PP;PSB;PSD;PSDB;PTB;PV;REPUBLICANOS,DEM;PMDB;PP;PPS;PR;PRB;PSB;PSD;PSDB;PTB;PV,CIDADANIA;DEM;MDB;PL;PP;PSB;PSD;PSDB;PTB;PV;REPUBLICANOS,,person-ivani-dos-santos,,unidentified,person-ivani-dos-santos,V5A001,
2016-12-22,temer,temer-2016-10-26,temer-2016-11-25,primary_provisional,CIDADANIA;DEM;MDB;PL;PP;PSB;PSD;PSDB;PTB;PV;REPUBLICANOS,DEM;PMDB;PP;PPS;PR;PRB;PSB;PSD;PSDB;PTB;PV,CIDADANIA;DEM;MDB;PL;PP;PSB;PSD;PSDB;PTB;PV;REPUBLICANOS,,person-ivani-dos-santos,,unidentified,person-ivani-dos-santos,V5A001,
2016-12-23,temer,temer-2016-10-26,temer-2016-11-25,primary_provisional,CIDADANIA;DEM;MDB;PL;PP;PSB;PSD;PSDB;PTB;PV;REPUBLICANOS,DEM;PMDB;PP;PPS;PR;PRB;PSB;PSD;PSDB;PTB;PV,CIDADANIA;DEM;MDB;PL;PP;PSB;PSD;PSDB;PTB;PV;REPUBLICANOS,,person-ivani-dos-santos,,unidentified,person-ivani-dos-santos,V5A001,
2016-12-24,temer,temer-2016-10-26,temer-2016-11-25,primary_provisional,CIDADANIA;DEM;MDB;PL;PP;PSB;PSD;PSDB;PTB;PV;REPUBLICANOS,DEM;PMDB;PP;PPS;PR;PRB;PSB;PSD;PSDB;PTB;PV,CIDADANIA;DEM;MDB;PL;PP;PSB;PSD;PSDB;PTB;PV;REPUBLICANOS,,person-ivani-dos-santos,,unidentified,person-ivani-dos-santos,V5A001,
2016-12-25,temer,temer-2016-10-26,temer-2016-11-25,primary_provisional,CIDADANIA;DEM;MDB;PL;PP;PSB;PSD;PSDB;PTB;PV;REPUBLICANOS,DEM;PMDB;PP;PPS;PR;PRB;PSB;PSD;PSDB;PTB;PV,CIDADANIA;DEM;MDB;PL;PP;PSB;PSD;PSDB;PTB;PV;REPUBLICANOS,,person-ivani-dos-santos,,unidentified,person-ivani-dos-santos,V5A001,
2016-12-26,temer,temer-2016-10-26,temer-2016-11-25,primary_provisional,CIDADANIA;DEM;MDB;PL;PP;PSB;PSD;PSDB;PTB;PV;REPUBLICANOS,DEM;PMDB;PP;PPS;PR;PRB;PSB;PSD;PSDB;PTB;PV,CIDADANIA;DEM;MDB;PL;PP;PSB;PSD;PSDB;PTB;PV;REPUBLICANOS,,person-ivani-dos-santos,,unidentified,person-ivani-dos-santos,V5A001,
2016-12-27,temer,temer-2016-10-26,temer-2016-11-25,primary_provisional,CIDADANIA;DEM;MDB;PL;PP;PSB;PSD;PSDB;PTB;PV;REPUBLICANOS,DEM;PMDB;PP;PPS;PR;PRB;PSB;PSD;PSDB;PTB;PV,CIDADANIA;DEM;MDB;PL;PP;PSB;PSD;PSDB;PTB;PV;REPUBLICANOS,,person-ivani-dos-santos,,unidentified,person-ivani-dos-santos,V5A001,
2016-12-28,temer,temer-2016-10-26,temer-2016-11-25,primary_provisional,CIDADANIA;DEM;MDB;PL;PP;PSB;PSD;PSDB;PTB;PV;REPUBLICANOS,DEM;PMDB;PP;PPS;PR;PRB;PSB;PSD;PSDB;PTB;PV,CIDADANIA;DEM;MDB;PL;PP;PSB;PSD;PSDB;PTB;PV;REPUBLICANOS,,person-ivani-dos-santos,,unidentified,person-ivani-dos-santos,V5A001,
2016-12-29,temer,temer-2016-10-26,temer-2016-11-25,primary_provisional,CIDADANIA;DEM;MDB;PL;PP;PSB;PSD;PSDB;PTB;PV;REPUBLICANOS,DEM;PMDB;PP;PPS;PR;PRB;PSB;PSD;PSDB;PTB;PV,CIDADANIA;DEM;MDB;PL;PP;PSB;PSD;PSDB;PTB;PV;REPUBLICANOS,,person-ivani-dos-santos,,unidentified,person-ivani-dos-santos,V5A001,
2016-12-30,temer,temer-2016-10-26,temer-2016-11-25,primary_provisional,CIDADANIA;DEM;MDB;PL;PP;PSB;PSD;PSDB;PTB;PV;REPUBLICANOS,DEM;PMDB;PP;PPS;PR;PRB;PSB;PSD;PSDB;PTB;PV,CIDADANIA;DEM;MDB;PL;PP;PSB;PSD;PSDB;PTB;PV;REPUBLICANOS,,person-ivani-dos-santos,,unidentified,person-ivani-dos-santos,V5A001,
2016-12-31,temer,temer-2016-10-26,temer-2016-11-25,primary_provisional,CIDADANIA;DEM;MDB;PL;PP;PSB;PSD;PSDB;PTB;PV;REPUBLICANOS,DEM;PMDB;PP;PPS;PR;PRB;PSB;PSD;PSDB;PTB;PV,CIDADANIA;DEM;MDB;PL;PP;PSB;PSD;PSDB;PTB;PV;REPUBLICANOS,,person-ivani-dos-santos,,unidentified,person-ivani-dos-santos,V5A001,
2017-01-01,temer,temer-2016-10-26,temer-2016-11-25,primary_provisional,CIDADANIA;DEM;MDB;PL;PP;PSB;PSD;PSDB;PTB;PV;REPUBLICANOS,DEM;PMDB;PP;PPS;PR;PRB;PSB;PSD;PSDB;PTB;PV,CIDADANIA;DEM;MDB;PL;PP;PSB;PSD;PSDB;PTB;PV;REPUBLICANOS,,person-ivani-dos-santos,,unidentified,person-ivani-dos-santos,V5A001,
2017-01-02,temer,temer-2016-10-26,temer-2016-11-25,primary_provisional,CIDADANIA;DEM;MDB;PL;PP;PSB;PSD;PSDB;PTB;PV;REPUBLICANOS,DEM;PMDB;PP;PPS;PR;PRB;PSB;PSD;PSDB;PTB;PV,CIDADANIA;DEM;MDB;PL;PP;PSB;PSD;PSDB;PTB;PV;REPUBLICANOS,,person-ivani-dos-santos,,unidentified,person-ivani-dos-santos,V5A001,
2017-01-03,temer,temer-2016-10-26,temer-2016-11-25,primary_provisional,CIDADANIA;DEM;MDB;PL;PP;PSB;PSD;PSDB;PTB;PV;REPUBLICANOS,DEM;PMDB;PP;PPS;PR;PRB;PSB;PSD;PSDB;PTB;PV,CIDADANIA;DEM;MDB;PL;PP;PSB;PSD;PSDB;PTB;PV;REPUBLICANOS,,person-ivani-dos-santos,,unidentified,person-ivani-dos-santos,V5A001,
2017-01-04,temer,temer-2016-10-26,temer-2016-11-25,primary_provisional,CIDADANIA;DEM;MDB;PL;PP;PSB;PSD;PSDB;PTB;PV;REPUBLICANOS,DEM;PMDB;PP;PPS;PR;PRB;PSB;PSD;PSDB;PTB;PV,CIDADANIA;DEM;MDB;PL;PP;PSB;PSD;PSDB;PTB;PV;REPUBLICANOS,,person-ivani-dos-santos,,unidentified,person-ivani-dos-santos,V5A001,
2017-01-05,temer,temer-2016-10-26,temer-2016-11-25,primary_provisional,CIDADANIA;DEM;MDB;PL;PP;PSB;PSD;PSDB;PTB;PV;REPUBLICANOS,DEM;PMDB;PP;PPS;PR;PRB;PSB;PSD;PSDB;PTB;PV,CIDADANIA;DEM;MDB;PL;PP;PSB;PSD;PSDB;PTB;PV;REPUBLICANOS,,person-ivani-dos-santos,,unidentified,person-ivani-dos-santos,V5A001,
2017-01-06,temer,temer-2016-10-26,temer-2016-11-25,primary_provisional,CIDADANIA;DEM;MDB;PL;PP;PSB;PSD;PSDB;PTB;PV;REPUBLICANOS,DEM;PMDB;PP;PPS;PR;PRB;PSB;PSD;PSDB;PTB;PV,CIDADANIA;DEM;MDB;PL;PP;PSB;PSD;PSDB;PTB;PV;REPUBLICANOS,,person-ivani-dos-santos,,unidentified,person-ivani-dos-santos,V5A001,
2017-01-07,temer,temer-2016-10-26,temer-2016-11-25,primary_provisional,CIDADANIA;DEM;MDB;PL;PP;PSB;PSD;PSDB;PTB;PV;REPUBLICANOS,DEM;PMDB;PP;PPS;PR;PRB;PSB;PSD;PSDB;PTB;PV,CIDADANIA;DEM;MDB;PL;PP;PSB;PSD;PSDB;PTB;PV;REPUBLICANOS,,person-ivani-dos-santos,,unidentified,person-ivani-dos-santos,V5A001,
2017-01-08,temer,temer-2016-10-26,temer-2016-11-25,primary_provisional,CIDADANIA;DEM;MDB;PL;PP;PSB;PSD;PSDB;PTB;PV;REPUBLICANOS,DEM;PMDB;PP;PPS;PR;PRB;PSB;PSD;PSDB;PTB;PV,CIDADANIA;DEM;MDB;PL;PP;PSB;PSD;PSDB;PTB;PV;REPUBLICANOS,,person-ivani-dos-santos,,unidentified,person-ivani-dos-santos,V5A001,
2017-01-09,temer,temer-2016-10-26,temer-2016-11-25,primary_provisional,CIDADANIA;DEM;MDB;PL;PP;PSB;PSD;PSDB;PTB;PV;REPUBLICANOS,DEM;PMDB;PP;PPS;PR;PRB;PSB;PSD;PSDB;PTB;PV,CIDADANIA;DEM;MDB;PL;PP;PSB;PSD;PSDB;PTB;PV;REPUBLICANOS,,person-ivani-dos-santos,,unidentified,person-ivani-dos-santos,V5A001,
2017-01-10,temer,temer-2016-10-26,temer-2016-11-25,primary_provisional,CIDADANIA;DEM;MDB;PL;PP;PSB;PSD;PSDB;PTB;PV;REPUBLICANOS,DEM;PMDB;PP;PPS;PR;PRB;PSB;PSD;PSDB;PTB;PV,CIDADANIA;DEM;MDB;PL;PP;PSB;PSD;PSDB;PTB;PV;REPUBLICANOS,,person-ivani-dos-santos,,unidentified,person-ivani-dos-santos,V5A001,
2017-01-11,temer,temer-2016-10-26,temer-2016-11-25,primary_provisional,CIDADANIA;DEM;MDB;PL;PP;PSB;PSD;PSDB;PTB;PV;REPUBLICANOS,DEM;PMDB;PP;PPS;PR;PRB;PSB;PSD;PSDB;PTB;PV,CIDADANIA;DEM;MDB;PL;PP;PSB;PSD;PSDB;PTB;PV;REPUBLICANOS,,person-ivani-dos-santos,,unidentified,person-ivani-dos-santos,V5A001,
2017-01-12,temer,temer-2016-10-26,temer-2016-11-25,primary_provisional,CIDADANIA;DEM;MDB;PL;PP;PSB;PSD;PSDB;PTB;PV;REPUBLICANOS,DEM;PMDB;PP;PPS;PR;PRB;PSB;PSD;PSDB;PTB;PV,CIDADANIA;DEM;MDB;PL;PP;PSB;PSD;PSDB;PTB;PV;REPUBLICANOS,,person-ivani-dos-santos,,unidentified,person-ivani-dos-santos,V5A001,
2017-01-13,temer,temer-2016-10-26,temer-2016-11-25,primary_provisional,CIDADANIA;DEM;MDB;PL;PP;PSB;PSD;PSDB;PTB;PV;REPUBLICANOS,DEM;PMDB;PP;PPS;PR;PRB;PSB;PSD;PSDB;PTB;PV,CIDADANIA;DEM;MDB;PL;PP;PSB;PSD;PSDB;PTB;PV;REPUBLICANOS,,person-ivani-dos-santos,,unidentified,person-ivani-dos-santos,V5A001,
2017-01-14,temer,temer-2016-10-26,temer-2016-11-25,primary_provisional,CIDADANIA;DEM;MDB;PL;PP;PSB;PSD;PSDB;PTB;PV;REPUBLICANOS,DEM;PMDB;PP;PPS;PR;PRB;PSB;PSD;PSDB;PTB;PV,CIDADANIA;DEM;MDB;PL;PP;PSB;PSD;PSDB;PTB;PV;REPUBLICANOS,,person-ivani-dos-santos,,unidentified,person-ivani-dos-santos,V5A001,
2017-01-15,temer,temer-2016-10-26,temer-2016-11-25,primary_provisional,CIDADANIA;DEM;MDB;PL;PP;PSB;PSD;PSDB;PTB;PV;REPUBLICANOS,DEM;PMDB;PP;PPS;PR;PRB;PSB;PSD;PSDB;PTB;PV,CIDADANIA;DEM;MDB;PL;PP;PSB;PSD;PSDB;PTB;PV;REPUBLICANOS,,person-ivani-dos-santos,,unidentified,person-ivani-dos-santos,V5A001,
2017-01-16,temer,temer-2016-10-26,temer-2016-11-25,primary_provisional,CIDADANIA;DEM;MDB;PL;PP;PSB;PSD;PSDB;PTB;PV;REPUBLICANOS,DEM;PMDB;PP;PPS;PR;PRB;PSB;PSD;PSDB;PTB;PV,CIDADANIA;DEM;MDB;PL;PP;PSB;PSD;PSDB;PTB;PV;REPUBLICANOS,,person-ivani-dos-santos,,unidentified,person-ivani-dos-santos,V5A001,
2017-01-17,temer,temer-2016-10-26,temer-2016-11-25,primary_provisional,CIDADANIA;DEM;MDB;PL;PP;PSB;PSD;PSDB;PTB;PV;REPUBLICANOS,DEM;PMDB;PP;PPS;PR;PRB;PSB;PSD;PSDB;PTB;PV,CIDADANIA;DEM;MDB;PL;PP;PSB;PSD;PSDB;PTB;PV;REPUBLICANOS,,person-ivani-dos-santos,,unidentified,person-ivani-dos-santos,V5A001,
2017-01-18,temer,temer-2016-10-26,temer-2016-11-25,primary_provisional,CIDADANIA;DEM;MDB;PL;PP;PSB;PSD;PSDB;PTB;PV;REPUBLICANOS,DEM;PMDB;PP;PPS;PR;PRB;PSB;PSD;PSDB;PTB;PV,CIDADANIA;DEM;MDB;PL;PP;PSB;PSD;PSDB;PTB;PV;REPUBLICANOS,,person-ivani-dos-santos,,unidentified,person-ivani-dos-santos,V5A001,
2017-01-19,temer,temer-2016-10-26,temer-2016-11-25,primary_provisional,CIDADANIA;DEM;MDB;PL;PP;PSB;PSD;PSDB;PTB;PV;REPUBLICANOS,DEM;PMDB;PP;PPS;PR;PRB;PSB;PSD;PSDB;PTB;PV,CIDADANIA;DEM;MDB;PL;PP;PSB;PSD;PSDB;PTB;PV;REPUBLICANOS,,person-ivani-dos-santos,,unidentified,person-ivani-dos-santos,V5A001,
2017-01-20,temer,temer-2016-10-26,temer-2016-11-25,primary_provisional,CIDADANIA;DEM;MDB;PL;PP;PSB;PSD;PSDB;PTB;PV;REPUBLICANOS,DEM;PMDB;PP;PPS;PR;PRB;PSB;PSD;PSDB;PTB;PV,CIDADANIA;DEM;MDB;PL;PP;PSB;PSD;PSDB;PTB;PV;REPUBLICANOS,,person-ivani-dos-santos,,unidentified,person-ivani-dos-santos,V5A001,
2017-01-21,temer,temer-2016-10-26,temer-2016-11-25,primary_provisional,CIDADANIA;DEM;MDB;PL;PP;PSB;PSD;PSDB;PTB;PV;REPUBLICANOS,DEM;PMDB;PP;PPS;PR;PRB;PSB;PSD;PSDB;PTB;PV,CIDADANIA;DEM;MDB;PL;PP;PSB;PSD;PSDB;PTB;PV;REPUBLICANOS,,person-ivani-dos-santos,,unidentified,person-ivani-dos-santos,V5A001,
2017-01-22,temer,temer-2016-10-26,temer-2016-11-25,primary_provisional,CIDADANIA;DEM;MDB;PL;PP;PSB;PSD;PSDB;PTB;PV;REPUBLICANOS,DEM;PMDB;PP;PPS;PR;PRB;PSB;PSD;PSDB;PTB;PV,CIDADANIA;DEM;MDB;PL;PP;PSB;PSD;PSDB;PTB;PV;REPUBLICANOS,,person-ivani-dos-santos,,unidentified,person-ivani-dos-santos,V5A001,
2017-01-23,temer,temer-2016-10-26,temer-2016-11-25,primary_provisional,CIDADANIA;DEM;MDB;PL;PP;PSB;PSD;PSDB;PTB;PV;REPUBLICANOS,DEM;PMDB;PP;PPS;PR;PRB;PSB;PSD;PSDB;PTB;PV,CIDADANIA;DEM;MDB;PL;PP;PSB;PSD;PSDB;PTB;PV;REPUBLICANOS,,person-ivani-dos-santos,,unidentified,person-ivani-dos-santos,V5A001,
2017-01-24,temer,temer-2016-10-26,temer-2016-11-25,primary_provisional,CIDADANIA;DEM;MDB;PL;PP;PSB;PSD;PSDB;PTB;PV;REPUBLICANOS,DEM;PMDB;PP;PPS;PR;PRB;PSB;PSD;PSDB;PTB;PV,CIDADANIA;DEM;MDB;PL;PP;PSB;PSD;PSDB;PTB;PV;REPUBLICANOS,,person-ivani-dos-santos,,unidentified,person-ivani-dos-santos,V5A001,
2017-01-25,temer,temer-2016-10-26,temer-2016-11-25,primary_provisional,CIDADANIA;DEM;MDB;PL;PP;PSB;PSD;PSDB;PTB;PV;REPUBLICANOS,DEM;PMDB;PP;PPS;PR;PRB;PSB;PSD;PSDB;PTB;PV,CIDADANIA;DEM;MDB;PL;PP;PSB;PSD;PSDB;PTB;PV;REPUBLICANOS,,person-ivani-dos-santos,,unidentified,person-ivani-dos-santos,V5A001,
2017-01-26,temer,temer-2016-10-26,temer-2016-11-25,primary_provisional,CIDADANIA;DEM;MDB;PL;PP;PSB;PSD;PSDB;PTB;PV;REPUBLICANOS,DEM;PMDB;PP;PPS;PR;PRB;PSB;PSD;PSDB;PTB;PV,CIDADANIA;DEM;MDB;PL;PP;PSB;PSD;PSDB;PTB;PV;REPUBLICANOS,,person-ivani-dos-santos,,unidentified,person-ivani-dos-santos,V5A001,
2017-01-27,temer,temer-2016-10-26,temer-2016-11-25,primary_provisional,CIDADANIA;DEM;MDB;PL;PP;PSB;PSD;PSDB;PTB;PV;REPUBLICANOS,DEM;PMDB;PP;PPS;PR;PRB;PSB;PSD;PSDB;PTB;PV,CIDADANIA;DEM;MDB;PL;PP;PSB;PSD;PSDB;PTB;PV;REPUBLICANOS,,person-ivani-dos-santos,,unidentified,person-ivani-dos-santos,V5A001,
2017-01-28,temer,temer-2016-10-26,temer-2016-11-25,primary_provisional,CIDADANIA;DEM;MDB;PL;PP;PSB;PSD;PSDB;PTB;PV;REPUBLICANOS,DEM;PMDB;PP;PPS;PR;PRB;PSB;PSD;PSDB;PTB;PV,CIDADANIA;DEM;MDB;PL;PP;PSB;PSD;PSDB;PTB;PV;REPUBLICANOS,,person-ivani-dos-santos,,unidentified,person-ivani-dos-santos,V5A001,
2017-01-29,temer,temer-2016-10-26,temer-2016-11-25,primary_provisional,CIDADANIA;DEM;MDB;PL;PP;PSB;PSD;PSDB;PTB;PV;REPUBLICANOS,DEM;PMDB;PP;PPS;PR;PRB;PSB;PSD;PSDB;PTB;PV,CIDADANIA;DEM;MDB;PL;PP;PSB;PSD;PSDB;PTB;PV;REPUBLICANOS,,person-ivani-dos-santos,,unidentified,person-ivani-dos-santos,V5A001,
2017-01-30,temer,temer-2016-10-26,temer-2016-11-25,primary_provisional,CIDADANIA;DEM;MDB;PL;PP;PSB;PSD;PSDB;PTB;PV;REPUBLICANOS,DEM;PMDB;PP;PPS;PR;PRB;PSB;PSD;PSDB;PTB;PV,CIDADANIA;DEM;MDB;PL;PP;PSB;PSD;PSDB;PTB;PV;REPUBLICANOS,,person-ivani-dos-santos,,unidentified,person-ivani-dos-santos,V5A001,
2017-01-31,temer,temer-2016-10-26,temer-2016-11-25,primary_provisional,CIDADANIA;DEM;MDB;PL;PP;PSB;PSD;PSDB;PTB;PV;REPUBLICANOS,DEM;PMDB;PP;PPS;PR;PRB;PSB;PSD;PSDB;PTB;PV,CIDADANIA;DEM;MDB;PL;PP;PSB;PSD;PSDB;PTB;PV;REPUBLICANOS,,person-ivani-dos-santos,,unidentified,person-ivani-dos-santos,V5A001,
2017-02-01,temer,temer-2016-10-26,temer-2016-11-25,primary_provisional,CIDADANIA;DEM;MDB;PL;PP;PSB;PSD;PSDB;PTB;PV;REPUBLICANOS,DEM;PMDB;PP;PPS;PR;PRB;PSB;PSD;PSDB;PTB;PV,CIDADANIA;DEM;MDB;PL;PP;PSB;PSD;PSDB;PTB;PV;REPUBLICANOS,,person-ivani-dos-santos,,unidentified,person-ivani-dos-santos,V5A001,
2017-02-02,temer,temer-2016-10-26,temer-2016-11-25,primary_provisional,CIDADANIA;DEM;MDB;PL;PP;PSB;PSD;PSDB;PTB;PV;REPUBLICANOS,DEM;PMDB;PP;PPS;PR;PRB;PSB;PSD;PSDB;PTB;PV,CIDADANIA;DEM;MDB;PL;PP;PSB;PSD;PSDB;PTB;PV;REPUBLICANOS,,person-ivani-dos-santos,,unidentified,person-ivani-dos-santos,V5A001,
2017-02-03,temer,temer-2016-10-26,temer-2017-02-03,primary_adjudicated,CIDADANIA;DEM;MDB;PL;PP;PSB;PSD;PSDB;PTB;PV;REPUBLICANOS,DEM;PMDB;PP;PPS;PR;PRB;PSB;PSD;PSDB;PTB;PV,CIDADANIA;DEM;MDB;PL;PP;PSB;PSD;PSDB;PTB;PV;REPUBLICANOS,,,,established,,,
2017-02-04,temer,temer-2016-10-26,temer-2017-02-03,primary_adjudicated,CIDADANIA;DEM;MDB;PL;PP;PSB;PSD;PSDB;PTB;PV;REPUBLICANOS,DEM;PMDB;PP;PPS;PR;PRB;PSB;PSD;PSDB;PTB;PV,CIDADANIA;DEM;MDB;PL;PP;PSB;PSD;PSDB;PTB;PV;REPUBLICANOS,,,,established,,,
2017-02-05,temer,temer-2016-10-26,temer-2017-02-03,primary_adjudicated,CIDADANIA;DEM;MDB;PL;PP;PSB;PSD;PSDB;PTB;PV;REPUBLICANOS,DEM;PMDB;PP;PPS;PR;PRB;PSB;PSD;PSDB;PTB;PV,CIDADANIA;DEM;MDB;PL;PP;PSB;PSD;PSDB;PTB;PV;REPUBLICANOS,,,,established,,,
2017-02-06,temer,temer-2016-10-26,temer-2017-02-03,primary_adjudicated,CIDADANIA;DEM;MDB;PL;PP;PSB;PSD;PSDB;PTB;PV;REPUBLICANOS,DEM;PMDB;PP;PPS;PR;PRB;PSB;PSD;PSDB;PTB;PV,CIDADANIA;DEM;MDB;PL;PP;PSB;PSD;PSDB;PTB;PV;REPUBLICANOS,,,,established,,,
2017-02-07,temer,temer-2016-10-26,temer-2017-02-03,primary_adjudicated,CIDADANIA;DEM;MDB;PL;PP;PSB;PSD;PSDB;PTB;PV;REPUBLICANOS,DEM;PMDB;PP;PPS;PR;PRB;PSB;PSD;PSDB;PTB;PV,CIDADANIA;DEM;MDB;PL;PP;PSB;PSD;PSDB;PTB;PV;REPUBLICANOS,,,,established,,,
2017-02-08,temer,temer-2016-10-26,temer-2017-02-03,primary_adjudicated,CIDADANIA;DEM;MDB;PL;PP;PSB;PSD;PSDB;PTB;PV;REPUBLICANOS,DEM;PMDB;PP;PPS;PR;PRB;PSB;PSD;PSDB;PTB;PV,CIDADANIA;DEM;MDB;PL;PP;PSB;PSD;PSDB;PTB;PV;REPUBLICANOS,,,,established,,,
2017-02-09,temer,temer-2016-10-26,temer-2017-02-03,primary_adjudicated,CIDADANIA;DEM;MDB;PL;PP;PSB;PSD;PSDB;PTB;PV;REPUBLICANOS,DEM;PMDB;PP;PPS;PR;PRB;PSB;PSD;PSDB;PTB;PV,CIDADANIA;DEM;MDB;PL;PP;PSB;PSD;PSDB;PTB;PV;REPUBLICANOS,,,,established,,,
2017-02-10,temer,temer-2016-10-26,temer-2017-02-03,primary_adjudicated,CIDADANIA;DEM;MDB;PL;PP;PSB;PSD;PSDB;PTB;PV;REPUBLICANOS,DEM;PMDB;PP;PPS;PR;PRB;PSB;PSD;PSDB;PTB;PV,CIDADANIA;DEM;MDB;PL;PP;PSB;PSD;PSDB;PTB;PV;REPUBLICANOS,,,,established,,,
2017-02-11,temer,temer-2016-10-26,temer-2017-02-03,primary_adjudicated,CIDADANIA;DEM;MDB;PL;PP;PSB;PSD;PSDB;PTB;PV;REPUBLICANOS,DEM;PMDB;PP;PPS;PR;PRB;PSB;PSD;PSDB;PTB;PV,CIDADANIA;DEM;MDB;PL;PP;PSB;PSD;PSDB;PTB;PV;REPUBLICANOS,,,,established,,,
2017-02-12,temer,temer-2016-10-26,temer-2017-02-03,primary_adjudicated,CIDADANIA;DEM;MDB;PL;PP;PSB;PSD;PSDB;PTB;PV;REPUBLICANOS,DEM;PMDB;PP;PPS;PR;PRB;PSB;PSD;PSDB;PTB;PV,CIDADANIA;DEM;MDB;PL;PP;PSB;PSD;PSDB;PTB;PV;REPUBLICANOS,,,,established,,,
2017-02-13,temer,temer-2016-10-26,temer-2017-02-03,primary_adjudicated,CIDADANIA;DEM;MDB;PL;PP;PSB;PSD;PSDB;PTB;PV;REPUBLICANOS,DEM;PMDB;PP;PPS;PR;PRB;PSB;PSD;PSDB;PTB;PV,CIDADANIA;DEM;MDB;PL;PP;PSB;PSD;PSDB;PTB;PV;REPUBLICANOS,,,,established,,,
2017-02-14,temer,temer-2016-10-26,temer-2017-02-03,primary_adjudicated,CIDADANIA;DEM;MDB;PL;PP;PSB;PSD;PSDB;PTB;PV;REPUBLICANOS,DEM;PMDB;PP;PPS;PR;PRB;PSB;PSD;PSDB;PTB;PV,CIDADANIA;DEM;MDB;PL;PP;PSB;PSD;PSDB;PTB;PV;REPUBLICANOS,,,,established,,,
2017-02-15,temer,temer-2016-10-26,temer-2017-02-03,primary_adjudicated,CIDADANIA;DEM;MDB;PL;PP;PSB;PSD;PSDB;PTB;PV;REPUBLICANOS,DEM;PMDB;PP;PPS;PR;PRB;PSB;PSD;PSDB;PTB;PV,CIDADANIA;DEM;MDB;PL;PP;PSB;PSD;PSDB;PTB;PV;REPUBLICANOS,,,,established,,,
2017-02-16,temer,temer-2016-10-26,temer-2017-02-03,primary_adjudicated,CIDADANIA;DEM;MDB;PL;PP;PSB;PSD;PSDB;PTB;PV;REPUBLICANOS,DEM;PMDB;PP;PPS;PR;PRB;PSB;PSD;PSDB;PTB;PV,CIDADANIA;DEM;MDB;PL;PP;PSB;PSD;PSDB;PTB;PV;REPUBLICANOS,,,,established,,,
2017-02-17,temer,temer-2016-10-26,temer-2017-02-03,primary_adjudicated,CIDADANIA;DEM;MDB;PL;PP;PSB;PSD;PSDB;PTB;PV;REPUBLICANOS,DEM;PMDB;PP;PPS;PR;PRB;PSB;PSD;PSDB;PTB;PV,CIDADANIA;DEM;MDB;PL;PP;PSB;PSD;PSDB;PTB;PV;REPUBLICANOS,,,,established,,,
2017-02-18,temer,temer-2016-10-26,temer-2017-02-03,primary_adjudicated,CIDADANIA;DEM;MDB;PL;PP;PSB;PSD;PSDB;PTB;PV;REPUBLICANOS,DEM;PMDB;PP;PPS;PR;PRB;PSB;PSD;PSDB;PTB;PV,CIDADANIA;DEM;MDB;PL;PP;PSB;PSD;PSDB;PTB;PV;REPUBLICANOS,,,,established,,,
2017-02-19,temer,temer-2016-10-26,temer-2017-02-03,primary_adjudicated,CIDADANIA;DEM;MDB;PL;PP;PSB;PSD;PSDB;PTB;PV;REPUBLICANOS,DEM;PMDB;PP;PPS;PR;PRB;PSB;PSD;PSDB;PTB;PV,CIDADANIA;DEM;MDB;PL;PP;PSB;PSD;PSDB;PTB;PV;REPUBLICANOS,,,,established,,,
2017-02-20,temer,temer-2016-10-26,temer-2017-02-03,primary_adjudicated,CIDADANIA;DEM;MDB;PL;PP;PSB;PSD;PSDB;PTB;PV;REPUBLICANOS,DEM;PMDB;PP;PPS;PR;PRB;PSB;PSD;PSDB;PTB;PV,CIDADANIA;DEM;MDB;PL;PP;PSB;PSD;PSDB;PTB;PV;REPUBLICANOS,,,,established,,,
2017-02-21,temer,temer-2016-10-26,temer-2017-02-03,primary_adjudicated,CIDADANIA;DEM;MDB;PL;PP;PSB;PSD;PSDB;PTB;PV;REPUBLICANOS,DEM;PMDB;PP;PPS;PR;PRB;PSB;PSD;PSDB;PTB;PV,CIDADANIA;DEM;MDB;PL;PP;PSB;PSD;PSDB;PTB;PV;REPUBLICANOS,,,,established,,,
2017-02-22,temer,temer-2016-10-26,temer-2017-02-22,primary_adjudicated,CIDADANIA;DEM;MDB;PL;PP;PSB;PSD;PSDB;PTB;PV;REPUBLICANOS,DEM;PMDB;PP;PPS;PR;PRB;PSB;PSD;PSDB;PTB;PV,CIDADANIA;DEM;MDB;PL;PP;PSB;PSD;PSDB;PTB;PV;REPUBLICANOS,PSDB,,person-37f571ff3c86,established,,,
2017-02-23,temer,temer-2016-10-26,temer-2017-02-22,primary_adjudicated,CIDADANIA;DEM;MDB;PL;PP;PSB;PSD;PSDB;PTB;PV;REPUBLICANOS,DEM;PMDB;PP;PPS;PR;PRB;PSB;PSD;PSDB;PTB;PV,CIDADANIA;DEM;MDB;PL;PP;PSB;PSD;PSDB;PTB;PV;REPUBLICANOS,PSDB,,person-37f571ff3c86,established,,,
2017-02-24,temer,temer-2016-10-26,temer-2017-02-22,primary_adjudicated,CIDADANIA;DEM;MDB;PL;PP;PSB;PSD;PSDB;PTB;PV;REPUBLICANOS,DEM;PMDB;PP;PPS;PR;PRB;PSB;PSD;PSDB;PTB;PV,CIDADANIA;DEM;MDB;PL;PP;PSB;PSD;PSDB;PTB;PV;REPUBLICANOS,PSDB,,person-37f571ff3c86,established,,,
2017-02-25,temer,temer-2016-10-26,temer-2017-02-22,primary_adjudicated,CIDADANIA;DEM;MDB;PL;PP;PSB;PSD;PSDB;PTB;PV;REPUBLICANOS,DEM;PMDB;PP;PPS;PR;PRB;PSB;PSD;PSDB;PTB;PV,CIDADANIA;DEM;MDB;PL;PP;PSB;PSD;PSDB;PTB;PV;REPUBLICANOS,PSDB,,person-37f571ff3c86,established,,,
2017-02-26,temer,temer-2016-10-26,temer-2017-02-22,primary_adjudicated,CIDADANIA;DEM;MDB;PL;PP;PSB;PSD;PSDB;PTB;PV;REPUBLICANOS,DEM;PMDB;PP;PPS;PR;PRB;PSB;PSD;PSDB;PTB;PV,CIDADANIA;DEM;MDB;PL;PP;PSB;PSD;PSDB;PTB;PV;REPUBLICANOS,PSDB,,person-37f571ff3c86,established,,,
2017-02-27,temer,temer-2016-10-26,temer-2017-02-22,primary_adjudicated,CIDADANIA;DEM;MDB;PL;PP;PSB;PSD;PSDB;PTB;PV;REPUBLICANOS,DEM;PMDB;PP;PPS;PR;PRB;PSB;PSD;PSDB;PTB;PV,CIDADANIA;DEM;MDB;PL;PP;PSB;PSD;PSDB;PTB;PV;REPUBLICANOS,PSDB,,person-37f571ff3c86,established,,,
2017-02-28,temer,temer-2016-10-26,temer-2017-02-22,primary_adjudicated,CIDADANIA;DEM;MDB;PL;PP;PSB;PSD;PSDB;PTB;PV;REPUBLICANOS,DEM;PMDB;PP;PPS;PR;PRB;PSB;PSD;PSDB;PTB;PV,CIDADANIA;DEM;MDB;PL;PP;PSB;PSD;PSDB;PTB;PV;REPUBLICANOS,PSDB,,person-37f571ff3c86,established,,,
2017-03-01,temer,temer-2016-10-26,temer-2017-02-22,primary_adjudicated,CIDADANIA;DEM;MDB;PL;PP;PSB;PSD;PSDB;PTB;PV;REPUBLICANOS,DEM;PMDB;PP;PPS;PR;PRB;PSB;PSD;PSDB;PTB;PV,CIDADANIA;DEM;MDB;PL;PP;PSB;PSD;PSDB;PTB;PV;REPUBLICANOS,PSDB,,person-37f571ff3c86,established,,,
2017-03-02,temer,temer-2016-10-26,temer-2017-02-22,primary_adjudicated,CIDADANIA;DEM;MDB;PL;PP;PSB;PSD;PSDB;PTB;PV;REPUBLICANOS,DEM;PMDB;PP;PPS;PR;PRB;PSB;PSD;PSDB;PTB;PV,CIDADANIA;DEM;MDB;PL;PP;PSB;PSD;PSDB;PTB;PV;REPUBLICANOS,PSDB,,person-37f571ff3c86,established,,,
2017-03-03,temer,temer-2016-10-26,temer-2017-02-22,primary_adjudicated,CIDADANIA;DEM;MDB;PL;PP;PSB;PSD;PSDB;PTB;PV;REPUBLICANOS,DEM;PMDB;PP;PPS;PR;PRB;PSB;PSD;PSDB;PTB;PV,CIDADANIA;DEM;MDB;PL;PP;PSB;PSD;PSDB;PTB;PV;REPUBLICANOS,PSDB,,person-37f571ff3c86,established,,,
2017-03-04,temer,temer-2016-10-26,temer-2017-02-22,primary_adjudicated,CIDADANIA;DEM;MDB;PL;PP;PSB;PSD;PSDB;PTB;PV;REPUBLICANOS,DEM;PMDB;PP;PPS;PR;PRB;PSB;PSD;PSDB;PTB;PV,CIDADANIA;DEM;MDB;PL;PP;PSB;PSD;PSDB;PTB;PV;REPUBLICANOS,PSDB,,person-37f571ff3c86,established,,,
2017-03-05,temer,temer-2016-10-26,temer-2017-02-22,primary_adjudicated,CIDADANIA;DEM;MDB;PL;PP;PSB;PSD;PSDB;PTB;PV;REPUBLICANOS,DEM;PMDB;PP;PPS;PR;PRB;PSB;PSD;PSDB;PTB;PV,CIDADANIA;DEM;MDB;PL;PP;PSB;PSD;PSDB;PTB;PV;REPUBLICANOS,PSDB,,person-37f571ff3c86,established,,,
2017-03-06,temer,temer-2016-10-26,temer-2017-02-22,primary_adjudicated,CIDADANIA;DEM;MDB;PL;PP;PSB;PSD;PSDB;PTB;PV;REPUBLICANOS,DEM;PMDB;PP;PPS;PR;PRB;PSB;PSD;PSDB;PTB;PV,CIDADANIA;DEM;MDB;PL;PP;PSB;PSD;PSDB;PTB;PV;REPUBLICANOS,PSDB,,person-37f571ff3c86,established,,,
2017-03-07,temer,temer-2016-10-26,temer-2017-03-07,primary_adjudicated,CIDADANIA;DEM;MDB;PL;PP;PSB;PSD;PSDB;PTB;PV;REPUBLICANOS,DEM;PMDB;PP;PPS;PR;PRB;PSB;PSD;PSDB;PTB;PV,CIDADANIA;DEM;MDB;PL;PP;PSB;PSD;PSDB;PTB;PV;REPUBLICANOS,,,,established,,,
2017-03-08,temer,temer-2016-10-26,temer-2017-03-07,primary_adjudicated,CIDADANIA;DEM;MDB;PL;PP;PSB;PSD;PSDB;PTB;PV;REPUBLICANOS,DEM;PMDB;PP;PPS;PR;PRB;PSB;PSD;PSDB;PTB;PV,CIDADANIA;DEM;MDB;PL;PP;PSB;PSD;PSDB;PTB;PV;REPUBLICANOS,,,,established,,,
2017-03-09,temer,temer-2016-10-26,temer-2017-03-07,primary_adjudicated,CIDADANIA;DEM;MDB;PL;PP;PSB;PSD;PSDB;PTB;PV;REPUBLICANOS,DEM;PMDB;PP;PPS;PR;PRB;PSB;PSD;PSDB;PTB;PV,CIDADANIA;DEM;MDB;PL;PP;PSB;PSD;PSDB;PTB;PV;REPUBLICANOS,,,,established,,,
2017-03-10,temer,temer-2016-10-26,temer-2017-03-07,primary_adjudicated,CIDADANIA;DEM;MDB;PL;PP;PSB;PSD;PSDB;PTB;PV;REPUBLICANOS,DEM;PMDB;PP;PPS;PR;PRB;PSB;PSD;PSDB;PTB;PV,CIDADANIA;DEM;MDB;PL;PP;PSB;PSD;PSDB;PTB;PV;REPUBLICANOS,,,,established,,,
2017-03-11,temer,temer-2016-10-26,temer-2017-03-07,primary_adjudicated,CIDADANIA;DEM;MDB;PL;PP;PSB;PSD;PSDB;PTB;PV;REPUBLICANOS,DEM;PMDB;PP;PPS;PR;PRB;PSB;PSD;PSDB;PTB;PV,CIDADANIA;DEM;MDB;PL;PP;PSB;PSD;PSDB;PTB;PV;REPUBLICANOS,,,,established,,,
2017-03-12,temer,temer-2016-10-26,temer-2017-03-07,primary_adjudicated,CIDADANIA;DEM;MDB;PL;PP;PSB;PSD;PSDB;PTB;PV;REPUBLICANOS,DEM;PMDB;PP;PPS;PR;PRB;PSB;PSD;PSDB;PTB;PV,CIDADANIA;DEM;MDB;PL;PP;PSB;PSD;PSDB;PTB;PV;REPUBLICANOS,,,,established,,,
2017-03-13,temer,temer-2016-10-26,temer-2017-03-07,primary_adjudicated,CIDADANIA;DEM;MDB;PL;PP;PSB;PSD;PSDB;PTB;PV;REPUBLICANOS,DEM;PMDB;PP;PPS;PR;PRB;PSB;PSD;PSDB;PTB;PV,CIDADANIA;DEM;MDB;PL;PP;PSB;PSD;PSDB;PTB;PV;REPUBLICANOS,,,,established,,,
2017-03-14,temer,temer-2016-10-26,temer-2017-03-07,primary_adjudicated,CIDADANIA;DEM;MDB;PL;PP;PSB;PSD;PSDB;PTB;PV;REPUBLICANOS,DEM;PMDB;PP;PPS;PR;PRB;PSB;PSD;PSDB;PTB;PV,CIDADANIA;DEM;MDB;PL;PP;PSB;PSD;PSDB;PTB;PV;REPUBLICANOS,,,,established,,,
2017-03-15,temer,temer-2016-10-26,temer-2017-03-07,primary_adjudicated,CIDADANIA;DEM;MDB;PL;PP;PSB;PSD;PSDB;PTB;PV;REPUBLICANOS,DEM;PMDB;PP;PPS;PR;PRB;PSB;PSD;PSDB;PTB;PV,CIDADANIA;DEM;MDB;PL;PP;PSB;PSD;PSDB;PTB;PV;REPUBLICANOS,,,,established,,,
2017-03-16,temer,temer-2016-10-26,temer-2017-03-07,primary_adjudicated,CIDADANIA;DEM;MDB;PL;PP;PSB;PSD;PSDB;PTB;PV;REPUBLICANOS,DEM;PMDB;PP;PPS;PR;PRB;PSB;PSD;PSDB;PTB;PV,CIDADANIA;DEM;MDB;PL;PP;PSB;PSD;PSDB;PTB;PV;REPUBLICANOS,,,,established,,,
2017-03-17,temer,temer-2016-10-26,temer-2017-03-07,primary_adjudicated,CIDADANIA;DEM;MDB;PL;PP;PSB;PSD;PSDB;PTB;PV;REPUBLICANOS,DEM;PMDB;PP;PPS;PR;PRB;PSB;PSD;PSDB;PTB;PV,CIDADANIA;DEM;MDB;PL;PP;PSB;PSD;PSDB;PTB;PV;REPUBLICANOS,,,,established,,,
2017-03-18,temer,temer-2016-10-26,temer-2017-03-07,primary_adjudicated,CIDADANIA;DEM;MDB;PL;PP;PSB;PSD;PSDB;PTB;PV;REPUBLICANOS,DEM;PMDB;PP;PPS;PR;PRB;PSB;PSD;PSDB;PTB;PV,CIDADANIA;DEM;MDB;PL;PP;PSB;PSD;PSDB;PTB;PV;REPUBLICANOS,,,,established,,,
2017-03-19,temer,temer-2016-10-26,temer-2017-03-07,primary_adjudicated,CIDADANIA;DEM;MDB;PL;PP;PSB;PSD;PSDB;PTB;PV;REPUBLICANOS,DEM;PMDB;PP;PPS;PR;PRB;PSB;PSD;PSDB;PTB;PV,CIDADANIA;DEM;MDB;PL;PP;PSB;PSD;PSDB;PTB;PV;REPUBLICANOS,,,,established,,,
2017-03-20,temer,temer-2016-10-26,temer-2017-03-07,primary_adjudicated,CIDADANIA;DEM;MDB;PL;PP;PSB;PSD;PSDB;PTB;PV;REPUBLICANOS,DEM;PMDB;PP;PPS;PR;PRB;PSB;PSD;PSDB;PTB;PV,CIDADANIA;DEM;MDB;PL;PP;PSB;PSD;PSDB;PTB;PV;REPUBLICANOS,,,,established,,,
2017-03-21,temer,temer-2016-10-26,temer-2017-03-07,primary_adjudicated,CIDADANIA;DEM;MDB;PL;PP;PSB;PSD;PSDB;PTB;PV;REPUBLICANOS,DEM;PMDB;PP;PPS;PR;PRB;PSB;PSD;PSDB;PTB;PV,CIDADANIA;DEM;MDB;PL;PP;PSB;PSD;PSDB;PTB;PV;REPUBLICANOS,,,,established,,,
2017-03-22,temer,temer-2016-10-26,temer-2017-03-07,primary_adjudicated,CIDADANIA;DEM;MDB;PL;PP;PSB;PSD;PSDB;PTB;PV;REPUBLICANOS,DEM;PMDB;PP;PPS;PR;PRB;PSB;PSD;PSDB;PTB;PV,CIDADANIA;DEM;MDB;PL;PP;PSB;PSD;PSDB;PTB;PV;REPUBLICANOS,,,,established,,,
2017-03-23,temer,temer-2016-10-26,temer-2017-03-07,primary_adjudicated,CIDADANIA;DEM;MDB;PL;PP;PSB;PSD;PSDB;PTB;PV;REPUBLICANOS,DEM;PMDB;PP;PPS;PR;PRB;PSB;PSD;PSDB;PTB;PV,CIDADANIA;DEM;MDB;PL;PP;PSB;PSD;PSDB;PTB;PV;REPUBLICANOS,,,,established,,,
2017-03-24,temer,temer-2016-10-26,temer-2017-03-07,primary_adjudicated,CIDADANIA;DEM;MDB;PL;PP;PSB;PSD;PSDB;PTB;PV;REPUBLICANOS,DEM;PMDB;PP;PPS;PR;PRB;PSB;PSD;PSDB;PTB;PV,CIDADANIA;DEM;MDB;PL;PP;PSB;PSD;PSDB;PTB;PV;REPUBLICANOS,,,,established,,,
2017-03-25,temer,temer-2016-10-26,temer-2017-03-07,primary_adjudicated,CIDADANIA;DEM;MDB;PL;PP;PSB;PSD;PSDB;PTB;PV;REPUBLICANOS,DEM;PMDB;PP;PPS;PR;PRB;PSB;PSD;PSDB;PTB;PV,CIDADANIA;DEM;MDB;PL;PP;PSB;PSD;PSDB;PTB;PV;REPUBLICANOS,,,,established,,,
2017-03-26,temer,temer-2016-10-26,temer-2017-03-07,primary_adjudicated,CIDADANIA;DEM;MDB;PL;PP;PSB;PSD;PSDB;PTB;PV;REPUBLICANOS,DEM;PMDB;PP;PPS;PR;PRB;PSB;PSD;PSDB;PTB;PV,CIDADANIA;DEM;MDB;PL;PP;PSB;PSD;PSDB;PTB;PV;REPUBLICANOS,,,,established,,,
2017-03-27,temer,temer-2016-10-26,temer-2017-03-07,primary_adjudicated,CIDADANIA;DEM;MDB;PL;PP;PSB;PSD;PSDB;PTB;PV;REPUBLICANOS,DEM;PMDB;PP;PPS;PR;PRB;PSB;PSD;PSDB;PTB;PV,CIDADANIA;DEM;MDB;PL;PP;PSB;PSD;PSDB;PTB;PV;REPUBLICANOS,,,,established,,,
2017-03-28,temer,temer-2016-10-26,temer-2017-03-07,primary_adjudicated,CIDADANIA;DEM;MDB;PL;PP;PSB;PSD;PSDB;PTB;PV;REPUBLICANOS,DEM;PMDB;PP;PPS;PR;PRB;PSB;PSD;PSDB;PTB;PV,CIDADANIA;DEM;MDB;PL;PP;PSB;PSD;PSDB;PTB;PV;REPUBLICANOS,,,,established,,,
2017-03-29,temer,temer-2016-10-26,temer-2017-03-07,primary_adjudicated,CIDADANIA;DEM;MDB;PL;PP;PSB;PSD;PSDB;PTB;PV;REPUBLICANOS,DEM;PMDB;PP;PPS;PR;PRB;PSB;PSD;PSDB;PTB;PV,CIDADANIA;DEM;MDB;PL;PP;PSB;PSD;PSDB;PTB;PV;REPUBLICANOS,,,,established,,,
2017-03-30,temer,temer-2016-10-26,temer-2017-03-07,primary_adjudicated,CIDADANIA;DEM;MDB;PL;PP;PSB;PSD;PSDB;PTB;PV;REPUBLICANOS,DEM;PMDB;PP;PPS;PR;PRB;PSB;PSD;PSDB;PTB;PV,CIDADANIA;DEM;MDB;PL;PP;PSB;PSD;PSDB;PTB;PV;REPUBLICANOS,,,,established,,,
2017-03-31,temer,temer-2016-10-26,temer-2017-03-07,primary_adjudicated,CIDADANIA;DEM;MDB;PL;PP;PSB;PSD;PSDB;PTB;PV;REPUBLICANOS,DEM;PMDB;PP;PPS;PR;PRB;PSB;PSD;PSDB;PTB;PV,CIDADANIA;DEM;MDB;PL;PP;PSB;PSD;PSDB;PTB;PV;REPUBLICANOS,,,,established,,,
2017-04-01,temer,temer-2016-10-26,temer-2017-03-07,primary_adjudicated,CIDADANIA;DEM;MDB;PL;PP;PSB;PSD;PSDB;PTB;PV;REPUBLICANOS,DEM;PMDB;PP;PPS;PR;PRB;PSB;PSD;PSDB;PTB;PV,CIDADANIA;DEM;MDB;PL;PP;PSB;PSD;PSDB;PTB;PV;REPUBLICANOS,,,,established,,,
2017-04-02,temer,temer-2016-10-26,temer-2017-03-07,primary_adjudicated,CIDADANIA;DEM;MDB;PL;PP;PSB;PSD;PSDB;PTB;PV;REPUBLICANOS,DEM;PMDB;PP;PPS;PR;PRB;PSB;PSD;PSDB;PTB;PV,CIDADANIA;DEM;MDB;PL;PP;PSB;PSD;PSDB;PTB;PV;REPUBLICANOS,,,,established,,,
2017-04-03,temer,temer-2016-10-26,temer-2017-03-07,primary_adjudicated,CIDADANIA;DEM;MDB;PL;PP;PSB;PSD;PSDB;PTB;PV;REPUBLICANOS,DEM;PMDB;PP;PPS;PR;PRB;PSB;PSD;PSDB;PTB;PV,CIDADANIA;DEM;MDB;PL;PP;PSB;PSD;PSDB;PTB;PV;REPUBLICANOS,,,,established,,,
2017-04-04,temer,temer-2016-10-26,temer-2017-03-07,primary_adjudicated,CIDADANIA;DEM;MDB;PL;PP;PSB;PSD;PSDB;PTB;PV;REPUBLICANOS,DEM;PMDB;PP;PPS;PR;PRB;PSB;PSD;PSDB;PTB;PV,CIDADANIA;DEM;MDB;PL;PP;PSB;PSD;PSDB;PTB;PV;REPUBLICANOS,,,,established,,,
2017-04-05,temer,temer-2016-10-26,temer-2017-03-07,primary_adjudicated,CIDADANIA;DEM;MDB;PL;PP;PSB;PSD;PSDB;PTB;PV;REPUBLICANOS,DEM;PMDB;PP;PPS;PR;PRB;PSB;PSD;PSDB;PTB;PV,CIDADANIA;DEM;MDB;PL;PP;PSB;PSD;PSDB;PTB;PV;REPUBLICANOS,,,,established,,,
2017-04-06,temer,temer-2016-10-26,temer-2017-03-07,primary_adjudicated,CIDADANIA;DEM;MDB;PL;PP;PSB;PSD;PSDB;PTB;PV;REPUBLICANOS,DEM;PMDB;PP;PPS;PR;PRB;PSB;PSD;PSDB;PTB;PV,CIDADANIA;DEM;MDB;PL;PP;PSB;PSD;PSDB;PTB;PV;REPUBLICANOS,,,,established,,,
2017-04-07,temer,temer-2016-10-26,temer-2017-03-07,primary_adjudicated,CIDADANIA;DEM;MDB;PL;PP;PSB;PSD;PSDB;PTB;PV;REPUBLICANOS,DEM;PMDB;PP;PPS;PR;PRB;PSB;PSD;PSDB;PTB;PV,CIDADANIA;DEM;MDB;PL;PP;PSB;PSD;PSDB;PTB;PV;REPUBLICANOS,,,,established,,,
2017-04-08,temer,temer-2016-10-26,temer-2017-03-07,primary_adjudicated,CIDADANIA;DEM;MDB;PL;PP;PSB;PSD;PSDB;PTB;PV;REPUBLICANOS,DEM;PMDB;PP;PPS;PR;PRB;PSB;PSD;PSDB;PTB;PV,CIDADANIA;DEM;MDB;PL;PP;PSB;PSD;PSDB;PTB;PV;REPUBLICANOS,,,,established,,,
2017-04-09,temer,temer-2016-10-26,temer-2017-03-07,primary_adjudicated,CIDADANIA;DEM;MDB;PL;PP;PSB;PSD;PSDB;PTB;PV;REPUBLICANOS,DEM;PMDB;PP;PPS;PR;PRB;PSB;PSD;PSDB;PTB;PV,CIDADANIA;DEM;MDB;PL;PP;PSB;PSD;PSDB;PTB;PV;REPUBLICANOS,,,,established,,,
2017-04-10,temer,temer-2016-10-26,temer-2017-03-07,primary_adjudicated,CIDADANIA;DEM;MDB;PL;PP;PSB;PSD;PSDB;PTB;PV;REPUBLICANOS,DEM;PMDB;PP;PPS;PR;PRB;PSB;PSD;PSDB;PTB;PV,CIDADANIA;DEM;MDB;PL;PP;PSB;PSD;PSDB;PTB;PV;REPUBLICANOS,,,,established,,,
2017-04-11,temer,temer-2016-10-26,temer-2017-03-07,primary_adjudicated,CIDADANIA;DEM;MDB;PL;PP;PSB;PSD;PSDB;PTB;PV;REPUBLICANOS,DEM;PMDB;PP;PPS;PR;PRB;PSB;PSD;PSDB;PTB;PV,CIDADANIA;DEM;MDB;PL;PP;PSB;PSD;PSDB;PTB;PV;REPUBLICANOS,,,,established,,,
2017-04-12,temer,temer-2016-10-26,temer-2017-03-07,primary_adjudicated,CIDADANIA;DEM;MDB;PL;PP;PSB;PSD;PSDB;PTB;PV;REPUBLICANOS,DEM;PMDB;PP;PPS;PR;PRB;PSB;PSD;PSDB;PTB;PV,CIDADANIA;DEM;MDB;PL;PP;PSB;PSD;PSDB;PTB;PV;REPUBLICANOS,,,,established,,,
2017-04-13,temer,temer-2016-10-26,temer-2017-03-07,primary_adjudicated,CIDADANIA;DEM;MDB;PL;PP;PSB;PSD;PSDB;PTB;PV;REPUBLICANOS,DEM;PMDB;PP;PPS;PR;PRB;PSB;PSD;PSDB;PTB;PV,CIDADANIA;DEM;MDB;PL;PP;PSB;PSD;PSDB;PTB;PV;REPUBLICANOS,,,,established,,,
2017-04-14,temer,temer-2016-10-26,temer-2017-03-07,primary_adjudicated,CIDADANIA;DEM;MDB;PL;PP;PSB;PSD;PSDB;PTB;PV;REPUBLICANOS,DEM;PMDB;PP;PPS;PR;PRB;PSB;PSD;PSDB;PTB;PV,CIDADANIA;DEM;MDB;PL;PP;PSB;PSD;PSDB;PTB;PV;REPUBLICANOS,,,,established,,,
2017-04-15,temer,temer-2016-10-26,temer-2017-03-07,primary_adjudicated,CIDADANIA;DEM;MDB;PL;PP;PSB;PSD;PSDB;PTB;PV;REPUBLICANOS,DEM;PMDB;PP;PPS;PR;PRB;PSB;PSD;PSDB;PTB;PV,CIDADANIA;DEM;MDB;PL;PP;PSB;PSD;PSDB;PTB;PV;REPUBLICANOS,,,,established,,,
2017-04-16,temer,temer-2016-10-26,temer-2017-03-07,primary_adjudicated,CIDADANIA;DEM;MDB;PL;PP;PSB;PSD;PSDB;PTB;PV;REPUBLICANOS,DEM;PMDB;PP;PPS;PR;PRB;PSB;PSD;PSDB;PTB;PV,CIDADANIA;DEM;MDB;PL;PP;PSB;PSD;PSDB;PTB;PV;REPUBLICANOS,,,,established,,,
2017-04-17,temer,temer-2016-10-26,temer-2017-03-07,primary_adjudicated,CIDADANIA;DEM;MDB;PL;PP;PSB;PSD;PSDB;PTB;PV;REPUBLICANOS,DEM;PMDB;PP;PPS;PR;PRB;PSB;PSD;PSDB;PTB;PV,CIDADANIA;DEM;MDB;PL;PP;PSB;PSD;PSDB;PTB;PV;REPUBLICANOS,,,,established,,,
2017-04-18,temer,temer-2016-10-26,temer-2017-03-07,primary_adjudicated,CIDADANIA;DEM;MDB;PL;PP;PSB;PSD;PSDB;PTB;PV;REPUBLICANOS,DEM;PMDB;PP;PPS;PR;PRB;PSB;PSD;PSDB;PTB;PV,CIDADANIA;DEM;MDB;PL;PP;PSB;PSD;PSDB;PTB;PV;REPUBLICANOS,,,,established,,,
2017-04-19,temer,temer-2016-10-26,temer-2017-03-07,primary_adjudicated,CIDADANIA;DEM;MDB;PL;PP;PSB;PSD;PSDB;PTB;PV;REPUBLICANOS,DEM;PMDB;PP;PPS;PR;PRB;PSB;PSD;PSDB;PTB;PV,CIDADANIA;DEM;MDB;PL;PP;PSB;PSD;PSDB;PTB;PV;REPUBLICANOS,,,,established,,,
2017-04-20,temer,temer-2016-10-26,temer-2017-03-07,primary_adjudicated,CIDADANIA;DEM;MDB;PL;PP;PSB;PSD;PSDB;PTB;PV;REPUBLICANOS,DEM;PMDB;PP;PPS;PR;PRB;PSB;PSD;PSDB;PTB;PV,CIDADANIA;DEM;MDB;PL;PP;PSB;PSD;PSDB;PTB;PV;REPUBLICANOS,,,,established,,,
2017-04-21,temer,temer-2016-10-26,temer-2017-03-07,primary_adjudicated,CIDADANIA;DEM;MDB;PL;PP;PSB;PSD;PSDB;PTB;PV;REPUBLICANOS,DEM;PMDB;PP;PPS;PR;PRB;PSB;PSD;PSDB;PTB;PV,CIDADANIA;DEM;MDB;PL;PP;PSB;PSD;PSDB;PTB;PV;REPUBLICANOS,,,,established,,,
2017-04-22,temer,temer-2016-10-26,temer-2017-03-07,primary_adjudicated,CIDADANIA;DEM;MDB;PL;PP;PSB;PSD;PSDB;PTB;PV;REPUBLICANOS,DEM;PMDB;PP;PPS;PR;PRB;PSB;PSD;PSDB;PTB;PV,CIDADANIA;DEM;MDB;PL;PP;PSB;PSD;PSDB;PTB;PV;REPUBLICANOS,,,,established,,,
2017-04-23,temer,temer-2016-10-26,temer-2017-03-07,primary_adjudicated,CIDADANIA;DEM;MDB;PL;PP;PSB;PSD;PSDB;PTB;PV;REPUBLICANOS,DEM;PMDB;PP;PPS;PR;PRB;PSB;PSD;PSDB;PTB;PV,CIDADANIA;DEM;MDB;PL;PP;PSB;PSD;PSDB;PTB;PV;REPUBLICANOS,,,,established,,,
2017-04-24,temer,temer-2016-10-26,temer-2017-03-07,primary_adjudicated,CIDADANIA;DEM;MDB;PL;PP;PSB;PSD;PSDB;PTB;PV;REPUBLICANOS,DEM;PMDB;PP;PPS;PR;PRB;PSB;PSD;PSDB;PTB;PV,CIDADANIA;DEM;MDB;PL;PP;PSB;PSD;PSDB;PTB;PV;REPUBLICANOS,,,,established,,,
2017-04-25,temer,temer-2016-10-26,temer-2017-03-07,primary_adjudicated,CIDADANIA;DEM;MDB;PL;PP;PSB;PSD;PSDB;PTB;PV;REPUBLICANOS,DEM;PMDB;PP;PPS;PR;PRB;PSB;PSD;PSDB;PTB;PV,CIDADANIA;DEM;MDB;PL;PP;PSB;PSD;PSDB;PTB;PV;REPUBLICANOS,,,,established,,,
2017-04-26,temer,temer-2017-04-26,temer-2017-04-26,primary_adjudicated,CIDADANIA;DEM;MDB;PL;PP;PSD;PSDB;PTB;PV;REPUBLICANOS,DEM;PMDB;PP;PPS;PR;PRB;PSD;PSDB;PTB;PV,CIDADANIA;DEM;MDB;PL;PP;PSD;PSDB;PTB;PV;REPUBLICANOS,PSDB,,person-paulo-pedrosa,established,,,
2017-04-27,temer,temer-2017-04-27,temer-2017-04-27,primary_adjudicated,CIDADANIA;DEM;MDB;PL;PP;PSB;PSD;PSDB;PTB;PV;REPUBLICANOS,DEM;PMDB;PP;PPS;PR;PRB;PSB;PSD;PSDB;PTB;PV,CIDADANIA;DEM;MDB;PL;PP;PSB;PSD;PSDB;PTB;PV;REPUBLICANOS,,,,established,,,
2017-04-28,temer,temer-2017-04-27,temer-2017-04-27,primary_adjudicated,CIDADANIA;DEM;MDB;PL;PP;PSB;PSD;PSDB;PTB;PV;REPUBLICANOS,DEM;PMDB;PP;PPS;PR;PRB;PSB;PSD;PSDB;PTB;PV,CIDADANIA;DEM;MDB;PL;PP;PSB;PSD;PSDB;PTB;PV;REPUBLICANOS,,,,established,,,
2017-04-29,temer,temer-2017-04-27,temer-2017-04-27,primary_adjudicated,CIDADANIA;DEM;MDB;PL;PP;PSB;PSD;PSDB;PTB;PV;REPUBLICANOS,DEM;PMDB;PP;PPS;PR;PRB;PSB;PSD;PSDB;PTB;PV,CIDADANIA;DEM;MDB;PL;PP;PSB;PSD;PSDB;PTB;PV;REPUBLICANOS,,,,established,,,
2017-04-30,temer,temer-2017-04-27,temer-2017-04-27,primary_adjudicated,CIDADANIA;DEM;MDB;PL;PP;PSB;PSD;PSDB;PTB;PV;REPUBLICANOS,DEM;PMDB;PP;PPS;PR;PRB;PSB;PSD;PSDB;PTB;PV,CIDADANIA;DEM;MDB;PL;PP;PSB;PSD;PSDB;PTB;PV;REPUBLICANOS,,,,established,,,
2017-05-01,temer,temer-2017-04-27,temer-2017-04-27,primary_adjudicated,CIDADANIA;DEM;MDB;PL;PP;PSB;PSD;PSDB;PTB;PV;REPUBLICANOS,DEM;PMDB;PP;PPS;PR;PRB;PSB;PSD;PSDB;PTB;PV,CIDADANIA;DEM;MDB;PL;PP;PSB;PSD;PSDB;PTB;PV;REPUBLICANOS,,,,established,,,
2017-05-02,temer,temer-2017-04-27,temer-2017-04-27,primary_adjudicated,CIDADANIA;DEM;MDB;PL;PP;PSB;PSD;PSDB;PTB;PV;REPUBLICANOS,DEM;PMDB;PP;PPS;PR;PRB;PSB;PSD;PSDB;PTB;PV,CIDADANIA;DEM;MDB;PL;PP;PSB;PSD;PSDB;PTB;PV;REPUBLICANOS,,,,established,,,
2017-05-03,temer,temer-2017-04-27,temer-2017-04-27,primary_adjudicated,CIDADANIA;DEM;MDB;PL;PP;PSB;PSD;PSDB;PTB;PV;REPUBLICANOS,DEM;PMDB;PP;PPS;PR;PRB;PSB;PSD;PSDB;PTB;PV,CIDADANIA;DEM;MDB;PL;PP;PSB;PSD;PSDB;PTB;PV;REPUBLICANOS,,,,established,,,
2017-05-04,temer,temer-2017-04-27,temer-2017-04-27,primary_adjudicated,CIDADANIA;DEM;MDB;PL;PP;PSB;PSD;PSDB;PTB;PV;REPUBLICANOS,DEM;PMDB;PP;PPS;PR;PRB;PSB;PSD;PSDB;PTB;PV,CIDADANIA;DEM;MDB;PL;PP;PSB;PSD;PSDB;PTB;PV;REPUBLICANOS,,,,established,,,
2017-05-05,temer,temer-2017-04-27,temer-2017-04-27,primary_adjudicated,CIDADANIA;DEM;MDB;PL;PP;PSB;PSD;PSDB;PTB;PV;REPUBLICANOS,DEM;PMDB;PP;PPS;PR;PRB;PSB;PSD;PSDB;PTB;PV,CIDADANIA;DEM;MDB;PL;PP;PSB;PSD;PSDB;PTB;PV;REPUBLICANOS,,,,established,,,
2017-05-06,temer,temer-2017-04-27,temer-2017-04-27,primary_adjudicated,CIDADANIA;DEM;MDB;PL;PP;PSB;PSD;PSDB;PTB;PV;REPUBLICANOS,DEM;PMDB;PP;PPS;PR;PRB;PSB;PSD;PSDB;PTB;PV,CIDADANIA;DEM;MDB;PL;PP;PSB;PSD;PSDB;PTB;PV;REPUBLICANOS,,,,established,,,
2017-05-07,temer,temer-2017-04-27,temer-2017-04-27,primary_adjudicated,CIDADANIA;DEM;MDB;PL;PP;PSB;PSD;PSDB;PTB;PV;REPUBLICANOS,DEM;PMDB;PP;PPS;PR;PRB;PSB;PSD;PSDB;PTB;PV,CIDADANIA;DEM;MDB;PL;PP;PSB;PSD;PSDB;PTB;PV;REPUBLICANOS,,,,established,,,
2017-05-08,temer,temer-2017-04-27,temer-2017-04-27,primary_adjudicated,CIDADANIA;DEM;MDB;PL;PP;PSB;PSD;PSDB;PTB;PV;REPUBLICANOS,DEM;PMDB;PP;PPS;PR;PRB;PSB;PSD;PSDB;PTB;PV,CIDADANIA;DEM;MDB;PL;PP;PSB;PSD;PSDB;PTB;PV;REPUBLICANOS,,,,established,,,
2017-05-09,temer,temer-2017-04-27,temer-2017-04-27,primary_adjudicated,CIDADANIA;DEM;MDB;PL;PP;PSB;PSD;PSDB;PTB;PV;REPUBLICANOS,DEM;PMDB;PP;PPS;PR;PRB;PSB;PSD;PSDB;PTB;PV,CIDADANIA;DEM;MDB;PL;PP;PSB;PSD;PSDB;PTB;PV;REPUBLICANOS,,,,established,,,
2017-05-10,temer,temer-2017-04-27,temer-2017-04-27,primary_adjudicated,CIDADANIA;DEM;MDB;PL;PP;PSB;PSD;PSDB;PTB;PV;REPUBLICANOS,DEM;PMDB;PP;PPS;PR;PRB;PSB;PSD;PSDB;PTB;PV,CIDADANIA;DEM;MDB;PL;PP;PSB;PSD;PSDB;PTB;PV;REPUBLICANOS,,,,established,,,
2017-05-11,temer,temer-2017-04-27,temer-2017-04-27,primary_adjudicated,CIDADANIA;DEM;MDB;PL;PP;PSB;PSD;PSDB;PTB;PV;REPUBLICANOS,DEM;PMDB;PP;PPS;PR;PRB;PSB;PSD;PSDB;PTB;PV,CIDADANIA;DEM;MDB;PL;PP;PSB;PSD;PSDB;PTB;PV;REPUBLICANOS,,,,established,,,
2017-05-12,temer,temer-2017-04-27,temer-2017-04-27,primary_adjudicated,CIDADANIA;DEM;MDB;PL;PP;PSB;PSD;PSDB;PTB;PV;REPUBLICANOS,DEM;PMDB;PP;PPS;PR;PRB;PSB;PSD;PSDB;PTB;PV,CIDADANIA;DEM;MDB;PL;PP;PSB;PSD;PSDB;PTB;PV;REPUBLICANOS,,,,established,,,
2017-05-13,temer,temer-2017-04-27,temer-2017-04-27,primary_adjudicated,CIDADANIA;DEM;MDB;PL;PP;PSB;PSD;PSDB;PTB;PV;REPUBLICANOS,DEM;PMDB;PP;PPS;PR;PRB;PSB;PSD;PSDB;PTB;PV,CIDADANIA;DEM;MDB;PL;PP;PSB;PSD;PSDB;PTB;PV;REPUBLICANOS,,,,established,,,
2017-05-14,temer,temer-2017-04-27,temer-2017-04-27,primary_adjudicated,CIDADANIA;DEM;MDB;PL;PP;PSB;PSD;PSDB;PTB;PV;REPUBLICANOS,DEM;PMDB;PP;PPS;PR;PRB;PSB;PSD;PSDB;PTB;PV,CIDADANIA;DEM;MDB;PL;PP;PSB;PSD;PSDB;PTB;PV;REPUBLICANOS,,,,established,,,
2017-05-15,temer,temer-2017-04-27,temer-2017-04-27,primary_adjudicated,CIDADANIA;DEM;MDB;PL;PP;PSB;PSD;PSDB;PTB;PV;REPUBLICANOS,DEM;PMDB;PP;PPS;PR;PRB;PSB;PSD;PSDB;PTB;PV,CIDADANIA;DEM;MDB;PL;PP;PSB;PSD;PSDB;PTB;PV;REPUBLICANOS,,,,established,,,
2017-05-16,temer,temer-2017-04-27,temer-2017-05-16,primary_adjudicated,CIDADANIA;DEM;MDB;PL;PP;PSB;PSD;PSDB;PTB;PV;REPUBLICANOS,DEM;PMDB;PP;PPS;PR;PRB;PSB;PSD;PSDB;PTB;PV,CIDADANIA;DEM;MDB;PL;PP;PSB;PSD;PSDB;PTB;PV;REPUBLICANOS,,,,established,,,
2017-05-17,temer,temer-2017-04-27,temer-2017-05-16,primary_adjudicated,CIDADANIA;DEM;MDB;PL;PP;PSB;PSD;PSDB;PTB;PV;REPUBLICANOS,DEM;PMDB;PP;PPS;PR;PRB;PSB;PSD;PSDB;PTB;PV,CIDADANIA;DEM;MDB;PL;PP;PSB;PSD;PSDB;PTB;PV;REPUBLICANOS,,,,established,,,
2017-05-18,temer,temer-2017-04-27,temer-2017-05-16,primary_adjudicated,CIDADANIA;DEM;MDB;PL;PP;PSB;PSD;PSDB;PTB;PV;REPUBLICANOS,DEM;PMDB;PP;PPS;PR;PRB;PSB;PSD;PSDB;PTB;PV,CIDADANIA;DEM;MDB;PL;PP;PSB;PSD;PSDB;PTB;PV;REPUBLICANOS,,,,established,,,
2017-05-19,temer,temer-2017-04-27,temer-2017-05-16,primary_adjudicated,CIDADANIA;DEM;MDB;PL;PP;PSB;PSD;PSDB;PTB;PV;REPUBLICANOS,DEM;PMDB;PP;PPS;PR;PRB;PSB;PSD;PSDB;PTB;PV,CIDADANIA;DEM;MDB;PL;PP;PSB;PSD;PSDB;PTB;PV;REPUBLICANOS,,,,established,,,
2017-05-20,temer,temer-2017-04-27,temer-2017-05-16,primary_adjudicated,CIDADANIA;DEM;MDB;PL;PP;PSB;PSD;PSDB;PTB;PV;REPUBLICANOS,DEM;PMDB;PP;PPS;PR;PRB;PSB;PSD;PSDB;PTB;PV,CIDADANIA;DEM;MDB;PL;PP;PSB;PSD;PSDB;PTB;PV;REPUBLICANOS,,,,established,,,
2017-05-21,temer,temer-2017-04-27,temer-2017-05-16,primary_adjudicated,CIDADANIA;DEM;MDB;PL;PP;PSB;PSD;PSDB;PTB;PV;REPUBLICANOS,DEM;PMDB;PP;PPS;PR;PRB;PSB;PSD;PSDB;PTB;PV,CIDADANIA;DEM;MDB;PL;PP;PSB;PSD;PSDB;PTB;PV;REPUBLICANOS,,,,established,,,
2017-05-22,temer,temer-2017-04-27,temer-2017-05-22,primary_adjudicated,CIDADANIA;DEM;MDB;PL;PP;PSB;PSD;PSDB;PTB;PV;REPUBLICANOS,DEM;PMDB;PP;PPS;PR;PRB;PSB;PSD;PSDB;PTB;PV,CIDADANIA;DEM;MDB;PL;PP;PSB;PSD;PSDB;PTB;PV;REPUBLICANOS,,,,established,,,
2017-05-23,temer,temer-2017-04-27,temer-2017-05-22,primary_adjudicated,CIDADANIA;DEM;MDB;PL;PP;PSB;PSD;PSDB;PTB;PV;REPUBLICANOS,DEM;PMDB;PP;PPS;PR;PRB;PSB;PSD;PSDB;PTB;PV,CIDADANIA;DEM;MDB;PL;PP;PSB;PSD;PSDB;PTB;PV;REPUBLICANOS,,,,established,,,
2017-05-24,temer,temer-2017-04-27,temer-2017-05-22,primary_adjudicated,CIDADANIA;DEM;MDB;PL;PP;PSB;PSD;PSDB;PTB;PV;REPUBLICANOS,DEM;PMDB;PP;PPS;PR;PRB;PSB;PSD;PSDB;PTB;PV,CIDADANIA;DEM;MDB;PL;PP;PSB;PSD;PSDB;PTB;PV;REPUBLICANOS,,,,established,,,
2017-05-25,temer,temer-2017-04-27,temer-2017-05-22,primary_adjudicated,CIDADANIA;DEM;MDB;PL;PP;PSB;PSD;PSDB;PTB;PV;REPUBLICANOS,DEM;PMDB;PP;PPS;PR;PRB;PSB;PSD;PSDB;PTB;PV,CIDADANIA;DEM;MDB;PL;PP;PSB;PSD;PSDB;PTB;PV;REPUBLICANOS,,,,established,,,
2017-05-26,temer,temer-2017-04-27,temer-2017-05-22,primary_adjudicated,CIDADANIA;DEM;MDB;PL;PP;PSB;PSD;PSDB;PTB;PV;REPUBLICANOS,DEM;PMDB;PP;PPS;PR;PRB;PSB;PSD;PSDB;PTB;PV,CIDADANIA;DEM;MDB;PL;PP;PSB;PSD;PSDB;PTB;PV;REPUBLICANOS,,,,established,,,
2017-05-27,temer,temer-2017-04-27,temer-2017-05-22,primary_adjudicated,CIDADANIA;DEM;MDB;PL;PP;PSB;PSD;PSDB;PTB;PV;REPUBLICANOS,DEM;PMDB;PP;PPS;PR;PRB;PSB;PSD;PSDB;PTB;PV,CIDADANIA;DEM;MDB;PL;PP;PSB;PSD;PSDB;PTB;PV;REPUBLICANOS,,,,established,,,
2017-05-28,temer,temer-2017-04-27,temer-2017-05-22,primary_adjudicated,CIDADANIA;DEM;MDB;PL;PP;PSB;PSD;PSDB;PTB;PV;REPUBLICANOS,DEM;PMDB;PP;PPS;PR;PRB;PSB;PSD;PSDB;PTB;PV,CIDADANIA;DEM;MDB;PL;PP;PSB;PSD;PSDB;PTB;PV;REPUBLICANOS,,,,established,,,
2017-05-29,temer,temer-2017-04-27,temer-2017-05-22,primary_adjudicated,CIDADANIA;DEM;MDB;PL;PP;PSB;PSD;PSDB;PTB;PV;REPUBLICANOS,DEM;PMDB;PP;PPS;PR;PRB;PSB;PSD;PSDB;PTB;PV,CIDADANIA;DEM;MDB;PL;PP;PSB;PSD;PSDB;PTB;PV;REPUBLICANOS,,,,established,,,
2017-05-30,temer,temer-2017-04-27,temer-2017-05-22,primary_adjudicated,CIDADANIA;DEM;MDB;PL;PP;PSB;PSD;PSDB;PTB;PV;REPUBLICANOS,DEM;PMDB;PP;PPS;PR;PRB;PSB;PSD;PSDB;PTB;PV,CIDADANIA;DEM;MDB;PL;PP;PSB;PSD;PSDB;PTB;PV;REPUBLICANOS,,,,established,,,
2017-05-31,temer,temer-2017-04-27,temer-2017-05-31,primary_adjudicated,CIDADANIA;DEM;MDB;PL;PP;PSB;PSD;PSDB;PTB;PV;REPUBLICANOS,DEM;PMDB;PP;PPS;PR;PRB;PSB;PSD;PSDB;PTB;PV,CIDADANIA;DEM;MDB;PL;PP;PSB;PSD;PSDB;PTB;PV;REPUBLICANOS,,,,established,,,
2017-06-01,temer,temer-2017-04-27,temer-2017-05-31,primary_adjudicated,CIDADANIA;DEM;MDB;PL;PP;PSB;PSD;PSDB;PTB;PV;REPUBLICANOS,DEM;PMDB;PP;PPS;PR;PRB;PSB;PSD;PSDB;PTB;PV,CIDADANIA;DEM;MDB;PL;PP;PSB;PSD;PSDB;PTB;PV;REPUBLICANOS,,,,established,,,
2017-06-02,temer,temer-2017-04-27,temer-2017-05-31,primary_adjudicated,CIDADANIA;DEM;MDB;PL;PP;PSB;PSD;PSDB;PTB;PV;REPUBLICANOS,DEM;PMDB;PP;PPS;PR;PRB;PSB;PSD;PSDB;PTB;PV,CIDADANIA;DEM;MDB;PL;PP;PSB;PSD;PSDB;PTB;PV;REPUBLICANOS,,,,established,,,
2017-06-03,temer,temer-2017-04-27,temer-2017-05-31,primary_adjudicated,CIDADANIA;DEM;MDB;PL;PP;PSB;PSD;PSDB;PTB;PV;REPUBLICANOS,DEM;PMDB;PP;PPS;PR;PRB;PSB;PSD;PSDB;PTB;PV,CIDADANIA;DEM;MDB;PL;PP;PSB;PSD;PSDB;PTB;PV;REPUBLICANOS,,,,established,,,
2017-06-04,temer,temer-2017-04-27,temer-2017-05-31,primary_adjudicated,CIDADANIA;DEM;MDB;PL;PP;PSB;PSD;PSDB;PTB;PV;REPUBLICANOS,DEM;PMDB;PP;PPS;PR;PRB;PSB;PSD;PSDB;PTB;PV,CIDADANIA;DEM;MDB;PL;PP;PSB;PSD;PSDB;PTB;PV;REPUBLICANOS,,,,established,,,
2017-06-05,temer,temer-2017-04-27,temer-2017-05-31,primary_adjudicated,CIDADANIA;DEM;MDB;PL;PP;PSB;PSD;PSDB;PTB;PV;REPUBLICANOS,DEM;PMDB;PP;PPS;PR;PRB;PSB;PSD;PSDB;PTB;PV,CIDADANIA;DEM;MDB;PL;PP;PSB;PSD;PSDB;PTB;PV;REPUBLICANOS,,,,established,,,
2017-06-06,temer,temer-2017-04-27,temer-2017-05-31,primary_adjudicated,CIDADANIA;DEM;MDB;PL;PP;PSB;PSD;PSDB;PTB;PV;REPUBLICANOS,DEM;PMDB;PP;PPS;PR;PRB;PSB;PSD;PSDB;PTB;PV,CIDADANIA;DEM;MDB;PL;PP;PSB;PSD;PSDB;PTB;PV;REPUBLICANOS,,,,established,,,
2017-06-07,temer,temer-2017-04-27,temer-2017-05-31,primary_adjudicated,CIDADANIA;DEM;MDB;PL;PP;PSB;PSD;PSDB;PTB;PV;REPUBLICANOS,DEM;PMDB;PP;PPS;PR;PRB;PSB;PSD;PSDB;PTB;PV,CIDADANIA;DEM;MDB;PL;PP;PSB;PSD;PSDB;PTB;PV;REPUBLICANOS,,,,established,,,
2017-06-08,temer,temer-2017-04-27,temer-2017-05-31,primary_adjudicated,CIDADANIA;DEM;MDB;PL;PP;PSB;PSD;PSDB;PTB;PV;REPUBLICANOS,DEM;PMDB;PP;PPS;PR;PRB;PSB;PSD;PSDB;PTB;PV,CIDADANIA;DEM;MDB;PL;PP;PSB;PSD;PSDB;PTB;PV;REPUBLICANOS,,,,established,,,
2017-06-09,temer,temer-2017-04-27,temer-2017-05-31,primary_adjudicated,CIDADANIA;DEM;MDB;PL;PP;PSB;PSD;PSDB;PTB;PV;REPUBLICANOS,DEM;PMDB;PP;PPS;PR;PRB;PSB;PSD;PSDB;PTB;PV,CIDADANIA;DEM;MDB;PL;PP;PSB;PSD;PSDB;PTB;PV;REPUBLICANOS,,,,established,,,
2017-06-10,temer,temer-2017-04-27,temer-2017-05-31,primary_adjudicated,CIDADANIA;DEM;MDB;PL;PP;PSB;PSD;PSDB;PTB;PV;REPUBLICANOS,DEM;PMDB;PP;PPS;PR;PRB;PSB;PSD;PSDB;PTB;PV,CIDADANIA;DEM;MDB;PL;PP;PSB;PSD;PSDB;PTB;PV;REPUBLICANOS,,,,established,,,
2017-06-11,temer,temer-2017-04-27,temer-2017-05-31,primary_adjudicated,CIDADANIA;DEM;MDB;PL;PP;PSB;PSD;PSDB;PTB;PV;REPUBLICANOS,DEM;PMDB;PP;PPS;PR;PRB;PSB;PSD;PSDB;PTB;PV,CIDADANIA;DEM;MDB;PL;PP;PSB;PSD;PSDB;PTB;PV;REPUBLICANOS,,,,established,,,
2017-06-12,temer,temer-2017-04-27,temer-2017-05-31,primary_adjudicated,CIDADANIA;DEM;MDB;PL;PP;PSB;PSD;PSDB;PTB;PV;REPUBLICANOS,DEM;PMDB;PP;PPS;PR;PRB;PSB;PSD;PSDB;PTB;PV,CIDADANIA;DEM;MDB;PL;PP;PSB;PSD;PSDB;PTB;PV;REPUBLICANOS,,,,established,,,
2017-06-13,temer,temer-2017-04-27,temer-2017-05-31,primary_adjudicated,CIDADANIA;DEM;MDB;PL;PP;PSB;PSD;PSDB;PTB;PV;REPUBLICANOS,DEM;PMDB;PP;PPS;PR;PRB;PSB;PSD;PSDB;PTB;PV,CIDADANIA;DEM;MDB;PL;PP;PSB;PSD;PSDB;PTB;PV;REPUBLICANOS,,,,established,,,
2017-06-14,temer,temer-2017-04-27,temer-2017-05-31,primary_adjudicated,CIDADANIA;DEM;MDB;PL;PP;PSB;PSD;PSDB;PTB;PV;REPUBLICANOS,DEM;PMDB;PP;PPS;PR;PRB;PSB;PSD;PSDB;PTB;PV,CIDADANIA;DEM;MDB;PL;PP;PSB;PSD;PSDB;PTB;PV;REPUBLICANOS,,,,established,,,
2017-06-15,temer,temer-2017-04-27,temer-2017-05-31,primary_adjudicated,CIDADANIA;DEM;MDB;PL;PP;PSB;PSD;PSDB;PTB;PV;REPUBLICANOS,DEM;PMDB;PP;PPS;PR;PRB;PSB;PSD;PSDB;PTB;PV,CIDADANIA;DEM;MDB;PL;PP;PSB;PSD;PSDB;PTB;PV;REPUBLICANOS,,,,established,,,
2017-06-16,temer,temer-2017-04-27,temer-2017-05-31,primary_adjudicated,CIDADANIA;DEM;MDB;PL;PP;PSB;PSD;PSDB;PTB;PV;REPUBLICANOS,DEM;PMDB;PP;PPS;PR;PRB;PSB;PSD;PSDB;PTB;PV,CIDADANIA;DEM;MDB;PL;PP;PSB;PSD;PSDB;PTB;PV;REPUBLICANOS,,,,established,,,
2017-06-17,temer,temer-2017-04-27,temer-2017-05-31,primary_adjudicated,CIDADANIA;DEM;MDB;PL;PP;PSB;PSD;PSDB;PTB;PV;REPUBLICANOS,DEM;PMDB;PP;PPS;PR;PRB;PSB;PSD;PSDB;PTB;PV,CIDADANIA;DEM;MDB;PL;PP;PSB;PSD;PSDB;PTB;PV;REPUBLICANOS,,,,established,,,
2017-06-18,temer,temer-2017-04-27,temer-2017-05-31,primary_adjudicated,CIDADANIA;DEM;MDB;PL;PP;PSB;PSD;PSDB;PTB;PV;REPUBLICANOS,DEM;PMDB;PP;PPS;PR;PRB;PSB;PSD;PSDB;PTB;PV,CIDADANIA;DEM;MDB;PL;PP;PSB;PSD;PSDB;PTB;PV;REPUBLICANOS,,,,established,,,
2017-06-19,temer,temer-2017-04-27,temer-2017-05-31,primary_adjudicated,CIDADANIA;DEM;MDB;PL;PP;PSB;PSD;PSDB;PTB;PV;REPUBLICANOS,DEM;PMDB;PP;PPS;PR;PRB;PSB;PSD;PSDB;PTB;PV,CIDADANIA;DEM;MDB;PL;PP;PSB;PSD;PSDB;PTB;PV;REPUBLICANOS,,,,established,,,
2017-06-20,temer,temer-2017-04-27,temer-2017-05-31,primary_adjudicated,CIDADANIA;DEM;MDB;PL;PP;PSB;PSD;PSDB;PTB;PV;REPUBLICANOS,DEM;PMDB;PP;PPS;PR;PRB;PSB;PSD;PSDB;PTB;PV,CIDADANIA;DEM;MDB;PL;PP;PSB;PSD;PSDB;PTB;PV;REPUBLICANOS,,,,established,,,
2017-06-21,temer,temer-2017-04-27,temer-2017-05-31,primary_adjudicated,CIDADANIA;DEM;MDB;PL;PP;PSB;PSD;PSDB;PTB;PV;REPUBLICANOS,DEM;PMDB;PP;PPS;PR;PRB;PSB;PSD;PSDB;PTB;PV,CIDADANIA;DEM;MDB;PL;PP;PSB;PSD;PSDB;PTB;PV;REPUBLICANOS,,,,established,,,
2017-06-22,temer,temer-2017-04-27,temer-2017-05-31,primary_adjudicated,CIDADANIA;DEM;MDB;PL;PP;PSB;PSD;PSDB;PTB;PV;REPUBLICANOS,DEM;PMDB;PP;PPS;PR;PRB;PSB;PSD;PSDB;PTB;PV,CIDADANIA;DEM;MDB;PL;PP;PSB;PSD;PSDB;PTB;PV;REPUBLICANOS,,,,established,,,
2017-06-23,temer,temer-2017-04-27,temer-2017-05-31,primary_adjudicated,CIDADANIA;DEM;MDB;PL;PP;PSB;PSD;PSDB;PTB;PV;REPUBLICANOS,DEM;PMDB;PP;PPS;PR;PRB;PSB;PSD;PSDB;PTB;PV,CIDADANIA;DEM;MDB;PL;PP;PSB;PSD;PSDB;PTB;PV;REPUBLICANOS,,,,established,,,
2017-06-24,temer,temer-2017-04-27,temer-2017-05-31,primary_adjudicated,CIDADANIA;DEM;MDB;PL;PP;PSB;PSD;PSDB;PTB;PV;REPUBLICANOS,DEM;PMDB;PP;PPS;PR;PRB;PSB;PSD;PSDB;PTB;PV,CIDADANIA;DEM;MDB;PL;PP;PSB;PSD;PSDB;PTB;PV;REPUBLICANOS,,,,established,,,
2017-06-25,temer,temer-2017-04-27,temer-2017-05-31,primary_adjudicated,CIDADANIA;DEM;MDB;PL;PP;PSB;PSD;PSDB;PTB;PV;REPUBLICANOS,DEM;PMDB;PP;PPS;PR;PRB;PSB;PSD;PSDB;PTB;PV,CIDADANIA;DEM;MDB;PL;PP;PSB;PSD;PSDB;PTB;PV;REPUBLICANOS,,,,established,,,
2017-06-26,temer,temer-2017-04-27,temer-2017-05-31,primary_adjudicated,CIDADANIA;DEM;MDB;PL;PP;PSB;PSD;PSDB;PTB;PV;REPUBLICANOS,DEM;PMDB;PP;PPS;PR;PRB;PSB;PSD;PSDB;PTB;PV,CIDADANIA;DEM;MDB;PL;PP;PSB;PSD;PSDB;PTB;PV;REPUBLICANOS,,,,established,,,
2017-06-27,temer,temer-2017-04-27,temer-2017-05-31,primary_adjudicated,CIDADANIA;DEM;MDB;PL;PP;PSB;PSD;PSDB;PTB;PV;REPUBLICANOS,DEM;PMDB;PP;PPS;PR;PRB;PSB;PSD;PSDB;PTB;PV,CIDADANIA;DEM;MDB;PL;PP;PSB;PSD;PSDB;PTB;PV;REPUBLICANOS,,,,established,,,
2017-06-28,temer,temer-2017-04-27,temer-2017-05-31,primary_adjudicated,CIDADANIA;DEM;MDB;PL;PP;PSB;PSD;PSDB;PTB;PV;REPUBLICANOS,DEM;PMDB;PP;PPS;PR;PRB;PSB;PSD;PSDB;PTB;PV,CIDADANIA;DEM;MDB;PL;PP;PSB;PSD;PSDB;PTB;PV;REPUBLICANOS,,,,established,,,
2017-06-29,temer,temer-2017-04-27,temer-2017-05-31,primary_adjudicated,CIDADANIA;DEM;MDB;PL;PP;PSB;PSD;PSDB;PTB;PV;REPUBLICANOS,DEM;PMDB;PP;PPS;PR;PRB;PSB;PSD;PSDB;PTB;PV,CIDADANIA;DEM;MDB;PL;PP;PSB;PSD;PSDB;PTB;PV;REPUBLICANOS,,,,established,,,
2017-06-30,temer,temer-2017-04-27,temer-2017-05-31,primary_adjudicated,CIDADANIA;DEM;MDB;PL;PP;PSB;PSD;PSDB;PTB;PV;REPUBLICANOS,DEM;PMDB;PP;PPS;PR;PRB;PSB;PSD;PSDB;PTB;PV,CIDADANIA;DEM;MDB;PL;PP;PSB;PSD;PSDB;PTB;PV;REPUBLICANOS,,,,established,,,
2017-07-01,temer,temer-2017-04-27,temer-2017-05-31,primary_adjudicated,CIDADANIA;DEM;MDB;PL;PP;PSB;PSD;PSDB;PTB;PV;REPUBLICANOS,DEM;PMDB;PP;PPS;PR;PRB;PSB;PSD;PSDB;PTB;PV,CIDADANIA;DEM;MDB;PL;PP;PSB;PSD;PSDB;PTB;PV;REPUBLICANOS,,,,established,,,
2017-07-02,temer,temer-2017-04-27,temer-2017-05-31,primary_adjudicated,CIDADANIA;DEM;MDB;PL;PP;PSB;PSD;PSDB;PTB;PV;REPUBLICANOS,DEM;PMDB;PP;PPS;PR;PRB;PSB;PSD;PSDB;PTB;PV,CIDADANIA;DEM;MDB;PL;PP;PSB;PSD;PSDB;PTB;PV;REPUBLICANOS,,,,established,,,
2017-07-03,temer,temer-2017-04-27,temer-2017-05-31,primary_adjudicated,CIDADANIA;DEM;MDB;PL;PP;PSB;PSD;PSDB;PTB;PV;REPUBLICANOS,DEM;PMDB;PP;PPS;PR;PRB;PSB;PSD;PSDB;PTB;PV,CIDADANIA;DEM;MDB;PL;PP;PSB;PSD;PSDB;PTB;PV;REPUBLICANOS,,,,established,,,
2017-07-04,temer,temer-2017-04-27,temer-2017-05-31,primary_adjudicated,CIDADANIA;DEM;MDB;PL;PP;PSB;PSD;PSDB;PTB;PV;REPUBLICANOS,DEM;PMDB;PP;PPS;PR;PRB;PSB;PSD;PSDB;PTB;PV,CIDADANIA;DEM;MDB;PL;PP;PSB;PSD;PSDB;PTB;PV;REPUBLICANOS,,,,established,,,
2017-07-05,temer,temer-2017-04-27,temer-2017-05-31,primary_adjudicated,CIDADANIA;DEM;MDB;PL;PP;PSB;PSD;PSDB;PTB;PV;REPUBLICANOS,DEM;PMDB;PP;PPS;PR;PRB;PSB;PSD;PSDB;PTB;PV,CIDADANIA;DEM;MDB;PL;PP;PSB;PSD;PSDB;PTB;PV;REPUBLICANOS,,,,established,,,
2017-07-06,temer,temer-2017-04-27,temer-2017-05-31,primary_adjudicated,CIDADANIA;DEM;MDB;PL;PP;PSB;PSD;PSDB;PTB;PV;REPUBLICANOS,DEM;PMDB;PP;PPS;PR;PRB;PSB;PSD;PSDB;PTB;PV,CIDADANIA;DEM;MDB;PL;PP;PSB;PSD;PSDB;PTB;PV;REPUBLICANOS,,,,established,,,
2017-07-07,temer,temer-2017-04-27,temer-2017-05-31,primary_adjudicated,CIDADANIA;DEM;MDB;PL;PP;PSB;PSD;PSDB;PTB;PV;REPUBLICANOS,DEM;PMDB;PP;PPS;PR;PRB;PSB;PSD;PSDB;PTB;PV,CIDADANIA;DEM;MDB;PL;PP;PSB;PSD;PSDB;PTB;PV;REPUBLICANOS,,,,established,,,
2017-07-08,temer,temer-2017-04-27,temer-2017-05-31,primary_adjudicated,CIDADANIA;DEM;MDB;PL;PP;PSB;PSD;PSDB;PTB;PV;REPUBLICANOS,DEM;PMDB;PP;PPS;PR;PRB;PSB;PSD;PSDB;PTB;PV,CIDADANIA;DEM;MDB;PL;PP;PSB;PSD;PSDB;PTB;PV;REPUBLICANOS,,,,established,,,
2017-07-09,temer,temer-2017-04-27,temer-2017-05-31,primary_adjudicated,CIDADANIA;DEM;MDB;PL;PP;PSB;PSD;PSDB;PTB;PV;REPUBLICANOS,DEM;PMDB;PP;PPS;PR;PRB;PSB;PSD;PSDB;PTB;PV,CIDADANIA;DEM;MDB;PL;PP;PSB;PSD;PSDB;PTB;PV;REPUBLICANOS,,,,established,,,
2017-07-10,temer,temer-2017-04-27,temer-2017-05-31,primary_adjudicated,CIDADANIA;DEM;MDB;PL;PP;PSB;PSD;PSDB;PTB;PV;REPUBLICANOS,DEM;PMDB;PP;PPS;PR;PRB;PSB;PSD;PSDB;PTB;PV,CIDADANIA;DEM;MDB;PL;PP;PSB;PSD;PSDB;PTB;PV;REPUBLICANOS,,,,established,,,
2017-07-11,temer,temer-2017-04-27,temer-2017-05-31,primary_adjudicated,CIDADANIA;DEM;MDB;PL;PP;PSB;PSD;PSDB;PTB;PV;REPUBLICANOS,DEM;PMDB;PP;PPS;PR;PRB;PSB;PSD;PSDB;PTB;PV,CIDADANIA;DEM;MDB;PL;PP;PSB;PSD;PSDB;PTB;PV;REPUBLICANOS,,,,established,,,
2017-07-12,temer,temer-2017-04-27,temer-2017-05-31,primary_adjudicated,CIDADANIA;DEM;MDB;PL;PP;PSB;PSD;PSDB;PTB;PV;REPUBLICANOS,DEM;PMDB;PP;PPS;PR;PRB;PSB;PSD;PSDB;PTB;PV,CIDADANIA;DEM;MDB;PL;PP;PSB;PSD;PSDB;PTB;PV;REPUBLICANOS,,,,established,,,
2017-07-13,temer,temer-2017-04-27,temer-2017-05-31,primary_adjudicated,CIDADANIA;DEM;MDB;PL;PP;PSB;PSD;PSDB;PTB;PV;REPUBLICANOS,DEM;PMDB;PP;PPS;PR;PRB;PSB;PSD;PSDB;PTB;PV,CIDADANIA;DEM;MDB;PL;PP;PSB;PSD;PSDB;PTB;PV;REPUBLICANOS,,,,established,,,
2017-07-14,temer,temer-2017-04-27,temer-2017-05-31,primary_adjudicated,CIDADANIA;DEM;MDB;PL;PP;PSB;PSD;PSDB;PTB;PV;REPUBLICANOS,DEM;PMDB;PP;PPS;PR;PRB;PSB;PSD;PSDB;PTB;PV,CIDADANIA;DEM;MDB;PL;PP;PSB;PSD;PSDB;PTB;PV;REPUBLICANOS,,,,established,,,
2017-07-15,temer,temer-2017-04-27,temer-2017-05-31,primary_adjudicated,CIDADANIA;DEM;MDB;PL;PP;PSB;PSD;PSDB;PTB;PV;REPUBLICANOS,DEM;PMDB;PP;PPS;PR;PRB;PSB;PSD;PSDB;PTB;PV,CIDADANIA;DEM;MDB;PL;PP;PSB;PSD;PSDB;PTB;PV;REPUBLICANOS,,,,established,,,
2017-07-16,temer,temer-2017-04-27,temer-2017-05-31,primary_adjudicated,CIDADANIA;DEM;MDB;PL;PP;PSB;PSD;PSDB;PTB;PV;REPUBLICANOS,DEM;PMDB;PP;PPS;PR;PRB;PSB;PSD;PSDB;PTB;PV,CIDADANIA;DEM;MDB;PL;PP;PSB;PSD;PSDB;PTB;PV;REPUBLICANOS,,,,established,,,
2017-07-17,temer,temer-2017-04-27,temer-2017-05-31,primary_adjudicated,CIDADANIA;DEM;MDB;PL;PP;PSB;PSD;PSDB;PTB;PV;REPUBLICANOS,DEM;PMDB;PP;PPS;PR;PRB;PSB;PSD;PSDB;PTB;PV,CIDADANIA;DEM;MDB;PL;PP;PSB;PSD;PSDB;PTB;PV;REPUBLICANOS,,,,established,,,
2017-07-18,temer,temer-2017-04-27,temer-2017-05-31,primary_adjudicated,CIDADANIA;DEM;MDB;PL;PP;PSB;PSD;PSDB;PTB;PV;REPUBLICANOS,DEM;PMDB;PP;PPS;PR;PRB;PSB;PSD;PSDB;PTB;PV,CIDADANIA;DEM;MDB;PL;PP;PSB;PSD;PSDB;PTB;PV;REPUBLICANOS,,,,established,,,
2017-07-19,temer,temer-2017-04-27,temer-2017-05-31,primary_adjudicated,CIDADANIA;DEM;MDB;PL;PP;PSB;PSD;PSDB;PTB;PV;REPUBLICANOS,DEM;PMDB;PP;PPS;PR;PRB;PSB;PSD;PSDB;PTB;PV,CIDADANIA;DEM;MDB;PL;PP;PSB;PSD;PSDB;PTB;PV;REPUBLICANOS,,,,established,,,
2017-07-20,temer,temer-2017-04-27,temer-2017-05-31,primary_adjudicated,CIDADANIA;DEM;MDB;PL;PP;PSB;PSD;PSDB;PTB;PV;REPUBLICANOS,DEM;PMDB;PP;PPS;PR;PRB;PSB;PSD;PSDB;PTB;PV,CIDADANIA;DEM;MDB;PL;PP;PSB;PSD;PSDB;PTB;PV;REPUBLICANOS,,,,established,,,
2017-07-21,temer,temer-2017-04-27,temer-2017-05-31,primary_adjudicated,CIDADANIA;DEM;MDB;PL;PP;PSB;PSD;PSDB;PTB;PV;REPUBLICANOS,DEM;PMDB;PP;PPS;PR;PRB;PSB;PSD;PSDB;PTB;PV,CIDADANIA;DEM;MDB;PL;PP;PSB;PSD;PSDB;PTB;PV;REPUBLICANOS,,,,established,,,
2017-07-22,temer,temer-2017-04-27,temer-2017-05-31,primary_adjudicated,CIDADANIA;DEM;MDB;PL;PP;PSB;PSD;PSDB;PTB;PV;REPUBLICANOS,DEM;PMDB;PP;PPS;PR;PRB;PSB;PSD;PSDB;PTB;PV,CIDADANIA;DEM;MDB;PL;PP;PSB;PSD;PSDB;PTB;PV;REPUBLICANOS,,,,established,,,
2017-07-23,temer,temer-2017-04-27,temer-2017-05-31,primary_adjudicated,CIDADANIA;DEM;MDB;PL;PP;PSB;PSD;PSDB;PTB;PV;REPUBLICANOS,DEM;PMDB;PP;PPS;PR;PRB;PSB;PSD;PSDB;PTB;PV,CIDADANIA;DEM;MDB;PL;PP;PSB;PSD;PSDB;PTB;PV;REPUBLICANOS,,,,established,,,
2017-07-24,temer,temer-2017-04-27,temer-2017-05-31,primary_adjudicated,CIDADANIA;DEM;MDB;PL;PP;PSB;PSD;PSDB;PTB;PV;REPUBLICANOS,DEM;PMDB;PP;PPS;PR;PRB;PSB;PSD;PSDB;PTB;PV,CIDADANIA;DEM;MDB;PL;PP;PSB;PSD;PSDB;PTB;PV;REPUBLICANOS,,,,established,,,
2017-07-25,temer,temer-2017-04-27,temer-2017-07-25,primary_adjudicated,CIDADANIA;DEM;MDB;PL;PP;PSB;PSD;PSDB;PTB;PV;REPUBLICANOS,DEM;PMDB;PP;PPS;PR;PRB;PSB;PSD;PSDB;PTB;PV,CIDADANIA;DEM;MDB;PL;PP;PSB;PSD;PSDB;PTB;PV;REPUBLICANOS,,,,established,,,
2017-07-26,temer,temer-2017-04-27,temer-2017-07-25,primary_adjudicated,CIDADANIA;DEM;MDB;PL;PP;PSB;PSD;PSDB;PTB;PV;REPUBLICANOS,DEM;PMDB;PP;PPS;PR;PRB;PSB;PSD;PSDB;PTB;PV,CIDADANIA;DEM;MDB;PL;PP;PSB;PSD;PSDB;PTB;PV;REPUBLICANOS,,,,established,,,
2017-07-27,temer,temer-2017-04-27,temer-2017-07-25,primary_adjudicated,CIDADANIA;DEM;MDB;PL;PP;PSB;PSD;PSDB;PTB;PV;REPUBLICANOS,DEM;PMDB;PP;PPS;PR;PRB;PSB;PSD;PSDB;PTB;PV,CIDADANIA;DEM;MDB;PL;PP;PSB;PSD;PSDB;PTB;PV;REPUBLICANOS,,,,established,,,
2017-07-28,temer,temer-2017-04-27,temer-2017-07-25,primary_adjudicated,CIDADANIA;DEM;MDB;PL;PP;PSB;PSD;PSDB;PTB;PV;REPUBLICANOS,DEM;PMDB;PP;PPS;PR;PRB;PSB;PSD;PSDB;PTB;PV,CIDADANIA;DEM;MDB;PL;PP;PSB;PSD;PSDB;PTB;PV;REPUBLICANOS,,,,established,,,
2017-07-29,temer,temer-2017-04-27,temer-2017-07-25,primary_adjudicated,CIDADANIA;DEM;MDB;PL;PP;PSB;PSD;PSDB;PTB;PV;REPUBLICANOS,DEM;PMDB;PP;PPS;PR;PRB;PSB;PSD;PSDB;PTB;PV,CIDADANIA;DEM;MDB;PL;PP;PSB;PSD;PSDB;PTB;PV;REPUBLICANOS,,,,established,,,
2017-07-30,temer,temer-2017-04-27,temer-2017-07-25,primary_adjudicated,CIDADANIA;DEM;MDB;PL;PP;PSB;PSD;PSDB;PTB;PV;REPUBLICANOS,DEM;PMDB;PP;PPS;PR;PRB;PSB;PSD;PSDB;PTB;PV,CIDADANIA;DEM;MDB;PL;PP;PSB;PSD;PSDB;PTB;PV;REPUBLICANOS,,,,established,,,
2017-07-31,temer,temer-2017-04-27,temer-2017-07-25,primary_adjudicated,CIDADANIA;DEM;MDB;PL;PP;PSB;PSD;PSDB;PTB;PV;REPUBLICANOS,DEM;PMDB;PP;PPS;PR;PRB;PSB;PSD;PSDB;PTB;PV,CIDADANIA;DEM;MDB;PL;PP;PSB;PSD;PSDB;PTB;PV;REPUBLICANOS,,,,established,,,
2017-08-01,temer,temer-2017-04-27,temer-2017-07-25,primary_adjudicated,CIDADANIA;DEM;MDB;PL;PP;PSB;PSD;PSDB;PTB;PV;REPUBLICANOS,DEM;PMDB;PP;PPS;PR;PRB;PSB;PSD;PSDB;PTB;PV,CIDADANIA;DEM;MDB;PL;PP;PSB;PSD;PSDB;PTB;PV;REPUBLICANOS,,,,established,,,
2017-08-02,temer,temer-2017-08-02,temer-2017-08-02,primary_provisional,CIDADANIA;DEM;MDB;PL;PP;PSD;PSDB;PTB;PV;REPUBLICANOS,DEM;PMDB;PP;PPS;PR;PRB;PSD;PSDB;PTB;PV,CIDADANIA;DEM;MDB;PL;PP;PSD;PSDB;PTB;PV;REPUBLICANOS,PSDB,person-ivani-dos-santos,person-paulo-pedrosa,unidentified,person-ivani-dos-santos,V5A002,
2017-08-03,temer,temer-2017-08-03,temer-2017-08-03,primary_adjudicated,CIDADANIA;DEM;MDB;PL;PP;PSB;PSD;PSDB;PTB;PV;REPUBLICANOS,DEM;PMDB;PP;PPS;PR;PRB;PSB;PSD;PSDB;PTB;PV,CIDADANIA;DEM;MDB;PL;PP;PSB;PSD;PSDB;PTB;PV;REPUBLICANOS,,,,established,,,
2017-08-04,temer,temer-2017-08-03,temer-2017-08-03,primary_adjudicated,CIDADANIA;DEM;MDB;PL;PP;PSB;PSD;PSDB;PTB;PV;REPUBLICANOS,DEM;PMDB;PP;PPS;PR;PRB;PSB;PSD;PSDB;PTB;PV,CIDADANIA;DEM;MDB;PL;PP;PSB;PSD;PSDB;PTB;PV;REPUBLICANOS,,,,established,,,
2017-08-05,temer,temer-2017-08-03,temer-2017-08-03,primary_adjudicated,CIDADANIA;DEM;MDB;PL;PP;PSB;PSD;PSDB;PTB;PV;REPUBLICANOS,DEM;PMDB;PP;PPS;PR;PRB;PSB;PSD;PSDB;PTB;PV,CIDADANIA;DEM;MDB;PL;PP;PSB;PSD;PSDB;PTB;PV;REPUBLICANOS,,,,established,,,
2017-08-06,temer,temer-2017-08-03,temer-2017-08-03,primary_adjudicated,CIDADANIA;DEM;MDB;PL;PP;PSB;PSD;PSDB;PTB;PV;REPUBLICANOS,DEM;PMDB;PP;PPS;PR;PRB;PSB;PSD;PSDB;PTB;PV,CIDADANIA;DEM;MDB;PL;PP;PSB;PSD;PSDB;PTB;PV;REPUBLICANOS,,,,established,,,
2017-08-07,temer,temer-2017-08-03,temer-2017-08-03,primary_adjudicated,CIDADANIA;DEM;MDB;PL;PP;PSB;PSD;PSDB;PTB;PV;REPUBLICANOS,DEM;PMDB;PP;PPS;PR;PRB;PSB;PSD;PSDB;PTB;PV,CIDADANIA;DEM;MDB;PL;PP;PSB;PSD;PSDB;PTB;PV;REPUBLICANOS,,,,established,,,
2017-08-08,temer,temer-2017-08-03,temer-2017-08-03,primary_adjudicated,CIDADANIA;DEM;MDB;PL;PP;PSB;PSD;PSDB;PTB;PV;REPUBLICANOS,DEM;PMDB;PP;PPS;PR;PRB;PSB;PSD;PSDB;PTB;PV,CIDADANIA;DEM;MDB;PL;PP;PSB;PSD;PSDB;PTB;PV;REPUBLICANOS,,,,established,,,
2017-08-09,temer,temer-2017-08-03,temer-2017-08-03,primary_adjudicated,CIDADANIA;DEM;MDB;PL;PP;PSB;PSD;PSDB;PTB;PV;REPUBLICANOS,DEM;PMDB;PP;PPS;PR;PRB;PSB;PSD;PSDB;PTB;PV,CIDADANIA;DEM;MDB;PL;PP;PSB;PSD;PSDB;PTB;PV;REPUBLICANOS,,,,established,,,
2017-08-10,temer,temer-2017-08-03,temer-2017-08-03,primary_adjudicated,CIDADANIA;DEM;MDB;PL;PP;PSB;PSD;PSDB;PTB;PV;REPUBLICANOS,DEM;PMDB;PP;PPS;PR;PRB;PSB;PSD;PSDB;PTB;PV,CIDADANIA;DEM;MDB;PL;PP;PSB;PSD;PSDB;PTB;PV;REPUBLICANOS,,,,established,,,
2017-08-11,temer,temer-2017-08-03,temer-2017-08-03,primary_adjudicated,CIDADANIA;DEM;MDB;PL;PP;PSB;PSD;PSDB;PTB;PV;REPUBLICANOS,DEM;PMDB;PP;PPS;PR;PRB;PSB;PSD;PSDB;PTB;PV,CIDADANIA;DEM;MDB;PL;PP;PSB;PSD;PSDB;PTB;PV;REPUBLICANOS,,,,established,,,
2017-08-12,temer,temer-2017-08-03,temer-2017-08-03,primary_adjudicated,CIDADANIA;DEM;MDB;PL;PP;PSB;PSD;PSDB;PTB;PV;REPUBLICANOS,DEM;PMDB;PP;PPS;PR;PRB;PSB;PSD;PSDB;PTB;PV,CIDADANIA;DEM;MDB;PL;PP;PSB;PSD;PSDB;PTB;PV;REPUBLICANOS,,,,established,,,
2017-08-13,temer,temer-2017-08-03,temer-2017-08-03,primary_adjudicated,CIDADANIA;DEM;MDB;PL;PP;PSB;PSD;PSDB;PTB;PV;REPUBLICANOS,DEM;PMDB;PP;PPS;PR;PRB;PSB;PSD;PSDB;PTB;PV,CIDADANIA;DEM;MDB;PL;PP;PSB;PSD;PSDB;PTB;PV;REPUBLICANOS,,,,established,,,
2017-08-14,temer,temer-2017-08-03,temer-2017-08-03,primary_adjudicated,CIDADANIA;DEM;MDB;PL;PP;PSB;PSD;PSDB;PTB;PV;REPUBLICANOS,DEM;PMDB;PP;PPS;PR;PRB;PSB;PSD;PSDB;PTB;PV,CIDADANIA;DEM;MDB;PL;PP;PSB;PSD;PSDB;PTB;PV;REPUBLICANOS,,,,established,,,
2017-08-15,temer,temer-2017-08-03,temer-2017-08-03,primary_adjudicated,CIDADANIA;DEM;MDB;PL;PP;PSB;PSD;PSDB;PTB;PV;REPUBLICANOS,DEM;PMDB;PP;PPS;PR;PRB;PSB;PSD;PSDB;PTB;PV,CIDADANIA;DEM;MDB;PL;PP;PSB;PSD;PSDB;PTB;PV;REPUBLICANOS,,,,established,,,
2017-08-16,temer,temer-2017-08-03,temer-2017-08-03,primary_adjudicated,CIDADANIA;DEM;MDB;PL;PP;PSB;PSD;PSDB;PTB;PV;REPUBLICANOS,DEM;PMDB;PP;PPS;PR;PRB;PSB;PSD;PSDB;PTB;PV,CIDADANIA;DEM;MDB;PL;PP;PSB;PSD;PSDB;PTB;PV;REPUBLICANOS,,,,established,,,
2017-08-17,temer,temer-2017-08-03,temer-2017-08-03,primary_adjudicated,CIDADANIA;DEM;MDB;PL;PP;PSB;PSD;PSDB;PTB;PV;REPUBLICANOS,DEM;PMDB;PP;PPS;PR;PRB;PSB;PSD;PSDB;PTB;PV,CIDADANIA;DEM;MDB;PL;PP;PSB;PSD;PSDB;PTB;PV;REPUBLICANOS,,,,established,,,
2017-08-18,temer,temer-2017-08-03,temer-2017-08-03,primary_adjudicated,CIDADANIA;DEM;MDB;PL;PP;PSB;PSD;PSDB;PTB;PV;REPUBLICANOS,DEM;PMDB;PP;PPS;PR;PRB;PSB;PSD;PSDB;PTB;PV,CIDADANIA;DEM;MDB;PL;PP;PSB;PSD;PSDB;PTB;PV;REPUBLICANOS,,,,established,,,
2017-08-19,temer,temer-2017-08-03,temer-2017-08-03,primary_adjudicated,CIDADANIA;DEM;MDB;PL;PP;PSB;PSD;PSDB;PTB;PV;REPUBLICANOS,DEM;PMDB;PP;PPS;PR;PRB;PSB;PSD;PSDB;PTB;PV,CIDADANIA;DEM;MDB;PL;PP;PSB;PSD;PSDB;PTB;PV;REPUBLICANOS,,,,established,,,
2017-08-20,temer,temer-2017-08-03,temer-2017-08-03,primary_adjudicated,CIDADANIA;DEM;MDB;PL;PP;PSB;PSD;PSDB;PTB;PV;REPUBLICANOS,DEM;PMDB;PP;PPS;PR;PRB;PSB;PSD;PSDB;PTB;PV,CIDADANIA;DEM;MDB;PL;PP;PSB;PSD;PSDB;PTB;PV;REPUBLICANOS,,,,established,,,
2017-08-21,temer,temer-2017-08-03,temer-2017-08-03,primary_adjudicated,CIDADANIA;DEM;MDB;PL;PP;PSB;PSD;PSDB;PTB;PV;REPUBLICANOS,DEM;PMDB;PP;PPS;PR;PRB;PSB;PSD;PSDB;PTB;PV,CIDADANIA;DEM;MDB;PL;PP;PSB;PSD;PSDB;PTB;PV;REPUBLICANOS,,,,established,,,
2017-08-22,temer,temer-2017-08-03,temer-2017-08-03,primary_adjudicated,CIDADANIA;DEM;MDB;PL;PP;PSB;PSD;PSDB;PTB;PV;REPUBLICANOS,DEM;PMDB;PP;PPS;PR;PRB;PSB;PSD;PSDB;PTB;PV,CIDADANIA;DEM;MDB;PL;PP;PSB;PSD;PSDB;PTB;PV;REPUBLICANOS,,,,established,,,
2017-08-23,temer,temer-2017-08-03,temer-2017-08-03,primary_adjudicated,CIDADANIA;DEM;MDB;PL;PP;PSB;PSD;PSDB;PTB;PV;REPUBLICANOS,DEM;PMDB;PP;PPS;PR;PRB;PSB;PSD;PSDB;PTB;PV,CIDADANIA;DEM;MDB;PL;PP;PSB;PSD;PSDB;PTB;PV;REPUBLICANOS,,,,established,,,
2017-08-24,temer,temer-2017-08-03,temer-2017-08-03,primary_adjudicated,CIDADANIA;DEM;MDB;PL;PP;PSB;PSD;PSDB;PTB;PV;REPUBLICANOS,DEM;PMDB;PP;PPS;PR;PRB;PSB;PSD;PSDB;PTB;PV,CIDADANIA;DEM;MDB;PL;PP;PSB;PSD;PSDB;PTB;PV;REPUBLICANOS,,,,established,,,
2017-08-25,temer,temer-2017-08-03,temer-2017-08-03,primary_adjudicated,CIDADANIA;DEM;MDB;PL;PP;PSB;PSD;PSDB;PTB;PV;REPUBLICANOS,DEM;PMDB;PP;PPS;PR;PRB;PSB;PSD;PSDB;PTB;PV,CIDADANIA;DEM;MDB;PL;PP;PSB;PSD;PSDB;PTB;PV;REPUBLICANOS,,,,established,,,
2017-08-26,temer,temer-2017-08-03,temer-2017-08-03,primary_adjudicated,CIDADANIA;DEM;MDB;PL;PP;PSB;PSD;PSDB;PTB;PV;REPUBLICANOS,DEM;PMDB;PP;PPS;PR;PRB;PSB;PSD;PSDB;PTB;PV,CIDADANIA;DEM;MDB;PL;PP;PSB;PSD;PSDB;PTB;PV;REPUBLICANOS,,,,established,,,
2017-08-27,temer,temer-2017-08-03,temer-2017-08-03,primary_adjudicated,CIDADANIA;DEM;MDB;PL;PP;PSB;PSD;PSDB;PTB;PV;REPUBLICANOS,DEM;PMDB;PP;PPS;PR;PRB;PSB;PSD;PSDB;PTB;PV,CIDADANIA;DEM;MDB;PL;PP;PSB;PSD;PSDB;PTB;PV;REPUBLICANOS,,,,established,,,
2017-08-28,temer,temer-2017-08-03,temer-2017-08-03,primary_adjudicated,CIDADANIA;DEM;MDB;PL;PP;PSB;PSD;PSDB;PTB;PV;REPUBLICANOS,DEM;PMDB;PP;PPS;PR;PRB;PSB;PSD;PSDB;PTB;PV,CIDADANIA;DEM;MDB;PL;PP;PSB;PSD;PSDB;PTB;PV;REPUBLICANOS,,,,established,,,
2017-08-29,temer,temer-2017-08-03,temer-2017-08-03,primary_adjudicated,CIDADANIA;DEM;MDB;PL;PP;PSB;PSD;PSDB;PTB;PV;REPUBLICANOS,DEM;PMDB;PP;PPS;PR;PRB;PSB;PSD;PSDB;PTB;PV,CIDADANIA;DEM;MDB;PL;PP;PSB;PSD;PSDB;PTB;PV;REPUBLICANOS,,,,established,,,
2017-08-30,temer,temer-2017-08-03,temer-2017-08-03,primary_adjudicated,CIDADANIA;DEM;MDB;PL;PP;PSB;PSD;PSDB;PTB;PV;REPUBLICANOS,DEM;PMDB;PP;PPS;PR;PRB;PSB;PSD;PSDB;PTB;PV,CIDADANIA;DEM;MDB;PL;PP;PSB;PSD;PSDB;PTB;PV;REPUBLICANOS,,,,established,,,
2017-08-31,temer,temer-2017-08-03,temer-2017-08-03,primary_adjudicated,CIDADANIA;DEM;MDB;PL;PP;PSB;PSD;PSDB;PTB;PV;REPUBLICANOS,DEM;PMDB;PP;PPS;PR;PRB;PSB;PSD;PSDB;PTB;PV,CIDADANIA;DEM;MDB;PL;PP;PSB;PSD;PSDB;PTB;PV;REPUBLICANOS,,,,established,,,
2017-09-01,temer,temer-2017-08-03,temer-2017-08-03,primary_adjudicated,CIDADANIA;DEM;MDB;PL;PP;PSB;PSD;PSDB;PTB;PV;REPUBLICANOS,DEM;PMDB;PP;PPS;PR;PRB;PSB;PSD;PSDB;PTB;PV,CIDADANIA;DEM;MDB;PL;PP;PSB;PSD;PSDB;PTB;PV;REPUBLICANOS,,,,established,,,
2017-09-02,temer,temer-2017-08-03,temer-2017-08-03,primary_adjudicated,CIDADANIA;DEM;MDB;PL;PP;PSB;PSD;PSDB;PTB;PV;REPUBLICANOS,DEM;PMDB;PP;PPS;PR;PRB;PSB;PSD;PSDB;PTB;PV,CIDADANIA;DEM;MDB;PL;PP;PSB;PSD;PSDB;PTB;PV;REPUBLICANOS,,,,established,,,
2017-09-03,temer,temer-2017-08-03,temer-2017-08-03,primary_adjudicated,CIDADANIA;DEM;MDB;PL;PP;PSB;PSD;PSDB;PTB;PV;REPUBLICANOS,DEM;PMDB;PP;PPS;PR;PRB;PSB;PSD;PSDB;PTB;PV,CIDADANIA;DEM;MDB;PL;PP;PSB;PSD;PSDB;PTB;PV;REPUBLICANOS,,,,established,,,
2017-09-04,temer,temer-2017-08-03,temer-2017-08-03,primary_adjudicated,CIDADANIA;DEM;MDB;PL;PP;PSB;PSD;PSDB;PTB;PV;REPUBLICANOS,DEM;PMDB;PP;PPS;PR;PRB;PSB;PSD;PSDB;PTB;PV,CIDADANIA;DEM;MDB;PL;PP;PSB;PSD;PSDB;PTB;PV;REPUBLICANOS,,,,established,,,
2017-09-05,temer,temer-2017-08-03,temer-2017-08-03,primary_adjudicated,CIDADANIA;DEM;MDB;PL;PP;PSB;PSD;PSDB;PTB;PV;REPUBLICANOS,DEM;PMDB;PP;PPS;PR;PRB;PSB;PSD;PSDB;PTB;PV,CIDADANIA;DEM;MDB;PL;PP;PSB;PSD;PSDB;PTB;PV;REPUBLICANOS,,,,established,,,
2017-09-06,temer,temer-2017-08-03,temer-2017-08-03,primary_adjudicated,CIDADANIA;DEM;MDB;PL;PP;PSB;PSD;PSDB;PTB;PV;REPUBLICANOS,DEM;PMDB;PP;PPS;PR;PRB;PSB;PSD;PSDB;PTB;PV,CIDADANIA;DEM;MDB;PL;PP;PSB;PSD;PSDB;PTB;PV;REPUBLICANOS,,,,established,,,
2017-09-07,temer,temer-2017-08-03,temer-2017-08-03,primary_adjudicated,CIDADANIA;DEM;MDB;PL;PP;PSB;PSD;PSDB;PTB;PV;REPUBLICANOS,DEM;PMDB;PP;PPS;PR;PRB;PSB;PSD;PSDB;PTB;PV,CIDADANIA;DEM;MDB;PL;PP;PSB;PSD;PSDB;PTB;PV;REPUBLICANOS,,,,established,,,
2017-09-08,temer,temer-2017-08-03,temer-2017-08-03,primary_adjudicated,CIDADANIA;DEM;MDB;PL;PP;PSB;PSD;PSDB;PTB;PV;REPUBLICANOS,DEM;PMDB;PP;PPS;PR;PRB;PSB;PSD;PSDB;PTB;PV,CIDADANIA;DEM;MDB;PL;PP;PSB;PSD;PSDB;PTB;PV;REPUBLICANOS,,,,established,,,
2017-09-09,temer,temer-2017-08-03,temer-2017-08-03,primary_adjudicated,CIDADANIA;DEM;MDB;PL;PP;PSB;PSD;PSDB;PTB;PV;REPUBLICANOS,DEM;PMDB;PP;PPS;PR;PRB;PSB;PSD;PSDB;PTB;PV,CIDADANIA;DEM;MDB;PL;PP;PSB;PSD;PSDB;PTB;PV;REPUBLICANOS,,,,established,,,
2017-09-10,temer,temer-2017-08-03,temer-2017-08-03,primary_adjudicated,CIDADANIA;DEM;MDB;PL;PP;PSB;PSD;PSDB;PTB;PV;REPUBLICANOS,DEM;PMDB;PP;PPS;PR;PRB;PSB;PSD;PSDB;PTB;PV,CIDADANIA;DEM;MDB;PL;PP;PSB;PSD;PSDB;PTB;PV;REPUBLICANOS,,,,established,,,
2017-09-11,temer,temer-2017-08-03,temer-2017-08-03,primary_adjudicated,CIDADANIA;DEM;MDB;PL;PP;PSB;PSD;PSDB;PTB;PV;REPUBLICANOS,DEM;PMDB;PP;PPS;PR;PRB;PSB;PSD;PSDB;PTB;PV,CIDADANIA;DEM;MDB;PL;PP;PSB;PSD;PSDB;PTB;PV;REPUBLICANOS,,,,established,,,
2017-09-12,temer,temer-2017-08-03,temer-2017-08-03,primary_adjudicated,CIDADANIA;DEM;MDB;PL;PP;PSB;PSD;PSDB;PTB;PV;REPUBLICANOS,DEM;PMDB;PP;PPS;PR;PRB;PSB;PSD;PSDB;PTB;PV,CIDADANIA;DEM;MDB;PL;PP;PSB;PSD;PSDB;PTB;PV;REPUBLICANOS,,,,established,,,
2017-09-13,temer,temer-2017-08-03,temer-2017-08-03,primary_adjudicated,CIDADANIA;DEM;MDB;PL;PP;PSB;PSD;PSDB;PTB;PV;REPUBLICANOS,DEM;PMDB;PP;PPS;PR;PRB;PSB;PSD;PSDB;PTB;PV,CIDADANIA;DEM;MDB;PL;PP;PSB;PSD;PSDB;PTB;PV;REPUBLICANOS,,,,established,,,
2017-09-14,temer,temer-2017-08-03,temer-2017-08-03,primary_adjudicated,CIDADANIA;DEM;MDB;PL;PP;PSB;PSD;PSDB;PTB;PV;REPUBLICANOS,DEM;PMDB;PP;PPS;PR;PRB;PSB;PSD;PSDB;PTB;PV,CIDADANIA;DEM;MDB;PL;PP;PSB;PSD;PSDB;PTB;PV;REPUBLICANOS,,,,established,,,
2017-09-15,temer,temer-2017-08-03,temer-2017-08-03,primary_adjudicated,CIDADANIA;DEM;MDB;PL;PP;PSB;PSD;PSDB;PTB;PV;REPUBLICANOS,DEM;PMDB;PP;PPS;PR;PRB;PSB;PSD;PSDB;PTB;PV,CIDADANIA;DEM;MDB;PL;PP;PSB;PSD;PSDB;PTB;PV;REPUBLICANOS,,,,established,,,
2017-09-16,temer,temer-2017-08-03,temer-2017-08-03,primary_adjudicated,CIDADANIA;DEM;MDB;PL;PP;PSB;PSD;PSDB;PTB;PV;REPUBLICANOS,DEM;PMDB;PP;PPS;PR;PRB;PSB;PSD;PSDB;PTB;PV,CIDADANIA;DEM;MDB;PL;PP;PSB;PSD;PSDB;PTB;PV;REPUBLICANOS,,,,established,,,
2017-09-17,temer,temer-2017-08-03,temer-2017-08-03,primary_adjudicated,CIDADANIA;DEM;MDB;PL;PP;PSB;PSD;PSDB;PTB;PV;REPUBLICANOS,DEM;PMDB;PP;PPS;PR;PRB;PSB;PSD;PSDB;PTB;PV,CIDADANIA;DEM;MDB;PL;PP;PSB;PSD;PSDB;PTB;PV;REPUBLICANOS,,,,established,,,
2017-09-18,temer,temer-2017-08-03,temer-2017-08-03,primary_adjudicated,CIDADANIA;DEM;MDB;PL;PP;PSB;PSD;PSDB;PTB;PV;REPUBLICANOS,DEM;PMDB;PP;PPS;PR;PRB;PSB;PSD;PSDB;PTB;PV,CIDADANIA;DEM;MDB;PL;PP;PSB;PSD;PSDB;PTB;PV;REPUBLICANOS,,,,established,,,
2017-09-19,temer,temer-2017-08-03,temer-2017-08-03,primary_adjudicated,CIDADANIA;DEM;MDB;PL;PP;PSB;PSD;PSDB;PTB;PV;REPUBLICANOS,DEM;PMDB;PP;PPS;PR;PRB;PSB;PSD;PSDB;PTB;PV,CIDADANIA;DEM;MDB;PL;PP;PSB;PSD;PSDB;PTB;PV;REPUBLICANOS,,,,established,,,
2017-09-20,temer,temer-2017-08-03,temer-2017-08-03,primary_adjudicated,CIDADANIA;DEM;MDB;PL;PP;PSB;PSD;PSDB;PTB;PV;REPUBLICANOS,DEM;PMDB;PP;PPS;PR;PRB;PSB;PSD;PSDB;PTB;PV,CIDADANIA;DEM;MDB;PL;PP;PSB;PSD;PSDB;PTB;PV;REPUBLICANOS,,,,established,,,
2017-09-21,temer,temer-2017-08-03,temer-2017-08-03,primary_adjudicated,CIDADANIA;DEM;MDB;PL;PP;PSB;PSD;PSDB;PTB;PV;REPUBLICANOS,DEM;PMDB;PP;PPS;PR;PRB;PSB;PSD;PSDB;PTB;PV,CIDADANIA;DEM;MDB;PL;PP;PSB;PSD;PSDB;PTB;PV;REPUBLICANOS,,,,established,,,
2017-09-22,temer,temer-2017-08-03,temer-2017-08-03,primary_adjudicated,CIDADANIA;DEM;MDB;PL;PP;PSB;PSD;PSDB;PTB;PV;REPUBLICANOS,DEM;PMDB;PP;PPS;PR;PRB;PSB;PSD;PSDB;PTB;PV,CIDADANIA;DEM;MDB;PL;PP;PSB;PSD;PSDB;PTB;PV;REPUBLICANOS,,,,established,,,
2017-09-23,temer,temer-2017-08-03,temer-2017-08-03,primary_adjudicated,CIDADANIA;DEM;MDB;PL;PP;PSB;PSD;PSDB;PTB;PV;REPUBLICANOS,DEM;PMDB;PP;PPS;PR;PRB;PSB;PSD;PSDB;PTB;PV,CIDADANIA;DEM;MDB;PL;PP;PSB;PSD;PSDB;PTB;PV;REPUBLICANOS,,,,established,,,
2017-09-24,temer,temer-2017-08-03,temer-2017-08-03,primary_adjudicated,CIDADANIA;DEM;MDB;PL;PP;PSB;PSD;PSDB;PTB;PV;REPUBLICANOS,DEM;PMDB;PP;PPS;PR;PRB;PSB;PSD;PSDB;PTB;PV,CIDADANIA;DEM;MDB;PL;PP;PSB;PSD;PSDB;PTB;PV;REPUBLICANOS,,,,established,,,
2017-09-25,temer,temer-2017-08-03,temer-2017-08-03,primary_adjudicated,CIDADANIA;DEM;MDB;PL;PP;PSB;PSD;PSDB;PTB;PV;REPUBLICANOS,DEM;PMDB;PP;PPS;PR;PRB;PSB;PSD;PSDB;PTB;PV,CIDADANIA;DEM;MDB;PL;PP;PSB;PSD;PSDB;PTB;PV;REPUBLICANOS,,,,established,,,
2017-09-26,temer,temer-2017-08-03,temer-2017-08-03,primary_adjudicated,CIDADANIA;DEM;MDB;PL;PP;PSB;PSD;PSDB;PTB;PV;REPUBLICANOS,DEM;PMDB;PP;PPS;PR;PRB;PSB;PSD;PSDB;PTB;PV,CIDADANIA;DEM;MDB;PL;PP;PSB;PSD;PSDB;PTB;PV;REPUBLICANOS,,,,established,,,
2017-09-27,temer,temer-2017-08-03,temer-2017-08-03,primary_adjudicated,CIDADANIA;DEM;MDB;PL;PP;PSB;PSD;PSDB;PTB;PV;REPUBLICANOS,DEM;PMDB;PP;PPS;PR;PRB;PSB;PSD;PSDB;PTB;PV,CIDADANIA;DEM;MDB;PL;PP;PSB;PSD;PSDB;PTB;PV;REPUBLICANOS,,,,established,,,
2017-09-28,temer,temer-2017-08-03,temer-2017-08-03,primary_adjudicated,CIDADANIA;DEM;MDB;PL;PP;PSB;PSD;PSDB;PTB;PV;REPUBLICANOS,DEM;PMDB;PP;PPS;PR;PRB;PSB;PSD;PSDB;PTB;PV,CIDADANIA;DEM;MDB;PL;PP;PSB;PSD;PSDB;PTB;PV;REPUBLICANOS,,,,established,,,
2017-09-29,temer,temer-2017-08-03,temer-2017-08-03,primary_adjudicated,CIDADANIA;DEM;MDB;PL;PP;PSB;PSD;PSDB;PTB;PV;REPUBLICANOS,DEM;PMDB;PP;PPS;PR;PRB;PSB;PSD;PSDB;PTB;PV,CIDADANIA;DEM;MDB;PL;PP;PSB;PSD;PSDB;PTB;PV;REPUBLICANOS,,,,established,,,
2017-09-30,temer,temer-2017-08-03,temer-2017-08-03,primary_adjudicated,CIDADANIA;DEM;MDB;PL;PP;PSB;PSD;PSDB;PTB;PV;REPUBLICANOS,DEM;PMDB;PP;PPS;PR;PRB;PSB;PSD;PSDB;PTB;PV,CIDADANIA;DEM;MDB;PL;PP;PSB;PSD;PSDB;PTB;PV;REPUBLICANOS,,,,established,,,
2017-10-01,temer,temer-2017-08-03,temer-2017-08-03,primary_adjudicated,CIDADANIA;DEM;MDB;PL;PP;PSB;PSD;PSDB;PTB;PV;REPUBLICANOS,DEM;PMDB;PP;PPS;PR;PRB;PSB;PSD;PSDB;PTB;PV,CIDADANIA;DEM;MDB;PL;PP;PSB;PSD;PSDB;PTB;PV;REPUBLICANOS,,,,established,,,
2017-10-02,temer,temer-2017-08-03,temer-2017-08-03,primary_adjudicated,CIDADANIA;DEM;MDB;PL;PP;PSB;PSD;PSDB;PTB;PV;REPUBLICANOS,DEM;PMDB;PP;PPS;PR;PRB;PSB;PSD;PSDB;PTB;PV,CIDADANIA;DEM;MDB;PL;PP;PSB;PSD;PSDB;PTB;PV;REPUBLICANOS,,,,established,,,
2017-10-03,temer,temer-2017-08-03,temer-2017-08-03,primary_adjudicated,CIDADANIA;DEM;MDB;PL;PP;PSB;PSD;PSDB;PTB;PV;REPUBLICANOS,DEM;PMDB;PP;PPS;PR;PRB;PSB;PSD;PSDB;PTB;PV,CIDADANIA;DEM;MDB;PL;PP;PSB;PSD;PSDB;PTB;PV;REPUBLICANOS,,,,established,,,
2017-10-04,temer,temer-2017-08-03,temer-2017-08-03,primary_adjudicated,CIDADANIA;DEM;MDB;PL;PP;PSB;PSD;PSDB;PTB;PV;REPUBLICANOS,DEM;PMDB;PP;PPS;PR;PRB;PSB;PSD;PSDB;PTB;PV,CIDADANIA;DEM;MDB;PL;PP;PSB;PSD;PSDB;PTB;PV;REPUBLICANOS,,,,established,,,
2017-10-05,temer,temer-2017-08-03,temer-2017-08-03,primary_adjudicated,CIDADANIA;DEM;MDB;PL;PP;PSB;PSD;PSDB;PTB;PV;REPUBLICANOS,DEM;PMDB;PP;PPS;PR;PRB;PSB;PSD;PSDB;PTB;PV,CIDADANIA;DEM;MDB;PL;PP;PSB;PSD;PSDB;PTB;PV;REPUBLICANOS,,,,established,,,
2017-10-06,temer,temer-2017-08-03,temer-2017-08-03,primary_adjudicated,CIDADANIA;DEM;MDB;PL;PP;PSB;PSD;PSDB;PTB;PV;REPUBLICANOS,DEM;PMDB;PP;PPS;PR;PRB;PSB;PSD;PSDB;PTB;PV,CIDADANIA;DEM;MDB;PL;PP;PSB;PSD;PSDB;PTB;PV;REPUBLICANOS,,,,established,,,
2017-10-07,temer,temer-2017-08-03,temer-2017-08-03,primary_adjudicated,CIDADANIA;DEM;MDB;PL;PP;PSB;PSD;PSDB;PTB;PV;REPUBLICANOS,DEM;PMDB;PP;PPS;PR;PRB;PSB;PSD;PSDB;PTB;PV,CIDADANIA;DEM;MDB;PL;PP;PSB;PSD;PSDB;PTB;PV;REPUBLICANOS,,,,established,,,
2017-10-08,temer,temer-2017-08-03,temer-2017-08-03,primary_adjudicated,CIDADANIA;DEM;MDB;PL;PP;PSB;PSD;PSDB;PTB;PV;REPUBLICANOS,DEM;PMDB;PP;PPS;PR;PRB;PSB;PSD;PSDB;PTB;PV,CIDADANIA;DEM;MDB;PL;PP;PSB;PSD;PSDB;PTB;PV;REPUBLICANOS,,,,established,,,
2017-10-09,temer,temer-2017-08-03,temer-2017-08-03,primary_adjudicated,CIDADANIA;DEM;MDB;PL;PP;PSB;PSD;PSDB;PTB;PV;REPUBLICANOS,DEM;PMDB;PP;PPS;PR;PRB;PSB;PSD;PSDB;PTB;PV,CIDADANIA;DEM;MDB;PL;PP;PSB;PSD;PSDB;PTB;PV;REPUBLICANOS,,,,established,,,
2017-10-10,temer,temer-2017-08-03,temer-2017-08-03,primary_adjudicated,CIDADANIA;DEM;MDB;PL;PP;PSB;PSD;PSDB;PTB;PV;REPUBLICANOS,DEM;PMDB;PP;PPS;PR;PRB;PSB;PSD;PSDB;PTB;PV,CIDADANIA;DEM;MDB;PL;PP;PSB;PSD;PSDB;PTB;PV;REPUBLICANOS,,,,established,,,
2017-10-11,temer,temer-2017-08-03,temer-2017-08-03,primary_adjudicated,CIDADANIA;DEM;MDB;PL;PP;PSB;PSD;PSDB;PTB;PV;REPUBLICANOS,DEM;PMDB;PP;PPS;PR;PRB;PSB;PSD;PSDB;PTB;PV,CIDADANIA;DEM;MDB;PL;PP;PSB;PSD;PSDB;PTB;PV;REPUBLICANOS,,,,established,,,
2017-10-12,temer,temer-2017-08-03,temer-2017-08-03,primary_adjudicated,CIDADANIA;DEM;MDB;PL;PP;PSB;PSD;PSDB;PTB;PV;REPUBLICANOS,DEM;PMDB;PP;PPS;PR;PRB;PSB;PSD;PSDB;PTB;PV,CIDADANIA;DEM;MDB;PL;PP;PSB;PSD;PSDB;PTB;PV;REPUBLICANOS,,,,established,,,
2017-10-13,temer,temer-2017-08-03,temer-2017-08-03,primary_adjudicated,CIDADANIA;DEM;MDB;PL;PP;PSB;PSD;PSDB;PTB;PV;REPUBLICANOS,DEM;PMDB;PP;PPS;PR;PRB;PSB;PSD;PSDB;PTB;PV,CIDADANIA;DEM;MDB;PL;PP;PSB;PSD;PSDB;PTB;PV;REPUBLICANOS,,,,established,,,
2017-10-14,temer,temer-2017-08-03,temer-2017-08-03,primary_adjudicated,CIDADANIA;DEM;MDB;PL;PP;PSB;PSD;PSDB;PTB;PV;REPUBLICANOS,DEM;PMDB;PP;PPS;PR;PRB;PSB;PSD;PSDB;PTB;PV,CIDADANIA;DEM;MDB;PL;PP;PSB;PSD;PSDB;PTB;PV;REPUBLICANOS,,,,established,,,
2017-10-15,temer,temer-2017-08-03,temer-2017-08-03,primary_adjudicated,CIDADANIA;DEM;MDB;PL;PP;PSB;PSD;PSDB;PTB;PV;REPUBLICANOS,DEM;PMDB;PP;PPS;PR;PRB;PSB;PSD;PSDB;PTB;PV,CIDADANIA;DEM;MDB;PL;PP;PSB;PSD;PSDB;PTB;PV;REPUBLICANOS,,,,established,,,
2017-10-16,temer,temer-2017-08-03,temer-2017-08-03,primary_adjudicated,CIDADANIA;DEM;MDB;PL;PP;PSB;PSD;PSDB;PTB;PV;REPUBLICANOS,DEM;PMDB;PP;PPS;PR;PRB;PSB;PSD;PSDB;PTB;PV,CIDADANIA;DEM;MDB;PL;PP;PSB;PSD;PSDB;PTB;PV;REPUBLICANOS,,,,established,,,
2017-10-17,temer,temer-2017-08-03,temer-2017-08-03,primary_adjudicated,CIDADANIA;DEM;MDB;PL;PP;PSB;PSD;PSDB;PTB;PV;REPUBLICANOS,DEM;PMDB;PP;PPS;PR;PRB;PSB;PSD;PSDB;PTB;PV,CIDADANIA;DEM;MDB;PL;PP;PSB;PSD;PSDB;PTB;PV;REPUBLICANOS,,,,established,,,
2017-10-18,temer,temer-2017-10-18,temer-2017-10-18,primary_adjudicated,CIDADANIA;DEM;MDB;PL;PP;PSD;PSDB;PTB;PV;REPUBLICANOS,DEM;PMDB;PP;PPS;PR;PRB;PSD;PSDB;PTB;PV,CIDADANIA;DEM;MDB;PL;PP;PSD;PSDB;PTB;PV;REPUBLICANOS,PSDB,,person-paulo-pedrosa,established,,,
2017-10-19,temer,temer-2017-10-18,temer-2017-10-18,primary_adjudicated,CIDADANIA;DEM;MDB;PL;PP;PSD;PSDB;PTB;PV;REPUBLICANOS,DEM;PMDB;PP;PPS;PR;PRB;PSD;PSDB;PTB;PV,CIDADANIA;DEM;MDB;PL;PP;PSD;PSDB;PTB;PV;REPUBLICANOS,PSDB,,person-paulo-pedrosa,established,,,
2017-10-20,temer,temer-2017-10-18,temer-2017-10-20,primary_provisional,CIDADANIA;DEM;MDB;PL;PP;PSD;PSDB;PTB;PV;REPUBLICANOS,DEM;PMDB;PP;PPS;PR;PRB;PSD;PSDB;PTB;PV,CIDADANIA;DEM;MDB;PL;PP;PSD;PSDB;PTB;PV;REPUBLICANOS,PSDB,person-ivani-dos-santos,person-paulo-pedrosa,unidentified,person-ivani-dos-santos,V5A003,
2017-10-21,temer,temer-2017-10-18,temer-2017-10-20,primary_provisional,CIDADANIA;DEM;MDB;PL;PP;PSD;PSDB;PTB;PV;REPUBLICANOS,DEM;PMDB;PP;PPS;PR;PRB;PSD;PSDB;PTB;PV,CIDADANIA;DEM;MDB;PL;PP;PSD;PSDB;PTB;PV;REPUBLICANOS,PSDB,person-ivani-dos-santos,person-paulo-pedrosa,unidentified,person-ivani-dos-santos,V5A003,
2017-10-22,temer,temer-2017-10-18,temer-2017-10-20,primary_provisional,CIDADANIA;DEM;MDB;PL;PP;PSD;PSDB;PTB;PV;REPUBLICANOS,DEM;PMDB;PP;PPS;PR;PRB;PSD;PSDB;PTB;PV,CIDADANIA;DEM;MDB;PL;PP;PSD;PSDB;PTB;PV;REPUBLICANOS,PSDB,person-ivani-dos-santos,person-paulo-pedrosa,unidentified,person-ivani-dos-santos,V5A003,
2017-10-23,temer,temer-2017-10-18,temer-2017-10-20,primary_provisional,CIDADANIA;DEM;MDB;PL;PP;PSD;PSDB;PTB;PV;REPUBLICANOS,DEM;PMDB;PP;PPS;PR;PRB;PSD;PSDB;PTB;PV,CIDADANIA;DEM;MDB;PL;PP;PSD;PSDB;PTB;PV;REPUBLICANOS,PSDB,person-ivani-dos-santos,person-paulo-pedrosa,unidentified,person-ivani-dos-santos,V5A003,
2017-10-24,temer,temer-2017-10-18,temer-2017-10-20,primary_provisional,CIDADANIA;DEM;MDB;PL;PP;PSD;PSDB;PTB;PV;REPUBLICANOS,DEM;PMDB;PP;PPS;PR;PRB;PSD;PSDB;PTB;PV,CIDADANIA;DEM;MDB;PL;PP;PSD;PSDB;PTB;PV;REPUBLICANOS,PSDB,person-ivani-dos-santos,person-paulo-pedrosa,unidentified,person-ivani-dos-santos,V5A003,
2017-10-25,temer,temer-2017-10-18,temer-2017-10-25,primary_provisional,CIDADANIA;DEM;MDB;PL;PP;PSD;PSDB;PTB;PV;REPUBLICANOS,DEM;PMDB;PP;PPS;PR;PRB;PSD;PSDB;PTB;PV,CIDADANIA;DEM;MDB;PL;PP;PSD;PSDB;PTB;PV;REPUBLICANOS,PSDB,person-ivani-dos-santos,person-paulo-pedrosa,unidentified,person-ivani-dos-santos,V5A003,
2017-10-26,temer,temer-2017-10-18,temer-2017-10-26,primary_adjudicated,CIDADANIA;DEM;MDB;PL;PP;PSD;PSDB;PTB;PV;REPUBLICANOS,DEM;PMDB;PP;PPS;PR;PRB;PSD;PSDB;PTB;PV,CIDADANIA;DEM;MDB;PL;PP;PSD;PSDB;PTB;PV;REPUBLICANOS,,,,established,,,
2017-10-27,temer,temer-2017-10-18,temer-2017-10-26,primary_adjudicated,CIDADANIA;DEM;MDB;PL;PP;PSD;PSDB;PTB;PV;REPUBLICANOS,DEM;PMDB;PP;PPS;PR;PRB;PSD;PSDB;PTB;PV,CIDADANIA;DEM;MDB;PL;PP;PSD;PSDB;PTB;PV;REPUBLICANOS,,,,established,,,
2017-10-28,temer,temer-2017-10-18,temer-2017-10-26,primary_adjudicated,CIDADANIA;DEM;MDB;PL;PP;PSD;PSDB;PTB;PV;REPUBLICANOS,DEM;PMDB;PP;PPS;PR;PRB;PSD;PSDB;PTB;PV,CIDADANIA;DEM;MDB;PL;PP;PSD;PSDB;PTB;PV;REPUBLICANOS,,,,established,,,
2017-10-29,temer,temer-2017-10-18,temer-2017-10-26,primary_adjudicated,CIDADANIA;DEM;MDB;PL;PP;PSD;PSDB;PTB;PV;REPUBLICANOS,DEM;PMDB;PP;PPS;PR;PRB;PSD;PSDB;PTB;PV,CIDADANIA;DEM;MDB;PL;PP;PSD;PSDB;PTB;PV;REPUBLICANOS,,,,established,,,
2017-10-30,temer,temer-2017-10-18,temer-2017-10-26,primary_adjudicated,CIDADANIA;DEM;MDB;PL;PP;PSD;PSDB;PTB;PV;REPUBLICANOS,DEM;PMDB;PP;PPS;PR;PRB;PSD;PSDB;PTB;PV,CIDADANIA;DEM;MDB;PL;PP;PSD;PSDB;PTB;PV;REPUBLICANOS,,,,established,,,
2017-10-31,temer,temer-2017-10-18,temer-2017-10-26,primary_adjudicated,CIDADANIA;DEM;MDB;PL;PP;PSD;PSDB;PTB;PV;REPUBLICANOS,DEM;PMDB;PP;PPS;PR;PRB;PSD;PSDB;PTB;PV,CIDADANIA;DEM;MDB;PL;PP;PSD;PSDB;PTB;PV;REPUBLICANOS,,,,established,,,
2017-11-01,temer,temer-2017-10-18,temer-2017-11-01,primary_adjudicated,CIDADANIA;DEM;MDB;PL;PP;PSD;PSDB;PTB;PV;REPUBLICANOS,DEM;PMDB;PP;PPS;PR;PRB;PSD;PSDB;PTB;PV,CIDADANIA;DEM;MDB;PL;PP;PSD;PSDB;PTB;PV;REPUBLICANOS,,,,established,,,
2017-11-02,temer,temer-2017-10-18,temer-2017-11-01,primary_adjudicated,CIDADANIA;DEM;MDB;PL;PP;PSD;PSDB;PTB;PV;REPUBLICANOS,DEM;PMDB;PP;PPS;PR;PRB;PSD;PSDB;PTB;PV,CIDADANIA;DEM;MDB;PL;PP;PSD;PSDB;PTB;PV;REPUBLICANOS,,,,established,,,
2017-11-03,temer,temer-2017-10-18,temer-2017-11-01,primary_adjudicated,CIDADANIA;DEM;MDB;PL;PP;PSD;PSDB;PTB;PV;REPUBLICANOS,DEM;PMDB;PP;PPS;PR;PRB;PSD;PSDB;PTB;PV,CIDADANIA;DEM;MDB;PL;PP;PSD;PSDB;PTB;PV;REPUBLICANOS,,,,established,,,
2017-11-04,temer,temer-2017-10-18,temer-2017-11-01,primary_adjudicated,CIDADANIA;DEM;MDB;PL;PP;PSD;PSDB;PTB;PV;REPUBLICANOS,DEM;PMDB;PP;PPS;PR;PRB;PSD;PSDB;PTB;PV,CIDADANIA;DEM;MDB;PL;PP;PSD;PSDB;PTB;PV;REPUBLICANOS,,,,established,,,
2017-11-05,temer,temer-2017-10-18,temer-2017-11-01,primary_adjudicated,CIDADANIA;DEM;MDB;PL;PP;PSD;PSDB;PTB;PV;REPUBLICANOS,DEM;PMDB;PP;PPS;PR;PRB;PSD;PSDB;PTB;PV,CIDADANIA;DEM;MDB;PL;PP;PSD;PSDB;PTB;PV;REPUBLICANOS,,,,established,,,
2017-11-06,temer,temer-2017-10-18,temer-2017-11-01,primary_adjudicated,CIDADANIA;DEM;MDB;PL;PP;PSD;PSDB;PTB;PV;REPUBLICANOS,DEM;PMDB;PP;PPS;PR;PRB;PSD;PSDB;PTB;PV,CIDADANIA;DEM;MDB;PL;PP;PSD;PSDB;PTB;PV;REPUBLICANOS,,,,established,,,
2017-11-07,temer,temer-2017-10-18,temer-2017-11-01,primary_adjudicated,CIDADANIA;DEM;MDB;PL;PP;PSD;PSDB;PTB;PV;REPUBLICANOS,DEM;PMDB;PP;PPS;PR;PRB;PSD;PSDB;PTB;PV,CIDADANIA;DEM;MDB;PL;PP;PSD;PSDB;PTB;PV;REPUBLICANOS,,,,established,,,
2017-11-08,temer,temer-2017-10-18,temer-2017-11-01,primary_adjudicated,CIDADANIA;DEM;MDB;PL;PP;PSD;PSDB;PTB;PV;REPUBLICANOS,DEM;PMDB;PP;PPS;PR;PRB;PSD;PSDB;PTB;PV,CIDADANIA;DEM;MDB;PL;PP;PSD;PSDB;PTB;PV;REPUBLICANOS,,,,established,,,
2017-11-09,temer,temer-2017-10-18,temer-2017-11-01,primary_adjudicated,CIDADANIA;DEM;MDB;PL;PP;PSD;PSDB;PTB;PV;REPUBLICANOS,DEM;PMDB;PP;PPS;PR;PRB;PSD;PSDB;PTB;PV,CIDADANIA;DEM;MDB;PL;PP;PSD;PSDB;PTB;PV;REPUBLICANOS,,,,established,,,
2017-11-10,temer,temer-2017-10-18,temer-2017-11-01,primary_adjudicated,CIDADANIA;DEM;MDB;PL;PP;PSD;PSDB;PTB;PV;REPUBLICANOS,DEM;PMDB;PP;PPS;PR;PRB;PSD;PSDB;PTB;PV,CIDADANIA;DEM;MDB;PL;PP;PSD;PSDB;PTB;PV;REPUBLICANOS,,,,established,,,
2017-11-11,temer,temer-2017-10-18,temer-2017-11-01,primary_adjudicated,CIDADANIA;DEM;MDB;PL;PP;PSD;PSDB;PTB;PV;REPUBLICANOS,DEM;PMDB;PP;PPS;PR;PRB;PSD;PSDB;PTB;PV,CIDADANIA;DEM;MDB;PL;PP;PSD;PSDB;PTB;PV;REPUBLICANOS,,,,established,,,
2017-11-12,temer,temer-2017-10-18,temer-2017-11-01,primary_adjudicated,CIDADANIA;DEM;MDB;PL;PP;PSD;PSDB;PTB;PV;REPUBLICANOS,DEM;PMDB;PP;PPS;PR;PRB;PSD;PSDB;PTB;PV,CIDADANIA;DEM;MDB;PL;PP;PSD;PSDB;PTB;PV;REPUBLICANOS,,,,established,,,
2017-11-13,temer,temer-2017-10-18,temer-2017-11-13,primary_adjudicated,CIDADANIA;DEM;MDB;PL;PP;PSD;PSDB;PTB;PV;REPUBLICANOS,DEM;PMDB;PP;PPS;PR;PRB;PSD;PSDB;PTB;PV,CIDADANIA;DEM;MDB;PL;PP;PSD;PSDB;PTB;PV;REPUBLICANOS,,,,established,,,
2017-11-14,temer,temer-2017-10-18,temer-2017-11-13,primary_adjudicated,CIDADANIA;DEM;MDB;PL;PP;PSD;PSDB;PTB;PV;REPUBLICANOS,DEM;PMDB;PP;PPS;PR;PRB;PSD;PSDB;PTB;PV,CIDADANIA;DEM;MDB;PL;PP;PSD;PSDB;PTB;PV;REPUBLICANOS,,,,established,,,
2017-11-15,temer,temer-2017-10-18,temer-2017-11-13,primary_adjudicated,CIDADANIA;DEM;MDB;PL;PP;PSD;PSDB;PTB;PV;REPUBLICANOS,DEM;PMDB;PP;PPS;PR;PRB;PSD;PSDB;PTB;PV,CIDADANIA;DEM;MDB;PL;PP;PSD;PSDB;PTB;PV;REPUBLICANOS,,,,established,,,
2017-11-16,temer,temer-2017-10-18,temer-2017-11-13,primary_adjudicated,CIDADANIA;DEM;MDB;PL;PP;PSD;PSDB;PTB;PV;REPUBLICANOS,DEM;PMDB;PP;PPS;PR;PRB;PSD;PSDB;PTB;PV,CIDADANIA;DEM;MDB;PL;PP;PSD;PSDB;PTB;PV;REPUBLICANOS,,,,established,,,
2017-11-17,temer,temer-2017-10-18,temer-2017-11-13,primary_adjudicated,CIDADANIA;DEM;MDB;PL;PP;PSD;PSDB;PTB;PV;REPUBLICANOS,DEM;PMDB;PP;PPS;PR;PRB;PSD;PSDB;PTB;PV,CIDADANIA;DEM;MDB;PL;PP;PSD;PSDB;PTB;PV;REPUBLICANOS,,,,established,,,
2017-11-18,temer,temer-2017-10-18,temer-2017-11-13,primary_adjudicated,CIDADANIA;DEM;MDB;PL;PP;PSD;PSDB;PTB;PV;REPUBLICANOS,DEM;PMDB;PP;PPS;PR;PRB;PSD;PSDB;PTB;PV,CIDADANIA;DEM;MDB;PL;PP;PSD;PSDB;PTB;PV;REPUBLICANOS,,,,established,,,
2017-11-19,temer,temer-2017-10-18,temer-2017-11-13,primary_adjudicated,CIDADANIA;DEM;MDB;PL;PP;PSD;PSDB;PTB;PV;REPUBLICANOS,DEM;PMDB;PP;PPS;PR;PRB;PSD;PSDB;PTB;PV,CIDADANIA;DEM;MDB;PL;PP;PSD;PSDB;PTB;PV;REPUBLICANOS,,,,established,,,
2017-11-20,temer,temer-2017-10-18,temer-2017-11-13,primary_adjudicated,CIDADANIA;DEM;MDB;PL;PP;PSD;PSDB;PTB;PV;REPUBLICANOS,DEM;PMDB;PP;PPS;PR;PRB;PSD;PSDB;PTB;PV,CIDADANIA;DEM;MDB;PL;PP;PSD;PSDB;PTB;PV;REPUBLICANOS,,,,established,,,
2017-11-21,temer,temer-2017-10-18,temer-2017-11-13,primary_adjudicated,CIDADANIA;DEM;MDB;PL;PP;PSD;PSDB;PTB;PV;REPUBLICANOS,DEM;PMDB;PP;PPS;PR;PRB;PSD;PSDB;PTB;PV,CIDADANIA;DEM;MDB;PL;PP;PSD;PSDB;PTB;PV;REPUBLICANOS,,,,established,,,
2017-11-22,temer,temer-2017-10-18,temer-2017-11-22,primary_adjudicated,CIDADANIA;DEM;MDB;PL;PP;PSD;PSDB;PTB;PV;REPUBLICANOS,DEM;PMDB;PP;PPS;PR;PRB;PSD;PSDB;PTB;PV,CIDADANIA;DEM;MDB;PL;PP;PSD;PSDB;PTB;PV;REPUBLICANOS,,,,established,,,
2017-11-23,temer,temer-2017-10-18,temer-2017-11-22,primary_adjudicated,CIDADANIA;DEM;MDB;PL;PP;PSD;PSDB;PTB;PV;REPUBLICANOS,DEM;PMDB;PP;PPS;PR;PRB;PSD;PSDB;PTB;PV,CIDADANIA;DEM;MDB;PL;PP;PSD;PSDB;PTB;PV;REPUBLICANOS,,,,established,,,
2017-11-24,temer,temer-2017-10-18,temer-2017-11-22,primary_adjudicated,CIDADANIA;DEM;MDB;PL;PP;PSD;PSDB;PTB;PV;REPUBLICANOS,DEM;PMDB;PP;PPS;PR;PRB;PSD;PSDB;PTB;PV,CIDADANIA;DEM;MDB;PL;PP;PSD;PSDB;PTB;PV;REPUBLICANOS,,,,established,,,
2017-11-25,temer,temer-2017-10-18,temer-2017-11-22,primary_adjudicated,CIDADANIA;DEM;MDB;PL;PP;PSD;PSDB;PTB;PV;REPUBLICANOS,DEM;PMDB;PP;PPS;PR;PRB;PSD;PSDB;PTB;PV,CIDADANIA;DEM;MDB;PL;PP;PSD;PSDB;PTB;PV;REPUBLICANOS,,,,established,,,
2017-11-26,temer,temer-2017-10-18,temer-2017-11-22,primary_adjudicated,CIDADANIA;DEM;MDB;PL;PP;PSD;PSDB;PTB;PV;REPUBLICANOS,DEM;PMDB;PP;PPS;PR;PRB;PSD;PSDB;PTB;PV,CIDADANIA;DEM;MDB;PL;PP;PSD;PSDB;PTB;PV;REPUBLICANOS,,,,established,,,
2017-11-27,temer,temer-2017-10-18,temer-2017-11-22,primary_adjudicated,CIDADANIA;DEM;MDB;PL;PP;PSD;PSDB;PTB;PV;REPUBLICANOS,DEM;PMDB;PP;PPS;PR;PRB;PSD;PSDB;PTB;PV,CIDADANIA;DEM;MDB;PL;PP;PSD;PSDB;PTB;PV;REPUBLICANOS,,,,established,,,
2017-11-28,temer,temer-2017-10-18,temer-2017-11-22,primary_adjudicated,CIDADANIA;DEM;MDB;PL;PP;PSD;PSDB;PTB;PV;REPUBLICANOS,DEM;PMDB;PP;PPS;PR;PRB;PSD;PSDB;PTB;PV,CIDADANIA;DEM;MDB;PL;PP;PSD;PSDB;PTB;PV;REPUBLICANOS,,,,established,,,
2017-11-29,temer,temer-2017-10-18,temer-2017-11-22,primary_adjudicated,CIDADANIA;DEM;MDB;PL;PP;PSD;PSDB;PTB;PV;REPUBLICANOS,DEM;PMDB;PP;PPS;PR;PRB;PSD;PSDB;PTB;PV,CIDADANIA;DEM;MDB;PL;PP;PSD;PSDB;PTB;PV;REPUBLICANOS,,,,established,,,
2017-11-30,temer,temer-2017-10-18,temer-2017-11-30,primary_adjudicated,CIDADANIA;DEM;MDB;PL;PP;PSD;PSDB;PTB;PV;REPUBLICANOS,DEM;PMDB;PP;PPS;PR;PRB;PSD;PSDB;PTB;PV,CIDADANIA;DEM;MDB;PL;PP;PSD;PSDB;PTB;PV;REPUBLICANOS,,,,established,,,
2017-12-01,temer,temer-2017-10-18,temer-2017-11-30,primary_adjudicated,CIDADANIA;DEM;MDB;PL;PP;PSD;PSDB;PTB;PV;REPUBLICANOS,DEM;PMDB;PP;PPS;PR;PRB;PSD;PSDB;PTB;PV,CIDADANIA;DEM;MDB;PL;PP;PSD;PSDB;PTB;PV;REPUBLICANOS,,,,established,,,
2017-12-02,temer,temer-2017-10-18,temer-2017-11-30,primary_adjudicated,CIDADANIA;DEM;MDB;PL;PP;PSD;PSDB;PTB;PV;REPUBLICANOS,DEM;PMDB;PP;PPS;PR;PRB;PSD;PSDB;PTB;PV,CIDADANIA;DEM;MDB;PL;PP;PSD;PSDB;PTB;PV;REPUBLICANOS,,,,established,,,
2017-12-03,temer,temer-2017-10-18,temer-2017-11-30,primary_adjudicated,CIDADANIA;DEM;MDB;PL;PP;PSD;PSDB;PTB;PV;REPUBLICANOS,DEM;PMDB;PP;PPS;PR;PRB;PSD;PSDB;PTB;PV,CIDADANIA;DEM;MDB;PL;PP;PSD;PSDB;PTB;PV;REPUBLICANOS,,,,established,,,
2017-12-04,temer,temer-2017-10-18,temer-2017-11-30,primary_adjudicated,CIDADANIA;DEM;MDB;PL;PP;PSD;PSDB;PTB;PV;REPUBLICANOS,DEM;PMDB;PP;PPS;PR;PRB;PSD;PSDB;PTB;PV,CIDADANIA;DEM;MDB;PL;PP;PSD;PSDB;PTB;PV;REPUBLICANOS,,,,established,,,
2017-12-05,temer,temer-2017-10-18,temer-2017-11-30,primary_adjudicated,CIDADANIA;DEM;MDB;PL;PP;PSD;PSDB;PTB;PV;REPUBLICANOS,DEM;PMDB;PP;PPS;PR;PRB;PSD;PSDB;PTB;PV,CIDADANIA;DEM;MDB;PL;PP;PSD;PSDB;PTB;PV;REPUBLICANOS,,,,established,,,
2017-12-06,temer,temer-2017-10-18,temer-2017-11-30,primary_adjudicated,CIDADANIA;DEM;MDB;PL;PP;PSD;PSDB;PTB;PV;REPUBLICANOS,DEM;PMDB;PP;PPS;PR;PRB;PSD;PSDB;PTB;PV,CIDADANIA;DEM;MDB;PL;PP;PSD;PSDB;PTB;PV;REPUBLICANOS,,,,established,,,
2017-12-07,temer,temer-2017-10-18,temer-2017-11-30,primary_adjudicated,CIDADANIA;DEM;MDB;PL;PP;PSD;PSDB;PTB;PV;REPUBLICANOS,DEM;PMDB;PP;PPS;PR;PRB;PSD;PSDB;PTB;PV,CIDADANIA;DEM;MDB;PL;PP;PSD;PSDB;PTB;PV;REPUBLICANOS,,,,established,,,
2017-12-08,temer,temer-2017-10-18,temer-2017-11-30,primary_adjudicated,CIDADANIA;DEM;MDB;PL;PP;PSD;PSDB;PTB;PV;REPUBLICANOS,DEM;PMDB;PP;PPS;PR;PRB;PSD;PSDB;PTB;PV,CIDADANIA;DEM;MDB;PL;PP;PSD;PSDB;PTB;PV;REPUBLICANOS,,,,established,,,
2017-12-09,temer,temer-2017-10-18,temer-2017-11-30,primary_adjudicated,CIDADANIA;DEM;MDB;PL;PP;PSD;PSDB;PTB;PV;REPUBLICANOS,DEM;PMDB;PP;PPS;PR;PRB;PSD;PSDB;PTB;PV,CIDADANIA;DEM;MDB;PL;PP;PSD;PSDB;PTB;PV;REPUBLICANOS,,,,established,,,
2017-12-10,temer,temer-2017-10-18,temer-2017-11-30,primary_adjudicated,CIDADANIA;DEM;MDB;PL;PP;PSD;PSDB;PTB;PV;REPUBLICANOS,DEM;PMDB;PP;PPS;PR;PRB;PSD;PSDB;PTB;PV,CIDADANIA;DEM;MDB;PL;PP;PSD;PSDB;PTB;PV;REPUBLICANOS,,,,established,,,
2017-12-11,temer,temer-2017-10-18,temer-2017-11-30,primary_adjudicated,CIDADANIA;DEM;MDB;PL;PP;PSD;PSDB;PTB;PV;REPUBLICANOS,DEM;PMDB;PP;PPS;PR;PRB;PSD;PSDB;PTB;PV,CIDADANIA;DEM;MDB;PL;PP;PSD;PSDB;PTB;PV;REPUBLICANOS,,,,established,,,
2017-12-12,temer,temer-2017-10-18,temer-2017-11-30,primary_adjudicated,CIDADANIA;DEM;MDB;PL;PP;PSD;PSDB;PTB;PV;REPUBLICANOS,DEM;PMDB;PP;PPS;PR;PRB;PSD;PSDB;PTB;PV,CIDADANIA;DEM;MDB;PL;PP;PSD;PSDB;PTB;PV;REPUBLICANOS,,,,established,,,
2017-12-13,temer,temer-2017-10-18,temer-2017-11-30,primary_adjudicated,CIDADANIA;DEM;MDB;PL;PP;PSD;PSDB;PTB;PV;REPUBLICANOS,DEM;PMDB;PP;PPS;PR;PRB;PSD;PSDB;PTB;PV,CIDADANIA;DEM;MDB;PL;PP;PSD;PSDB;PTB;PV;REPUBLICANOS,,,,established,,,
2017-12-14,temer,temer-2017-10-18,temer-2017-11-30,primary_adjudicated,CIDADANIA;DEM;MDB;PL;PP;PSD;PSDB;PTB;PV;REPUBLICANOS,DEM;PMDB;PP;PPS;PR;PRB;PSD;PSDB;PTB;PV,CIDADANIA;DEM;MDB;PL;PP;PSD;PSDB;PTB;PV;REPUBLICANOS,,,,established,,,
2017-12-15,temer,temer-2017-10-18,temer-2017-12-15,primary_adjudicated,CIDADANIA;DEM;MDB;PL;PP;PSD;PSDB;PTB;PV;REPUBLICANOS,DEM;PMDB;PP;PPS;PR;PRB;PSD;PSDB;PTB;PV,CIDADANIA;DEM;MDB;PL;PP;PSD;PSDB;PTB;PV;REPUBLICANOS,,,,established,,,
2017-12-16,temer,temer-2017-10-18,temer-2017-12-15,primary_adjudicated,CIDADANIA;DEM;MDB;PL;PP;PSD;PSDB;PTB;PV;REPUBLICANOS,DEM;PMDB;PP;PPS;PR;PRB;PSD;PSDB;PTB;PV,CIDADANIA;DEM;MDB;PL;PP;PSD;PSDB;PTB;PV;REPUBLICANOS,,,,established,,,
2017-12-17,temer,temer-2017-10-18,temer-2017-12-15,primary_adjudicated,CIDADANIA;DEM;MDB;PL;PP;PSD;PSDB;PTB;PV;REPUBLICANOS,DEM;PMDB;PP;PPS;PR;PRB;PSD;PSDB;PTB;PV,CIDADANIA;DEM;MDB;PL;PP;PSD;PSDB;PTB;PV;REPUBLICANOS,,,,established,,,
2017-12-18,temer,temer-2017-10-18,temer-2017-12-15,primary_adjudicated,CIDADANIA;DEM;MDB;PL;PP;PSD;PSDB;PTB;PV;REPUBLICANOS,DEM;PMDB;PP;PPS;PR;PRB;PSD;PSDB;PTB;PV,CIDADANIA;DEM;MDB;PL;PP;PSD;PSDB;PTB;PV;REPUBLICANOS,,,,established,,,
2017-12-19,temer,temer-2017-10-18,temer-2017-12-15,primary_adjudicated,CIDADANIA;DEM;MDB;PL;PP;PSD;PSDB;PTB;PV;REPUBLICANOS,DEM;PMDB;PP;PPS;PR;PRB;PSD;PSDB;PTB;PV,CIDADANIA;DEM;MDB;PL;PP;PSD;PSDB;PTB;PV;REPUBLICANOS,,,,established,,,
2017-12-20,temer,temer-2017-10-18,temer-2017-12-15,primary_adjudicated,CIDADANIA;DEM;MDB;PL;PP;PSD;PSDB;PTB;PV;REPUBLICANOS,DEM;PMDB;PP;PPS;PR;PRB;PSD;PSDB;PTB;PV,CIDADANIA;DEM;MDB;PL;PP;PSD;PSDB;PTB;PV;REPUBLICANOS,,,,established,,,
2017-12-21,temer,temer-2017-10-18,temer-2017-12-15,primary_adjudicated,CIDADANIA;DEM;MDB;PL;PP;PSD;PSDB;PTB;PV;REPUBLICANOS,DEM;PMDB;PP;PPS;PR;PRB;PSD;PSDB;PTB;PV,CIDADANIA;DEM;MDB;PL;PP;PSD;PSDB;PTB;PV;REPUBLICANOS,,,,established,,,
2017-12-22,temer,temer-2017-10-18,temer-2017-12-15,primary_adjudicated,CIDADANIA;DEM;MDB;PL;PP;PSD;PSDB;PTB;PV;REPUBLICANOS,DEM;PMDB;PP;PPS;PR;PRB;PSD;PSDB;PTB;PV,CIDADANIA;DEM;MDB;PL;PP;PSD;PSDB;PTB;PV;REPUBLICANOS,,,,established,,,
2017-12-23,temer,temer-2017-10-18,temer-2017-12-15,primary_adjudicated,CIDADANIA;DEM;MDB;PL;PP;PSD;PSDB;PTB;PV;REPUBLICANOS,DEM;PMDB;PP;PPS;PR;PRB;PSD;PSDB;PTB;PV,CIDADANIA;DEM;MDB;PL;PP;PSD;PSDB;PTB;PV;REPUBLICANOS,,,,established,,,
2017-12-24,temer,temer-2017-10-18,temer-2017-12-15,primary_adjudicated,CIDADANIA;DEM;MDB;PL;PP;PSD;PSDB;PTB;PV;REPUBLICANOS,DEM;PMDB;PP;PPS;PR;PRB;PSD;PSDB;PTB;PV,CIDADANIA;DEM;MDB;PL;PP;PSD;PSDB;PTB;PV;REPUBLICANOS,,,,established,,,
2017-12-25,temer,temer-2017-10-18,temer-2017-12-15,primary_adjudicated,CIDADANIA;DEM;MDB;PL;PP;PSD;PSDB;PTB;PV;REPUBLICANOS,DEM;PMDB;PP;PPS;PR;PRB;PSD;PSDB;PTB;PV,CIDADANIA;DEM;MDB;PL;PP;PSD;PSDB;PTB;PV;REPUBLICANOS,,,,established,,,
2017-12-26,temer,temer-2017-10-18,temer-2017-12-15,primary_adjudicated,CIDADANIA;DEM;MDB;PL;PP;PSD;PSDB;PTB;PV;REPUBLICANOS,DEM;PMDB;PP;PPS;PR;PRB;PSD;PSDB;PTB;PV,CIDADANIA;DEM;MDB;PL;PP;PSD;PSDB;PTB;PV;REPUBLICANOS,,,,established,,,
2017-12-27,temer,temer-2017-10-18,temer-2017-12-15,primary_adjudicated,CIDADANIA;DEM;MDB;PL;PP;PSD;PSDB;PTB;PV;REPUBLICANOS,DEM;PMDB;PP;PPS;PR;PRB;PSD;PSDB;PTB;PV,CIDADANIA;DEM;MDB;PL;PP;PSD;PSDB;PTB;PV;REPUBLICANOS,,,,established,,,
2017-12-28,temer,temer-2017-10-18,temer-2017-12-15,primary_adjudicated,CIDADANIA;DEM;MDB;PL;PP;PSD;PSDB;PTB;PV;REPUBLICANOS,DEM;PMDB;PP;PPS;PR;PRB;PSD;PSDB;PTB;PV,CIDADANIA;DEM;MDB;PL;PP;PSD;PSDB;PTB;PV;REPUBLICANOS,,,,established,,,
2017-12-29,temer,temer-2017-10-18,temer-2017-12-29,primary_adjudicated,CIDADANIA;DEM;MDB;PL;PP;PSD;PSDB;PTB;PV;REPUBLICANOS,DEM;PMDB;PP;PPS;PR;PRB;PSD;PSDB;PTB;PV,CIDADANIA;DEM;MDB;PL;PP;PSD;PSDB;PTB;PV;REPUBLICANOS,,,,established,,,
2017-12-30,temer,temer-2017-10-18,temer-2017-12-29,primary_adjudicated,CIDADANIA;DEM;MDB;PL;PP;PSD;PSDB;PTB;PV;REPUBLICANOS,DEM;PMDB;PP;PPS;PR;PRB;PSD;PSDB;PTB;PV,CIDADANIA;DEM;MDB;PL;PP;PSD;PSDB;PTB;PV;REPUBLICANOS,,,,established,,,
2017-12-31,temer,temer-2017-10-18,temer-2017-12-29,primary_adjudicated,CIDADANIA;DEM;MDB;PL;PP;PSD;PSDB;PTB;PV;REPUBLICANOS,DEM;PMDB;PP;PPS;PR;PRB;PSD;PSDB;PTB;PV,CIDADANIA;DEM;MDB;PL;PP;PSD;PSDB;PTB;PV;REPUBLICANOS,,,,established,,,
2018-01-01,temer,temer-2017-10-18,temer-2018-01-01,primary_adjudicated,CIDADANIA;DEM;MDB;PL;PP;PSD;PSDB;PTB;PV;REPUBLICANOS,DEM;PMDB;PP;PPS;PR;PRB;PSD;PSDB;PTB;PV,CIDADANIA;DEM;MDB;PL;PP;PSD;PSDB;PTB;PV;REPUBLICANOS,,,,established,,,
2018-01-02,temer,temer-2017-10-18,temer-2018-01-01,primary_adjudicated,CIDADANIA;DEM;MDB;PL;PP;PSD;PSDB;PTB;PV;REPUBLICANOS,DEM;PMDB;PP;PPS;PR;PRB;PSD;PSDB;PTB;PV,CIDADANIA;DEM;MDB;PL;PP;PSD;PSDB;PTB;PV;REPUBLICANOS,,,,established,,,
2018-01-03,temer,temer-2017-10-18,temer-2018-01-01,primary_adjudicated,CIDADANIA;DEM;MDB;PL;PP;PSD;PSDB;PTB;PV;REPUBLICANOS,DEM;PMDB;PP;PPS;PR;PRB;PSD;PSDB;PTB;PV,CIDADANIA;DEM;MDB;PL;PP;PSD;PSDB;PTB;PV;REPUBLICANOS,,,,established,,,
2018-01-04,temer,temer-2017-10-18,temer-2018-01-04,primary_adjudicated,CIDADANIA;DEM;MDB;PL;PP;PSD;PSDB;PTB;PV;REPUBLICANOS,DEM;PMDB;PP;PPS;PR;PRB;PSD;PSDB;PTB;PV,CIDADANIA;DEM;MDB;PL;PP;PSD;PSDB;PTB;PV;REPUBLICANOS,,,,established,,,
2018-01-05,temer,temer-2017-10-18,temer-2018-01-05,primary_adjudicated,CIDADANIA;DEM;MDB;PL;PP;PSD;PSDB;PTB;PV;REPUBLICANOS,DEM;PMDB;PP;PPS;PR;PRB;PSD;PSDB;PTB;PV,CIDADANIA;DEM;MDB;PL;PP;PSD;PSDB;PTB;PV;REPUBLICANOS,,,,established,,,
2018-01-06,temer,temer-2017-10-18,temer-2018-01-05,primary_adjudicated,CIDADANIA;DEM;MDB;PL;PP;PSD;PSDB;PTB;PV;REPUBLICANOS,DEM;PMDB;PP;PPS;PR;PRB;PSD;PSDB;PTB;PV,CIDADANIA;DEM;MDB;PL;PP;PSD;PSDB;PTB;PV;REPUBLICANOS,,,,established,,,
2018-01-07,temer,temer-2017-10-18,temer-2018-01-05,primary_adjudicated,CIDADANIA;DEM;MDB;PL;PP;PSD;PSDB;PTB;PV;REPUBLICANOS,DEM;PMDB;PP;PPS;PR;PRB;PSD;PSDB;PTB;PV,CIDADANIA;DEM;MDB;PL;PP;PSD;PSDB;PTB;PV;REPUBLICANOS,,,,established,,,
2018-01-08,temer,temer-2017-10-18,temer-2018-01-05,primary_adjudicated,CIDADANIA;DEM;MDB;PL;PP;PSD;PSDB;PTB;PV;REPUBLICANOS,DEM;PMDB;PP;PPS;PR;PRB;PSD;PSDB;PTB;PV,CIDADANIA;DEM;MDB;PL;PP;PSD;PSDB;PTB;PV;REPUBLICANOS,,,,established,,,
2018-01-09,temer,temer-2017-10-18,temer-2018-01-05,primary_adjudicated,CIDADANIA;DEM;MDB;PL;PP;PSD;PSDB;PTB;PV;REPUBLICANOS,DEM;PMDB;PP;PPS;PR;PRB;PSD;PSDB;PTB;PV,CIDADANIA;DEM;MDB;PL;PP;PSD;PSDB;PTB;PV;REPUBLICANOS,,,,established,,,
2018-01-10,temer,temer-2017-10-18,temer-2018-01-05,primary_adjudicated,CIDADANIA;DEM;MDB;PL;PP;PSD;PSDB;PTB;PV;REPUBLICANOS,DEM;PMDB;PP;PPS;PR;PRB;PSD;PSDB;PTB;PV,CIDADANIA;DEM;MDB;PL;PP;PSD;PSDB;PTB;PV;REPUBLICANOS,,,,established,,,
2018-01-11,temer,temer-2017-10-18,temer-2018-01-05,primary_adjudicated,CIDADANIA;DEM;MDB;PL;PP;PSD;PSDB;PTB;PV;REPUBLICANOS,DEM;PMDB;PP;PPS;PR;PRB;PSD;PSDB;PTB;PV,CIDADANIA;DEM;MDB;PL;PP;PSD;PSDB;PTB;PV;REPUBLICANOS,,,,established,,,
2018-01-12,temer,temer-2017-10-18,temer-2018-01-05,primary_adjudicated,CIDADANIA;DEM;MDB;PL;PP;PSD;PSDB;PTB;PV;REPUBLICANOS,DEM;PMDB;PP;PPS;PR;PRB;PSD;PSDB;PTB;PV,CIDADANIA;DEM;MDB;PL;PP;PSD;PSDB;PTB;PV;REPUBLICANOS,,,,established,,,
2018-01-13,temer,temer-2017-10-18,temer-2018-01-05,primary_adjudicated,CIDADANIA;DEM;MDB;PL;PP;PSD;PSDB;PTB;PV;REPUBLICANOS,DEM;PMDB;PP;PPS;PR;PRB;PSD;PSDB;PTB;PV,CIDADANIA;DEM;MDB;PL;PP;PSD;PSDB;PTB;PV;REPUBLICANOS,,,,established,,,
2018-01-14,temer,temer-2017-10-18,temer-2018-01-05,primary_adjudicated,CIDADANIA;DEM;MDB;PL;PP;PSD;PSDB;PTB;PV;REPUBLICANOS,DEM;PMDB;PP;PPS;PR;PRB;PSD;PSDB;PTB;PV,CIDADANIA;DEM;MDB;PL;PP;PSD;PSDB;PTB;PV;REPUBLICANOS,,,,established,,,
2018-01-15,temer,temer-2017-10-18,temer-2018-01-05,primary_adjudicated,CIDADANIA;DEM;MDB;PL;PP;PSD;PSDB;PTB;PV;REPUBLICANOS,DEM;PMDB;PP;PPS;PR;PRB;PSD;PSDB;PTB;PV,CIDADANIA;DEM;MDB;PL;PP;PSD;PSDB;PTB;PV;REPUBLICANOS,,,,established,,,
2018-01-16,temer,temer-2017-10-18,temer-2018-01-05,primary_adjudicated,CIDADANIA;DEM;MDB;PL;PP;PSD;PSDB;PTB;PV;REPUBLICANOS,DEM;PMDB;PP;PPS;PR;PRB;PSD;PSDB;PTB;PV,CIDADANIA;DEM;MDB;PL;PP;PSD;PSDB;PTB;PV;REPUBLICANOS,,,,established,,,
2018-01-17,temer,temer-2017-10-18,temer-2018-01-05,primary_adjudicated,CIDADANIA;DEM;MDB;PL;PP;PSD;PSDB;PTB;PV;REPUBLICANOS,DEM;PMDB;PP;PPS;PR;PRB;PSD;PSDB;PTB;PV,CIDADANIA;DEM;MDB;PL;PP;PSD;PSDB;PTB;PV;REPUBLICANOS,,,,established,,,
2018-01-18,temer,temer-2017-10-18,temer-2018-01-05,primary_adjudicated,CIDADANIA;DEM;MDB;PL;PP;PSD;PSDB;PTB;PV;REPUBLICANOS,DEM;PMDB;PP;PPS;PR;PRB;PSD;PSDB;PTB;PV,CIDADANIA;DEM;MDB;PL;PP;PSD;PSDB;PTB;PV;REPUBLICANOS,,,,established,,,
2018-01-19,temer,temer-2017-10-18,temer-2018-01-05,primary_adjudicated,CIDADANIA;DEM;MDB;PL;PP;PSD;PSDB;PTB;PV;REPUBLICANOS,DEM;PMDB;PP;PPS;PR;PRB;PSD;PSDB;PTB;PV,CIDADANIA;DEM;MDB;PL;PP;PSD;PSDB;PTB;PV;REPUBLICANOS,,,,established,,,
2018-01-20,temer,temer-2017-10-18,temer-2018-01-05,primary_adjudicated,CIDADANIA;DEM;MDB;PL;PP;PSD;PSDB;PTB;PV;REPUBLICANOS,DEM;PMDB;PP;PPS;PR;PRB;PSD;PSDB;PTB;PV,CIDADANIA;DEM;MDB;PL;PP;PSD;PSDB;PTB;PV;REPUBLICANOS,,,,established,,,
2018-01-21,temer,temer-2017-10-18,temer-2018-01-05,primary_adjudicated,CIDADANIA;DEM;MDB;PL;PP;PSD;PSDB;PTB;PV;REPUBLICANOS,DEM;PMDB;PP;PPS;PR;PRB;PSD;PSDB;PTB;PV,CIDADANIA;DEM;MDB;PL;PP;PSD;PSDB;PTB;PV;REPUBLICANOS,,,,established,,,
2018-01-22,temer,temer-2017-10-18,temer-2018-01-05,primary_adjudicated,CIDADANIA;DEM;MDB;PL;PP;PSD;PSDB;PTB;PV;REPUBLICANOS,DEM;PMDB;PP;PPS;PR;PRB;PSD;PSDB;PTB;PV,CIDADANIA;DEM;MDB;PL;PP;PSD;PSDB;PTB;PV;REPUBLICANOS,,,,established,,,
2018-01-23,temer,temer-2017-10-18,temer-2018-01-05,primary_adjudicated,CIDADANIA;DEM;MDB;PL;PP;PSD;PSDB;PTB;PV;REPUBLICANOS,DEM;PMDB;PP;PPS;PR;PRB;PSD;PSDB;PTB;PV,CIDADANIA;DEM;MDB;PL;PP;PSD;PSDB;PTB;PV;REPUBLICANOS,,,,established,,,
2018-01-24,temer,temer-2017-10-18,temer-2018-01-05,primary_adjudicated,CIDADANIA;DEM;MDB;PL;PP;PSD;PSDB;PTB;PV;REPUBLICANOS,DEM;PMDB;PP;PPS;PR;PRB;PSD;PSDB;PTB;PV,CIDADANIA;DEM;MDB;PL;PP;PSD;PSDB;PTB;PV;REPUBLICANOS,,,,established,,,
2018-01-25,temer,temer-2017-10-18,temer-2018-01-05,primary_adjudicated,CIDADANIA;DEM;MDB;PL;PP;PSD;PSDB;PTB;PV;REPUBLICANOS,DEM;PMDB;PP;PPS;PR;PRB;PSD;PSDB;PTB;PV,CIDADANIA;DEM;MDB;PL;PP;PSD;PSDB;PTB;PV;REPUBLICANOS,,,,established,,,
2018-01-26,temer,temer-2017-10-18,temer-2018-01-05,primary_adjudicated,CIDADANIA;DEM;MDB;PL;PP;PSD;PSDB;PTB;PV;REPUBLICANOS,DEM;PMDB;PP;PPS;PR;PRB;PSD;PSDB;PTB;PV,CIDADANIA;DEM;MDB;PL;PP;PSD;PSDB;PTB;PV;REPUBLICANOS,,,,established,,,
2018-01-27,temer,temer-2017-10-18,temer-2018-01-05,primary_adjudicated,CIDADANIA;DEM;MDB;PL;PP;PSD;PSDB;PTB;PV;REPUBLICANOS,DEM;PMDB;PP;PPS;PR;PRB;PSD;PSDB;PTB;PV,CIDADANIA;DEM;MDB;PL;PP;PSD;PSDB;PTB;PV;REPUBLICANOS,,,,established,,,
2018-01-28,temer,temer-2017-10-18,temer-2018-01-05,primary_adjudicated,CIDADANIA;DEM;MDB;PL;PP;PSD;PSDB;PTB;PV;REPUBLICANOS,DEM;PMDB;PP;PPS;PR;PRB;PSD;PSDB;PTB;PV,CIDADANIA;DEM;MDB;PL;PP;PSD;PSDB;PTB;PV;REPUBLICANOS,,,,established,,,
2018-01-29,temer,temer-2017-10-18,temer-2018-01-05,primary_adjudicated,CIDADANIA;DEM;MDB;PL;PP;PSD;PSDB;PTB;PV;REPUBLICANOS,DEM;PMDB;PP;PPS;PR;PRB;PSD;PSDB;PTB;PV,CIDADANIA;DEM;MDB;PL;PP;PSD;PSDB;PTB;PV;REPUBLICANOS,,,,established,,,
2018-01-30,temer,temer-2017-10-18,temer-2018-01-05,primary_adjudicated,CIDADANIA;DEM;MDB;PL;PP;PSD;PSDB;PTB;PV;REPUBLICANOS,DEM;PMDB;PP;PPS;PR;PRB;PSD;PSDB;PTB;PV,CIDADANIA;DEM;MDB;PL;PP;PSD;PSDB;PTB;PV;REPUBLICANOS,,,,established,,,
2018-01-31,temer,temer-2017-10-18,temer-2018-01-05,primary_adjudicated,CIDADANIA;DEM;MDB;PL;PP;PSD;PSDB;PTB;PV;REPUBLICANOS,DEM;PMDB;PP;PPS;PR;PRB;PSD;PSDB;PTB;PV,CIDADANIA;DEM;MDB;PL;PP;PSD;PSDB;PTB;PV;REPUBLICANOS,,,,established,,,
2018-02-01,temer,temer-2017-10-18,temer-2018-01-05,primary_adjudicated,CIDADANIA;DEM;MDB;PL;PP;PSD;PSDB;PTB;PV;REPUBLICANOS,DEM;PMDB;PP;PPS;PR;PRB;PSD;PSDB;PTB;PV,CIDADANIA;DEM;MDB;PL;PP;PSD;PSDB;PTB;PV;REPUBLICANOS,,,,established,,,
2018-02-02,temer,temer-2017-10-18,temer-2018-01-05,primary_adjudicated,CIDADANIA;DEM;MDB;PL;PP;PSD;PSDB;PTB;PV;REPUBLICANOS,DEM;PMDB;PP;PPS;PR;PRB;PSD;PSDB;PTB;PV,CIDADANIA;DEM;MDB;PL;PP;PSD;PSDB;PTB;PV;REPUBLICANOS,,,,established,,,
2018-02-03,temer,temer-2017-10-18,temer-2018-01-05,primary_adjudicated,CIDADANIA;DEM;MDB;PL;PP;PSD;PSDB;PTB;PV;REPUBLICANOS,DEM;PMDB;PP;PPS;PR;PRB;PSD;PSDB;PTB;PV,CIDADANIA;DEM;MDB;PL;PP;PSD;PSDB;PTB;PV;REPUBLICANOS,,,,established,,,
2018-02-04,temer,temer-2017-10-18,temer-2018-01-05,primary_adjudicated,CIDADANIA;DEM;MDB;PL;PP;PSD;PSDB;PTB;PV;REPUBLICANOS,DEM;PMDB;PP;PPS;PR;PRB;PSD;PSDB;PTB;PV,CIDADANIA;DEM;MDB;PL;PP;PSD;PSDB;PTB;PV;REPUBLICANOS,,,,established,,,
2018-02-05,temer,temer-2017-10-18,temer-2018-01-05,primary_adjudicated,CIDADANIA;DEM;MDB;PL;PP;PSD;PSDB;PTB;PV;REPUBLICANOS,DEM;PMDB;PP;PPS;PR;PRB;PSD;PSDB;PTB;PV,CIDADANIA;DEM;MDB;PL;PP;PSD;PSDB;PTB;PV;REPUBLICANOS,,,,established,,,
2018-02-06,temer,temer-2017-10-18,temer-2018-01-05,primary_adjudicated,CIDADANIA;DEM;MDB;PL;PP;PSD;PSDB;PTB;PV;REPUBLICANOS,DEM;PMDB;PP;PPS;PR;PRB;PSD;PSDB;PTB;PV,CIDADANIA;DEM;MDB;PL;PP;PSD;PSDB;PTB;PV;REPUBLICANOS,,,,established,,,
2018-02-07,temer,temer-2017-10-18,temer-2018-01-05,primary_adjudicated,CIDADANIA;DEM;MDB;PL;PP;PSD;PSDB;PTB;PV;REPUBLICANOS,DEM;PMDB;PP;PPS;PR;PRB;PSD;PSDB;PTB;PV,CIDADANIA;DEM;MDB;PL;PP;PSD;PSDB;PTB;PV;REPUBLICANOS,,,,established,,,
2018-02-08,temer,temer-2017-10-18,temer-2018-01-05,primary_adjudicated,CIDADANIA;DEM;MDB;PL;PP;PSD;PSDB;PTB;PV;REPUBLICANOS,DEM;PMDB;PP;PPS;PR;PRB;PSD;PSDB;PTB;PV,CIDADANIA;DEM;MDB;PL;PP;PSD;PSDB;PTB;PV;REPUBLICANOS,,,,established,,,
2018-02-09,temer,temer-2017-10-18,temer-2018-01-05,primary_adjudicated,CIDADANIA;DEM;MDB;PL;PP;PSD;PSDB;PTB;PV;REPUBLICANOS,DEM;PMDB;PP;PPS;PR;PRB;PSD;PSDB;PTB;PV,CIDADANIA;DEM;MDB;PL;PP;PSD;PSDB;PTB;PV;REPUBLICANOS,,,,established,,,
2018-02-10,temer,temer-2017-10-18,temer-2018-01-05,primary_adjudicated,CIDADANIA;DEM;MDB;PL;PP;PSD;PSDB;PTB;PV;REPUBLICANOS,DEM;PMDB;PP;PPS;PR;PRB;PSD;PSDB;PTB;PV,CIDADANIA;DEM;MDB;PL;PP;PSD;PSDB;PTB;PV;REPUBLICANOS,,,,established,,,
2018-02-11,temer,temer-2017-10-18,temer-2018-01-05,primary_adjudicated,CIDADANIA;DEM;MDB;PL;PP;PSD;PSDB;PTB;PV;REPUBLICANOS,DEM;PMDB;PP;PPS;PR;PRB;PSD;PSDB;PTB;PV,CIDADANIA;DEM;MDB;PL;PP;PSD;PSDB;PTB;PV;REPUBLICANOS,,,,established,,,
2018-02-12,temer,temer-2017-10-18,temer-2018-01-05,primary_adjudicated,CIDADANIA;DEM;MDB;PL;PP;PSD;PSDB;PTB;PV;REPUBLICANOS,DEM;PMDB;PP;PPS;PR;PRB;PSD;PSDB;PTB;PV,CIDADANIA;DEM;MDB;PL;PP;PSD;PSDB;PTB;PV;REPUBLICANOS,,,,established,,,
2018-02-13,temer,temer-2017-10-18,temer-2018-01-05,primary_adjudicated,CIDADANIA;DEM;MDB;PL;PP;PSD;PSDB;PTB;PV;REPUBLICANOS,DEM;PMDB;PP;PPS;PR;PRB;PSD;PSDB;PTB;PV,CIDADANIA;DEM;MDB;PL;PP;PSD;PSDB;PTB;PV;REPUBLICANOS,,,,established,,,
2018-02-14,temer,temer-2017-10-18,temer-2018-01-05,primary_adjudicated,CIDADANIA;DEM;MDB;PL;PP;PSD;PSDB;PTB;PV;REPUBLICANOS,DEM;PMDB;PP;PPS;PR;PRB;PSD;PSDB;PTB;PV,CIDADANIA;DEM;MDB;PL;PP;PSD;PSDB;PTB;PV;REPUBLICANOS,,,,established,,,
2018-02-15,temer,temer-2017-10-18,temer-2018-01-05,primary_adjudicated,CIDADANIA;DEM;MDB;PL;PP;PSD;PSDB;PTB;PV;REPUBLICANOS,DEM;PMDB;PP;PPS;PR;PRB;PSD;PSDB;PTB;PV,CIDADANIA;DEM;MDB;PL;PP;PSD;PSDB;PTB;PV;REPUBLICANOS,,,,established,,,
2018-02-16,temer,temer-2017-10-18,temer-2018-01-05,primary_adjudicated,CIDADANIA;DEM;MDB;PL;PP;PSD;PSDB;PTB;PV;REPUBLICANOS,DEM;PMDB;PP;PPS;PR;PRB;PSD;PSDB;PTB;PV,CIDADANIA;DEM;MDB;PL;PP;PSD;PSDB;PTB;PV;REPUBLICANOS,,,,established,,,
2018-02-17,temer,temer-2017-10-18,temer-2018-01-05,primary_adjudicated,CIDADANIA;DEM;MDB;PL;PP;PSD;PSDB;PTB;PV;REPUBLICANOS,DEM;PMDB;PP;PPS;PR;PRB;PSD;PSDB;PTB;PV,CIDADANIA;DEM;MDB;PL;PP;PSD;PSDB;PTB;PV;REPUBLICANOS,,,,established,,,
2018-02-18,temer,temer-2017-10-18,temer-2018-01-05,primary_adjudicated,CIDADANIA;DEM;MDB;PL;PP;PSD;PSDB;PTB;PV;REPUBLICANOS,DEM;PMDB;PP;PPS;PR;PRB;PSD;PSDB;PTB;PV,CIDADANIA;DEM;MDB;PL;PP;PSD;PSDB;PTB;PV;REPUBLICANOS,,,,established,,,
2018-02-19,temer,temer-2017-10-18,temer-2018-01-05,primary_adjudicated,CIDADANIA;DEM;MDB;PL;PP;PSD;PSDB;PTB;PV;REPUBLICANOS,DEM;PMDB;PP;PPS;PR;PRB;PSD;PSDB;PTB;PV,CIDADANIA;DEM;MDB;PL;PP;PSD;PSDB;PTB;PV;REPUBLICANOS,,,,established,,,
2018-02-20,temer,temer-2017-10-18,temer-2018-02-20,primary_adjudicated,CIDADANIA;DEM;MDB;PL;PP;PSD;PSDB;PTB;PV;REPUBLICANOS,DEM;PMDB;PP;PPS;PR;PRB;PSD;PSDB;PTB;PV,CIDADANIA;DEM;MDB;PL;PP;PSD;PSDB;PTB;PV;REPUBLICANOS,,,,established,,,
2018-02-21,temer,temer-2017-10-18,temer-2018-02-20,primary_adjudicated,CIDADANIA;DEM;MDB;PL;PP;PSD;PSDB;PTB;PV;REPUBLICANOS,DEM;PMDB;PP;PPS;PR;PRB;PSD;PSDB;PTB;PV,CIDADANIA;DEM;MDB;PL;PP;PSD;PSDB;PTB;PV;REPUBLICANOS,,,,established,,,
2018-02-22,temer,temer-2017-10-18,temer-2018-02-20,primary_adjudicated,CIDADANIA;DEM;MDB;PL;PP;PSD;PSDB;PTB;PV;REPUBLICANOS,DEM;PMDB;PP;PPS;PR;PRB;PSD;PSDB;PTB;PV,CIDADANIA;DEM;MDB;PL;PP;PSD;PSDB;PTB;PV;REPUBLICANOS,,,,established,,,
2018-02-23,temer,temer-2017-10-18,temer-2018-02-20,primary_adjudicated,CIDADANIA;DEM;MDB;PL;PP;PSD;PSDB;PTB;PV;REPUBLICANOS,DEM;PMDB;PP;PPS;PR;PRB;PSD;PSDB;PTB;PV,CIDADANIA;DEM;MDB;PL;PP;PSD;PSDB;PTB;PV;REPUBLICANOS,,,,established,,,
2018-02-24,temer,temer-2017-10-18,temer-2018-02-20,primary_adjudicated,CIDADANIA;DEM;MDB;PL;PP;PSD;PSDB;PTB;PV;REPUBLICANOS,DEM;PMDB;PP;PPS;PR;PRB;PSD;PSDB;PTB;PV,CIDADANIA;DEM;MDB;PL;PP;PSD;PSDB;PTB;PV;REPUBLICANOS,,,,established,,,
2018-02-25,temer,temer-2017-10-18,temer-2018-02-20,primary_adjudicated,CIDADANIA;DEM;MDB;PL;PP;PSD;PSDB;PTB;PV;REPUBLICANOS,DEM;PMDB;PP;PPS;PR;PRB;PSD;PSDB;PTB;PV,CIDADANIA;DEM;MDB;PL;PP;PSD;PSDB;PTB;PV;REPUBLICANOS,,,,established,,,
2018-02-26,temer,temer-2017-10-18,temer-2018-02-20,primary_adjudicated,CIDADANIA;DEM;MDB;PL;PP;PSD;PSDB;PTB;PV;REPUBLICANOS,DEM;PMDB;PP;PPS;PR;PRB;PSD;PSDB;PTB;PV,CIDADANIA;DEM;MDB;PL;PP;PSD;PSDB;PTB;PV;REPUBLICANOS,,,,established,,,
2018-02-27,temer,temer-2017-10-18,temer-2018-02-27,primary_adjudicated,CIDADANIA;DEM;MDB;PL;PP;PSD;PSDB;PTB;PV;REPUBLICANOS,DEM;PMDB;PP;PPS;PR;PRB;PSD;PSDB;PTB;PV,CIDADANIA;DEM;MDB;PL;PP;PSD;PSDB;PTB;PV;REPUBLICANOS,,,,established,,,
2018-02-28,temer,temer-2017-10-18,temer-2018-02-27,primary_adjudicated,CIDADANIA;DEM;MDB;PL;PP;PSD;PSDB;PTB;PV;REPUBLICANOS,DEM;PMDB;PP;PPS;PR;PRB;PSD;PSDB;PTB;PV,CIDADANIA;DEM;MDB;PL;PP;PSD;PSDB;PTB;PV;REPUBLICANOS,,,,established,,,
2018-03-01,temer,temer-2017-10-18,temer-2018-02-27,primary_adjudicated,CIDADANIA;DEM;MDB;PL;PP;PSD;PSDB;PTB;PV;REPUBLICANOS,DEM;PMDB;PP;PPS;PR;PRB;PSD;PSDB;PTB;PV,CIDADANIA;DEM;MDB;PL;PP;PSD;PSDB;PTB;PV;REPUBLICANOS,,,,established,,,
2018-03-02,temer,temer-2017-10-18,temer-2018-02-27,primary_adjudicated,CIDADANIA;DEM;MDB;PL;PP;PSD;PSDB;PTB;PV;REPUBLICANOS,DEM;PMDB;PP;PPS;PR;PRB;PSD;PSDB;PTB;PV,CIDADANIA;DEM;MDB;PL;PP;PSD;PSDB;PTB;PV;REPUBLICANOS,,,,established,,,
2018-03-03,temer,temer-2017-10-18,temer-2018-02-27,primary_adjudicated,CIDADANIA;DEM;MDB;PL;PP;PSD;PSDB;PTB;PV;REPUBLICANOS,DEM;PMDB;PP;PPS;PR;PRB;PSD;PSDB;PTB;PV,CIDADANIA;DEM;MDB;PL;PP;PSD;PSDB;PTB;PV;REPUBLICANOS,,,,established,,,
2018-03-04,temer,temer-2017-10-18,temer-2018-02-27,primary_adjudicated,CIDADANIA;DEM;MDB;PL;PP;PSD;PSDB;PTB;PV;REPUBLICANOS,DEM;PMDB;PP;PPS;PR;PRB;PSD;PSDB;PTB;PV,CIDADANIA;DEM;MDB;PL;PP;PSD;PSDB;PTB;PV;REPUBLICANOS,,,,established,,,
2018-03-05,temer,temer-2017-10-18,temer-2018-02-27,primary_adjudicated,CIDADANIA;DEM;MDB;PL;PP;PSD;PSDB;PTB;PV;REPUBLICANOS,DEM;PMDB;PP;PPS;PR;PRB;PSD;PSDB;PTB;PV,CIDADANIA;DEM;MDB;PL;PP;PSD;PSDB;PTB;PV;REPUBLICANOS,,,,established,,,
2018-03-06,temer,temer-2017-10-18,temer-2018-02-27,primary_adjudicated,CIDADANIA;DEM;MDB;PL;PP;PSD;PSDB;PTB;PV;REPUBLICANOS,DEM;PMDB;PP;PPS;PR;PRB;PSD;PSDB;PTB;PV,CIDADANIA;DEM;MDB;PL;PP;PSD;PSDB;PTB;PV;REPUBLICANOS,,,,established,,,
2018-03-07,temer,temer-2017-10-18,temer-2018-02-27,primary_adjudicated,CIDADANIA;DEM;MDB;PL;PP;PSD;PSDB;PTB;PV;REPUBLICANOS,DEM;PMDB;PP;PPS;PR;PRB;PSD;PSDB;PTB;PV,CIDADANIA;DEM;MDB;PL;PP;PSD;PSDB;PTB;PV;REPUBLICANOS,,,,established,,,
2018-03-08,temer,temer-2017-10-18,temer-2018-02-27,primary_adjudicated,CIDADANIA;DEM;MDB;PL;PP;PSD;PSDB;PTB;PV;REPUBLICANOS,DEM;PMDB;PP;PPS;PR;PRB;PSD;PSDB;PTB;PV,CIDADANIA;DEM;MDB;PL;PP;PSD;PSDB;PTB;PV;REPUBLICANOS,,,,established,,,
2018-03-09,temer,temer-2017-10-18,temer-2018-02-27,primary_adjudicated,CIDADANIA;DEM;MDB;PL;PP;PSD;PSDB;PTB;PV;REPUBLICANOS,DEM;PMDB;PP;PPS;PR;PRB;PSD;PSDB;PTB;PV,CIDADANIA;DEM;MDB;PL;PP;PSD;PSDB;PTB;PV;REPUBLICANOS,,,,established,,,
2018-03-10,temer,temer-2017-10-18,temer-2018-02-27,primary_adjudicated,CIDADANIA;DEM;MDB;PL;PP;PSD;PSDB;PTB;PV;REPUBLICANOS,DEM;PMDB;PP;PPS;PR;PRB;PSD;PSDB;PTB;PV,CIDADANIA;DEM;MDB;PL;PP;PSD;PSDB;PTB;PV;REPUBLICANOS,,,,established,,,
2018-03-11,temer,temer-2017-10-18,temer-2018-02-27,primary_adjudicated,CIDADANIA;DEM;MDB;PL;PP;PSD;PSDB;PTB;PV;REPUBLICANOS,DEM;PMDB;PP;PPS;PR;PRB;PSD;PSDB;PTB;PV,CIDADANIA;DEM;MDB;PL;PP;PSD;PSDB;PTB;PV;REPUBLICANOS,,,,established,,,
2018-03-12,temer,temer-2017-10-18,temer-2018-02-27,primary_adjudicated,CIDADANIA;DEM;MDB;PL;PP;PSD;PSDB;PTB;PV;REPUBLICANOS,DEM;PMDB;PP;PPS;PR;PRB;PSD;PSDB;PTB;PV,CIDADANIA;DEM;MDB;PL;PP;PSD;PSDB;PTB;PV;REPUBLICANOS,,,,established,,,
2018-03-13,temer,temer-2017-10-18,temer-2018-02-27,primary_adjudicated,CIDADANIA;DEM;MDB;PL;PP;PSD;PSDB;PTB;PV;REPUBLICANOS,DEM;PMDB;PP;PPS;PR;PRB;PSD;PSDB;PTB;PV,CIDADANIA;DEM;MDB;PL;PP;PSD;PSDB;PTB;PV;REPUBLICANOS,,,,established,,,
2018-03-14,temer,temer-2017-10-18,temer-2018-03-14,primary_adjudicated,CIDADANIA;DEM;MDB;PL;PP;PSD;PSDB;PTB;PV;REPUBLICANOS,DEM;PMDB;PP;PPS;PR;PRB;PSD;PSDB;PTB;PV,CIDADANIA;DEM;MDB;PL;PP;PSD;PSDB;PTB;PV;REPUBLICANOS,,,,established,,,
2018-03-15,temer,temer-2017-10-18,temer-2018-03-14,primary_adjudicated,CIDADANIA;DEM;MDB;PL;PP;PSD;PSDB;PTB;PV;REPUBLICANOS,DEM;PMDB;PP;PPS;PR;PRB;PSD;PSDB;PTB;PV,CIDADANIA;DEM;MDB;PL;PP;PSD;PSDB;PTB;PV;REPUBLICANOS,,,,established,,,
2018-03-16,temer,temer-2017-10-18,temer-2018-03-14,primary_adjudicated,CIDADANIA;DEM;MDB;PL;PP;PSD;PSDB;PTB;PV;REPUBLICANOS,DEM;PMDB;PP;PPS;PR;PRB;PSD;PSDB;PTB;PV,CIDADANIA;DEM;MDB;PL;PP;PSD;PSDB;PTB;PV;REPUBLICANOS,,,,established,,,
2018-03-17,temer,temer-2017-10-18,temer-2018-03-14,primary_adjudicated,CIDADANIA;DEM;MDB;PL;PP;PSD;PSDB;PTB;PV;REPUBLICANOS,DEM;PMDB;PP;PPS;PR;PRB;PSD;PSDB;PTB;PV,CIDADANIA;DEM;MDB;PL;PP;PSD;PSDB;PTB;PV;REPUBLICANOS,,,,established,,,
2018-03-18,temer,temer-2017-10-18,temer-2018-03-14,primary_adjudicated,CIDADANIA;DEM;MDB;PL;PP;PSD;PSDB;PTB;PV;REPUBLICANOS,DEM;PMDB;PP;PPS;PR;PRB;PSD;PSDB;PTB;PV,CIDADANIA;DEM;MDB;PL;PP;PSD;PSDB;PTB;PV;REPUBLICANOS,,,,established,,,
2018-03-19,temer,temer-2017-10-18,temer-2018-03-14,primary_adjudicated,CIDADANIA;DEM;MDB;PL;PP;PSD;PSDB;PTB;PV;REPUBLICANOS,DEM;PMDB;PP;PPS;PR;PRB;PSD;PSDB;PTB;PV,CIDADANIA;DEM;MDB;PL;PP;PSD;PSDB;PTB;PV;REPUBLICANOS,,,,established,,,
2018-03-20,temer,temer-2017-10-18,temer-2018-03-14,primary_adjudicated,CIDADANIA;DEM;MDB;PL;PP;PSD;PSDB;PTB;PV;REPUBLICANOS,DEM;PMDB;PP;PPS;PR;PRB;PSD;PSDB;PTB;PV,CIDADANIA;DEM;MDB;PL;PP;PSD;PSDB;PTB;PV;REPUBLICANOS,,,,established,,,
2018-03-21,temer,temer-2018-03-21,temer-2018-03-21,primary_adjudicated,DEM;MDB;PL;PP;PSD;PSDB;PTB;PV;REPUBLICANOS,DEM;PMDB;PP;PR;PRB;PSD;PSDB;PTB;PV,DEM;MDB;PL;PP;PSD;PSDB;PTB;PV;REPUBLICANOS,,,,established,,,
2018-03-22,temer,temer-2018-03-21,temer-2018-03-21,primary_adjudicated,DEM;MDB;PL;PP;PSD;PSDB;PTB;PV;REPUBLICANOS,DEM;PMDB;PP;PR;PRB;PSD;PSDB;PTB;PV,DEM;MDB;PL;PP;PSD;PSDB;PTB;PV;REPUBLICANOS,,,,established,,,
2018-03-23,temer,temer-2018-03-21,temer-2018-03-21,primary_adjudicated,DEM;MDB;PL;PP;PSD;PSDB;PTB;PV;REPUBLICANOS,DEM;PMDB;PP;PR;PRB;PSD;PSDB;PTB;PV,DEM;MDB;PL;PP;PSD;PSDB;PTB;PV;REPUBLICANOS,,,,established,,,
2018-03-24,temer,temer-2018-03-21,temer-2018-03-21,primary_adjudicated,DEM;MDB;PL;PP;PSD;PSDB;PTB;PV;REPUBLICANOS,DEM;PMDB;PP;PR;PRB;PSD;PSDB;PTB;PV,DEM;MDB;PL;PP;PSD;PSDB;PTB;PV;REPUBLICANOS,,,,established,,,
2018-03-25,temer,temer-2018-03-21,temer-2018-03-21,primary_adjudicated,DEM;MDB;PL;PP;PSD;PSDB;PTB;PV;REPUBLICANOS,DEM;PMDB;PP;PR;PRB;PSD;PSDB;PTB;PV,DEM;MDB;PL;PP;PSD;PSDB;PTB;PV;REPUBLICANOS,,,,established,,,
2018-03-26,temer,temer-2018-03-21,temer-2018-03-21,primary_adjudicated,DEM;MDB;PL;PP;PSD;PSDB;PTB;PV;REPUBLICANOS,DEM;PMDB;PP;PR;PRB;PSD;PSDB;PTB;PV,DEM;MDB;PL;PP;PSD;PSDB;PTB;PV;REPUBLICANOS,,,,established,,,
2018-03-27,temer,temer-2018-03-21,temer-2018-03-21,primary_adjudicated,DEM;MDB;PL;PP;PSD;PSDB;PTB;PV;REPUBLICANOS,DEM;PMDB;PP;PR;PRB;PSD;PSDB;PTB;PV,DEM;MDB;PL;PP;PSD;PSDB;PTB;PV;REPUBLICANOS,,,,established,,,
2018-03-28,temer,temer-2018-03-21,temer-2018-03-21,primary_adjudicated,DEM;MDB;PL;PP;PSD;PSDB;PTB;PV;REPUBLICANOS,DEM;PMDB;PP;PR;PRB;PSD;PSDB;PTB;PV,DEM;MDB;PL;PP;PSD;PSDB;PTB;PV;REPUBLICANOS,,,,established,,,
2018-03-29,temer,temer-2018-03-21,temer-2018-03-21,primary_adjudicated,DEM;MDB;PL;PP;PSD;PSDB;PTB;PV;REPUBLICANOS,DEM;PMDB;PP;PR;PRB;PSD;PSDB;PTB;PV,DEM;MDB;PL;PP;PSD;PSDB;PTB;PV;REPUBLICANOS,,,,established,,,
2018-03-30,temer,temer-2018-03-21,temer-2018-03-21,primary_adjudicated,DEM;MDB;PL;PP;PSD;PSDB;PTB;PV;REPUBLICANOS,DEM;PMDB;PP;PR;PRB;PSD;PSDB;PTB;PV,DEM;MDB;PL;PP;PSD;PSDB;PTB;PV;REPUBLICANOS,,,,established,,,
2018-03-31,temer,temer-2018-03-21,temer-2018-03-21,primary_adjudicated,DEM;MDB;PL;PP;PSD;PSDB;PTB;PV;REPUBLICANOS,DEM;PMDB;PP;PR;PRB;PSD;PSDB;PTB;PV,DEM;MDB;PL;PP;PSD;PSDB;PTB;PV;REPUBLICANOS,,,,established,,,
2018-04-01,temer,temer-2018-03-21,temer-2018-03-21,primary_adjudicated,DEM;MDB;PL;PP;PSD;PSDB;PTB;PV;REPUBLICANOS,DEM;PMDB;PP;PR;PRB;PSD;PSDB;PTB;PV,DEM;MDB;PL;PP;PSD;PSDB;PTB;PV;REPUBLICANOS,,,,established,,,
2018-04-02,temer,temer-2018-04-02,temer-2018-04-02,primary_adjudicated,DEM;MDB;PP;PSD;PSDB;PTB;PV;REPUBLICANOS,DEM;PMDB;PP;PRB;PSD;PSDB;PTB;PV,DEM;MDB;PP;PSD;PSDB;PTB;PV;REPUBLICANOS,,,,established,,,
2018-04-03,temer,temer-2018-04-02,temer-2018-04-03,primary_adjudicated,DEM;MDB;PP;PSD;PSDB;PTB;PV;REPUBLICANOS,DEM;PMDB;PP;PRB;PSD;PSDB;PTB;PV,DEM;MDB;PP;PSD;PSDB;PTB;PV;REPUBLICANOS,,,,established,,,
2018-04-04,temer,temer-2018-04-02,temer-2018-04-03,primary_adjudicated,DEM;MDB;PP;PSD;PSDB;PTB;PV;REPUBLICANOS,DEM;PMDB;PP;PRB;PSD;PSDB;PTB;PV,DEM;MDB;PP;PSD;PSDB;PTB;PV;REPUBLICANOS,,,,established,,,
2018-04-05,temer,temer-2018-04-02,temer-2018-04-03,primary_adjudicated,DEM;MDB;PP;PSD;PSDB;PTB;PV;REPUBLICANOS,DEM;PMDB;PP;PRB;PSD;PSDB;PTB;PV,DEM;MDB;PP;PSD;PSDB;PTB;PV;REPUBLICANOS,,,,established,,,
2018-04-06,temer,temer-2018-04-06,temer-2018-04-06,primary_adjudicated,MDB;PP;PSD;PSDB;PTB;PV;REPUBLICANOS,PMDB;PP;PRB;PSD;PSDB;PTB;PV,MDB;PP;PSD;PSDB;PTB;PV;REPUBLICANOS,PSDB,,person-paulo-pedrosa,established,,,
2018-04-07,temer,temer-2018-04-06,temer-2018-04-06,primary_adjudicated,MDB;PP;PSD;PSDB;PTB;PV;REPUBLICANOS,PMDB;PP;PRB;PSD;PSDB;PTB;PV,MDB;PP;PSD;PSDB;PTB;PV;REPUBLICANOS,PSDB,,person-paulo-pedrosa,established,,,
2018-04-08,temer,temer-2018-04-06,temer-2018-04-06,primary_adjudicated,MDB;PP;PSD;PSDB;PTB;PV;REPUBLICANOS,PMDB;PP;PRB;PSD;PSDB;PTB;PV,MDB;PP;PSD;PSDB;PTB;PV;REPUBLICANOS,PSDB,,person-paulo-pedrosa,established,,,
2018-04-09,temer,temer-2018-04-06,temer-2018-04-06,primary_adjudicated,MDB;PP;PSD;PSDB;PTB;PV;REPUBLICANOS,PMDB;PP;PRB;PSD;PSDB;PTB;PV,MDB;PP;PSD;PSDB;PTB;PV;REPUBLICANOS,PSDB,,person-paulo-pedrosa,established,,,
2018-04-10,temer,temer-2018-04-06,temer-2018-04-10,primary_adjudicated,MDB;PP;PSD;PSDB;PTB;PV;REPUBLICANOS,PMDB;PP;PRB;PSD;PSDB;PTB;PV,MDB;PP;PSD;PSDB;PTB;PV;REPUBLICANOS,,,,established,,,
2018-04-11,temer,temer-2018-04-06,temer-2018-04-10,primary_adjudicated,MDB;PP;PSD;PSDB;PTB;PV;REPUBLICANOS,PMDB;PP;PRB;PSD;PSDB;PTB;PV,MDB;PP;PSD;PSDB;PTB;PV;REPUBLICANOS,,,,established,,,
2018-04-12,temer,temer-2018-04-06,temer-2018-04-10,primary_adjudicated,MDB;PP;PSD;PSDB;PTB;PV;REPUBLICANOS,PMDB;PP;PRB;PSD;PSDB;PTB;PV,MDB;PP;PSD;PSDB;PTB;PV;REPUBLICANOS,,,,established,,,
2018-04-13,temer,temer-2018-04-06,temer-2018-04-10,primary_adjudicated,MDB;PP;PSD;PSDB;PTB;PV;REPUBLICANOS,PMDB;PP;PRB;PSD;PSDB;PTB;PV,MDB;PP;PSD;PSDB;PTB;PV;REPUBLICANOS,,,,established,,,
2018-04-14,temer,temer-2018-04-06,temer-2018-04-10,primary_adjudicated,MDB;PP;PSD;PSDB;PTB;PV;REPUBLICANOS,PMDB;PP;PRB;PSD;PSDB;PTB;PV,MDB;PP;PSD;PSDB;PTB;PV;REPUBLICANOS,,,,established,,,
2018-04-15,temer,temer-2018-04-06,temer-2018-04-10,primary_adjudicated,MDB;PP;PSD;PSDB;PTB;PV;REPUBLICANOS,PMDB;PP;PRB;PSD;PSDB;PTB;PV,MDB;PP;PSD;PSDB;PTB;PV;REPUBLICANOS,,,,established,,,
2018-04-16,temer,temer-2018-04-06,temer-2018-04-10,primary_adjudicated,MDB;PP;PSD;PSDB;PTB;PV;REPUBLICANOS,PMDB;PP;PRB;PSD;PSDB;PTB;PV,MDB;PP;PSD;PSDB;PTB;PV;REPUBLICANOS,,,,established,,,
2018-04-17,temer,temer-2018-04-06,temer-2018-04-10,primary_adjudicated,MDB;PP;PSD;PSDB;PTB;PV;REPUBLICANOS,PMDB;PP;PRB;PSD;PSDB;PTB;PV,MDB;PP;PSD;PSDB;PTB;PV;REPUBLICANOS,,,,established,,,
2018-04-18,temer,temer-2018-04-06,temer-2018-04-10,primary_adjudicated,MDB;PP;PSD;PSDB;PTB;PV;REPUBLICANOS,PMDB;PP;PRB;PSD;PSDB;PTB;PV,MDB;PP;PSD;PSDB;PTB;PV;REPUBLICANOS,,,,established,,,
2018-04-19,temer,temer-2018-04-06,temer-2018-04-10,primary_adjudicated,MDB;PP;PSD;PSDB;PTB;PV;REPUBLICANOS,PMDB;PP;PRB;PSD;PSDB;PTB;PV,MDB;PP;PSD;PSDB;PTB;PV;REPUBLICANOS,,,,established,,,
2018-04-20,temer,temer-2018-04-06,temer-2018-04-10,primary_adjudicated,MDB;PP;PSD;PSDB;PTB;PV;REPUBLICANOS,PMDB;PP;PRB;PSD;PSDB;PTB;PV,MDB;PP;PSD;PSDB;PTB;PV;REPUBLICANOS,,,,established,,,
2018-04-21,temer,temer-2018-04-06,temer-2018-04-10,primary_adjudicated,MDB;PP;PSD;PSDB;PTB;PV;REPUBLICANOS,PMDB;PP;PRB;PSD;PSDB;PTB;PV,MDB;PP;PSD;PSDB;PTB;PV;REPUBLICANOS,,,,established,,,
2018-04-22,temer,temer-2018-04-06,temer-2018-04-10,primary_adjudicated,MDB;PP;PSD;PSDB;PTB;PV;REPUBLICANOS,PMDB;PP;PRB;PSD;PSDB;PTB;PV,MDB;PP;PSD;PSDB;PTB;PV;REPUBLICANOS,,,,established,,,
2018-04-23,temer,temer-2018-04-06,temer-2018-04-10,primary_adjudicated,MDB;PP;PSD;PSDB;PTB;PV;REPUBLICANOS,PMDB;PP;PRB;PSD;PSDB;PTB;PV,MDB;PP;PSD;PSDB;PTB;PV;REPUBLICANOS,,,,established,,,
2018-04-24,temer,temer-2018-04-06,temer-2018-04-10,primary_adjudicated,MDB;PP;PSD;PSDB;PTB;PV;REPUBLICANOS,PMDB;PP;PRB;PSD;PSDB;PTB;PV,MDB;PP;PSD;PSDB;PTB;PV;REPUBLICANOS,,,,established,,,
2018-04-25,temer,temer-2018-04-06,temer-2018-04-10,primary_adjudicated,MDB;PP;PSD;PSDB;PTB;PV;REPUBLICANOS,PMDB;PP;PRB;PSD;PSDB;PTB;PV,MDB;PP;PSD;PSDB;PTB;PV;REPUBLICANOS,,,,established,,,
2018-04-26,temer,temer-2018-04-06,temer-2018-04-26,primary_adjudicated,MDB;PP;PSD;PSDB;PTB;PV;REPUBLICANOS,PMDB;PP;PRB;PSD;PSDB;PTB;PV,MDB;PP;PSD;PSDB;PTB;PV;REPUBLICANOS,,,,established,,,
2018-04-27,temer,temer-2018-04-06,temer-2018-04-26,primary_adjudicated,MDB;PP;PSD;PSDB;PTB;PV;REPUBLICANOS,PMDB;PP;PRB;PSD;PSDB;PTB;PV,MDB;PP;PSD;PSDB;PTB;PV;REPUBLICANOS,,,,established,,,
2018-04-28,temer,temer-2018-04-06,temer-2018-04-26,primary_adjudicated,MDB;PP;PSD;PSDB;PTB;PV;REPUBLICANOS,PMDB;PP;PRB;PSD;PSDB;PTB;PV,MDB;PP;PSD;PSDB;PTB;PV;REPUBLICANOS,,,,established,,,
2018-04-29,temer,temer-2018-04-06,temer-2018-04-26,primary_adjudicated,MDB;PP;PSD;PSDB;PTB;PV;REPUBLICANOS,PMDB;PP;PRB;PSD;PSDB;PTB;PV,MDB;PP;PSD;PSDB;PTB;PV;REPUBLICANOS,,,,established,,,
2018-04-30,temer,temer-2018-04-06,temer-2018-04-26,primary_adjudicated,MDB;PP;PSD;PSDB;PTB;PV;REPUBLICANOS,PMDB;PP;PRB;PSD;PSDB;PTB;PV,MDB;PP;PSD;PSDB;PTB;PV;REPUBLICANOS,,,,established,,,
2018-05-01,temer,temer-2018-04-06,temer-2018-04-26,primary_adjudicated,MDB;PP;PSD;PSDB;PTB;PV;REPUBLICANOS,PMDB;PP;PRB;PSD;PSDB;PTB;PV,MDB;PP;PSD;PSDB;PTB;PV;REPUBLICANOS,,,,established,,,
2018-05-02,temer,temer-2018-04-06,temer-2018-04-26,primary_adjudicated,MDB;PP;PSD;PSDB;PTB;PV;REPUBLICANOS,PMDB;PP;PRB;PSD;PSDB;PTB;PV,MDB;PP;PSD;PSDB;PTB;PV;REPUBLICANOS,,,,established,,,
2018-05-03,temer,temer-2018-04-06,temer-2018-04-26,primary_adjudicated,MDB;PP;PSD;PSDB;PTB;PV;REPUBLICANOS,PMDB;PP;PRB;PSD;PSDB;PTB;PV,MDB;PP;PSD;PSDB;PTB;PV;REPUBLICANOS,,,,established,,,
2018-05-04,temer,temer-2018-04-06,temer-2018-04-26,primary_adjudicated,MDB;PP;PSD;PSDB;PTB;PV;REPUBLICANOS,PMDB;PP;PRB;PSD;PSDB;PTB;PV,MDB;PP;PSD;PSDB;PTB;PV;REPUBLICANOS,,,,established,,,
2018-05-05,temer,temer-2018-04-06,temer-2018-04-26,primary_adjudicated,MDB;PP;PSD;PSDB;PTB;PV;REPUBLICANOS,PMDB;PP;PRB;PSD;PSDB;PTB;PV,MDB;PP;PSD;PSDB;PTB;PV;REPUBLICANOS,,,,established,,,
2018-05-06,temer,temer-2018-04-06,temer-2018-04-26,primary_adjudicated,MDB;PP;PSD;PSDB;PTB;PV;REPUBLICANOS,PMDB;PP;PRB;PSD;PSDB;PTB;PV,MDB;PP;PSD;PSDB;PTB;PV;REPUBLICANOS,,,,established,,,
2018-05-07,temer,temer-2018-04-06,temer-2018-04-26,primary_adjudicated,MDB;PP;PSD;PSDB;PTB;PV;REPUBLICANOS,PMDB;PP;PRB;PSD;PSDB;PTB;PV,MDB;PP;PSD;PSDB;PTB;PV;REPUBLICANOS,,,,established,,,
2018-05-08,temer,temer-2018-04-06,temer-2018-04-26,primary_adjudicated,MDB;PP;PSD;PSDB;PTB;PV;REPUBLICANOS,PMDB;PP;PRB;PSD;PSDB;PTB;PV,MDB;PP;PSD;PSDB;PTB;PV;REPUBLICANOS,,,,established,,,
2018-05-09,temer,temer-2018-04-06,temer-2018-04-26,primary_adjudicated,MDB;PP;PSD;PSDB;PTB;PV;REPUBLICANOS,PMDB;PP;PRB;PSD;PSDB;PTB;PV,MDB;PP;PSD;PSDB;PTB;PV;REPUBLICANOS,,,,established,,,
2018-05-10,temer,temer-2018-04-06,temer-2018-04-26,primary_adjudicated,MDB;PP;PSD;PSDB;PTB;PV;REPUBLICANOS,PMDB;PP;PRB;PSD;PSDB;PTB;PV,MDB;PP;PSD;PSDB;PTB;PV;REPUBLICANOS,,,,established,,,
2018-05-11,temer,temer-2018-04-06,temer-2018-04-26,primary_adjudicated,MDB;PP;PSD;PSDB;PTB;PV;REPUBLICANOS,PMDB;PP;PRB;PSD;PSDB;PTB;PV,MDB;PP;PSD;PSDB;PTB;PV;REPUBLICANOS,,,,established,,,
2018-05-12,temer,temer-2018-04-06,temer-2018-04-26,primary_adjudicated,MDB;PP;PSD;PSDB;PTB;PV;REPUBLICANOS,PMDB;PP;PRB;PSD;PSDB;PTB;PV,MDB;PP;PSD;PSDB;PTB;PV;REPUBLICANOS,,,,established,,,
2018-05-13,temer,temer-2018-04-06,temer-2018-04-26,primary_adjudicated,MDB;PP;PSD;PSDB;PTB;PV;REPUBLICANOS,PMDB;PP;PRB;PSD;PSDB;PTB;PV,MDB;PP;PSD;PSDB;PTB;PV;REPUBLICANOS,,,,established,,,
2018-05-14,temer,temer-2018-04-06,temer-2018-04-26,primary_adjudicated,MDB;PP;PSD;PSDB;PTB;PV;REPUBLICANOS,PMDB;PP;PRB;PSD;PSDB;PTB;PV,MDB;PP;PSD;PSDB;PTB;PV;REPUBLICANOS,,,,established,,,
2018-05-15,temer,temer-2018-05-15,temer-2018-05-15,primary_adjudicated,MDB;PP;PSD;PSDB;PTB;PV;REPUBLICANOS,MDB;PP;PRB;PSD;PSDB;PTB;PV,MDB;PP;PSD;PSDB;PTB;PV;REPUBLICANOS,,,,established,,,
2018-05-16,temer,temer-2018-05-15,temer-2018-05-15,primary_adjudicated,MDB;PP;PSD;PSDB;PTB;PV;REPUBLICANOS,MDB;PP;PRB;PSD;PSDB;PTB;PV,MDB;PP;PSD;PSDB;PTB;PV;REPUBLICANOS,,,,established,,,
2018-05-17,temer,temer-2018-05-15,temer-2018-05-15,primary_adjudicated,MDB;PP;PSD;PSDB;PTB;PV;REPUBLICANOS,MDB;PP;PRB;PSD;PSDB;PTB;PV,MDB;PP;PSD;PSDB;PTB;PV;REPUBLICANOS,,,,established,,,
2018-05-18,temer,temer-2018-05-15,temer-2018-05-15,primary_adjudicated,MDB;PP;PSD;PSDB;PTB;PV;REPUBLICANOS,MDB;PP;PRB;PSD;PSDB;PTB;PV,MDB;PP;PSD;PSDB;PTB;PV;REPUBLICANOS,,,,established,,,
2018-05-19,temer,temer-2018-05-15,temer-2018-05-15,primary_adjudicated,MDB;PP;PSD;PSDB;PTB;PV;REPUBLICANOS,MDB;PP;PRB;PSD;PSDB;PTB;PV,MDB;PP;PSD;PSDB;PTB;PV;REPUBLICANOS,,,,established,,,
2018-05-20,temer,temer-2018-05-15,temer-2018-05-15,primary_adjudicated,MDB;PP;PSD;PSDB;PTB;PV;REPUBLICANOS,MDB;PP;PRB;PSD;PSDB;PTB;PV,MDB;PP;PSD;PSDB;PTB;PV;REPUBLICANOS,,,,established,,,
2018-05-21,temer,temer-2018-05-15,temer-2018-05-15,primary_adjudicated,MDB;PP;PSD;PSDB;PTB;PV;REPUBLICANOS,MDB;PP;PRB;PSD;PSDB;PTB;PV,MDB;PP;PSD;PSDB;PTB;PV;REPUBLICANOS,,,,established,,,
2018-05-22,temer,temer-2018-05-15,temer-2018-05-15,primary_adjudicated,MDB;PP;PSD;PSDB;PTB;PV;REPUBLICANOS,MDB;PP;PRB;PSD;PSDB;PTB;PV,MDB;PP;PSD;PSDB;PTB;PV;REPUBLICANOS,,,,established,,,
2018-05-23,temer,temer-2018-05-15,temer-2018-05-15,primary_adjudicated,MDB;PP;PSD;PSDB;PTB;PV;REPUBLICANOS,MDB;PP;PRB;PSD;PSDB;PTB;PV,MDB;PP;PSD;PSDB;PTB;PV;REPUBLICANOS,,,,established,,,
2018-05-24,temer,temer-2018-05-15,temer-2018-05-15,primary_adjudicated,MDB;PP;PSD;PSDB;PTB;PV;REPUBLICANOS,MDB;PP;PRB;PSD;PSDB;PTB;PV,MDB;PP;PSD;PSDB;PTB;PV;REPUBLICANOS,,,,established,,,
2018-05-25,temer,temer-2018-05-15,temer-2018-05-15,primary_adjudicated,MDB;PP;PSD;PSDB;PTB;PV;REPUBLICANOS,MDB;PP;PRB;PSD;PSDB;PTB;PV,MDB;PP;PSD;PSDB;PTB;PV;REPUBLICANOS,,,,established,,,
2018-05-26,temer,temer-2018-05-15,temer-2018-05-15,primary_adjudicated,MDB;PP;PSD;PSDB;PTB;PV;REPUBLICANOS,MDB;PP;PRB;PSD;PSDB;PTB;PV,MDB;PP;PSD;PSDB;PTB;PV;REPUBLICANOS,,,,established,,,
2018-05-27,temer,temer-2018-05-15,temer-2018-05-15,primary_adjudicated,MDB;PP;PSD;PSDB;PTB;PV;REPUBLICANOS,MDB;PP;PRB;PSD;PSDB;PTB;PV,MDB;PP;PSD;PSDB;PTB;PV;REPUBLICANOS,,,,established,,,
2018-05-28,temer,temer-2018-05-15,temer-2018-05-28,primary_adjudicated,MDB;PP;PSD;PSDB;PTB;PV;REPUBLICANOS,MDB;PP;PRB;PSD;PSDB;PTB;PV,MDB;PP;PSD;PSDB;PTB;PV;REPUBLICANOS,,,,established,,,
2018-05-29,temer,temer-2018-05-15,temer-2018-05-28,primary_adjudicated,MDB;PP;PSD;PSDB;PTB;PV;REPUBLICANOS,MDB;PP;PRB;PSD;PSDB;PTB;PV,MDB;PP;PSD;PSDB;PTB;PV;REPUBLICANOS,,,,established,,,
2018-05-30,temer,temer-2018-05-15,temer-2018-05-28,primary_adjudicated,MDB;PP;PSD;PSDB;PTB;PV;REPUBLICANOS,MDB;PP;PRB;PSD;PSDB;PTB;PV,MDB;PP;PSD;PSDB;PTB;PV;REPUBLICANOS,,,,established,,,
2018-05-31,temer,temer-2018-05-15,temer-2018-05-28,primary_adjudicated,MDB;PP;PSD;PSDB;PTB;PV;REPUBLICANOS,MDB;PP;PRB;PSD;PSDB;PTB;PV,MDB;PP;PSD;PSDB;PTB;PV;REPUBLICANOS,,,,established,,,
2018-06-01,temer,temer-2018-05-15,temer-2018-05-28,primary_adjudicated,MDB;PP;PSD;PSDB;PTB;PV;REPUBLICANOS,MDB;PP;PRB;PSD;PSDB;PTB;PV,MDB;PP;PSD;PSDB;PTB;PV;REPUBLICANOS,,,,established,,,
2018-06-02,temer,temer-2018-05-15,temer-2018-05-28,primary_adjudicated,MDB;PP;PSD;PSDB;PTB;PV;REPUBLICANOS,MDB;PP;PRB;PSD;PSDB;PTB;PV,MDB;PP;PSD;PSDB;PTB;PV;REPUBLICANOS,,,,established,,,
2018-06-03,temer,temer-2018-05-15,temer-2018-05-28,primary_adjudicated,MDB;PP;PSD;PSDB;PTB;PV;REPUBLICANOS,MDB;PP;PRB;PSD;PSDB;PTB;PV,MDB;PP;PSD;PSDB;PTB;PV;REPUBLICANOS,,,,established,,,
2018-06-04,temer,temer-2018-05-15,temer-2018-05-28,primary_adjudicated,MDB;PP;PSD;PSDB;PTB;PV;REPUBLICANOS,MDB;PP;PRB;PSD;PSDB;PTB;PV,MDB;PP;PSD;PSDB;PTB;PV;REPUBLICANOS,,,,established,,,
2018-06-05,temer,temer-2018-05-15,temer-2018-05-28,primary_adjudicated,MDB;PP;PSD;PSDB;PTB;PV;REPUBLICANOS,MDB;PP;PRB;PSD;PSDB;PTB;PV,MDB;PP;PSD;PSDB;PTB;PV;REPUBLICANOS,,,,established,,,
2018-06-06,temer,temer-2018-05-15,temer-2018-05-28,primary_adjudicated,MDB;PP;PSD;PSDB;PTB;PV;REPUBLICANOS,MDB;PP;PRB;PSD;PSDB;PTB;PV,MDB;PP;PSD;PSDB;PTB;PV;REPUBLICANOS,,,,established,,,
2018-06-07,temer,temer-2018-05-15,temer-2018-05-28,primary_adjudicated,MDB;PP;PSD;PSDB;PTB;PV;REPUBLICANOS,MDB;PP;PRB;PSD;PSDB;PTB;PV,MDB;PP;PSD;PSDB;PTB;PV;REPUBLICANOS,,,,established,,,
2018-06-08,temer,temer-2018-05-15,temer-2018-05-28,primary_adjudicated,MDB;PP;PSD;PSDB;PTB;PV;REPUBLICANOS,MDB;PP;PRB;PSD;PSDB;PTB;PV,MDB;PP;PSD;PSDB;PTB;PV;REPUBLICANOS,,,,established,,,
2018-06-09,temer,temer-2018-05-15,temer-2018-05-28,primary_adjudicated,MDB;PP;PSD;PSDB;PTB;PV;REPUBLICANOS,MDB;PP;PRB;PSD;PSDB;PTB;PV,MDB;PP;PSD;PSDB;PTB;PV;REPUBLICANOS,,,,established,,,
2018-06-10,temer,temer-2018-05-15,temer-2018-05-28,primary_adjudicated,MDB;PP;PSD;PSDB;PTB;PV;REPUBLICANOS,MDB;PP;PRB;PSD;PSDB;PTB;PV,MDB;PP;PSD;PSDB;PTB;PV;REPUBLICANOS,,,,established,,,
2018-06-11,temer,temer-2018-05-15,temer-2018-05-28,primary_adjudicated,MDB;PP;PSD;PSDB;PTB;PV;REPUBLICANOS,MDB;PP;PRB;PSD;PSDB;PTB;PV,MDB;PP;PSD;PSDB;PTB;PV;REPUBLICANOS,,,,established,,,
2018-06-12,temer,temer-2018-05-15,temer-2018-05-28,primary_adjudicated,MDB;PP;PSD;PSDB;PTB;PV;REPUBLICANOS,MDB;PP;PRB;PSD;PSDB;PTB;PV,MDB;PP;PSD;PSDB;PTB;PV;REPUBLICANOS,,,,established,,,
2018-06-13,temer,temer-2018-05-15,temer-2018-05-28,primary_adjudicated,MDB;PP;PSD;PSDB;PTB;PV;REPUBLICANOS,MDB;PP;PRB;PSD;PSDB;PTB;PV,MDB;PP;PSD;PSDB;PTB;PV;REPUBLICANOS,,,,established,,,
2018-06-14,temer,temer-2018-05-15,temer-2018-05-28,primary_adjudicated,MDB;PP;PSD;PSDB;PTB;PV;REPUBLICANOS,MDB;PP;PRB;PSD;PSDB;PTB;PV,MDB;PP;PSD;PSDB;PTB;PV;REPUBLICANOS,,,,established,,,
2018-06-15,temer,temer-2018-05-15,temer-2018-05-28,primary_adjudicated,MDB;PP;PSD;PSDB;PTB;PV;REPUBLICANOS,MDB;PP;PRB;PSD;PSDB;PTB;PV,MDB;PP;PSD;PSDB;PTB;PV;REPUBLICANOS,,,,established,,,
2018-06-16,temer,temer-2018-05-15,temer-2018-05-28,primary_adjudicated,MDB;PP;PSD;PSDB;PTB;PV;REPUBLICANOS,MDB;PP;PRB;PSD;PSDB;PTB;PV,MDB;PP;PSD;PSDB;PTB;PV;REPUBLICANOS,,,,established,,,
2018-06-17,temer,temer-2018-05-15,temer-2018-05-28,primary_adjudicated,MDB;PP;PSD;PSDB;PTB;PV;REPUBLICANOS,MDB;PP;PRB;PSD;PSDB;PTB;PV,MDB;PP;PSD;PSDB;PTB;PV;REPUBLICANOS,,,,established,,,
2018-06-18,temer,temer-2018-05-15,temer-2018-05-28,primary_adjudicated,MDB;PP;PSD;PSDB;PTB;PV;REPUBLICANOS,MDB;PP;PRB;PSD;PSDB;PTB;PV,MDB;PP;PSD;PSDB;PTB;PV;REPUBLICANOS,,,,established,,,
2018-06-19,temer,temer-2018-05-15,temer-2018-05-28,primary_adjudicated,MDB;PP;PSD;PSDB;PTB;PV;REPUBLICANOS,MDB;PP;PRB;PSD;PSDB;PTB;PV,MDB;PP;PSD;PSDB;PTB;PV;REPUBLICANOS,,,,established,,,
2018-06-20,temer,temer-2018-05-15,temer-2018-05-28,primary_adjudicated,MDB;PP;PSD;PSDB;PTB;PV;REPUBLICANOS,MDB;PP;PRB;PSD;PSDB;PTB;PV,MDB;PP;PSD;PSDB;PTB;PV;REPUBLICANOS,,,,established,,,
2018-06-21,temer,temer-2018-05-15,temer-2018-05-28,primary_adjudicated,MDB;PP;PSD;PSDB;PTB;PV;REPUBLICANOS,MDB;PP;PRB;PSD;PSDB;PTB;PV,MDB;PP;PSD;PSDB;PTB;PV;REPUBLICANOS,,,,established,,,
2018-06-22,temer,temer-2018-05-15,temer-2018-05-28,primary_adjudicated,MDB;PP;PSD;PSDB;PTB;PV;REPUBLICANOS,MDB;PP;PRB;PSD;PSDB;PTB;PV,MDB;PP;PSD;PSDB;PTB;PV;REPUBLICANOS,,,,established,,,
2018-06-23,temer,temer-2018-05-15,temer-2018-05-28,primary_adjudicated,MDB;PP;PSD;PSDB;PTB;PV;REPUBLICANOS,MDB;PP;PRB;PSD;PSDB;PTB;PV,MDB;PP;PSD;PSDB;PTB;PV;REPUBLICANOS,,,,established,,,
2018-06-24,temer,temer-2018-05-15,temer-2018-05-28,primary_adjudicated,MDB;PP;PSD;PSDB;PTB;PV;REPUBLICANOS,MDB;PP;PRB;PSD;PSDB;PTB;PV,MDB;PP;PSD;PSDB;PTB;PV;REPUBLICANOS,,,,established,,,
2018-06-25,temer,temer-2018-05-15,temer-2018-05-28,primary_adjudicated,MDB;PP;PSD;PSDB;PTB;PV;REPUBLICANOS,MDB;PP;PRB;PSD;PSDB;PTB;PV,MDB;PP;PSD;PSDB;PTB;PV;REPUBLICANOS,,,,established,,,
2018-06-26,temer,temer-2018-05-15,temer-2018-05-28,primary_adjudicated,MDB;PP;PSD;PSDB;PTB;PV;REPUBLICANOS,MDB;PP;PRB;PSD;PSDB;PTB;PV,MDB;PP;PSD;PSDB;PTB;PV;REPUBLICANOS,,,,established,,,
2018-06-27,temer,temer-2018-05-15,temer-2018-05-28,primary_adjudicated,MDB;PP;PSD;PSDB;PTB;PV;REPUBLICANOS,MDB;PP;PRB;PSD;PSDB;PTB;PV,MDB;PP;PSD;PSDB;PTB;PV;REPUBLICANOS,,,,established,,,
2018-06-28,temer,temer-2018-05-15,temer-2018-06-28,primary_adjudicated,MDB;PP;PSD;PSDB;PTB;PV;REPUBLICANOS,MDB;PP;PRB;PSD;PSDB;PTB;PV,MDB;PP;PSD;PSDB;PTB;PV;REPUBLICANOS,,,,established,,,
2018-06-29,temer,temer-2018-05-15,temer-2018-06-28,primary_adjudicated,MDB;PP;PSD;PSDB;PTB;PV;REPUBLICANOS,MDB;PP;PRB;PSD;PSDB;PTB;PV,MDB;PP;PSD;PSDB;PTB;PV;REPUBLICANOS,,,,established,,,
2018-06-30,temer,temer-2018-05-15,temer-2018-06-28,primary_adjudicated,MDB;PP;PSD;PSDB;PTB;PV;REPUBLICANOS,MDB;PP;PRB;PSD;PSDB;PTB;PV,MDB;PP;PSD;PSDB;PTB;PV;REPUBLICANOS,,,,established,,,
2018-07-01,temer,temer-2018-05-15,temer-2018-06-28,primary_adjudicated,MDB;PP;PSD;PSDB;PTB;PV;REPUBLICANOS,MDB;PP;PRB;PSD;PSDB;PTB;PV,MDB;PP;PSD;PSDB;PTB;PV;REPUBLICANOS,,,,established,,,
2018-07-02,temer,temer-2018-05-15,temer-2018-06-28,primary_adjudicated,MDB;PP;PSD;PSDB;PTB;PV;REPUBLICANOS,MDB;PP;PRB;PSD;PSDB;PTB;PV,MDB;PP;PSD;PSDB;PTB;PV;REPUBLICANOS,,,,established,,,
2018-07-03,temer,temer-2018-05-15,temer-2018-06-28,primary_adjudicated,MDB;PP;PSD;PSDB;PTB;PV;REPUBLICANOS,MDB;PP;PRB;PSD;PSDB;PTB;PV,MDB;PP;PSD;PSDB;PTB;PV;REPUBLICANOS,,,,established,,,
2018-07-04,temer,temer-2018-05-15,temer-2018-06-28,primary_adjudicated,MDB;PP;PSD;PSDB;PTB;PV;REPUBLICANOS,MDB;PP;PRB;PSD;PSDB;PTB;PV,MDB;PP;PSD;PSDB;PTB;PV;REPUBLICANOS,,,,established,,,
2018-07-05,temer,temer-2018-07-05,temer-2018-07-05,primary_adjudicated,MDB;PP;PSD;PSDB;PV;REPUBLICANOS,MDB;PP;PRB;PSD;PSDB;PV,MDB;PP;PSD;PSDB;PV;REPUBLICANOS,,,,established,,,
2018-07-06,temer,temer-2018-07-05,temer-2018-07-05,primary_adjudicated,MDB;PP;PSD;PSDB;PV;REPUBLICANOS,MDB;PP;PRB;PSD;PSDB;PV,MDB;PP;PSD;PSDB;PV;REPUBLICANOS,,,,established,,,
2018-07-07,temer,temer-2018-07-05,temer-2018-07-05,primary_adjudicated,MDB;PP;PSD;PSDB;PV;REPUBLICANOS,MDB;PP;PRB;PSD;PSDB;PV,MDB;PP;PSD;PSDB;PV;REPUBLICANOS,,,,established,,,
2018-07-08,temer,temer-2018-07-05,temer-2018-07-05,primary_adjudicated,MDB;PP;PSD;PSDB;PV;REPUBLICANOS,MDB;PP;PRB;PSD;PSDB;PV,MDB;PP;PSD;PSDB;PV;REPUBLICANOS,,,,established,,,
2018-07-09,temer,temer-2018-07-05,temer-2018-07-05,primary_adjudicated,MDB;PP;PSD;PSDB;PV;REPUBLICANOS,MDB;PP;PRB;PSD;PSDB;PV,MDB;PP;PSD;PSDB;PV;REPUBLICANOS,,,,established,,,
2018-07-10,temer,temer-2018-07-05,temer-2018-07-10,primary_adjudicated,MDB;PP;PSD;PSDB;PV;REPUBLICANOS,MDB;PP;PRB;PSD;PSDB;PV,MDB;PP;PSD;PSDB;PV;REPUBLICANOS,,,,established,,,
2018-07-11,temer,temer-2018-07-05,temer-2018-07-11,primary_adjudicated,MDB;PP;PSD;PSDB;PV;REPUBLICANOS,MDB;PP;PRB;PSD;PSDB;PV,MDB;PP;PSD;PSDB;PV;REPUBLICANOS,,,,established,,,
2018-07-12,temer,temer-2018-07-05,temer-2018-07-11,primary_adjudicated,MDB;PP;PSD;PSDB;PV;REPUBLICANOS,MDB;PP;PRB;PSD;PSDB;PV,MDB;PP;PSD;PSDB;PV;REPUBLICANOS,,,,established,,,
2018-07-13,temer,temer-2018-07-05,temer-2018-07-11,primary_adjudicated,MDB;PP;PSD;PSDB;PV;REPUBLICANOS,MDB;PP;PRB;PSD;PSDB;PV,MDB;PP;PSD;PSDB;PV;REPUBLICANOS,,,,established,,,
2018-07-14,temer,temer-2018-07-05,temer-2018-07-11,primary_adjudicated,MDB;PP;PSD;PSDB;PV;REPUBLICANOS,MDB;PP;PRB;PSD;PSDB;PV,MDB;PP;PSD;PSDB;PV;REPUBLICANOS,,,,established,,,
2018-07-15,temer,temer-2018-07-05,temer-2018-07-11,primary_adjudicated,MDB;PP;PSD;PSDB;PV;REPUBLICANOS,MDB;PP;PRB;PSD;PSDB;PV,MDB;PP;PSD;PSDB;PV;REPUBLICANOS,,,,established,,,
2018-07-16,temer,temer-2018-07-05,temer-2018-07-11,primary_adjudicated,MDB;PP;PSD;PSDB;PV;REPUBLICANOS,MDB;PP;PRB;PSD;PSDB;PV,MDB;PP;PSD;PSDB;PV;REPUBLICANOS,,,,established,,,
2018-07-17,temer,temer-2018-07-05,temer-2018-07-11,primary_adjudicated,MDB;PP;PSD;PSDB;PV;REPUBLICANOS,MDB;PP;PRB;PSD;PSDB;PV,MDB;PP;PSD;PSDB;PV;REPUBLICANOS,,,,established,,,
2018-07-18,temer,temer-2018-07-05,temer-2018-07-11,primary_adjudicated,MDB;PP;PSD;PSDB;PV;REPUBLICANOS,MDB;PP;PRB;PSD;PSDB;PV,MDB;PP;PSD;PSDB;PV;REPUBLICANOS,,,,established,,,
2018-07-19,temer,temer-2018-07-05,temer-2018-07-11,primary_adjudicated,MDB;PP;PSD;PSDB;PV;REPUBLICANOS,MDB;PP;PRB;PSD;PSDB;PV,MDB;PP;PSD;PSDB;PV;REPUBLICANOS,,,,established,,,
2018-07-20,temer,temer-2018-07-05,temer-2018-07-11,primary_adjudicated,MDB;PP;PSD;PSDB;PV;REPUBLICANOS,MDB;PP;PRB;PSD;PSDB;PV,MDB;PP;PSD;PSDB;PV;REPUBLICANOS,,,,established,,,
2018-07-21,temer,temer-2018-07-05,temer-2018-07-11,primary_adjudicated,MDB;PP;PSD;PSDB;PV;REPUBLICANOS,MDB;PP;PRB;PSD;PSDB;PV,MDB;PP;PSD;PSDB;PV;REPUBLICANOS,,,,established,,,
2018-07-22,temer,temer-2018-07-05,temer-2018-07-11,primary_adjudicated,MDB;PP;PSD;PSDB;PV;REPUBLICANOS,MDB;PP;PRB;PSD;PSDB;PV,MDB;PP;PSD;PSDB;PV;REPUBLICANOS,,,,established,,,
2018-07-23,temer,temer-2018-07-05,temer-2018-07-11,primary_adjudicated,MDB;PP;PSD;PSDB;PV;REPUBLICANOS,MDB;PP;PRB;PSD;PSDB;PV,MDB;PP;PSD;PSDB;PV;REPUBLICANOS,,,,established,,,
2018-07-24,temer,temer-2018-07-05,temer-2018-07-11,primary_adjudicated,MDB;PP;PSD;PSDB;PV;REPUBLICANOS,MDB;PP;PRB;PSD;PSDB;PV,MDB;PP;PSD;PSDB;PV;REPUBLICANOS,,,,established,,,
2018-07-25,temer,temer-2018-07-05,temer-2018-07-11,primary_adjudicated,MDB;PP;PSD;PSDB;PV;REPUBLICANOS,MDB;PP;PRB;PSD;PSDB;PV,MDB;PP;PSD;PSDB;PV;REPUBLICANOS,,,,established,,,
2018-07-26,temer,temer-2018-07-05,temer-2018-07-11,primary_adjudicated,MDB;PP;PSD;PSDB;PV;REPUBLICANOS,MDB;PP;PRB;PSD;PSDB;PV,MDB;PP;PSD;PSDB;PV;REPUBLICANOS,,,,established,,,
2018-07-27,temer,temer-2018-07-05,temer-2018-07-11,primary_adjudicated,MDB;PP;PSD;PSDB;PV;REPUBLICANOS,MDB;PP;PRB;PSD;PSDB;PV,MDB;PP;PSD;PSDB;PV;REPUBLICANOS,,,,established,,,
2018-07-28,temer,temer-2018-07-05,temer-2018-07-11,primary_adjudicated,MDB;PP;PSD;PSDB;PV;REPUBLICANOS,MDB;PP;PRB;PSD;PSDB;PV,MDB;PP;PSD;PSDB;PV;REPUBLICANOS,,,,established,,,
2018-07-29,temer,temer-2018-07-05,temer-2018-07-11,primary_adjudicated,MDB;PP;PSD;PSDB;PV;REPUBLICANOS,MDB;PP;PRB;PSD;PSDB;PV,MDB;PP;PSD;PSDB;PV;REPUBLICANOS,,,,established,,,
2018-07-30,temer,temer-2018-07-05,temer-2018-07-11,primary_adjudicated,MDB;PP;PSD;PSDB;PV;REPUBLICANOS,MDB;PP;PRB;PSD;PSDB;PV,MDB;PP;PSD;PSDB;PV;REPUBLICANOS,,,,established,,,
2018-07-31,temer,temer-2018-07-05,temer-2018-07-11,primary_adjudicated,MDB;PP;PSD;PSDB;PV;REPUBLICANOS,MDB;PP;PRB;PSD;PSDB;PV,MDB;PP;PSD;PSDB;PV;REPUBLICANOS,,,,established,,,
2018-08-01,temer,temer-2018-07-05,temer-2018-07-11,primary_adjudicated,MDB;PP;PSD;PSDB;PV;REPUBLICANOS,MDB;PP;PRB;PSD;PSDB;PV,MDB;PP;PSD;PSDB;PV;REPUBLICANOS,,,,established,,,
2018-08-02,temer,temer-2018-07-05,temer-2018-07-11,primary_adjudicated,MDB;PP;PSD;PSDB;PV;REPUBLICANOS,MDB;PP;PRB;PSD;PSDB;PV,MDB;PP;PSD;PSDB;PV;REPUBLICANOS,,,,established,,,
2018-08-03,temer,temer-2018-07-05,temer-2018-07-11,primary_adjudicated,MDB;PP;PSD;PSDB;PV;REPUBLICANOS,MDB;PP;PRB;PSD;PSDB;PV,MDB;PP;PSD;PSDB;PV;REPUBLICANOS,,,,established,,,
2018-08-04,temer,temer-2018-07-05,temer-2018-07-11,primary_adjudicated,MDB;PP;PSD;PSDB;PV;REPUBLICANOS,MDB;PP;PRB;PSD;PSDB;PV,MDB;PP;PSD;PSDB;PV;REPUBLICANOS,,,,established,,,
2018-08-05,temer,temer-2018-07-05,temer-2018-07-11,primary_adjudicated,MDB;PP;PSD;PSDB;PV;REPUBLICANOS,MDB;PP;PRB;PSD;PSDB;PV,MDB;PP;PSD;PSDB;PV;REPUBLICANOS,,,,established,,,
2018-08-06,temer,temer-2018-07-05,temer-2018-07-11,primary_adjudicated,MDB;PP;PSD;PSDB;PV;REPUBLICANOS,MDB;PP;PRB;PSD;PSDB;PV,MDB;PP;PSD;PSDB;PV;REPUBLICANOS,,,,established,,,
2018-08-07,temer,temer-2018-07-05,temer-2018-07-11,primary_adjudicated,MDB;PP;PSD;PSDB;PV;REPUBLICANOS,MDB;PP;PRB;PSD;PSDB;PV,MDB;PP;PSD;PSDB;PV;REPUBLICANOS,,,,established,,,
2018-08-08,temer,temer-2018-07-05,temer-2018-07-11,primary_adjudicated,MDB;PP;PSD;PSDB;PV;REPUBLICANOS,MDB;PP;PRB;PSD;PSDB;PV,MDB;PP;PSD;PSDB;PV;REPUBLICANOS,,,,established,,,
2018-08-09,temer,temer-2018-07-05,temer-2018-07-11,primary_adjudicated,MDB;PP;PSD;PSDB;PV;REPUBLICANOS,MDB;PP;PRB;PSD;PSDB;PV,MDB;PP;PSD;PSDB;PV;REPUBLICANOS,,,,established,,,
2018-08-10,temer,temer-2018-07-05,temer-2018-07-11,primary_adjudicated,MDB;PP;PSD;PSDB;PV;REPUBLICANOS,MDB;PP;PRB;PSD;PSDB;PV,MDB;PP;PSD;PSDB;PV;REPUBLICANOS,,,,established,,,
2018-08-11,temer,temer-2018-07-05,temer-2018-07-11,primary_adjudicated,MDB;PP;PSD;PSDB;PV;REPUBLICANOS,MDB;PP;PRB;PSD;PSDB;PV,MDB;PP;PSD;PSDB;PV;REPUBLICANOS,,,,established,,,
2018-08-12,temer,temer-2018-07-05,temer-2018-07-11,primary_adjudicated,MDB;PP;PSD;PSDB;PV;REPUBLICANOS,MDB;PP;PRB;PSD;PSDB;PV,MDB;PP;PSD;PSDB;PV;REPUBLICANOS,,,,established,,,
2018-08-13,temer,temer-2018-07-05,temer-2018-07-11,primary_adjudicated,MDB;PP;PSD;PSDB;PV;REPUBLICANOS,MDB;PP;PRB;PSD;PSDB;PV,MDB;PP;PSD;PSDB;PV;REPUBLICANOS,,,,established,,,
2018-08-14,temer,temer-2018-07-05,temer-2018-07-11,primary_adjudicated,MDB;PP;PSD;PSDB;PV;REPUBLICANOS,MDB;PP;PRB;PSD;PSDB;PV,MDB;PP;PSD;PSDB;PV;REPUBLICANOS,,,,established,,,
2018-08-15,temer,temer-2018-07-05,temer-2018-07-11,primary_adjudicated,MDB;PP;PSD;PSDB;PV;REPUBLICANOS,MDB;PP;PRB;PSD;PSDB;PV,MDB;PP;PSD;PSDB;PV;REPUBLICANOS,,,,established,,,
2018-08-16,temer,temer-2018-07-05,temer-2018-07-11,primary_adjudicated,MDB;PP;PSD;PSDB;PV;REPUBLICANOS,MDB;PP;PRB;PSD;PSDB;PV,MDB;PP;PSD;PSDB;PV;REPUBLICANOS,,,,established,,,
2018-08-17,temer,temer-2018-07-05,temer-2018-07-11,primary_adjudicated,MDB;PP;PSD;PSDB;PV;REPUBLICANOS,MDB;PP;PRB;PSD;PSDB;PV,MDB;PP;PSD;PSDB;PV;REPUBLICANOS,,,,established,,,
2018-08-18,temer,temer-2018-07-05,temer-2018-07-11,primary_adjudicated,MDB;PP;PSD;PSDB;PV;REPUBLICANOS,MDB;PP;PRB;PSD;PSDB;PV,MDB;PP;PSD;PSDB;PV;REPUBLICANOS,,,,established,,,
2018-08-19,temer,temer-2018-07-05,temer-2018-07-11,primary_adjudicated,MDB;PP;PSD;PSDB;PV;REPUBLICANOS,MDB;PP;PRB;PSD;PSDB;PV,MDB;PP;PSD;PSDB;PV;REPUBLICANOS,,,,established,,,
2018-08-20,temer,temer-2018-07-05,temer-2018-07-11,primary_adjudicated,MDB;PP;PSD;PSDB;PV;REPUBLICANOS,MDB;PP;PRB;PSD;PSDB;PV,MDB;PP;PSD;PSDB;PV;REPUBLICANOS,,,,established,,,
2018-08-21,temer,temer-2018-07-05,temer-2018-07-11,primary_adjudicated,MDB;PP;PSD;PSDB;PV;REPUBLICANOS,MDB;PP;PRB;PSD;PSDB;PV,MDB;PP;PSD;PSDB;PV;REPUBLICANOS,,,,established,,,
2018-08-22,temer,temer-2018-07-05,temer-2018-07-11,primary_adjudicated,MDB;PP;PSD;PSDB;PV;REPUBLICANOS,MDB;PP;PRB;PSD;PSDB;PV,MDB;PP;PSD;PSDB;PV;REPUBLICANOS,,,,established,,,
2018-08-23,temer,temer-2018-07-05,temer-2018-07-11,primary_adjudicated,MDB;PP;PSD;PSDB;PV;REPUBLICANOS,MDB;PP;PRB;PSD;PSDB;PV,MDB;PP;PSD;PSDB;PV;REPUBLICANOS,,,,established,,,
2018-08-24,temer,temer-2018-07-05,temer-2018-07-11,primary_adjudicated,MDB;PP;PSD;PSDB;PV;REPUBLICANOS,MDB;PP;PRB;PSD;PSDB;PV,MDB;PP;PSD;PSDB;PV;REPUBLICANOS,,,,established,,,
2018-08-25,temer,temer-2018-07-05,temer-2018-07-11,primary_adjudicated,MDB;PP;PSD;PSDB;PV;REPUBLICANOS,MDB;PP;PRB;PSD;PSDB;PV,MDB;PP;PSD;PSDB;PV;REPUBLICANOS,,,,established,,,
2018-08-26,temer,temer-2018-07-05,temer-2018-07-11,primary_adjudicated,MDB;PP;PSD;PSDB;PV;REPUBLICANOS,MDB;PP;PRB;PSD;PSDB;PV,MDB;PP;PSD;PSDB;PV;REPUBLICANOS,,,,established,,,
2018-08-27,temer,temer-2018-07-05,temer-2018-07-11,primary_adjudicated,MDB;PP;PSD;PSDB;PV;REPUBLICANOS,MDB;PP;PRB;PSD;PSDB;PV,MDB;PP;PSD;PSDB;PV;REPUBLICANOS,,,,established,,,
2018-08-28,temer,temer-2018-07-05,temer-2018-07-11,primary_adjudicated,MDB;PP;PSD;PSDB;PV;REPUBLICANOS,MDB;PP;PRB;PSD;PSDB;PV,MDB;PP;PSD;PSDB;PV;REPUBLICANOS,,,,established,,,
2018-08-29,temer,temer-2018-07-05,temer-2018-07-11,primary_adjudicated,MDB;PP;PSD;PSDB;PV;REPUBLICANOS,MDB;PP;PRB;PSD;PSDB;PV,MDB;PP;PSD;PSDB;PV;REPUBLICANOS,,,,established,,,
2018-08-30,temer,temer-2018-07-05,temer-2018-07-11,primary_adjudicated,MDB;PP;PSD;PSDB;PV;REPUBLICANOS,MDB;PP;PRB;PSD;PSDB;PV,MDB;PP;PSD;PSDB;PV;REPUBLICANOS,,,,established,,,
2018-08-31,temer,temer-2018-07-05,temer-2018-07-11,primary_adjudicated,MDB;PP;PSD;PSDB;PV;REPUBLICANOS,MDB;PP;PRB;PSD;PSDB;PV,MDB;PP;PSD;PSDB;PV;REPUBLICANOS,,,,established,,,
2018-09-01,temer,temer-2018-07-05,temer-2018-07-11,primary_adjudicated,MDB;PP;PSD;PSDB;PV;REPUBLICANOS,MDB;PP;PRB;PSD;PSDB;PV,MDB;PP;PSD;PSDB;PV;REPUBLICANOS,,,,established,,,
2018-09-02,temer,temer-2018-07-05,temer-2018-07-11,primary_adjudicated,MDB;PP;PSD;PSDB;PV;REPUBLICANOS,MDB;PP;PRB;PSD;PSDB;PV,MDB;PP;PSD;PSDB;PV;REPUBLICANOS,,,,established,,,
2018-09-03,temer,temer-2018-07-05,temer-2018-07-11,primary_adjudicated,MDB;PP;PSD;PSDB;PV;REPUBLICANOS,MDB;PP;PRB;PSD;PSDB;PV,MDB;PP;PSD;PSDB;PV;REPUBLICANOS,,,,established,,,
2018-09-04,temer,temer-2018-07-05,temer-2018-07-11,primary_adjudicated,MDB;PP;PSD;PSDB;PV;REPUBLICANOS,MDB;PP;PRB;PSD;PSDB;PV,MDB;PP;PSD;PSDB;PV;REPUBLICANOS,,,,established,,,
2018-09-05,temer,temer-2018-07-05,temer-2018-07-11,primary_adjudicated,MDB;PP;PSD;PSDB;PV;REPUBLICANOS,MDB;PP;PRB;PSD;PSDB;PV,MDB;PP;PSD;PSDB;PV;REPUBLICANOS,,,,established,,,
2018-09-06,temer,temer-2018-07-05,temer-2018-07-11,primary_adjudicated,MDB;PP;PSD;PSDB;PV;REPUBLICANOS,MDB;PP;PRB;PSD;PSDB;PV,MDB;PP;PSD;PSDB;PV;REPUBLICANOS,,,,established,,,
2018-09-07,temer,temer-2018-07-05,temer-2018-07-11,primary_adjudicated,MDB;PP;PSD;PSDB;PV;REPUBLICANOS,MDB;PP;PRB;PSD;PSDB;PV,MDB;PP;PSD;PSDB;PV;REPUBLICANOS,,,,established,,,
2018-09-08,temer,temer-2018-07-05,temer-2018-07-11,primary_adjudicated,MDB;PP;PSD;PSDB;PV;REPUBLICANOS,MDB;PP;PRB;PSD;PSDB;PV,MDB;PP;PSD;PSDB;PV;REPUBLICANOS,,,,established,,,
2018-09-09,temer,temer-2018-07-05,temer-2018-07-11,primary_adjudicated,MDB;PP;PSD;PSDB;PV;REPUBLICANOS,MDB;PP;PRB;PSD;PSDB;PV,MDB;PP;PSD;PSDB;PV;REPUBLICANOS,,,,established,,,
2018-09-10,temer,temer-2018-07-05,temer-2018-07-11,primary_adjudicated,MDB;PP;PSD;PSDB;PV;REPUBLICANOS,MDB;PP;PRB;PSD;PSDB;PV,MDB;PP;PSD;PSDB;PV;REPUBLICANOS,,,,established,,,
2018-09-11,temer,temer-2018-07-05,temer-2018-09-11,primary_adjudicated,MDB;PP;PSD;PSDB;PV;REPUBLICANOS,MDB;PP;PRB;PSD;PSDB;PV,MDB;PP;PSD;PSDB;PV;REPUBLICANOS,,,,established,,,
2018-09-12,temer,temer-2018-07-05,temer-2018-09-11,primary_adjudicated,MDB;PP;PSD;PSDB;PV;REPUBLICANOS,MDB;PP;PRB;PSD;PSDB;PV,MDB;PP;PSD;PSDB;PV;REPUBLICANOS,,,,established,,,
2018-09-13,temer,temer-2018-07-05,temer-2018-09-11,primary_adjudicated,MDB;PP;PSD;PSDB;PV;REPUBLICANOS,MDB;PP;PRB;PSD;PSDB;PV,MDB;PP;PSD;PSDB;PV;REPUBLICANOS,,,,established,,,
2018-09-14,temer,temer-2018-07-05,temer-2018-09-11,primary_adjudicated,MDB;PP;PSD;PSDB;PV;REPUBLICANOS,MDB;PP;PRB;PSD;PSDB;PV,MDB;PP;PSD;PSDB;PV;REPUBLICANOS,,,,established,,,
2018-09-15,temer,temer-2018-07-05,temer-2018-09-11,primary_adjudicated,MDB;PP;PSD;PSDB;PV;REPUBLICANOS,MDB;PP;PRB;PSD;PSDB;PV,MDB;PP;PSD;PSDB;PV;REPUBLICANOS,,,,established,,,
2018-09-16,temer,temer-2018-07-05,temer-2018-09-11,primary_adjudicated,MDB;PP;PSD;PSDB;PV;REPUBLICANOS,MDB;PP;PRB;PSD;PSDB;PV,MDB;PP;PSD;PSDB;PV;REPUBLICANOS,,,,established,,,
2018-09-17,temer,temer-2018-07-05,temer-2018-09-11,primary_adjudicated,MDB;PP;PSD;PSDB;PV;REPUBLICANOS,MDB;PP;PRB;PSD;PSDB;PV,MDB;PP;PSD;PSDB;PV;REPUBLICANOS,,,,established,,,
2018-09-18,temer,temer-2018-07-05,temer-2018-09-11,primary_adjudicated,MDB;PP;PSD;PSDB;PV;REPUBLICANOS,MDB;PP;PRB;PSD;PSDB;PV,MDB;PP;PSD;PSDB;PV;REPUBLICANOS,,,,established,,,
2018-09-19,temer,temer-2018-07-05,temer-2018-09-11,primary_adjudicated,MDB;PP;PSD;PSDB;PV;REPUBLICANOS,MDB;PP;PRB;PSD;PSDB;PV,MDB;PP;PSD;PSDB;PV;REPUBLICANOS,,,,established,,,
2018-09-20,temer,temer-2018-07-05,temer-2018-09-11,primary_adjudicated,MDB;PP;PSD;PSDB;PV;REPUBLICANOS,MDB;PP;PRB;PSD;PSDB;PV,MDB;PP;PSD;PSDB;PV;REPUBLICANOS,,,,established,,,
2018-09-21,temer,temer-2018-07-05,temer-2018-09-11,primary_adjudicated,MDB;PP;PSD;PSDB;PV;REPUBLICANOS,MDB;PP;PRB;PSD;PSDB;PV,MDB;PP;PSD;PSDB;PV;REPUBLICANOS,,,,established,,,
2018-09-22,temer,temer-2018-07-05,temer-2018-09-11,primary_adjudicated,MDB;PP;PSD;PSDB;PV;REPUBLICANOS,MDB;PP;PRB;PSD;PSDB;PV,MDB;PP;PSD;PSDB;PV;REPUBLICANOS,,,,established,,,
2018-09-23,temer,temer-2018-07-05,temer-2018-09-11,primary_adjudicated,MDB;PP;PSD;PSDB;PV;REPUBLICANOS,MDB;PP;PRB;PSD;PSDB;PV,MDB;PP;PSD;PSDB;PV;REPUBLICANOS,,,,established,,,
2018-09-24,temer,temer-2018-07-05,temer-2018-09-11,primary_adjudicated,MDB;PP;PSD;PSDB;PV;REPUBLICANOS,MDB;PP;PRB;PSD;PSDB;PV,MDB;PP;PSD;PSDB;PV;REPUBLICANOS,,,,established,,,
2018-09-25,temer,temer-2018-07-05,temer-2018-09-11,primary_adjudicated,MDB;PP;PSD;PSDB;PV;REPUBLICANOS,MDB;PP;PRB;PSD;PSDB;PV,MDB;PP;PSD;PSDB;PV;REPUBLICANOS,,,,established,,,
2018-09-26,temer,temer-2018-07-05,temer-2018-09-11,primary_adjudicated,MDB;PP;PSD;PSDB;PV;REPUBLICANOS,MDB;PP;PRB;PSD;PSDB;PV,MDB;PP;PSD;PSDB;PV;REPUBLICANOS,,,,established,,,
2018-09-27,temer,temer-2018-07-05,temer-2018-09-11,primary_adjudicated,MDB;PP;PSD;PSDB;PV;REPUBLICANOS,MDB;PP;PRB;PSD;PSDB;PV,MDB;PP;PSD;PSDB;PV;REPUBLICANOS,,,,established,,,
2018-09-28,temer,temer-2018-07-05,temer-2018-09-11,primary_adjudicated,MDB;PP;PSD;PSDB;PV;REPUBLICANOS,MDB;PP;PRB;PSD;PSDB;PV,MDB;PP;PSD;PSDB;PV;REPUBLICANOS,,,,established,,,
2018-09-29,temer,temer-2018-07-05,temer-2018-09-11,primary_adjudicated,MDB;PP;PSD;PSDB;PV;REPUBLICANOS,MDB;PP;PRB;PSD;PSDB;PV,MDB;PP;PSD;PSDB;PV;REPUBLICANOS,,,,established,,,
2018-09-30,temer,temer-2018-07-05,temer-2018-09-11,primary_adjudicated,MDB;PP;PSD;PSDB;PV;REPUBLICANOS,MDB;PP;PRB;PSD;PSDB;PV,MDB;PP;PSD;PSDB;PV;REPUBLICANOS,,,,established,,,
2018-10-01,temer,temer-2018-07-05,temer-2018-09-11,primary_adjudicated,MDB;PP;PSD;PSDB;PV;REPUBLICANOS,MDB;PP;PRB;PSD;PSDB;PV,MDB;PP;PSD;PSDB;PV;REPUBLICANOS,,,,established,,,
2018-10-02,temer,temer-2018-07-05,temer-2018-09-11,primary_adjudicated,MDB;PP;PSD;PSDB;PV;REPUBLICANOS,MDB;PP;PRB;PSD;PSDB;PV,MDB;PP;PSD;PSDB;PV;REPUBLICANOS,,,,established,,,
2018-10-03,temer,temer-2018-07-05,temer-2018-09-11,primary_adjudicated,MDB;PP;PSD;PSDB;PV;REPUBLICANOS,MDB;PP;PRB;PSD;PSDB;PV,MDB;PP;PSD;PSDB;PV;REPUBLICANOS,,,,established,,,
2018-10-04,temer,temer-2018-07-05,temer-2018-09-11,primary_adjudicated,MDB;PP;PSD;PSDB;PV;REPUBLICANOS,MDB;PP;PRB;PSD;PSDB;PV,MDB;PP;PSD;PSDB;PV;REPUBLICANOS,,,,established,,,
2018-10-05,temer,temer-2018-07-05,temer-2018-09-11,primary_adjudicated,MDB;PP;PSD;PSDB;PV;REPUBLICANOS,MDB;PP;PRB;PSD;PSDB;PV,MDB;PP;PSD;PSDB;PV;REPUBLICANOS,,,,established,,,
2018-10-06,temer,temer-2018-07-05,temer-2018-09-11,primary_adjudicated,MDB;PP;PSD;PSDB;PV;REPUBLICANOS,MDB;PP;PRB;PSD;PSDB;PV,MDB;PP;PSD;PSDB;PV;REPUBLICANOS,,,,established,,,
2018-10-07,temer,temer-2018-07-05,temer-2018-09-11,primary_adjudicated,MDB;PP;PSD;PSDB;PV;REPUBLICANOS,MDB;PP;PRB;PSD;PSDB;PV,MDB;PP;PSD;PSDB;PV;REPUBLICANOS,,,,established,,,
2018-10-08,temer,temer-2018-07-05,temer-2018-09-11,primary_adjudicated,MDB;PP;PSD;PSDB;PV;REPUBLICANOS,MDB;PP;PRB;PSD;PSDB;PV,MDB;PP;PSD;PSDB;PV;REPUBLICANOS,,,,established,,,
2018-10-09,temer,temer-2018-07-05,temer-2018-09-11,primary_adjudicated,MDB;PP;PSD;PSDB;PV;REPUBLICANOS,MDB;PP;PRB;PSD;PSDB;PV,MDB;PP;PSD;PSDB;PV;REPUBLICANOS,,,,established,,,
2018-10-10,temer,temer-2018-07-05,temer-2018-09-11,primary_adjudicated,MDB;PP;PSD;PSDB;PV;REPUBLICANOS,MDB;PP;PRB;PSD;PSDB;PV,MDB;PP;PSD;PSDB;PV;REPUBLICANOS,,,,established,,,
2018-10-11,temer,temer-2018-07-05,temer-2018-09-11,primary_adjudicated,MDB;PP;PSD;PSDB;PV;REPUBLICANOS,MDB;PP;PRB;PSD;PSDB;PV,MDB;PP;PSD;PSDB;PV;REPUBLICANOS,,,,established,,,
2018-10-12,temer,temer-2018-07-05,temer-2018-09-11,primary_adjudicated,MDB;PP;PSD;PSDB;PV;REPUBLICANOS,MDB;PP;PRB;PSD;PSDB;PV,MDB;PP;PSD;PSDB;PV;REPUBLICANOS,,,,established,,,
2018-10-13,temer,temer-2018-07-05,temer-2018-09-11,primary_adjudicated,MDB;PP;PSD;PSDB;PV;REPUBLICANOS,MDB;PP;PRB;PSD;PSDB;PV,MDB;PP;PSD;PSDB;PV;REPUBLICANOS,,,,established,,,
2018-10-14,temer,temer-2018-07-05,temer-2018-09-11,primary_adjudicated,MDB;PP;PSD;PSDB;PV;REPUBLICANOS,MDB;PP;PRB;PSD;PSDB;PV,MDB;PP;PSD;PSDB;PV;REPUBLICANOS,,,,established,,,
2018-10-15,temer,temer-2018-07-05,temer-2018-09-11,primary_adjudicated,MDB;PP;PSD;PSDB;PV;REPUBLICANOS,MDB;PP;PRB;PSD;PSDB;PV,MDB;PP;PSD;PSDB;PV;REPUBLICANOS,,,,established,,,
2018-10-16,temer,temer-2018-07-05,temer-2018-09-11,primary_adjudicated,MDB;PP;PSD;PSDB;PV;REPUBLICANOS,MDB;PP;PRB;PSD;PSDB;PV,MDB;PP;PSD;PSDB;PV;REPUBLICANOS,,,,established,,,
2018-10-17,temer,temer-2018-07-05,temer-2018-09-11,primary_adjudicated,MDB;PP;PSD;PSDB;PV;REPUBLICANOS,MDB;PP;PRB;PSD;PSDB;PV,MDB;PP;PSD;PSDB;PV;REPUBLICANOS,,,,established,,,
2018-10-18,temer,temer-2018-07-05,temer-2018-09-11,primary_adjudicated,MDB;PP;PSD;PSDB;PV;REPUBLICANOS,MDB;PP;PRB;PSD;PSDB;PV,MDB;PP;PSD;PSDB;PV;REPUBLICANOS,,,,established,,,
2018-10-19,temer,temer-2018-07-05,temer-2018-09-11,primary_adjudicated,MDB;PP;PSD;PSDB;PV;REPUBLICANOS,MDB;PP;PRB;PSD;PSDB;PV,MDB;PP;PSD;PSDB;PV;REPUBLICANOS,,,,established,,,
2018-10-20,temer,temer-2018-07-05,temer-2018-09-11,primary_adjudicated,MDB;PP;PSD;PSDB;PV;REPUBLICANOS,MDB;PP;PRB;PSD;PSDB;PV,MDB;PP;PSD;PSDB;PV;REPUBLICANOS,,,,established,,,
2018-10-21,temer,temer-2018-07-05,temer-2018-09-11,primary_adjudicated,MDB;PP;PSD;PSDB;PV;REPUBLICANOS,MDB;PP;PRB;PSD;PSDB;PV,MDB;PP;PSD;PSDB;PV;REPUBLICANOS,,,,established,,,
2018-10-22,temer,temer-2018-07-05,temer-2018-09-11,primary_adjudicated,MDB;PP;PSD;PSDB;PV;REPUBLICANOS,MDB;PP;PRB;PSD;PSDB;PV,MDB;PP;PSD;PSDB;PV;REPUBLICANOS,,,,established,,,
2018-10-23,temer,temer-2018-07-05,temer-2018-09-11,primary_adjudicated,MDB;PP;PSD;PSDB;PV;REPUBLICANOS,MDB;PP;PRB;PSD;PSDB;PV,MDB;PP;PSD;PSDB;PV;REPUBLICANOS,,,,established,,,
2018-10-24,temer,temer-2018-07-05,temer-2018-09-11,primary_adjudicated,MDB;PP;PSD;PSDB;PV;REPUBLICANOS,MDB;PP;PRB;PSD;PSDB;PV,MDB;PP;PSD;PSDB;PV;REPUBLICANOS,,,,established,,,
2018-10-25,temer,temer-2018-07-05,temer-2018-09-11,primary_adjudicated,MDB;PP;PSD;PSDB;PV;REPUBLICANOS,MDB;PP;PRB;PSD;PSDB;PV,MDB;PP;PSD;PSDB;PV;REPUBLICANOS,,,,established,,,
2018-10-26,temer,temer-2018-07-05,temer-2018-09-11,primary_adjudicated,MDB;PP;PSD;PSDB;PV;REPUBLICANOS,MDB;PP;PRB;PSD;PSDB;PV,MDB;PP;PSD;PSDB;PV;REPUBLICANOS,,,,established,,,
2018-10-27,temer,temer-2018-07-05,temer-2018-09-11,primary_adjudicated,MDB;PP;PSD;PSDB;PV;REPUBLICANOS,MDB;PP;PRB;PSD;PSDB;PV,MDB;PP;PSD;PSDB;PV;REPUBLICANOS,,,,established,,,
2018-10-28,temer,temer-2018-07-05,temer-2018-09-11,primary_adjudicated,MDB;PP;PSD;PSDB;PV;REPUBLICANOS,MDB;PP;PRB;PSD;PSDB;PV,MDB;PP;PSD;PSDB;PV;REPUBLICANOS,,,,established,,,
2018-10-29,temer,temer-2018-07-05,temer-2018-09-11,primary_adjudicated,MDB;PP;PSD;PSDB;PV;REPUBLICANOS,MDB;PP;PRB;PSD;PSDB;PV,MDB;PP;PSD;PSDB;PV;REPUBLICANOS,,,,established,,,
2018-10-30,temer,temer-2018-07-05,temer-2018-09-11,primary_adjudicated,MDB;PP;PSD;PSDB;PV;REPUBLICANOS,MDB;PP;PRB;PSD;PSDB;PV,MDB;PP;PSD;PSDB;PV;REPUBLICANOS,,,,established,,,
2018-10-31,temer,temer-2018-07-05,temer-2018-09-11,primary_adjudicated,MDB;PP;PSD;PSDB;PV;REPUBLICANOS,MDB;PP;PRB;PSD;PSDB;PV,MDB;PP;PSD;PSDB;PV;REPUBLICANOS,,,,established,,,
2018-11-01,temer,temer-2018-07-05,temer-2018-09-11,primary_adjudicated,MDB;PP;PSD;PSDB;PV;REPUBLICANOS,MDB;PP;PRB;PSD;PSDB;PV,MDB;PP;PSD;PSDB;PV;REPUBLICANOS,,,,established,,,
2018-11-02,temer,temer-2018-07-05,temer-2018-09-11,primary_adjudicated,MDB;PP;PSD;PSDB;PV;REPUBLICANOS,MDB;PP;PRB;PSD;PSDB;PV,MDB;PP;PSD;PSDB;PV;REPUBLICANOS,,,,established,,,
2018-11-03,temer,temer-2018-07-05,temer-2018-09-11,primary_adjudicated,MDB;PP;PSD;PSDB;PV;REPUBLICANOS,MDB;PP;PRB;PSD;PSDB;PV,MDB;PP;PSD;PSDB;PV;REPUBLICANOS,,,,established,,,
2018-11-04,temer,temer-2018-07-05,temer-2018-09-11,primary_adjudicated,MDB;PP;PSD;PSDB;PV;REPUBLICANOS,MDB;PP;PRB;PSD;PSDB;PV,MDB;PP;PSD;PSDB;PV;REPUBLICANOS,,,,established,,,
2018-11-05,temer,temer-2018-07-05,temer-2018-11-05,primary_adjudicated,MDB;PP;PSD;PSDB;PV;REPUBLICANOS,MDB;PP;PRB;PSD;PSDB;PV,MDB;PP;PSD;PSDB;PV;REPUBLICANOS,,,,established,,,
2018-11-06,temer,temer-2018-07-05,temer-2018-11-05,primary_adjudicated,MDB;PP;PSD;PSDB;PV;REPUBLICANOS,MDB;PP;PRB;PSD;PSDB;PV,MDB;PP;PSD;PSDB;PV;REPUBLICANOS,,,,established,,,
2018-11-07,temer,temer-2018-07-05,temer-2018-11-05,primary_adjudicated,MDB;PP;PSD;PSDB;PV;REPUBLICANOS,MDB;PP;PRB;PSD;PSDB;PV,MDB;PP;PSD;PSDB;PV;REPUBLICANOS,,,,established,,,
2018-11-08,temer,temer-2018-07-05,temer-2018-11-05,primary_adjudicated,MDB;PP;PSD;PSDB;PV;REPUBLICANOS,MDB;PP;PRB;PSD;PSDB;PV,MDB;PP;PSD;PSDB;PV;REPUBLICANOS,,,,established,,,
2018-11-09,temer,temer-2018-07-05,temer-2018-11-05,primary_adjudicated,MDB;PP;PSD;PSDB;PV;REPUBLICANOS,MDB;PP;PRB;PSD;PSDB;PV,MDB;PP;PSD;PSDB;PV;REPUBLICANOS,,,,established,,,
2018-11-10,temer,temer-2018-07-05,temer-2018-11-05,primary_adjudicated,MDB;PP;PSD;PSDB;PV;REPUBLICANOS,MDB;PP;PRB;PSD;PSDB;PV,MDB;PP;PSD;PSDB;PV;REPUBLICANOS,,,,established,,,
2018-11-11,temer,temer-2018-07-05,temer-2018-11-05,primary_adjudicated,MDB;PP;PSD;PSDB;PV;REPUBLICANOS,MDB;PP;PRB;PSD;PSDB;PV,MDB;PP;PSD;PSDB;PV;REPUBLICANOS,,,,established,,,
2018-11-12,temer,temer-2018-07-05,temer-2018-11-05,primary_adjudicated,MDB;PP;PSD;PSDB;PV;REPUBLICANOS,MDB;PP;PRB;PSD;PSDB;PV,MDB;PP;PSD;PSDB;PV;REPUBLICANOS,,,,established,,,
2018-11-13,temer,temer-2018-07-05,temer-2018-11-05,primary_adjudicated,MDB;PP;PSD;PSDB;PV;REPUBLICANOS,MDB;PP;PRB;PSD;PSDB;PV,MDB;PP;PSD;PSDB;PV;REPUBLICANOS,,,,established,,,
2018-11-14,temer,temer-2018-07-05,temer-2018-11-05,primary_adjudicated,MDB;PP;PSD;PSDB;PV;REPUBLICANOS,MDB;PP;PRB;PSD;PSDB;PV,MDB;PP;PSD;PSDB;PV;REPUBLICANOS,,,,established,,,
2018-11-15,temer,temer-2018-07-05,temer-2018-11-05,primary_adjudicated,MDB;PP;PSD;PSDB;PV;REPUBLICANOS,MDB;PP;PRB;PSD;PSDB;PV,MDB;PP;PSD;PSDB;PV;REPUBLICANOS,,,,established,,,
2018-11-16,temer,temer-2018-07-05,temer-2018-11-05,primary_adjudicated,MDB;PP;PSD;PSDB;PV;REPUBLICANOS,MDB;PP;PRB;PSD;PSDB;PV,MDB;PP;PSD;PSDB;PV;REPUBLICANOS,,,,established,,,
2018-11-17,temer,temer-2018-07-05,temer-2018-11-05,primary_adjudicated,MDB;PP;PSD;PSDB;PV;REPUBLICANOS,MDB;PP;PRB;PSD;PSDB;PV,MDB;PP;PSD;PSDB;PV;REPUBLICANOS,,,,established,,,
2018-11-18,temer,temer-2018-07-05,temer-2018-11-05,primary_adjudicated,MDB;PP;PSD;PSDB;PV;REPUBLICANOS,MDB;PP;PRB;PSD;PSDB;PV,MDB;PP;PSD;PSDB;PV;REPUBLICANOS,,,,established,,,
2018-11-19,temer,temer-2018-07-05,temer-2018-11-05,primary_adjudicated,MDB;PP;PSD;PSDB;PV;REPUBLICANOS,MDB;PP;PRB;PSD;PSDB;PV,MDB;PP;PSD;PSDB;PV;REPUBLICANOS,,,,established,,,
2018-11-20,temer,temer-2018-07-05,temer-2018-11-05,primary_adjudicated,MDB;PP;PSD;PSDB;PV;REPUBLICANOS,MDB;PP;PRB;PSD;PSDB;PV,MDB;PP;PSD;PSDB;PV;REPUBLICANOS,,,,established,,,
2018-11-21,temer,temer-2018-07-05,temer-2018-11-05,primary_adjudicated,MDB;PP;PSD;PSDB;PV;REPUBLICANOS,MDB;PP;PRB;PSD;PSDB;PV,MDB;PP;PSD;PSDB;PV;REPUBLICANOS,,,,established,,,
2018-11-22,temer,temer-2018-07-05,temer-2018-11-05,primary_adjudicated,MDB;PP;PSD;PSDB;PV;REPUBLICANOS,MDB;PP;PRB;PSD;PSDB;PV,MDB;PP;PSD;PSDB;PV;REPUBLICANOS,,,,established,,,
2018-11-23,temer,temer-2018-07-05,temer-2018-11-05,primary_adjudicated,MDB;PP;PSD;PSDB;PV;REPUBLICANOS,MDB;PP;PRB;PSD;PSDB;PV,MDB;PP;PSD;PSDB;PV;REPUBLICANOS,,,,established,,,
2018-11-24,temer,temer-2018-07-05,temer-2018-11-05,primary_adjudicated,MDB;PP;PSD;PSDB;PV;REPUBLICANOS,MDB;PP;PRB;PSD;PSDB;PV,MDB;PP;PSD;PSDB;PV;REPUBLICANOS,,,,established,,,
2018-11-25,temer,temer-2018-07-05,temer-2018-11-05,primary_adjudicated,MDB;PP;PSD;PSDB;PV;REPUBLICANOS,MDB;PP;PRB;PSD;PSDB;PV,MDB;PP;PSD;PSDB;PV;REPUBLICANOS,,,,established,,,
2018-11-26,temer,temer-2018-07-05,temer-2018-11-05,primary_adjudicated,MDB;PP;PSD;PSDB;PV;REPUBLICANOS,MDB;PP;PRB;PSD;PSDB;PV,MDB;PP;PSD;PSDB;PV;REPUBLICANOS,,,,established,,,
2018-11-27,temer,temer-2018-07-05,temer-2018-11-05,primary_adjudicated,MDB;PP;PSD;PSDB;PV;REPUBLICANOS,MDB;PP;PRB;PSD;PSDB;PV,MDB;PP;PSD;PSDB;PV;REPUBLICANOS,,,,established,,,
2018-11-28,temer,temer-2018-07-05,temer-2018-11-05,primary_adjudicated,MDB;PP;PSD;PSDB;PV;REPUBLICANOS,MDB;PP;PRB;PSD;PSDB;PV,MDB;PP;PSD;PSDB;PV;REPUBLICANOS,,,,established,,,
2018-11-29,temer,temer-2018-07-05,temer-2018-11-05,primary_adjudicated,MDB;PP;PSD;PSDB;PV;REPUBLICANOS,MDB;PP;PRB;PSD;PSDB;PV,MDB;PP;PSD;PSDB;PV;REPUBLICANOS,,,,established,,,
2018-11-30,temer,temer-2018-07-05,temer-2018-11-05,primary_adjudicated,MDB;PP;PSD;PSDB;PV;REPUBLICANOS,MDB;PP;PRB;PSD;PSDB;PV,MDB;PP;PSD;PSDB;PV;REPUBLICANOS,,,,established,,,
2018-12-01,temer,temer-2018-07-05,temer-2018-11-05,primary_adjudicated,MDB;PP;PSD;PSDB;PV;REPUBLICANOS,MDB;PP;PRB;PSD;PSDB;PV,MDB;PP;PSD;PSDB;PV;REPUBLICANOS,,,,established,,,
2018-12-02,temer,temer-2018-07-05,temer-2018-11-05,primary_adjudicated,MDB;PP;PSD;PSDB;PV;REPUBLICANOS,MDB;PP;PRB;PSD;PSDB;PV,MDB;PP;PSD;PSDB;PV;REPUBLICANOS,,,,established,,,
2018-12-03,temer,temer-2018-07-05,temer-2018-11-05,primary_adjudicated,MDB;PP;PSD;PSDB;PV;REPUBLICANOS,MDB;PP;PRB;PSD;PSDB;PV,MDB;PP;PSD;PSDB;PV;REPUBLICANOS,,,,established,,,
2018-12-04,temer,temer-2018-07-05,temer-2018-11-05,primary_adjudicated,MDB;PP;PSD;PSDB;PV;REPUBLICANOS,MDB;PP;PRB;PSD;PSDB;PV,MDB;PP;PSD;PSDB;PV;REPUBLICANOS,,,,established,,,
2018-12-05,temer,temer-2018-07-05,temer-2018-11-05,primary_adjudicated,MDB;PP;PSD;PSDB;PV;REPUBLICANOS,MDB;PP;PRB;PSD;PSDB;PV,MDB;PP;PSD;PSDB;PV;REPUBLICANOS,,,,established,,,
2018-12-06,temer,temer-2018-07-05,temer-2018-11-05,primary_adjudicated,MDB;PP;PSD;PSDB;PV;REPUBLICANOS,MDB;PP;PRB;PSD;PSDB;PV,MDB;PP;PSD;PSDB;PV;REPUBLICANOS,,,,established,,,
2018-12-07,temer,temer-2018-07-05,temer-2018-11-05,primary_adjudicated,MDB;PP;PSD;PSDB;PV;REPUBLICANOS,MDB;PP;PRB;PSD;PSDB;PV,MDB;PP;PSD;PSDB;PV;REPUBLICANOS,,,,established,,,
2018-12-08,temer,temer-2018-07-05,temer-2018-11-05,primary_adjudicated,MDB;PP;PSD;PSDB;PV;REPUBLICANOS,MDB;PP;PRB;PSD;PSDB;PV,MDB;PP;PSD;PSDB;PV;REPUBLICANOS,,,,established,,,
2018-12-09,temer,temer-2018-07-05,temer-2018-11-05,primary_adjudicated,MDB;PP;PSD;PSDB;PV;REPUBLICANOS,MDB;PP;PRB;PSD;PSDB;PV,MDB;PP;PSD;PSDB;PV;REPUBLICANOS,,,,established,,,
2018-12-10,temer,temer-2018-07-05,temer-2018-11-05,primary_adjudicated,MDB;PP;PSD;PSDB;PV;REPUBLICANOS,MDB;PP;PRB;PSD;PSDB;PV,MDB;PP;PSD;PSDB;PV;REPUBLICANOS,,,,established,,,
2018-12-11,temer,temer-2018-07-05,temer-2018-11-05,primary_adjudicated,MDB;PP;PSD;PSDB;PV;REPUBLICANOS,MDB;PP;PRB;PSD;PSDB;PV,MDB;PP;PSD;PSDB;PV;REPUBLICANOS,,,,established,,,
2018-12-12,temer,temer-2018-07-05,temer-2018-11-05,primary_adjudicated,MDB;PP;PSD;PSDB;PV;REPUBLICANOS,MDB;PP;PRB;PSD;PSDB;PV,MDB;PP;PSD;PSDB;PV;REPUBLICANOS,,,,established,,,
2018-12-13,temer,temer-2018-07-05,temer-2018-11-05,primary_adjudicated,MDB;PP;PSD;PSDB;PV;REPUBLICANOS,MDB;PP;PRB;PSD;PSDB;PV,MDB;PP;PSD;PSDB;PV;REPUBLICANOS,,,,established,,,
2018-12-14,temer,temer-2018-07-05,temer-2018-11-05,primary_adjudicated,MDB;PP;PSD;PSDB;PV;REPUBLICANOS,MDB;PP;PRB;PSD;PSDB;PV,MDB;PP;PSD;PSDB;PV;REPUBLICANOS,,,,established,,,
2018-12-15,temer,temer-2018-07-05,temer-2018-11-05,primary_adjudicated,MDB;PP;PSD;PSDB;PV;REPUBLICANOS,MDB;PP;PRB;PSD;PSDB;PV,MDB;PP;PSD;PSDB;PV;REPUBLICANOS,,,,established,,,
2018-12-16,temer,temer-2018-07-05,temer-2018-11-05,primary_adjudicated,MDB;PP;PSD;PSDB;PV;REPUBLICANOS,MDB;PP;PRB;PSD;PSDB;PV,MDB;PP;PSD;PSDB;PV;REPUBLICANOS,,,,established,,,
2018-12-17,temer,temer-2018-07-05,temer-2018-11-05,primary_adjudicated,MDB;PP;PSD;PSDB;PV;REPUBLICANOS,MDB;PP;PRB;PSD;PSDB;PV,MDB;PP;PSD;PSDB;PV;REPUBLICANOS,,,,established,,,
2018-12-18,temer,temer-2018-07-05,temer-2018-11-05,primary_adjudicated,MDB;PP;PSD;PSDB;PV;REPUBLICANOS,MDB;PP;PRB;PSD;PSDB;PV,MDB;PP;PSD;PSDB;PV;REPUBLICANOS,,,,established,,,
2018-12-19,temer,temer-2018-07-05,temer-2018-11-05,primary_adjudicated,MDB;PP;PSD;PSDB;PV;REPUBLICANOS,MDB;PP;PRB;PSD;PSDB;PV,MDB;PP;PSD;PSDB;PV;REPUBLICANOS,,,,established,,,
2018-12-20,temer,temer-2018-07-05,temer-2018-11-05,primary_adjudicated,MDB;PP;PSD;PSDB;PV;REPUBLICANOS,MDB;PP;PRB;PSD;PSDB;PV,MDB;PP;PSD;PSDB;PV;REPUBLICANOS,,,,established,,,
2018-12-21,temer,temer-2018-07-05,temer-2018-11-05,primary_adjudicated,MDB;PP;PSD;PSDB;PV;REPUBLICANOS,MDB;PP;PRB;PSD;PSDB;PV,MDB;PP;PSD;PSDB;PV;REPUBLICANOS,,,,established,,,
2018-12-22,temer,temer-2018-07-05,temer-2018-11-05,primary_adjudicated,MDB;PP;PSD;PSDB;PV;REPUBLICANOS,MDB;PP;PRB;PSD;PSDB;PV,MDB;PP;PSD;PSDB;PV;REPUBLICANOS,,,,established,,,
2018-12-23,temer,temer-2018-07-05,temer-2018-11-05,primary_adjudicated,MDB;PP;PSD;PSDB;PV;REPUBLICANOS,MDB;PP;PRB;PSD;PSDB;PV,MDB;PP;PSD;PSDB;PV;REPUBLICANOS,,,,established,,,
2018-12-24,temer,temer-2018-07-05,temer-2018-11-05,primary_adjudicated,MDB;PP;PSD;PSDB;PV;REPUBLICANOS,MDB;PP;PRB;PSD;PSDB;PV,MDB;PP;PSD;PSDB;PV;REPUBLICANOS,,,,established,,,
2018-12-25,temer,temer-2018-07-05,temer-2018-11-05,primary_adjudicated,MDB;PP;PSD;PSDB;PV;REPUBLICANOS,MDB;PP;PRB;PSD;PSDB;PV,MDB;PP;PSD;PSDB;PV;REPUBLICANOS,,,,established,,,
2018-12-26,temer,temer-2018-07-05,temer-2018-11-05,primary_adjudicated,MDB;PP;PSD;PSDB;PV;REPUBLICANOS,MDB;PP;PRB;PSD;PSDB;PV,MDB;PP;PSD;PSDB;PV;REPUBLICANOS,,,,established,,,
2018-12-27,temer,temer-2018-07-05,temer-2018-11-05,primary_adjudicated,MDB;PP;PSD;PSDB;PV;REPUBLICANOS,MDB;PP;PRB;PSD;PSDB;PV,MDB;PP;PSD;PSDB;PV;REPUBLICANOS,,,,established,,,
2018-12-28,temer,temer-2018-07-05,temer-2018-11-05,primary_adjudicated,MDB;PP;PSD;PSDB;PV;REPUBLICANOS,MDB;PP;PRB;PSD;PSDB;PV,MDB;PP;PSD;PSDB;PV;REPUBLICANOS,,,,established,,,
2018-12-29,temer,temer-2018-07-05,temer-2018-11-05,primary_adjudicated,MDB;PP;PSD;PSDB;PV;REPUBLICANOS,MDB;PP;PRB;PSD;PSDB;PV,MDB;PP;PSD;PSDB;PV;REPUBLICANOS,,,,established,,,
2018-12-30,temer,temer-2018-07-05,temer-2018-11-05,primary_adjudicated,MDB;PP;PSD;PSDB;PV;REPUBLICANOS,MDB;PP;PRB;PSD;PSDB;PV,MDB;PP;PSD;PSDB;PV;REPUBLICANOS,,,,established,,,
2018-12-31,temer,temer-2018-07-05,temer-2018-12-31,primary_provisional,MDB;PP;PSD;PSDB;PV;REPUBLICANOS,MDB;PP;PRB;PSD;PSDB;PV,MDB;PP;PSD;PSDB;PV;REPUBLICANOS,,person-carlos-henrique-menezes-sobral,,unidentified,person-carlos-henrique-menezes-sobral,V5A004,
2019-01-01,bolsonaro,bolsonaro-2019-01-01,bolsonaro-2019-01-01,primary_adjudicated,DEM;MDB;NOVO;PP;PSL,DEM;MDB;NOVO;PP;PSL,DEM;MDB;NOVO;PP;PSL,,,,established,,,
2019-01-02,bolsonaro,bolsonaro-2019-01-01,bolsonaro-2019-01-01,primary_adjudicated,DEM;MDB;NOVO;PP;PSL,DEM;MDB;NOVO;PP;PSL,DEM;MDB;NOVO;PP;PSL,,,,established,,,
2019-01-03,bolsonaro,bolsonaro-2019-01-01,bolsonaro-2019-01-01,primary_adjudicated,DEM;MDB;NOVO;PP;PSL,DEM;MDB;NOVO;PP;PSL,DEM;MDB;NOVO;PP;PSL,,,,established,,,
2019-01-04,bolsonaro,bolsonaro-2019-01-01,bolsonaro-2019-01-01,primary_adjudicated,DEM;MDB;NOVO;PP;PSL,DEM;MDB;NOVO;PP;PSL,DEM;MDB;NOVO;PP;PSL,,,,established,,,
2019-01-05,bolsonaro,bolsonaro-2019-01-01,bolsonaro-2019-01-01,primary_adjudicated,DEM;MDB;NOVO;PP;PSL,DEM;MDB;NOVO;PP;PSL,DEM;MDB;NOVO;PP;PSL,,,,established,,,
2019-01-06,bolsonaro,bolsonaro-2019-01-01,bolsonaro-2019-01-01,primary_adjudicated,DEM;MDB;NOVO;PP;PSL,DEM;MDB;NOVO;PP;PSL,DEM;MDB;NOVO;PP;PSL,,,,established,,,
2019-01-07,bolsonaro,bolsonaro-2019-01-01,bolsonaro-2019-01-01,primary_adjudicated,DEM;MDB;NOVO;PP;PSL,DEM;MDB;NOVO;PP;PSL,DEM;MDB;NOVO;PP;PSL,,,,established,,,
2019-01-08,bolsonaro,bolsonaro-2019-01-01,bolsonaro-2019-01-01,primary_adjudicated,DEM;MDB;NOVO;PP;PSL,DEM;MDB;NOVO;PP;PSL,DEM;MDB;NOVO;PP;PSL,,,,established,,,
2019-01-09,bolsonaro,bolsonaro-2019-01-01,bolsonaro-2019-01-01,primary_adjudicated,DEM;MDB;NOVO;PP;PSL,DEM;MDB;NOVO;PP;PSL,DEM;MDB;NOVO;PP;PSL,,,,established,,,
2019-01-10,bolsonaro,bolsonaro-2019-01-01,bolsonaro-2019-01-01,primary_adjudicated,DEM;MDB;NOVO;PP;PSL,DEM;MDB;NOVO;PP;PSL,DEM;MDB;NOVO;PP;PSL,,,,established,,,
2019-01-11,bolsonaro,bolsonaro-2019-01-01,bolsonaro-2019-01-01,primary_adjudicated,DEM;MDB;NOVO;PP;PSL,DEM;MDB;NOVO;PP;PSL,DEM;MDB;NOVO;PP;PSL,,,,established,,,
2019-01-12,bolsonaro,bolsonaro-2019-01-01,bolsonaro-2019-01-01,primary_adjudicated,DEM;MDB;NOVO;PP;PSL,DEM;MDB;NOVO;PP;PSL,DEM;MDB;NOVO;PP;PSL,,,,established,,,
2019-01-13,bolsonaro,bolsonaro-2019-01-01,bolsonaro-2019-01-01,primary_adjudicated,DEM;MDB;NOVO;PP;PSL,DEM;MDB;NOVO;PP;PSL,DEM;MDB;NOVO;PP;PSL,,,,established,,,
2019-01-14,bolsonaro,bolsonaro-2019-01-01,bolsonaro-2019-01-01,primary_adjudicated,DEM;MDB;NOVO;PP;PSL,DEM;MDB;NOVO;PP;PSL,DEM;MDB;NOVO;PP;PSL,,,,established,,,
2019-01-15,bolsonaro,bolsonaro-2019-01-01,bolsonaro-2019-01-01,primary_adjudicated,DEM;MDB;NOVO;PP;PSL,DEM;MDB;NOVO;PP;PSL,DEM;MDB;NOVO;PP;PSL,,,,established,,,
2019-01-16,bolsonaro,bolsonaro-2019-01-01,bolsonaro-2019-01-01,primary_adjudicated,DEM;MDB;NOVO;PP;PSL,DEM;MDB;NOVO;PP;PSL,DEM;MDB;NOVO;PP;PSL,,,,established,,,
2019-01-17,bolsonaro,bolsonaro-2019-01-01,bolsonaro-2019-01-01,primary_adjudicated,DEM;MDB;NOVO;PP;PSL,DEM;MDB;NOVO;PP;PSL,DEM;MDB;NOVO;PP;PSL,,,,established,,,
2019-01-18,bolsonaro,bolsonaro-2019-01-01,bolsonaro-2019-01-01,primary_adjudicated,DEM;MDB;NOVO;PP;PSL,DEM;MDB;NOVO;PP;PSL,DEM;MDB;NOVO;PP;PSL,,,,established,,,
2019-01-19,bolsonaro,bolsonaro-2019-01-01,bolsonaro-2019-01-01,primary_adjudicated,DEM;MDB;NOVO;PP;PSL,DEM;MDB;NOVO;PP;PSL,DEM;MDB;NOVO;PP;PSL,,,,established,,,
2019-01-20,bolsonaro,bolsonaro-2019-01-01,bolsonaro-2019-01-01,primary_adjudicated,DEM;MDB;NOVO;PP;PSL,DEM;MDB;NOVO;PP;PSL,DEM;MDB;NOVO;PP;PSL,,,,established,,,
2019-01-21,bolsonaro,bolsonaro-2019-01-01,bolsonaro-2019-01-01,primary_adjudicated,DEM;MDB;NOVO;PP;PSL,DEM;MDB;NOVO;PP;PSL,DEM;MDB;NOVO;PP;PSL,,,,established,,,
2019-01-22,bolsonaro,bolsonaro-2019-01-01,bolsonaro-2019-01-01,primary_adjudicated,DEM;MDB;NOVO;PP;PSL,DEM;MDB;NOVO;PP;PSL,DEM;MDB;NOVO;PP;PSL,,,,established,,,
2019-01-23,bolsonaro,bolsonaro-2019-01-01,bolsonaro-2019-01-01,primary_adjudicated,DEM;MDB;NOVO;PP;PSL,DEM;MDB;NOVO;PP;PSL,DEM;MDB;NOVO;PP;PSL,,,,established,,,
2019-01-24,bolsonaro,bolsonaro-2019-01-01,bolsonaro-2019-01-01,primary_adjudicated,DEM;MDB;NOVO;PP;PSL,DEM;MDB;NOVO;PP;PSL,DEM;MDB;NOVO;PP;PSL,,,,established,,,
2019-01-25,bolsonaro,bolsonaro-2019-01-01,bolsonaro-2019-01-01,primary_adjudicated,DEM;MDB;NOVO;PP;PSL,DEM;MDB;NOVO;PP;PSL,DEM;MDB;NOVO;PP;PSL,,,,established,,,
2019-01-26,bolsonaro,bolsonaro-2019-01-01,bolsonaro-2019-01-01,primary_adjudicated,DEM;MDB;NOVO;PP;PSL,DEM;MDB;NOVO;PP;PSL,DEM;MDB;NOVO;PP;PSL,,,,established,,,
2019-01-27,bolsonaro,bolsonaro-2019-01-01,bolsonaro-2019-01-01,primary_adjudicated,DEM;MDB;NOVO;PP;PSL,DEM;MDB;NOVO;PP;PSL,DEM;MDB;NOVO;PP;PSL,,,,established,,,
2019-01-28,bolsonaro,bolsonaro-2019-01-01,bolsonaro-2019-01-01,primary_adjudicated,DEM;MDB;NOVO;PP;PSL,DEM;MDB;NOVO;PP;PSL,DEM;MDB;NOVO;PP;PSL,,,,established,,,
2019-01-29,bolsonaro,bolsonaro-2019-01-01,bolsonaro-2019-01-01,primary_adjudicated,DEM;MDB;NOVO;PP;PSL,DEM;MDB;NOVO;PP;PSL,DEM;MDB;NOVO;PP;PSL,,,,established,,,
2019-01-30,bolsonaro,bolsonaro-2019-01-01,bolsonaro-2019-01-01,primary_adjudicated,DEM;MDB;NOVO;PP;PSL,DEM;MDB;NOVO;PP;PSL,DEM;MDB;NOVO;PP;PSL,,,,established,,,
2019-01-31,bolsonaro,bolsonaro-2019-01-01,bolsonaro-2019-01-01,primary_adjudicated,DEM;MDB;NOVO;PP;PSL,DEM;MDB;NOVO;PP;PSL,DEM;MDB;NOVO;PP;PSL,,,,established,,,
2019-02-01,bolsonaro,bolsonaro-2019-01-01,bolsonaro-2019-01-01,primary_adjudicated,DEM;MDB;NOVO;PP;PSL,DEM;MDB;NOVO;PP;PSL,DEM;MDB;NOVO;PP;PSL,,,,established,,,
2019-02-02,bolsonaro,bolsonaro-2019-01-01,bolsonaro-2019-01-01,primary_adjudicated,DEM;MDB;NOVO;PP;PSL,DEM;MDB;NOVO;PP;PSL,DEM;MDB;NOVO;PP;PSL,,,,established,,,
2019-02-03,bolsonaro,bolsonaro-2019-01-01,bolsonaro-2019-01-01,primary_adjudicated,DEM;MDB;NOVO;PP;PSL,DEM;MDB;NOVO;PP;PSL,DEM;MDB;NOVO;PP;PSL,,,,established,,,
2019-02-04,bolsonaro,bolsonaro-2019-01-01,bolsonaro-2019-01-01,primary_adjudicated,DEM;MDB;NOVO;PP;PSL,DEM;MDB;NOVO;PP;PSL,DEM;MDB;NOVO;PP;PSL,,,,established,,,
2019-02-05,bolsonaro,bolsonaro-2019-01-01,bolsonaro-2019-01-01,primary_adjudicated,DEM;MDB;NOVO;PP;PSL,DEM;MDB;NOVO;PP;PSL,DEM;MDB;NOVO;PP;PSL,,,,established,,,
2019-02-06,bolsonaro,bolsonaro-2019-01-01,bolsonaro-2019-01-01,primary_adjudicated,DEM;MDB;NOVO;PP;PSL,DEM;MDB;NOVO;PP;PSL,DEM;MDB;NOVO;PP;PSL,,,,established,,,
2019-02-07,bolsonaro,bolsonaro-2019-01-01,bolsonaro-2019-01-01,primary_adjudicated,DEM;MDB;NOVO;PP;PSL,DEM;MDB;NOVO;PP;PSL,DEM;MDB;NOVO;PP;PSL,,,,established,,,
2019-02-08,bolsonaro,bolsonaro-2019-01-01,bolsonaro-2019-01-01,primary_adjudicated,DEM;MDB;NOVO;PP;PSL,DEM;MDB;NOVO;PP;PSL,DEM;MDB;NOVO;PP;PSL,,,,established,,,
2019-02-09,bolsonaro,bolsonaro-2019-01-01,bolsonaro-2019-01-01,primary_adjudicated,DEM;MDB;NOVO;PP;PSL,DEM;MDB;NOVO;PP;PSL,DEM;MDB;NOVO;PP;PSL,,,,established,,,
2019-02-10,bolsonaro,bolsonaro-2019-01-01,bolsonaro-2019-01-01,primary_adjudicated,DEM;MDB;NOVO;PP;PSL,DEM;MDB;NOVO;PP;PSL,DEM;MDB;NOVO;PP;PSL,,,,established,,,
2019-02-11,bolsonaro,bolsonaro-2019-01-01,bolsonaro-2019-01-01,primary_adjudicated,DEM;MDB;NOVO;PP;PSL,DEM;MDB;NOVO;PP;PSL,DEM;MDB;NOVO;PP;PSL,,,,established,,,
2019-02-12,bolsonaro,bolsonaro-2019-01-01,bolsonaro-2019-01-01,primary_adjudicated,DEM;MDB;NOVO;PP;PSL,DEM;MDB;NOVO;PP;PSL,DEM;MDB;NOVO;PP;PSL,,,,established,,,
2019-02-13,bolsonaro,bolsonaro-2019-01-01,bolsonaro-2019-01-01,primary_adjudicated,DEM;MDB;NOVO;PP;PSL,DEM;MDB;NOVO;PP;PSL,DEM;MDB;NOVO;PP;PSL,,,,established,,,
2019-02-14,bolsonaro,bolsonaro-2019-01-01,bolsonaro-2019-01-01,primary_adjudicated,DEM;MDB;NOVO;PP;PSL,DEM;MDB;NOVO;PP;PSL,DEM;MDB;NOVO;PP;PSL,,,,established,,,
2019-02-15,bolsonaro,bolsonaro-2019-01-01,bolsonaro-2019-01-01,primary_adjudicated,DEM;MDB;NOVO;PP;PSL,DEM;MDB;NOVO;PP;PSL,DEM;MDB;NOVO;PP;PSL,,,,established,,,
2019-02-16,bolsonaro,bolsonaro-2019-01-01,bolsonaro-2019-01-01,primary_adjudicated,DEM;MDB;NOVO;PP;PSL,DEM;MDB;NOVO;PP;PSL,DEM;MDB;NOVO;PP;PSL,,,,established,,,
2019-02-17,bolsonaro,bolsonaro-2019-01-01,bolsonaro-2019-01-01,primary_adjudicated,DEM;MDB;NOVO;PP;PSL,DEM;MDB;NOVO;PP;PSL,DEM;MDB;NOVO;PP;PSL,,,,established,,,
2019-02-18,bolsonaro,bolsonaro-2019-01-01,bolsonaro-2019-02-18,primary_adjudicated,DEM;MDB;NOVO;PP;PSL,DEM;MDB;NOVO;PP;PSL,DEM;MDB;NOVO;PP;PSL,,,,established,,,
2019-02-19,bolsonaro,bolsonaro-2019-01-01,bolsonaro-2019-02-19,primary_adjudicated,DEM;MDB;NOVO;PP;PSL,DEM;MDB;NOVO;PP;PSL,DEM;MDB;NOVO;PP;PSL,,,,established,,,
2019-02-20,bolsonaro,bolsonaro-2019-01-01,bolsonaro-2019-02-19,primary_adjudicated,DEM;MDB;NOVO;PP;PSL,DEM;MDB;NOVO;PP;PSL,DEM;MDB;NOVO;PP;PSL,,,,established,,,
2019-02-21,bolsonaro,bolsonaro-2019-01-01,bolsonaro-2019-02-19,primary_adjudicated,DEM;MDB;NOVO;PP;PSL,DEM;MDB;NOVO;PP;PSL,DEM;MDB;NOVO;PP;PSL,,,,established,,,
2019-02-22,bolsonaro,bolsonaro-2019-01-01,bolsonaro-2019-02-19,primary_adjudicated,DEM;MDB;NOVO;PP;PSL,DEM;MDB;NOVO;PP;PSL,DEM;MDB;NOVO;PP;PSL,,,,established,,,
2019-02-23,bolsonaro,bolsonaro-2019-01-01,bolsonaro-2019-02-19,primary_adjudicated,DEM;MDB;NOVO;PP;PSL,DEM;MDB;NOVO;PP;PSL,DEM;MDB;NOVO;PP;PSL,,,,established,,,
2019-02-24,bolsonaro,bolsonaro-2019-01-01,bolsonaro-2019-02-19,primary_adjudicated,DEM;MDB;NOVO;PP;PSL,DEM;MDB;NOVO;PP;PSL,DEM;MDB;NOVO;PP;PSL,,,,established,,,
2019-02-25,bolsonaro,bolsonaro-2019-01-01,bolsonaro-2019-02-19,primary_adjudicated,DEM;MDB;NOVO;PP;PSL,DEM;MDB;NOVO;PP;PSL,DEM;MDB;NOVO;PP;PSL,,,,established,,,
2019-02-26,bolsonaro,bolsonaro-2019-01-01,bolsonaro-2019-02-19,primary_adjudicated,DEM;MDB;NOVO;PP;PSL,DEM;MDB;NOVO;PP;PSL,DEM;MDB;NOVO;PP;PSL,,,,established,,,
2019-02-27,bolsonaro,bolsonaro-2019-01-01,bolsonaro-2019-02-19,primary_adjudicated,DEM;MDB;NOVO;PP;PSL,DEM;MDB;NOVO;PP;PSL,DEM;MDB;NOVO;PP;PSL,,,,established,,,
2019-02-28,bolsonaro,bolsonaro-2019-01-01,bolsonaro-2019-02-28,primary_adjudicated,DEM;MDB;NOVO;PP;PSL,DEM;MDB;NOVO;PP;PSL,DEM;MDB;NOVO;PP;PSL,,,,established,,,
2019-03-01,bolsonaro,bolsonaro-2019-01-01,bolsonaro-2019-02-28,primary_adjudicated,DEM;MDB;NOVO;PP;PSL,DEM;MDB;NOVO;PP;PSL,DEM;MDB;NOVO;PP;PSL,,,,established,,,
2019-03-02,bolsonaro,bolsonaro-2019-01-01,bolsonaro-2019-02-28,primary_adjudicated,DEM;MDB;NOVO;PP;PSL,DEM;MDB;NOVO;PP;PSL,DEM;MDB;NOVO;PP;PSL,,,,established,,,
2019-03-03,bolsonaro,bolsonaro-2019-01-01,bolsonaro-2019-02-28,primary_adjudicated,DEM;MDB;NOVO;PP;PSL,DEM;MDB;NOVO;PP;PSL,DEM;MDB;NOVO;PP;PSL,,,,established,,,
2019-03-04,bolsonaro,bolsonaro-2019-01-01,bolsonaro-2019-02-28,primary_adjudicated,DEM;MDB;NOVO;PP;PSL,DEM;MDB;NOVO;PP;PSL,DEM;MDB;NOVO;PP;PSL,,,,established,,,
2019-03-05,bolsonaro,bolsonaro-2019-01-01,bolsonaro-2019-02-28,primary_adjudicated,DEM;MDB;NOVO;PP;PSL,DEM;MDB;NOVO;PP;PSL,DEM;MDB;NOVO;PP;PSL,,,,established,,,
2019-03-06,bolsonaro,bolsonaro-2019-01-01,bolsonaro-2019-02-28,primary_adjudicated,DEM;MDB;NOVO;PP;PSL,DEM;MDB;NOVO;PP;PSL,DEM;MDB;NOVO;PP;PSL,,,,established,,,
2019-03-07,bolsonaro,bolsonaro-2019-01-01,bolsonaro-2019-02-28,primary_adjudicated,DEM;MDB;NOVO;PP;PSL,DEM;MDB;NOVO;PP;PSL,DEM;MDB;NOVO;PP;PSL,,,,established,,,
2019-03-08,bolsonaro,bolsonaro-2019-01-01,bolsonaro-2019-02-28,primary_adjudicated,DEM;MDB;NOVO;PP;PSL,DEM;MDB;NOVO;PP;PSL,DEM;MDB;NOVO;PP;PSL,,,,established,,,
2019-03-09,bolsonaro,bolsonaro-2019-01-01,bolsonaro-2019-02-28,primary_adjudicated,DEM;MDB;NOVO;PP;PSL,DEM;MDB;NOVO;PP;PSL,DEM;MDB;NOVO;PP;PSL,,,,established,,,
2019-03-10,bolsonaro,bolsonaro-2019-01-01,bolsonaro-2019-02-28,primary_adjudicated,DEM;MDB;NOVO;PP;PSL,DEM;MDB;NOVO;PP;PSL,DEM;MDB;NOVO;PP;PSL,,,,established,,,
2019-03-11,bolsonaro,bolsonaro-2019-01-01,bolsonaro-2019-02-28,primary_adjudicated,DEM;MDB;NOVO;PP;PSL,DEM;MDB;NOVO;PP;PSL,DEM;MDB;NOVO;PP;PSL,,,,established,,,
2019-03-12,bolsonaro,bolsonaro-2019-01-01,bolsonaro-2019-02-28,primary_adjudicated,DEM;MDB;NOVO;PP;PSL,DEM;MDB;NOVO;PP;PSL,DEM;MDB;NOVO;PP;PSL,,,,established,,,
2019-03-13,bolsonaro,bolsonaro-2019-01-01,bolsonaro-2019-02-28,primary_adjudicated,DEM;MDB;NOVO;PP;PSL,DEM;MDB;NOVO;PP;PSL,DEM;MDB;NOVO;PP;PSL,,,,established,,,
2019-03-14,bolsonaro,bolsonaro-2019-01-01,bolsonaro-2019-02-28,primary_adjudicated,DEM;MDB;NOVO;PP;PSL,DEM;MDB;NOVO;PP;PSL,DEM;MDB;NOVO;PP;PSL,,,,established,,,
2019-03-15,bolsonaro,bolsonaro-2019-01-01,bolsonaro-2019-02-28,primary_adjudicated,DEM;MDB;NOVO;PP;PSL,DEM;MDB;NOVO;PP;PSL,DEM;MDB;NOVO;PP;PSL,,,,established,,,
2019-03-16,bolsonaro,bolsonaro-2019-01-01,bolsonaro-2019-02-28,primary_adjudicated,DEM;MDB;NOVO;PP;PSL,DEM;MDB;NOVO;PP;PSL,DEM;MDB;NOVO;PP;PSL,,,,established,,,
2019-03-17,bolsonaro,bolsonaro-2019-01-01,bolsonaro-2019-02-28,primary_adjudicated,DEM;MDB;NOVO;PP;PSL,DEM;MDB;NOVO;PP;PSL,DEM;MDB;NOVO;PP;PSL,,,,established,,,
2019-03-18,bolsonaro,bolsonaro-2019-01-01,bolsonaro-2019-02-28,primary_adjudicated,DEM;MDB;NOVO;PP;PSL,DEM;MDB;NOVO;PP;PSL,DEM;MDB;NOVO;PP;PSL,,,,established,,,
2019-03-19,bolsonaro,bolsonaro-2019-01-01,bolsonaro-2019-02-28,primary_adjudicated,DEM;MDB;NOVO;PP;PSL,DEM;MDB;NOVO;PP;PSL,DEM;MDB;NOVO;PP;PSL,,,,established,,,
2019-03-20,bolsonaro,bolsonaro-2019-01-01,bolsonaro-2019-02-28,primary_adjudicated,DEM;MDB;NOVO;PP;PSL,DEM;MDB;NOVO;PP;PSL,DEM;MDB;NOVO;PP;PSL,,,,established,,,
2019-03-21,bolsonaro,bolsonaro-2019-01-01,bolsonaro-2019-02-28,primary_adjudicated,DEM;MDB;NOVO;PP;PSL,DEM;MDB;NOVO;PP;PSL,DEM;MDB;NOVO;PP;PSL,,,,established,,,
2019-03-22,bolsonaro,bolsonaro-2019-01-01,bolsonaro-2019-02-28,primary_adjudicated,DEM;MDB;NOVO;PP;PSL,DEM;MDB;NOVO;PP;PSL,DEM;MDB;NOVO;PP;PSL,,,,established,,,
2019-03-23,bolsonaro,bolsonaro-2019-01-01,bolsonaro-2019-02-28,primary_adjudicated,DEM;MDB;NOVO;PP;PSL,DEM;MDB;NOVO;PP;PSL,DEM;MDB;NOVO;PP;PSL,,,,established,,,
2019-03-24,bolsonaro,bolsonaro-2019-01-01,bolsonaro-2019-02-28,primary_adjudicated,DEM;MDB;NOVO;PP;PSL,DEM;MDB;NOVO;PP;PSL,DEM;MDB;NOVO;PP;PSL,,,,established,,,
2019-03-25,bolsonaro,bolsonaro-2019-01-01,bolsonaro-2019-02-28,primary_adjudicated,DEM;MDB;NOVO;PP;PSL,DEM;MDB;NOVO;PP;PSL,DEM;MDB;NOVO;PP;PSL,,,,established,,,
2019-03-26,bolsonaro,bolsonaro-2019-01-01,bolsonaro-2019-02-28,primary_adjudicated,DEM;MDB;NOVO;PP;PSL,DEM;MDB;NOVO;PP;PSL,DEM;MDB;NOVO;PP;PSL,,,,established,,,
2019-03-27,bolsonaro,bolsonaro-2019-01-01,bolsonaro-2019-02-28,primary_adjudicated,DEM;MDB;NOVO;PP;PSL,DEM;MDB;NOVO;PP;PSL,DEM;MDB;NOVO;PP;PSL,,,,established,,,
2019-03-28,bolsonaro,bolsonaro-2019-01-01,bolsonaro-2019-03-28,primary_adjudicated,DEM;MDB;NOVO;PP;PSL,DEM;MDB;NOVO;PP;PSL,DEM;MDB;NOVO;PP;PSL,,,,established,,,
2019-03-29,bolsonaro,bolsonaro-2019-01-01,bolsonaro-2019-03-28,primary_adjudicated,DEM;MDB;NOVO;PP;PSL,DEM;MDB;NOVO;PP;PSL,DEM;MDB;NOVO;PP;PSL,,,,established,,,
2019-03-30,bolsonaro,bolsonaro-2019-01-01,bolsonaro-2019-03-28,primary_adjudicated,DEM;MDB;NOVO;PP;PSL,DEM;MDB;NOVO;PP;PSL,DEM;MDB;NOVO;PP;PSL,,,,established,,,
2019-03-31,bolsonaro,bolsonaro-2019-01-01,bolsonaro-2019-03-28,primary_adjudicated,DEM;MDB;NOVO;PP;PSL,DEM;MDB;NOVO;PP;PSL,DEM;MDB;NOVO;PP;PSL,,,,established,,,
2019-04-01,bolsonaro,bolsonaro-2019-01-01,bolsonaro-2019-03-28,primary_adjudicated,DEM;MDB;NOVO;PP;PSL,DEM;MDB;NOVO;PP;PSL,DEM;MDB;NOVO;PP;PSL,,,,established,,,
2019-04-02,bolsonaro,bolsonaro-2019-01-01,bolsonaro-2019-03-28,primary_adjudicated,DEM;MDB;NOVO;PP;PSL,DEM;MDB;NOVO;PP;PSL,DEM;MDB;NOVO;PP;PSL,,,,established,,,
2019-04-03,bolsonaro,bolsonaro-2019-01-01,bolsonaro-2019-03-28,primary_adjudicated,DEM;MDB;NOVO;PP;PSL,DEM;MDB;NOVO;PP;PSL,DEM;MDB;NOVO;PP;PSL,,,,established,,,
2019-04-04,bolsonaro,bolsonaro-2019-01-01,bolsonaro-2019-03-28,primary_adjudicated,DEM;MDB;NOVO;PP;PSL,DEM;MDB;NOVO;PP;PSL,DEM;MDB;NOVO;PP;PSL,,,,established,,,
2019-04-05,bolsonaro,bolsonaro-2019-01-01,bolsonaro-2019-03-28,primary_adjudicated,DEM;MDB;NOVO;PP;PSL,DEM;MDB;NOVO;PP;PSL,DEM;MDB;NOVO;PP;PSL,,,,established,,,
2019-04-06,bolsonaro,bolsonaro-2019-01-01,bolsonaro-2019-03-28,primary_adjudicated,DEM;MDB;NOVO;PP;PSL,DEM;MDB;NOVO;PP;PSL,DEM;MDB;NOVO;PP;PSL,,,,established,,,
2019-04-07,bolsonaro,bolsonaro-2019-01-01,bolsonaro-2019-03-28,primary_adjudicated,DEM;MDB;NOVO;PP;PSL,DEM;MDB;NOVO;PP;PSL,DEM;MDB;NOVO;PP;PSL,,,,established,,,
2019-04-08,bolsonaro,bolsonaro-2019-01-01,bolsonaro-2019-04-08,primary_adjudicated,DEM;MDB;NOVO;PP;PSL,DEM;MDB;NOVO;PP;PSL,DEM;MDB;NOVO;PP;PSL,,,,established,,,
2019-04-09,bolsonaro,bolsonaro-2019-01-01,bolsonaro-2019-04-09,primary_adjudicated,DEM;MDB;NOVO;PP;PSL,DEM;MDB;NOVO;PP;PSL,DEM;MDB;NOVO;PP;PSL,,,,established,,,
2019-04-10,bolsonaro,bolsonaro-2019-01-01,bolsonaro-2019-04-09,primary_adjudicated,DEM;MDB;NOVO;PP;PSL,DEM;MDB;NOVO;PP;PSL,DEM;MDB;NOVO;PP;PSL,,,,established,,,
2019-04-11,bolsonaro,bolsonaro-2019-01-01,bolsonaro-2019-04-09,primary_adjudicated,DEM;MDB;NOVO;PP;PSL,DEM;MDB;NOVO;PP;PSL,DEM;MDB;NOVO;PP;PSL,,,,established,,,
2019-04-12,bolsonaro,bolsonaro-2019-01-01,bolsonaro-2019-04-09,primary_adjudicated,DEM;MDB;NOVO;PP;PSL,DEM;MDB;NOVO;PP;PSL,DEM;MDB;NOVO;PP;PSL,,,,established,,,
2019-04-13,bolsonaro,bolsonaro-2019-01-01,bolsonaro-2019-04-09,primary_adjudicated,DEM;MDB;NOVO;PP;PSL,DEM;MDB;NOVO;PP;PSL,DEM;MDB;NOVO;PP;PSL,,,,established,,,
2019-04-14,bolsonaro,bolsonaro-2019-01-01,bolsonaro-2019-04-09,primary_adjudicated,DEM;MDB;NOVO;PP;PSL,DEM;MDB;NOVO;PP;PSL,DEM;MDB;NOVO;PP;PSL,,,,established,,,
2019-04-15,bolsonaro,bolsonaro-2019-01-01,bolsonaro-2019-04-09,primary_adjudicated,DEM;MDB;NOVO;PP;PSL,DEM;MDB;NOVO;PP;PSL,DEM;MDB;NOVO;PP;PSL,,,,established,,,
2019-04-16,bolsonaro,bolsonaro-2019-01-01,bolsonaro-2019-04-09,primary_adjudicated,DEM;MDB;NOVO;PP;PSL,DEM;MDB;NOVO;PP;PSL,DEM;MDB;NOVO;PP;PSL,,,,established,,,
2019-04-17,bolsonaro,bolsonaro-2019-01-01,bolsonaro-2019-04-09,primary_adjudicated,DEM;MDB;NOVO;PP;PSL,DEM;MDB;NOVO;PP;PSL,DEM;MDB;NOVO;PP;PSL,,,,established,,,
2019-04-18,bolsonaro,bolsonaro-2019-01-01,bolsonaro-2019-04-09,primary_adjudicated,DEM;MDB;NOVO;PP;PSL,DEM;MDB;NOVO;PP;PSL,DEM;MDB;NOVO;PP;PSL,,,,established,,,
2019-04-19,bolsonaro,bolsonaro-2019-01-01,bolsonaro-2019-04-09,primary_adjudicated,DEM;MDB;NOVO;PP;PSL,DEM;MDB;NOVO;PP;PSL,DEM;MDB;NOVO;PP;PSL,,,,established,,,
2019-04-20,bolsonaro,bolsonaro-2019-01-01,bolsonaro-2019-04-09,primary_adjudicated,DEM;MDB;NOVO;PP;PSL,DEM;MDB;NOVO;PP;PSL,DEM;MDB;NOVO;PP;PSL,,,,established,,,
2019-04-21,bolsonaro,bolsonaro-2019-01-01,bolsonaro-2019-04-09,primary_adjudicated,DEM;MDB;NOVO;PP;PSL,DEM;MDB;NOVO;PP;PSL,DEM;MDB;NOVO;PP;PSL,,,,established,,,
2019-04-22,bolsonaro,bolsonaro-2019-01-01,bolsonaro-2019-04-09,primary_adjudicated,DEM;MDB;NOVO;PP;PSL,DEM;MDB;NOVO;PP;PSL,DEM;MDB;NOVO;PP;PSL,,,,established,,,
2019-04-23,bolsonaro,bolsonaro-2019-01-01,bolsonaro-2019-04-09,primary_adjudicated,DEM;MDB;NOVO;PP;PSL,DEM;MDB;NOVO;PP;PSL,DEM;MDB;NOVO;PP;PSL,,,,established,,,
2019-04-24,bolsonaro,bolsonaro-2019-01-01,bolsonaro-2019-04-09,primary_adjudicated,DEM;MDB;NOVO;PP;PSL,DEM;MDB;NOVO;PP;PSL,DEM;MDB;NOVO;PP;PSL,,,,established,,,
2019-04-25,bolsonaro,bolsonaro-2019-01-01,bolsonaro-2019-04-09,primary_adjudicated,DEM;MDB;NOVO;PP;PSL,DEM;MDB;NOVO;PP;PSL,DEM;MDB;NOVO;PP;PSL,,,,established,,,
2019-04-26,bolsonaro,bolsonaro-2019-01-01,bolsonaro-2019-04-09,primary_adjudicated,DEM;MDB;NOVO;PP;PSL,DEM;MDB;NOVO;PP;PSL,DEM;MDB;NOVO;PP;PSL,,,,established,,,
2019-04-27,bolsonaro,bolsonaro-2019-01-01,bolsonaro-2019-04-09,primary_adjudicated,DEM;MDB;NOVO;PP;PSL,DEM;MDB;NOVO;PP;PSL,DEM;MDB;NOVO;PP;PSL,,,,established,,,
2019-04-28,bolsonaro,bolsonaro-2019-01-01,bolsonaro-2019-04-09,primary_adjudicated,DEM;MDB;NOVO;PP;PSL,DEM;MDB;NOVO;PP;PSL,DEM;MDB;NOVO;PP;PSL,,,,established,,,
2019-04-29,bolsonaro,bolsonaro-2019-01-01,bolsonaro-2019-04-09,primary_adjudicated,DEM;MDB;NOVO;PP;PSL,DEM;MDB;NOVO;PP;PSL,DEM;MDB;NOVO;PP;PSL,,,,established,,,
2019-04-30,bolsonaro,bolsonaro-2019-01-01,bolsonaro-2019-04-09,primary_adjudicated,DEM;MDB;NOVO;PP;PSL,DEM;MDB;NOVO;PP;PSL,DEM;MDB;NOVO;PP;PSL,,,,established,,,
2019-05-01,bolsonaro,bolsonaro-2019-01-01,bolsonaro-2019-04-09,primary_adjudicated,DEM;MDB;NOVO;PP;PSL,DEM;MDB;NOVO;PP;PSL,DEM;MDB;NOVO;PP;PSL,,,,established,,,
2019-05-02,bolsonaro,bolsonaro-2019-01-01,bolsonaro-2019-04-09,primary_adjudicated,DEM;MDB;NOVO;PP;PSL,DEM;MDB;NOVO;PP;PSL,DEM;MDB;NOVO;PP;PSL,,,,established,,,
2019-05-03,bolsonaro,bolsonaro-2019-01-01,bolsonaro-2019-04-09,primary_adjudicated,DEM;MDB;NOVO;PP;PSL,DEM;MDB;NOVO;PP;PSL,DEM;MDB;NOVO;PP;PSL,,,,established,,,
2019-05-04,bolsonaro,bolsonaro-2019-01-01,bolsonaro-2019-04-09,primary_adjudicated,DEM;MDB;NOVO;PP;PSL,DEM;MDB;NOVO;PP;PSL,DEM;MDB;NOVO;PP;PSL,,,,established,,,
2019-05-05,bolsonaro,bolsonaro-2019-01-01,bolsonaro-2019-04-09,primary_adjudicated,DEM;MDB;NOVO;PP;PSL,DEM;MDB;NOVO;PP;PSL,DEM;MDB;NOVO;PP;PSL,,,,established,,,
2019-05-06,bolsonaro,bolsonaro-2019-01-01,bolsonaro-2019-04-09,primary_adjudicated,DEM;MDB;NOVO;PP;PSL,DEM;MDB;NOVO;PP;PSL,DEM;MDB;NOVO;PP;PSL,,,,established,,,
2019-05-07,bolsonaro,bolsonaro-2019-01-01,bolsonaro-2019-05-07,primary_adjudicated,DEM;MDB;NOVO;PP;PSL,DEM;MDB;NOVO;PP;PSL,DEM;MDB;NOVO;PP;PSL,,,,established,,,
2019-05-08,bolsonaro,bolsonaro-2019-01-01,bolsonaro-2019-05-07,primary_adjudicated,DEM;MDB;NOVO;PP;PSL,DEM;MDB;NOVO;PP;PSL,DEM;MDB;NOVO;PP;PSL,,,,established,,,
2019-05-09,bolsonaro,bolsonaro-2019-01-01,bolsonaro-2019-05-07,primary_adjudicated,DEM;MDB;NOVO;PP;PSL,DEM;MDB;NOVO;PP;PSL,DEM;MDB;NOVO;PP;PSL,,,,established,,,
2019-05-10,bolsonaro,bolsonaro-2019-01-01,bolsonaro-2019-05-07,primary_adjudicated,DEM;MDB;NOVO;PP;PSL,DEM;MDB;NOVO;PP;PSL,DEM;MDB;NOVO;PP;PSL,,,,established,,,
2019-05-11,bolsonaro,bolsonaro-2019-01-01,bolsonaro-2019-05-07,primary_adjudicated,DEM;MDB;NOVO;PP;PSL,DEM;MDB;NOVO;PP;PSL,DEM;MDB;NOVO;PP;PSL,,,,established,,,
2019-05-12,bolsonaro,bolsonaro-2019-01-01,bolsonaro-2019-05-07,primary_adjudicated,DEM;MDB;NOVO;PP;PSL,DEM;MDB;NOVO;PP;PSL,DEM;MDB;NOVO;PP;PSL,,,,established,,,
2019-05-13,bolsonaro,bolsonaro-2019-01-01,bolsonaro-2019-05-07,primary_adjudicated,DEM;MDB;NOVO;PP;PSL,DEM;MDB;NOVO;PP;PSL,DEM;MDB;NOVO;PP;PSL,,,,established,,,
2019-05-14,bolsonaro,bolsonaro-2019-01-01,bolsonaro-2019-05-07,primary_adjudicated,DEM;MDB;NOVO;PP;PSL,DEM;MDB;NOVO;PP;PSL,DEM;MDB;NOVO;PP;PSL,,,,established,,,
2019-05-15,bolsonaro,bolsonaro-2019-01-01,bolsonaro-2019-05-07,primary_adjudicated,DEM;MDB;NOVO;PP;PSL,DEM;MDB;NOVO;PP;PSL,DEM;MDB;NOVO;PP;PSL,,,,established,,,
2019-05-16,bolsonaro,bolsonaro-2019-01-01,bolsonaro-2019-05-07,primary_adjudicated,DEM;MDB;NOVO;PP;PSL,DEM;MDB;NOVO;PP;PSL,DEM;MDB;NOVO;PP;PSL,,,,established,,,
2019-05-17,bolsonaro,bolsonaro-2019-01-01,bolsonaro-2019-05-07,primary_adjudicated,DEM;MDB;NOVO;PP;PSL,DEM;MDB;NOVO;PP;PSL,DEM;MDB;NOVO;PP;PSL,,,,established,,,
2019-05-18,bolsonaro,bolsonaro-2019-01-01,bolsonaro-2019-05-07,primary_adjudicated,DEM;MDB;NOVO;PP;PSL,DEM;MDB;NOVO;PP;PSL,DEM;MDB;NOVO;PP;PSL,,,,established,,,
2019-05-19,bolsonaro,bolsonaro-2019-01-01,bolsonaro-2019-05-07,primary_adjudicated,DEM;MDB;NOVO;PP;PSL,DEM;MDB;NOVO;PP;PSL,DEM;MDB;NOVO;PP;PSL,,,,established,,,
2019-05-20,bolsonaro,bolsonaro-2019-01-01,bolsonaro-2019-05-07,primary_adjudicated,DEM;MDB;NOVO;PP;PSL,DEM;MDB;NOVO;PP;PSL,DEM;MDB;NOVO;PP;PSL,,,,established,,,
2019-05-21,bolsonaro,bolsonaro-2019-01-01,bolsonaro-2019-05-07,primary_adjudicated,DEM;MDB;NOVO;PP;PSL,DEM;MDB;NOVO;PP;PSL,DEM;MDB;NOVO;PP;PSL,,,,established,,,
2019-05-22,bolsonaro,bolsonaro-2019-01-01,bolsonaro-2019-05-07,primary_adjudicated,DEM;MDB;NOVO;PP;PSL,DEM;MDB;NOVO;PP;PSL,DEM;MDB;NOVO;PP;PSL,,,,established,,,
2019-05-23,bolsonaro,bolsonaro-2019-01-01,bolsonaro-2019-05-07,primary_adjudicated,DEM;MDB;NOVO;PP;PSL,DEM;MDB;NOVO;PP;PSL,DEM;MDB;NOVO;PP;PSL,,,,established,,,
2019-05-24,bolsonaro,bolsonaro-2019-01-01,bolsonaro-2019-05-07,primary_adjudicated,DEM;MDB;NOVO;PP;PSL,DEM;MDB;NOVO;PP;PSL,DEM;MDB;NOVO;PP;PSL,,,,established,,,
2019-05-25,bolsonaro,bolsonaro-2019-01-01,bolsonaro-2019-05-07,primary_adjudicated,DEM;MDB;NOVO;PP;PSL,DEM;MDB;NOVO;PP;PSL,DEM;MDB;NOVO;PP;PSL,,,,established,,,
2019-05-26,bolsonaro,bolsonaro-2019-01-01,bolsonaro-2019-05-07,primary_adjudicated,DEM;MDB;NOVO;PP;PSL,DEM;MDB;NOVO;PP;PSL,DEM;MDB;NOVO;PP;PSL,,,,established,,,
2019-05-27,bolsonaro,bolsonaro-2019-01-01,bolsonaro-2019-05-07,primary_adjudicated,DEM;MDB;NOVO;PP;PSL,DEM;MDB;NOVO;PP;PSL,DEM;MDB;NOVO;PP;PSL,,,,established,,,
2019-05-28,bolsonaro,bolsonaro-2019-01-01,bolsonaro-2019-05-07,primary_adjudicated,DEM;MDB;NOVO;PP;PSL,DEM;MDB;NOVO;PP;PSL,DEM;MDB;NOVO;PP;PSL,,,,established,,,
2019-05-29,bolsonaro,bolsonaro-2019-01-01,bolsonaro-2019-05-07,primary_adjudicated,DEM;MDB;NOVO;PP;PSL,DEM;MDB;NOVO;PP;PSL,DEM;MDB;NOVO;PP;PSL,,,,established,,,
2019-05-30,bolsonaro,bolsonaro-2019-01-01,bolsonaro-2019-05-07,primary_adjudicated,DEM;MDB;NOVO;PP;PSL,DEM;MDB;NOVO;PP;PSL,DEM;MDB;NOVO;PP;PSL,,,,established,,,
2019-05-31,bolsonaro,bolsonaro-2019-01-01,bolsonaro-2019-05-07,primary_adjudicated,DEM;MDB;NOVO;PP;PSL,DEM;MDB;NOVO;PP;PSL,DEM;MDB;NOVO;PP;PSL,,,,established,,,
2019-06-01,bolsonaro,bolsonaro-2019-01-01,bolsonaro-2019-05-07,primary_adjudicated,DEM;MDB;NOVO;PP;PSL,DEM;MDB;NOVO;PP;PSL,DEM;MDB;NOVO;PP;PSL,,,,established,,,
2019-06-02,bolsonaro,bolsonaro-2019-01-01,bolsonaro-2019-05-07,primary_adjudicated,DEM;MDB;NOVO;PP;PSL,DEM;MDB;NOVO;PP;PSL,DEM;MDB;NOVO;PP;PSL,,,,established,,,
2019-06-03,bolsonaro,bolsonaro-2019-01-01,bolsonaro-2019-05-07,primary_adjudicated,DEM;MDB;NOVO;PP;PSL,DEM;MDB;NOVO;PP;PSL,DEM;MDB;NOVO;PP;PSL,,,,established,,,
2019-06-04,bolsonaro,bolsonaro-2019-01-01,bolsonaro-2019-05-07,primary_adjudicated,DEM;MDB;NOVO;PP;PSL,DEM;MDB;NOVO;PP;PSL,DEM;MDB;NOVO;PP;PSL,,,,established,,,
2019-06-05,bolsonaro,bolsonaro-2019-01-01,bolsonaro-2019-05-07,primary_adjudicated,DEM;MDB;NOVO;PP;PSL,DEM;MDB;NOVO;PP;PSL,DEM;MDB;NOVO;PP;PSL,,,,established,,,
2019-06-06,bolsonaro,bolsonaro-2019-01-01,bolsonaro-2019-05-07,primary_adjudicated,DEM;MDB;NOVO;PP;PSL,DEM;MDB;NOVO;PP;PSL,DEM;MDB;NOVO;PP;PSL,,,,established,,,
2019-06-07,bolsonaro,bolsonaro-2019-01-01,bolsonaro-2019-05-07,primary_adjudicated,DEM;MDB;NOVO;PP;PSL,DEM;MDB;NOVO;PP;PSL,DEM;MDB;NOVO;PP;PSL,,,,established,,,
2019-06-08,bolsonaro,bolsonaro-2019-01-01,bolsonaro-2019-05-07,primary_adjudicated,DEM;MDB;NOVO;PP;PSL,DEM;MDB;NOVO;PP;PSL,DEM;MDB;NOVO;PP;PSL,,,,established,,,
2019-06-09,bolsonaro,bolsonaro-2019-01-01,bolsonaro-2019-05-07,primary_adjudicated,DEM;MDB;NOVO;PP;PSL,DEM;MDB;NOVO;PP;PSL,DEM;MDB;NOVO;PP;PSL,,,,established,,,
2019-06-10,bolsonaro,bolsonaro-2019-01-01,bolsonaro-2019-05-07,primary_adjudicated,DEM;MDB;NOVO;PP;PSL,DEM;MDB;NOVO;PP;PSL,DEM;MDB;NOVO;PP;PSL,,,,established,,,
2019-06-11,bolsonaro,bolsonaro-2019-01-01,bolsonaro-2019-05-07,primary_adjudicated,DEM;MDB;NOVO;PP;PSL,DEM;MDB;NOVO;PP;PSL,DEM;MDB;NOVO;PP;PSL,,,,established,,,
2019-06-12,bolsonaro,bolsonaro-2019-01-01,bolsonaro-2019-05-07,primary_adjudicated,DEM;MDB;NOVO;PP;PSL,DEM;MDB;NOVO;PP;PSL,DEM;MDB;NOVO;PP;PSL,,,,established,,,
2019-06-13,bolsonaro,bolsonaro-2019-01-01,bolsonaro-2019-06-13,primary_adjudicated,DEM;MDB;NOVO;PP;PSL,DEM;MDB;NOVO;PP;PSL,DEM;MDB;NOVO;PP;PSL,,,,established,,,
2019-06-14,bolsonaro,bolsonaro-2019-01-01,bolsonaro-2019-06-13,primary_adjudicated,DEM;MDB;NOVO;PP;PSL,DEM;MDB;NOVO;PP;PSL,DEM;MDB;NOVO;PP;PSL,,,,established,,,
2019-06-15,bolsonaro,bolsonaro-2019-01-01,bolsonaro-2019-06-13,primary_adjudicated,DEM;MDB;NOVO;PP;PSL,DEM;MDB;NOVO;PP;PSL,DEM;MDB;NOVO;PP;PSL,,,,established,,,
2019-06-16,bolsonaro,bolsonaro-2019-01-01,bolsonaro-2019-06-13,primary_adjudicated,DEM;MDB;NOVO;PP;PSL,DEM;MDB;NOVO;PP;PSL,DEM;MDB;NOVO;PP;PSL,,,,established,,,
2019-06-17,bolsonaro,bolsonaro-2019-01-01,bolsonaro-2019-06-13,primary_adjudicated,DEM;MDB;NOVO;PP;PSL,DEM;MDB;NOVO;PP;PSL,DEM;MDB;NOVO;PP;PSL,,,,established,,,
2019-06-18,bolsonaro,bolsonaro-2019-01-01,bolsonaro-2019-06-13,primary_adjudicated,DEM;MDB;NOVO;PP;PSL,DEM;MDB;NOVO;PP;PSL,DEM;MDB;NOVO;PP;PSL,,,,established,,,
2019-06-19,bolsonaro,bolsonaro-2019-01-01,bolsonaro-2019-06-13,primary_adjudicated,DEM;MDB;NOVO;PP;PSL,DEM;MDB;NOVO;PP;PSL,DEM;MDB;NOVO;PP;PSL,,,,established,,,
2019-06-20,bolsonaro,bolsonaro-2019-01-01,bolsonaro-2019-06-13,primary_adjudicated,DEM;MDB;NOVO;PP;PSL,DEM;MDB;NOVO;PP;PSL,DEM;MDB;NOVO;PP;PSL,,,,established,,,
2019-06-21,bolsonaro,bolsonaro-2019-01-01,bolsonaro-2019-06-21,primary_adjudicated,DEM;MDB;NOVO;PP;PSL,DEM;MDB;NOVO;PP;PSL,DEM;MDB;NOVO;PP;PSL,,,,established,,,
2019-06-22,bolsonaro,bolsonaro-2019-01-01,bolsonaro-2019-06-21,primary_adjudicated,DEM;MDB;NOVO;PP;PSL,DEM;MDB;NOVO;PP;PSL,DEM;MDB;NOVO;PP;PSL,,,,established,,,
2019-06-23,bolsonaro,bolsonaro-2019-01-01,bolsonaro-2019-06-21,primary_adjudicated,DEM;MDB;NOVO;PP;PSL,DEM;MDB;NOVO;PP;PSL,DEM;MDB;NOVO;PP;PSL,,,,established,,,
2019-06-24,bolsonaro,bolsonaro-2019-01-01,bolsonaro-2019-06-21,primary_adjudicated,DEM;MDB;NOVO;PP;PSL,DEM;MDB;NOVO;PP;PSL,DEM;MDB;NOVO;PP;PSL,,,,established,,,
2019-06-25,bolsonaro,bolsonaro-2019-01-01,bolsonaro-2019-06-21,primary_adjudicated,DEM;MDB;NOVO;PP;PSL,DEM;MDB;NOVO;PP;PSL,DEM;MDB;NOVO;PP;PSL,,,,established,,,
2019-06-26,bolsonaro,bolsonaro-2019-01-01,bolsonaro-2019-06-21,primary_adjudicated,DEM;MDB;NOVO;PP;PSL,DEM;MDB;NOVO;PP;PSL,DEM;MDB;NOVO;PP;PSL,,,,established,,,
2019-06-27,bolsonaro,bolsonaro-2019-01-01,bolsonaro-2019-06-21,primary_adjudicated,DEM;MDB;NOVO;PP;PSL,DEM;MDB;NOVO;PP;PSL,DEM;MDB;NOVO;PP;PSL,,,,established,,,
2019-06-28,bolsonaro,bolsonaro-2019-01-01,bolsonaro-2019-06-21,primary_adjudicated,DEM;MDB;NOVO;PP;PSL,DEM;MDB;NOVO;PP;PSL,DEM;MDB;NOVO;PP;PSL,,,,established,,,
2019-06-29,bolsonaro,bolsonaro-2019-01-01,bolsonaro-2019-06-21,primary_adjudicated,DEM;MDB;NOVO;PP;PSL,DEM;MDB;NOVO;PP;PSL,DEM;MDB;NOVO;PP;PSL,,,,established,,,
2019-06-30,bolsonaro,bolsonaro-2019-01-01,bolsonaro-2019-06-21,primary_adjudicated,DEM;MDB;NOVO;PP;PSL,DEM;MDB;NOVO;PP;PSL,DEM;MDB;NOVO;PP;PSL,,,,established,,,
2019-07-01,bolsonaro,bolsonaro-2019-01-01,bolsonaro-2019-06-21,primary_adjudicated,DEM;MDB;NOVO;PP;PSL,DEM;MDB;NOVO;PP;PSL,DEM;MDB;NOVO;PP;PSL,,,,established,,,
2019-07-02,bolsonaro,bolsonaro-2019-01-01,bolsonaro-2019-06-21,primary_adjudicated,DEM;MDB;NOVO;PP;PSL,DEM;MDB;NOVO;PP;PSL,DEM;MDB;NOVO;PP;PSL,,,,established,,,
2019-07-03,bolsonaro,bolsonaro-2019-01-01,bolsonaro-2019-06-21,primary_adjudicated,DEM;MDB;NOVO;PP;PSL,DEM;MDB;NOVO;PP;PSL,DEM;MDB;NOVO;PP;PSL,,,,established,,,
2019-07-04,bolsonaro,bolsonaro-2019-01-01,bolsonaro-2019-06-21,primary_adjudicated,DEM;MDB;NOVO;PP;PSL,DEM;MDB;NOVO;PP;PSL,DEM;MDB;NOVO;PP;PSL,,,,established,,,
2019-07-05,bolsonaro,bolsonaro-2019-01-01,bolsonaro-2019-06-21,primary_adjudicated,DEM;MDB;NOVO;PP;PSL,DEM;MDB;NOVO;PP;PSL,DEM;MDB;NOVO;PP;PSL,,,,established,,,
2019-07-06,bolsonaro,bolsonaro-2019-01-01,bolsonaro-2019-06-21,primary_adjudicated,DEM;MDB;NOVO;PP;PSL,DEM;MDB;NOVO;PP;PSL,DEM;MDB;NOVO;PP;PSL,,,,established,,,
2019-07-07,bolsonaro,bolsonaro-2019-01-01,bolsonaro-2019-06-21,primary_adjudicated,DEM;MDB;NOVO;PP;PSL,DEM;MDB;NOVO;PP;PSL,DEM;MDB;NOVO;PP;PSL,,,,established,,,
2019-07-08,bolsonaro,bolsonaro-2019-01-01,bolsonaro-2019-06-21,primary_adjudicated,DEM;MDB;NOVO;PP;PSL,DEM;MDB;NOVO;PP;PSL,DEM;MDB;NOVO;PP;PSL,,,,established,,,
2019-07-09,bolsonaro,bolsonaro-2019-01-01,bolsonaro-2019-06-21,primary_adjudicated,DEM;MDB;NOVO;PP;PSL,DEM;MDB;NOVO;PP;PSL,DEM;MDB;NOVO;PP;PSL,,,,established,,,
2019-07-10,bolsonaro,bolsonaro-2019-01-01,bolsonaro-2019-06-21,primary_adjudicated,DEM;MDB;NOVO;PP;PSL,DEM;MDB;NOVO;PP;PSL,DEM;MDB;NOVO;PP;PSL,,,,established,,,
2019-07-11,bolsonaro,bolsonaro-2019-01-01,bolsonaro-2019-06-21,primary_adjudicated,DEM;MDB;NOVO;PP;PSL,DEM;MDB;NOVO;PP;PSL,DEM;MDB;NOVO;PP;PSL,,,,established,,,
2019-07-12,bolsonaro,bolsonaro-2019-01-01,bolsonaro-2019-06-21,primary_adjudicated,DEM;MDB;NOVO;PP;PSL,DEM;MDB;NOVO;PP;PSL,DEM;MDB;NOVO;PP;PSL,,,,established,,,
2019-07-13,bolsonaro,bolsonaro-2019-01-01,bolsonaro-2019-06-21,primary_adjudicated,DEM;MDB;NOVO;PP;PSL,DEM;MDB;NOVO;PP;PSL,DEM;MDB;NOVO;PP;PSL,,,,established,,,
2019-07-14,bolsonaro,bolsonaro-2019-01-01,bolsonaro-2019-06-21,primary_adjudicated,DEM;MDB;NOVO;PP;PSL,DEM;MDB;NOVO;PP;PSL,DEM;MDB;NOVO;PP;PSL,,,,established,,,
2019-07-15,bolsonaro,bolsonaro-2019-01-01,bolsonaro-2019-06-21,primary_adjudicated,DEM;MDB;NOVO;PP;PSL,DEM;MDB;NOVO;PP;PSL,DEM;MDB;NOVO;PP;PSL,,,,established,,,
2019-07-16,bolsonaro,bolsonaro-2019-01-01,bolsonaro-2019-06-21,primary_adjudicated,DEM;MDB;NOVO;PP;PSL,DEM;MDB;NOVO;PP;PSL,DEM;MDB;NOVO;PP;PSL,,,,established,,,
2019-07-17,bolsonaro,bolsonaro-2019-01-01,bolsonaro-2019-06-21,primary_adjudicated,DEM;MDB;NOVO;PP;PSL,DEM;MDB;NOVO;PP;PSL,DEM;MDB;NOVO;PP;PSL,,,,established,,,
2019-07-18,bolsonaro,bolsonaro-2019-01-01,bolsonaro-2019-06-21,primary_adjudicated,DEM;MDB;NOVO;PP;PSL,DEM;MDB;NOVO;PP;PSL,DEM;MDB;NOVO;PP;PSL,,,,established,,,
2019-07-19,bolsonaro,bolsonaro-2019-01-01,bolsonaro-2019-06-21,primary_adjudicated,DEM;MDB;NOVO;PP;PSL,DEM;MDB;NOVO;PP;PSL,DEM;MDB;NOVO;PP;PSL,,,,established,,,
2019-07-20,bolsonaro,bolsonaro-2019-01-01,bolsonaro-2019-06-21,primary_adjudicated,DEM;MDB;NOVO;PP;PSL,DEM;MDB;NOVO;PP;PSL,DEM;MDB;NOVO;PP;PSL,,,,established,,,
2019-07-21,bolsonaro,bolsonaro-2019-01-01,bolsonaro-2019-06-21,primary_adjudicated,DEM;MDB;NOVO;PP;PSL,DEM;MDB;NOVO;PP;PSL,DEM;MDB;NOVO;PP;PSL,,,,established,,,
2019-07-22,bolsonaro,bolsonaro-2019-01-01,bolsonaro-2019-06-21,primary_adjudicated,DEM;MDB;NOVO;PP;PSL,DEM;MDB;NOVO;PP;PSL,DEM;MDB;NOVO;PP;PSL,,,,established,,,
2019-07-23,bolsonaro,bolsonaro-2019-01-01,bolsonaro-2019-06-21,primary_adjudicated,DEM;MDB;NOVO;PP;PSL,DEM;MDB;NOVO;PP;PSL,DEM;MDB;NOVO;PP;PSL,,,,established,,,
2019-07-24,bolsonaro,bolsonaro-2019-01-01,bolsonaro-2019-06-21,primary_adjudicated,DEM;MDB;NOVO;PP;PSL,DEM;MDB;NOVO;PP;PSL,DEM;MDB;NOVO;PP;PSL,,,,established,,,
2019-07-25,bolsonaro,bolsonaro-2019-01-01,bolsonaro-2019-06-21,primary_adjudicated,DEM;MDB;NOVO;PP;PSL,DEM;MDB;NOVO;PP;PSL,DEM;MDB;NOVO;PP;PSL,,,,established,,,
2019-07-26,bolsonaro,bolsonaro-2019-01-01,bolsonaro-2019-06-21,primary_adjudicated,DEM;MDB;NOVO;PP;PSL,DEM;MDB;NOVO;PP;PSL,DEM;MDB;NOVO;PP;PSL,,,,established,,,
2019-07-27,bolsonaro,bolsonaro-2019-01-01,bolsonaro-2019-06-21,primary_adjudicated,DEM;MDB;NOVO;PP;PSL,DEM;MDB;NOVO;PP;PSL,DEM;MDB;NOVO;PP;PSL,,,,established,,,
2019-07-28,bolsonaro,bolsonaro-2019-01-01,bolsonaro-2019-06-21,primary_adjudicated,DEM;MDB;NOVO;PP;PSL,DEM;MDB;NOVO;PP;PSL,DEM;MDB;NOVO;PP;PSL,,,,established,,,
2019-07-29,bolsonaro,bolsonaro-2019-01-01,bolsonaro-2019-06-21,primary_adjudicated,DEM;MDB;NOVO;PP;PSL,DEM;MDB;NOVO;PP;PSL,DEM;MDB;NOVO;PP;PSL,,,,established,,,
2019-07-30,bolsonaro,bolsonaro-2019-01-01,bolsonaro-2019-06-21,primary_adjudicated,DEM;MDB;NOVO;PP;PSL,DEM;MDB;NOVO;PP;PSL,DEM;MDB;NOVO;PP;PSL,,,,established,,,
2019-07-31,bolsonaro,bolsonaro-2019-01-01,bolsonaro-2019-06-21,primary_adjudicated,DEM;MDB;NOVO;PP;PSL,DEM;MDB;NOVO;PP;PSL,DEM;MDB;NOVO;PP;PSL,,,,established,,,
2019-08-01,bolsonaro,bolsonaro-2019-01-01,bolsonaro-2019-06-21,primary_adjudicated,DEM;MDB;NOVO;PP;PSL,DEM;MDB;NOVO;PP;PSL,DEM;MDB;NOVO;PP;PSL,,,,established,,,
2019-08-02,bolsonaro,bolsonaro-2019-01-01,bolsonaro-2019-06-21,primary_adjudicated,DEM;MDB;NOVO;PP;PSL,DEM;MDB;NOVO;PP;PSL,DEM;MDB;NOVO;PP;PSL,,,,established,,,
2019-08-03,bolsonaro,bolsonaro-2019-01-01,bolsonaro-2019-06-21,primary_adjudicated,DEM;MDB;NOVO;PP;PSL,DEM;MDB;NOVO;PP;PSL,DEM;MDB;NOVO;PP;PSL,,,,established,,,
2019-08-04,bolsonaro,bolsonaro-2019-01-01,bolsonaro-2019-06-21,primary_adjudicated,DEM;MDB;NOVO;PP;PSL,DEM;MDB;NOVO;PP;PSL,DEM;MDB;NOVO;PP;PSL,,,,established,,,
2019-08-05,bolsonaro,bolsonaro-2019-01-01,bolsonaro-2019-06-21,primary_adjudicated,DEM;MDB;NOVO;PP;PSL,DEM;MDB;NOVO;PP;PSL,DEM;MDB;NOVO;PP;PSL,,,,established,,,
2019-08-06,bolsonaro,bolsonaro-2019-01-01,bolsonaro-2019-06-21,primary_adjudicated,DEM;MDB;NOVO;PP;PSL,DEM;MDB;NOVO;PP;PSL,DEM;MDB;NOVO;PP;PSL,,,,established,,,
2019-08-07,bolsonaro,bolsonaro-2019-01-01,bolsonaro-2019-06-21,primary_adjudicated,DEM;MDB;NOVO;PP;PSL,DEM;MDB;NOVO;PP;PSL,DEM;MDB;NOVO;PP;PSL,,,,established,,,
2019-08-08,bolsonaro,bolsonaro-2019-01-01,bolsonaro-2019-06-21,primary_adjudicated,DEM;MDB;NOVO;PP;PSL,DEM;MDB;NOVO;PP;PSL,DEM;MDB;NOVO;PP;PSL,,,,established,,,
2019-08-09,bolsonaro,bolsonaro-2019-01-01,bolsonaro-2019-06-21,primary_adjudicated,DEM;MDB;NOVO;PP;PSL,DEM;MDB;NOVO;PP;PSL,DEM;MDB;NOVO;PP;PSL,,,,established,,,
2019-08-10,bolsonaro,bolsonaro-2019-01-01,bolsonaro-2019-06-21,primary_adjudicated,DEM;MDB;NOVO;PP;PSL,DEM;MDB;NOVO;PP;PSL,DEM;MDB;NOVO;PP;PSL,,,,established,,,
2019-08-11,bolsonaro,bolsonaro-2019-01-01,bolsonaro-2019-06-21,primary_adjudicated,DEM;MDB;NOVO;PP;PSL,DEM;MDB;NOVO;PP;PSL,DEM;MDB;NOVO;PP;PSL,,,,established,,,
2019-08-12,bolsonaro,bolsonaro-2019-01-01,bolsonaro-2019-06-21,primary_adjudicated,DEM;MDB;NOVO;PP;PSL,DEM;MDB;NOVO;PP;PSL,DEM;MDB;NOVO;PP;PSL,,,,established,,,
2019-08-13,bolsonaro,bolsonaro-2019-01-01,bolsonaro-2019-06-21,primary_adjudicated,DEM;MDB;NOVO;PP;PSL,DEM;MDB;NOVO;PP;PSL,DEM;MDB;NOVO;PP;PSL,,,,established,,,
2019-08-14,bolsonaro,bolsonaro-2019-01-01,bolsonaro-2019-06-21,primary_adjudicated,DEM;MDB;NOVO;PP;PSL,DEM;MDB;NOVO;PP;PSL,DEM;MDB;NOVO;PP;PSL,,,,established,,,
2019-08-15,bolsonaro,bolsonaro-2019-01-01,bolsonaro-2019-08-15,primary_adjudicated,DEM;MDB;NOVO;PP;PSL,DEM;MDB;NOVO;PP;PSL,DEM;MDB;NOVO;PP;PSL,,,,established,,,
2019-08-16,bolsonaro,bolsonaro-2019-01-01,bolsonaro-2019-08-15,primary_adjudicated,DEM;MDB;NOVO;PP;PSL,DEM;MDB;NOVO;PP;PSL,DEM;MDB;NOVO;PP;PSL,,,,established,,,
2019-08-17,bolsonaro,bolsonaro-2019-01-01,bolsonaro-2019-08-15,primary_adjudicated,DEM;MDB;NOVO;PP;PSL,DEM;MDB;NOVO;PP;PSL,DEM;MDB;NOVO;PP;PSL,,,,established,,,
2019-08-18,bolsonaro,bolsonaro-2019-01-01,bolsonaro-2019-08-15,primary_adjudicated,DEM;MDB;NOVO;PP;PSL,DEM;MDB;NOVO;PP;PSL,DEM;MDB;NOVO;PP;PSL,,,,established,,,
2019-08-19,bolsonaro,bolsonaro-2019-01-01,bolsonaro-2019-08-15,primary_adjudicated,DEM;MDB;NOVO;PP;PSL,DEM;MDB;NOVO;PP;PSL,DEM;MDB;NOVO;PP;PSL,,,,established,,,
2019-08-20,bolsonaro,bolsonaro-2019-01-01,bolsonaro-2019-08-15,primary_adjudicated,DEM;MDB;NOVO;PP;PSL,DEM;MDB;NOVO;PP;PSL,DEM;MDB;NOVO;PP;PSL,,,,established,,,
2019-08-21,bolsonaro,bolsonaro-2019-01-01,bolsonaro-2019-08-15,primary_adjudicated,DEM;MDB;NOVO;PP;PSL,DEM;MDB;NOVO;PP;PSL,DEM;MDB;NOVO;PP;PSL,,,,established,,,
2019-08-22,bolsonaro,bolsonaro-2019-01-01,bolsonaro-2019-08-15,primary_adjudicated,DEM;MDB;NOVO;PP;PSL,DEM;MDB;NOVO;PP;PSL,DEM;MDB;NOVO;PP;PSL,,,,established,,,
2019-08-23,bolsonaro,bolsonaro-2019-01-01,bolsonaro-2019-08-15,primary_adjudicated,DEM;MDB;NOVO;PP;PSL,DEM;MDB;NOVO;PP;PSL,DEM;MDB;NOVO;PP;PSL,,,,established,,,
2019-08-24,bolsonaro,bolsonaro-2019-01-01,bolsonaro-2019-08-15,primary_adjudicated,DEM;MDB;NOVO;PP;PSL,DEM;MDB;NOVO;PP;PSL,DEM;MDB;NOVO;PP;PSL,,,,established,,,
2019-08-25,bolsonaro,bolsonaro-2019-01-01,bolsonaro-2019-08-15,primary_adjudicated,DEM;MDB;NOVO;PP;PSL,DEM;MDB;NOVO;PP;PSL,DEM;MDB;NOVO;PP;PSL,,,,established,,,
2019-08-26,bolsonaro,bolsonaro-2019-01-01,bolsonaro-2019-08-15,primary_adjudicated,DEM;MDB;NOVO;PP;PSL,DEM;MDB;NOVO;PP;PSL,DEM;MDB;NOVO;PP;PSL,,,,established,,,
2019-08-27,bolsonaro,bolsonaro-2019-01-01,bolsonaro-2019-08-15,primary_adjudicated,DEM;MDB;NOVO;PP;PSL,DEM;MDB;NOVO;PP;PSL,DEM;MDB;NOVO;PP;PSL,,,,established,,,
2019-08-28,bolsonaro,bolsonaro-2019-01-01,bolsonaro-2019-08-15,primary_adjudicated,DEM;MDB;NOVO;PP;PSL,DEM;MDB;NOVO;PP;PSL,DEM;MDB;NOVO;PP;PSL,,,,established,,,
2019-08-29,bolsonaro,bolsonaro-2019-01-01,bolsonaro-2019-08-15,primary_adjudicated,DEM;MDB;NOVO;PP;PSL,DEM;MDB;NOVO;PP;PSL,DEM;MDB;NOVO;PP;PSL,,,,established,,,
2019-08-30,bolsonaro,bolsonaro-2019-01-01,bolsonaro-2019-08-15,primary_adjudicated,DEM;MDB;NOVO;PP;PSL,DEM;MDB;NOVO;PP;PSL,DEM;MDB;NOVO;PP;PSL,,,,established,,,
2019-08-31,bolsonaro,bolsonaro-2019-01-01,bolsonaro-2019-08-15,primary_adjudicated,DEM;MDB;NOVO;PP;PSL,DEM;MDB;NOVO;PP;PSL,DEM;MDB;NOVO;PP;PSL,,,,established,,,
2019-09-01,bolsonaro,bolsonaro-2019-01-01,bolsonaro-2019-08-15,primary_adjudicated,DEM;MDB;NOVO;PP;PSL,DEM;MDB;NOVO;PP;PSL,DEM;MDB;NOVO;PP;PSL,,,,established,,,
2019-09-02,bolsonaro,bolsonaro-2019-01-01,bolsonaro-2019-08-15,primary_adjudicated,DEM;MDB;NOVO;PP;PSL,DEM;MDB;NOVO;PP;PSL,DEM;MDB;NOVO;PP;PSL,,,,established,,,
2019-09-03,bolsonaro,bolsonaro-2019-01-01,bolsonaro-2019-08-15,primary_adjudicated,DEM;MDB;NOVO;PP;PSL,DEM;MDB;NOVO;PP;PSL,DEM;MDB;NOVO;PP;PSL,,,,established,,,
2019-09-04,bolsonaro,bolsonaro-2019-01-01,bolsonaro-2019-08-15,primary_adjudicated,DEM;MDB;NOVO;PP;PSL,DEM;MDB;NOVO;PP;PSL,DEM;MDB;NOVO;PP;PSL,,,,established,,,
2019-09-05,bolsonaro,bolsonaro-2019-01-01,bolsonaro-2019-08-15,primary_adjudicated,DEM;MDB;NOVO;PP;PSL,DEM;MDB;NOVO;PP;PSL,DEM;MDB;NOVO;PP;PSL,,,,established,,,
2019-09-06,bolsonaro,bolsonaro-2019-01-01,bolsonaro-2019-08-15,primary_adjudicated,DEM;MDB;NOVO;PP;PSL,DEM;MDB;NOVO;PP;PSL,DEM;MDB;NOVO;PP;PSL,,,,established,,,
2019-09-07,bolsonaro,bolsonaro-2019-01-01,bolsonaro-2019-08-15,primary_adjudicated,DEM;MDB;NOVO;PP;PSL,DEM;MDB;NOVO;PP;PSL,DEM;MDB;NOVO;PP;PSL,,,,established,,,
2019-09-08,bolsonaro,bolsonaro-2019-01-01,bolsonaro-2019-08-15,primary_adjudicated,DEM;MDB;NOVO;PP;PSL,DEM;MDB;NOVO;PP;PSL,DEM;MDB;NOVO;PP;PSL,,,,established,,,
2019-09-09,bolsonaro,bolsonaro-2019-01-01,bolsonaro-2019-08-15,primary_adjudicated,DEM;MDB;NOVO;PP;PSL,DEM;MDB;NOVO;PP;PSL,DEM;MDB;NOVO;PP;PSL,,,,established,,,
2019-09-10,bolsonaro,bolsonaro-2019-01-01,bolsonaro-2019-08-15,primary_adjudicated,DEM;MDB;NOVO;PP;PSL,DEM;MDB;NOVO;PP;PSL,DEM;MDB;NOVO;PP;PSL,,,,established,,,
2019-09-11,bolsonaro,bolsonaro-2019-01-01,bolsonaro-2019-08-15,primary_adjudicated,DEM;MDB;NOVO;PP;PSL,DEM;MDB;NOVO;PP;PSL,DEM;MDB;NOVO;PP;PSL,,,,established,,,
2019-09-12,bolsonaro,bolsonaro-2019-01-01,bolsonaro-2019-08-15,primary_adjudicated,DEM;MDB;NOVO;PP;PSL,DEM;MDB;NOVO;PP;PSL,DEM;MDB;NOVO;PP;PSL,,,,established,,,
2019-09-13,bolsonaro,bolsonaro-2019-01-01,bolsonaro-2019-08-15,primary_adjudicated,DEM;MDB;NOVO;PP;PSL,DEM;MDB;NOVO;PP;PSL,DEM;MDB;NOVO;PP;PSL,,,,established,,,
2019-09-14,bolsonaro,bolsonaro-2019-01-01,bolsonaro-2019-08-15,primary_adjudicated,DEM;MDB;NOVO;PP;PSL,DEM;MDB;NOVO;PP;PSL,DEM;MDB;NOVO;PP;PSL,,,,established,,,
2019-09-15,bolsonaro,bolsonaro-2019-01-01,bolsonaro-2019-08-15,primary_adjudicated,DEM;MDB;NOVO;PP;PSL,DEM;MDB;NOVO;PP;PSL,DEM;MDB;NOVO;PP;PSL,,,,established,,,
2019-09-16,bolsonaro,bolsonaro-2019-01-01,bolsonaro-2019-08-15,primary_adjudicated,DEM;MDB;NOVO;PP;PSL,DEM;MDB;NOVO;PP;PSL,DEM;MDB;NOVO;PP;PSL,,,,established,,,
2019-09-17,bolsonaro,bolsonaro-2019-01-01,bolsonaro-2019-08-15,primary_adjudicated,DEM;MDB;NOVO;PP;PSL,DEM;MDB;NOVO;PP;PSL,DEM;MDB;NOVO;PP;PSL,,,,established,,,
2019-09-18,bolsonaro,bolsonaro-2019-01-01,bolsonaro-2019-08-15,primary_adjudicated,DEM;MDB;NOVO;PP;PSL,DEM;MDB;NOVO;PP;PSL,DEM;MDB;NOVO;PP;PSL,,,,established,,,
2019-09-19,bolsonaro,bolsonaro-2019-01-01,bolsonaro-2019-09-19,primary_adjudicated,DEM;MDB;NOVO;PP;PSL,DEM;MDB;NOVO;PP;PSL,DEM;MDB;NOVO;PP;PSL,,,,established,,,
2019-09-20,bolsonaro,bolsonaro-2019-01-01,bolsonaro-2019-09-19,primary_adjudicated,DEM;MDB;NOVO;PP;PSL,DEM;MDB;NOVO;PP;PSL,DEM;MDB;NOVO;PP;PSL,,,,established,,,
2019-09-21,bolsonaro,bolsonaro-2019-01-01,bolsonaro-2019-09-19,primary_adjudicated,DEM;MDB;NOVO;PP;PSL,DEM;MDB;NOVO;PP;PSL,DEM;MDB;NOVO;PP;PSL,,,,established,,,
2019-09-22,bolsonaro,bolsonaro-2019-01-01,bolsonaro-2019-09-19,primary_adjudicated,DEM;MDB;NOVO;PP;PSL,DEM;MDB;NOVO;PP;PSL,DEM;MDB;NOVO;PP;PSL,,,,established,,,
2019-09-23,bolsonaro,bolsonaro-2019-01-01,bolsonaro-2019-09-19,primary_adjudicated,DEM;MDB;NOVO;PP;PSL,DEM;MDB;NOVO;PP;PSL,DEM;MDB;NOVO;PP;PSL,,,,established,,,
2019-09-24,bolsonaro,bolsonaro-2019-01-01,bolsonaro-2019-09-19,primary_adjudicated,DEM;MDB;NOVO;PP;PSL,DEM;MDB;NOVO;PP;PSL,DEM;MDB;NOVO;PP;PSL,,,,established,,,
2019-09-25,bolsonaro,bolsonaro-2019-01-01,bolsonaro-2019-09-19,primary_adjudicated,DEM;MDB;NOVO;PP;PSL,DEM;MDB;NOVO;PP;PSL,DEM;MDB;NOVO;PP;PSL,,,,established,,,
2019-09-26,bolsonaro,bolsonaro-2019-01-01,bolsonaro-2019-09-19,primary_adjudicated,DEM;MDB;NOVO;PP;PSL,DEM;MDB;NOVO;PP;PSL,DEM;MDB;NOVO;PP;PSL,,,,established,,,
2019-09-27,bolsonaro,bolsonaro-2019-01-01,bolsonaro-2019-09-19,primary_adjudicated,DEM;MDB;NOVO;PP;PSL,DEM;MDB;NOVO;PP;PSL,DEM;MDB;NOVO;PP;PSL,,,,established,,,
2019-09-28,bolsonaro,bolsonaro-2019-01-01,bolsonaro-2019-09-19,primary_adjudicated,DEM;MDB;NOVO;PP;PSL,DEM;MDB;NOVO;PP;PSL,DEM;MDB;NOVO;PP;PSL,,,,established,,,
2019-09-29,bolsonaro,bolsonaro-2019-01-01,bolsonaro-2019-09-19,primary_adjudicated,DEM;MDB;NOVO;PP;PSL,DEM;MDB;NOVO;PP;PSL,DEM;MDB;NOVO;PP;PSL,,,,established,,,
2019-09-30,bolsonaro,bolsonaro-2019-01-01,bolsonaro-2019-09-19,primary_adjudicated,DEM;MDB;NOVO;PP;PSL,DEM;MDB;NOVO;PP;PSL,DEM;MDB;NOVO;PP;PSL,,,,established,,,
2019-10-01,bolsonaro,bolsonaro-2019-01-01,bolsonaro-2019-09-19,primary_adjudicated,DEM;MDB;NOVO;PP;PSL,DEM;MDB;NOVO;PP;PSL,DEM;MDB;NOVO;PP;PSL,,,,established,,,
2019-10-02,bolsonaro,bolsonaro-2019-01-01,bolsonaro-2019-09-19,primary_adjudicated,DEM;MDB;NOVO;PP;PSL,DEM;MDB;NOVO;PP;PSL,DEM;MDB;NOVO;PP;PSL,,,,established,,,
2019-10-03,bolsonaro,bolsonaro-2019-01-01,bolsonaro-2019-09-19,primary_adjudicated,DEM;MDB;NOVO;PP;PSL,DEM;MDB;NOVO;PP;PSL,DEM;MDB;NOVO;PP;PSL,,,,established,,,
2019-10-04,bolsonaro,bolsonaro-2019-01-01,bolsonaro-2019-09-19,primary_adjudicated,DEM;MDB;NOVO;PP;PSL,DEM;MDB;NOVO;PP;PSL,DEM;MDB;NOVO;PP;PSL,,,,established,,,
2019-10-05,bolsonaro,bolsonaro-2019-01-01,bolsonaro-2019-09-19,primary_adjudicated,DEM;MDB;NOVO;PP;PSL,DEM;MDB;NOVO;PP;PSL,DEM;MDB;NOVO;PP;PSL,,,,established,,,
2019-10-06,bolsonaro,bolsonaro-2019-01-01,bolsonaro-2019-09-19,primary_adjudicated,DEM;MDB;NOVO;PP;PSL,DEM;MDB;NOVO;PP;PSL,DEM;MDB;NOVO;PP;PSL,,,,established,,,
2019-10-07,bolsonaro,bolsonaro-2019-01-01,bolsonaro-2019-09-19,primary_adjudicated,DEM;MDB;NOVO;PP;PSL,DEM;MDB;NOVO;PP;PSL,DEM;MDB;NOVO;PP;PSL,,,,established,,,
2019-10-08,bolsonaro,bolsonaro-2019-01-01,bolsonaro-2019-09-19,primary_adjudicated,DEM;MDB;NOVO;PP;PSL,DEM;MDB;NOVO;PP;PSL,DEM;MDB;NOVO;PP;PSL,,,,established,,,
2019-10-09,bolsonaro,bolsonaro-2019-01-01,bolsonaro-2019-09-19,primary_adjudicated,DEM;MDB;NOVO;PP;PSL,DEM;MDB;NOVO;PP;PSL,DEM;MDB;NOVO;PP;PSL,,,,established,,,
2019-10-10,bolsonaro,bolsonaro-2019-01-01,bolsonaro-2019-09-19,primary_adjudicated,DEM;MDB;NOVO;PP;PSL,DEM;MDB;NOVO;PP;PSL,DEM;MDB;NOVO;PP;PSL,,,,established,,,
2019-10-11,bolsonaro,bolsonaro-2019-01-01,bolsonaro-2019-09-19,primary_adjudicated,DEM;MDB;NOVO;PP;PSL,DEM;MDB;NOVO;PP;PSL,DEM;MDB;NOVO;PP;PSL,,,,established,,,
2019-10-12,bolsonaro,bolsonaro-2019-01-01,bolsonaro-2019-09-19,primary_adjudicated,DEM;MDB;NOVO;PP;PSL,DEM;MDB;NOVO;PP;PSL,DEM;MDB;NOVO;PP;PSL,,,,established,,,
2019-10-13,bolsonaro,bolsonaro-2019-01-01,bolsonaro-2019-09-19,primary_adjudicated,DEM;MDB;NOVO;PP;PSL,DEM;MDB;NOVO;PP;PSL,DEM;MDB;NOVO;PP;PSL,,,,established,,,
2019-10-14,bolsonaro,bolsonaro-2019-01-01,bolsonaro-2019-09-19,primary_adjudicated,DEM;MDB;NOVO;PP;PSL,DEM;MDB;NOVO;PP;PSL,DEM;MDB;NOVO;PP;PSL,,,,established,,,
2019-10-15,bolsonaro,bolsonaro-2019-01-01,bolsonaro-2019-09-19,primary_adjudicated,DEM;MDB;NOVO;PP;PSL,DEM;MDB;NOVO;PP;PSL,DEM;MDB;NOVO;PP;PSL,,,,established,,,
2019-10-16,bolsonaro,bolsonaro-2019-01-01,bolsonaro-2019-09-19,primary_adjudicated,DEM;MDB;NOVO;PP;PSL,DEM;MDB;NOVO;PP;PSL,DEM;MDB;NOVO;PP;PSL,,,,established,,,
2019-10-17,bolsonaro,bolsonaro-2019-01-01,bolsonaro-2019-09-19,primary_adjudicated,DEM;MDB;NOVO;PP;PSL,DEM;MDB;NOVO;PP;PSL,DEM;MDB;NOVO;PP;PSL,,,,established,,,
2019-10-18,bolsonaro,bolsonaro-2019-01-01,bolsonaro-2019-09-19,primary_adjudicated,DEM;MDB;NOVO;PP;PSL,DEM;MDB;NOVO;PP;PSL,DEM;MDB;NOVO;PP;PSL,,,,established,,,
2019-10-19,bolsonaro,bolsonaro-2019-01-01,bolsonaro-2019-09-19,primary_adjudicated,DEM;MDB;NOVO;PP;PSL,DEM;MDB;NOVO;PP;PSL,DEM;MDB;NOVO;PP;PSL,,,,established,,,
2019-10-20,bolsonaro,bolsonaro-2019-01-01,bolsonaro-2019-09-19,primary_adjudicated,DEM;MDB;NOVO;PP;PSL,DEM;MDB;NOVO;PP;PSL,DEM;MDB;NOVO;PP;PSL,,,,established,,,
2019-10-21,bolsonaro,bolsonaro-2019-01-01,bolsonaro-2019-09-19,primary_adjudicated,DEM;MDB;NOVO;PP;PSL,DEM;MDB;NOVO;PP;PSL,DEM;MDB;NOVO;PP;PSL,,,,established,,,
2019-10-22,bolsonaro,bolsonaro-2019-01-01,bolsonaro-2019-09-19,primary_adjudicated,DEM;MDB;NOVO;PP;PSL,DEM;MDB;NOVO;PP;PSL,DEM;MDB;NOVO;PP;PSL,,,,established,,,
2019-10-23,bolsonaro,bolsonaro-2019-01-01,bolsonaro-2019-09-19,primary_adjudicated,DEM;MDB;NOVO;PP;PSL,DEM;MDB;NOVO;PP;PSL,DEM;MDB;NOVO;PP;PSL,,,,established,,,
2019-10-24,bolsonaro,bolsonaro-2019-01-01,bolsonaro-2019-09-19,primary_adjudicated,DEM;MDB;NOVO;PP;PSL,DEM;MDB;NOVO;PP;PSL,DEM;MDB;NOVO;PP;PSL,,,,established,,,
2019-10-25,bolsonaro,bolsonaro-2019-01-01,bolsonaro-2019-09-19,primary_adjudicated,DEM;MDB;NOVO;PP;PSL,DEM;MDB;NOVO;PP;PSL,DEM;MDB;NOVO;PP;PSL,,,,established,,,
2019-10-26,bolsonaro,bolsonaro-2019-01-01,bolsonaro-2019-09-19,primary_adjudicated,DEM;MDB;NOVO;PP;PSL,DEM;MDB;NOVO;PP;PSL,DEM;MDB;NOVO;PP;PSL,,,,established,,,
2019-10-27,bolsonaro,bolsonaro-2019-01-01,bolsonaro-2019-09-19,primary_adjudicated,DEM;MDB;NOVO;PP;PSL,DEM;MDB;NOVO;PP;PSL,DEM;MDB;NOVO;PP;PSL,,,,established,,,
2019-10-28,bolsonaro,bolsonaro-2019-01-01,bolsonaro-2019-09-19,primary_adjudicated,DEM;MDB;NOVO;PP;PSL,DEM;MDB;NOVO;PP;PSL,DEM;MDB;NOVO;PP;PSL,,,,established,,,
2019-10-29,bolsonaro,bolsonaro-2019-01-01,bolsonaro-2019-09-19,primary_adjudicated,DEM;MDB;NOVO;PP;PSL,DEM;MDB;NOVO;PP;PSL,DEM;MDB;NOVO;PP;PSL,,,,established,,,
2019-10-30,bolsonaro,bolsonaro-2019-01-01,bolsonaro-2019-09-19,primary_adjudicated,DEM;MDB;NOVO;PP;PSL,DEM;MDB;NOVO;PP;PSL,DEM;MDB;NOVO;PP;PSL,,,,established,,,
2019-10-31,bolsonaro,bolsonaro-2019-01-01,bolsonaro-2019-09-19,primary_adjudicated,DEM;MDB;NOVO;PP;PSL,DEM;MDB;NOVO;PP;PSL,DEM;MDB;NOVO;PP;PSL,,,,established,,,
2019-11-01,bolsonaro,bolsonaro-2019-01-01,bolsonaro-2019-09-19,primary_adjudicated,DEM;MDB;NOVO;PP;PSL,DEM;MDB;NOVO;PP;PSL,DEM;MDB;NOVO;PP;PSL,,,,established,,,
2019-11-02,bolsonaro,bolsonaro-2019-01-01,bolsonaro-2019-09-19,primary_adjudicated,DEM;MDB;NOVO;PP;PSL,DEM;MDB;NOVO;PP;PSL,DEM;MDB;NOVO;PP;PSL,,,,established,,,
2019-11-03,bolsonaro,bolsonaro-2019-01-01,bolsonaro-2019-09-19,primary_adjudicated,DEM;MDB;NOVO;PP;PSL,DEM;MDB;NOVO;PP;PSL,DEM;MDB;NOVO;PP;PSL,,,,established,,,
2019-11-04,bolsonaro,bolsonaro-2019-01-01,bolsonaro-2019-09-19,primary_adjudicated,DEM;MDB;NOVO;PP;PSL,DEM;MDB;NOVO;PP;PSL,DEM;MDB;NOVO;PP;PSL,,,,established,,,
2019-11-05,bolsonaro,bolsonaro-2019-01-01,bolsonaro-2019-09-19,primary_adjudicated,DEM;MDB;NOVO;PP;PSL,DEM;MDB;NOVO;PP;PSL,DEM;MDB;NOVO;PP;PSL,,,,established,,,
2019-11-06,bolsonaro,bolsonaro-2019-01-01,bolsonaro-2019-09-19,primary_adjudicated,DEM;MDB;NOVO;PP;PSL,DEM;MDB;NOVO;PP;PSL,DEM;MDB;NOVO;PP;PSL,,,,established,,,
2019-11-07,bolsonaro,bolsonaro-2019-01-01,bolsonaro-2019-09-19,primary_adjudicated,DEM;MDB;NOVO;PP;PSL,DEM;MDB;NOVO;PP;PSL,DEM;MDB;NOVO;PP;PSL,,,,established,,,
2019-11-08,bolsonaro,bolsonaro-2019-01-01,bolsonaro-2019-09-19,primary_adjudicated,DEM;MDB;NOVO;PP;PSL,DEM;MDB;NOVO;PP;PSL,DEM;MDB;NOVO;PP;PSL,,,,established,,,
2019-11-09,bolsonaro,bolsonaro-2019-01-01,bolsonaro-2019-09-19,primary_adjudicated,DEM;MDB;NOVO;PP;PSL,DEM;MDB;NOVO;PP;PSL,DEM;MDB;NOVO;PP;PSL,,,,established,,,
2019-11-10,bolsonaro,bolsonaro-2019-01-01,bolsonaro-2019-09-19,primary_adjudicated,DEM;MDB;NOVO;PP;PSL,DEM;MDB;NOVO;PP;PSL,DEM;MDB;NOVO;PP;PSL,,,,established,,,
2019-11-11,bolsonaro,bolsonaro-2019-01-01,bolsonaro-2019-09-19,primary_adjudicated,DEM;MDB;NOVO;PP;PSL,DEM;MDB;NOVO;PP;PSL,DEM;MDB;NOVO;PP;PSL,,,,established,,,
2019-11-12,bolsonaro,bolsonaro-2019-01-01,bolsonaro-2019-11-12,primary_adjudicated,DEM;MDB;NOVO;PP;PSL,DEM;MDB;NOVO;PP;PSL,DEM;MDB;NOVO;PP;PSL,,,,established,,,
2019-11-13,bolsonaro,bolsonaro-2019-01-01,bolsonaro-2019-11-12,primary_adjudicated,DEM;MDB;NOVO;PP;PSL,DEM;MDB;NOVO;PP;PSL,DEM;MDB;NOVO;PP;PSL,,,,established,,,
2019-11-14,bolsonaro,bolsonaro-2019-01-01,bolsonaro-2019-11-12,primary_adjudicated,DEM;MDB;NOVO;PP;PSL,DEM;MDB;NOVO;PP;PSL,DEM;MDB;NOVO;PP;PSL,,,,established,,,
2019-11-15,bolsonaro,bolsonaro-2019-01-01,bolsonaro-2019-11-12,primary_adjudicated,DEM;MDB;NOVO;PP;PSL,DEM;MDB;NOVO;PP;PSL,DEM;MDB;NOVO;PP;PSL,,,,established,,,
2019-11-16,bolsonaro,bolsonaro-2019-01-01,bolsonaro-2019-11-12,primary_adjudicated,DEM;MDB;NOVO;PP;PSL,DEM;MDB;NOVO;PP;PSL,DEM;MDB;NOVO;PP;PSL,,,,established,,,
2019-11-17,bolsonaro,bolsonaro-2019-01-01,bolsonaro-2019-11-12,primary_adjudicated,DEM;MDB;NOVO;PP;PSL,DEM;MDB;NOVO;PP;PSL,DEM;MDB;NOVO;PP;PSL,,,,established,,,
2019-11-18,bolsonaro,bolsonaro-2019-01-01,bolsonaro-2019-11-12,primary_adjudicated,DEM;MDB;NOVO;PP;PSL,DEM;MDB;NOVO;PP;PSL,DEM;MDB;NOVO;PP;PSL,,,,established,,,
2019-11-19,bolsonaro,bolsonaro-2019-01-01,bolsonaro-2019-11-12,primary_adjudicated,DEM;MDB;NOVO;PP;PSL,DEM;MDB;NOVO;PP;PSL,DEM;MDB;NOVO;PP;PSL,,,,established,,,
2019-11-20,bolsonaro,bolsonaro-2019-01-01,bolsonaro-2019-11-12,primary_adjudicated,DEM;MDB;NOVO;PP;PSL,DEM;MDB;NOVO;PP;PSL,DEM;MDB;NOVO;PP;PSL,,,,established,,,
2019-11-21,bolsonaro,bolsonaro-2019-01-01,bolsonaro-2019-11-12,primary_adjudicated,DEM;MDB;NOVO;PP;PSL,DEM;MDB;NOVO;PP;PSL,DEM;MDB;NOVO;PP;PSL,,,,established,,,
2019-11-22,bolsonaro,bolsonaro-2019-01-01,bolsonaro-2019-11-12,primary_adjudicated,DEM;MDB;NOVO;PP;PSL,DEM;MDB;NOVO;PP;PSL,DEM;MDB;NOVO;PP;PSL,,,,established,,,
2019-11-23,bolsonaro,bolsonaro-2019-01-01,bolsonaro-2019-11-12,primary_adjudicated,DEM;MDB;NOVO;PP;PSL,DEM;MDB;NOVO;PP;PSL,DEM;MDB;NOVO;PP;PSL,,,,established,,,
2019-11-24,bolsonaro,bolsonaro-2019-01-01,bolsonaro-2019-11-12,primary_adjudicated,DEM;MDB;NOVO;PP;PSL,DEM;MDB;NOVO;PP;PSL,DEM;MDB;NOVO;PP;PSL,,,,established,,,
2019-11-25,bolsonaro,bolsonaro-2019-01-01,bolsonaro-2019-11-12,primary_adjudicated,DEM;MDB;NOVO;PP;PSL,DEM;MDB;NOVO;PP;PSL,DEM;MDB;NOVO;PP;PSL,,,,established,,,
2019-11-26,bolsonaro,bolsonaro-2019-01-01,bolsonaro-2019-11-12,primary_adjudicated,DEM;MDB;NOVO;PP;PSL,DEM;MDB;NOVO;PP;PSL,DEM;MDB;NOVO;PP;PSL,,,,established,,,
2019-11-27,bolsonaro,bolsonaro-2019-01-01,bolsonaro-2019-11-12,primary_adjudicated,DEM;MDB;NOVO;PP;PSL,DEM;MDB;NOVO;PP;PSL,DEM;MDB;NOVO;PP;PSL,,,,established,,,
2019-11-28,bolsonaro,bolsonaro-2019-01-01,bolsonaro-2019-11-12,primary_adjudicated,DEM;MDB;NOVO;PP;PSL,DEM;MDB;NOVO;PP;PSL,DEM;MDB;NOVO;PP;PSL,,,,established,,,
2019-11-29,bolsonaro,bolsonaro-2019-01-01,bolsonaro-2019-11-12,primary_adjudicated,DEM;MDB;NOVO;PP;PSL,DEM;MDB;NOVO;PP;PSL,DEM;MDB;NOVO;PP;PSL,,,,established,,,
2019-11-30,bolsonaro,bolsonaro-2019-01-01,bolsonaro-2019-11-12,primary_adjudicated,DEM;MDB;NOVO;PP;PSL,DEM;MDB;NOVO;PP;PSL,DEM;MDB;NOVO;PP;PSL,,,,established,,,
2019-12-01,bolsonaro,bolsonaro-2019-01-01,bolsonaro-2019-11-12,primary_adjudicated,DEM;MDB;NOVO;PP;PSL,DEM;MDB;NOVO;PP;PSL,DEM;MDB;NOVO;PP;PSL,,,,established,,,
2019-12-02,bolsonaro,bolsonaro-2019-01-01,bolsonaro-2019-11-12,primary_adjudicated,DEM;MDB;NOVO;PP;PSL,DEM;MDB;NOVO;PP;PSL,DEM;MDB;NOVO;PP;PSL,,,,established,,,
2019-12-03,bolsonaro,bolsonaro-2019-01-01,bolsonaro-2019-11-12,primary_adjudicated,DEM;MDB;NOVO;PP;PSL,DEM;MDB;NOVO;PP;PSL,DEM;MDB;NOVO;PP;PSL,,,,established,,,
2019-12-04,bolsonaro,bolsonaro-2019-01-01,bolsonaro-2019-11-12,primary_adjudicated,DEM;MDB;NOVO;PP;PSL,DEM;MDB;NOVO;PP;PSL,DEM;MDB;NOVO;PP;PSL,,,,established,,,
2019-12-05,bolsonaro,bolsonaro-2019-01-01,bolsonaro-2019-11-12,primary_adjudicated,DEM;MDB;NOVO;PP;PSL,DEM;MDB;NOVO;PP;PSL,DEM;MDB;NOVO;PP;PSL,,,,established,,,
2019-12-06,bolsonaro,bolsonaro-2019-01-01,bolsonaro-2019-11-12,primary_adjudicated,DEM;MDB;NOVO;PP;PSL,DEM;MDB;NOVO;PP;PSL,DEM;MDB;NOVO;PP;PSL,,,,established,,,
2019-12-07,bolsonaro,bolsonaro-2019-01-01,bolsonaro-2019-11-12,primary_adjudicated,DEM;MDB;NOVO;PP;PSL,DEM;MDB;NOVO;PP;PSL,DEM;MDB;NOVO;PP;PSL,,,,established,,,
2019-12-08,bolsonaro,bolsonaro-2019-01-01,bolsonaro-2019-11-12,primary_adjudicated,DEM;MDB;NOVO;PP;PSL,DEM;MDB;NOVO;PP;PSL,DEM;MDB;NOVO;PP;PSL,,,,established,,,
2019-12-09,bolsonaro,bolsonaro-2019-01-01,bolsonaro-2019-11-12,primary_adjudicated,DEM;MDB;NOVO;PP;PSL,DEM;MDB;NOVO;PP;PSL,DEM;MDB;NOVO;PP;PSL,,,,established,,,
2019-12-10,bolsonaro,bolsonaro-2019-01-01,bolsonaro-2019-11-12,primary_adjudicated,DEM;MDB;NOVO;PP;PSL,DEM;MDB;NOVO;PP;PSL,DEM;MDB;NOVO;PP;PSL,,,,established,,,
2019-12-11,bolsonaro,bolsonaro-2019-01-01,bolsonaro-2019-11-12,primary_adjudicated,DEM;MDB;NOVO;PP;PSL,DEM;MDB;NOVO;PP;PSL,DEM;MDB;NOVO;PP;PSL,,,,established,,,
2019-12-12,bolsonaro,bolsonaro-2019-01-01,bolsonaro-2019-11-12,primary_adjudicated,DEM;MDB;NOVO;PP;PSL,DEM;MDB;NOVO;PP;PSL,DEM;MDB;NOVO;PP;PSL,,,,established,,,
2019-12-13,bolsonaro,bolsonaro-2019-01-01,bolsonaro-2019-11-12,primary_adjudicated,DEM;MDB;NOVO;PP;PSL,DEM;MDB;NOVO;PP;PSL,DEM;MDB;NOVO;PP;PSL,,,,established,,,
2019-12-14,bolsonaro,bolsonaro-2019-01-01,bolsonaro-2019-11-12,primary_adjudicated,DEM;MDB;NOVO;PP;PSL,DEM;MDB;NOVO;PP;PSL,DEM;MDB;NOVO;PP;PSL,,,,established,,,
2019-12-15,bolsonaro,bolsonaro-2019-01-01,bolsonaro-2019-11-12,primary_adjudicated,DEM;MDB;NOVO;PP;PSL,DEM;MDB;NOVO;PP;PSL,DEM;MDB;NOVO;PP;PSL,,,,established,,,
2019-12-16,bolsonaro,bolsonaro-2019-01-01,bolsonaro-2019-11-12,primary_adjudicated,DEM;MDB;NOVO;PP;PSL,DEM;MDB;NOVO;PP;PSL,DEM;MDB;NOVO;PP;PSL,,,,established,,,
2019-12-17,bolsonaro,bolsonaro-2019-01-01,bolsonaro-2019-11-12,primary_adjudicated,DEM;MDB;NOVO;PP;PSL,DEM;MDB;NOVO;PP;PSL,DEM;MDB;NOVO;PP;PSL,,,,established,,,
2019-12-18,bolsonaro,bolsonaro-2019-01-01,bolsonaro-2019-11-12,primary_adjudicated,DEM;MDB;NOVO;PP;PSL,DEM;MDB;NOVO;PP;PSL,DEM;MDB;NOVO;PP;PSL,,,,established,,,
2019-12-19,bolsonaro,bolsonaro-2019-01-01,bolsonaro-2019-11-12,primary_adjudicated,DEM;MDB;NOVO;PP;PSL,DEM;MDB;NOVO;PP;PSL,DEM;MDB;NOVO;PP;PSL,,,,established,,,
2019-12-20,bolsonaro,bolsonaro-2019-01-01,bolsonaro-2019-11-12,primary_adjudicated,DEM;MDB;NOVO;PP;PSL,DEM;MDB;NOVO;PP;PSL,DEM;MDB;NOVO;PP;PSL,,,,established,,,
2019-12-21,bolsonaro,bolsonaro-2019-01-01,bolsonaro-2019-11-12,primary_adjudicated,DEM;MDB;NOVO;PP;PSL,DEM;MDB;NOVO;PP;PSL,DEM;MDB;NOVO;PP;PSL,,,,established,,,
2019-12-22,bolsonaro,bolsonaro-2019-01-01,bolsonaro-2019-11-12,primary_adjudicated,DEM;MDB;NOVO;PP;PSL,DEM;MDB;NOVO;PP;PSL,DEM;MDB;NOVO;PP;PSL,,,,established,,,
2019-12-23,bolsonaro,bolsonaro-2019-01-01,bolsonaro-2019-11-12,primary_adjudicated,DEM;MDB;NOVO;PP;PSL,DEM;MDB;NOVO;PP;PSL,DEM;MDB;NOVO;PP;PSL,,,,established,,,
2019-12-24,bolsonaro,bolsonaro-2019-01-01,bolsonaro-2019-11-12,primary_adjudicated,DEM;MDB;NOVO;PP;PSL,DEM;MDB;NOVO;PP;PSL,DEM;MDB;NOVO;PP;PSL,,,,established,,,
2019-12-25,bolsonaro,bolsonaro-2019-01-01,bolsonaro-2019-11-12,primary_adjudicated,DEM;MDB;NOVO;PP;PSL,DEM;MDB;NOVO;PP;PSL,DEM;MDB;NOVO;PP;PSL,,,,established,,,
2019-12-26,bolsonaro,bolsonaro-2019-01-01,bolsonaro-2019-11-12,primary_adjudicated,DEM;MDB;NOVO;PP;PSL,DEM;MDB;NOVO;PP;PSL,DEM;MDB;NOVO;PP;PSL,,,,established,,,
2019-12-27,bolsonaro,bolsonaro-2019-01-01,bolsonaro-2019-11-12,primary_adjudicated,DEM;MDB;NOVO;PP;PSL,DEM;MDB;NOVO;PP;PSL,DEM;MDB;NOVO;PP;PSL,,,,established,,,
2019-12-28,bolsonaro,bolsonaro-2019-01-01,bolsonaro-2019-11-12,primary_adjudicated,DEM;MDB;NOVO;PP;PSL,DEM;MDB;NOVO;PP;PSL,DEM;MDB;NOVO;PP;PSL,,,,established,,,
2019-12-29,bolsonaro,bolsonaro-2019-01-01,bolsonaro-2019-11-12,primary_adjudicated,DEM;MDB;NOVO;PP;PSL,DEM;MDB;NOVO;PP;PSL,DEM;MDB;NOVO;PP;PSL,,,,established,,,
2019-12-30,bolsonaro,bolsonaro-2019-01-01,bolsonaro-2019-11-12,primary_adjudicated,DEM;MDB;NOVO;PP;PSL,DEM;MDB;NOVO;PP;PSL,DEM;MDB;NOVO;PP;PSL,,,,established,,,
2019-12-31,bolsonaro,bolsonaro-2019-01-01,bolsonaro-2019-11-12,primary_adjudicated,DEM;MDB;NOVO;PP;PSL,DEM;MDB;NOVO;PP;PSL,DEM;MDB;NOVO;PP;PSL,,,,established,,,
2020-01-01,bolsonaro,bolsonaro-2019-01-01,bolsonaro-2019-11-12,primary_adjudicated,DEM;MDB;NOVO;PP;PSL,DEM;MDB;NOVO;PP;PSL,DEM;MDB;NOVO;PP;PSL,,,,established,,,
2020-01-02,bolsonaro,bolsonaro-2019-01-01,bolsonaro-2019-11-12,primary_adjudicated,DEM;MDB;NOVO;PP;PSL,DEM;MDB;NOVO;PP;PSL,DEM;MDB;NOVO;PP;PSL,,,,established,,,
2020-01-03,bolsonaro,bolsonaro-2019-01-01,bolsonaro-2019-11-12,primary_adjudicated,DEM;MDB;NOVO;PP;PSL,DEM;MDB;NOVO;PP;PSL,DEM;MDB;NOVO;PP;PSL,,,,established,,,
2020-01-04,bolsonaro,bolsonaro-2019-01-01,bolsonaro-2019-11-12,primary_adjudicated,DEM;MDB;NOVO;PP;PSL,DEM;MDB;NOVO;PP;PSL,DEM;MDB;NOVO;PP;PSL,,,,established,,,
2020-01-05,bolsonaro,bolsonaro-2019-01-01,bolsonaro-2019-11-12,primary_adjudicated,DEM;MDB;NOVO;PP;PSL,DEM;MDB;NOVO;PP;PSL,DEM;MDB;NOVO;PP;PSL,,,,established,,,
2020-01-06,bolsonaro,bolsonaro-2019-01-01,bolsonaro-2019-11-12,primary_adjudicated,DEM;MDB;NOVO;PP;PSL,DEM;MDB;NOVO;PP;PSL,DEM;MDB;NOVO;PP;PSL,,,,established,,,
2020-01-07,bolsonaro,bolsonaro-2019-01-01,bolsonaro-2019-11-12,primary_adjudicated,DEM;MDB;NOVO;PP;PSL,DEM;MDB;NOVO;PP;PSL,DEM;MDB;NOVO;PP;PSL,,,,established,,,
2020-01-08,bolsonaro,bolsonaro-2019-01-01,bolsonaro-2019-11-12,primary_adjudicated,DEM;MDB;NOVO;PP;PSL,DEM;MDB;NOVO;PP;PSL,DEM;MDB;NOVO;PP;PSL,,,,established,,,
2020-01-09,bolsonaro,bolsonaro-2019-01-01,bolsonaro-2019-11-12,primary_adjudicated,DEM;MDB;NOVO;PP;PSL,DEM;MDB;NOVO;PP;PSL,DEM;MDB;NOVO;PP;PSL,,,,established,,,
2020-01-10,bolsonaro,bolsonaro-2019-01-01,bolsonaro-2019-11-12,primary_adjudicated,DEM;MDB;NOVO;PP;PSL,DEM;MDB;NOVO;PP;PSL,DEM;MDB;NOVO;PP;PSL,,,,established,,,
2020-01-11,bolsonaro,bolsonaro-2019-01-01,bolsonaro-2019-11-12,primary_adjudicated,DEM;MDB;NOVO;PP;PSL,DEM;MDB;NOVO;PP;PSL,DEM;MDB;NOVO;PP;PSL,,,,established,,,
2020-01-12,bolsonaro,bolsonaro-2019-01-01,bolsonaro-2019-11-12,primary_adjudicated,DEM;MDB;NOVO;PP;PSL,DEM;MDB;NOVO;PP;PSL,DEM;MDB;NOVO;PP;PSL,,,,established,,,
2020-01-13,bolsonaro,bolsonaro-2019-01-01,bolsonaro-2019-11-12,primary_adjudicated,DEM;MDB;NOVO;PP;PSL,DEM;MDB;NOVO;PP;PSL,DEM;MDB;NOVO;PP;PSL,,,,established,,,
2020-01-14,bolsonaro,bolsonaro-2019-01-01,bolsonaro-2019-11-12,primary_adjudicated,DEM;MDB;NOVO;PP;PSL,DEM;MDB;NOVO;PP;PSL,DEM;MDB;NOVO;PP;PSL,,,,established,,,
2020-01-15,bolsonaro,bolsonaro-2019-01-01,bolsonaro-2019-11-12,primary_adjudicated,DEM;MDB;NOVO;PP;PSL,DEM;MDB;NOVO;PP;PSL,DEM;MDB;NOVO;PP;PSL,,,,established,,,
2020-01-16,bolsonaro,bolsonaro-2019-01-01,bolsonaro-2019-11-12,primary_adjudicated,DEM;MDB;NOVO;PP;PSL,DEM;MDB;NOVO;PP;PSL,DEM;MDB;NOVO;PP;PSL,,,,established,,,
2020-01-17,bolsonaro,bolsonaro-2019-01-01,bolsonaro-2019-11-12,primary_adjudicated,DEM;MDB;NOVO;PP;PSL,DEM;MDB;NOVO;PP;PSL,DEM;MDB;NOVO;PP;PSL,,,,established,,,
2020-01-18,bolsonaro,bolsonaro-2019-01-01,bolsonaro-2019-11-12,primary_adjudicated,DEM;MDB;NOVO;PP;PSL,DEM;MDB;NOVO;PP;PSL,DEM;MDB;NOVO;PP;PSL,,,,established,,,
2020-01-19,bolsonaro,bolsonaro-2019-01-01,bolsonaro-2019-11-12,primary_adjudicated,DEM;MDB;NOVO;PP;PSL,DEM;MDB;NOVO;PP;PSL,DEM;MDB;NOVO;PP;PSL,,,,established,,,
2020-01-20,bolsonaro,bolsonaro-2019-01-01,bolsonaro-2019-11-12,primary_adjudicated,DEM;MDB;NOVO;PP;PSL,DEM;MDB;NOVO;PP;PSL,DEM;MDB;NOVO;PP;PSL,,,,established,,,
2020-01-21,bolsonaro,bolsonaro-2019-01-01,bolsonaro-2019-11-12,primary_adjudicated,DEM;MDB;NOVO;PP;PSL,DEM;MDB;NOVO;PP;PSL,DEM;MDB;NOVO;PP;PSL,,,,established,,,
2020-01-22,bolsonaro,bolsonaro-2019-01-01,bolsonaro-2019-11-12,primary_adjudicated,DEM;MDB;NOVO;PP;PSL,DEM;MDB;NOVO;PP;PSL,DEM;MDB;NOVO;PP;PSL,,,,established,,,
2020-01-23,bolsonaro,bolsonaro-2019-01-01,bolsonaro-2019-11-12,primary_adjudicated,DEM;MDB;NOVO;PP;PSL,DEM;MDB;NOVO;PP;PSL,DEM;MDB;NOVO;PP;PSL,,,,established,,,
2020-01-24,bolsonaro,bolsonaro-2019-01-01,bolsonaro-2019-11-12,primary_adjudicated,DEM;MDB;NOVO;PP;PSL,DEM;MDB;NOVO;PP;PSL,DEM;MDB;NOVO;PP;PSL,,,,established,,,
2020-01-25,bolsonaro,bolsonaro-2019-01-01,bolsonaro-2019-11-12,primary_adjudicated,DEM;MDB;NOVO;PP;PSL,DEM;MDB;NOVO;PP;PSL,DEM;MDB;NOVO;PP;PSL,,,,established,,,
2020-01-26,bolsonaro,bolsonaro-2019-01-01,bolsonaro-2019-11-12,primary_adjudicated,DEM;MDB;NOVO;PP;PSL,DEM;MDB;NOVO;PP;PSL,DEM;MDB;NOVO;PP;PSL,,,,established,,,
2020-01-27,bolsonaro,bolsonaro-2019-01-01,bolsonaro-2019-11-12,primary_adjudicated,DEM;MDB;NOVO;PP;PSL,DEM;MDB;NOVO;PP;PSL,DEM;MDB;NOVO;PP;PSL,,,,established,,,
2020-01-28,bolsonaro,bolsonaro-2019-01-01,bolsonaro-2019-11-12,primary_adjudicated,DEM;MDB;NOVO;PP;PSL,DEM;MDB;NOVO;PP;PSL,DEM;MDB;NOVO;PP;PSL,,,,established,,,
2020-01-29,bolsonaro,bolsonaro-2019-01-01,bolsonaro-2019-11-12,primary_adjudicated,DEM;MDB;NOVO;PP;PSL,DEM;MDB;NOVO;PP;PSL,DEM;MDB;NOVO;PP;PSL,,,,established,,,
2020-01-30,bolsonaro,bolsonaro-2019-01-01,bolsonaro-2019-11-12,primary_adjudicated,DEM;MDB;NOVO;PP;PSL,DEM;MDB;NOVO;PP;PSL,DEM;MDB;NOVO;PP;PSL,,,,established,,,
2020-01-31,bolsonaro,bolsonaro-2019-01-01,bolsonaro-2019-11-12,primary_adjudicated,DEM;MDB;NOVO;PP;PSL,DEM;MDB;NOVO;PP;PSL,DEM;MDB;NOVO;PP;PSL,,,,established,,,
2020-02-01,bolsonaro,bolsonaro-2019-01-01,bolsonaro-2019-11-12,primary_adjudicated,DEM;MDB;NOVO;PP;PSL,DEM;MDB;NOVO;PP;PSL,DEM;MDB;NOVO;PP;PSL,,,,established,,,
2020-02-02,bolsonaro,bolsonaro-2019-01-01,bolsonaro-2019-11-12,primary_adjudicated,DEM;MDB;NOVO;PP;PSL,DEM;MDB;NOVO;PP;PSL,DEM;MDB;NOVO;PP;PSL,,,,established,,,
2020-02-03,bolsonaro,bolsonaro-2019-01-01,bolsonaro-2019-11-12,primary_adjudicated,DEM;MDB;NOVO;PP;PSL,DEM;MDB;NOVO;PP;PSL,DEM;MDB;NOVO;PP;PSL,,,,established,,,
2020-02-04,bolsonaro,bolsonaro-2019-01-01,bolsonaro-2019-11-12,primary_adjudicated,DEM;MDB;NOVO;PP;PSL,DEM;MDB;NOVO;PP;PSL,DEM;MDB;NOVO;PP;PSL,,,,established,,,
2020-02-05,bolsonaro,bolsonaro-2019-01-01,bolsonaro-2019-11-12,primary_adjudicated,DEM;MDB;NOVO;PP;PSL,DEM;MDB;NOVO;PP;PSL,DEM;MDB;NOVO;PP;PSL,,,,established,,,
2020-02-06,bolsonaro,bolsonaro-2019-01-01,bolsonaro-2019-11-12,primary_adjudicated,DEM;MDB;NOVO;PP;PSL,DEM;MDB;NOVO;PP;PSL,DEM;MDB;NOVO;PP;PSL,,,,established,,,
2020-02-07,bolsonaro,bolsonaro-2019-01-01,bolsonaro-2019-11-12,primary_adjudicated,DEM;MDB;NOVO;PP;PSL,DEM;MDB;NOVO;PP;PSL,DEM;MDB;NOVO;PP;PSL,,,,established,,,
2020-02-08,bolsonaro,bolsonaro-2019-01-01,bolsonaro-2019-11-12,primary_adjudicated,DEM;MDB;NOVO;PP;PSL,DEM;MDB;NOVO;PP;PSL,DEM;MDB;NOVO;PP;PSL,,,,established,,,
2020-02-09,bolsonaro,bolsonaro-2019-01-01,bolsonaro-2019-11-12,primary_adjudicated,DEM;MDB;NOVO;PP;PSL,DEM;MDB;NOVO;PP;PSL,DEM;MDB;NOVO;PP;PSL,,,,established,,,
2020-02-10,bolsonaro,bolsonaro-2019-01-01,bolsonaro-2019-11-12,primary_adjudicated,DEM;MDB;NOVO;PP;PSL,DEM;MDB;NOVO;PP;PSL,DEM;MDB;NOVO;PP;PSL,,,,established,,,
2020-02-11,bolsonaro,bolsonaro-2020-02-11,bolsonaro-2020-02-11,primary_adjudicated,DEM;MDB;NOVO;PP;PSDB;PSL,DEM;MDB;NOVO;PP;PSDB;PSL,DEM;MDB;NOVO;PP;PSDB;PSL,,,,established,,,
2020-02-12,bolsonaro,bolsonaro-2020-02-11,bolsonaro-2020-02-11,primary_adjudicated,DEM;MDB;NOVO;PP;PSDB;PSL,DEM;MDB;NOVO;PP;PSDB;PSL,DEM;MDB;NOVO;PP;PSDB;PSL,,,,established,,,
2020-02-13,bolsonaro,bolsonaro-2020-02-11,bolsonaro-2020-02-11,primary_adjudicated,DEM;MDB;NOVO;PP;PSDB;PSL,DEM;MDB;NOVO;PP;PSDB;PSL,DEM;MDB;NOVO;PP;PSDB;PSL,,,,established,,,
2020-02-14,bolsonaro,bolsonaro-2020-02-11,bolsonaro-2020-02-14,primary_provisional,DEM;MDB;NOVO;PP;PSDB;PSL,DEM;MDB;NOVO;PP;PSDB;PSL,DEM;MDB;NOVO;PP;PSDB;PSL,,person-marcos-paulo-cardoso-coelho-da-silva,,unidentified,person-marcos-paulo-cardoso-coelho-da-silva,V5A005,
2020-02-15,bolsonaro,bolsonaro-2020-02-11,bolsonaro-2020-02-14,primary_provisional,DEM;MDB;NOVO;PP;PSDB;PSL,DEM;MDB;NOVO;PP;PSDB;PSL,DEM;MDB;NOVO;PP;PSDB;PSL,,person-marcos-paulo-cardoso-coelho-da-silva,,unidentified,person-marcos-paulo-cardoso-coelho-da-silva,V5A005,
2020-02-16,bolsonaro,bolsonaro-2020-02-11,bolsonaro-2020-02-14,primary_provisional,DEM;MDB;NOVO;PP;PSDB;PSL,DEM;MDB;NOVO;PP;PSDB;PSL,DEM;MDB;NOVO;PP;PSDB;PSL,,person-marcos-paulo-cardoso-coelho-da-silva,,unidentified,person-marcos-paulo-cardoso-coelho-da-silva,V5A005,
2020-02-17,bolsonaro,bolsonaro-2020-02-11,bolsonaro-2020-02-14,primary_provisional,DEM;MDB;NOVO;PP;PSDB;PSL,DEM;MDB;NOVO;PP;PSDB;PSL,DEM;MDB;NOVO;PP;PSDB;PSL,,person-marcos-paulo-cardoso-coelho-da-silva,,unidentified,person-marcos-paulo-cardoso-coelho-da-silva,V5A005,
2020-02-18,bolsonaro,bolsonaro-2020-02-18,bolsonaro-2020-02-18,primary_adjudicated,DEM;NOVO;PP;PSDB;PSL,DEM;NOVO;PP;PSDB;PSL,DEM;NOVO;PP;PSDB;PSL,,,,established,,,
2020-02-19,bolsonaro,bolsonaro-2020-02-18,bolsonaro-2020-02-18,primary_adjudicated,DEM;NOVO;PP;PSDB;PSL,DEM;NOVO;PP;PSDB;PSL,DEM;NOVO;PP;PSDB;PSL,,,,established,,,
2020-02-20,bolsonaro,bolsonaro-2020-02-18,bolsonaro-2020-02-18,primary_adjudicated,DEM;NOVO;PP;PSDB;PSL,DEM;NOVO;PP;PSDB;PSL,DEM;NOVO;PP;PSDB;PSL,,,,established,,,
2020-02-21,bolsonaro,bolsonaro-2020-02-18,bolsonaro-2020-02-18,primary_adjudicated,DEM;NOVO;PP;PSDB;PSL,DEM;NOVO;PP;PSDB;PSL,DEM;NOVO;PP;PSDB;PSL,,,,established,,,
2020-02-22,bolsonaro,bolsonaro-2020-02-18,bolsonaro-2020-02-18,primary_adjudicated,DEM;NOVO;PP;PSDB;PSL,DEM;NOVO;PP;PSDB;PSL,DEM;NOVO;PP;PSDB;PSL,,,,established,,,
2020-02-23,bolsonaro,bolsonaro-2020-02-18,bolsonaro-2020-02-18,primary_adjudicated,DEM;NOVO;PP;PSDB;PSL,DEM;NOVO;PP;PSDB;PSL,DEM;NOVO;PP;PSDB;PSL,,,,established,,,
2020-02-24,bolsonaro,bolsonaro-2020-02-18,bolsonaro-2020-02-18,primary_adjudicated,DEM;NOVO;PP;PSDB;PSL,DEM;NOVO;PP;PSDB;PSL,DEM;NOVO;PP;PSDB;PSL,,,,established,,,
2020-02-25,bolsonaro,bolsonaro-2020-02-18,bolsonaro-2020-02-18,primary_adjudicated,DEM;NOVO;PP;PSDB;PSL,DEM;NOVO;PP;PSDB;PSL,DEM;NOVO;PP;PSDB;PSL,,,,established,,,
2020-02-26,bolsonaro,bolsonaro-2020-02-18,bolsonaro-2020-02-18,primary_adjudicated,DEM;NOVO;PP;PSDB;PSL,DEM;NOVO;PP;PSDB;PSL,DEM;NOVO;PP;PSDB;PSL,,,,established,,,
2020-02-27,bolsonaro,bolsonaro-2020-02-18,bolsonaro-2020-02-18,primary_adjudicated,DEM;NOVO;PP;PSDB;PSL,DEM;NOVO;PP;PSDB;PSL,DEM;NOVO;PP;PSDB;PSL,,,,established,,,
2020-02-28,bolsonaro,bolsonaro-2020-02-18,bolsonaro-2020-02-18,primary_adjudicated,DEM;NOVO;PP;PSDB;PSL,DEM;NOVO;PP;PSDB;PSL,DEM;NOVO;PP;PSDB;PSL,,,,established,,,
2020-02-29,bolsonaro,bolsonaro-2020-02-18,bolsonaro-2020-02-18,primary_adjudicated,DEM;NOVO;PP;PSDB;PSL,DEM;NOVO;PP;PSDB;PSL,DEM;NOVO;PP;PSDB;PSL,,,,established,,,
2020-03-01,bolsonaro,bolsonaro-2020-02-18,bolsonaro-2020-02-18,primary_adjudicated,DEM;NOVO;PP;PSDB;PSL,DEM;NOVO;PP;PSDB;PSL,DEM;NOVO;PP;PSDB;PSL,,,,established,,,
2020-03-02,bolsonaro,bolsonaro-2020-02-18,bolsonaro-2020-02-18,primary_adjudicated,DEM;NOVO;PP;PSDB;PSL,DEM;NOVO;PP;PSDB;PSL,DEM;NOVO;PP;PSDB;PSL,,,,established,,,
2020-03-03,bolsonaro,bolsonaro-2020-02-18,bolsonaro-2020-02-18,primary_adjudicated,DEM;NOVO;PP;PSDB;PSL,DEM;NOVO;PP;PSDB;PSL,DEM;NOVO;PP;PSDB;PSL,,,,established,,,
2020-03-04,bolsonaro,bolsonaro-2020-02-18,bolsonaro-2020-02-18,primary_adjudicated,DEM;NOVO;PP;PSDB;PSL,DEM;NOVO;PP;PSDB;PSL,DEM;NOVO;PP;PSDB;PSL,,,,established,,,
2020-03-05,bolsonaro,bolsonaro-2020-02-18,bolsonaro-2020-02-18,primary_adjudicated,DEM;NOVO;PP;PSDB;PSL,DEM;NOVO;PP;PSDB;PSL,DEM;NOVO;PP;PSDB;PSL,,,,established,,,
2020-03-06,bolsonaro,bolsonaro-2020-02-18,bolsonaro-2020-02-18,primary_adjudicated,DEM;NOVO;PP;PSDB;PSL,DEM;NOVO;PP;PSDB;PSL,DEM;NOVO;PP;PSDB;PSL,,,,established,,,
2020-03-07,bolsonaro,bolsonaro-2020-02-18,bolsonaro-2020-02-18,primary_adjudicated,DEM;NOVO;PP;PSDB;PSL,DEM;NOVO;PP;PSDB;PSL,DEM;NOVO;PP;PSDB;PSL,,,,established,,,
2020-03-08,bolsonaro,bolsonaro-2020-02-18,bolsonaro-2020-02-18,primary_adjudicated,DEM;NOVO;PP;PSDB;PSL,DEM;NOVO;PP;PSDB;PSL,DEM;NOVO;PP;PSDB;PSL,,,,established,,,
2020-03-09,bolsonaro,bolsonaro-2020-02-18,bolsonaro-2020-02-18,primary_adjudicated,DEM;NOVO;PP;PSDB;PSL,DEM;NOVO;PP;PSDB;PSL,DEM;NOVO;PP;PSDB;PSL,,,,established,,,
2020-03-10,bolsonaro,bolsonaro-2020-02-18,bolsonaro-2020-02-18,primary_adjudicated,DEM;NOVO;PP;PSDB;PSL,DEM;NOVO;PP;PSDB;PSL,DEM;NOVO;PP;PSDB;PSL,,,,established,,,
2020-03-11,bolsonaro,bolsonaro-2020-02-18,bolsonaro-2020-02-18,primary_adjudicated,DEM;NOVO;PP;PSDB;PSL,DEM;NOVO;PP;PSDB;PSL,DEM;NOVO;PP;PSDB;PSL,,,,established,,,
2020-03-12,bolsonaro,bolsonaro-2020-02-18,bolsonaro-2020-02-18,primary_adjudicated,DEM;NOVO;PP;PSDB;PSL,DEM;NOVO;PP;PSDB;PSL,DEM;NOVO;PP;PSDB;PSL,,,,established,,,
2020-03-13,bolsonaro,bolsonaro-2020-02-18,bolsonaro-2020-02-18,primary_adjudicated,DEM;NOVO;PP;PSDB;PSL,DEM;NOVO;PP;PSDB;PSL,DEM;NOVO;PP;PSDB;PSL,,,,established,,,
2020-03-14,bolsonaro,bolsonaro-2020-02-18,bolsonaro-2020-02-18,primary_adjudicated,DEM;NOVO;PP;PSDB;PSL,DEM;NOVO;PP;PSDB;PSL,DEM;NOVO;PP;PSDB;PSL,,,,established,,,
2020-03-15,bolsonaro,bolsonaro-2020-02-18,bolsonaro-2020-02-18,primary_adjudicated,DEM;NOVO;PP;PSDB;PSL,DEM;NOVO;PP;PSDB;PSL,DEM;NOVO;PP;PSDB;PSL,,,,established,,,
2020-03-16,bolsonaro,bolsonaro-2020-02-18,bolsonaro-2020-02-18,primary_adjudicated,DEM;NOVO;PP;PSDB;PSL,DEM;NOVO;PP;PSDB;PSL,DEM;NOVO;PP;PSDB;PSL,,,,established,,,
2020-03-17,bolsonaro,bolsonaro-2020-02-18,bolsonaro-2020-02-18,primary_adjudicated,DEM;NOVO;PP;PSDB;PSL,DEM;NOVO;PP;PSDB;PSL,DEM;NOVO;PP;PSDB;PSL,,,,established,,,
2020-03-18,bolsonaro,bolsonaro-2020-02-18,bolsonaro-2020-02-18,primary_adjudicated,DEM;NOVO;PP;PSDB;PSL,DEM;NOVO;PP;PSDB;PSL,DEM;NOVO;PP;PSDB;PSL,,,,established,,,
2020-03-19,bolsonaro,bolsonaro-2020-02-18,bolsonaro-2020-02-18,primary_adjudicated,DEM;NOVO;PP;PSDB;PSL,DEM;NOVO;PP;PSDB;PSL,DEM;NOVO;PP;PSDB;PSL,,,,established,,,
2020-03-20,bolsonaro,bolsonaro-2020-02-18,bolsonaro-2020-02-18,primary_adjudicated,DEM;NOVO;PP;PSDB;PSL,DEM;NOVO;PP;PSDB;PSL,DEM;NOVO;PP;PSDB;PSL,,,,established,,,
2020-03-21,bolsonaro,bolsonaro-2020-02-18,bolsonaro-2020-02-18,primary_adjudicated,DEM;NOVO;PP;PSDB;PSL,DEM;NOVO;PP;PSDB;PSL,DEM;NOVO;PP;PSDB;PSL,,,,established,,,
2020-03-22,bolsonaro,bolsonaro-2020-02-18,bolsonaro-2020-02-18,primary_adjudicated,DEM;NOVO;PP;PSDB;PSL,DEM;NOVO;PP;PSDB;PSL,DEM;NOVO;PP;PSDB;PSL,,,,established,,,
2020-03-23,bolsonaro,bolsonaro-2020-02-18,bolsonaro-2020-02-18,primary_adjudicated,DEM;NOVO;PP;PSDB;PSL,DEM;NOVO;PP;PSDB;PSL,DEM;NOVO;PP;PSDB;PSL,,,,established,,,
2020-03-24,bolsonaro,bolsonaro-2020-02-18,bolsonaro-2020-02-18,primary_adjudicated,DEM;NOVO;PP;PSDB;PSL,DEM;NOVO;PP;PSDB;PSL,DEM;NOVO;PP;PSDB;PSL,,,,established,,,
2020-03-25,bolsonaro,bolsonaro-2020-02-18,bolsonaro-2020-02-18,primary_adjudicated,DEM;NOVO;PP;PSDB;PSL,DEM;NOVO;PP;PSDB;PSL,DEM;NOVO;PP;PSDB;PSL,,,,established,,,
2020-03-26,bolsonaro,bolsonaro-2020-02-18,bolsonaro-2020-02-18,primary_adjudicated,DEM;NOVO;PP;PSDB;PSL,DEM;NOVO;PP;PSDB;PSL,DEM;NOVO;PP;PSDB;PSL,,,,established,,,
2020-03-27,bolsonaro,bolsonaro-2020-02-18,bolsonaro-2020-02-18,primary_adjudicated,DEM;NOVO;PP;PSDB;PSL,DEM;NOVO;PP;PSDB;PSL,DEM;NOVO;PP;PSDB;PSL,,,,established,,,
2020-03-28,bolsonaro,bolsonaro-2020-02-18,bolsonaro-2020-02-18,primary_adjudicated,DEM;NOVO;PP;PSDB;PSL,DEM;NOVO;PP;PSDB;PSL,DEM;NOVO;PP;PSDB;PSL,,,,established,,,
2020-03-29,bolsonaro,bolsonaro-2020-02-18,bolsonaro-2020-02-18,primary_adjudicated,DEM;NOVO;PP;PSDB;PSL,DEM;NOVO;PP;PSDB;PSL,DEM;NOVO;PP;PSDB;PSL,,,,established,,,
2020-03-30,bolsonaro,bolsonaro-2020-02-18,bolsonaro-2020-02-18,primary_adjudicated,DEM;NOVO;PP;PSDB;PSL,DEM;NOVO;PP;PSDB;PSL,DEM;NOVO;PP;PSDB;PSL,,,,established,,,
2020-03-31,bolsonaro,bolsonaro-2020-02-18,bolsonaro-2020-02-18,primary_adjudicated,DEM;NOVO;PP;PSDB;PSL,DEM;NOVO;PP;PSDB;PSL,DEM;NOVO;PP;PSDB;PSL,,,,established,,,
2020-04-01,bolsonaro,bolsonaro-2020-02-18,bolsonaro-2020-02-18,primary_adjudicated,DEM;NOVO;PP;PSDB;PSL,DEM;NOVO;PP;PSDB;PSL,DEM;NOVO;PP;PSDB;PSL,,,,established,,,
2020-04-02,bolsonaro,bolsonaro-2020-02-18,bolsonaro-2020-02-18,primary_adjudicated,DEM;NOVO;PP;PSDB;PSL,DEM;NOVO;PP;PSDB;PSL,DEM;NOVO;PP;PSDB;PSL,,,,established,,,
2020-04-03,bolsonaro,bolsonaro-2020-02-18,bolsonaro-2020-02-18,primary_adjudicated,DEM;NOVO;PP;PSDB;PSL,DEM;NOVO;PP;PSDB;PSL,DEM;NOVO;PP;PSDB;PSL,,,,established,,,
2020-04-04,bolsonaro,bolsonaro-2020-02-18,bolsonaro-2020-02-18,primary_adjudicated,DEM;NOVO;PP;PSDB;PSL,DEM;NOVO;PP;PSDB;PSL,DEM;NOVO;PP;PSDB;PSL,,,,established,,,
2020-04-05,bolsonaro,bolsonaro-2020-02-18,bolsonaro-2020-02-18,primary_adjudicated,DEM;NOVO;PP;PSDB;PSL,DEM;NOVO;PP;PSDB;PSL,DEM;NOVO;PP;PSDB;PSL,,,,established,,,
2020-04-06,bolsonaro,bolsonaro-2020-02-18,bolsonaro-2020-02-18,primary_adjudicated,DEM;NOVO;PP;PSDB;PSL,DEM;NOVO;PP;PSDB;PSL,DEM;NOVO;PP;PSDB;PSL,,,,established,,,
2020-04-07,bolsonaro,bolsonaro-2020-02-18,bolsonaro-2020-02-18,primary_adjudicated,DEM;NOVO;PP;PSDB;PSL,DEM;NOVO;PP;PSDB;PSL,DEM;NOVO;PP;PSDB;PSL,,,,established,,,
2020-04-08,bolsonaro,bolsonaro-2020-02-18,bolsonaro-2020-02-18,primary_adjudicated,DEM;NOVO;PP;PSDB;PSL,DEM;NOVO;PP;PSDB;PSL,DEM;NOVO;PP;PSDB;PSL,,,,established,,,
2020-04-09,bolsonaro,bolsonaro-2020-02-18,bolsonaro-2020-02-18,primary_adjudicated,DEM;NOVO;PP;PSDB;PSL,DEM;NOVO;PP;PSDB;PSL,DEM;NOVO;PP;PSDB;PSL,,,,established,,,
2020-04-10,bolsonaro,bolsonaro-2020-02-18,bolsonaro-2020-02-18,primary_adjudicated,DEM;NOVO;PP;PSDB;PSL,DEM;NOVO;PP;PSDB;PSL,DEM;NOVO;PP;PSDB;PSL,,,,established,,,
2020-04-11,bolsonaro,bolsonaro-2020-02-18,bolsonaro-2020-02-18,primary_adjudicated,DEM;NOVO;PP;PSDB;PSL,DEM;NOVO;PP;PSDB;PSL,DEM;NOVO;PP;PSDB;PSL,,,,established,,,
2020-04-12,bolsonaro,bolsonaro-2020-02-18,bolsonaro-2020-02-18,primary_adjudicated,DEM;NOVO;PP;PSDB;PSL,DEM;NOVO;PP;PSDB;PSL,DEM;NOVO;PP;PSDB;PSL,,,,established,,,
2020-04-13,bolsonaro,bolsonaro-2020-02-18,bolsonaro-2020-02-18,primary_adjudicated,DEM;NOVO;PP;PSDB;PSL,DEM;NOVO;PP;PSDB;PSL,DEM;NOVO;PP;PSDB;PSL,,,,established,,,
2020-04-14,bolsonaro,bolsonaro-2020-02-18,bolsonaro-2020-02-18,primary_adjudicated,DEM;NOVO;PP;PSDB;PSL,DEM;NOVO;PP;PSDB;PSL,DEM;NOVO;PP;PSDB;PSL,,,,established,,,
2020-04-15,bolsonaro,bolsonaro-2020-02-18,bolsonaro-2020-02-18,primary_adjudicated,DEM;NOVO;PP;PSDB;PSL,DEM;NOVO;PP;PSDB;PSL,DEM;NOVO;PP;PSDB;PSL,,,,established,,,
2020-04-16,bolsonaro,bolsonaro-2020-04-16,bolsonaro-2020-04-16,primary_adjudicated,DEM;MDB;NOVO;PP;PSDB;PSL,DEM;MDB;NOVO;PP;PSDB;PSL,DEM;MDB;NOVO;PP;PSDB;PSL,,,,established,,,
2020-04-17,bolsonaro,bolsonaro-2020-04-17,bolsonaro-2020-04-17,primary_adjudicated,DEM;NOVO;PP;PSDB;PSL,DEM;NOVO;PP;PSDB;PSL,DEM;NOVO;PP;PSDB;PSL,,,,established,,,
2020-04-18,bolsonaro,bolsonaro-2020-04-17,bolsonaro-2020-04-17,primary_adjudicated,DEM;NOVO;PP;PSDB;PSL,DEM;NOVO;PP;PSDB;PSL,DEM;NOVO;PP;PSDB;PSL,,,,established,,,
2020-04-19,bolsonaro,bolsonaro-2020-04-17,bolsonaro-2020-04-17,primary_adjudicated,DEM;NOVO;PP;PSDB;PSL,DEM;NOVO;PP;PSDB;PSL,DEM;NOVO;PP;PSDB;PSL,,,,established,,,
2020-04-20,bolsonaro,bolsonaro-2020-04-17,bolsonaro-2020-04-17,primary_adjudicated,DEM;NOVO;PP;PSDB;PSL,DEM;NOVO;PP;PSDB;PSL,DEM;NOVO;PP;PSDB;PSL,,,,established,,,
2020-04-21,bolsonaro,bolsonaro-2020-04-17,bolsonaro-2020-04-17,primary_adjudicated,DEM;NOVO;PP;PSDB;PSL,DEM;NOVO;PP;PSDB;PSL,DEM;NOVO;PP;PSDB;PSL,,,,established,,,
2020-04-22,bolsonaro,bolsonaro-2020-04-17,bolsonaro-2020-04-17,primary_adjudicated,DEM;NOVO;PP;PSDB;PSL,DEM;NOVO;PP;PSDB;PSL,DEM;NOVO;PP;PSDB;PSL,,,,established,,,
2020-04-23,bolsonaro,bolsonaro-2020-04-17,bolsonaro-2020-04-17,primary_adjudicated,DEM;NOVO;PP;PSDB;PSL,DEM;NOVO;PP;PSDB;PSL,DEM;NOVO;PP;PSDB;PSL,,,,established,,,
2020-04-24,bolsonaro,bolsonaro-2020-04-17,bolsonaro-2020-04-24,primary_provisional,DEM;NOVO;PP;PSDB;PSL,DEM;NOVO;PP;PSDB;PSL,DEM;NOVO;PP;PSDB;PSL,,person-luiz-pontel-de-souza,,unidentified,person-luiz-pontel-de-souza,V5A006,
2020-04-25,bolsonaro,bolsonaro-2020-04-17,bolsonaro-2020-04-24,primary_provisional,DEM;NOVO;PP;PSDB;PSL,DEM;NOVO;PP;PSDB;PSL,DEM;NOVO;PP;PSDB;PSL,,person-luiz-pontel-de-souza,,unidentified,person-luiz-pontel-de-souza,V5A006,
2020-04-26,bolsonaro,bolsonaro-2020-04-17,bolsonaro-2020-04-24,primary_provisional,DEM;NOVO;PP;PSDB;PSL,DEM;NOVO;PP;PSDB;PSL,DEM;NOVO;PP;PSDB;PSL,,person-luiz-pontel-de-souza,,unidentified,person-luiz-pontel-de-souza,V5A006,
2020-04-27,bolsonaro,bolsonaro-2020-04-17,bolsonaro-2020-04-24,primary_provisional,DEM;NOVO;PP;PSDB;PSL,DEM;NOVO;PP;PSDB;PSL,DEM;NOVO;PP;PSDB;PSL,,person-luiz-pontel-de-souza,,unidentified,person-luiz-pontel-de-souza,V5A006,
2020-04-28,bolsonaro,bolsonaro-2020-04-17,bolsonaro-2020-04-28,primary_provisional,DEM;NOVO;PP;PSDB;PSL,DEM;NOVO;PP;PSDB;PSL,DEM;NOVO;PP;PSDB;PSL,,person-luiz-pontel-de-souza;person-renato-de-lima-franca,,unidentified,person-luiz-pontel-de-souza;person-renato-de-lima-franca,V5A006;V5A007,
2020-04-29,bolsonaro,bolsonaro-2020-04-17,bolsonaro-2020-04-29,primary_adjudicated,DEM;NOVO;PP;PSDB;PSL,DEM;NOVO;PP;PSDB;PSL,DEM;NOVO;PP;PSDB;PSL,,,,established,,,
2020-04-30,bolsonaro,bolsonaro-2020-04-17,bolsonaro-2020-04-29,primary_adjudicated,DEM;NOVO;PP;PSDB;PSL,DEM;NOVO;PP;PSDB;PSL,DEM;NOVO;PP;PSDB;PSL,,,,established,,,
2020-05-01,bolsonaro,bolsonaro-2020-04-17,bolsonaro-2020-04-29,primary_adjudicated,DEM;NOVO;PP;PSDB;PSL,DEM;NOVO;PP;PSDB;PSL,DEM;NOVO;PP;PSDB;PSL,,,,established,,,
2020-05-02,bolsonaro,bolsonaro-2020-04-17,bolsonaro-2020-04-29,primary_adjudicated,DEM;NOVO;PP;PSDB;PSL,DEM;NOVO;PP;PSDB;PSL,DEM;NOVO;PP;PSDB;PSL,,,,established,,,
2020-05-03,bolsonaro,bolsonaro-2020-04-17,bolsonaro-2020-04-29,primary_adjudicated,DEM;NOVO;PP;PSDB;PSL,DEM;NOVO;PP;PSDB;PSL,DEM;NOVO;PP;PSDB;PSL,,,,established,,,
2020-05-04,bolsonaro,bolsonaro-2020-04-17,bolsonaro-2020-04-29,primary_adjudicated,DEM;NOVO;PP;PSDB;PSL,DEM;NOVO;PP;PSDB;PSL,DEM;NOVO;PP;PSDB;PSL,,,,established,,,
2020-05-05,bolsonaro,bolsonaro-2020-04-17,bolsonaro-2020-04-29,primary_adjudicated,DEM;NOVO;PP;PSDB;PSL,DEM;NOVO;PP;PSDB;PSL,DEM;NOVO;PP;PSDB;PSL,,,,established,,,
2020-05-06,bolsonaro,bolsonaro-2020-04-17,bolsonaro-2020-04-29,primary_adjudicated,DEM;NOVO;PP;PSDB;PSL,DEM;NOVO;PP;PSDB;PSL,DEM;NOVO;PP;PSDB;PSL,,,,established,,,
2020-05-07,bolsonaro,bolsonaro-2020-05-07,bolsonaro-2020-05-07,primary_adjudicated,DEM;PP;PSDB;PSL,DEM;PP;PSDB;PSL,DEM;PP;PSDB;PSL,,,,established,,,
2020-05-08,bolsonaro,bolsonaro-2020-05-07,bolsonaro-2020-05-07,primary_adjudicated,DEM;PP;PSDB;PSL,DEM;PP;PSDB;PSL,DEM;PP;PSDB;PSL,,,,established,,,
2020-05-09,bolsonaro,bolsonaro-2020-05-07,bolsonaro-2020-05-07,primary_adjudicated,DEM;PP;PSDB;PSL,DEM;PP;PSDB;PSL,DEM;PP;PSDB;PSL,,,,established,,,
2020-05-10,bolsonaro,bolsonaro-2020-05-07,bolsonaro-2020-05-07,primary_adjudicated,DEM;PP;PSDB;PSL,DEM;PP;PSDB;PSL,DEM;PP;PSDB;PSL,,,,established,,,
2020-05-11,bolsonaro,bolsonaro-2020-05-07,bolsonaro-2020-05-07,primary_adjudicated,DEM;PP;PSDB;PSL,DEM;PP;PSDB;PSL,DEM;PP;PSDB;PSL,,,,established,,,
2020-05-12,bolsonaro,bolsonaro-2020-05-07,bolsonaro-2020-05-07,primary_adjudicated,DEM;PP;PSDB;PSL,DEM;PP;PSDB;PSL,DEM;PP;PSDB;PSL,,,,established,,,
2020-05-13,bolsonaro,bolsonaro-2020-05-07,bolsonaro-2020-05-07,primary_adjudicated,DEM;PP;PSDB;PSL,DEM;PP;PSDB;PSL,DEM;PP;PSDB;PSL,,,,established,,,
2020-05-14,bolsonaro,bolsonaro-2020-05-07,bolsonaro-2020-05-07,primary_adjudicated,DEM;PP;PSDB;PSL,DEM;PP;PSDB;PSL,DEM;PP;PSDB;PSL,,,,established,,,
2020-05-15,bolsonaro,bolsonaro-2020-05-07,bolsonaro-2020-05-15,primary_adjudicated,DEM;PP;PSDB;PSL,DEM;PP;PSDB;PSL,DEM;PP;PSDB;PSL,,,,established,,,
2020-05-16,bolsonaro,bolsonaro-2020-05-07,bolsonaro-2020-05-15,primary_adjudicated,DEM;PP;PSDB;PSL,DEM;PP;PSDB;PSL,DEM;PP;PSDB;PSL,,,,established,,,
2020-05-17,bolsonaro,bolsonaro-2020-05-07,bolsonaro-2020-05-15,primary_adjudicated,DEM;PP;PSDB;PSL,DEM;PP;PSDB;PSL,DEM;PP;PSDB;PSL,,,,established,,,
2020-05-18,bolsonaro,bolsonaro-2020-05-07,bolsonaro-2020-05-15,primary_adjudicated,DEM;PP;PSDB;PSL,DEM;PP;PSDB;PSL,DEM;PP;PSDB;PSL,,,,established,,,
2020-05-19,bolsonaro,bolsonaro-2020-05-07,bolsonaro-2020-05-15,primary_adjudicated,DEM;PP;PSDB;PSL,DEM;PP;PSDB;PSL,DEM;PP;PSDB;PSL,,,,established,,,
2020-05-20,bolsonaro,bolsonaro-2020-05-07,bolsonaro-2020-05-15,primary_adjudicated,DEM;PP;PSDB;PSL,DEM;PP;PSDB;PSL,DEM;PP;PSDB;PSL,,,,established,,,
2020-05-21,bolsonaro,bolsonaro-2020-05-07,bolsonaro-2020-05-15,primary_adjudicated,DEM;PP;PSDB;PSL,DEM;PP;PSDB;PSL,DEM;PP;PSDB;PSL,,,,established,,,
2020-05-22,bolsonaro,bolsonaro-2020-05-07,bolsonaro-2020-05-15,primary_adjudicated,DEM;PP;PSDB;PSL,DEM;PP;PSDB;PSL,DEM;PP;PSDB;PSL,,,,established,,,
2020-05-23,bolsonaro,bolsonaro-2020-05-07,bolsonaro-2020-05-15,primary_adjudicated,DEM;PP;PSDB;PSL,DEM;PP;PSDB;PSL,DEM;PP;PSDB;PSL,,,,established,,,
2020-05-24,bolsonaro,bolsonaro-2020-05-07,bolsonaro-2020-05-15,primary_adjudicated,DEM;PP;PSDB;PSL,DEM;PP;PSDB;PSL,DEM;PP;PSDB;PSL,,,,established,,,
2020-05-25,bolsonaro,bolsonaro-2020-05-07,bolsonaro-2020-05-15,primary_adjudicated,DEM;PP;PSDB;PSL,DEM;PP;PSDB;PSL,DEM;PP;PSDB;PSL,,,,established,,,
2020-05-26,bolsonaro,bolsonaro-2020-05-07,bolsonaro-2020-05-15,primary_adjudicated,DEM;PP;PSDB;PSL,DEM;PP;PSDB;PSL,DEM;PP;PSDB;PSL,,,,established,,,
2020-05-27,bolsonaro,bolsonaro-2020-05-07,bolsonaro-2020-05-15,primary_adjudicated,DEM;PP;PSDB;PSL,DEM;PP;PSDB;PSL,DEM;PP;PSDB;PSL,,,,established,,,
2020-05-28,bolsonaro,bolsonaro-2020-05-07,bolsonaro-2020-05-15,primary_adjudicated,DEM;PP;PSDB;PSL,DEM;PP;PSDB;PSL,DEM;PP;PSDB;PSL,,,,established,,,
2020-05-29,bolsonaro,bolsonaro-2020-05-07,bolsonaro-2020-05-15,primary_adjudicated,DEM;PP;PSDB;PSL,DEM;PP;PSDB;PSL,DEM;PP;PSDB;PSL,,,,established,,,
2020-05-30,bolsonaro,bolsonaro-2020-05-07,bolsonaro-2020-05-15,primary_adjudicated,DEM;PP;PSDB;PSL,DEM;PP;PSDB;PSL,DEM;PP;PSDB;PSL,,,,established,,,
2020-05-31,bolsonaro,bolsonaro-2020-05-07,bolsonaro-2020-05-15,primary_adjudicated,DEM;PP;PSDB;PSL,DEM;PP;PSDB;PSL,DEM;PP;PSDB;PSL,,,,established,,,
2020-06-01,bolsonaro,bolsonaro-2020-05-07,bolsonaro-2020-05-15,primary_adjudicated,DEM;PP;PSDB;PSL,DEM;PP;PSDB;PSL,DEM;PP;PSDB;PSL,,,,established,,,
2020-06-02,bolsonaro,bolsonaro-2020-05-07,bolsonaro-2020-05-15,primary_adjudicated,DEM;PP;PSDB;PSL,DEM;PP;PSDB;PSL,DEM;PP;PSDB;PSL,,,,established,,,
2020-06-03,bolsonaro,bolsonaro-2020-05-07,bolsonaro-2020-05-15,primary_adjudicated,DEM;PP;PSDB;PSL,DEM;PP;PSDB;PSL,DEM;PP;PSDB;PSL,,,,established,,,
2020-06-04,bolsonaro,bolsonaro-2020-05-07,bolsonaro-2020-05-15,primary_adjudicated,DEM;PP;PSDB;PSL,DEM;PP;PSDB;PSL,DEM;PP;PSDB;PSL,,,,established,,,
2020-06-05,bolsonaro,bolsonaro-2020-05-07,bolsonaro-2020-05-15,primary_adjudicated,DEM;PP;PSDB;PSL,DEM;PP;PSDB;PSL,DEM;PP;PSDB;PSL,,,,established,,,
2020-06-06,bolsonaro,bolsonaro-2020-05-07,bolsonaro-2020-05-15,primary_adjudicated,DEM;PP;PSDB;PSL,DEM;PP;PSDB;PSL,DEM;PP;PSDB;PSL,,,,established,,,
2020-06-07,bolsonaro,bolsonaro-2020-05-07,bolsonaro-2020-05-15,primary_adjudicated,DEM;PP;PSDB;PSL,DEM;PP;PSDB;PSL,DEM;PP;PSDB;PSL,,,,established,,,
2020-06-08,bolsonaro,bolsonaro-2020-05-07,bolsonaro-2020-05-15,primary_adjudicated,DEM;PP;PSDB;PSL,DEM;PP;PSDB;PSL,DEM;PP;PSDB;PSL,,,,established,,,
2020-06-09,bolsonaro,bolsonaro-2020-05-07,bolsonaro-2020-05-15,primary_adjudicated,DEM;PP;PSDB;PSL,DEM;PP;PSDB;PSL,DEM;PP;PSDB;PSL,,,,established,,,
2020-06-10,bolsonaro,bolsonaro-2020-05-07,bolsonaro-2020-06-10,primary_adjudicated,DEM;PP;PSDB;PSL,DEM;PP;PSDB;PSL,DEM;PP;PSDB;PSL,,,,established,,,
2020-06-11,bolsonaro,bolsonaro-2020-05-07,bolsonaro-2020-06-10,primary_adjudicated,DEM;PP;PSDB;PSL,DEM;PP;PSDB;PSL,DEM;PP;PSDB;PSL,,,,established,,,
2020-06-12,bolsonaro,bolsonaro-2020-05-07,bolsonaro-2020-06-10,primary_adjudicated,DEM;PP;PSDB;PSL,DEM;PP;PSDB;PSL,DEM;PP;PSDB;PSL,,,,established,,,
2020-06-13,bolsonaro,bolsonaro-2020-05-07,bolsonaro-2020-06-10,primary_adjudicated,DEM;PP;PSDB;PSL,DEM;PP;PSDB;PSL,DEM;PP;PSDB;PSL,,,,established,,,
2020-06-14,bolsonaro,bolsonaro-2020-05-07,bolsonaro-2020-06-10,primary_adjudicated,DEM;PP;PSDB;PSL,DEM;PP;PSDB;PSL,DEM;PP;PSDB;PSL,,,,established,,,
2020-06-15,bolsonaro,bolsonaro-2020-05-07,bolsonaro-2020-06-10,primary_adjudicated,DEM;PP;PSDB;PSL,DEM;PP;PSDB;PSL,DEM;PP;PSDB;PSL,,,,established,,,
2020-06-16,bolsonaro,bolsonaro-2020-05-07,bolsonaro-2020-06-16,primary_adjudicated,DEM;PP;PSDB;PSL,DEM;PP;PSDB;PSL,DEM;PP;PSDB;PSL,,,,established,,,
2020-06-17,bolsonaro,bolsonaro-2020-06-17,bolsonaro-2020-06-17,primary_adjudicated,DEM;PP;PSD;PSDB;PSL,DEM;PP;PSD;PSDB;PSL,DEM;PP;PSD;PSDB;PSL,,,,established,,,
2020-06-18,bolsonaro,bolsonaro-2020-06-18,bolsonaro-2020-06-18,primary_adjudicated,DEM;PP;PSD;PSL,DEM;PP;PSD;PSL,DEM;PP;PSD;PSL,,,,established,,,
2020-06-19,bolsonaro,bolsonaro-2020-06-18,bolsonaro-2020-06-18,primary_adjudicated,DEM;PP;PSD;PSL,DEM;PP;PSD;PSL,DEM;PP;PSD;PSL,,,,established,,,
2020-06-20,bolsonaro,bolsonaro-2020-06-18,bolsonaro-2020-06-20,primary_adjudicated,DEM;PP;PSD;PSL,DEM;PP;PSD;PSL,DEM;PP;PSD;PSL,,,,established,,,
2020-06-21,bolsonaro,bolsonaro-2020-06-18,bolsonaro-2020-06-20,primary_adjudicated,DEM;PP;PSD;PSL,DEM;PP;PSD;PSL,DEM;PP;PSD;PSL,,,,established,,,
2020-06-22,bolsonaro,bolsonaro-2020-06-18,bolsonaro-2020-06-20,primary_adjudicated,DEM;PP;PSD;PSL,DEM;PP;PSD;PSL,DEM;PP;PSD;PSL,,,,established,,,
2020-06-23,bolsonaro,bolsonaro-2020-06-18,bolsonaro-2020-06-20,primary_adjudicated,DEM;PP;PSD;PSL,DEM;PP;PSD;PSL,DEM;PP;PSD;PSL,,,,established,,,
2020-06-24,bolsonaro,bolsonaro-2020-06-18,bolsonaro-2020-06-20,primary_adjudicated,DEM;PP;PSD;PSL,DEM;PP;PSD;PSL,DEM;PP;PSD;PSL,,,,established,,,
2020-06-25,bolsonaro,bolsonaro-2020-06-18,bolsonaro-2020-06-25,primary_adjudicated,DEM;PP;PSD;PSL,DEM;PP;PSD;PSL,DEM;PP;PSD;PSL,,,,established,,,
2020-06-26,bolsonaro,bolsonaro-2020-06-18,bolsonaro-2020-06-25,primary_adjudicated,DEM;PP;PSD;PSL,DEM;PP;PSD;PSL,DEM;PP;PSD;PSL,,,,established,,,
2020-06-27,bolsonaro,bolsonaro-2020-06-18,bolsonaro-2020-06-25,primary_adjudicated,DEM;PP;PSD;PSL,DEM;PP;PSD;PSL,DEM;PP;PSD;PSL,,,,established,,,
2020-06-28,bolsonaro,bolsonaro-2020-06-18,bolsonaro-2020-06-25,primary_adjudicated,DEM;PP;PSD;PSL,DEM;PP;PSD;PSL,DEM;PP;PSD;PSL,,,,established,,,
2020-06-29,bolsonaro,bolsonaro-2020-06-18,bolsonaro-2020-06-25,primary_adjudicated,DEM;PP;PSD;PSL,DEM;PP;PSD;PSL,DEM;PP;PSD;PSL,,,,established,,,
2020-06-30,bolsonaro,bolsonaro-2020-06-18,bolsonaro-2020-06-30,primary_adjudicated,DEM;PP;PSD;PSL,DEM;PP;PSD;PSL,DEM;PP;PSD;PSL,,,,established,,,
2020-07-01,bolsonaro,bolsonaro-2020-06-18,bolsonaro-2020-06-30,primary_adjudicated,DEM;PP;PSD;PSL,DEM;PP;PSD;PSL,DEM;PP;PSD;PSL,,,,established,,,
2020-07-02,bolsonaro,bolsonaro-2020-06-18,bolsonaro-2020-06-30,primary_adjudicated,DEM;PP;PSD;PSL,DEM;PP;PSD;PSL,DEM;PP;PSD;PSL,,,,established,,,
2020-07-03,bolsonaro,bolsonaro-2020-06-18,bolsonaro-2020-06-30,primary_adjudicated,DEM;PP;PSD;PSL,DEM;PP;PSD;PSL,DEM;PP;PSD;PSL,,,,established,,,
2020-07-04,bolsonaro,bolsonaro-2020-06-18,bolsonaro-2020-06-30,primary_adjudicated,DEM;PP;PSD;PSL,DEM;PP;PSD;PSL,DEM;PP;PSD;PSL,,,,established,,,
2020-07-05,bolsonaro,bolsonaro-2020-06-18,bolsonaro-2020-06-30,primary_adjudicated,DEM;PP;PSD;PSL,DEM;PP;PSD;PSL,DEM;PP;PSD;PSL,,,,established,,,
2020-07-06,bolsonaro,bolsonaro-2020-06-18,bolsonaro-2020-06-30,primary_adjudicated,DEM;PP;PSD;PSL,DEM;PP;PSD;PSL,DEM;PP;PSD;PSL,,,,established,,,
2020-07-07,bolsonaro,bolsonaro-2020-06-18,bolsonaro-2020-06-30,primary_adjudicated,DEM;PP;PSD;PSL,DEM;PP;PSD;PSL,DEM;PP;PSD;PSL,,,,established,,,
2020-07-08,bolsonaro,bolsonaro-2020-06-18,bolsonaro-2020-06-30,primary_adjudicated,DEM;PP;PSD;PSL,DEM;PP;PSD;PSL,DEM;PP;PSD;PSL,,,,established,,,
2020-07-09,bolsonaro,bolsonaro-2020-06-18,bolsonaro-2020-06-30,primary_adjudicated,DEM;PP;PSD;PSL,DEM;PP;PSD;PSL,DEM;PP;PSD;PSL,,,,established,,,
2020-07-10,bolsonaro,bolsonaro-2020-06-18,bolsonaro-2020-06-30,primary_adjudicated,DEM;PP;PSD;PSL,DEM;PP;PSD;PSL,DEM;PP;PSD;PSL,,,,established,,,
2020-07-11,bolsonaro,bolsonaro-2020-06-18,bolsonaro-2020-06-30,primary_adjudicated,DEM;PP;PSD;PSL,DEM;PP;PSD;PSL,DEM;PP;PSD;PSL,,,,established,,,
2020-07-12,bolsonaro,bolsonaro-2020-06-18,bolsonaro-2020-06-30,primary_adjudicated,DEM;PP;PSD;PSL,DEM;PP;PSD;PSL,DEM;PP;PSD;PSL,,,,established,,,
2020-07-13,bolsonaro,bolsonaro-2020-06-18,bolsonaro-2020-06-30,primary_adjudicated,DEM;PP;PSD;PSL,DEM;PP;PSD;PSL,DEM;PP;PSD;PSL,,,,established,,,
2020-07-14,bolsonaro,bolsonaro-2020-06-18,bolsonaro-2020-06-30,primary_adjudicated,DEM;PP;PSD;PSL,DEM;PP;PSD;PSL,DEM;PP;PSD;PSL,,,,established,,,
2020-07-15,bolsonaro,bolsonaro-2020-06-18,bolsonaro-2020-06-30,primary_adjudicated,DEM;PP;PSD;PSL,DEM;PP;PSD;PSL,DEM;PP;PSD;PSL,,,,established,,,
2020-07-16,bolsonaro,bolsonaro-2020-06-18,bolsonaro-2020-07-16,primary_adjudicated,DEM;PP;PSD;PSL,DEM;PP;PSD;PSL,DEM;PP;PSD;PSL,,,,established,,,
2020-07-17,bolsonaro,bolsonaro-2020-06-18,bolsonaro-2020-07-16,primary_adjudicated,DEM;PP;PSD;PSL,DEM;PP;PSD;PSL,DEM;PP;PSD;PSL,,,,established,,,
2020-07-18,bolsonaro,bolsonaro-2020-06-18,bolsonaro-2020-07-16,primary_adjudicated,DEM;PP;PSD;PSL,DEM;PP;PSD;PSL,DEM;PP;PSD;PSL,,,,established,,,
2020-07-19,bolsonaro,bolsonaro-2020-06-18,bolsonaro-2020-07-16,primary_adjudicated,DEM;PP;PSD;PSL,DEM;PP;PSD;PSL,DEM;PP;PSD;PSL,,,,established,,,
2020-07-20,bolsonaro,bolsonaro-2020-06-18,bolsonaro-2020-07-16,primary_adjudicated,DEM;PP;PSD;PSL,DEM;PP;PSD;PSL,DEM;PP;PSD;PSL,,,,established,,,
2020-07-21,bolsonaro,bolsonaro-2020-06-18,bolsonaro-2020-07-16,primary_adjudicated,DEM;PP;PSD;PSL,DEM;PP;PSD;PSL,DEM;PP;PSD;PSL,,,,established,,,
2020-07-22,bolsonaro,bolsonaro-2020-06-18,bolsonaro-2020-07-16,primary_adjudicated,DEM;PP;PSD;PSL,DEM;PP;PSD;PSL,DEM;PP;PSD;PSL,,,,established,,,
2020-07-23,bolsonaro,bolsonaro-2020-06-18,bolsonaro-2020-07-16,primary_adjudicated,DEM;PP;PSD;PSL,DEM;PP;PSD;PSL,DEM;PP;PSD;PSL,,,,established,,,
2020-07-24,bolsonaro,bolsonaro-2020-06-18,bolsonaro-2020-07-16,primary_adjudicated,DEM;PP;PSD;PSL,DEM;PP;PSD;PSL,DEM;PP;PSD;PSL,,,,established,,,
2020-07-25,bolsonaro,bolsonaro-2020-06-18,bolsonaro-2020-07-16,primary_adjudicated,DEM;PP;PSD;PSL,DEM;PP;PSD;PSL,DEM;PP;PSD;PSL,,,,established,,,
2020-07-26,bolsonaro,bolsonaro-2020-06-18,bolsonaro-2020-07-16,primary_adjudicated,DEM;PP;PSD;PSL,DEM;PP;PSD;PSL,DEM;PP;PSD;PSL,,,,established,,,
2020-07-27,bolsonaro,bolsonaro-2020-06-18,bolsonaro-2020-07-16,primary_adjudicated,DEM;PP;PSD;PSL,DEM;PP;PSD;PSL,DEM;PP;PSD;PSL,,,,established,,,
2020-07-28,bolsonaro,bolsonaro-2020-06-18,bolsonaro-2020-07-16,primary_adjudicated,DEM;PP;PSD;PSL,DEM;PP;PSD;PSL,DEM;PP;PSD;PSL,,,,established,,,
2020-07-29,bolsonaro,bolsonaro-2020-06-18,bolsonaro-2020-07-16,primary_adjudicated,DEM;PP;PSD;PSL,DEM;PP;PSD;PSL,DEM;PP;PSD;PSL,,,,established,,,
2020-07-30,bolsonaro,bolsonaro-2020-06-18,bolsonaro-2020-07-16,primary_adjudicated,DEM;PP;PSD;PSL,DEM;PP;PSD;PSL,DEM;PP;PSD;PSL,,,,established,,,
2020-07-31,bolsonaro,bolsonaro-2020-06-18,bolsonaro-2020-07-16,primary_adjudicated,DEM;PP;PSD;PSL,DEM;PP;PSD;PSL,DEM;PP;PSD;PSL,,,,established,,,
2020-08-01,bolsonaro,bolsonaro-2020-06-18,bolsonaro-2020-07-16,primary_adjudicated,DEM;PP;PSD;PSL,DEM;PP;PSD;PSL,DEM;PP;PSD;PSL,,,,established,,,
2020-08-02,bolsonaro,bolsonaro-2020-06-18,bolsonaro-2020-07-16,primary_adjudicated,DEM;PP;PSD;PSL,DEM;PP;PSD;PSL,DEM;PP;PSD;PSL,,,,established,,,
2020-08-03,bolsonaro,bolsonaro-2020-06-18,bolsonaro-2020-07-16,primary_adjudicated,DEM;PP;PSD;PSL,DEM;PP;PSD;PSL,DEM;PP;PSD;PSL,,,,established,,,
2020-08-04,bolsonaro,bolsonaro-2020-06-18,bolsonaro-2020-07-16,primary_adjudicated,DEM;PP;PSD;PSL,DEM;PP;PSD;PSL,DEM;PP;PSD;PSL,,,,established,,,
2020-08-05,bolsonaro,bolsonaro-2020-06-18,bolsonaro-2020-07-16,primary_adjudicated,DEM;PP;PSD;PSL,DEM;PP;PSD;PSL,DEM;PP;PSD;PSL,,,,established,,,
2020-08-06,bolsonaro,bolsonaro-2020-06-18,bolsonaro-2020-07-16,primary_adjudicated,DEM;PP;PSD;PSL,DEM;PP;PSD;PSL,DEM;PP;PSD;PSL,,,,established,,,
2020-08-07,bolsonaro,bolsonaro-2020-06-18,bolsonaro-2020-07-16,primary_adjudicated,DEM;PP;PSD;PSL,DEM;PP;PSD;PSL,DEM;PP;PSD;PSL,,,,established,,,
2020-08-08,bolsonaro,bolsonaro-2020-06-18,bolsonaro-2020-07-16,primary_adjudicated,DEM;PP;PSD;PSL,DEM;PP;PSD;PSL,DEM;PP;PSD;PSL,,,,established,,,
2020-08-09,bolsonaro,bolsonaro-2020-06-18,bolsonaro-2020-07-16,primary_adjudicated,DEM;PP;PSD;PSL,DEM;PP;PSD;PSL,DEM;PP;PSD;PSL,,,,established,,,
2020-08-10,bolsonaro,bolsonaro-2020-06-18,bolsonaro-2020-07-16,primary_adjudicated,DEM;PP;PSD;PSL,DEM;PP;PSD;PSL,DEM;PP;PSD;PSL,,,,established,,,
2020-08-11,bolsonaro,bolsonaro-2020-06-18,bolsonaro-2020-07-16,primary_adjudicated,DEM;PP;PSD;PSL,DEM;PP;PSD;PSL,DEM;PP;PSD;PSL,,,,established,,,
2020-08-12,bolsonaro,bolsonaro-2020-06-18,bolsonaro-2020-07-16,primary_adjudicated,DEM;PP;PSD;PSL,DEM;PP;PSD;PSL,DEM;PP;PSD;PSL,,,,established,,,
2020-08-13,bolsonaro,bolsonaro-2020-06-18,bolsonaro-2020-07-16,primary_adjudicated,DEM;PP;PSD;PSL,DEM;PP;PSD;PSL,DEM;PP;PSD;PSL,,,,established,,,
2020-08-14,bolsonaro,bolsonaro-2020-06-18,bolsonaro-2020-07-16,primary_adjudicated,DEM;PP;PSD;PSL,DEM;PP;PSD;PSL,DEM;PP;PSD;PSL,,,,established,,,
2020-08-15,bolsonaro,bolsonaro-2020-06-18,bolsonaro-2020-07-16,primary_adjudicated,DEM;PP;PSD;PSL,DEM;PP;PSD;PSL,DEM;PP;PSD;PSL,,,,established,,,
2020-08-16,bolsonaro,bolsonaro-2020-06-18,bolsonaro-2020-07-16,primary_adjudicated,DEM;PP;PSD;PSL,DEM;PP;PSD;PSL,DEM;PP;PSD;PSL,,,,established,,,
2020-08-17,bolsonaro,bolsonaro-2020-06-18,bolsonaro-2020-07-16,primary_adjudicated,DEM;PP;PSD;PSL,DEM;PP;PSD;PSL,DEM;PP;PSD;PSL,,,,established,,,
2020-08-18,bolsonaro,bolsonaro-2020-06-18,bolsonaro-2020-07-16,primary_adjudicated,DEM;PP;PSD;PSL,DEM;PP;PSD;PSL,DEM;PP;PSD;PSL,,,,established,,,
2020-08-19,bolsonaro,bolsonaro-2020-06-18,bolsonaro-2020-07-16,primary_adjudicated,DEM;PP;PSD;PSL,DEM;PP;PSD;PSL,DEM;PP;PSD;PSL,,,,established,,,
2020-08-20,bolsonaro,bolsonaro-2020-06-18,bolsonaro-2020-07-16,primary_adjudicated,DEM;PP;PSD;PSL,DEM;PP;PSD;PSL,DEM;PP;PSD;PSL,,,,established,,,
2020-08-21,bolsonaro,bolsonaro-2020-06-18,bolsonaro-2020-07-16,primary_adjudicated,DEM;PP;PSD;PSL,DEM;PP;PSD;PSL,DEM;PP;PSD;PSL,,,,established,,,
2020-08-22,bolsonaro,bolsonaro-2020-06-18,bolsonaro-2020-07-16,primary_adjudicated,DEM;PP;PSD;PSL,DEM;PP;PSD;PSL,DEM;PP;PSD;PSL,,,,established,,,
2020-08-23,bolsonaro,bolsonaro-2020-06-18,bolsonaro-2020-07-16,primary_adjudicated,DEM;PP;PSD;PSL,DEM;PP;PSD;PSL,DEM;PP;PSD;PSL,,,,established,,,
2020-08-24,bolsonaro,bolsonaro-2020-06-18,bolsonaro-2020-07-16,primary_adjudicated,DEM;PP;PSD;PSL,DEM;PP;PSD;PSL,DEM;PP;PSD;PSL,,,,established,,,
2020-08-25,bolsonaro,bolsonaro-2020-06-18,bolsonaro-2020-07-16,primary_adjudicated,DEM;PP;PSD;PSL,DEM;PP;PSD;PSL,DEM;PP;PSD;PSL,,,,established,,,
2020-08-26,bolsonaro,bolsonaro-2020-06-18,bolsonaro-2020-07-16,primary_adjudicated,DEM;PP;PSD;PSL,DEM;PP;PSD;PSL,DEM;PP;PSD;PSL,,,,established,,,
2020-08-27,bolsonaro,bolsonaro-2020-06-18,bolsonaro-2020-07-16,primary_adjudicated,DEM;PP;PSD;PSL,DEM;PP;PSD;PSL,DEM;PP;PSD;PSL,,,,established,,,
2020-08-28,bolsonaro,bolsonaro-2020-06-18,bolsonaro-2020-07-16,primary_adjudicated,DEM;PP;PSD;PSL,DEM;PP;PSD;PSL,DEM;PP;PSD;PSL,,,,established,,,
2020-08-29,bolsonaro,bolsonaro-2020-06-18,bolsonaro-2020-07-16,primary_adjudicated,DEM;PP;PSD;PSL,DEM;PP;PSD;PSL,DEM;PP;PSD;PSL,,,,established,,,
2020-08-30,bolsonaro,bolsonaro-2020-06-18,bolsonaro-2020-07-16,primary_adjudicated,DEM;PP;PSD;PSL,DEM;PP;PSD;PSL,DEM;PP;PSD;PSL,,,,established,,,
2020-08-31,bolsonaro,bolsonaro-2020-06-18,bolsonaro-2020-07-16,primary_adjudicated,DEM;PP;PSD;PSL,DEM;PP;PSD;PSL,DEM;PP;PSD;PSL,,,,established,,,
2020-09-01,bolsonaro,bolsonaro-2020-06-18,bolsonaro-2020-07-16,primary_adjudicated,DEM;PP;PSD;PSL,DEM;PP;PSD;PSL,DEM;PP;PSD;PSL,,,,established,,,
2020-09-02,bolsonaro,bolsonaro-2020-06-18,bolsonaro-2020-07-16,primary_adjudicated,DEM;PP;PSD;PSL,DEM;PP;PSD;PSL,DEM;PP;PSD;PSL,,,,established,,,
2020-09-03,bolsonaro,bolsonaro-2020-06-18,bolsonaro-2020-07-16,primary_adjudicated,DEM;PP;PSD;PSL,DEM;PP;PSD;PSL,DEM;PP;PSD;PSL,,,,established,,,
2020-09-04,bolsonaro,bolsonaro-2020-06-18,bolsonaro-2020-09-04,primary_adjudicated,DEM;PP;PSD;PSL,DEM;PP;PSD;PSL,DEM;PP;PSD;PSL,,,,established,,,
2020-09-05,bolsonaro,bolsonaro-2020-06-18,bolsonaro-2020-09-04,primary_adjudicated,DEM;PP;PSD;PSL,DEM;PP;PSD;PSL,DEM;PP;PSD;PSL,,,,established,,,
2020-09-06,bolsonaro,bolsonaro-2020-06-18,bolsonaro-2020-09-04,primary_adjudicated,DEM;PP;PSD;PSL,DEM;PP;PSD;PSL,DEM;PP;PSD;PSL,,,,established,,,
2020-09-07,bolsonaro,bolsonaro-2020-06-18,bolsonaro-2020-09-04,primary_adjudicated,DEM;PP;PSD;PSL,DEM;PP;PSD;PSL,DEM;PP;PSD;PSL,,,,established,,,
2020-09-08,bolsonaro,bolsonaro-2020-06-18,bolsonaro-2020-09-04,primary_adjudicated,DEM;PP;PSD;PSL,DEM;PP;PSD;PSL,DEM;PP;PSD;PSL,,,,established,,,
2020-09-09,bolsonaro,bolsonaro-2020-06-18,bolsonaro-2020-09-04,primary_adjudicated,DEM;PP;PSD;PSL,DEM;PP;PSD;PSL,DEM;PP;PSD;PSL,,,,established,,,
2020-09-10,bolsonaro,bolsonaro-2020-06-18,bolsonaro-2020-09-04,primary_adjudicated,DEM;PP;PSD;PSL,DEM;PP;PSD;PSL,DEM;PP;PSD;PSL,,,,established,,,
2020-09-11,bolsonaro,bolsonaro-2020-06-18,bolsonaro-2020-09-04,primary_adjudicated,DEM;PP;PSD;PSL,DEM;PP;PSD;PSL,DEM;PP;PSD;PSL,,,,established,,,
2020-09-12,bolsonaro,bolsonaro-2020-06-18,bolsonaro-2020-09-04,primary_adjudicated,DEM;PP;PSD;PSL,DEM;PP;PSD;PSL,DEM;PP;PSD;PSL,,,,established,,,
2020-09-13,bolsonaro,bolsonaro-2020-06-18,bolsonaro-2020-09-04,primary_adjudicated,DEM;PP;PSD;PSL,DEM;PP;PSD;PSL,DEM;PP;PSD;PSL,,,,established,,,
2020-09-14,bolsonaro,bolsonaro-2020-06-18,bolsonaro-2020-09-04,primary_adjudicated,DEM;PP;PSD;PSL,DEM;PP;PSD;PSL,DEM;PP;PSD;PSL,,,,established,,,
2020-09-15,bolsonaro,bolsonaro-2020-06-18,bolsonaro-2020-09-04,primary_adjudicated,DEM;PP;PSD;PSL,DEM;PP;PSD;PSL,DEM;PP;PSD;PSL,,,,established,,,
2020-09-16,bolsonaro,bolsonaro-2020-06-18,bolsonaro-2020-09-04,primary_adjudicated,DEM;PP;PSD;PSL,DEM;PP;PSD;PSL,DEM;PP;PSD;PSL,,,,established,,,
2020-09-17,bolsonaro,bolsonaro-2020-06-18,bolsonaro-2020-09-04,primary_adjudicated,DEM;PP;PSD;PSL,DEM;PP;PSD;PSL,DEM;PP;PSD;PSL,,,,established,,,
2020-09-18,bolsonaro,bolsonaro-2020-06-18,bolsonaro-2020-09-04,primary_adjudicated,DEM;PP;PSD;PSL,DEM;PP;PSD;PSL,DEM;PP;PSD;PSL,,,,established,,,
2020-09-19,bolsonaro,bolsonaro-2020-09-19,bolsonaro-2020-09-19,primary_adjudicated,DEM;PSD;PSL,DEM;PSD;PSL,DEM;PSD;PSL,,,,established,,,
2020-09-20,bolsonaro,bolsonaro-2020-09-19,bolsonaro-2020-09-19,primary_adjudicated,DEM;PSD;PSL,DEM;PSD;PSL,DEM;PSD;PSL,,,,established,,,
2020-09-21,bolsonaro,bolsonaro-2020-09-19,bolsonaro-2020-09-19,primary_adjudicated,DEM;PSD;PSL,DEM;PSD;PSL,DEM;PSD;PSL,,,,established,,,
2020-09-22,bolsonaro,bolsonaro-2020-09-19,bolsonaro-2020-09-19,primary_adjudicated,DEM;PSD;PSL,DEM;PSD;PSL,DEM;PSD;PSL,,,,established,,,
2020-09-23,bolsonaro,bolsonaro-2020-09-19,bolsonaro-2020-09-19,primary_adjudicated,DEM;PSD;PSL,DEM;PSD;PSL,DEM;PSD;PSL,,,,established,,,
2020-09-24,bolsonaro,bolsonaro-2020-09-19,bolsonaro-2020-09-19,primary_adjudicated,DEM;PSD;PSL,DEM;PSD;PSL,DEM;PSD;PSL,,,,established,,,
2020-09-25,bolsonaro,bolsonaro-2020-09-19,bolsonaro-2020-09-19,primary_adjudicated,DEM;PSD;PSL,DEM;PSD;PSL,DEM;PSD;PSL,,,,established,,,
2020-09-26,bolsonaro,bolsonaro-2020-09-19,bolsonaro-2020-09-19,primary_adjudicated,DEM;PSD;PSL,DEM;PSD;PSL,DEM;PSD;PSL,,,,established,,,
2020-09-27,bolsonaro,bolsonaro-2020-09-19,bolsonaro-2020-09-19,primary_adjudicated,DEM;PSD;PSL,DEM;PSD;PSL,DEM;PSD;PSL,,,,established,,,
2020-09-28,bolsonaro,bolsonaro-2020-09-19,bolsonaro-2020-09-19,primary_adjudicated,DEM;PSD;PSL,DEM;PSD;PSL,DEM;PSD;PSL,,,,established,,,
2020-09-29,bolsonaro,bolsonaro-2020-09-19,bolsonaro-2020-09-19,primary_adjudicated,DEM;PSD;PSL,DEM;PSD;PSL,DEM;PSD;PSL,,,,established,,,
2020-09-30,bolsonaro,bolsonaro-2020-09-19,bolsonaro-2020-09-19,primary_adjudicated,DEM;PSD;PSL,DEM;PSD;PSL,DEM;PSD;PSL,,,,established,,,
2020-10-01,bolsonaro,bolsonaro-2020-09-19,bolsonaro-2020-09-19,primary_adjudicated,DEM;PSD;PSL,DEM;PSD;PSL,DEM;PSD;PSL,,,,established,,,
2020-10-02,bolsonaro,bolsonaro-2020-09-19,bolsonaro-2020-09-19,primary_adjudicated,DEM;PSD;PSL,DEM;PSD;PSL,DEM;PSD;PSL,,,,established,,,
2020-10-03,bolsonaro,bolsonaro-2020-09-19,bolsonaro-2020-09-19,primary_adjudicated,DEM;PSD;PSL,DEM;PSD;PSL,DEM;PSD;PSL,,,,established,,,
2020-10-04,bolsonaro,bolsonaro-2020-09-19,bolsonaro-2020-09-19,primary_adjudicated,DEM;PSD;PSL,DEM;PSD;PSL,DEM;PSD;PSL,,,,established,,,
2020-10-05,bolsonaro,bolsonaro-2020-09-19,bolsonaro-2020-09-19,primary_adjudicated,DEM;PSD;PSL,DEM;PSD;PSL,DEM;PSD;PSL,,,,established,,,
2020-10-06,bolsonaro,bolsonaro-2020-09-19,bolsonaro-2020-09-19,primary_adjudicated,DEM;PSD;PSL,DEM;PSD;PSL,DEM;PSD;PSL,,,,established,,,
2020-10-07,bolsonaro,bolsonaro-2020-09-19,bolsonaro-2020-09-19,primary_adjudicated,DEM;PSD;PSL,DEM;PSD;PSL,DEM;PSD;PSL,,,,established,,,
2020-10-08,bolsonaro,bolsonaro-2020-09-19,bolsonaro-2020-09-19,primary_adjudicated,DEM;PSD;PSL,DEM;PSD;PSL,DEM;PSD;PSL,,,,established,,,
2020-10-09,bolsonaro,bolsonaro-2020-09-19,bolsonaro-2020-09-19,primary_adjudicated,DEM;PSD;PSL,DEM;PSD;PSL,DEM;PSD;PSL,,,,established,,,
2020-10-10,bolsonaro,bolsonaro-2020-09-19,bolsonaro-2020-09-19,primary_adjudicated,DEM;PSD;PSL,DEM;PSD;PSL,DEM;PSD;PSL,,,,established,,,
2020-10-11,bolsonaro,bolsonaro-2020-09-19,bolsonaro-2020-09-19,primary_adjudicated,DEM;PSD;PSL,DEM;PSD;PSL,DEM;PSD;PSL,,,,established,,,
2020-10-12,bolsonaro,bolsonaro-2020-09-19,bolsonaro-2020-09-19,primary_adjudicated,DEM;PSD;PSL,DEM;PSD;PSL,DEM;PSD;PSL,,,,established,,,
2020-10-13,bolsonaro,bolsonaro-2020-09-19,bolsonaro-2020-09-19,primary_adjudicated,DEM;PSD;PSL,DEM;PSD;PSL,DEM;PSD;PSL,,,,established,,,
2020-10-14,bolsonaro,bolsonaro-2020-09-19,bolsonaro-2020-09-19,primary_adjudicated,DEM;PSD;PSL,DEM;PSD;PSL,DEM;PSD;PSL,,,,established,,,
2020-10-15,bolsonaro,bolsonaro-2020-09-19,bolsonaro-2020-09-19,primary_adjudicated,DEM;PSD;PSL,DEM;PSD;PSL,DEM;PSD;PSL,,,,established,,,
2020-10-16,bolsonaro,bolsonaro-2020-09-19,bolsonaro-2020-09-19,primary_adjudicated,DEM;PSD;PSL,DEM;PSD;PSL,DEM;PSD;PSL,,,,established,,,
2020-10-17,bolsonaro,bolsonaro-2020-09-19,bolsonaro-2020-09-19,primary_adjudicated,DEM;PSD;PSL,DEM;PSD;PSL,DEM;PSD;PSL,,,,established,,,
2020-10-18,bolsonaro,bolsonaro-2020-09-19,bolsonaro-2020-09-19,primary_adjudicated,DEM;PSD;PSL,DEM;PSD;PSL,DEM;PSD;PSL,,,,established,,,
2020-10-19,bolsonaro,bolsonaro-2020-09-19,bolsonaro-2020-09-19,primary_adjudicated,DEM;PSD;PSL,DEM;PSD;PSL,DEM;PSD;PSL,,,,established,,,
2020-10-20,bolsonaro,bolsonaro-2020-09-19,bolsonaro-2020-09-19,primary_adjudicated,DEM;PSD;PSL,DEM;PSD;PSL,DEM;PSD;PSL,,,,established,,,
2020-10-21,bolsonaro,bolsonaro-2020-09-19,bolsonaro-2020-09-19,primary_adjudicated,DEM;PSD;PSL,DEM;PSD;PSL,DEM;PSD;PSL,,,,established,,,
2020-10-22,bolsonaro,bolsonaro-2020-09-19,bolsonaro-2020-09-19,primary_adjudicated,DEM;PSD;PSL,DEM;PSD;PSL,DEM;PSD;PSL,,,,established,,,
2020-10-23,bolsonaro,bolsonaro-2020-09-19,bolsonaro-2020-09-19,primary_adjudicated,DEM;PSD;PSL,DEM;PSD;PSL,DEM;PSD;PSL,,,,established,,,
2020-10-24,bolsonaro,bolsonaro-2020-09-19,bolsonaro-2020-09-19,primary_adjudicated,DEM;PSD;PSL,DEM;PSD;PSL,DEM;PSD;PSL,,,,established,,,
2020-10-25,bolsonaro,bolsonaro-2020-09-19,bolsonaro-2020-09-19,primary_adjudicated,DEM;PSD;PSL,DEM;PSD;PSL,DEM;PSD;PSL,,,,established,,,
2020-10-26,bolsonaro,bolsonaro-2020-09-19,bolsonaro-2020-09-19,primary_adjudicated,DEM;PSD;PSL,DEM;PSD;PSL,DEM;PSD;PSL,,,,established,,,
2020-10-27,bolsonaro,bolsonaro-2020-09-19,bolsonaro-2020-09-19,primary_adjudicated,DEM;PSD;PSL,DEM;PSD;PSL,DEM;PSD;PSL,,,,established,,,
2020-10-28,bolsonaro,bolsonaro-2020-09-19,bolsonaro-2020-09-19,primary_adjudicated,DEM;PSD;PSL,DEM;PSD;PSL,DEM;PSD;PSL,,,,established,,,
2020-10-29,bolsonaro,bolsonaro-2020-09-19,bolsonaro-2020-09-19,primary_adjudicated,DEM;PSD;PSL,DEM;PSD;PSL,DEM;PSD;PSL,,,,established,,,
2020-10-30,bolsonaro,bolsonaro-2020-09-19,bolsonaro-2020-09-19,primary_adjudicated,DEM;PSD;PSL,DEM;PSD;PSL,DEM;PSD;PSL,,,,established,,,
2020-10-31,bolsonaro,bolsonaro-2020-09-19,bolsonaro-2020-09-19,primary_adjudicated,DEM;PSD;PSL,DEM;PSD;PSL,DEM;PSD;PSL,,,,established,,,
2020-11-01,bolsonaro,bolsonaro-2020-09-19,bolsonaro-2020-09-19,primary_adjudicated,DEM;PSD;PSL,DEM;PSD;PSL,DEM;PSD;PSL,,,,established,,,
2020-11-02,bolsonaro,bolsonaro-2020-09-19,bolsonaro-2020-09-19,primary_adjudicated,DEM;PSD;PSL,DEM;PSD;PSL,DEM;PSD;PSL,,,,established,,,
2020-11-03,bolsonaro,bolsonaro-2020-09-19,bolsonaro-2020-09-19,primary_adjudicated,DEM;PSD;PSL,DEM;PSD;PSL,DEM;PSD;PSL,,,,established,,,
2020-11-04,bolsonaro,bolsonaro-2020-09-19,bolsonaro-2020-09-19,primary_adjudicated,DEM;PSD;PSL,DEM;PSD;PSL,DEM;PSD;PSL,,,,established,,,
2020-11-05,bolsonaro,bolsonaro-2020-09-19,bolsonaro-2020-09-19,primary_adjudicated,DEM;PSD;PSL,DEM;PSD;PSL,DEM;PSD;PSL,,,,established,,,
2020-11-06,bolsonaro,bolsonaro-2020-09-19,bolsonaro-2020-09-19,primary_adjudicated,DEM;PSD;PSL,DEM;PSD;PSL,DEM;PSD;PSL,,,,established,,,
2020-11-07,bolsonaro,bolsonaro-2020-09-19,bolsonaro-2020-09-19,primary_adjudicated,DEM;PSD;PSL,DEM;PSD;PSL,DEM;PSD;PSL,,,,established,,,
2020-11-08,bolsonaro,bolsonaro-2020-09-19,bolsonaro-2020-09-19,primary_adjudicated,DEM;PSD;PSL,DEM;PSD;PSL,DEM;PSD;PSL,,,,established,,,
2020-11-09,bolsonaro,bolsonaro-2020-09-19,bolsonaro-2020-09-19,primary_adjudicated,DEM;PSD;PSL,DEM;PSD;PSL,DEM;PSD;PSL,,,,established,,,
2020-11-10,bolsonaro,bolsonaro-2020-09-19,bolsonaro-2020-09-19,primary_adjudicated,DEM;PSD;PSL,DEM;PSD;PSL,DEM;PSD;PSL,,,,established,,,
2020-11-11,bolsonaro,bolsonaro-2020-09-19,bolsonaro-2020-09-19,primary_adjudicated,DEM;PSD;PSL,DEM;PSD;PSL,DEM;PSD;PSL,,,,established,,,
2020-11-12,bolsonaro,bolsonaro-2020-09-19,bolsonaro-2020-09-19,primary_adjudicated,DEM;PSD;PSL,DEM;PSD;PSL,DEM;PSD;PSL,,,,established,,,
2020-11-13,bolsonaro,bolsonaro-2020-09-19,bolsonaro-2020-09-19,primary_adjudicated,DEM;PSD;PSL,DEM;PSD;PSL,DEM;PSD;PSL,,,,established,,,
2020-11-14,bolsonaro,bolsonaro-2020-09-19,bolsonaro-2020-09-19,primary_adjudicated,DEM;PSD;PSL,DEM;PSD;PSL,DEM;PSD;PSL,,,,established,,,
2020-11-15,bolsonaro,bolsonaro-2020-09-19,bolsonaro-2020-09-19,primary_adjudicated,DEM;PSD;PSL,DEM;PSD;PSL,DEM;PSD;PSL,,,,established,,,
2020-11-16,bolsonaro,bolsonaro-2020-09-19,bolsonaro-2020-09-19,primary_adjudicated,DEM;PSD;PSL,DEM;PSD;PSL,DEM;PSD;PSL,,,,established,,,
2020-11-17,bolsonaro,bolsonaro-2020-09-19,bolsonaro-2020-09-19,primary_adjudicated,DEM;PSD;PSL,DEM;PSD;PSL,DEM;PSD;PSL,,,,established,,,
2020-11-18,bolsonaro,bolsonaro-2020-09-19,bolsonaro-2020-09-19,primary_adjudicated,DEM;PSD;PSL,DEM;PSD;PSL,DEM;PSD;PSL,,,,established,,,
2020-11-19,bolsonaro,bolsonaro-2020-09-19,bolsonaro-2020-09-19,primary_adjudicated,DEM;PSD;PSL,DEM;PSD;PSL,DEM;PSD;PSL,,,,established,,,
2020-11-20,bolsonaro,bolsonaro-2020-09-19,bolsonaro-2020-09-19,primary_adjudicated,DEM;PSD;PSL,DEM;PSD;PSL,DEM;PSD;PSL,,,,established,,,
2020-11-21,bolsonaro,bolsonaro-2020-09-19,bolsonaro-2020-09-19,primary_adjudicated,DEM;PSD;PSL,DEM;PSD;PSL,DEM;PSD;PSL,,,,established,,,
2020-11-22,bolsonaro,bolsonaro-2020-09-19,bolsonaro-2020-09-19,primary_adjudicated,DEM;PSD;PSL,DEM;PSD;PSL,DEM;PSD;PSL,,,,established,,,
2020-11-23,bolsonaro,bolsonaro-2020-09-19,bolsonaro-2020-09-19,primary_adjudicated,DEM;PSD;PSL,DEM;PSD;PSL,DEM;PSD;PSL,,,,established,,,
2020-11-24,bolsonaro,bolsonaro-2020-09-19,bolsonaro-2020-09-19,primary_adjudicated,DEM;PSD;PSL,DEM;PSD;PSL,DEM;PSD;PSL,,,,established,,,
2020-11-25,bolsonaro,bolsonaro-2020-09-19,bolsonaro-2020-09-19,primary_adjudicated,DEM;PSD;PSL,DEM;PSD;PSL,DEM;PSD;PSL,,,,established,,,
2020-11-26,bolsonaro,bolsonaro-2020-09-19,bolsonaro-2020-09-19,primary_adjudicated,DEM;PSD;PSL,DEM;PSD;PSL,DEM;PSD;PSL,,,,established,,,
2020-11-27,bolsonaro,bolsonaro-2020-09-19,bolsonaro-2020-09-19,primary_adjudicated,DEM;PSD;PSL,DEM;PSD;PSL,DEM;PSD;PSL,,,,established,,,
2020-11-28,bolsonaro,bolsonaro-2020-09-19,bolsonaro-2020-09-19,primary_adjudicated,DEM;PSD;PSL,DEM;PSD;PSL,DEM;PSD;PSL,,,,established,,,
2020-11-29,bolsonaro,bolsonaro-2020-09-19,bolsonaro-2020-09-19,primary_adjudicated,DEM;PSD;PSL,DEM;PSD;PSL,DEM;PSD;PSL,,,,established,,,
2020-11-30,bolsonaro,bolsonaro-2020-09-19,bolsonaro-2020-09-19,primary_adjudicated,DEM;PSD;PSL,DEM;PSD;PSL,DEM;PSD;PSL,,,,established,,,
2020-12-01,bolsonaro,bolsonaro-2020-09-19,bolsonaro-2020-09-19,primary_adjudicated,DEM;PSD;PSL,DEM;PSD;PSL,DEM;PSD;PSL,,,,established,,,
2020-12-02,bolsonaro,bolsonaro-2020-09-19,bolsonaro-2020-09-19,primary_adjudicated,DEM;PSD;PSL,DEM;PSD;PSL,DEM;PSD;PSL,,,,established,,,
2020-12-03,bolsonaro,bolsonaro-2020-09-19,bolsonaro-2020-09-19,primary_adjudicated,DEM;PSD;PSL,DEM;PSD;PSL,DEM;PSD;PSL,,,,established,,,
2020-12-04,bolsonaro,bolsonaro-2020-09-19,bolsonaro-2020-09-19,primary_adjudicated,DEM;PSD;PSL,DEM;PSD;PSL,DEM;PSD;PSL,,,,established,,,
2020-12-05,bolsonaro,bolsonaro-2020-09-19,bolsonaro-2020-09-19,primary_adjudicated,DEM;PSD;PSL,DEM;PSD;PSL,DEM;PSD;PSL,,,,established,,,
2020-12-06,bolsonaro,bolsonaro-2020-09-19,bolsonaro-2020-09-19,primary_adjudicated,DEM;PSD;PSL,DEM;PSD;PSL,DEM;PSD;PSL,,,,established,,,
2020-12-07,bolsonaro,bolsonaro-2020-09-19,bolsonaro-2020-09-19,primary_adjudicated,DEM;PSD;PSL,DEM;PSD;PSL,DEM;PSD;PSL,,,,established,,,
2020-12-08,bolsonaro,bolsonaro-2020-09-19,bolsonaro-2020-09-19,primary_adjudicated,DEM;PSD;PSL,DEM;PSD;PSL,DEM;PSD;PSL,,,,established,,,
2020-12-09,bolsonaro,bolsonaro-2020-12-09,bolsonaro-2020-12-09,primary_adjudicated,DEM;PSC;PSD;PSL,DEM;PSC;PSD;PSL,DEM;PSC;PSD;PSL,,,,established,,,
2020-12-10,bolsonaro,bolsonaro-2020-12-09,bolsonaro-2020-12-09,primary_adjudicated,DEM;PSC;PSD;PSL,DEM;PSC;PSD;PSL,DEM;PSC;PSD;PSL,,,,established,,,
2020-12-11,bolsonaro,bolsonaro-2020-12-09,bolsonaro-2020-12-09,primary_adjudicated,DEM;PSC;PSD;PSL,DEM;PSC;PSD;PSL,DEM;PSC;PSD;PSL,,,,established,,,
2020-12-12,bolsonaro,bolsonaro-2020-12-09,bolsonaro-2020-12-09,primary_adjudicated,DEM;PSC;PSD;PSL,DEM;PSC;PSD;PSL,DEM;PSC;PSD;PSL,,,,established,,,
2020-12-13,bolsonaro,bolsonaro-2020-12-09,bolsonaro-2020-12-09,primary_adjudicated,DEM;PSC;PSD;PSL,DEM;PSC;PSD;PSL,DEM;PSC;PSD;PSL,,,,established,,,
2020-12-14,bolsonaro,bolsonaro-2020-12-09,bolsonaro-2020-12-09,primary_adjudicated,DEM;PSC;PSD;PSL,DEM;PSC;PSD;PSL,DEM;PSC;PSD;PSL,,,,established,,,
2020-12-15,bolsonaro,bolsonaro-2020-12-09,bolsonaro-2020-12-09,primary_adjudicated,DEM;PSC;PSD;PSL,DEM;PSC;PSD;PSL,DEM;PSC;PSD;PSL,,,,established,,,
2020-12-16,bolsonaro,bolsonaro-2020-12-09,bolsonaro-2020-12-09,primary_adjudicated,DEM;PSC;PSD;PSL,DEM;PSC;PSD;PSL,DEM;PSC;PSD;PSL,,,,established,,,
2020-12-17,bolsonaro,bolsonaro-2020-12-09,bolsonaro-2020-12-09,primary_adjudicated,DEM;PSC;PSD;PSL,DEM;PSC;PSD;PSL,DEM;PSC;PSD;PSL,,,,established,,,
2020-12-18,bolsonaro,bolsonaro-2020-12-09,bolsonaro-2020-12-09,primary_adjudicated,DEM;PSC;PSD;PSL,DEM;PSC;PSD;PSL,DEM;PSC;PSD;PSL,,,,established,,,
2020-12-19,bolsonaro,bolsonaro-2020-12-09,bolsonaro-2020-12-09,primary_adjudicated,DEM;PSC;PSD;PSL,DEM;PSC;PSD;PSL,DEM;PSC;PSD;PSL,,,,established,,,
2020-12-20,bolsonaro,bolsonaro-2020-12-09,bolsonaro-2020-12-09,primary_adjudicated,DEM;PSC;PSD;PSL,DEM;PSC;PSD;PSL,DEM;PSC;PSD;PSL,,,,established,,,
2020-12-21,bolsonaro,bolsonaro-2020-12-09,bolsonaro-2020-12-09,primary_adjudicated,DEM;PSC;PSD;PSL,DEM;PSC;PSD;PSL,DEM;PSC;PSD;PSL,,,,established,,,
2020-12-22,bolsonaro,bolsonaro-2020-12-09,bolsonaro-2020-12-09,primary_adjudicated,DEM;PSC;PSD;PSL,DEM;PSC;PSD;PSL,DEM;PSC;PSD;PSL,,,,established,,,
2020-12-23,bolsonaro,bolsonaro-2020-12-09,bolsonaro-2020-12-09,primary_adjudicated,DEM;PSC;PSD;PSL,DEM;PSC;PSD;PSL,DEM;PSC;PSD;PSL,,,,established,,,
2020-12-24,bolsonaro,bolsonaro-2020-12-09,bolsonaro-2020-12-09,primary_adjudicated,DEM;PSC;PSD;PSL,DEM;PSC;PSD;PSL,DEM;PSC;PSD;PSL,,,,established,,,
2020-12-25,bolsonaro,bolsonaro-2020-12-09,bolsonaro-2020-12-09,primary_adjudicated,DEM;PSC;PSD;PSL,DEM;PSC;PSD;PSL,DEM;PSC;PSD;PSL,,,,established,,,
2020-12-26,bolsonaro,bolsonaro-2020-12-09,bolsonaro-2020-12-09,primary_adjudicated,DEM;PSC;PSD;PSL,DEM;PSC;PSD;PSL,DEM;PSC;PSD;PSL,,,,established,,,
2020-12-27,bolsonaro,bolsonaro-2020-12-09,bolsonaro-2020-12-09,primary_adjudicated,DEM;PSC;PSD;PSL,DEM;PSC;PSD;PSL,DEM;PSC;PSD;PSL,,,,established,,,
2020-12-28,bolsonaro,bolsonaro-2020-12-09,bolsonaro-2020-12-09,primary_adjudicated,DEM;PSC;PSD;PSL,DEM;PSC;PSD;PSL,DEM;PSC;PSD;PSL,,,,established,,,
2020-12-29,bolsonaro,bolsonaro-2020-12-09,bolsonaro-2020-12-09,primary_adjudicated,DEM;PSC;PSD;PSL,DEM;PSC;PSD;PSL,DEM;PSC;PSD;PSL,,,,established,,,
2020-12-30,bolsonaro,bolsonaro-2020-12-09,bolsonaro-2020-12-09,primary_adjudicated,DEM;PSC;PSD;PSL,DEM;PSC;PSD;PSL,DEM;PSC;PSD;PSL,,,,established,,,
2020-12-31,bolsonaro,bolsonaro-2020-12-09,bolsonaro-2020-12-31,primary_adjudicated,DEM;PSC;PSD;PSL,DEM;PSC;PSD;PSL,DEM;PSC;PSD;PSL,,,,established,,,
2021-01-01,bolsonaro,bolsonaro-2020-12-09,bolsonaro-2020-12-31,primary_adjudicated,DEM;PSC;PSD;PSL,DEM;PSC;PSD;PSL,DEM;PSC;PSD;PSL,,,,established,,,
2021-01-02,bolsonaro,bolsonaro-2020-12-09,bolsonaro-2020-12-31,primary_adjudicated,DEM;PSC;PSD;PSL,DEM;PSC;PSD;PSL,DEM;PSC;PSD;PSL,,,,established,,,
2021-01-03,bolsonaro,bolsonaro-2020-12-09,bolsonaro-2020-12-31,primary_adjudicated,DEM;PSC;PSD;PSL,DEM;PSC;PSD;PSL,DEM;PSC;PSD;PSL,,,,established,,,
2021-01-04,bolsonaro,bolsonaro-2020-12-09,bolsonaro-2020-12-31,primary_adjudicated,DEM;PSC;PSD;PSL,DEM;PSC;PSD;PSL,DEM;PSC;PSD;PSL,,,,established,,,
2021-01-05,bolsonaro,bolsonaro-2020-12-09,bolsonaro-2020-12-31,primary_adjudicated,DEM;PSC;PSD;PSL,DEM;PSC;PSD;PSL,DEM;PSC;PSD;PSL,,,,established,,,
2021-01-06,bolsonaro,bolsonaro-2020-12-09,bolsonaro-2020-12-31,primary_adjudicated,DEM;PSC;PSD;PSL,DEM;PSC;PSD;PSL,DEM;PSC;PSD;PSL,,,,established,,,
2021-01-07,bolsonaro,bolsonaro-2020-12-09,bolsonaro-2020-12-31,primary_adjudicated,DEM;PSC;PSD;PSL,DEM;PSC;PSD;PSL,DEM;PSC;PSD;PSL,,,,established,,,
2021-01-08,bolsonaro,bolsonaro-2020-12-09,bolsonaro-2020-12-31,primary_adjudicated,DEM;PSC;PSD;PSL,DEM;PSC;PSD;PSL,DEM;PSC;PSD;PSL,,,,established,,,
2021-01-09,bolsonaro,bolsonaro-2020-12-09,bolsonaro-2020-12-31,primary_adjudicated,DEM;PSC;PSD;PSL,DEM;PSC;PSD;PSL,DEM;PSC;PSD;PSL,,,,established,,,
2021-01-10,bolsonaro,bolsonaro-2020-12-09,bolsonaro-2020-12-31,primary_adjudicated,DEM;PSC;PSD;PSL,DEM;PSC;PSD;PSL,DEM;PSC;PSD;PSL,,,,established,,,
2021-01-11,bolsonaro,bolsonaro-2020-12-09,bolsonaro-2020-12-31,primary_adjudicated,DEM;PSC;PSD;PSL,DEM;PSC;PSD;PSL,DEM;PSC;PSD;PSL,,,,established,,,
2021-01-12,bolsonaro,bolsonaro-2020-12-09,bolsonaro-2020-12-31,primary_adjudicated,DEM;PSC;PSD;PSL,DEM;PSC;PSD;PSL,DEM;PSC;PSD;PSL,,,,established,,,
2021-01-13,bolsonaro,bolsonaro-2020-12-09,bolsonaro-2020-12-31,primary_adjudicated,DEM;PSC;PSD;PSL,DEM;PSC;PSD;PSL,DEM;PSC;PSD;PSL,,,,established,,,
2021-01-14,bolsonaro,bolsonaro-2020-12-09,bolsonaro-2020-12-31,primary_adjudicated,DEM;PSC;PSD;PSL,DEM;PSC;PSD;PSL,DEM;PSC;PSD;PSL,,,,established,,,
2021-01-15,bolsonaro,bolsonaro-2020-12-09,bolsonaro-2020-12-31,primary_adjudicated,DEM;PSC;PSD;PSL,DEM;PSC;PSD;PSL,DEM;PSC;PSD;PSL,,,,established,,,
2021-01-16,bolsonaro,bolsonaro-2020-12-09,bolsonaro-2020-12-31,primary_adjudicated,DEM;PSC;PSD;PSL,DEM;PSC;PSD;PSL,DEM;PSC;PSD;PSL,,,,established,,,
2021-01-17,bolsonaro,bolsonaro-2020-12-09,bolsonaro-2020-12-31,primary_adjudicated,DEM;PSC;PSD;PSL,DEM;PSC;PSD;PSL,DEM;PSC;PSD;PSL,,,,established,,,
2021-01-18,bolsonaro,bolsonaro-2020-12-09,bolsonaro-2020-12-31,primary_adjudicated,DEM;PSC;PSD;PSL,DEM;PSC;PSD;PSL,DEM;PSC;PSD;PSL,,,,established,,,
2021-01-19,bolsonaro,bolsonaro-2020-12-09,bolsonaro-2020-12-31,primary_adjudicated,DEM;PSC;PSD;PSL,DEM;PSC;PSD;PSL,DEM;PSC;PSD;PSL,,,,established,,,
2021-01-20,bolsonaro,bolsonaro-2020-12-09,bolsonaro-2020-12-31,primary_adjudicated,DEM;PSC;PSD;PSL,DEM;PSC;PSD;PSL,DEM;PSC;PSD;PSL,,,,established,,,
2021-01-21,bolsonaro,bolsonaro-2020-12-09,bolsonaro-2020-12-31,primary_adjudicated,DEM;PSC;PSD;PSL,DEM;PSC;PSD;PSL,DEM;PSC;PSD;PSL,,,,established,,,
2021-01-22,bolsonaro,bolsonaro-2020-12-09,bolsonaro-2020-12-31,primary_adjudicated,DEM;PSC;PSD;PSL,DEM;PSC;PSD;PSL,DEM;PSC;PSD;PSL,,,,established,,,
2021-01-23,bolsonaro,bolsonaro-2020-12-09,bolsonaro-2020-12-31,primary_adjudicated,DEM;PSC;PSD;PSL,DEM;PSC;PSD;PSL,DEM;PSC;PSD;PSL,,,,established,,,
2021-01-24,bolsonaro,bolsonaro-2020-12-09,bolsonaro-2020-12-31,primary_adjudicated,DEM;PSC;PSD;PSL,DEM;PSC;PSD;PSL,DEM;PSC;PSD;PSL,,,,established,,,
2021-01-25,bolsonaro,bolsonaro-2020-12-09,bolsonaro-2020-12-31,primary_adjudicated,DEM;PSC;PSD;PSL,DEM;PSC;PSD;PSL,DEM;PSC;PSD;PSL,,,,established,,,
2021-01-26,bolsonaro,bolsonaro-2020-12-09,bolsonaro-2020-12-31,primary_adjudicated,DEM;PSC;PSD;PSL,DEM;PSC;PSD;PSL,DEM;PSC;PSD;PSL,,,,established,,,
2021-01-27,bolsonaro,bolsonaro-2020-12-09,bolsonaro-2020-12-31,primary_adjudicated,DEM;PSC;PSD;PSL,DEM;PSC;PSD;PSL,DEM;PSC;PSD;PSL,,,,established,,,
2021-01-28,bolsonaro,bolsonaro-2020-12-09,bolsonaro-2020-12-31,primary_adjudicated,DEM;PSC;PSD;PSL,DEM;PSC;PSD;PSL,DEM;PSC;PSD;PSL,,,,established,,,
2021-01-29,bolsonaro,bolsonaro-2020-12-09,bolsonaro-2020-12-31,primary_adjudicated,DEM;PSC;PSD;PSL,DEM;PSC;PSD;PSL,DEM;PSC;PSD;PSL,,,,established,,,
2021-01-30,bolsonaro,bolsonaro-2020-12-09,bolsonaro-2020-12-31,primary_adjudicated,DEM;PSC;PSD;PSL,DEM;PSC;PSD;PSL,DEM;PSC;PSD;PSL,,,,established,,,
2021-01-31,bolsonaro,bolsonaro-2020-12-09,bolsonaro-2020-12-31,primary_adjudicated,DEM;PSC;PSD;PSL,DEM;PSC;PSD;PSL,DEM;PSC;PSD;PSL,,,,established,,,
2021-02-01,bolsonaro,bolsonaro-2020-12-09,bolsonaro-2020-12-31,primary_adjudicated,DEM;PSC;PSD;PSL,DEM;PSC;PSD;PSL,DEM;PSC;PSD;PSL,,,,established,,,
2021-02-02,bolsonaro,bolsonaro-2020-12-09,bolsonaro-2020-12-31,primary_adjudicated,DEM;PSC;PSD;PSL,DEM;PSC;PSD;PSL,DEM;PSC;PSD;PSL,,,,established,,,
2021-02-03,bolsonaro,bolsonaro-2020-12-09,bolsonaro-2020-12-31,primary_adjudicated,DEM;PSC;PSD;PSL,DEM;PSC;PSD;PSL,DEM;PSC;PSD;PSL,,,,established,,,
2021-02-04,bolsonaro,bolsonaro-2020-12-09,bolsonaro-2020-12-31,primary_adjudicated,DEM;PSC;PSD;PSL,DEM;PSC;PSD;PSL,DEM;PSC;PSD;PSL,,,,established,,,
2021-02-05,bolsonaro,bolsonaro-2020-12-09,bolsonaro-2020-12-31,primary_adjudicated,DEM;PSC;PSD;PSL,DEM;PSC;PSD;PSL,DEM;PSC;PSD;PSL,,,,established,,,
2021-02-06,bolsonaro,bolsonaro-2020-12-09,bolsonaro-2020-12-31,primary_adjudicated,DEM;PSC;PSD;PSL,DEM;PSC;PSD;PSL,DEM;PSC;PSD;PSL,,,,established,,,
2021-02-07,bolsonaro,bolsonaro-2020-12-09,bolsonaro-2020-12-31,primary_adjudicated,DEM;PSC;PSD;PSL,DEM;PSC;PSD;PSL,DEM;PSC;PSD;PSL,,,,established,,,
2021-02-08,bolsonaro,bolsonaro-2020-12-09,bolsonaro-2020-12-31,primary_adjudicated,DEM;PSC;PSD;PSL,DEM;PSC;PSD;PSL,DEM;PSC;PSD;PSL,,,,established,,,
2021-02-09,bolsonaro,bolsonaro-2020-12-09,bolsonaro-2020-12-31,primary_adjudicated,DEM;PSC;PSD;PSL,DEM;PSC;PSD;PSL,DEM;PSC;PSD;PSL,,,,established,,,
2021-02-10,bolsonaro,bolsonaro-2020-12-09,bolsonaro-2020-12-31,primary_adjudicated,DEM;PSC;PSD;PSL,DEM;PSC;PSD;PSL,DEM;PSC;PSD;PSL,,,,established,,,
2021-02-11,bolsonaro,bolsonaro-2020-12-09,bolsonaro-2020-12-31,primary_adjudicated,DEM;PSC;PSD;PSL,DEM;PSC;PSD;PSL,DEM;PSC;PSD;PSL,,,,established,,,
2021-02-12,bolsonaro,bolsonaro-2021-02-12,bolsonaro-2021-02-12,primary_adjudicated,DEM;PSC;PSD;PSL;REPUBLICANOS,DEM;PSC;PSD;PSL;REPUBLICANOS,DEM;PSC;PSD;PSL;REPUBLICANOS,,,,established,,,
2021-02-13,bolsonaro,bolsonaro-2021-02-12,bolsonaro-2021-02-12,primary_adjudicated,DEM;PSC;PSD;PSL;REPUBLICANOS,DEM;PSC;PSD;PSL;REPUBLICANOS,DEM;PSC;PSD;PSL;REPUBLICANOS,,,,established,,,
2021-02-14,bolsonaro,bolsonaro-2021-02-12,bolsonaro-2021-02-12,primary_adjudicated,DEM;PSC;PSD;PSL;REPUBLICANOS,DEM;PSC;PSD;PSL;REPUBLICANOS,DEM;PSC;PSD;PSL;REPUBLICANOS,,,,established,,,
2021-02-15,bolsonaro,bolsonaro-2021-02-12,bolsonaro-2021-02-12,primary_adjudicated,DEM;PSC;PSD;PSL;REPUBLICANOS,DEM;PSC;PSD;PSL;REPUBLICANOS,DEM;PSC;PSD;PSL;REPUBLICANOS,,,,established,,,
2021-02-16,bolsonaro,bolsonaro-2021-02-12,bolsonaro-2021-02-12,primary_adjudicated,DEM;PSC;PSD;PSL;REPUBLICANOS,DEM;PSC;PSD;PSL;REPUBLICANOS,DEM;PSC;PSD;PSL;REPUBLICANOS,,,,established,,,
2021-02-17,bolsonaro,bolsonaro-2021-02-12,bolsonaro-2021-02-12,primary_adjudicated,DEM;PSC;PSD;PSL;REPUBLICANOS,DEM;PSC;PSD;PSL;REPUBLICANOS,DEM;PSC;PSD;PSL;REPUBLICANOS,,,,established,,,
2021-02-18,bolsonaro,bolsonaro-2021-02-12,bolsonaro-2021-02-12,primary_adjudicated,DEM;PSC;PSD;PSL;REPUBLICANOS,DEM;PSC;PSD;PSL;REPUBLICANOS,DEM;PSC;PSD;PSL;REPUBLICANOS,,,,established,,,
2021-02-19,bolsonaro,bolsonaro-2021-02-12,bolsonaro-2021-02-12,primary_adjudicated,DEM;PSC;PSD;PSL;REPUBLICANOS,DEM;PSC;PSD;PSL;REPUBLICANOS,DEM;PSC;PSD;PSL;REPUBLICANOS,,,,established,,,
2021-02-20,bolsonaro,bolsonaro-2021-02-12,bolsonaro-2021-02-12,primary_adjudicated,DEM;PSC;PSD;PSL;REPUBLICANOS,DEM;PSC;PSD;PSL;REPUBLICANOS,DEM;PSC;PSD;PSL;REPUBLICANOS,,,,established,,,
2021-02-21,bolsonaro,bolsonaro-2021-02-12,bolsonaro-2021-02-12,primary_adjudicated,DEM;PSC;PSD;PSL;REPUBLICANOS,DEM;PSC;PSD;PSL;REPUBLICANOS,DEM;PSC;PSD;PSL;REPUBLICANOS,,,,established,,,
2021-02-22,bolsonaro,bolsonaro-2021-02-12,bolsonaro-2021-02-12,primary_adjudicated,DEM;PSC;PSD;PSL;REPUBLICANOS,DEM;PSC;PSD;PSL;REPUBLICANOS,DEM;PSC;PSD;PSL;REPUBLICANOS,,,,established,,,
2021-02-23,bolsonaro,bolsonaro-2021-02-12,bolsonaro-2021-02-12,primary_adjudicated,DEM;PSC;PSD;PSL;REPUBLICANOS,DEM;PSC;PSD;PSL;REPUBLICANOS,DEM;PSC;PSD;PSL;REPUBLICANOS,,,,established,,,
2021-02-24,bolsonaro,bolsonaro-2021-02-12,bolsonaro-2021-02-12,primary_adjudicated,DEM;PSC;PSD;PSL;REPUBLICANOS,DEM;PSC;PSD;PSL;REPUBLICANOS,DEM;PSC;PSD;PSL;REPUBLICANOS,,,,established,,,
2021-02-25,bolsonaro,bolsonaro-2021-02-12,bolsonaro-2021-02-25,primary_adjudicated,DEM;PSC;PSD;PSL;REPUBLICANOS,DEM;PSC;PSD;PSL;REPUBLICANOS,DEM;PSC;PSD;PSL;REPUBLICANOS,,,,established,,,
2021-02-26,bolsonaro,bolsonaro-2021-02-12,bolsonaro-2021-02-25,primary_adjudicated,DEM;PSC;PSD;PSL;REPUBLICANOS,DEM;PSC;PSD;PSL;REPUBLICANOS,DEM;PSC;PSD;PSL;REPUBLICANOS,,,,established,,,
2021-02-27,bolsonaro,bolsonaro-2021-02-12,bolsonaro-2021-02-25,primary_adjudicated,DEM;PSC;PSD;PSL;REPUBLICANOS,DEM;PSC;PSD;PSL;REPUBLICANOS,DEM;PSC;PSD;PSL;REPUBLICANOS,,,,established,,,
2021-02-28,bolsonaro,bolsonaro-2021-02-12,bolsonaro-2021-02-25,primary_adjudicated,DEM;PSC;PSD;PSL;REPUBLICANOS,DEM;PSC;PSD;PSL;REPUBLICANOS,DEM;PSC;PSD;PSL;REPUBLICANOS,,,,established,,,
2021-03-01,bolsonaro,bolsonaro-2021-02-12,bolsonaro-2021-02-25,primary_adjudicated,DEM;PSC;PSD;PSL;REPUBLICANOS,DEM;PSC;PSD;PSL;REPUBLICANOS,DEM;PSC;PSD;PSL;REPUBLICANOS,,,,established,,,
2021-03-02,bolsonaro,bolsonaro-2021-02-12,bolsonaro-2021-02-25,primary_adjudicated,DEM;PSC;PSD;PSL;REPUBLICANOS,DEM;PSC;PSD;PSL;REPUBLICANOS,DEM;PSC;PSD;PSL;REPUBLICANOS,,,,established,,,
2021-03-03,bolsonaro,bolsonaro-2021-02-12,bolsonaro-2021-02-25,primary_adjudicated,DEM;PSC;PSD;PSL;REPUBLICANOS,DEM;PSC;PSD;PSL;REPUBLICANOS,DEM;PSC;PSD;PSL;REPUBLICANOS,,,,established,,,
2021-03-04,bolsonaro,bolsonaro-2021-02-12,bolsonaro-2021-02-25,primary_adjudicated,DEM;PSC;PSD;PSL;REPUBLICANOS,DEM;PSC;PSD;PSL;REPUBLICANOS,DEM;PSC;PSD;PSL;REPUBLICANOS,,,,established,,,
2021-03-05,bolsonaro,bolsonaro-2021-02-12,bolsonaro-2021-02-25,primary_adjudicated,DEM;PSC;PSD;PSL;REPUBLICANOS,DEM;PSC;PSD;PSL;REPUBLICANOS,DEM;PSC;PSD;PSL;REPUBLICANOS,,,,established,,,
2021-03-06,bolsonaro,bolsonaro-2021-02-12,bolsonaro-2021-02-25,primary_adjudicated,DEM;PSC;PSD;PSL;REPUBLICANOS,DEM;PSC;PSD;PSL;REPUBLICANOS,DEM;PSC;PSD;PSL;REPUBLICANOS,,,,established,,,
2021-03-07,bolsonaro,bolsonaro-2021-02-12,bolsonaro-2021-02-25,primary_adjudicated,DEM;PSC;PSD;PSL;REPUBLICANOS,DEM;PSC;PSD;PSL;REPUBLICANOS,DEM;PSC;PSD;PSL;REPUBLICANOS,,,,established,,,
2021-03-08,bolsonaro,bolsonaro-2021-02-12,bolsonaro-2021-02-25,primary_adjudicated,DEM;PSC;PSD;PSL;REPUBLICANOS,DEM;PSC;PSD;PSL;REPUBLICANOS,DEM;PSC;PSD;PSL;REPUBLICANOS,,,,established,,,
2021-03-09,bolsonaro,bolsonaro-2021-02-12,bolsonaro-2021-02-25,primary_adjudicated,DEM;PSC;PSD;PSL;REPUBLICANOS,DEM;PSC;PSD;PSL;REPUBLICANOS,DEM;PSC;PSD;PSL;REPUBLICANOS,,,,established,,,
2021-03-10,bolsonaro,bolsonaro-2021-02-12,bolsonaro-2021-02-25,primary_adjudicated,DEM;PSC;PSD;PSL;REPUBLICANOS,DEM;PSC;PSD;PSL;REPUBLICANOS,DEM;PSC;PSD;PSL;REPUBLICANOS,,,,established,,,
2021-03-11,bolsonaro,bolsonaro-2021-02-12,bolsonaro-2021-02-25,primary_adjudicated,DEM;PSC;PSD;PSL;REPUBLICANOS,DEM;PSC;PSD;PSL;REPUBLICANOS,DEM;PSC;PSD;PSL;REPUBLICANOS,,,,established,,,
2021-03-12,bolsonaro,bolsonaro-2021-02-12,bolsonaro-2021-02-25,primary_adjudicated,DEM;PSC;PSD;PSL;REPUBLICANOS,DEM;PSC;PSD;PSL;REPUBLICANOS,DEM;PSC;PSD;PSL;REPUBLICANOS,,,,established,,,
2021-03-13,bolsonaro,bolsonaro-2021-02-12,bolsonaro-2021-02-25,primary_adjudicated,DEM;PSC;PSD;PSL;REPUBLICANOS,DEM;PSC;PSD;PSL;REPUBLICANOS,DEM;PSC;PSD;PSL;REPUBLICANOS,,,,established,,,
2021-03-14,bolsonaro,bolsonaro-2021-02-12,bolsonaro-2021-02-25,primary_adjudicated,DEM;PSC;PSD;PSL;REPUBLICANOS,DEM;PSC;PSD;PSL;REPUBLICANOS,DEM;PSC;PSD;PSL;REPUBLICANOS,,,,established,,,
2021-03-15,bolsonaro,bolsonaro-2021-02-12,bolsonaro-2021-02-25,primary_adjudicated,DEM;PSC;PSD;PSL;REPUBLICANOS,DEM;PSC;PSD;PSL;REPUBLICANOS,DEM;PSC;PSD;PSL;REPUBLICANOS,,,,established,,,
2021-03-16,bolsonaro,bolsonaro-2021-02-12,bolsonaro-2021-02-25,primary_adjudicated,DEM;PSC;PSD;PSL;REPUBLICANOS,DEM;PSC;PSD;PSL;REPUBLICANOS,DEM;PSC;PSD;PSL;REPUBLICANOS,,,,established,,,
2021-03-17,bolsonaro,bolsonaro-2021-02-12,bolsonaro-2021-02-25,primary_adjudicated,DEM;PSC;PSD;PSL;REPUBLICANOS,DEM;PSC;PSD;PSL;REPUBLICANOS,DEM;PSC;PSD;PSL;REPUBLICANOS,,,,established,,,
2021-03-18,bolsonaro,bolsonaro-2021-02-12,bolsonaro-2021-02-25,primary_adjudicated,DEM;PSC;PSD;PSL;REPUBLICANOS,DEM;PSC;PSD;PSL;REPUBLICANOS,DEM;PSC;PSD;PSL;REPUBLICANOS,,,,established,,,
2021-03-19,bolsonaro,bolsonaro-2021-02-12,bolsonaro-2021-02-25,primary_adjudicated,DEM;PSC;PSD;PSL;REPUBLICANOS,DEM;PSC;PSD;PSL;REPUBLICANOS,DEM;PSC;PSD;PSL;REPUBLICANOS,,,,established,,,
2021-03-20,bolsonaro,bolsonaro-2021-02-12,bolsonaro-2021-02-25,primary_adjudicated,DEM;PSC;PSD;PSL;REPUBLICANOS,DEM;PSC;PSD;PSL;REPUBLICANOS,DEM;PSC;PSD;PSL;REPUBLICANOS,,,,established,,,
2021-03-21,bolsonaro,bolsonaro-2021-02-12,bolsonaro-2021-02-25,primary_adjudicated,DEM;PSC;PSD;PSL;REPUBLICANOS,DEM;PSC;PSD;PSL;REPUBLICANOS,DEM;PSC;PSD;PSL;REPUBLICANOS,,,,established,,,
2021-03-22,bolsonaro,bolsonaro-2021-02-12,bolsonaro-2021-02-25,primary_adjudicated,DEM;PSC;PSD;PSL;REPUBLICANOS,DEM;PSC;PSD;PSL;REPUBLICANOS,DEM;PSC;PSD;PSL;REPUBLICANOS,,,,established,,,
2021-03-23,bolsonaro,bolsonaro-2021-02-12,bolsonaro-2021-03-23,primary_adjudicated,DEM;PSC;PSD;PSL;REPUBLICANOS,DEM;PSC;PSD;PSL;REPUBLICANOS,DEM;PSC;PSD;PSL;REPUBLICANOS,,,,established,,,
2021-03-24,bolsonaro,bolsonaro-2021-02-12,bolsonaro-2021-03-23,primary_adjudicated,DEM;PSC;PSD;PSL;REPUBLICANOS,DEM;PSC;PSD;PSL;REPUBLICANOS,DEM;PSC;PSD;PSL;REPUBLICANOS,,,,established,,,
2021-03-25,bolsonaro,bolsonaro-2021-02-12,bolsonaro-2021-03-23,primary_adjudicated,DEM;PSC;PSD;PSL;REPUBLICANOS,DEM;PSC;PSD;PSL;REPUBLICANOS,DEM;PSC;PSD;PSL;REPUBLICANOS,,,,established,,,
2021-03-26,bolsonaro,bolsonaro-2021-02-12,bolsonaro-2021-03-23,primary_adjudicated,DEM;PSC;PSD;PSL;REPUBLICANOS,DEM;PSC;PSD;PSL;REPUBLICANOS,DEM;PSC;PSD;PSL;REPUBLICANOS,,,,established,,,
2021-03-27,bolsonaro,bolsonaro-2021-02-12,bolsonaro-2021-03-23,primary_adjudicated,DEM;PSC;PSD;PSL;REPUBLICANOS,DEM;PSC;PSD;PSL;REPUBLICANOS,DEM;PSC;PSD;PSL;REPUBLICANOS,,,,established,,,
2021-03-28,bolsonaro,bolsonaro-2021-02-12,bolsonaro-2021-03-23,primary_adjudicated,DEM;PSC;PSD;PSL;REPUBLICANOS,DEM;PSC;PSD;PSL;REPUBLICANOS,DEM;PSC;PSD;PSL;REPUBLICANOS,,,,established,,,
2021-03-29,bolsonaro,bolsonaro-2021-02-12,bolsonaro-2021-03-29,primary_adjudicated,DEM;PSC;PSD;PSL;REPUBLICANOS,DEM;PSC;PSD;PSL;REPUBLICANOS,DEM;PSC;PSD;PSL;REPUBLICANOS,,,,established,,,
2021-03-30,bolsonaro,bolsonaro-2021-02-12,bolsonaro-2021-03-30,primary_provisional,DEM;PSC;PSD;PSL;REPUBLICANOS,DEM;PSC;PSD;PSL;REPUBLICANOS,DEM;PSC;PSD;PSL;REPUBLICANOS,,person-jonathas-assuncao-salvador-nery-de-castro;person-otavio-brandelli;person-sergio-jose-pereira,,unidentified,person-jonathas-assuncao-salvador-nery-de-castro;person-otavio-brandelli;person-sergio-jose-pereira,V5A008;V5A009;V5A010,
2021-03-31,bolsonaro,bolsonaro-2021-03-31,bolsonaro-2021-03-31,primary_provisional,DEM;PL;PSC;PSD;PSL;REPUBLICANOS,DEM;PL;PSC;PSD;PSL;REPUBLICANOS,DEM;PL;PSC;PSD;PSL;REPUBLICANOS,,person-sergio-jose-pereira,,unidentified,person-sergio-jose-pereira,V5A010,
2021-04-01,bolsonaro,bolsonaro-2021-03-31,bolsonaro-2021-04-01,primary_adjudicated,DEM;PL;PSC;PSD;PSL;REPUBLICANOS,DEM;PL;PSC;PSD;PSL;REPUBLICANOS,DEM;PL;PSC;PSD;PSL;REPUBLICANOS,,,,established,,,
2021-04-02,bolsonaro,bolsonaro-2021-03-31,bolsonaro-2021-04-01,primary_adjudicated,DEM;PL;PSC;PSD;PSL;REPUBLICANOS,DEM;PL;PSC;PSD;PSL;REPUBLICANOS,DEM;PL;PSC;PSD;PSL;REPUBLICANOS,,,,established,,,
2021-04-03,bolsonaro,bolsonaro-2021-03-31,bolsonaro-2021-04-01,primary_adjudicated,DEM;PL;PSC;PSD;PSL;REPUBLICANOS,DEM;PL;PSC;PSD;PSL;REPUBLICANOS,DEM;PL;PSC;PSD;PSL;REPUBLICANOS,,,,established,,,
2021-04-04,bolsonaro,bolsonaro-2021-03-31,bolsonaro-2021-04-01,primary_adjudicated,DEM;PL;PSC;PSD;PSL;REPUBLICANOS,DEM;PL;PSC;PSD;PSL;REPUBLICANOS,DEM;PL;PSC;PSD;PSL;REPUBLICANOS,,,,established,,,
2021-04-05,bolsonaro,bolsonaro-2021-03-31,bolsonaro-2021-04-01,primary_adjudicated,DEM;PL;PSC;PSD;PSL;REPUBLICANOS,DEM;PL;PSC;PSD;PSL;REPUBLICANOS,DEM;PL;PSC;PSD;PSL;REPUBLICANOS,,,,established,,,
2021-04-06,bolsonaro,bolsonaro-2021-03-31,bolsonaro-2021-04-06,primary_adjudicated,DEM;PL;PSC;PSD;PSL;REPUBLICANOS,DEM;PL;PSC;PSD;PSL;REPUBLICANOS,DEM;PL;PSC;PSD;PSL;REPUBLICANOS,,,,established,,,
2021-04-07,bolsonaro,bolsonaro-2021-03-31,bolsonaro-2021-04-06,primary_adjudicated,DEM;PL;PSC;PSD;PSL;REPUBLICANOS,DEM;PL;PSC;PSD;PSL;REPUBLICANOS,DEM;PL;PSC;PSD;PSL;REPUBLICANOS,,,,established,,,
2021-04-08,bolsonaro,bolsonaro-2021-03-31,bolsonaro-2021-04-06,primary_adjudicated,DEM;PL;PSC;PSD;PSL;REPUBLICANOS,DEM;PL;PSC;PSD;PSL;REPUBLICANOS,DEM;PL;PSC;PSD;PSL;REPUBLICANOS,,,,established,,,
2021-04-09,bolsonaro,bolsonaro-2021-03-31,bolsonaro-2021-04-06,primary_adjudicated,DEM;PL;PSC;PSD;PSL;REPUBLICANOS,DEM;PL;PSC;PSD;PSL;REPUBLICANOS,DEM;PL;PSC;PSD;PSL;REPUBLICANOS,,,,established,,,
2021-04-10,bolsonaro,bolsonaro-2021-03-31,bolsonaro-2021-04-06,primary_adjudicated,DEM;PL;PSC;PSD;PSL;REPUBLICANOS,DEM;PL;PSC;PSD;PSL;REPUBLICANOS,DEM;PL;PSC;PSD;PSL;REPUBLICANOS,,,,established,,,
2021-04-11,bolsonaro,bolsonaro-2021-03-31,bolsonaro-2021-04-06,primary_adjudicated,DEM;PL;PSC;PSD;PSL;REPUBLICANOS,DEM;PL;PSC;PSD;PSL;REPUBLICANOS,DEM;PL;PSC;PSD;PSL;REPUBLICANOS,,,,established,,,
2021-04-12,bolsonaro,bolsonaro-2021-03-31,bolsonaro-2021-04-06,primary_adjudicated,DEM;PL;PSC;PSD;PSL;REPUBLICANOS,DEM;PL;PSC;PSD;PSL;REPUBLICANOS,DEM;PL;PSC;PSD;PSL;REPUBLICANOS,,,,established,,,
2021-04-13,bolsonaro,bolsonaro-2021-03-31,bolsonaro-2021-04-06,primary_adjudicated,DEM;PL;PSC;PSD;PSL;REPUBLICANOS,DEM;PL;PSC;PSD;PSL;REPUBLICANOS,DEM;PL;PSC;PSD;PSL;REPUBLICANOS,,,,established,,,
2021-04-14,bolsonaro,bolsonaro-2021-03-31,bolsonaro-2021-04-06,primary_adjudicated,DEM;PL;PSC;PSD;PSL;REPUBLICANOS,DEM;PL;PSC;PSD;PSL;REPUBLICANOS,DEM;PL;PSC;PSD;PSL;REPUBLICANOS,,,,established,,,
2021-04-15,bolsonaro,bolsonaro-2021-03-31,bolsonaro-2021-04-06,primary_adjudicated,DEM;PL;PSC;PSD;PSL;REPUBLICANOS,DEM;PL;PSC;PSD;PSL;REPUBLICANOS,DEM;PL;PSC;PSD;PSL;REPUBLICANOS,,,,established,,,
2021-04-16,bolsonaro,bolsonaro-2021-03-31,bolsonaro-2021-04-06,primary_adjudicated,DEM;PL;PSC;PSD;PSL;REPUBLICANOS,DEM;PL;PSC;PSD;PSL;REPUBLICANOS,DEM;PL;PSC;PSD;PSL;REPUBLICANOS,,,,established,,,
2021-04-17,bolsonaro,bolsonaro-2021-03-31,bolsonaro-2021-04-06,primary_adjudicated,DEM;PL;PSC;PSD;PSL;REPUBLICANOS,DEM;PL;PSC;PSD;PSL;REPUBLICANOS,DEM;PL;PSC;PSD;PSL;REPUBLICANOS,,,,established,,,
2021-04-18,bolsonaro,bolsonaro-2021-03-31,bolsonaro-2021-04-06,primary_adjudicated,DEM;PL;PSC;PSD;PSL;REPUBLICANOS,DEM;PL;PSC;PSD;PSL;REPUBLICANOS,DEM;PL;PSC;PSD;PSL;REPUBLICANOS,,,,established,,,
2021-04-19,bolsonaro,bolsonaro-2021-03-31,bolsonaro-2021-04-06,primary_adjudicated,DEM;PL;PSC;PSD;PSL;REPUBLICANOS,DEM;PL;PSC;PSD;PSL;REPUBLICANOS,DEM;PL;PSC;PSD;PSL;REPUBLICANOS,,,,established,,,
2021-04-20,bolsonaro,bolsonaro-2021-03-31,bolsonaro-2021-04-06,primary_adjudicated,DEM;PL;PSC;PSD;PSL;REPUBLICANOS,DEM;PL;PSC;PSD;PSL;REPUBLICANOS,DEM;PL;PSC;PSD;PSL;REPUBLICANOS,,,,established,,,
2021-04-21,bolsonaro,bolsonaro-2021-03-31,bolsonaro-2021-04-06,primary_adjudicated,DEM;PL;PSC;PSD;PSL;REPUBLICANOS,DEM;PL;PSC;PSD;PSL;REPUBLICANOS,DEM;PL;PSC;PSD;PSL;REPUBLICANOS,,,,established,,,
2021-04-22,bolsonaro,bolsonaro-2021-03-31,bolsonaro-2021-04-06,primary_adjudicated,DEM;PL;PSC;PSD;PSL;REPUBLICANOS,DEM;PL;PSC;PSD;PSL;REPUBLICANOS,DEM;PL;PSC;PSD;PSL;REPUBLICANOS,,,,established,,,
2021-04-23,bolsonaro,bolsonaro-2021-03-31,bolsonaro-2021-04-06,primary_adjudicated,DEM;PL;PSC;PSD;PSL;REPUBLICANOS,DEM;PL;PSC;PSD;PSL;REPUBLICANOS,DEM;PL;PSC;PSD;PSL;REPUBLICANOS,,,,established,,,
2021-04-24,bolsonaro,bolsonaro-2021-03-31,bolsonaro-2021-04-06,primary_adjudicated,DEM;PL;PSC;PSD;PSL;REPUBLICANOS,DEM;PL;PSC;PSD;PSL;REPUBLICANOS,DEM;PL;PSC;PSD;PSL;REPUBLICANOS,,,,established,,,
2021-04-25,bolsonaro,bolsonaro-2021-03-31,bolsonaro-2021-04-06,primary_adjudicated,DEM;PL;PSC;PSD;PSL;REPUBLICANOS,DEM;PL;PSC;PSD;PSL;REPUBLICANOS,DEM;PL;PSC;PSD;PSL;REPUBLICANOS,,,,established,,,
2021-04-26,bolsonaro,bolsonaro-2021-03-31,bolsonaro-2021-04-06,primary_adjudicated,DEM;PL;PSC;PSD;PSL;REPUBLICANOS,DEM;PL;PSC;PSD;PSL;REPUBLICANOS,DEM;PL;PSC;PSD;PSL;REPUBLICANOS,,,,established,,,
2021-04-27,bolsonaro,bolsonaro-2021-03-31,bolsonaro-2021-04-06,primary_adjudicated,DEM;PL;PSC;PSD;PSL;REPUBLICANOS,DEM;PL;PSC;PSD;PSL;REPUBLICANOS,DEM;PL;PSC;PSD;PSL;REPUBLICANOS,,,,established,,,
2021-04-28,bolsonaro,bolsonaro-2021-03-31,bolsonaro-2021-04-06,primary_adjudicated,DEM;PL;PSC;PSD;PSL;REPUBLICANOS,DEM;PL;PSC;PSD;PSL;REPUBLICANOS,DEM;PL;PSC;PSD;PSL;REPUBLICANOS,,,,established,,,
2021-04-29,bolsonaro,bolsonaro-2021-03-31,bolsonaro-2021-04-06,primary_adjudicated,DEM;PL;PSC;PSD;PSL;REPUBLICANOS,DEM;PL;PSC;PSD;PSL;REPUBLICANOS,DEM;PL;PSC;PSD;PSL;REPUBLICANOS,,,,established,,,
2021-04-30,bolsonaro,bolsonaro-2021-03-31,bolsonaro-2021-04-06,primary_adjudicated,DEM;PL;PSC;PSD;PSL;REPUBLICANOS,DEM;PL;PSC;PSD;PSL;REPUBLICANOS,DEM;PL;PSC;PSD;PSL;REPUBLICANOS,,,,established,,,
2021-05-01,bolsonaro,bolsonaro-2021-03-31,bolsonaro-2021-04-06,primary_adjudicated,DEM;PL;PSC;PSD;PSL;REPUBLICANOS,DEM;PL;PSC;PSD;PSL;REPUBLICANOS,DEM;PL;PSC;PSD;PSL;REPUBLICANOS,,,,established,,,
2021-05-02,bolsonaro,bolsonaro-2021-03-31,bolsonaro-2021-04-06,primary_adjudicated,DEM;PL;PSC;PSD;PSL;REPUBLICANOS,DEM;PL;PSC;PSD;PSL;REPUBLICANOS,DEM;PL;PSC;PSD;PSL;REPUBLICANOS,,,,established,,,
2021-05-03,bolsonaro,bolsonaro-2021-03-31,bolsonaro-2021-04-06,primary_adjudicated,DEM;PL;PSC;PSD;PSL;REPUBLICANOS,DEM;PL;PSC;PSD;PSL;REPUBLICANOS,DEM;PL;PSC;PSD;PSL;REPUBLICANOS,,,,established,,,
2021-05-04,bolsonaro,bolsonaro-2021-03-31,bolsonaro-2021-04-06,primary_adjudicated,DEM;PL;PSC;PSD;PSL;REPUBLICANOS,DEM;PL;PSC;PSD;PSL;REPUBLICANOS,DEM;PL;PSC;PSD;PSL;REPUBLICANOS,,,,established,,,
2021-05-05,bolsonaro,bolsonaro-2021-03-31,bolsonaro-2021-04-06,primary_adjudicated,DEM;PL;PSC;PSD;PSL;REPUBLICANOS,DEM;PL;PSC;PSD;PSL;REPUBLICANOS,DEM;PL;PSC;PSD;PSL;REPUBLICANOS,,,,established,,,
2021-05-06,bolsonaro,bolsonaro-2021-03-31,bolsonaro-2021-04-06,primary_adjudicated,DEM;PL;PSC;PSD;PSL;REPUBLICANOS,DEM;PL;PSC;PSD;PSL;REPUBLICANOS,DEM;PL;PSC;PSD;PSL;REPUBLICANOS,,,,established,,,
2021-05-07,bolsonaro,bolsonaro-2021-03-31,bolsonaro-2021-04-06,primary_adjudicated,DEM;PL;PSC;PSD;PSL;REPUBLICANOS,DEM;PL;PSC;PSD;PSL;REPUBLICANOS,DEM;PL;PSC;PSD;PSL;REPUBLICANOS,,,,established,,,
2021-05-08,bolsonaro,bolsonaro-2021-03-31,bolsonaro-2021-04-06,primary_adjudicated,DEM;PL;PSC;PSD;PSL;REPUBLICANOS,DEM;PL;PSC;PSD;PSL;REPUBLICANOS,DEM;PL;PSC;PSD;PSL;REPUBLICANOS,,,,established,,,
2021-05-09,bolsonaro,bolsonaro-2021-03-31,bolsonaro-2021-04-06,primary_adjudicated,DEM;PL;PSC;PSD;PSL;REPUBLICANOS,DEM;PL;PSC;PSD;PSL;REPUBLICANOS,DEM;PL;PSC;PSD;PSL;REPUBLICANOS,,,,established,,,
2021-05-10,bolsonaro,bolsonaro-2021-03-31,bolsonaro-2021-04-06,primary_adjudicated,DEM;PL;PSC;PSD;PSL;REPUBLICANOS,DEM;PL;PSC;PSD;PSL;REPUBLICANOS,DEM;PL;PSC;PSD;PSL;REPUBLICANOS,,,,established,,,
2021-05-11,bolsonaro,bolsonaro-2021-03-31,bolsonaro-2021-04-06,primary_adjudicated,DEM;PL;PSC;PSD;PSL;REPUBLICANOS,DEM;PL;PSC;PSD;PSL;REPUBLICANOS,DEM;PL;PSC;PSD;PSL;REPUBLICANOS,,,,established,,,
2021-05-12,bolsonaro,bolsonaro-2021-03-31,bolsonaro-2021-04-06,primary_adjudicated,DEM;PL;PSC;PSD;PSL;REPUBLICANOS,DEM;PL;PSC;PSD;PSL;REPUBLICANOS,DEM;PL;PSC;PSD;PSL;REPUBLICANOS,,,,established,,,
2021-05-13,bolsonaro,bolsonaro-2021-03-31,bolsonaro-2021-04-06,primary_adjudicated,DEM;PL;PSC;PSD;PSL;REPUBLICANOS,DEM;PL;PSC;PSD;PSL;REPUBLICANOS,DEM;PL;PSC;PSD;PSL;REPUBLICANOS,,,,established,,,
2021-05-14,bolsonaro,bolsonaro-2021-03-31,bolsonaro-2021-04-06,primary_adjudicated,DEM;PL;PSC;PSD;PSL;REPUBLICANOS,DEM;PL;PSC;PSD;PSL;REPUBLICANOS,DEM;PL;PSC;PSD;PSL;REPUBLICANOS,,,,established,,,
2021-05-15,bolsonaro,bolsonaro-2021-03-31,bolsonaro-2021-04-06,primary_adjudicated,DEM;PL;PSC;PSD;PSL;REPUBLICANOS,DEM;PL;PSC;PSD;PSL;REPUBLICANOS,DEM;PL;PSC;PSD;PSL;REPUBLICANOS,,,,established,,,
2021-05-16,bolsonaro,bolsonaro-2021-03-31,bolsonaro-2021-04-06,primary_adjudicated,DEM;PL;PSC;PSD;PSL;REPUBLICANOS,DEM;PL;PSC;PSD;PSL;REPUBLICANOS,DEM;PL;PSC;PSD;PSL;REPUBLICANOS,,,,established,,,
2021-05-17,bolsonaro,bolsonaro-2021-03-31,bolsonaro-2021-04-06,primary_adjudicated,DEM;PL;PSC;PSD;PSL;REPUBLICANOS,DEM;PL;PSC;PSD;PSL;REPUBLICANOS,DEM;PL;PSC;PSD;PSL;REPUBLICANOS,,,,established,,,
2021-05-18,bolsonaro,bolsonaro-2021-03-31,bolsonaro-2021-04-06,primary_adjudicated,DEM;PL;PSC;PSD;PSL;REPUBLICANOS,DEM;PL;PSC;PSD;PSL;REPUBLICANOS,DEM;PL;PSC;PSD;PSL;REPUBLICANOS,,,,established,,,
2021-05-19,bolsonaro,bolsonaro-2021-03-31,bolsonaro-2021-04-06,primary_adjudicated,DEM;PL;PSC;PSD;PSL;REPUBLICANOS,DEM;PL;PSC;PSD;PSL;REPUBLICANOS,DEM;PL;PSC;PSD;PSL;REPUBLICANOS,,,,established,,,
2021-05-20,bolsonaro,bolsonaro-2021-03-31,bolsonaro-2021-04-06,primary_adjudicated,DEM;PL;PSC;PSD;PSL;REPUBLICANOS,DEM;PL;PSC;PSD;PSL;REPUBLICANOS,DEM;PL;PSC;PSD;PSL;REPUBLICANOS,,,,established,,,
2021-05-21,bolsonaro,bolsonaro-2021-03-31,bolsonaro-2021-04-06,primary_adjudicated,DEM;PL;PSC;PSD;PSL;REPUBLICANOS,DEM;PL;PSC;PSD;PSL;REPUBLICANOS,DEM;PL;PSC;PSD;PSL;REPUBLICANOS,,,,established,,,
2021-05-22,bolsonaro,bolsonaro-2021-03-31,bolsonaro-2021-04-06,primary_adjudicated,DEM;PL;PSC;PSD;PSL;REPUBLICANOS,DEM;PL;PSC;PSD;PSL;REPUBLICANOS,DEM;PL;PSC;PSD;PSL;REPUBLICANOS,,,,established,,,
2021-05-23,bolsonaro,bolsonaro-2021-03-31,bolsonaro-2021-04-06,primary_adjudicated,DEM;PL;PSC;PSD;PSL;REPUBLICANOS,DEM;PL;PSC;PSD;PSL;REPUBLICANOS,DEM;PL;PSC;PSD;PSL;REPUBLICANOS,,,,established,,,
2021-05-24,bolsonaro,bolsonaro-2021-03-31,bolsonaro-2021-04-06,primary_adjudicated,DEM;PL;PSC;PSD;PSL;REPUBLICANOS,DEM;PL;PSC;PSD;PSL;REPUBLICANOS,DEM;PL;PSC;PSD;PSL;REPUBLICANOS,,,,established,,,
2021-05-25,bolsonaro,bolsonaro-2021-03-31,bolsonaro-2021-04-06,primary_adjudicated,DEM;PL;PSC;PSD;PSL;REPUBLICANOS,DEM;PL;PSC;PSD;PSL;REPUBLICANOS,DEM;PL;PSC;PSD;PSL;REPUBLICANOS,,,,established,,,
2021-05-26,bolsonaro,bolsonaro-2021-03-31,bolsonaro-2021-04-06,primary_adjudicated,DEM;PL;PSC;PSD;PSL;REPUBLICANOS,DEM;PL;PSC;PSD;PSL;REPUBLICANOS,DEM;PL;PSC;PSD;PSL;REPUBLICANOS,,,,established,,,
2021-05-27,bolsonaro,bolsonaro-2021-03-31,bolsonaro-2021-04-06,primary_adjudicated,DEM;PL;PSC;PSD;PSL;REPUBLICANOS,DEM;PL;PSC;PSD;PSL;REPUBLICANOS,DEM;PL;PSC;PSD;PSL;REPUBLICANOS,,,,established,,,
2021-05-28,bolsonaro,bolsonaro-2021-03-31,bolsonaro-2021-04-06,primary_adjudicated,DEM;PL;PSC;PSD;PSL;REPUBLICANOS,DEM;PL;PSC;PSD;PSL;REPUBLICANOS,DEM;PL;PSC;PSD;PSL;REPUBLICANOS,,,,established,,,
2021-05-29,bolsonaro,bolsonaro-2021-03-31,bolsonaro-2021-04-06,primary_adjudicated,DEM;PL;PSC;PSD;PSL;REPUBLICANOS,DEM;PL;PSC;PSD;PSL;REPUBLICANOS,DEM;PL;PSC;PSD;PSL;REPUBLICANOS,,,,established,,,
2021-05-30,bolsonaro,bolsonaro-2021-03-31,bolsonaro-2021-04-06,primary_adjudicated,DEM;PL;PSC;PSD;PSL;REPUBLICANOS,DEM;PL;PSC;PSD;PSL;REPUBLICANOS,DEM;PL;PSC;PSD;PSL;REPUBLICANOS,,,,established,,,
2021-05-31,bolsonaro,bolsonaro-2021-03-31,bolsonaro-2021-04-06,primary_adjudicated,DEM;PL;PSC;PSD;PSL;REPUBLICANOS,DEM;PL;PSC;PSD;PSL;REPUBLICANOS,DEM;PL;PSC;PSD;PSL;REPUBLICANOS,,,,established,,,
2021-06-01,bolsonaro,bolsonaro-2021-03-31,bolsonaro-2021-04-06,primary_adjudicated,DEM;PL;PSC;PSD;PSL;REPUBLICANOS,DEM;PL;PSC;PSD;PSL;REPUBLICANOS,DEM;PL;PSC;PSD;PSL;REPUBLICANOS,,,,established,,,
2021-06-02,bolsonaro,bolsonaro-2021-03-31,bolsonaro-2021-04-06,primary_adjudicated,DEM;PL;PSC;PSD;PSL;REPUBLICANOS,DEM;PL;PSC;PSD;PSL;REPUBLICANOS,DEM;PL;PSC;PSD;PSL;REPUBLICANOS,,,,established,,,
2021-06-03,bolsonaro,bolsonaro-2021-03-31,bolsonaro-2021-04-06,primary_adjudicated,DEM;PL;PSC;PSD;PSL;REPUBLICANOS,DEM;PL;PSC;PSD;PSL;REPUBLICANOS,DEM;PL;PSC;PSD;PSL;REPUBLICANOS,,,,established,,,
2021-06-04,bolsonaro,bolsonaro-2021-03-31,bolsonaro-2021-04-06,primary_adjudicated,DEM;PL;PSC;PSD;PSL;REPUBLICANOS,DEM;PL;PSC;PSD;PSL;REPUBLICANOS,DEM;PL;PSC;PSD;PSL;REPUBLICANOS,,,,established,,,
2021-06-05,bolsonaro,bolsonaro-2021-03-31,bolsonaro-2021-04-06,primary_adjudicated,DEM;PL;PSC;PSD;PSL;REPUBLICANOS,DEM;PL;PSC;PSD;PSL;REPUBLICANOS,DEM;PL;PSC;PSD;PSL;REPUBLICANOS,,,,established,,,
2021-06-06,bolsonaro,bolsonaro-2021-03-31,bolsonaro-2021-04-06,primary_adjudicated,DEM;PL;PSC;PSD;PSL;REPUBLICANOS,DEM;PL;PSC;PSD;PSL;REPUBLICANOS,DEM;PL;PSC;PSD;PSL;REPUBLICANOS,,,,established,,,
2021-06-07,bolsonaro,bolsonaro-2021-03-31,bolsonaro-2021-04-06,primary_adjudicated,DEM;PL;PSC;PSD;PSL;REPUBLICANOS,DEM;PL;PSC;PSD;PSL;REPUBLICANOS,DEM;PL;PSC;PSD;PSL;REPUBLICANOS,,,,established,,,
2021-06-08,bolsonaro,bolsonaro-2021-03-31,bolsonaro-2021-04-06,primary_adjudicated,DEM;PL;PSC;PSD;PSL;REPUBLICANOS,DEM;PL;PSC;PSD;PSL;REPUBLICANOS,DEM;PL;PSC;PSD;PSL;REPUBLICANOS,,,,established,,,
2021-06-09,bolsonaro,bolsonaro-2021-03-31,bolsonaro-2021-04-06,primary_adjudicated,DEM;PL;PSC;PSD;PSL;REPUBLICANOS,DEM;PL;PSC;PSD;PSL;REPUBLICANOS,DEM;PL;PSC;PSD;PSL;REPUBLICANOS,,,,established,,,
2021-06-10,bolsonaro,bolsonaro-2021-03-31,bolsonaro-2021-04-06,primary_adjudicated,DEM;PL;PSC;PSD;PSL;REPUBLICANOS,DEM;PL;PSC;PSD;PSL;REPUBLICANOS,DEM;PL;PSC;PSD;PSL;REPUBLICANOS,,,,established,,,
2021-06-11,bolsonaro,bolsonaro-2021-03-31,bolsonaro-2021-04-06,primary_adjudicated,DEM;PL;PSC;PSD;PSL;REPUBLICANOS,DEM;PL;PSC;PSD;PSL;REPUBLICANOS,DEM;PL;PSC;PSD;PSL;REPUBLICANOS,,,,established,,,
2021-06-12,bolsonaro,bolsonaro-2021-03-31,bolsonaro-2021-04-06,primary_adjudicated,DEM;PL;PSC;PSD;PSL;REPUBLICANOS,DEM;PL;PSC;PSD;PSL;REPUBLICANOS,DEM;PL;PSC;PSD;PSL;REPUBLICANOS,,,,established,,,
2021-06-13,bolsonaro,bolsonaro-2021-03-31,bolsonaro-2021-04-06,primary_adjudicated,DEM;PL;PSC;PSD;PSL;REPUBLICANOS,DEM;PL;PSC;PSD;PSL;REPUBLICANOS,DEM;PL;PSC;PSD;PSL;REPUBLICANOS,,,,established,,,
2021-06-14,bolsonaro,bolsonaro-2021-03-31,bolsonaro-2021-04-06,primary_adjudicated,DEM;PL;PSC;PSD;PSL;REPUBLICANOS,DEM;PL;PSC;PSD;PSL;REPUBLICANOS,DEM;PL;PSC;PSD;PSL;REPUBLICANOS,,,,established,,,
2021-06-15,bolsonaro,bolsonaro-2021-03-31,bolsonaro-2021-04-06,primary_adjudicated,DEM;PL;PSC;PSD;PSL;REPUBLICANOS,DEM;PL;PSC;PSD;PSL;REPUBLICANOS,DEM;PL;PSC;PSD;PSL;REPUBLICANOS,,,,established,,,
2021-06-16,bolsonaro,bolsonaro-2021-03-31,bolsonaro-2021-04-06,primary_adjudicated,DEM;PL;PSC;PSD;PSL;REPUBLICANOS,DEM;PL;PSC;PSD;PSL;REPUBLICANOS,DEM;PL;PSC;PSD;PSL;REPUBLICANOS,,,,established,,,
2021-06-17,bolsonaro,bolsonaro-2021-03-31,bolsonaro-2021-04-06,primary_adjudicated,DEM;PL;PSC;PSD;PSL;REPUBLICANOS,DEM;PL;PSC;PSD;PSL;REPUBLICANOS,DEM;PL;PSC;PSD;PSL;REPUBLICANOS,,,,established,,,
2021-06-18,bolsonaro,bolsonaro-2021-03-31,bolsonaro-2021-04-06,primary_adjudicated,DEM;PL;PSC;PSD;PSL;REPUBLICANOS,DEM;PL;PSC;PSD;PSL;REPUBLICANOS,DEM;PL;PSC;PSD;PSL;REPUBLICANOS,,,,established,,,
2021-06-19,bolsonaro,bolsonaro-2021-03-31,bolsonaro-2021-04-06,primary_adjudicated,DEM;PL;PSC;PSD;PSL;REPUBLICANOS,DEM;PL;PSC;PSD;PSL;REPUBLICANOS,DEM;PL;PSC;PSD;PSL;REPUBLICANOS,,,,established,,,
2021-06-20,bolsonaro,bolsonaro-2021-03-31,bolsonaro-2021-04-06,primary_adjudicated,DEM;PL;PSC;PSD;PSL;REPUBLICANOS,DEM;PL;PSC;PSD;PSL;REPUBLICANOS,DEM;PL;PSC;PSD;PSL;REPUBLICANOS,,,,established,,,
2021-06-21,bolsonaro,bolsonaro-2021-03-31,bolsonaro-2021-04-06,primary_adjudicated,DEM;PL;PSC;PSD;PSL;REPUBLICANOS,DEM;PL;PSC;PSD;PSL;REPUBLICANOS,DEM;PL;PSC;PSD;PSL;REPUBLICANOS,,,,established,,,
2021-06-22,bolsonaro,bolsonaro-2021-03-31,bolsonaro-2021-04-06,primary_adjudicated,DEM;PL;PSC;PSD;PSL;REPUBLICANOS,DEM;PL;PSC;PSD;PSL;REPUBLICANOS,DEM;PL;PSC;PSD;PSL;REPUBLICANOS,,,,established,,,
2021-06-23,bolsonaro,bolsonaro-2021-03-31,bolsonaro-2021-06-23,primary_adjudicated,DEM;PL;PSC;PSD;PSL;REPUBLICANOS,DEM;PL;PSC;PSD;PSL;REPUBLICANOS,DEM;PL;PSC;PSD;PSL;REPUBLICANOS,,,,established,,,
2021-06-24,bolsonaro,bolsonaro-2021-03-31,bolsonaro-2021-06-23,primary_adjudicated,DEM;PL;PSC;PSD;PSL;REPUBLICANOS,DEM;PL;PSC;PSD;PSL;REPUBLICANOS,DEM;PL;PSC;PSD;PSL;REPUBLICANOS,,,,established,,,
2021-06-25,bolsonaro,bolsonaro-2021-03-31,bolsonaro-2021-06-23,primary_adjudicated,DEM;PL;PSC;PSD;PSL;REPUBLICANOS,DEM;PL;PSC;PSD;PSL;REPUBLICANOS,DEM;PL;PSC;PSD;PSL;REPUBLICANOS,,,,established,,,
2021-06-26,bolsonaro,bolsonaro-2021-03-31,bolsonaro-2021-06-23,primary_adjudicated,DEM;PL;PSC;PSD;PSL;REPUBLICANOS,DEM;PL;PSC;PSD;PSL;REPUBLICANOS,DEM;PL;PSC;PSD;PSL;REPUBLICANOS,,,,established,,,
2021-06-27,bolsonaro,bolsonaro-2021-03-31,bolsonaro-2021-06-23,primary_adjudicated,DEM;PL;PSC;PSD;PSL;REPUBLICANOS,DEM;PL;PSC;PSD;PSL;REPUBLICANOS,DEM;PL;PSC;PSD;PSL;REPUBLICANOS,,,,established,,,
2021-06-28,bolsonaro,bolsonaro-2021-03-31,bolsonaro-2021-06-23,primary_adjudicated,DEM;PL;PSC;PSD;PSL;REPUBLICANOS,DEM;PL;PSC;PSD;PSL;REPUBLICANOS,DEM;PL;PSC;PSD;PSL;REPUBLICANOS,,,,established,,,
2021-06-29,bolsonaro,bolsonaro-2021-03-31,bolsonaro-2021-06-23,primary_adjudicated,DEM;PL;PSC;PSD;PSL;REPUBLICANOS,DEM;PL;PSC;PSD;PSL;REPUBLICANOS,DEM;PL;PSC;PSD;PSL;REPUBLICANOS,,,,established,,,
2021-06-30,bolsonaro,bolsonaro-2021-03-31,bolsonaro-2021-06-23,primary_adjudicated,DEM;PL;PSC;PSD;PSL;REPUBLICANOS,DEM;PL;PSC;PSD;PSL;REPUBLICANOS,DEM;PL;PSC;PSD;PSL;REPUBLICANOS,,,,established,,,
2021-07-01,bolsonaro,bolsonaro-2021-03-31,bolsonaro-2021-06-23,primary_adjudicated,DEM;PL;PSC;PSD;PSL;REPUBLICANOS,DEM;PL;PSC;PSD;PSL;REPUBLICANOS,DEM;PL;PSC;PSD;PSL;REPUBLICANOS,,,,established,,,
2021-07-02,bolsonaro,bolsonaro-2021-03-31,bolsonaro-2021-06-23,primary_adjudicated,DEM;PL;PSC;PSD;PSL;REPUBLICANOS,DEM;PL;PSC;PSD;PSL;REPUBLICANOS,DEM;PL;PSC;PSD;PSL;REPUBLICANOS,,,,established,,,
2021-07-03,bolsonaro,bolsonaro-2021-03-31,bolsonaro-2021-06-23,primary_adjudicated,DEM;PL;PSC;PSD;PSL;REPUBLICANOS,DEM;PL;PSC;PSD;PSL;REPUBLICANOS,DEM;PL;PSC;PSD;PSL;REPUBLICANOS,,,,established,,,
2021-07-04,bolsonaro,bolsonaro-2021-03-31,bolsonaro-2021-06-23,primary_adjudicated,DEM;PL;PSC;PSD;PSL;REPUBLICANOS,DEM;PL;PSC;PSD;PSL;REPUBLICANOS,DEM;PL;PSC;PSD;PSL;REPUBLICANOS,,,,established,,,
2021-07-05,bolsonaro,bolsonaro-2021-03-31,bolsonaro-2021-06-23,primary_adjudicated,DEM;PL;PSC;PSD;PSL;REPUBLICANOS,DEM;PL;PSC;PSD;PSL;REPUBLICANOS,DEM;PL;PSC;PSD;PSL;REPUBLICANOS,,,,established,,,
2021-07-06,bolsonaro,bolsonaro-2021-03-31,bolsonaro-2021-06-23,primary_adjudicated,DEM;PL;PSC;PSD;PSL;REPUBLICANOS,DEM;PL;PSC;PSD;PSL;REPUBLICANOS,DEM;PL;PSC;PSD;PSL;REPUBLICANOS,,,,established,,,
2021-07-07,bolsonaro,bolsonaro-2021-03-31,bolsonaro-2021-06-23,primary_adjudicated,DEM;PL;PSC;PSD;PSL;REPUBLICANOS,DEM;PL;PSC;PSD;PSL;REPUBLICANOS,DEM;PL;PSC;PSD;PSL;REPUBLICANOS,,,,established,,,
2021-07-08,bolsonaro,bolsonaro-2021-03-31,bolsonaro-2021-06-23,primary_adjudicated,DEM;PL;PSC;PSD;PSL;REPUBLICANOS,DEM;PL;PSC;PSD;PSL;REPUBLICANOS,DEM;PL;PSC;PSD;PSL;REPUBLICANOS,,,,established,,,
2021-07-09,bolsonaro,bolsonaro-2021-03-31,bolsonaro-2021-06-23,primary_adjudicated,DEM;PL;PSC;PSD;PSL;REPUBLICANOS,DEM;PL;PSC;PSD;PSL;REPUBLICANOS,DEM;PL;PSC;PSD;PSL;REPUBLICANOS,,,,established,,,
2021-07-10,bolsonaro,bolsonaro-2021-03-31,bolsonaro-2021-06-23,primary_adjudicated,DEM;PL;PSC;PSD;PSL;REPUBLICANOS,DEM;PL;PSC;PSD;PSL;REPUBLICANOS,DEM;PL;PSC;PSD;PSL;REPUBLICANOS,,,,established,,,
2021-07-11,bolsonaro,bolsonaro-2021-03-31,bolsonaro-2021-06-23,primary_adjudicated,DEM;PL;PSC;PSD;PSL;REPUBLICANOS,DEM;PL;PSC;PSD;PSL;REPUBLICANOS,DEM;PL;PSC;PSD;PSL;REPUBLICANOS,,,,established,,,
2021-07-12,bolsonaro,bolsonaro-2021-03-31,bolsonaro-2021-06-23,primary_adjudicated,DEM;PL;PSC;PSD;PSL;REPUBLICANOS,DEM;PL;PSC;PSD;PSL;REPUBLICANOS,DEM;PL;PSC;PSD;PSL;REPUBLICANOS,,,,established,,,
2021-07-13,bolsonaro,bolsonaro-2021-03-31,bolsonaro-2021-06-23,primary_adjudicated,DEM;PL;PSC;PSD;PSL;REPUBLICANOS,DEM;PL;PSC;PSD;PSL;REPUBLICANOS,DEM;PL;PSC;PSD;PSL;REPUBLICANOS,,,,established,,,
2021-07-14,bolsonaro,bolsonaro-2021-03-31,bolsonaro-2021-06-23,primary_adjudicated,DEM;PL;PSC;PSD;PSL;REPUBLICANOS,DEM;PL;PSC;PSD;PSL;REPUBLICANOS,DEM;PL;PSC;PSD;PSL;REPUBLICANOS,,,,established,,,
2021-07-15,bolsonaro,bolsonaro-2021-03-31,bolsonaro-2021-06-23,primary_adjudicated,DEM;PL;PSC;PSD;PSL;REPUBLICANOS,DEM;PL;PSC;PSD;PSL;REPUBLICANOS,DEM;PL;PSC;PSD;PSL;REPUBLICANOS,,,,established,,,
2021-07-16,bolsonaro,bolsonaro-2021-03-31,bolsonaro-2021-06-23,primary_adjudicated,DEM;PL;PSC;PSD;PSL;REPUBLICANOS,DEM;PL;PSC;PSD;PSL;REPUBLICANOS,DEM;PL;PSC;PSD;PSL;REPUBLICANOS,,,,established,,,
2021-07-17,bolsonaro,bolsonaro-2021-03-31,bolsonaro-2021-06-23,primary_adjudicated,DEM;PL;PSC;PSD;PSL;REPUBLICANOS,DEM;PL;PSC;PSD;PSL;REPUBLICANOS,DEM;PL;PSC;PSD;PSL;REPUBLICANOS,,,,established,,,
2021-07-18,bolsonaro,bolsonaro-2021-03-31,bolsonaro-2021-06-23,primary_adjudicated,DEM;PL;PSC;PSD;PSL;REPUBLICANOS,DEM;PL;PSC;PSD;PSL;REPUBLICANOS,DEM;PL;PSC;PSD;PSL;REPUBLICANOS,,,,established,,,
2021-07-19,bolsonaro,bolsonaro-2021-03-31,bolsonaro-2021-06-23,primary_adjudicated,DEM;PL;PSC;PSD;PSL;REPUBLICANOS,DEM;PL;PSC;PSD;PSL;REPUBLICANOS,DEM;PL;PSC;PSD;PSL;REPUBLICANOS,,,,established,,,
2021-07-20,bolsonaro,bolsonaro-2021-03-31,bolsonaro-2021-06-23,primary_adjudicated,DEM;PL;PSC;PSD;PSL;REPUBLICANOS,DEM;PL;PSC;PSD;PSL;REPUBLICANOS,DEM;PL;PSC;PSD;PSL;REPUBLICANOS,,,,established,,,
2021-07-21,bolsonaro,bolsonaro-2021-03-31,bolsonaro-2021-06-23,primary_adjudicated,DEM;PL;PSC;PSD;PSL;REPUBLICANOS,DEM;PL;PSC;PSD;PSL;REPUBLICANOS,DEM;PL;PSC;PSD;PSL;REPUBLICANOS,,,,established,,,
2021-07-22,bolsonaro,bolsonaro-2021-03-31,bolsonaro-2021-06-23,primary_adjudicated,DEM;PL;PSC;PSD;PSL;REPUBLICANOS,DEM;PL;PSC;PSD;PSL;REPUBLICANOS,DEM;PL;PSC;PSD;PSL;REPUBLICANOS,,,,established,,,
2021-07-23,bolsonaro,bolsonaro-2021-03-31,bolsonaro-2021-06-23,primary_adjudicated,DEM;PL;PSC;PSD;PSL;REPUBLICANOS,DEM;PL;PSC;PSD;PSL;REPUBLICANOS,DEM;PL;PSC;PSD;PSL;REPUBLICANOS,,,,established,,,
2021-07-24,bolsonaro,bolsonaro-2021-03-31,bolsonaro-2021-06-23,primary_adjudicated,DEM;PL;PSC;PSD;PSL;REPUBLICANOS,DEM;PL;PSC;PSD;PSL;REPUBLICANOS,DEM;PL;PSC;PSD;PSL;REPUBLICANOS,,,,established,,,
2021-07-25,bolsonaro,bolsonaro-2021-03-31,bolsonaro-2021-06-23,primary_adjudicated,DEM;PL;PSC;PSD;PSL;REPUBLICANOS,DEM;PL;PSC;PSD;PSL;REPUBLICANOS,DEM;PL;PSC;PSD;PSL;REPUBLICANOS,,,,established,,,
2021-07-26,bolsonaro,bolsonaro-2021-03-31,bolsonaro-2021-06-23,primary_adjudicated,DEM;PL;PSC;PSD;PSL;REPUBLICANOS,DEM;PL;PSC;PSD;PSL;REPUBLICANOS,DEM;PL;PSC;PSD;PSL;REPUBLICANOS,,,,established,,,
2021-07-27,bolsonaro,bolsonaro-2021-03-31,bolsonaro-2021-06-23,primary_adjudicated,DEM;PL;PSC;PSD;PSL;REPUBLICANOS,DEM;PL;PSC;PSD;PSL;REPUBLICANOS,DEM;PL;PSC;PSD;PSL;REPUBLICANOS,,,,established,,,
2021-07-28,bolsonaro,bolsonaro-2021-07-28,bolsonaro-2021-07-28,primary_adjudicated,DEM;PL;PP;PSC;PSD;PSL;REPUBLICANOS,DEM;PL;PP;PSC;PSD;PSL;REPUBLICANOS,DEM;PL;PP;PSC;PSD;PSL;REPUBLICANOS,,,,established,,,
2021-07-29,bolsonaro,bolsonaro-2021-07-28,bolsonaro-2021-07-28,primary_adjudicated,DEM;PL;PP;PSC;PSD;PSL;REPUBLICANOS,DEM;PL;PP;PSC;PSD;PSL;REPUBLICANOS,DEM;PL;PP;PSC;PSD;PSL;REPUBLICANOS,,,,established,,,
2021-07-30,bolsonaro,bolsonaro-2021-07-28,bolsonaro-2021-07-28,primary_adjudicated,DEM;PL;PP;PSC;PSD;PSL;REPUBLICANOS,DEM;PL;PP;PSC;PSD;PSL;REPUBLICANOS,DEM;PL;PP;PSC;PSD;PSL;REPUBLICANOS,,,,established,,,
2021-07-31,bolsonaro,bolsonaro-2021-07-28,bolsonaro-2021-07-28,primary_adjudicated,DEM;PL;PP;PSC;PSD;PSL;REPUBLICANOS,DEM;PL;PP;PSC;PSD;PSL;REPUBLICANOS,DEM;PL;PP;PSC;PSD;PSL;REPUBLICANOS,,,,established,,,
2021-08-01,bolsonaro,bolsonaro-2021-07-28,bolsonaro-2021-07-28,primary_adjudicated,DEM;PL;PP;PSC;PSD;PSL;REPUBLICANOS,DEM;PL;PP;PSC;PSD;PSL;REPUBLICANOS,DEM;PL;PP;PSC;PSD;PSL;REPUBLICANOS,,,,established,,,
2021-08-02,bolsonaro,bolsonaro-2021-07-28,bolsonaro-2021-07-28,primary_adjudicated,DEM;PL;PP;PSC;PSD;PSL;REPUBLICANOS,DEM;PL;PP;PSC;PSD;PSL;REPUBLICANOS,DEM;PL;PP;PSC;PSD;PSL;REPUBLICANOS,,,,established,,,
2021-08-03,bolsonaro,bolsonaro-2021-07-28,bolsonaro-2021-08-03,primary_adjudicated,DEM;PL;PP;PSC;PSD;PSL;REPUBLICANOS,DEM;PL;PP;PSC;PSD;PSL;REPUBLICANOS,DEM;PL;PP;PSC;PSD;PSL;REPUBLICANOS,,,,established,,,
2021-08-04,bolsonaro,bolsonaro-2021-07-28,bolsonaro-2021-08-03,primary_adjudicated,DEM;PL;PP;PSC;PSD;PSL;REPUBLICANOS,DEM;PL;PP;PSC;PSD;PSL;REPUBLICANOS,DEM;PL;PP;PSC;PSD;PSL;REPUBLICANOS,,,,established,,,
2021-08-05,bolsonaro,bolsonaro-2021-07-28,bolsonaro-2021-08-03,primary_adjudicated,DEM;PL;PP;PSC;PSD;PSL;REPUBLICANOS,DEM;PL;PP;PSC;PSD;PSL;REPUBLICANOS,DEM;PL;PP;PSC;PSD;PSL;REPUBLICANOS,,,,established,,,
2021-08-06,bolsonaro,bolsonaro-2021-07-28,bolsonaro-2021-08-06,primary_adjudicated,DEM;PL;PP;PSC;PSD;PSL;REPUBLICANOS,DEM;PL;PP;PSC;PSD;PSL;REPUBLICANOS,DEM;PL;PP;PSC;PSD;PSL;REPUBLICANOS,,,,established,,,
2021-08-07,bolsonaro,bolsonaro-2021-07-28,bolsonaro-2021-08-06,primary_adjudicated,DEM;PL;PP;PSC;PSD;PSL;REPUBLICANOS,DEM;PL;PP;PSC;PSD;PSL;REPUBLICANOS,DEM;PL;PP;PSC;PSD;PSL;REPUBLICANOS,,,,established,,,
2021-08-08,bolsonaro,bolsonaro-2021-07-28,bolsonaro-2021-08-06,primary_adjudicated,DEM;PL;PP;PSC;PSD;PSL;REPUBLICANOS,DEM;PL;PP;PSC;PSD;PSL;REPUBLICANOS,DEM;PL;PP;PSC;PSD;PSL;REPUBLICANOS,,,,established,,,
2021-08-09,bolsonaro,bolsonaro-2021-07-28,bolsonaro-2021-08-06,primary_adjudicated,DEM;PL;PP;PSC;PSD;PSL;REPUBLICANOS,DEM;PL;PP;PSC;PSD;PSL;REPUBLICANOS,DEM;PL;PP;PSC;PSD;PSL;REPUBLICANOS,,,,established,,,
2021-08-10,bolsonaro,bolsonaro-2021-07-28,bolsonaro-2021-08-06,primary_adjudicated,DEM;PL;PP;PSC;PSD;PSL;REPUBLICANOS,DEM;PL;PP;PSC;PSD;PSL;REPUBLICANOS,DEM;PL;PP;PSC;PSD;PSL;REPUBLICANOS,,,,established,,,
2021-08-11,bolsonaro,bolsonaro-2021-07-28,bolsonaro-2021-08-06,primary_adjudicated,DEM;PL;PP;PSC;PSD;PSL;REPUBLICANOS,DEM;PL;PP;PSC;PSD;PSL;REPUBLICANOS,DEM;PL;PP;PSC;PSD;PSL;REPUBLICANOS,,,,established,,,
2021-08-12,bolsonaro,bolsonaro-2021-07-28,bolsonaro-2021-08-06,primary_adjudicated,DEM;PL;PP;PSC;PSD;PSL;REPUBLICANOS,DEM;PL;PP;PSC;PSD;PSL;REPUBLICANOS,DEM;PL;PP;PSC;PSD;PSL;REPUBLICANOS,,,,established,,,
2021-08-13,bolsonaro,bolsonaro-2021-07-28,bolsonaro-2021-08-06,primary_adjudicated,DEM;PL;PP;PSC;PSD;PSL;REPUBLICANOS,DEM;PL;PP;PSC;PSD;PSL;REPUBLICANOS,DEM;PL;PP;PSC;PSD;PSL;REPUBLICANOS,,,,established,,,
2021-08-14,bolsonaro,bolsonaro-2021-07-28,bolsonaro-2021-08-06,primary_adjudicated,DEM;PL;PP;PSC;PSD;PSL;REPUBLICANOS,DEM;PL;PP;PSC;PSD;PSL;REPUBLICANOS,DEM;PL;PP;PSC;PSD;PSL;REPUBLICANOS,,,,established,,,
2021-08-15,bolsonaro,bolsonaro-2021-07-28,bolsonaro-2021-08-06,primary_adjudicated,DEM;PL;PP;PSC;PSD;PSL;REPUBLICANOS,DEM;PL;PP;PSC;PSD;PSL;REPUBLICANOS,DEM;PL;PP;PSC;PSD;PSL;REPUBLICANOS,,,,established,,,
2021-08-16,bolsonaro,bolsonaro-2021-07-28,bolsonaro-2021-08-06,primary_adjudicated,DEM;PL;PP;PSC;PSD;PSL;REPUBLICANOS,DEM;PL;PP;PSC;PSD;PSL;REPUBLICANOS,DEM;PL;PP;PSC;PSD;PSL;REPUBLICANOS,,,,established,,,
2021-08-17,bolsonaro,bolsonaro-2021-07-28,bolsonaro-2021-08-06,primary_adjudicated,DEM;PL;PP;PSC;PSD;PSL;REPUBLICANOS,DEM;PL;PP;PSC;PSD;PSL;REPUBLICANOS,DEM;PL;PP;PSC;PSD;PSL;REPUBLICANOS,,,,established,,,
2021-08-18,bolsonaro,bolsonaro-2021-07-28,bolsonaro-2021-08-06,primary_adjudicated,DEM;PL;PP;PSC;PSD;PSL;REPUBLICANOS,DEM;PL;PP;PSC;PSD;PSL;REPUBLICANOS,DEM;PL;PP;PSC;PSD;PSL;REPUBLICANOS,,,,established,,,
2021-08-19,bolsonaro,bolsonaro-2021-07-28,bolsonaro-2021-08-06,primary_adjudicated,DEM;PL;PP;PSC;PSD;PSL;REPUBLICANOS,DEM;PL;PP;PSC;PSD;PSL;REPUBLICANOS,DEM;PL;PP;PSC;PSD;PSL;REPUBLICANOS,,,,established,,,
2021-08-20,bolsonaro,bolsonaro-2021-07-28,bolsonaro-2021-08-06,primary_adjudicated,DEM;PL;PP;PSC;PSD;PSL;REPUBLICANOS,DEM;PL;PP;PSC;PSD;PSL;REPUBLICANOS,DEM;PL;PP;PSC;PSD;PSL;REPUBLICANOS,,,,established,,,
2021-08-21,bolsonaro,bolsonaro-2021-07-28,bolsonaro-2021-08-06,primary_adjudicated,DEM;PL;PP;PSC;PSD;PSL;REPUBLICANOS,DEM;PL;PP;PSC;PSD;PSL;REPUBLICANOS,DEM;PL;PP;PSC;PSD;PSL;REPUBLICANOS,,,,established,,,
2021-08-22,bolsonaro,bolsonaro-2021-07-28,bolsonaro-2021-08-06,primary_adjudicated,DEM;PL;PP;PSC;PSD;PSL;REPUBLICANOS,DEM;PL;PP;PSC;PSD;PSL;REPUBLICANOS,DEM;PL;PP;PSC;PSD;PSL;REPUBLICANOS,,,,established,,,
2021-08-23,bolsonaro,bolsonaro-2021-07-28,bolsonaro-2021-08-06,primary_adjudicated,DEM;PL;PP;PSC;PSD;PSL;REPUBLICANOS,DEM;PL;PP;PSC;PSD;PSL;REPUBLICANOS,DEM;PL;PP;PSC;PSD;PSL;REPUBLICANOS,,,,established,,,
2021-08-24,bolsonaro,bolsonaro-2021-07-28,bolsonaro-2021-08-06,primary_adjudicated,DEM;PL;PP;PSC;PSD;PSL;REPUBLICANOS,DEM;PL;PP;PSC;PSD;PSL;REPUBLICANOS,DEM;PL;PP;PSC;PSD;PSL;REPUBLICANOS,,,,established,,,
2021-08-25,bolsonaro,bolsonaro-2021-07-28,bolsonaro-2021-08-06,primary_adjudicated,DEM;PL;PP;PSC;PSD;PSL;REPUBLICANOS,DEM;PL;PP;PSC;PSD;PSL;REPUBLICANOS,DEM;PL;PP;PSC;PSD;PSL;REPUBLICANOS,,,,established,,,
2021-08-26,bolsonaro,bolsonaro-2021-07-28,bolsonaro-2021-08-06,primary_adjudicated,DEM;PL;PP;PSC;PSD;PSL;REPUBLICANOS,DEM;PL;PP;PSC;PSD;PSL;REPUBLICANOS,DEM;PL;PP;PSC;PSD;PSL;REPUBLICANOS,,,,established,,,
2021-08-27,bolsonaro,bolsonaro-2021-07-28,bolsonaro-2021-08-06,primary_adjudicated,DEM;PL;PP;PSC;PSD;PSL;REPUBLICANOS,DEM;PL;PP;PSC;PSD;PSL;REPUBLICANOS,DEM;PL;PP;PSC;PSD;PSL;REPUBLICANOS,,,,established,,,
2021-08-28,bolsonaro,bolsonaro-2021-07-28,bolsonaro-2021-08-06,primary_adjudicated,DEM;PL;PP;PSC;PSD;PSL;REPUBLICANOS,DEM;PL;PP;PSC;PSD;PSL;REPUBLICANOS,DEM;PL;PP;PSC;PSD;PSL;REPUBLICANOS,,,,established,,,
2021-08-29,bolsonaro,bolsonaro-2021-07-28,bolsonaro-2021-08-06,primary_adjudicated,DEM;PL;PP;PSC;PSD;PSL;REPUBLICANOS,DEM;PL;PP;PSC;PSD;PSL;REPUBLICANOS,DEM;PL;PP;PSC;PSD;PSL;REPUBLICANOS,,,,established,,,
2021-08-30,bolsonaro,bolsonaro-2021-07-28,bolsonaro-2021-08-06,primary_adjudicated,DEM;PL;PP;PSC;PSD;PSL;REPUBLICANOS,DEM;PL;PP;PSC;PSD;PSL;REPUBLICANOS,DEM;PL;PP;PSC;PSD;PSL;REPUBLICANOS,,,,established,,,
2021-08-31,bolsonaro,bolsonaro-2021-07-28,bolsonaro-2021-08-06,primary_adjudicated,DEM;PL;PP;PSC;PSD;PSL;REPUBLICANOS,DEM;PL;PP;PSC;PSD;PSL;REPUBLICANOS,DEM;PL;PP;PSC;PSD;PSL;REPUBLICANOS,,,,established,,,
2021-09-01,bolsonaro,bolsonaro-2021-07-28,bolsonaro-2021-08-06,primary_adjudicated,DEM;PL;PP;PSC;PSD;PSL;REPUBLICANOS,DEM;PL;PP;PSC;PSD;PSL;REPUBLICANOS,DEM;PL;PP;PSC;PSD;PSL;REPUBLICANOS,,,,established,,,
2021-09-02,bolsonaro,bolsonaro-2021-07-28,bolsonaro-2021-08-06,primary_adjudicated,DEM;PL;PP;PSC;PSD;PSL;REPUBLICANOS,DEM;PL;PP;PSC;PSD;PSL;REPUBLICANOS,DEM;PL;PP;PSC;PSD;PSL;REPUBLICANOS,,,,established,,,
2021-09-03,bolsonaro,bolsonaro-2021-07-28,bolsonaro-2021-08-06,primary_adjudicated,DEM;PL;PP;PSC;PSD;PSL;REPUBLICANOS,DEM;PL;PP;PSC;PSD;PSL;REPUBLICANOS,DEM;PL;PP;PSC;PSD;PSL;REPUBLICANOS,,,,established,,,
2021-09-04,bolsonaro,bolsonaro-2021-07-28,bolsonaro-2021-08-06,primary_adjudicated,DEM;PL;PP;PSC;PSD;PSL;REPUBLICANOS,DEM;PL;PP;PSC;PSD;PSL;REPUBLICANOS,DEM;PL;PP;PSC;PSD;PSL;REPUBLICANOS,,,,established,,,
2021-09-05,bolsonaro,bolsonaro-2021-07-28,bolsonaro-2021-08-06,primary_adjudicated,DEM;PL;PP;PSC;PSD;PSL;REPUBLICANOS,DEM;PL;PP;PSC;PSD;PSL;REPUBLICANOS,DEM;PL;PP;PSC;PSD;PSL;REPUBLICANOS,,,,established,,,
2021-09-06,bolsonaro,bolsonaro-2021-07-28,bolsonaro-2021-08-06,primary_adjudicated,DEM;PL;PP;PSC;PSD;PSL;REPUBLICANOS,DEM;PL;PP;PSC;PSD;PSL;REPUBLICANOS,DEM;PL;PP;PSC;PSD;PSL;REPUBLICANOS,,,,established,,,
2021-09-07,bolsonaro,bolsonaro-2021-07-28,bolsonaro-2021-08-06,primary_adjudicated,DEM;PL;PP;PSC;PSD;PSL;REPUBLICANOS,DEM;PL;PP;PSC;PSD;PSL;REPUBLICANOS,DEM;PL;PP;PSC;PSD;PSL;REPUBLICANOS,,,,established,,,
2021-09-08,bolsonaro,bolsonaro-2021-07-28,bolsonaro-2021-08-06,primary_adjudicated,DEM;PL;PP;PSC;PSD;PSL;REPUBLICANOS,DEM;PL;PP;PSC;PSD;PSL;REPUBLICANOS,DEM;PL;PP;PSC;PSD;PSL;REPUBLICANOS,,,,established,,,
2021-09-09,bolsonaro,bolsonaro-2021-07-28,bolsonaro-2021-08-06,primary_adjudicated,DEM;PL;PP;PSC;PSD;PSL;REPUBLICANOS,DEM;PL;PP;PSC;PSD;PSL;REPUBLICANOS,DEM;PL;PP;PSC;PSD;PSL;REPUBLICANOS,,,,established,,,
2021-09-10,bolsonaro,bolsonaro-2021-07-28,bolsonaro-2021-08-06,primary_adjudicated,DEM;PL;PP;PSC;PSD;PSL;REPUBLICANOS,DEM;PL;PP;PSC;PSD;PSL;REPUBLICANOS,DEM;PL;PP;PSC;PSD;PSL;REPUBLICANOS,,,,established,,,
2021-09-11,bolsonaro,bolsonaro-2021-07-28,bolsonaro-2021-08-06,primary_adjudicated,DEM;PL;PP;PSC;PSD;PSL;REPUBLICANOS,DEM;PL;PP;PSC;PSD;PSL;REPUBLICANOS,DEM;PL;PP;PSC;PSD;PSL;REPUBLICANOS,,,,established,,,
2021-09-12,bolsonaro,bolsonaro-2021-07-28,bolsonaro-2021-08-06,primary_adjudicated,DEM;PL;PP;PSC;PSD;PSL;REPUBLICANOS,DEM;PL;PP;PSC;PSD;PSL;REPUBLICANOS,DEM;PL;PP;PSC;PSD;PSL;REPUBLICANOS,,,,established,,,
2021-09-13,bolsonaro,bolsonaro-2021-07-28,bolsonaro-2021-08-06,primary_adjudicated,DEM;PL;PP;PSC;PSD;PSL;REPUBLICANOS,DEM;PL;PP;PSC;PSD;PSL;REPUBLICANOS,DEM;PL;PP;PSC;PSD;PSL;REPUBLICANOS,,,,established,,,
2021-09-14,bolsonaro,bolsonaro-2021-07-28,bolsonaro-2021-08-06,primary_adjudicated,DEM;PL;PP;PSC;PSD;PSL;REPUBLICANOS,DEM;PL;PP;PSC;PSD;PSL;REPUBLICANOS,DEM;PL;PP;PSC;PSD;PSL;REPUBLICANOS,,,,established,,,
2021-09-15,bolsonaro,bolsonaro-2021-07-28,bolsonaro-2021-08-06,primary_adjudicated,DEM;PL;PP;PSC;PSD;PSL;REPUBLICANOS,DEM;PL;PP;PSC;PSD;PSL;REPUBLICANOS,DEM;PL;PP;PSC;PSD;PSL;REPUBLICANOS,,,,established,,,
2021-09-16,bolsonaro,bolsonaro-2021-07-28,bolsonaro-2021-08-06,primary_adjudicated,DEM;PL;PP;PSC;PSD;PSL;REPUBLICANOS,DEM;PL;PP;PSC;PSD;PSL;REPUBLICANOS,DEM;PL;PP;PSC;PSD;PSL;REPUBLICANOS,,,,established,,,
2021-09-17,bolsonaro,bolsonaro-2021-07-28,bolsonaro-2021-08-06,primary_adjudicated,DEM;PL;PP;PSC;PSD;PSL;REPUBLICANOS,DEM;PL;PP;PSC;PSD;PSL;REPUBLICANOS,DEM;PL;PP;PSC;PSD;PSL;REPUBLICANOS,,,,established,,,
2021-09-18,bolsonaro,bolsonaro-2021-07-28,bolsonaro-2021-08-06,primary_adjudicated,DEM;PL;PP;PSC;PSD;PSL;REPUBLICANOS,DEM;PL;PP;PSC;PSD;PSL;REPUBLICANOS,DEM;PL;PP;PSC;PSD;PSL;REPUBLICANOS,,,,established,,,
2021-09-19,bolsonaro,bolsonaro-2021-07-28,bolsonaro-2021-08-06,primary_adjudicated,DEM;PL;PP;PSC;PSD;PSL;REPUBLICANOS,DEM;PL;PP;PSC;PSD;PSL;REPUBLICANOS,DEM;PL;PP;PSC;PSD;PSL;REPUBLICANOS,,,,established,,,
2021-09-20,bolsonaro,bolsonaro-2021-07-28,bolsonaro-2021-08-06,primary_adjudicated,DEM;PL;PP;PSC;PSD;PSL;REPUBLICANOS,DEM;PL;PP;PSC;PSD;PSL;REPUBLICANOS,DEM;PL;PP;PSC;PSD;PSL;REPUBLICANOS,,,,established,,,
2021-09-21,bolsonaro,bolsonaro-2021-07-28,bolsonaro-2021-08-06,primary_adjudicated,DEM;PL;PP;PSC;PSD;PSL;REPUBLICANOS,DEM;PL;PP;PSC;PSD;PSL;REPUBLICANOS,DEM;PL;PP;PSC;PSD;PSL;REPUBLICANOS,,,,established,,,
2021-09-22,bolsonaro,bolsonaro-2021-07-28,bolsonaro-2021-08-06,primary_adjudicated,DEM;PL;PP;PSC;PSD;PSL;REPUBLICANOS,DEM;PL;PP;PSC;PSD;PSL;REPUBLICANOS,DEM;PL;PP;PSC;PSD;PSL;REPUBLICANOS,,,,established,,,
2021-09-23,bolsonaro,bolsonaro-2021-07-28,bolsonaro-2021-08-06,primary_adjudicated,DEM;PL;PP;PSC;PSD;PSL;REPUBLICANOS,DEM;PL;PP;PSC;PSD;PSL;REPUBLICANOS,DEM;PL;PP;PSC;PSD;PSL;REPUBLICANOS,,,,established,,,
2021-09-24,bolsonaro,bolsonaro-2021-07-28,bolsonaro-2021-08-06,primary_adjudicated,DEM;PL;PP;PSC;PSD;PSL;REPUBLICANOS,DEM;PL;PP;PSC;PSD;PSL;REPUBLICANOS,DEM;PL;PP;PSC;PSD;PSL;REPUBLICANOS,,,,established,,,
2021-09-25,bolsonaro,bolsonaro-2021-07-28,bolsonaro-2021-08-06,primary_adjudicated,DEM;PL;PP;PSC;PSD;PSL;REPUBLICANOS,DEM;PL;PP;PSC;PSD;PSL;REPUBLICANOS,DEM;PL;PP;PSC;PSD;PSL;REPUBLICANOS,,,,established,,,
2021-09-26,bolsonaro,bolsonaro-2021-07-28,bolsonaro-2021-08-06,primary_adjudicated,DEM;PL;PP;PSC;PSD;PSL;REPUBLICANOS,DEM;PL;PP;PSC;PSD;PSL;REPUBLICANOS,DEM;PL;PP;PSC;PSD;PSL;REPUBLICANOS,,,,established,,,
2021-09-27,bolsonaro,bolsonaro-2021-07-28,bolsonaro-2021-08-06,primary_adjudicated,DEM;PL;PP;PSC;PSD;PSL;REPUBLICANOS,DEM;PL;PP;PSC;PSD;PSL;REPUBLICANOS,DEM;PL;PP;PSC;PSD;PSL;REPUBLICANOS,,,,established,,,
2021-09-28,bolsonaro,bolsonaro-2021-07-28,bolsonaro-2021-08-06,primary_adjudicated,DEM;PL;PP;PSC;PSD;PSL;REPUBLICANOS,DEM;PL;PP;PSC;PSD;PSL;REPUBLICANOS,DEM;PL;PP;PSC;PSD;PSL;REPUBLICANOS,,,,established,,,
2021-09-29,bolsonaro,bolsonaro-2021-07-28,bolsonaro-2021-08-06,primary_adjudicated,DEM;PL;PP;PSC;PSD;PSL;REPUBLICANOS,DEM;PL;PP;PSC;PSD;PSL;REPUBLICANOS,DEM;PL;PP;PSC;PSD;PSL;REPUBLICANOS,,,,established,,,
2021-09-30,bolsonaro,bolsonaro-2021-07-28,bolsonaro-2021-08-06,primary_adjudicated,DEM;PL;PP;PSC;PSD;PSL;REPUBLICANOS,DEM;PL;PP;PSC;PSD;PSL;REPUBLICANOS,DEM;PL;PP;PSC;PSD;PSL;REPUBLICANOS,,,,established,,,
2021-10-01,bolsonaro,bolsonaro-2021-07-28,bolsonaro-2021-08-06,primary_adjudicated,DEM;PL;PP;PSC;PSD;PSL;REPUBLICANOS,DEM;PL;PP;PSC;PSD;PSL;REPUBLICANOS,DEM;PL;PP;PSC;PSD;PSL;REPUBLICANOS,,,,established,,,
2021-10-02,bolsonaro,bolsonaro-2021-07-28,bolsonaro-2021-08-06,primary_adjudicated,DEM;PL;PP;PSC;PSD;PSL;REPUBLICANOS,DEM;PL;PP;PSC;PSD;PSL;REPUBLICANOS,DEM;PL;PP;PSC;PSD;PSL;REPUBLICANOS,,,,established,,,
2021-10-03,bolsonaro,bolsonaro-2021-07-28,bolsonaro-2021-08-06,primary_adjudicated,DEM;PL;PP;PSC;PSD;PSL;REPUBLICANOS,DEM;PL;PP;PSC;PSD;PSL;REPUBLICANOS,DEM;PL;PP;PSC;PSD;PSL;REPUBLICANOS,,,,established,,,
2021-10-04,bolsonaro,bolsonaro-2021-07-28,bolsonaro-2021-08-06,primary_adjudicated,DEM;PL;PP;PSC;PSD;PSL;REPUBLICANOS,DEM;PL;PP;PSC;PSD;PSL;REPUBLICANOS,DEM;PL;PP;PSC;PSD;PSL;REPUBLICANOS,,,,established,,,
2021-10-05,bolsonaro,bolsonaro-2021-07-28,bolsonaro-2021-08-06,primary_adjudicated,DEM;PL;PP;PSC;PSD;PSL;REPUBLICANOS,DEM;PL;PP;PSC;PSD;PSL;REPUBLICANOS,DEM;PL;PP;PSC;PSD;PSL;REPUBLICANOS,,,,established,,,
2021-10-06,bolsonaro,bolsonaro-2021-07-28,bolsonaro-2021-08-06,primary_adjudicated,DEM;PL;PP;PSC;PSD;PSL;REPUBLICANOS,DEM;PL;PP;PSC;PSD;PSL;REPUBLICANOS,DEM;PL;PP;PSC;PSD;PSL;REPUBLICANOS,,,,established,,,
2021-10-07,bolsonaro,bolsonaro-2021-07-28,bolsonaro-2021-08-06,primary_adjudicated,DEM;PL;PP;PSC;PSD;PSL;REPUBLICANOS,DEM;PL;PP;PSC;PSD;PSL;REPUBLICANOS,DEM;PL;PP;PSC;PSD;PSL;REPUBLICANOS,,,,established,,,
2021-10-08,bolsonaro,bolsonaro-2021-07-28,bolsonaro-2021-08-06,primary_adjudicated,DEM;PL;PP;PSC;PSD;PSL;REPUBLICANOS,DEM;PL;PP;PSC;PSD;PSL;REPUBLICANOS,DEM;PL;PP;PSC;PSD;PSL;REPUBLICANOS,,,,established,,,
2021-10-09,bolsonaro,bolsonaro-2021-07-28,bolsonaro-2021-08-06,primary_adjudicated,DEM;PL;PP;PSC;PSD;PSL;REPUBLICANOS,DEM;PL;PP;PSC;PSD;PSL;REPUBLICANOS,DEM;PL;PP;PSC;PSD;PSL;REPUBLICANOS,,,,established,,,
2021-10-10,bolsonaro,bolsonaro-2021-07-28,bolsonaro-2021-08-06,primary_adjudicated,DEM;PL;PP;PSC;PSD;PSL;REPUBLICANOS,DEM;PL;PP;PSC;PSD;PSL;REPUBLICANOS,DEM;PL;PP;PSC;PSD;PSL;REPUBLICANOS,,,,established,,,
2021-10-11,bolsonaro,bolsonaro-2021-07-28,bolsonaro-2021-08-06,primary_adjudicated,DEM;PL;PP;PSC;PSD;PSL;REPUBLICANOS,DEM;PL;PP;PSC;PSD;PSL;REPUBLICANOS,DEM;PL;PP;PSC;PSD;PSL;REPUBLICANOS,,,,established,,,
2021-10-12,bolsonaro,bolsonaro-2021-07-28,bolsonaro-2021-08-06,primary_adjudicated,DEM;PL;PP;PSC;PSD;PSL;REPUBLICANOS,DEM;PL;PP;PSC;PSD;PSL;REPUBLICANOS,DEM;PL;PP;PSC;PSD;PSL;REPUBLICANOS,,,,established,,,
2021-10-13,bolsonaro,bolsonaro-2021-07-28,bolsonaro-2021-08-06,primary_adjudicated,DEM;PL;PP;PSC;PSD;PSL;REPUBLICANOS,DEM;PL;PP;PSC;PSD;PSL;REPUBLICANOS,DEM;PL;PP;PSC;PSD;PSL;REPUBLICANOS,,,,established,,,
2021-10-14,bolsonaro,bolsonaro-2021-07-28,bolsonaro-2021-08-06,primary_adjudicated,DEM;PL;PP;PSC;PSD;PSL;REPUBLICANOS,DEM;PL;PP;PSC;PSD;PSL;REPUBLICANOS,DEM;PL;PP;PSC;PSD;PSL;REPUBLICANOS,,,,established,,,
2021-10-15,bolsonaro,bolsonaro-2021-07-28,bolsonaro-2021-08-06,primary_adjudicated,DEM;PL;PP;PSC;PSD;PSL;REPUBLICANOS,DEM;PL;PP;PSC;PSD;PSL;REPUBLICANOS,DEM;PL;PP;PSC;PSD;PSL;REPUBLICANOS,,,,established,,,
2021-10-16,bolsonaro,bolsonaro-2021-07-28,bolsonaro-2021-08-06,primary_adjudicated,DEM;PL;PP;PSC;PSD;PSL;REPUBLICANOS,DEM;PL;PP;PSC;PSD;PSL;REPUBLICANOS,DEM;PL;PP;PSC;PSD;PSL;REPUBLICANOS,,,,established,,,
2021-10-17,bolsonaro,bolsonaro-2021-07-28,bolsonaro-2021-08-06,primary_adjudicated,DEM;PL;PP;PSC;PSD;PSL;REPUBLICANOS,DEM;PL;PP;PSC;PSD;PSL;REPUBLICANOS,DEM;PL;PP;PSC;PSD;PSL;REPUBLICANOS,,,,established,,,
2021-10-18,bolsonaro,bolsonaro-2021-07-28,bolsonaro-2021-08-06,primary_adjudicated,DEM;PL;PP;PSC;PSD;PSL;REPUBLICANOS,DEM;PL;PP;PSC;PSD;PSL;REPUBLICANOS,DEM;PL;PP;PSC;PSD;PSL;REPUBLICANOS,,,,established,,,
2021-10-19,bolsonaro,bolsonaro-2021-07-28,bolsonaro-2021-08-06,primary_adjudicated,DEM;PL;PP;PSC;PSD;PSL;REPUBLICANOS,DEM;PL;PP;PSC;PSD;PSL;REPUBLICANOS,DEM;PL;PP;PSC;PSD;PSL;REPUBLICANOS,,,,established,,,
2021-10-20,bolsonaro,bolsonaro-2021-07-28,bolsonaro-2021-08-06,primary_adjudicated,DEM;PL;PP;PSC;PSD;PSL;REPUBLICANOS,DEM;PL;PP;PSC;PSD;PSL;REPUBLICANOS,DEM;PL;PP;PSC;PSD;PSL;REPUBLICANOS,,,,established,,,
2021-10-21,bolsonaro,bolsonaro-2021-07-28,bolsonaro-2021-08-06,primary_adjudicated,DEM;PL;PP;PSC;PSD;PSL;REPUBLICANOS,DEM;PL;PP;PSC;PSD;PSL;REPUBLICANOS,DEM;PL;PP;PSC;PSD;PSL;REPUBLICANOS,,,,established,,,
2021-10-22,bolsonaro,bolsonaro-2021-07-28,bolsonaro-2021-08-06,primary_adjudicated,DEM;PL;PP;PSC;PSD;PSL;REPUBLICANOS,DEM;PL;PP;PSC;PSD;PSL;REPUBLICANOS,DEM;PL;PP;PSC;PSD;PSL;REPUBLICANOS,,,,established,,,
2021-10-23,bolsonaro,bolsonaro-2021-07-28,bolsonaro-2021-08-06,primary_adjudicated,DEM;PL;PP;PSC;PSD;PSL;REPUBLICANOS,DEM;PL;PP;PSC;PSD;PSL;REPUBLICANOS,DEM;PL;PP;PSC;PSD;PSL;REPUBLICANOS,,,,established,,,
2021-10-24,bolsonaro,bolsonaro-2021-07-28,bolsonaro-2021-08-06,primary_adjudicated,DEM;PL;PP;PSC;PSD;PSL;REPUBLICANOS,DEM;PL;PP;PSC;PSD;PSL;REPUBLICANOS,DEM;PL;PP;PSC;PSD;PSL;REPUBLICANOS,,,,established,,,
2021-10-25,bolsonaro,bolsonaro-2021-07-28,bolsonaro-2021-08-06,primary_adjudicated,DEM;PL;PP;PSC;PSD;PSL;REPUBLICANOS,DEM;PL;PP;PSC;PSD;PSL;REPUBLICANOS,DEM;PL;PP;PSC;PSD;PSL;REPUBLICANOS,,,,established,,,
2021-10-26,bolsonaro,bolsonaro-2021-07-28,bolsonaro-2021-08-06,primary_adjudicated,DEM;PL;PP;PSC;PSD;PSL;REPUBLICANOS,DEM;PL;PP;PSC;PSD;PSL;REPUBLICANOS,DEM;PL;PP;PSC;PSD;PSL;REPUBLICANOS,,,,established,,,
2021-10-27,bolsonaro,bolsonaro-2021-07-28,bolsonaro-2021-08-06,primary_adjudicated,DEM;PL;PP;PSC;PSD;PSL;REPUBLICANOS,DEM;PL;PP;PSC;PSD;PSL;REPUBLICANOS,DEM;PL;PP;PSC;PSD;PSL;REPUBLICANOS,,,,established,,,
2021-10-28,bolsonaro,bolsonaro-2021-07-28,bolsonaro-2021-08-06,primary_adjudicated,DEM;PL;PP;PSC;PSD;PSL;REPUBLICANOS,DEM;PL;PP;PSC;PSD;PSL;REPUBLICANOS,DEM;PL;PP;PSC;PSD;PSL;REPUBLICANOS,,,,established,,,
2021-10-29,bolsonaro,bolsonaro-2021-07-28,bolsonaro-2021-08-06,primary_adjudicated,DEM;PL;PP;PSC;PSD;PSL;REPUBLICANOS,DEM;PL;PP;PSC;PSD;PSL;REPUBLICANOS,DEM;PL;PP;PSC;PSD;PSL;REPUBLICANOS,,,,established,,,
2021-10-30,bolsonaro,bolsonaro-2021-07-28,bolsonaro-2021-08-06,primary_adjudicated,DEM;PL;PP;PSC;PSD;PSL;REPUBLICANOS,DEM;PL;PP;PSC;PSD;PSL;REPUBLICANOS,DEM;PL;PP;PSC;PSD;PSL;REPUBLICANOS,,,,established,,,
2021-10-31,bolsonaro,bolsonaro-2021-07-28,bolsonaro-2021-08-06,primary_adjudicated,DEM;PL;PP;PSC;PSD;PSL;REPUBLICANOS,DEM;PL;PP;PSC;PSD;PSL;REPUBLICANOS,DEM;PL;PP;PSC;PSD;PSL;REPUBLICANOS,,,,established,,,
2021-11-01,bolsonaro,bolsonaro-2021-07-28,bolsonaro-2021-08-06,primary_adjudicated,DEM;PL;PP;PSC;PSD;PSL;REPUBLICANOS,DEM;PL;PP;PSC;PSD;PSL;REPUBLICANOS,DEM;PL;PP;PSC;PSD;PSL;REPUBLICANOS,,,,established,,,
2021-11-02,bolsonaro,bolsonaro-2021-07-28,bolsonaro-2021-08-06,primary_adjudicated,DEM;PL;PP;PSC;PSD;PSL;REPUBLICANOS,DEM;PL;PP;PSC;PSD;PSL;REPUBLICANOS,DEM;PL;PP;PSC;PSD;PSL;REPUBLICANOS,,,,established,,,
2021-11-03,bolsonaro,bolsonaro-2021-07-28,bolsonaro-2021-08-06,primary_adjudicated,DEM;PL;PP;PSC;PSD;PSL;REPUBLICANOS,DEM;PL;PP;PSC;PSD;PSL;REPUBLICANOS,DEM;PL;PP;PSC;PSD;PSL;REPUBLICANOS,,,,established,,,
2021-11-04,bolsonaro,bolsonaro-2021-07-28,bolsonaro-2021-08-06,primary_adjudicated,DEM;PL;PP;PSC;PSD;PSL;REPUBLICANOS,DEM;PL;PP;PSC;PSD;PSL;REPUBLICANOS,DEM;PL;PP;PSC;PSD;PSL;REPUBLICANOS,,,,established,,,
2021-11-05,bolsonaro,bolsonaro-2021-07-28,bolsonaro-2021-08-06,primary_adjudicated,DEM;PL;PP;PSC;PSD;PSL;REPUBLICANOS,DEM;PL;PP;PSC;PSD;PSL;REPUBLICANOS,DEM;PL;PP;PSC;PSD;PSL;REPUBLICANOS,,,,established,,,
2021-11-06,bolsonaro,bolsonaro-2021-07-28,bolsonaro-2021-08-06,primary_adjudicated,DEM;PL;PP;PSC;PSD;PSL;REPUBLICANOS,DEM;PL;PP;PSC;PSD;PSL;REPUBLICANOS,DEM;PL;PP;PSC;PSD;PSL;REPUBLICANOS,,,,established,,,
2021-11-07,bolsonaro,bolsonaro-2021-07-28,bolsonaro-2021-08-06,primary_adjudicated,DEM;PL;PP;PSC;PSD;PSL;REPUBLICANOS,DEM;PL;PP;PSC;PSD;PSL;REPUBLICANOS,DEM;PL;PP;PSC;PSD;PSL;REPUBLICANOS,,,,established,,,
2021-11-08,bolsonaro,bolsonaro-2021-07-28,bolsonaro-2021-08-06,primary_adjudicated,DEM;PL;PP;PSC;PSD;PSL;REPUBLICANOS,DEM;PL;PP;PSC;PSD;PSL;REPUBLICANOS,DEM;PL;PP;PSC;PSD;PSL;REPUBLICANOS,,,,established,,,
2021-11-09,bolsonaro,bolsonaro-2021-07-28,bolsonaro-2021-08-06,primary_adjudicated,DEM;PL;PP;PSC;PSD;PSL;REPUBLICANOS,DEM;PL;PP;PSC;PSD;PSL;REPUBLICANOS,DEM;PL;PP;PSC;PSD;PSL;REPUBLICANOS,,,,established,,,
2021-11-10,bolsonaro,bolsonaro-2021-07-28,bolsonaro-2021-08-06,primary_adjudicated,DEM;PL;PP;PSC;PSD;PSL;REPUBLICANOS,DEM;PL;PP;PSC;PSD;PSL;REPUBLICANOS,DEM;PL;PP;PSC;PSD;PSL;REPUBLICANOS,,,,established,,,
2021-11-11,bolsonaro,bolsonaro-2021-07-28,bolsonaro-2021-08-06,primary_adjudicated,DEM;PL;PP;PSC;PSD;PSL;REPUBLICANOS,DEM;PL;PP;PSC;PSD;PSL;REPUBLICANOS,DEM;PL;PP;PSC;PSD;PSL;REPUBLICANOS,,,,established,,,
2021-11-12,bolsonaro,bolsonaro-2021-07-28,bolsonaro-2021-08-06,primary_adjudicated,DEM;PL;PP;PSC;PSD;PSL;REPUBLICANOS,DEM;PL;PP;PSC;PSD;PSL;REPUBLICANOS,DEM;PL;PP;PSC;PSD;PSL;REPUBLICANOS,,,,established,,,
2021-11-13,bolsonaro,bolsonaro-2021-07-28,bolsonaro-2021-08-06,primary_adjudicated,DEM;PL;PP;PSC;PSD;PSL;REPUBLICANOS,DEM;PL;PP;PSC;PSD;PSL;REPUBLICANOS,DEM;PL;PP;PSC;PSD;PSL;REPUBLICANOS,,,,established,,,
2021-11-14,bolsonaro,bolsonaro-2021-07-28,bolsonaro-2021-08-06,primary_adjudicated,DEM;PL;PP;PSC;PSD;PSL;REPUBLICANOS,DEM;PL;PP;PSC;PSD;PSL;REPUBLICANOS,DEM;PL;PP;PSC;PSD;PSL;REPUBLICANOS,,,,established,,,
2021-11-15,bolsonaro,bolsonaro-2021-07-28,bolsonaro-2021-08-06,primary_adjudicated,DEM;PL;PP;PSC;PSD;PSL;REPUBLICANOS,DEM;PL;PP;PSC;PSD;PSL;REPUBLICANOS,DEM;PL;PP;PSC;PSD;PSL;REPUBLICANOS,,,,established,,,
2021-11-16,bolsonaro,bolsonaro-2021-07-28,bolsonaro-2021-08-06,primary_adjudicated,DEM;PL;PP;PSC;PSD;PSL;REPUBLICANOS,DEM;PL;PP;PSC;PSD;PSL;REPUBLICANOS,DEM;PL;PP;PSC;PSD;PSL;REPUBLICANOS,,,,established,,,
2021-11-17,bolsonaro,bolsonaro-2021-07-28,bolsonaro-2021-08-06,primary_adjudicated,DEM;PL;PP;PSC;PSD;PSL;REPUBLICANOS,DEM;PL;PP;PSC;PSD;PSL;REPUBLICANOS,DEM;PL;PP;PSC;PSD;PSL;REPUBLICANOS,,,,established,,,
2021-11-18,bolsonaro,bolsonaro-2021-07-28,bolsonaro-2021-08-06,primary_adjudicated,DEM;PL;PP;PSC;PSD;PSL;REPUBLICANOS,DEM;PL;PP;PSC;PSD;PSL;REPUBLICANOS,DEM;PL;PP;PSC;PSD;PSL;REPUBLICANOS,,,,established,,,
2021-11-19,bolsonaro,bolsonaro-2021-07-28,bolsonaro-2021-08-06,primary_adjudicated,DEM;PL;PP;PSC;PSD;PSL;REPUBLICANOS,DEM;PL;PP;PSC;PSD;PSL;REPUBLICANOS,DEM;PL;PP;PSC;PSD;PSL;REPUBLICANOS,,,,established,,,
2021-11-20,bolsonaro,bolsonaro-2021-07-28,bolsonaro-2021-08-06,primary_adjudicated,DEM;PL;PP;PSC;PSD;PSL;REPUBLICANOS,DEM;PL;PP;PSC;PSD;PSL;REPUBLICANOS,DEM;PL;PP;PSC;PSD;PSL;REPUBLICANOS,,,,established,,,
2021-11-21,bolsonaro,bolsonaro-2021-07-28,bolsonaro-2021-08-06,primary_adjudicated,DEM;PL;PP;PSC;PSD;PSL;REPUBLICANOS,DEM;PL;PP;PSC;PSD;PSL;REPUBLICANOS,DEM;PL;PP;PSC;PSD;PSL;REPUBLICANOS,,,,established,,,
2021-11-22,bolsonaro,bolsonaro-2021-07-28,bolsonaro-2021-08-06,primary_adjudicated,DEM;PL;PP;PSC;PSD;PSL;REPUBLICANOS,DEM;PL;PP;PSC;PSD;PSL;REPUBLICANOS,DEM;PL;PP;PSC;PSD;PSL;REPUBLICANOS,,,,established,,,
2021-11-23,bolsonaro,bolsonaro-2021-07-28,bolsonaro-2021-08-06,primary_adjudicated,DEM;PL;PP;PSC;PSD;PSL;REPUBLICANOS,DEM;PL;PP;PSC;PSD;PSL;REPUBLICANOS,DEM;PL;PP;PSC;PSD;PSL;REPUBLICANOS,,,,established,,,
2021-11-24,bolsonaro,bolsonaro-2021-07-28,bolsonaro-2021-08-06,primary_adjudicated,DEM;PL;PP;PSC;PSD;PSL;REPUBLICANOS,DEM;PL;PP;PSC;PSD;PSL;REPUBLICANOS,DEM;PL;PP;PSC;PSD;PSL;REPUBLICANOS,,,,established,,,
2021-11-25,bolsonaro,bolsonaro-2021-07-28,bolsonaro-2021-08-06,primary_adjudicated,DEM;PL;PP;PSC;PSD;PSL;REPUBLICANOS,DEM;PL;PP;PSC;PSD;PSL;REPUBLICANOS,DEM;PL;PP;PSC;PSD;PSL;REPUBLICANOS,,,,established,,,
2021-11-26,bolsonaro,bolsonaro-2021-07-28,bolsonaro-2021-08-06,primary_adjudicated,DEM;PL;PP;PSC;PSD;PSL;REPUBLICANOS,DEM;PL;PP;PSC;PSD;PSL;REPUBLICANOS,DEM;PL;PP;PSC;PSD;PSL;REPUBLICANOS,,,,established,,,
2021-11-27,bolsonaro,bolsonaro-2021-07-28,bolsonaro-2021-08-06,primary_adjudicated,DEM;PL;PP;PSC;PSD;PSL;REPUBLICANOS,DEM;PL;PP;PSC;PSD;PSL;REPUBLICANOS,DEM;PL;PP;PSC;PSD;PSL;REPUBLICANOS,,,,established,,,
2021-11-28,bolsonaro,bolsonaro-2021-07-28,bolsonaro-2021-08-06,primary_adjudicated,DEM;PL;PP;PSC;PSD;PSL;REPUBLICANOS,DEM;PL;PP;PSC;PSD;PSL;REPUBLICANOS,DEM;PL;PP;PSC;PSD;PSL;REPUBLICANOS,,,,established,,,
2021-11-29,bolsonaro,bolsonaro-2021-07-28,bolsonaro-2021-08-06,primary_adjudicated,DEM;PL;PP;PSC;PSD;PSL;REPUBLICANOS,DEM;PL;PP;PSC;PSD;PSL;REPUBLICANOS,DEM;PL;PP;PSC;PSD;PSL;REPUBLICANOS,,,,established,,,
2021-11-30,bolsonaro,bolsonaro-2021-07-28,bolsonaro-2021-11-30,primary_adjudicated,DEM;PL;PP;PSC;PSD;PSL;REPUBLICANOS,DEM;PL;PP;PSC;PSD;PSL;REPUBLICANOS,DEM;PL;PP;PSC;PSD;PSL;REPUBLICANOS,,,,established,,,
2021-12-01,bolsonaro,bolsonaro-2021-07-28,bolsonaro-2021-11-30,primary_adjudicated,DEM;PL;PP;PSC;PSD;PSL;REPUBLICANOS,DEM;PL;PP;PSC;PSD;PSL;REPUBLICANOS,DEM;PL;PP;PSC;PSD;PSL;REPUBLICANOS,,,,established,,,
2021-12-02,bolsonaro,bolsonaro-2021-07-28,bolsonaro-2021-11-30,primary_adjudicated,DEM;PL;PP;PSC;PSD;PSL;REPUBLICANOS,DEM;PL;PP;PSC;PSD;PSL;REPUBLICANOS,DEM;PL;PP;PSC;PSD;PSL;REPUBLICANOS,,,,established,,,
2021-12-03,bolsonaro,bolsonaro-2021-07-28,bolsonaro-2021-11-30,primary_adjudicated,DEM;PL;PP;PSC;PSD;PSL;REPUBLICANOS,DEM;PL;PP;PSC;PSD;PSL;REPUBLICANOS,DEM;PL;PP;PSC;PSD;PSL;REPUBLICANOS,,,,established,,,
2021-12-04,bolsonaro,bolsonaro-2021-07-28,bolsonaro-2021-11-30,primary_adjudicated,DEM;PL;PP;PSC;PSD;PSL;REPUBLICANOS,DEM;PL;PP;PSC;PSD;PSL;REPUBLICANOS,DEM;PL;PP;PSC;PSD;PSL;REPUBLICANOS,,,,established,,,
2021-12-05,bolsonaro,bolsonaro-2021-07-28,bolsonaro-2021-11-30,primary_adjudicated,DEM;PL;PP;PSC;PSD;PSL;REPUBLICANOS,DEM;PL;PP;PSC;PSD;PSL;REPUBLICANOS,DEM;PL;PP;PSC;PSD;PSL;REPUBLICANOS,,,,established,,,
2021-12-06,bolsonaro,bolsonaro-2021-07-28,bolsonaro-2021-11-30,primary_adjudicated,DEM;PL;PP;PSC;PSD;PSL;REPUBLICANOS,DEM;PL;PP;PSC;PSD;PSL;REPUBLICANOS,DEM;PL;PP;PSC;PSD;PSL;REPUBLICANOS,,,,established,,,
2021-12-07,bolsonaro,bolsonaro-2021-07-28,bolsonaro-2021-11-30,primary_adjudicated,DEM;PL;PP;PSC;PSD;PSL;REPUBLICANOS,DEM;PL;PP;PSC;PSD;PSL;REPUBLICANOS,DEM;PL;PP;PSC;PSD;PSL;REPUBLICANOS,,,,established,,,
2021-12-08,bolsonaro,bolsonaro-2021-07-28,bolsonaro-2021-11-30,primary_adjudicated,DEM;PL;PP;PSC;PSD;PSL;REPUBLICANOS,DEM;PL;PP;PSC;PSD;PSL;REPUBLICANOS,DEM;PL;PP;PSC;PSD;PSL;REPUBLICANOS,,,,established,,,
2021-12-09,bolsonaro,bolsonaro-2021-07-28,bolsonaro-2021-11-30,primary_adjudicated,DEM;PL;PP;PSC;PSD;PSL;REPUBLICANOS,DEM;PL;PP;PSC;PSD;PSL;REPUBLICANOS,DEM;PL;PP;PSC;PSD;PSL;REPUBLICANOS,,,,established,,,
2021-12-10,bolsonaro,bolsonaro-2021-07-28,bolsonaro-2021-11-30,primary_adjudicated,DEM;PL;PP;PSC;PSD;PSL;REPUBLICANOS,DEM;PL;PP;PSC;PSD;PSL;REPUBLICANOS,DEM;PL;PP;PSC;PSD;PSL;REPUBLICANOS,,,,established,,,
2021-12-11,bolsonaro,bolsonaro-2021-07-28,bolsonaro-2021-11-30,primary_adjudicated,DEM;PL;PP;PSC;PSD;PSL;REPUBLICANOS,DEM;PL;PP;PSC;PSD;PSL;REPUBLICANOS,DEM;PL;PP;PSC;PSD;PSL;REPUBLICANOS,,,,established,,,
2021-12-12,bolsonaro,bolsonaro-2021-07-28,bolsonaro-2021-11-30,primary_adjudicated,DEM;PL;PP;PSC;PSD;PSL;REPUBLICANOS,DEM;PL;PP;PSC;PSD;PSL;REPUBLICANOS,DEM;PL;PP;PSC;PSD;PSL;REPUBLICANOS,,,,established,,,
2021-12-13,bolsonaro,bolsonaro-2021-07-28,bolsonaro-2021-11-30,primary_adjudicated,DEM;PL;PP;PSC;PSD;PSL;REPUBLICANOS,DEM;PL;PP;PSC;PSD;PSL;REPUBLICANOS,DEM;PL;PP;PSC;PSD;PSL;REPUBLICANOS,,,,established,,,
2021-12-14,bolsonaro,bolsonaro-2021-07-28,bolsonaro-2021-11-30,primary_adjudicated,DEM;PL;PP;PSC;PSD;PSL;REPUBLICANOS,DEM;PL;PP;PSC;PSD;PSL;REPUBLICANOS,DEM;PL;PP;PSC;PSD;PSL;REPUBLICANOS,,,,established,,,
2021-12-15,bolsonaro,bolsonaro-2021-07-28,bolsonaro-2021-11-30,primary_adjudicated,DEM;PL;PP;PSC;PSD;PSL;REPUBLICANOS,DEM;PL;PP;PSC;PSD;PSL;REPUBLICANOS,DEM;PL;PP;PSC;PSD;PSL;REPUBLICANOS,,,,established,,,
2021-12-16,bolsonaro,bolsonaro-2021-07-28,bolsonaro-2021-11-30,primary_adjudicated,DEM;PL;PP;PSC;PSD;PSL;REPUBLICANOS,DEM;PL;PP;PSC;PSD;PSL;REPUBLICANOS,DEM;PL;PP;PSC;PSD;PSL;REPUBLICANOS,,,,established,,,
2021-12-17,bolsonaro,bolsonaro-2021-07-28,bolsonaro-2021-11-30,primary_adjudicated,DEM;PL;PP;PSC;PSD;PSL;REPUBLICANOS,DEM;PL;PP;PSC;PSD;PSL;REPUBLICANOS,DEM;PL;PP;PSC;PSD;PSL;REPUBLICANOS,,,,established,,,
2021-12-18,bolsonaro,bolsonaro-2021-07-28,bolsonaro-2021-11-30,primary_adjudicated,DEM;PL;PP;PSC;PSD;PSL;REPUBLICANOS,DEM;PL;PP;PSC;PSD;PSL;REPUBLICANOS,DEM;PL;PP;PSC;PSD;PSL;REPUBLICANOS,,,,established,,,
2021-12-19,bolsonaro,bolsonaro-2021-07-28,bolsonaro-2021-11-30,primary_adjudicated,DEM;PL;PP;PSC;PSD;PSL;REPUBLICANOS,DEM;PL;PP;PSC;PSD;PSL;REPUBLICANOS,DEM;PL;PP;PSC;PSD;PSL;REPUBLICANOS,,,,established,,,
2021-12-20,bolsonaro,bolsonaro-2021-07-28,bolsonaro-2021-11-30,primary_adjudicated,DEM;PL;PP;PSC;PSD;PSL;REPUBLICANOS,DEM;PL;PP;PSC;PSD;PSL;REPUBLICANOS,DEM;PL;PP;PSC;PSD;PSL;REPUBLICANOS,,,,established,,,
2021-12-21,bolsonaro,bolsonaro-2021-07-28,bolsonaro-2021-11-30,primary_adjudicated,DEM;PL;PP;PSC;PSD;PSL;REPUBLICANOS,DEM;PL;PP;PSC;PSD;PSL;REPUBLICANOS,DEM;PL;PP;PSC;PSD;PSL;REPUBLICANOS,,,,established,,,
2021-12-22,bolsonaro,bolsonaro-2021-07-28,bolsonaro-2021-11-30,primary_adjudicated,DEM;PL;PP;PSC;PSD;PSL;REPUBLICANOS,DEM;PL;PP;PSC;PSD;PSL;REPUBLICANOS,DEM;PL;PP;PSC;PSD;PSL;REPUBLICANOS,,,,established,,,
2021-12-23,bolsonaro,bolsonaro-2021-07-28,bolsonaro-2021-11-30,primary_adjudicated,DEM;PL;PP;PSC;PSD;PSL;REPUBLICANOS,DEM;PL;PP;PSC;PSD;PSL;REPUBLICANOS,DEM;PL;PP;PSC;PSD;PSL;REPUBLICANOS,,,,established,,,
2021-12-24,bolsonaro,bolsonaro-2021-07-28,bolsonaro-2021-11-30,primary_adjudicated,DEM;PL;PP;PSC;PSD;PSL;REPUBLICANOS,DEM;PL;PP;PSC;PSD;PSL;REPUBLICANOS,DEM;PL;PP;PSC;PSD;PSL;REPUBLICANOS,,,,established,,,
2021-12-25,bolsonaro,bolsonaro-2021-07-28,bolsonaro-2021-11-30,primary_adjudicated,DEM;PL;PP;PSC;PSD;PSL;REPUBLICANOS,DEM;PL;PP;PSC;PSD;PSL;REPUBLICANOS,DEM;PL;PP;PSC;PSD;PSL;REPUBLICANOS,,,,established,,,
2021-12-26,bolsonaro,bolsonaro-2021-07-28,bolsonaro-2021-11-30,primary_adjudicated,DEM;PL;PP;PSC;PSD;PSL;REPUBLICANOS,DEM;PL;PP;PSC;PSD;PSL;REPUBLICANOS,DEM;PL;PP;PSC;PSD;PSL;REPUBLICANOS,,,,established,,,
2021-12-27,bolsonaro,bolsonaro-2021-07-28,bolsonaro-2021-11-30,primary_adjudicated,DEM;PL;PP;PSC;PSD;PSL;REPUBLICANOS,DEM;PL;PP;PSC;PSD;PSL;REPUBLICANOS,DEM;PL;PP;PSC;PSD;PSL;REPUBLICANOS,,,,established,,,
2021-12-28,bolsonaro,bolsonaro-2021-07-28,bolsonaro-2021-11-30,primary_adjudicated,DEM;PL;PP;PSC;PSD;PSL;REPUBLICANOS,DEM;PL;PP;PSC;PSD;PSL;REPUBLICANOS,DEM;PL;PP;PSC;PSD;PSL;REPUBLICANOS,,,,established,,,
2021-12-29,bolsonaro,bolsonaro-2021-07-28,bolsonaro-2021-11-30,primary_adjudicated,DEM;PL;PP;PSC;PSD;PSL;REPUBLICANOS,DEM;PL;PP;PSC;PSD;PSL;REPUBLICANOS,DEM;PL;PP;PSC;PSD;PSL;REPUBLICANOS,,,,established,,,
2021-12-30,bolsonaro,bolsonaro-2021-07-28,bolsonaro-2021-11-30,primary_adjudicated,DEM;PL;PP;PSC;PSD;PSL;REPUBLICANOS,DEM;PL;PP;PSC;PSD;PSL;REPUBLICANOS,DEM;PL;PP;PSC;PSD;PSL;REPUBLICANOS,,,,established,,,
2021-12-31,bolsonaro,bolsonaro-2021-07-28,bolsonaro-2021-11-30,primary_adjudicated,DEM;PL;PP;PSC;PSD;PSL;REPUBLICANOS,DEM;PL;PP;PSC;PSD;PSL;REPUBLICANOS,DEM;PL;PP;PSC;PSD;PSL;REPUBLICANOS,,,,established,,,
2022-01-01,bolsonaro,bolsonaro-2021-07-28,bolsonaro-2021-11-30,primary_adjudicated,DEM;PL;PP;PSC;PSD;PSL;REPUBLICANOS,DEM;PL;PP;PSC;PSD;PSL;REPUBLICANOS,DEM;PL;PP;PSC;PSD;PSL;REPUBLICANOS,,,,established,,,
2022-01-02,bolsonaro,bolsonaro-2021-07-28,bolsonaro-2021-11-30,primary_adjudicated,DEM;PL;PP;PSC;PSD;PSL;REPUBLICANOS,DEM;PL;PP;PSC;PSD;PSL;REPUBLICANOS,DEM;PL;PP;PSC;PSD;PSL;REPUBLICANOS,,,,established,,,
2022-01-03,bolsonaro,bolsonaro-2021-07-28,bolsonaro-2021-11-30,primary_adjudicated,DEM;PL;PP;PSC;PSD;PSL;REPUBLICANOS,DEM;PL;PP;PSC;PSD;PSL;REPUBLICANOS,DEM;PL;PP;PSC;PSD;PSL;REPUBLICANOS,,,,established,,,
2022-01-04,bolsonaro,bolsonaro-2021-07-28,bolsonaro-2021-11-30,primary_adjudicated,DEM;PL;PP;PSC;PSD;PSL;REPUBLICANOS,DEM;PL;PP;PSC;PSD;PSL;REPUBLICANOS,DEM;PL;PP;PSC;PSD;PSL;REPUBLICANOS,,,,established,,,
2022-01-05,bolsonaro,bolsonaro-2021-07-28,bolsonaro-2021-11-30,primary_adjudicated,DEM;PL;PP;PSC;PSD;PSL;REPUBLICANOS,DEM;PL;PP;PSC;PSD;PSL;REPUBLICANOS,DEM;PL;PP;PSC;PSD;PSL;REPUBLICANOS,,,,established,,,
2022-01-06,bolsonaro,bolsonaro-2021-07-28,bolsonaro-2021-11-30,primary_adjudicated,DEM;PL;PP;PSC;PSD;PSL;REPUBLICANOS,DEM;PL;PP;PSC;PSD;PSL;REPUBLICANOS,DEM;PL;PP;PSC;PSD;PSL;REPUBLICANOS,,,,established,,,
2022-01-07,bolsonaro,bolsonaro-2021-07-28,bolsonaro-2021-11-30,primary_adjudicated,DEM;PL;PP;PSC;PSD;PSL;REPUBLICANOS,DEM;PL;PP;PSC;PSD;PSL;REPUBLICANOS,DEM;PL;PP;PSC;PSD;PSL;REPUBLICANOS,,,,established,,,
2022-01-08,bolsonaro,bolsonaro-2021-07-28,bolsonaro-2021-11-30,primary_adjudicated,DEM;PL;PP;PSC;PSD;PSL;REPUBLICANOS,DEM;PL;PP;PSC;PSD;PSL;REPUBLICANOS,DEM;PL;PP;PSC;PSD;PSL;REPUBLICANOS,,,,established,,,
2022-01-09,bolsonaro,bolsonaro-2021-07-28,bolsonaro-2021-11-30,primary_adjudicated,DEM;PL;PP;PSC;PSD;PSL;REPUBLICANOS,DEM;PL;PP;PSC;PSD;PSL;REPUBLICANOS,DEM;PL;PP;PSC;PSD;PSL;REPUBLICANOS,,,,established,,,
2022-01-10,bolsonaro,bolsonaro-2021-07-28,bolsonaro-2021-11-30,primary_adjudicated,DEM;PL;PP;PSC;PSD;PSL;REPUBLICANOS,DEM;PL;PP;PSC;PSD;PSL;REPUBLICANOS,DEM;PL;PP;PSC;PSD;PSL;REPUBLICANOS,,,,established,,,
2022-01-11,bolsonaro,bolsonaro-2021-07-28,bolsonaro-2021-11-30,primary_adjudicated,DEM;PL;PP;PSC;PSD;PSL;REPUBLICANOS,DEM;PL;PP;PSC;PSD;PSL;REPUBLICANOS,DEM;PL;PP;PSC;PSD;PSL;REPUBLICANOS,,,,established,,,
2022-01-12,bolsonaro,bolsonaro-2021-07-28,bolsonaro-2021-11-30,primary_adjudicated,DEM;PL;PP;PSC;PSD;PSL;REPUBLICANOS,DEM;PL;PP;PSC;PSD;PSL;REPUBLICANOS,DEM;PL;PP;PSC;PSD;PSL;REPUBLICANOS,,,,established,,,
2022-01-13,bolsonaro,bolsonaro-2021-07-28,bolsonaro-2021-11-30,primary_adjudicated,DEM;PL;PP;PSC;PSD;PSL;REPUBLICANOS,DEM;PL;PP;PSC;PSD;PSL;REPUBLICANOS,DEM;PL;PP;PSC;PSD;PSL;REPUBLICANOS,,,,established,,,
2022-01-14,bolsonaro,bolsonaro-2021-07-28,bolsonaro-2021-11-30,primary_adjudicated,DEM;PL;PP;PSC;PSD;PSL;REPUBLICANOS,DEM;PL;PP;PSC;PSD;PSL;REPUBLICANOS,DEM;PL;PP;PSC;PSD;PSL;REPUBLICANOS,,,,established,,,
2022-01-15,bolsonaro,bolsonaro-2021-07-28,bolsonaro-2021-11-30,primary_adjudicated,DEM;PL;PP;PSC;PSD;PSL;REPUBLICANOS,DEM;PL;PP;PSC;PSD;PSL;REPUBLICANOS,DEM;PL;PP;PSC;PSD;PSL;REPUBLICANOS,,,,established,,,
2022-01-16,bolsonaro,bolsonaro-2021-07-28,bolsonaro-2021-11-30,primary_adjudicated,DEM;PL;PP;PSC;PSD;PSL;REPUBLICANOS,DEM;PL;PP;PSC;PSD;PSL;REPUBLICANOS,DEM;PL;PP;PSC;PSD;PSL;REPUBLICANOS,,,,established,,,
2022-01-17,bolsonaro,bolsonaro-2021-07-28,bolsonaro-2021-11-30,primary_adjudicated,DEM;PL;PP;PSC;PSD;PSL;REPUBLICANOS,DEM;PL;PP;PSC;PSD;PSL;REPUBLICANOS,DEM;PL;PP;PSC;PSD;PSL;REPUBLICANOS,,,,established,,,
2022-01-18,bolsonaro,bolsonaro-2021-07-28,bolsonaro-2021-11-30,primary_adjudicated,DEM;PL;PP;PSC;PSD;PSL;REPUBLICANOS,DEM;PL;PP;PSC;PSD;PSL;REPUBLICANOS,DEM;PL;PP;PSC;PSD;PSL;REPUBLICANOS,,,,established,,,
2022-01-19,bolsonaro,bolsonaro-2021-07-28,bolsonaro-2021-11-30,primary_adjudicated,DEM;PL;PP;PSC;PSD;PSL;REPUBLICANOS,DEM;PL;PP;PSC;PSD;PSL;REPUBLICANOS,DEM;PL;PP;PSC;PSD;PSL;REPUBLICANOS,,,,established,,,
2022-01-20,bolsonaro,bolsonaro-2021-07-28,bolsonaro-2021-11-30,primary_adjudicated,DEM;PL;PP;PSC;PSD;PSL;REPUBLICANOS,DEM;PL;PP;PSC;PSD;PSL;REPUBLICANOS,DEM;PL;PP;PSC;PSD;PSL;REPUBLICANOS,,,,established,,,
2022-01-21,bolsonaro,bolsonaro-2021-07-28,bolsonaro-2021-11-30,primary_adjudicated,DEM;PL;PP;PSC;PSD;PSL;REPUBLICANOS,DEM;PL;PP;PSC;PSD;PSL;REPUBLICANOS,DEM;PL;PP;PSC;PSD;PSL;REPUBLICANOS,,,,established,,,
2022-01-22,bolsonaro,bolsonaro-2021-07-28,bolsonaro-2021-11-30,primary_adjudicated,DEM;PL;PP;PSC;PSD;PSL;REPUBLICANOS,DEM;PL;PP;PSC;PSD;PSL;REPUBLICANOS,DEM;PL;PP;PSC;PSD;PSL;REPUBLICANOS,,,,established,,,
2022-01-23,bolsonaro,bolsonaro-2021-07-28,bolsonaro-2021-11-30,primary_adjudicated,DEM;PL;PP;PSC;PSD;PSL;REPUBLICANOS,DEM;PL;PP;PSC;PSD;PSL;REPUBLICANOS,DEM;PL;PP;PSC;PSD;PSL;REPUBLICANOS,,,,established,,,
2022-01-24,bolsonaro,bolsonaro-2021-07-28,bolsonaro-2021-11-30,primary_adjudicated,DEM;PL;PP;PSC;PSD;PSL;REPUBLICANOS,DEM;PL;PP;PSC;PSD;PSL;REPUBLICANOS,DEM;PL;PP;PSC;PSD;PSL;REPUBLICANOS,,,,established,,,
2022-01-25,bolsonaro,bolsonaro-2021-07-28,bolsonaro-2021-11-30,primary_adjudicated,DEM;PL;PP;PSC;PSD;PSL;REPUBLICANOS,DEM;PL;PP;PSC;PSD;PSL;REPUBLICANOS,DEM;PL;PP;PSC;PSD;PSL;REPUBLICANOS,,,,established,,,
2022-01-26,bolsonaro,bolsonaro-2021-07-28,bolsonaro-2021-11-30,primary_adjudicated,DEM;PL;PP;PSC;PSD;PSL;REPUBLICANOS,DEM;PL;PP;PSC;PSD;PSL;REPUBLICANOS,DEM;PL;PP;PSC;PSD;PSL;REPUBLICANOS,,,,established,,,
2022-01-27,bolsonaro,bolsonaro-2021-07-28,bolsonaro-2021-11-30,primary_adjudicated,DEM;PL;PP;PSC;PSD;PSL;REPUBLICANOS,DEM;PL;PP;PSC;PSD;PSL;REPUBLICANOS,DEM;PL;PP;PSC;PSD;PSL;REPUBLICANOS,,,,established,,,
2022-01-28,bolsonaro,bolsonaro-2021-07-28,bolsonaro-2021-11-30,primary_adjudicated,DEM;PL;PP;PSC;PSD;PSL;REPUBLICANOS,DEM;PL;PP;PSC;PSD;PSL;REPUBLICANOS,DEM;PL;PP;PSC;PSD;PSL;REPUBLICANOS,,,,established,,,
2022-01-29,bolsonaro,bolsonaro-2021-07-28,bolsonaro-2021-11-30,primary_adjudicated,DEM;PL;PP;PSC;PSD;PSL;REPUBLICANOS,DEM;PL;PP;PSC;PSD;PSL;REPUBLICANOS,DEM;PL;PP;PSC;PSD;PSL;REPUBLICANOS,,,,established,,,
2022-01-30,bolsonaro,bolsonaro-2021-07-28,bolsonaro-2021-11-30,primary_adjudicated,DEM;PL;PP;PSC;PSD;PSL;REPUBLICANOS,DEM;PL;PP;PSC;PSD;PSL;REPUBLICANOS,DEM;PL;PP;PSC;PSD;PSL;REPUBLICANOS,,,,established,,,
2022-01-31,bolsonaro,bolsonaro-2021-07-28,bolsonaro-2021-11-30,primary_adjudicated,DEM;PL;PP;PSC;PSD;PSL;REPUBLICANOS,DEM;PL;PP;PSC;PSD;PSL;REPUBLICANOS,DEM;PL;PP;PSC;PSD;PSL;REPUBLICANOS,,,,established,,,
2022-02-01,bolsonaro,bolsonaro-2021-07-28,bolsonaro-2021-11-30,primary_adjudicated,DEM;PL;PP;PSC;PSD;PSL;REPUBLICANOS,DEM;PL;PP;PSC;PSD;PSL;REPUBLICANOS,DEM;PL;PP;PSC;PSD;PSL;REPUBLICANOS,,,,established,,,
2022-02-02,bolsonaro,bolsonaro-2021-07-28,bolsonaro-2021-11-30,primary_adjudicated,DEM;PL;PP;PSC;PSD;PSL;REPUBLICANOS,DEM;PL;PP;PSC;PSD;PSL;REPUBLICANOS,DEM;PL;PP;PSC;PSD;PSL;REPUBLICANOS,,,,established,,,
2022-02-03,bolsonaro,bolsonaro-2021-07-28,bolsonaro-2021-11-30,primary_adjudicated,DEM;PL;PP;PSC;PSD;PSL;REPUBLICANOS,DEM;PL;PP;PSC;PSD;PSL;REPUBLICANOS,DEM;PL;PP;PSC;PSD;PSL;REPUBLICANOS,,,,established,,,
2022-02-04,bolsonaro,bolsonaro-2021-07-28,bolsonaro-2021-11-30,primary_adjudicated,DEM;PL;PP;PSC;PSD;PSL;REPUBLICANOS,DEM;PL;PP;PSC;PSD;PSL;REPUBLICANOS,DEM;PL;PP;PSC;PSD;PSL;REPUBLICANOS,,,,established,,,
2022-02-05,bolsonaro,bolsonaro-2021-07-28,bolsonaro-2021-11-30,primary_adjudicated,DEM;PL;PP;PSC;PSD;PSL;REPUBLICANOS,DEM;PL;PP;PSC;PSD;PSL;REPUBLICANOS,DEM;PL;PP;PSC;PSD;PSL;REPUBLICANOS,,,,established,,,
2022-02-06,bolsonaro,bolsonaro-2021-07-28,bolsonaro-2021-11-30,primary_adjudicated,DEM;PL;PP;PSC;PSD;PSL;REPUBLICANOS,DEM;PL;PP;PSC;PSD;PSL;REPUBLICANOS,DEM;PL;PP;PSC;PSD;PSL;REPUBLICANOS,,,,established,,,
2022-02-07,bolsonaro,bolsonaro-2021-07-28,bolsonaro-2021-11-30,primary_adjudicated,DEM;PL;PP;PSC;PSD;PSL;REPUBLICANOS,DEM;PL;PP;PSC;PSD;PSL;REPUBLICANOS,DEM;PL;PP;PSC;PSD;PSL;REPUBLICANOS,,,,established,,,
2022-02-08,bolsonaro,bolsonaro-2022-02-08,bolsonaro-2022-02-08,primary_adjudicated,PL;PP;PSC;PSD;REPUBLICANOS;UNIAO,PL;PP;PSC;PSD;REPUBLICANOS;UNIAO,PL;PP;PSC;PSD;REPUBLICANOS;UNIAO,,,,established,,,
2022-02-09,bolsonaro,bolsonaro-2022-02-08,bolsonaro-2022-02-08,primary_adjudicated,PL;PP;PSC;PSD;REPUBLICANOS;UNIAO,PL;PP;PSC;PSD;REPUBLICANOS;UNIAO,PL;PP;PSC;PSD;REPUBLICANOS;UNIAO,,,,established,,,
2022-02-10,bolsonaro,bolsonaro-2022-02-08,bolsonaro-2022-02-08,primary_adjudicated,PL;PP;PSC;PSD;REPUBLICANOS;UNIAO,PL;PP;PSC;PSD;REPUBLICANOS;UNIAO,PL;PP;PSC;PSD;REPUBLICANOS;UNIAO,,,,established,,,
2022-02-11,bolsonaro,bolsonaro-2022-02-08,bolsonaro-2022-02-08,primary_adjudicated,PL;PP;PSC;PSD;REPUBLICANOS;UNIAO,PL;PP;PSC;PSD;REPUBLICANOS;UNIAO,PL;PP;PSC;PSD;REPUBLICANOS;UNIAO,,,,established,,,
2022-02-12,bolsonaro,bolsonaro-2022-02-08,bolsonaro-2022-02-08,primary_adjudicated,PL;PP;PSC;PSD;REPUBLICANOS;UNIAO,PL;PP;PSC;PSD;REPUBLICANOS;UNIAO,PL;PP;PSC;PSD;REPUBLICANOS;UNIAO,,,,established,,,
2022-02-13,bolsonaro,bolsonaro-2022-02-08,bolsonaro-2022-02-08,primary_adjudicated,PL;PP;PSC;PSD;REPUBLICANOS;UNIAO,PL;PP;PSC;PSD;REPUBLICANOS;UNIAO,PL;PP;PSC;PSD;REPUBLICANOS;UNIAO,,,,established,,,
2022-02-14,bolsonaro,bolsonaro-2022-02-08,bolsonaro-2022-02-08,primary_adjudicated,PL;PP;PSC;PSD;REPUBLICANOS;UNIAO,PL;PP;PSC;PSD;REPUBLICANOS;UNIAO,PL;PP;PSC;PSD;REPUBLICANOS;UNIAO,,,,established,,,
2022-02-15,bolsonaro,bolsonaro-2022-02-08,bolsonaro-2022-02-08,primary_adjudicated,PL;PP;PSC;PSD;REPUBLICANOS;UNIAO,PL;PP;PSC;PSD;REPUBLICANOS;UNIAO,PL;PP;PSC;PSD;REPUBLICANOS;UNIAO,,,,established,,,
2022-02-16,bolsonaro,bolsonaro-2022-02-08,bolsonaro-2022-02-08,primary_adjudicated,PL;PP;PSC;PSD;REPUBLICANOS;UNIAO,PL;PP;PSC;PSD;REPUBLICANOS;UNIAO,PL;PP;PSC;PSD;REPUBLICANOS;UNIAO,,,,established,,,
2022-02-17,bolsonaro,bolsonaro-2022-02-08,bolsonaro-2022-02-08,primary_adjudicated,PL;PP;PSC;PSD;REPUBLICANOS;UNIAO,PL;PP;PSC;PSD;REPUBLICANOS;UNIAO,PL;PP;PSC;PSD;REPUBLICANOS;UNIAO,,,,established,,,
2022-02-18,bolsonaro,bolsonaro-2022-02-08,bolsonaro-2022-02-08,primary_adjudicated,PL;PP;PSC;PSD;REPUBLICANOS;UNIAO,PL;PP;PSC;PSD;REPUBLICANOS;UNIAO,PL;PP;PSC;PSD;REPUBLICANOS;UNIAO,,,,established,,,
2022-02-19,bolsonaro,bolsonaro-2022-02-08,bolsonaro-2022-02-08,primary_adjudicated,PL;PP;PSC;PSD;REPUBLICANOS;UNIAO,PL;PP;PSC;PSD;REPUBLICANOS;UNIAO,PL;PP;PSC;PSD;REPUBLICANOS;UNIAO,,,,established,,,
2022-02-20,bolsonaro,bolsonaro-2022-02-08,bolsonaro-2022-02-08,primary_adjudicated,PL;PP;PSC;PSD;REPUBLICANOS;UNIAO,PL;PP;PSC;PSD;REPUBLICANOS;UNIAO,PL;PP;PSC;PSD;REPUBLICANOS;UNIAO,,,,established,,,
2022-02-21,bolsonaro,bolsonaro-2022-02-08,bolsonaro-2022-02-08,primary_adjudicated,PL;PP;PSC;PSD;REPUBLICANOS;UNIAO,PL;PP;PSC;PSD;REPUBLICANOS;UNIAO,PL;PP;PSC;PSD;REPUBLICANOS;UNIAO,,,,established,,,
2022-02-22,bolsonaro,bolsonaro-2022-02-08,bolsonaro-2022-02-08,primary_adjudicated,PL;PP;PSC;PSD;REPUBLICANOS;UNIAO,PL;PP;PSC;PSD;REPUBLICANOS;UNIAO,PL;PP;PSC;PSD;REPUBLICANOS;UNIAO,,,,established,,,
2022-02-23,bolsonaro,bolsonaro-2022-02-08,bolsonaro-2022-02-08,primary_adjudicated,PL;PP;PSC;PSD;REPUBLICANOS;UNIAO,PL;PP;PSC;PSD;REPUBLICANOS;UNIAO,PL;PP;PSC;PSD;REPUBLICANOS;UNIAO,,,,established,,,
2022-02-24,bolsonaro,bolsonaro-2022-02-08,bolsonaro-2022-02-08,primary_adjudicated,PL;PP;PSC;PSD;REPUBLICANOS;UNIAO,PL;PP;PSC;PSD;REPUBLICANOS;UNIAO,PL;PP;PSC;PSD;REPUBLICANOS;UNIAO,,,,established,,,
2022-02-25,bolsonaro,bolsonaro-2022-02-08,bolsonaro-2022-02-08,primary_adjudicated,PL;PP;PSC;PSD;REPUBLICANOS;UNIAO,PL;PP;PSC;PSD;REPUBLICANOS;UNIAO,PL;PP;PSC;PSD;REPUBLICANOS;UNIAO,,,,established,,,
2022-02-26,bolsonaro,bolsonaro-2022-02-08,bolsonaro-2022-02-08,primary_adjudicated,PL;PP;PSC;PSD;REPUBLICANOS;UNIAO,PL;PP;PSC;PSD;REPUBLICANOS;UNIAO,PL;PP;PSC;PSD;REPUBLICANOS;UNIAO,,,,established,,,
2022-02-27,bolsonaro,bolsonaro-2022-02-08,bolsonaro-2022-02-08,primary_adjudicated,PL;PP;PSC;PSD;REPUBLICANOS;UNIAO,PL;PP;PSC;PSD;REPUBLICANOS;UNIAO,PL;PP;PSC;PSD;REPUBLICANOS;UNIAO,,,,established,,,
2022-02-28,bolsonaro,bolsonaro-2022-02-08,bolsonaro-2022-02-08,primary_adjudicated,PL;PP;PSC;PSD;REPUBLICANOS;UNIAO,PL;PP;PSC;PSD;REPUBLICANOS;UNIAO,PL;PP;PSC;PSD;REPUBLICANOS;UNIAO,,,,established,,,
2022-03-01,bolsonaro,bolsonaro-2022-02-08,bolsonaro-2022-03-01,primary_adjudicated,PL;PP;PSC;PSD;REPUBLICANOS;UNIAO,PL;PP;PSC;PSD;REPUBLICANOS;UNIAO,PL;PP;PSC;PSD;REPUBLICANOS;UNIAO,,,,established,,,
2022-03-02,bolsonaro,bolsonaro-2022-02-08,bolsonaro-2022-03-01,primary_adjudicated,PL;PP;PSC;PSD;REPUBLICANOS;UNIAO,PL;PP;PSC;PSD;REPUBLICANOS;UNIAO,PL;PP;PSC;PSD;REPUBLICANOS;UNIAO,,,,established,,,
2022-03-03,bolsonaro,bolsonaro-2022-02-08,bolsonaro-2022-03-01,primary_adjudicated,PL;PP;PSC;PSD;REPUBLICANOS;UNIAO,PL;PP;PSC;PSD;REPUBLICANOS;UNIAO,PL;PP;PSC;PSD;REPUBLICANOS;UNIAO,,,,established,,,
2022-03-04,bolsonaro,bolsonaro-2022-02-08,bolsonaro-2022-03-04,primary_adjudicated,PL;PP;PSC;PSD;REPUBLICANOS;UNIAO,PL;PP;PSC;PSD;REPUBLICANOS;UNIAO,PL;PP;PSC;PSD;REPUBLICANOS;UNIAO,,,,established,,,
2022-03-05,bolsonaro,bolsonaro-2022-02-08,bolsonaro-2022-03-04,primary_adjudicated,PL;PP;PSC;PSD;REPUBLICANOS;UNIAO,PL;PP;PSC;PSD;REPUBLICANOS;UNIAO,PL;PP;PSC;PSD;REPUBLICANOS;UNIAO,,,,established,,,
2022-03-06,bolsonaro,bolsonaro-2022-02-08,bolsonaro-2022-03-04,primary_adjudicated,PL;PP;PSC;PSD;REPUBLICANOS;UNIAO,PL;PP;PSC;PSD;REPUBLICANOS;UNIAO,PL;PP;PSC;PSD;REPUBLICANOS;UNIAO,,,,established,,,
2022-03-07,bolsonaro,bolsonaro-2022-02-08,bolsonaro-2022-03-04,primary_adjudicated,PL;PP;PSC;PSD;REPUBLICANOS;UNIAO,PL;PP;PSC;PSD;REPUBLICANOS;UNIAO,PL;PP;PSC;PSD;REPUBLICANOS;UNIAO,,,,established,,,
2022-03-08,bolsonaro,bolsonaro-2022-02-08,bolsonaro-2022-03-04,primary_adjudicated,PL;PP;PSC;PSD;REPUBLICANOS;UNIAO,PL;PP;PSC;PSD;REPUBLICANOS;UNIAO,PL;PP;PSC;PSD;REPUBLICANOS;UNIAO,,,,established,,,
2022-03-09,bolsonaro,bolsonaro-2022-02-08,bolsonaro-2022-03-04,primary_adjudicated,PL;PP;PSC;PSD;REPUBLICANOS;UNIAO,PL;PP;PSC;PSD;REPUBLICANOS;UNIAO,PL;PP;PSC;PSD;REPUBLICANOS;UNIAO,,,,established,,,
2022-03-10,bolsonaro,bolsonaro-2022-02-08,bolsonaro-2022-03-04,primary_adjudicated,PL;PP;PSC;PSD;REPUBLICANOS;UNIAO,PL;PP;PSC;PSD;REPUBLICANOS;UNIAO,PL;PP;PSC;PSD;REPUBLICANOS;UNIAO,,,,established,,,
2022-03-11,bolsonaro,bolsonaro-2022-02-08,bolsonaro-2022-03-04,primary_adjudicated,PL;PP;PSC;PSD;REPUBLICANOS;UNIAO,PL;PP;PSC;PSD;REPUBLICANOS;UNIAO,PL;PP;PSC;PSD;REPUBLICANOS;UNIAO,,,,established,,,
2022-03-12,bolsonaro,bolsonaro-2022-02-08,bolsonaro-2022-03-04,primary_adjudicated,PL;PP;PSC;PSD;REPUBLICANOS;UNIAO,PL;PP;PSC;PSD;REPUBLICANOS;UNIAO,PL;PP;PSC;PSD;REPUBLICANOS;UNIAO,,,,established,,,
2022-03-13,bolsonaro,bolsonaro-2022-02-08,bolsonaro-2022-03-04,primary_adjudicated,PL;PP;PSC;PSD;REPUBLICANOS;UNIAO,PL;PP;PSC;PSD;REPUBLICANOS;UNIAO,PL;PP;PSC;PSD;REPUBLICANOS;UNIAO,,,,established,,,
2022-03-14,bolsonaro,bolsonaro-2022-02-08,bolsonaro-2022-03-04,primary_adjudicated,PL;PP;PSC;PSD;REPUBLICANOS;UNIAO,PL;PP;PSC;PSD;REPUBLICANOS;UNIAO,PL;PP;PSC;PSD;REPUBLICANOS;UNIAO,,,,established,,,
2022-03-15,bolsonaro,bolsonaro-2022-02-08,bolsonaro-2022-03-04,primary_adjudicated,PL;PP;PSC;PSD;REPUBLICANOS;UNIAO,PL;PP;PSC;PSD;REPUBLICANOS;UNIAO,PL;PP;PSC;PSD;REPUBLICANOS;UNIAO,,,,established,,,
2022-03-16,bolsonaro,bolsonaro-2022-02-08,bolsonaro-2022-03-04,primary_adjudicated,PL;PP;PSC;PSD;REPUBLICANOS;UNIAO,PL;PP;PSC;PSD;REPUBLICANOS;UNIAO,PL;PP;PSC;PSD;REPUBLICANOS;UNIAO,,,,established,,,
2022-03-17,bolsonaro,bolsonaro-2022-02-08,bolsonaro-2022-03-04,primary_adjudicated,PL;PP;PSC;PSD;REPUBLICANOS;UNIAO,PL;PP;PSC;PSD;REPUBLICANOS;UNIAO,PL;PP;PSC;PSD;REPUBLICANOS;UNIAO,,,,established,,,
2022-03-18,bolsonaro,bolsonaro-2022-02-08,bolsonaro-2022-03-04,primary_adjudicated,PL;PP;PSC;PSD;REPUBLICANOS;UNIAO,PL;PP;PSC;PSD;REPUBLICANOS;UNIAO,PL;PP;PSC;PSD;REPUBLICANOS;UNIAO,,,,established,,,
2022-03-19,bolsonaro,bolsonaro-2022-02-08,bolsonaro-2022-03-04,primary_adjudicated,PL;PP;PSC;PSD;REPUBLICANOS;UNIAO,PL;PP;PSC;PSD;REPUBLICANOS;UNIAO,PL;PP;PSC;PSD;REPUBLICANOS;UNIAO,,,,established,,,
2022-03-20,bolsonaro,bolsonaro-2022-02-08,bolsonaro-2022-03-04,primary_adjudicated,PL;PP;PSC;PSD;REPUBLICANOS;UNIAO,PL;PP;PSC;PSD;REPUBLICANOS;UNIAO,PL;PP;PSC;PSD;REPUBLICANOS;UNIAO,,,,established,,,
2022-03-21,bolsonaro,bolsonaro-2022-02-08,bolsonaro-2022-03-04,primary_adjudicated,PL;PP;PSC;PSD;REPUBLICANOS;UNIAO,PL;PP;PSC;PSD;REPUBLICANOS;UNIAO,PL;PP;PSC;PSD;REPUBLICANOS;UNIAO,,,,established,,,
2022-03-22,bolsonaro,bolsonaro-2022-02-08,bolsonaro-2022-03-04,primary_adjudicated,PL;PP;PSC;PSD;REPUBLICANOS;UNIAO,PL;PP;PSC;PSD;REPUBLICANOS;UNIAO,PL;PP;PSC;PSD;REPUBLICANOS;UNIAO,,,,established,,,
2022-03-23,bolsonaro,bolsonaro-2022-02-08,bolsonaro-2022-03-04,primary_adjudicated,PL;PP;PSC;PSD;REPUBLICANOS;UNIAO,PL;PP;PSC;PSD;REPUBLICANOS;UNIAO,PL;PP;PSC;PSD;REPUBLICANOS;UNIAO,,,,established,,,
2022-03-24,bolsonaro,bolsonaro-2022-03-24,bolsonaro-2022-03-24,primary_adjudicated,PL;PP;PSC;REPUBLICANOS;UNIAO,PL;PP;PSC;REPUBLICANOS;UNIAO,PL;PP;PSC;REPUBLICANOS;UNIAO,,,,established,,,
2022-03-25,bolsonaro,bolsonaro-2022-03-24,bolsonaro-2022-03-24,primary_adjudicated,PL;PP;PSC;REPUBLICANOS;UNIAO,PL;PP;PSC;REPUBLICANOS;UNIAO,PL;PP;PSC;REPUBLICANOS;UNIAO,,,,established,,,
2022-03-26,bolsonaro,bolsonaro-2022-03-24,bolsonaro-2022-03-24,primary_adjudicated,PL;PP;PSC;REPUBLICANOS;UNIAO,PL;PP;PSC;REPUBLICANOS;UNIAO,PL;PP;PSC;REPUBLICANOS;UNIAO,,,,established,,,
2022-03-27,bolsonaro,bolsonaro-2022-03-27,bolsonaro-2022-03-27,primary_adjudicated,PL;PP;PSC;UNIAO,PL;PP;PSC;UNIAO,PL;PP;PSC;UNIAO,,,,established,,,
2022-03-28,bolsonaro,bolsonaro-2022-03-28,bolsonaro-2022-03-28,primary_adjudicated,PL;PP;PSC;REPUBLICANOS;UNIAO,PL;PP;PSC;REPUBLICANOS;UNIAO,PL;PP;PSC;REPUBLICANOS;UNIAO,,,,established,,,
2022-03-29,bolsonaro,bolsonaro-2022-03-28,bolsonaro-2022-03-28,primary_adjudicated,PL;PP;PSC;REPUBLICANOS;UNIAO,PL;PP;PSC;REPUBLICANOS;UNIAO,PL;PP;PSC;REPUBLICANOS;UNIAO,,,,established,,,
2022-03-30,bolsonaro,bolsonaro-2022-03-30,bolsonaro-2022-03-30,primary_adjudicated,PL;PP;REPUBLICANOS;UNIAO,PL;PP;REPUBLICANOS;UNIAO,PL;PP;REPUBLICANOS;UNIAO,,,,established,,,
2022-03-31,bolsonaro,bolsonaro-2022-03-31,bolsonaro-2022-03-31,primary_adjudicated,PP;PSD;REPUBLICANOS,PP;PSD;REPUBLICANOS,PP;PSD;REPUBLICANOS,,,,established,,,
2022-04-01,bolsonaro,bolsonaro-2022-03-31,bolsonaro-2022-04-01,primary_adjudicated,PP;PSD;REPUBLICANOS,PP;PSD;REPUBLICANOS,PP;PSD;REPUBLICANOS,,,,established,,,
2022-04-02,bolsonaro,bolsonaro-2022-03-31,bolsonaro-2022-04-01,primary_adjudicated,PP;PSD;REPUBLICANOS,PP;PSD;REPUBLICANOS,PP;PSD;REPUBLICANOS,,,,established,,,
2022-04-03,bolsonaro,bolsonaro-2022-03-31,bolsonaro-2022-04-01,primary_adjudicated,PP;PSD;REPUBLICANOS,PP;PSD;REPUBLICANOS,PP;PSD;REPUBLICANOS,,,,established,,,
2022-04-04,bolsonaro,bolsonaro-2022-03-31,bolsonaro-2022-04-01,primary_adjudicated,PP;PSD;REPUBLICANOS,PP;PSD;REPUBLICANOS,PP;PSD;REPUBLICANOS,,,,established,,,
2022-04-05,bolsonaro,bolsonaro-2022-03-31,bolsonaro-2022-04-01,primary_adjudicated,PP;PSD;REPUBLICANOS,PP;PSD;REPUBLICANOS,PP;PSD;REPUBLICANOS,,,,established,,,
2022-04-06,bolsonaro,bolsonaro-2022-03-31,bolsonaro-2022-04-01,primary_adjudicated,PP;PSD;REPUBLICANOS,PP;PSD;REPUBLICANOS,PP;PSD;REPUBLICANOS,,,,established,,,
2022-04-07,bolsonaro,bolsonaro-2022-03-31,bolsonaro-2022-04-01,primary_adjudicated,PP;PSD;REPUBLICANOS,PP;PSD;REPUBLICANOS,PP;PSD;REPUBLICANOS,,,,established,,,
2022-04-08,bolsonaro,bolsonaro-2022-03-31,bolsonaro-2022-04-01,primary_adjudicated,PP;PSD;REPUBLICANOS,PP;PSD;REPUBLICANOS,PP;PSD;REPUBLICANOS,,,,established,,,
2022-04-09,bolsonaro,bolsonaro-2022-03-31,bolsonaro-2022-04-01,primary_adjudicated,PP;PSD;REPUBLICANOS,PP;PSD;REPUBLICANOS,PP;PSD;REPUBLICANOS,,,,established,,,
2022-04-10,bolsonaro,bolsonaro-2022-03-31,bolsonaro-2022-04-01,primary_adjudicated,PP;PSD;REPUBLICANOS,PP;PSD;REPUBLICANOS,PP;PSD;REPUBLICANOS,,,,established,,,
2022-04-11,bolsonaro,bolsonaro-2022-03-31,bolsonaro-2022-04-01,primary_adjudicated,PP;PSD;REPUBLICANOS,PP;PSD;REPUBLICANOS,PP;PSD;REPUBLICANOS,,,,established,,,
2022-04-12,bolsonaro,bolsonaro-2022-03-31,bolsonaro-2022-04-01,primary_adjudicated,PP;PSD;REPUBLICANOS,PP;PSD;REPUBLICANOS,PP;PSD;REPUBLICANOS,,,,established,,,
2022-04-13,bolsonaro,bolsonaro-2022-03-31,bolsonaro-2022-04-01,primary_adjudicated,PP;PSD;REPUBLICANOS,PP;PSD;REPUBLICANOS,PP;PSD;REPUBLICANOS,,,,established,,,
2022-04-14,bolsonaro,bolsonaro-2022-03-31,bolsonaro-2022-04-01,primary_adjudicated,PP;PSD;REPUBLICANOS,PP;PSD;REPUBLICANOS,PP;PSD;REPUBLICANOS,,,,established,,,
2022-04-15,bolsonaro,bolsonaro-2022-03-31,bolsonaro-2022-04-01,primary_adjudicated,PP;PSD;REPUBLICANOS,PP;PSD;REPUBLICANOS,PP;PSD;REPUBLICANOS,,,,established,,,
2022-04-16,bolsonaro,bolsonaro-2022-03-31,bolsonaro-2022-04-01,primary_adjudicated,PP;PSD;REPUBLICANOS,PP;PSD;REPUBLICANOS,PP;PSD;REPUBLICANOS,,,,established,,,
2022-04-17,bolsonaro,bolsonaro-2022-03-31,bolsonaro-2022-04-01,primary_adjudicated,PP;PSD;REPUBLICANOS,PP;PSD;REPUBLICANOS,PP;PSD;REPUBLICANOS,,,,established,,,
2022-04-18,bolsonaro,bolsonaro-2022-03-31,bolsonaro-2022-04-01,primary_adjudicated,PP;PSD;REPUBLICANOS,PP;PSD;REPUBLICANOS,PP;PSD;REPUBLICANOS,,,,established,,,
2022-04-19,bolsonaro,bolsonaro-2022-03-31,bolsonaro-2022-04-01,primary_adjudicated,PP;PSD;REPUBLICANOS,PP;PSD;REPUBLICANOS,PP;PSD;REPUBLICANOS,,,,established,,,
2022-04-20,bolsonaro,bolsonaro-2022-03-31,bolsonaro-2022-04-01,primary_adjudicated,PP;PSD;REPUBLICANOS,PP;PSD;REPUBLICANOS,PP;PSD;REPUBLICANOS,,,,established,,,
2022-04-21,bolsonaro,bolsonaro-2022-03-31,bolsonaro-2022-04-01,primary_adjudicated,PP;PSD;REPUBLICANOS,PP;PSD;REPUBLICANOS,PP;PSD;REPUBLICANOS,,,,established,,,
2022-04-22,bolsonaro,bolsonaro-2022-03-31,bolsonaro-2022-04-01,primary_adjudicated,PP;PSD;REPUBLICANOS,PP;PSD;REPUBLICANOS,PP;PSD;REPUBLICANOS,,,,established,,,
2022-04-23,bolsonaro,bolsonaro-2022-03-31,bolsonaro-2022-04-01,primary_adjudicated,PP;PSD;REPUBLICANOS,PP;PSD;REPUBLICANOS,PP;PSD;REPUBLICANOS,,,,established,,,
2022-04-24,bolsonaro,bolsonaro-2022-03-31,bolsonaro-2022-04-01,primary_adjudicated,PP;PSD;REPUBLICANOS,PP;PSD;REPUBLICANOS,PP;PSD;REPUBLICANOS,,,,established,,,
2022-04-25,bolsonaro,bolsonaro-2022-03-31,bolsonaro-2022-04-01,primary_adjudicated,PP;PSD;REPUBLICANOS,PP;PSD;REPUBLICANOS,PP;PSD;REPUBLICANOS,,,,established,,,
2022-04-26,bolsonaro,bolsonaro-2022-03-31,bolsonaro-2022-04-01,primary_adjudicated,PP;PSD;REPUBLICANOS,PP;PSD;REPUBLICANOS,PP;PSD;REPUBLICANOS,,,,established,,,
2022-04-27,bolsonaro,bolsonaro-2022-03-31,bolsonaro-2022-04-01,primary_adjudicated,PP;PSD;REPUBLICANOS,PP;PSD;REPUBLICANOS,PP;PSD;REPUBLICANOS,,,,established,,,
2022-04-28,bolsonaro,bolsonaro-2022-03-31,bolsonaro-2022-04-01,primary_adjudicated,PP;PSD;REPUBLICANOS,PP;PSD;REPUBLICANOS,PP;PSD;REPUBLICANOS,,,,established,,,
2022-04-29,bolsonaro,bolsonaro-2022-03-31,bolsonaro-2022-04-01,primary_adjudicated,PP;PSD;REPUBLICANOS,PP;PSD;REPUBLICANOS,PP;PSD;REPUBLICANOS,,,,established,,,
2022-04-30,bolsonaro,bolsonaro-2022-03-31,bolsonaro-2022-04-01,primary_adjudicated,PP;PSD;REPUBLICANOS,PP;PSD;REPUBLICANOS,PP;PSD;REPUBLICANOS,,,,established,,,
2022-05-01,bolsonaro,bolsonaro-2022-03-31,bolsonaro-2022-04-01,primary_adjudicated,PP;PSD;REPUBLICANOS,PP;PSD;REPUBLICANOS,PP;PSD;REPUBLICANOS,,,,established,,,
2022-05-02,bolsonaro,bolsonaro-2022-03-31,bolsonaro-2022-04-01,primary_adjudicated,PP;PSD;REPUBLICANOS,PP;PSD;REPUBLICANOS,PP;PSD;REPUBLICANOS,,,,established,,,
2022-05-03,bolsonaro,bolsonaro-2022-03-31,bolsonaro-2022-04-01,primary_adjudicated,PP;PSD;REPUBLICANOS,PP;PSD;REPUBLICANOS,PP;PSD;REPUBLICANOS,,,,established,,,
2022-05-04,bolsonaro,bolsonaro-2022-03-31,bolsonaro-2022-04-01,primary_adjudicated,PP;PSD;REPUBLICANOS,PP;PSD;REPUBLICANOS,PP;PSD;REPUBLICANOS,,,,established,,,
2022-05-05,bolsonaro,bolsonaro-2022-03-31,bolsonaro-2022-04-01,primary_adjudicated,PP;PSD;REPUBLICANOS,PP;PSD;REPUBLICANOS,PP;PSD;REPUBLICANOS,,,,established,,,
2022-05-06,bolsonaro,bolsonaro-2022-03-31,bolsonaro-2022-04-01,primary_adjudicated,PP;PSD;REPUBLICANOS,PP;PSD;REPUBLICANOS,PP;PSD;REPUBLICANOS,,,,established,,,
2022-05-07,bolsonaro,bolsonaro-2022-03-31,bolsonaro-2022-04-01,primary_adjudicated,PP;PSD;REPUBLICANOS,PP;PSD;REPUBLICANOS,PP;PSD;REPUBLICANOS,,,,established,,,
2022-05-08,bolsonaro,bolsonaro-2022-03-31,bolsonaro-2022-04-01,primary_adjudicated,PP;PSD;REPUBLICANOS,PP;PSD;REPUBLICANOS,PP;PSD;REPUBLICANOS,,,,established,,,
2022-05-09,bolsonaro,bolsonaro-2022-03-31,bolsonaro-2022-04-01,primary_adjudicated,PP;PSD;REPUBLICANOS,PP;PSD;REPUBLICANOS,PP;PSD;REPUBLICANOS,,,,established,,,
2022-05-10,bolsonaro,bolsonaro-2022-03-31,bolsonaro-2022-04-01,primary_adjudicated,PP;PSD;REPUBLICANOS,PP;PSD;REPUBLICANOS,PP;PSD;REPUBLICANOS,,,,established,,,
2022-05-11,bolsonaro,bolsonaro-2022-05-11,bolsonaro-2022-05-11,primary_adjudicated,PP;PSD;REPUBLICANOS;UNIAO,PP;PSD;REPUBLICANOS;UNIAO,PP;PSD;REPUBLICANOS;UNIAO,,,,established,,,
2022-05-12,bolsonaro,bolsonaro-2022-05-11,bolsonaro-2022-05-11,primary_adjudicated,PP;PSD;REPUBLICANOS;UNIAO,PP;PSD;REPUBLICANOS;UNIAO,PP;PSD;REPUBLICANOS;UNIAO,,,,established,,,
2022-05-13,bolsonaro,bolsonaro-2022-05-11,bolsonaro-2022-05-11,primary_adjudicated,PP;PSD;REPUBLICANOS;UNIAO,PP;PSD;REPUBLICANOS;UNIAO,PP;PSD;REPUBLICANOS;UNIAO,,,,established,,,
2022-05-14,bolsonaro,bolsonaro-2022-05-11,bolsonaro-2022-05-11,primary_adjudicated,PP;PSD;REPUBLICANOS;UNIAO,PP;PSD;REPUBLICANOS;UNIAO,PP;PSD;REPUBLICANOS;UNIAO,,,,established,,,
2022-05-15,bolsonaro,bolsonaro-2022-05-11,bolsonaro-2022-05-11,primary_adjudicated,PP;PSD;REPUBLICANOS;UNIAO,PP;PSD;REPUBLICANOS;UNIAO,PP;PSD;REPUBLICANOS;UNIAO,,,,established,,,
2022-05-16,bolsonaro,bolsonaro-2022-05-11,bolsonaro-2022-05-11,primary_adjudicated,PP;PSD;REPUBLICANOS;UNIAO,PP;PSD;REPUBLICANOS;UNIAO,PP;PSD;REPUBLICANOS;UNIAO,,,,established,,,
2022-05-17,bolsonaro,bolsonaro-2022-05-11,bolsonaro-2022-05-11,primary_adjudicated,PP;PSD;REPUBLICANOS;UNIAO,PP;PSD;REPUBLICANOS;UNIAO,PP;PSD;REPUBLICANOS;UNIAO,,,,established,,,
2022-05-18,bolsonaro,bolsonaro-2022-05-11,bolsonaro-2022-05-11,primary_adjudicated,PP;PSD;REPUBLICANOS;UNIAO,PP;PSD;REPUBLICANOS;UNIAO,PP;PSD;REPUBLICANOS;UNIAO,,,,established,,,
2022-05-19,bolsonaro,bolsonaro-2022-05-11,bolsonaro-2022-05-11,primary_adjudicated,PP;PSD;REPUBLICANOS;UNIAO,PP;PSD;REPUBLICANOS;UNIAO,PP;PSD;REPUBLICANOS;UNIAO,,,,established,,,
2022-05-20,bolsonaro,bolsonaro-2022-05-11,bolsonaro-2022-05-11,primary_adjudicated,PP;PSD;REPUBLICANOS;UNIAO,PP;PSD;REPUBLICANOS;UNIAO,PP;PSD;REPUBLICANOS;UNIAO,,,,established,,,
2022-05-21,bolsonaro,bolsonaro-2022-05-11,bolsonaro-2022-05-11,primary_adjudicated,PP;PSD;REPUBLICANOS;UNIAO,PP;PSD;REPUBLICANOS;UNIAO,PP;PSD;REPUBLICANOS;UNIAO,,,,established,,,
2022-05-22,bolsonaro,bolsonaro-2022-05-11,bolsonaro-2022-05-11,primary_adjudicated,PP;PSD;REPUBLICANOS;UNIAO,PP;PSD;REPUBLICANOS;UNIAO,PP;PSD;REPUBLICANOS;UNIAO,,,,established,,,
2022-05-23,bolsonaro,bolsonaro-2022-05-11,bolsonaro-2022-05-11,primary_adjudicated,PP;PSD;REPUBLICANOS;UNIAO,PP;PSD;REPUBLICANOS;UNIAO,PP;PSD;REPUBLICANOS;UNIAO,,,,established,,,
2022-05-24,bolsonaro,bolsonaro-2022-05-11,bolsonaro-2022-05-11,primary_adjudicated,PP;PSD;REPUBLICANOS;UNIAO,PP;PSD;REPUBLICANOS;UNIAO,PP;PSD;REPUBLICANOS;UNIAO,,,,established,,,
2022-05-25,bolsonaro,bolsonaro-2022-05-11,bolsonaro-2022-05-11,primary_adjudicated,PP;PSD;REPUBLICANOS;UNIAO,PP;PSD;REPUBLICANOS;UNIAO,PP;PSD;REPUBLICANOS;UNIAO,,,,established,,,
2022-05-26,bolsonaro,bolsonaro-2022-05-11,bolsonaro-2022-05-11,primary_adjudicated,PP;PSD;REPUBLICANOS;UNIAO,PP;PSD;REPUBLICANOS;UNIAO,PP;PSD;REPUBLICANOS;UNIAO,,,,established,,,
2022-05-27,bolsonaro,bolsonaro-2022-05-11,bolsonaro-2022-05-11,primary_adjudicated,PP;PSD;REPUBLICANOS;UNIAO,PP;PSD;REPUBLICANOS;UNIAO,PP;PSD;REPUBLICANOS;UNIAO,,,,established,,,
2022-05-28,bolsonaro,bolsonaro-2022-05-11,bolsonaro-2022-05-11,primary_adjudicated,PP;PSD;REPUBLICANOS;UNIAO,PP;PSD;REPUBLICANOS;UNIAO,PP;PSD;REPUBLICANOS;UNIAO,,,,established,,,
2022-05-29,bolsonaro,bolsonaro-2022-05-11,bolsonaro-2022-05-11,primary_adjudicated,PP;PSD;REPUBLICANOS;UNIAO,PP;PSD;REPUBLICANOS;UNIAO,PP;PSD;REPUBLICANOS;UNIAO,,,,established,,,
2022-05-30,bolsonaro,bolsonaro-2022-05-11,bolsonaro-2022-05-11,primary_adjudicated,PP;PSD;REPUBLICANOS;UNIAO,PP;PSD;REPUBLICANOS;UNIAO,PP;PSD;REPUBLICANOS;UNIAO,,,,established,,,
2022-05-31,bolsonaro,bolsonaro-2022-05-11,bolsonaro-2022-05-11,primary_adjudicated,PP;PSD;REPUBLICANOS;UNIAO,PP;PSD;REPUBLICANOS;UNIAO,PP;PSD;REPUBLICANOS;UNIAO,,,,established,,,
2022-06-01,bolsonaro,bolsonaro-2022-05-11,bolsonaro-2022-05-11,primary_adjudicated,PP;PSD;REPUBLICANOS;UNIAO,PP;PSD;REPUBLICANOS;UNIAO,PP;PSD;REPUBLICANOS;UNIAO,,,,established,,,
2022-06-02,bolsonaro,bolsonaro-2022-05-11,bolsonaro-2022-05-11,primary_adjudicated,PP;PSD;REPUBLICANOS;UNIAO,PP;PSD;REPUBLICANOS;UNIAO,PP;PSD;REPUBLICANOS;UNIAO,,,,established,,,
2022-06-03,bolsonaro,bolsonaro-2022-05-11,bolsonaro-2022-05-11,primary_adjudicated,PP;PSD;REPUBLICANOS;UNIAO,PP;PSD;REPUBLICANOS;UNIAO,PP;PSD;REPUBLICANOS;UNIAO,,,,established,,,
2022-06-04,bolsonaro,bolsonaro-2022-05-11,bolsonaro-2022-05-11,primary_adjudicated,PP;PSD;REPUBLICANOS;UNIAO,PP;PSD;REPUBLICANOS;UNIAO,PP;PSD;REPUBLICANOS;UNIAO,,,,established,,,
2022-06-05,bolsonaro,bolsonaro-2022-05-11,bolsonaro-2022-05-11,primary_adjudicated,PP;PSD;REPUBLICANOS;UNIAO,PP;PSD;REPUBLICANOS;UNIAO,PP;PSD;REPUBLICANOS;UNIAO,,,,established,,,
2022-06-06,bolsonaro,bolsonaro-2022-05-11,bolsonaro-2022-05-11,primary_adjudicated,PP;PSD;REPUBLICANOS;UNIAO,PP;PSD;REPUBLICANOS;UNIAO,PP;PSD;REPUBLICANOS;UNIAO,,,,established,,,
2022-06-07,bolsonaro,bolsonaro-2022-05-11,bolsonaro-2022-05-11,primary_adjudicated,PP;PSD;REPUBLICANOS;UNIAO,PP;PSD;REPUBLICANOS;UNIAO,PP;PSD;REPUBLICANOS;UNIAO,,,,established,,,
2022-06-08,bolsonaro,bolsonaro-2022-05-11,bolsonaro-2022-05-11,primary_adjudicated,PP;PSD;REPUBLICANOS;UNIAO,PP;PSD;REPUBLICANOS;UNIAO,PP;PSD;REPUBLICANOS;UNIAO,,,,established,,,
2022-06-09,bolsonaro,bolsonaro-2022-05-11,bolsonaro-2022-05-11,primary_adjudicated,PP;PSD;REPUBLICANOS;UNIAO,PP;PSD;REPUBLICANOS;UNIAO,PP;PSD;REPUBLICANOS;UNIAO,,,,established,,,
2022-06-10,bolsonaro,bolsonaro-2022-05-11,bolsonaro-2022-05-11,primary_adjudicated,PP;PSD;REPUBLICANOS;UNIAO,PP;PSD;REPUBLICANOS;UNIAO,PP;PSD;REPUBLICANOS;UNIAO,,,,established,,,
2022-06-11,bolsonaro,bolsonaro-2022-05-11,bolsonaro-2022-05-11,primary_adjudicated,PP;PSD;REPUBLICANOS;UNIAO,PP;PSD;REPUBLICANOS;UNIAO,PP;PSD;REPUBLICANOS;UNIAO,,,,established,,,
2022-06-12,bolsonaro,bolsonaro-2022-05-11,bolsonaro-2022-05-11,primary_adjudicated,PP;PSD;REPUBLICANOS;UNIAO,PP;PSD;REPUBLICANOS;UNIAO,PP;PSD;REPUBLICANOS;UNIAO,,,,established,,,
2022-06-13,bolsonaro,bolsonaro-2022-05-11,bolsonaro-2022-05-11,primary_adjudicated,PP;PSD;REPUBLICANOS;UNIAO,PP;PSD;REPUBLICANOS;UNIAO,PP;PSD;REPUBLICANOS;UNIAO,,,,established,,,
2022-06-14,bolsonaro,bolsonaro-2022-05-11,bolsonaro-2022-05-11,primary_adjudicated,PP;PSD;REPUBLICANOS;UNIAO,PP;PSD;REPUBLICANOS;UNIAO,PP;PSD;REPUBLICANOS;UNIAO,,,,established,,,
2022-06-15,bolsonaro,bolsonaro-2022-05-11,bolsonaro-2022-05-11,primary_adjudicated,PP;PSD;REPUBLICANOS;UNIAO,PP;PSD;REPUBLICANOS;UNIAO,PP;PSD;REPUBLICANOS;UNIAO,,,,established,,,
2022-06-16,bolsonaro,bolsonaro-2022-05-11,bolsonaro-2022-05-11,primary_adjudicated,PP;PSD;REPUBLICANOS;UNIAO,PP;PSD;REPUBLICANOS;UNIAO,PP;PSD;REPUBLICANOS;UNIAO,,,,established,,,
2022-06-17,bolsonaro,bolsonaro-2022-05-11,bolsonaro-2022-05-11,primary_adjudicated,PP;PSD;REPUBLICANOS;UNIAO,PP;PSD;REPUBLICANOS;UNIAO,PP;PSD;REPUBLICANOS;UNIAO,,,,established,,,
2022-06-18,bolsonaro,bolsonaro-2022-05-11,bolsonaro-2022-05-11,primary_adjudicated,PP;PSD;REPUBLICANOS;UNIAO,PP;PSD;REPUBLICANOS;UNIAO,PP;PSD;REPUBLICANOS;UNIAO,,,,established,,,
2022-06-19,bolsonaro,bolsonaro-2022-05-11,bolsonaro-2022-05-11,primary_adjudicated,PP;PSD;REPUBLICANOS;UNIAO,PP;PSD;REPUBLICANOS;UNIAO,PP;PSD;REPUBLICANOS;UNIAO,,,,established,,,
2022-06-20,bolsonaro,bolsonaro-2022-05-11,bolsonaro-2022-05-11,primary_adjudicated,PP;PSD;REPUBLICANOS;UNIAO,PP;PSD;REPUBLICANOS;UNIAO,PP;PSD;REPUBLICANOS;UNIAO,,,,established,,,
2022-06-21,bolsonaro,bolsonaro-2022-05-11,bolsonaro-2022-05-11,primary_adjudicated,PP;PSD;REPUBLICANOS;UNIAO,PP;PSD;REPUBLICANOS;UNIAO,PP;PSD;REPUBLICANOS;UNIAO,,,,established,,,
2022-06-22,bolsonaro,bolsonaro-2022-05-11,bolsonaro-2022-05-11,primary_adjudicated,PP;PSD;REPUBLICANOS;UNIAO,PP;PSD;REPUBLICANOS;UNIAO,PP;PSD;REPUBLICANOS;UNIAO,,,,established,,,
2022-06-23,bolsonaro,bolsonaro-2022-05-11,bolsonaro-2022-05-11,primary_adjudicated,PP;PSD;REPUBLICANOS;UNIAO,PP;PSD;REPUBLICANOS;UNIAO,PP;PSD;REPUBLICANOS;UNIAO,,,,established,,,
2022-06-24,bolsonaro,bolsonaro-2022-05-11,bolsonaro-2022-05-11,primary_adjudicated,PP;PSD;REPUBLICANOS;UNIAO,PP;PSD;REPUBLICANOS;UNIAO,PP;PSD;REPUBLICANOS;UNIAO,,,,established,,,
2022-06-25,bolsonaro,bolsonaro-2022-05-11,bolsonaro-2022-05-11,primary_adjudicated,PP;PSD;REPUBLICANOS;UNIAO,PP;PSD;REPUBLICANOS;UNIAO,PP;PSD;REPUBLICANOS;UNIAO,,,,established,,,
2022-06-26,bolsonaro,bolsonaro-2022-05-11,bolsonaro-2022-05-11,primary_adjudicated,PP;PSD;REPUBLICANOS;UNIAO,PP;PSD;REPUBLICANOS;UNIAO,PP;PSD;REPUBLICANOS;UNIAO,,,,established,,,
2022-06-27,bolsonaro,bolsonaro-2022-05-11,bolsonaro-2022-05-11,primary_adjudicated,PP;PSD;REPUBLICANOS;UNIAO,PP;PSD;REPUBLICANOS;UNIAO,PP;PSD;REPUBLICANOS;UNIAO,,,,established,,,
2022-06-28,bolsonaro,bolsonaro-2022-05-11,bolsonaro-2022-05-11,primary_adjudicated,PP;PSD;REPUBLICANOS;UNIAO,PP;PSD;REPUBLICANOS;UNIAO,PP;PSD;REPUBLICANOS;UNIAO,,,,established,,,
2022-06-29,bolsonaro,bolsonaro-2022-05-11,bolsonaro-2022-05-11,primary_adjudicated,PP;PSD;REPUBLICANOS;UNIAO,PP;PSD;REPUBLICANOS;UNIAO,PP;PSD;REPUBLICANOS;UNIAO,,,,established,,,
2022-06-30,bolsonaro,bolsonaro-2022-05-11,bolsonaro-2022-05-11,primary_adjudicated,PP;PSD;REPUBLICANOS;UNIAO,PP;PSD;REPUBLICANOS;UNIAO,PP;PSD;REPUBLICANOS;UNIAO,,,,established,,,
2022-07-01,bolsonaro,bolsonaro-2022-05-11,bolsonaro-2022-05-11,primary_adjudicated,PP;PSD;REPUBLICANOS;UNIAO,PP;PSD;REPUBLICANOS;UNIAO,PP;PSD;REPUBLICANOS;UNIAO,,,,established,,,
2022-07-02,bolsonaro,bolsonaro-2022-05-11,bolsonaro-2022-05-11,primary_adjudicated,PP;PSD;REPUBLICANOS;UNIAO,PP;PSD;REPUBLICANOS;UNIAO,PP;PSD;REPUBLICANOS;UNIAO,,,,established,,,
2022-07-03,bolsonaro,bolsonaro-2022-05-11,bolsonaro-2022-05-11,primary_adjudicated,PP;PSD;REPUBLICANOS;UNIAO,PP;PSD;REPUBLICANOS;UNIAO,PP;PSD;REPUBLICANOS;UNIAO,,,,established,,,
2022-07-04,bolsonaro,bolsonaro-2022-05-11,bolsonaro-2022-05-11,primary_adjudicated,PP;PSD;REPUBLICANOS;UNIAO,PP;PSD;REPUBLICANOS;UNIAO,PP;PSD;REPUBLICANOS;UNIAO,,,,established,,,
2022-07-05,bolsonaro,bolsonaro-2022-05-11,bolsonaro-2022-05-11,primary_adjudicated,PP;PSD;REPUBLICANOS;UNIAO,PP;PSD;REPUBLICANOS;UNIAO,PP;PSD;REPUBLICANOS;UNIAO,,,,established,,,
2022-07-06,bolsonaro,bolsonaro-2022-05-11,bolsonaro-2022-05-11,primary_adjudicated,PP;PSD;REPUBLICANOS;UNIAO,PP;PSD;REPUBLICANOS;UNIAO,PP;PSD;REPUBLICANOS;UNIAO,,,,established,,,
2022-07-07,bolsonaro,bolsonaro-2022-05-11,bolsonaro-2022-05-11,primary_adjudicated,PP;PSD;REPUBLICANOS;UNIAO,PP;PSD;REPUBLICANOS;UNIAO,PP;PSD;REPUBLICANOS;UNIAO,,,,established,,,
2022-07-08,bolsonaro,bolsonaro-2022-05-11,bolsonaro-2022-05-11,primary_adjudicated,PP;PSD;REPUBLICANOS;UNIAO,PP;PSD;REPUBLICANOS;UNIAO,PP;PSD;REPUBLICANOS;UNIAO,,,,established,,,
2022-07-09,bolsonaro,bolsonaro-2022-05-11,bolsonaro-2022-05-11,primary_adjudicated,PP;PSD;REPUBLICANOS;UNIAO,PP;PSD;REPUBLICANOS;UNIAO,PP;PSD;REPUBLICANOS;UNIAO,,,,established,,,
2022-07-10,bolsonaro,bolsonaro-2022-05-11,bolsonaro-2022-05-11,primary_adjudicated,PP;PSD;REPUBLICANOS;UNIAO,PP;PSD;REPUBLICANOS;UNIAO,PP;PSD;REPUBLICANOS;UNIAO,,,,established,,,
2022-07-11,bolsonaro,bolsonaro-2022-05-11,bolsonaro-2022-05-11,primary_adjudicated,PP;PSD;REPUBLICANOS;UNIAO,PP;PSD;REPUBLICANOS;UNIAO,PP;PSD;REPUBLICANOS;UNIAO,,,,established,,,
2022-07-12,bolsonaro,bolsonaro-2022-05-11,bolsonaro-2022-05-11,primary_adjudicated,PP;PSD;REPUBLICANOS;UNIAO,PP;PSD;REPUBLICANOS;UNIAO,PP;PSD;REPUBLICANOS;UNIAO,,,,established,,,
2022-07-13,bolsonaro,bolsonaro-2022-05-11,bolsonaro-2022-05-11,primary_adjudicated,PP;PSD;REPUBLICANOS;UNIAO,PP;PSD;REPUBLICANOS;UNIAO,PP;PSD;REPUBLICANOS;UNIAO,,,,established,,,
2022-07-14,bolsonaro,bolsonaro-2022-05-11,bolsonaro-2022-05-11,primary_adjudicated,PP;PSD;REPUBLICANOS;UNIAO,PP;PSD;REPUBLICANOS;UNIAO,PP;PSD;REPUBLICANOS;UNIAO,,,,established,,,
2022-07-15,bolsonaro,bolsonaro-2022-05-11,bolsonaro-2022-05-11,primary_adjudicated,PP;PSD;REPUBLICANOS;UNIAO,PP;PSD;REPUBLICANOS;UNIAO,PP;PSD;REPUBLICANOS;UNIAO,,,,established,,,
2022-07-16,bolsonaro,bolsonaro-2022-05-11,bolsonaro-2022-05-11,primary_adjudicated,PP;PSD;REPUBLICANOS;UNIAO,PP;PSD;REPUBLICANOS;UNIAO,PP;PSD;REPUBLICANOS;UNIAO,,,,established,,,
2022-07-17,bolsonaro,bolsonaro-2022-05-11,bolsonaro-2022-05-11,primary_adjudicated,PP;PSD;REPUBLICANOS;UNIAO,PP;PSD;REPUBLICANOS;UNIAO,PP;PSD;REPUBLICANOS;UNIAO,,,,established,,,
2022-07-18,bolsonaro,bolsonaro-2022-05-11,bolsonaro-2022-05-11,primary_adjudicated,PP;PSD;REPUBLICANOS;UNIAO,PP;PSD;REPUBLICANOS;UNIAO,PP;PSD;REPUBLICANOS;UNIAO,,,,established,,,
2022-07-19,bolsonaro,bolsonaro-2022-05-11,bolsonaro-2022-05-11,primary_adjudicated,PP;PSD;REPUBLICANOS;UNIAO,PP;PSD;REPUBLICANOS;UNIAO,PP;PSD;REPUBLICANOS;UNIAO,,,,established,,,
2022-07-20,bolsonaro,bolsonaro-2022-05-11,bolsonaro-2022-05-11,primary_adjudicated,PP;PSD;REPUBLICANOS;UNIAO,PP;PSD;REPUBLICANOS;UNIAO,PP;PSD;REPUBLICANOS;UNIAO,,,,established,,,
2022-07-21,bolsonaro,bolsonaro-2022-05-11,bolsonaro-2022-05-11,primary_adjudicated,PP;PSD;REPUBLICANOS;UNIAO,PP;PSD;REPUBLICANOS;UNIAO,PP;PSD;REPUBLICANOS;UNIAO,,,,established,,,
2022-07-22,bolsonaro,bolsonaro-2022-05-11,bolsonaro-2022-05-11,primary_adjudicated,PP;PSD;REPUBLICANOS;UNIAO,PP;PSD;REPUBLICANOS;UNIAO,PP;PSD;REPUBLICANOS;UNIAO,,,,established,,,
2022-07-23,bolsonaro,bolsonaro-2022-05-11,bolsonaro-2022-05-11,primary_adjudicated,PP;PSD;REPUBLICANOS;UNIAO,PP;PSD;REPUBLICANOS;UNIAO,PP;PSD;REPUBLICANOS;UNIAO,,,,established,,,
2022-07-24,bolsonaro,bolsonaro-2022-05-11,bolsonaro-2022-05-11,primary_adjudicated,PP;PSD;REPUBLICANOS;UNIAO,PP;PSD;REPUBLICANOS;UNIAO,PP;PSD;REPUBLICANOS;UNIAO,,,,established,,,
2022-07-25,bolsonaro,bolsonaro-2022-05-11,bolsonaro-2022-05-11,primary_adjudicated,PP;PSD;REPUBLICANOS;UNIAO,PP;PSD;REPUBLICANOS;UNIAO,PP;PSD;REPUBLICANOS;UNIAO,,,,established,,,
2022-07-26,bolsonaro,bolsonaro-2022-05-11,bolsonaro-2022-05-11,primary_adjudicated,PP;PSD;REPUBLICANOS;UNIAO,PP;PSD;REPUBLICANOS;UNIAO,PP;PSD;REPUBLICANOS;UNIAO,,,,established,,,
2022-07-27,bolsonaro,bolsonaro-2022-05-11,bolsonaro-2022-05-11,primary_adjudicated,PP;PSD;REPUBLICANOS;UNIAO,PP;PSD;REPUBLICANOS;UNIAO,PP;PSD;REPUBLICANOS;UNIAO,,,,established,,,
2022-07-28,bolsonaro,bolsonaro-2022-05-11,bolsonaro-2022-05-11,primary_adjudicated,PP;PSD;REPUBLICANOS;UNIAO,PP;PSD;REPUBLICANOS;UNIAO,PP;PSD;REPUBLICANOS;UNIAO,,,,established,,,
2022-07-29,bolsonaro,bolsonaro-2022-05-11,bolsonaro-2022-05-11,primary_adjudicated,PP;PSD;REPUBLICANOS;UNIAO,PP;PSD;REPUBLICANOS;UNIAO,PP;PSD;REPUBLICANOS;UNIAO,,,,established,,,
2022-07-30,bolsonaro,bolsonaro-2022-05-11,bolsonaro-2022-05-11,primary_adjudicated,PP;PSD;REPUBLICANOS;UNIAO,PP;PSD;REPUBLICANOS;UNIAO,PP;PSD;REPUBLICANOS;UNIAO,,,,established,,,
2022-07-31,bolsonaro,bolsonaro-2022-05-11,bolsonaro-2022-05-11,primary_adjudicated,PP;PSD;REPUBLICANOS;UNIAO,PP;PSD;REPUBLICANOS;UNIAO,PP;PSD;REPUBLICANOS;UNIAO,,,,established,,,
2022-08-01,bolsonaro,bolsonaro-2022-05-11,bolsonaro-2022-05-11,primary_adjudicated,PP;PSD;REPUBLICANOS;UNIAO,PP;PSD;REPUBLICANOS;UNIAO,PP;PSD;REPUBLICANOS;UNIAO,,,,established,,,
2022-08-02,bolsonaro,bolsonaro-2022-05-11,bolsonaro-2022-05-11,primary_adjudicated,PP;PSD;REPUBLICANOS;UNIAO,PP;PSD;REPUBLICANOS;UNIAO,PP;PSD;REPUBLICANOS;UNIAO,,,,established,,,
2022-08-03,bolsonaro,bolsonaro-2022-05-11,bolsonaro-2022-05-11,primary_adjudicated,PP;PSD;REPUBLICANOS;UNIAO,PP;PSD;REPUBLICANOS;UNIAO,PP;PSD;REPUBLICANOS;UNIAO,,,,established,,,
2022-08-04,bolsonaro,bolsonaro-2022-05-11,bolsonaro-2022-05-11,primary_adjudicated,PP;PSD;REPUBLICANOS;UNIAO,PP;PSD;REPUBLICANOS;UNIAO,PP;PSD;REPUBLICANOS;UNIAO,,,,established,,,
2022-08-05,bolsonaro,bolsonaro-2022-05-11,bolsonaro-2022-05-11,primary_adjudicated,PP;PSD;REPUBLICANOS;UNIAO,PP;PSD;REPUBLICANOS;UNIAO,PP;PSD;REPUBLICANOS;UNIAO,,,,established,,,
2022-08-06,bolsonaro,bolsonaro-2022-05-11,bolsonaro-2022-05-11,primary_adjudicated,PP;PSD;REPUBLICANOS;UNIAO,PP;PSD;REPUBLICANOS;UNIAO,PP;PSD;REPUBLICANOS;UNIAO,,,,established,,,
2022-08-07,bolsonaro,bolsonaro-2022-05-11,bolsonaro-2022-05-11,primary_adjudicated,PP;PSD;REPUBLICANOS;UNIAO,PP;PSD;REPUBLICANOS;UNIAO,PP;PSD;REPUBLICANOS;UNIAO,,,,established,,,
2022-08-08,bolsonaro,bolsonaro-2022-05-11,bolsonaro-2022-05-11,primary_adjudicated,PP;PSD;REPUBLICANOS;UNIAO,PP;PSD;REPUBLICANOS;UNIAO,PP;PSD;REPUBLICANOS;UNIAO,,,,established,,,
2022-08-09,bolsonaro,bolsonaro-2022-05-11,bolsonaro-2022-05-11,primary_adjudicated,PP;PSD;REPUBLICANOS;UNIAO,PP;PSD;REPUBLICANOS;UNIAO,PP;PSD;REPUBLICANOS;UNIAO,,,,established,,,
2022-08-10,bolsonaro,bolsonaro-2022-05-11,bolsonaro-2022-05-11,primary_adjudicated,PP;PSD;REPUBLICANOS;UNIAO,PP;PSD;REPUBLICANOS;UNIAO,PP;PSD;REPUBLICANOS;UNIAO,,,,established,,,
2022-08-11,bolsonaro,bolsonaro-2022-05-11,bolsonaro-2022-05-11,primary_adjudicated,PP;PSD;REPUBLICANOS;UNIAO,PP;PSD;REPUBLICANOS;UNIAO,PP;PSD;REPUBLICANOS;UNIAO,,,,established,,,
2022-08-12,bolsonaro,bolsonaro-2022-05-11,bolsonaro-2022-05-11,primary_adjudicated,PP;PSD;REPUBLICANOS;UNIAO,PP;PSD;REPUBLICANOS;UNIAO,PP;PSD;REPUBLICANOS;UNIAO,,,,established,,,
2022-08-13,bolsonaro,bolsonaro-2022-05-11,bolsonaro-2022-05-11,primary_adjudicated,PP;PSD;REPUBLICANOS;UNIAO,PP;PSD;REPUBLICANOS;UNIAO,PP;PSD;REPUBLICANOS;UNIAO,,,,established,,,
2022-08-14,bolsonaro,bolsonaro-2022-05-11,bolsonaro-2022-05-11,primary_adjudicated,PP;PSD;REPUBLICANOS;UNIAO,PP;PSD;REPUBLICANOS;UNIAO,PP;PSD;REPUBLICANOS;UNIAO,,,,established,,,
2022-08-15,bolsonaro,bolsonaro-2022-05-11,bolsonaro-2022-05-11,primary_adjudicated,PP;PSD;REPUBLICANOS;UNIAO,PP;PSD;REPUBLICANOS;UNIAO,PP;PSD;REPUBLICANOS;UNIAO,,,,established,,,
2022-08-16,bolsonaro,bolsonaro-2022-05-11,bolsonaro-2022-05-11,primary_adjudicated,PP;PSD;REPUBLICANOS;UNIAO,PP;PSD;REPUBLICANOS;UNIAO,PP;PSD;REPUBLICANOS;UNIAO,,,,established,,,
2022-08-17,bolsonaro,bolsonaro-2022-05-11,bolsonaro-2022-05-11,primary_adjudicated,PP;PSD;REPUBLICANOS;UNIAO,PP;PSD;REPUBLICANOS;UNIAO,PP;PSD;REPUBLICANOS;UNIAO,,,,established,,,
2022-08-18,bolsonaro,bolsonaro-2022-05-11,bolsonaro-2022-05-11,primary_adjudicated,PP;PSD;REPUBLICANOS;UNIAO,PP;PSD;REPUBLICANOS;UNIAO,PP;PSD;REPUBLICANOS;UNIAO,,,,established,,,
2022-08-19,bolsonaro,bolsonaro-2022-05-11,bolsonaro-2022-05-11,primary_adjudicated,PP;PSD;REPUBLICANOS;UNIAO,PP;PSD;REPUBLICANOS;UNIAO,PP;PSD;REPUBLICANOS;UNIAO,,,,established,,,
2022-08-20,bolsonaro,bolsonaro-2022-05-11,bolsonaro-2022-05-11,primary_adjudicated,PP;PSD;REPUBLICANOS;UNIAO,PP;PSD;REPUBLICANOS;UNIAO,PP;PSD;REPUBLICANOS;UNIAO,,,,established,,,
2022-08-21,bolsonaro,bolsonaro-2022-05-11,bolsonaro-2022-05-11,primary_adjudicated,PP;PSD;REPUBLICANOS;UNIAO,PP;PSD;REPUBLICANOS;UNIAO,PP;PSD;REPUBLICANOS;UNIAO,,,,established,,,
2022-08-22,bolsonaro,bolsonaro-2022-05-11,bolsonaro-2022-05-11,primary_adjudicated,PP;PSD;REPUBLICANOS;UNIAO,PP;PSD;REPUBLICANOS;UNIAO,PP;PSD;REPUBLICANOS;UNIAO,,,,established,,,
2022-08-23,bolsonaro,bolsonaro-2022-05-11,bolsonaro-2022-05-11,primary_adjudicated,PP;PSD;REPUBLICANOS;UNIAO,PP;PSD;REPUBLICANOS;UNIAO,PP;PSD;REPUBLICANOS;UNIAO,,,,established,,,
2022-08-24,bolsonaro,bolsonaro-2022-05-11,bolsonaro-2022-05-11,primary_adjudicated,PP;PSD;REPUBLICANOS;UNIAO,PP;PSD;REPUBLICANOS;UNIAO,PP;PSD;REPUBLICANOS;UNIAO,,,,established,,,
2022-08-25,bolsonaro,bolsonaro-2022-05-11,bolsonaro-2022-05-11,primary_adjudicated,PP;PSD;REPUBLICANOS;UNIAO,PP;PSD;REPUBLICANOS;UNIAO,PP;PSD;REPUBLICANOS;UNIAO,,,,established,,,
2022-08-26,bolsonaro,bolsonaro-2022-05-11,bolsonaro-2022-05-11,primary_adjudicated,PP;PSD;REPUBLICANOS;UNIAO,PP;PSD;REPUBLICANOS;UNIAO,PP;PSD;REPUBLICANOS;UNIAO,,,,established,,,
2022-08-27,bolsonaro,bolsonaro-2022-05-11,bolsonaro-2022-05-11,primary_adjudicated,PP;PSD;REPUBLICANOS;UNIAO,PP;PSD;REPUBLICANOS;UNIAO,PP;PSD;REPUBLICANOS;UNIAO,,,,established,,,
2022-08-28,bolsonaro,bolsonaro-2022-05-11,bolsonaro-2022-05-11,primary_adjudicated,PP;PSD;REPUBLICANOS;UNIAO,PP;PSD;REPUBLICANOS;UNIAO,PP;PSD;REPUBLICANOS;UNIAO,,,,established,,,
2022-08-29,bolsonaro,bolsonaro-2022-05-11,bolsonaro-2022-05-11,primary_adjudicated,PP;PSD;REPUBLICANOS;UNIAO,PP;PSD;REPUBLICANOS;UNIAO,PP;PSD;REPUBLICANOS;UNIAO,,,,established,,,
2022-08-30,bolsonaro,bolsonaro-2022-05-11,bolsonaro-2022-05-11,primary_adjudicated,PP;PSD;REPUBLICANOS;UNIAO,PP;PSD;REPUBLICANOS;UNIAO,PP;PSD;REPUBLICANOS;UNIAO,,,,established,,,
2022-08-31,bolsonaro,bolsonaro-2022-05-11,bolsonaro-2022-05-11,primary_adjudicated,PP;PSD;REPUBLICANOS;UNIAO,PP;PSD;REPUBLICANOS;UNIAO,PP;PSD;REPUBLICANOS;UNIAO,,,,established,,,
2022-09-01,bolsonaro,bolsonaro-2022-05-11,bolsonaro-2022-05-11,primary_adjudicated,PP;PSD;REPUBLICANOS;UNIAO,PP;PSD;REPUBLICANOS;UNIAO,PP;PSD;REPUBLICANOS;UNIAO,,,,established,,,
2022-09-02,bolsonaro,bolsonaro-2022-05-11,bolsonaro-2022-05-11,primary_adjudicated,PP;PSD;REPUBLICANOS;UNIAO,PP;PSD;REPUBLICANOS;UNIAO,PP;PSD;REPUBLICANOS;UNIAO,,,,established,,,
2022-09-03,bolsonaro,bolsonaro-2022-05-11,bolsonaro-2022-05-11,primary_adjudicated,PP;PSD;REPUBLICANOS;UNIAO,PP;PSD;REPUBLICANOS;UNIAO,PP;PSD;REPUBLICANOS;UNIAO,,,,established,,,
2022-09-04,bolsonaro,bolsonaro-2022-05-11,bolsonaro-2022-05-11,primary_adjudicated,PP;PSD;REPUBLICANOS;UNIAO,PP;PSD;REPUBLICANOS;UNIAO,PP;PSD;REPUBLICANOS;UNIAO,,,,established,,,
2022-09-05,bolsonaro,bolsonaro-2022-05-11,bolsonaro-2022-05-11,primary_adjudicated,PP;PSD;REPUBLICANOS;UNIAO,PP;PSD;REPUBLICANOS;UNIAO,PP;PSD;REPUBLICANOS;UNIAO,,,,established,,,
2022-09-06,bolsonaro,bolsonaro-2022-05-11,bolsonaro-2022-05-11,primary_adjudicated,PP;PSD;REPUBLICANOS;UNIAO,PP;PSD;REPUBLICANOS;UNIAO,PP;PSD;REPUBLICANOS;UNIAO,,,,established,,,
2022-09-07,bolsonaro,bolsonaro-2022-05-11,bolsonaro-2022-05-11,primary_adjudicated,PP;PSD;REPUBLICANOS;UNIAO,PP;PSD;REPUBLICANOS;UNIAO,PP;PSD;REPUBLICANOS;UNIAO,,,,established,,,
2022-09-08,bolsonaro,bolsonaro-2022-05-11,bolsonaro-2022-05-11,primary_adjudicated,PP;PSD;REPUBLICANOS;UNIAO,PP;PSD;REPUBLICANOS;UNIAO,PP;PSD;REPUBLICANOS;UNIAO,,,,established,,,
2022-09-09,bolsonaro,bolsonaro-2022-05-11,bolsonaro-2022-05-11,primary_adjudicated,PP;PSD;REPUBLICANOS;UNIAO,PP;PSD;REPUBLICANOS;UNIAO,PP;PSD;REPUBLICANOS;UNIAO,,,,established,,,
2022-09-10,bolsonaro,bolsonaro-2022-05-11,bolsonaro-2022-05-11,primary_adjudicated,PP;PSD;REPUBLICANOS;UNIAO,PP;PSD;REPUBLICANOS;UNIAO,PP;PSD;REPUBLICANOS;UNIAO,,,,established,,,
2022-09-11,bolsonaro,bolsonaro-2022-05-11,bolsonaro-2022-05-11,primary_adjudicated,PP;PSD;REPUBLICANOS;UNIAO,PP;PSD;REPUBLICANOS;UNIAO,PP;PSD;REPUBLICANOS;UNIAO,,,,established,,,
2022-09-12,bolsonaro,bolsonaro-2022-05-11,bolsonaro-2022-05-11,primary_adjudicated,PP;PSD;REPUBLICANOS;UNIAO,PP;PSD;REPUBLICANOS;UNIAO,PP;PSD;REPUBLICANOS;UNIAO,,,,established,,,
2022-09-13,bolsonaro,bolsonaro-2022-05-11,bolsonaro-2022-05-11,primary_adjudicated,PP;PSD;REPUBLICANOS;UNIAO,PP;PSD;REPUBLICANOS;UNIAO,PP;PSD;REPUBLICANOS;UNIAO,,,,established,,,
2022-09-14,bolsonaro,bolsonaro-2022-05-11,bolsonaro-2022-05-11,primary_adjudicated,PP;PSD;REPUBLICANOS;UNIAO,PP;PSD;REPUBLICANOS;UNIAO,PP;PSD;REPUBLICANOS;UNIAO,,,,established,,,
2022-09-15,bolsonaro,bolsonaro-2022-05-11,bolsonaro-2022-05-11,primary_adjudicated,PP;PSD;REPUBLICANOS;UNIAO,PP;PSD;REPUBLICANOS;UNIAO,PP;PSD;REPUBLICANOS;UNIAO,,,,established,,,
2022-09-16,bolsonaro,bolsonaro-2022-05-11,bolsonaro-2022-05-11,primary_adjudicated,PP;PSD;REPUBLICANOS;UNIAO,PP;PSD;REPUBLICANOS;UNIAO,PP;PSD;REPUBLICANOS;UNIAO,,,,established,,,
2022-09-17,bolsonaro,bolsonaro-2022-05-11,bolsonaro-2022-05-11,primary_adjudicated,PP;PSD;REPUBLICANOS;UNIAO,PP;PSD;REPUBLICANOS;UNIAO,PP;PSD;REPUBLICANOS;UNIAO,,,,established,,,
2022-09-18,bolsonaro,bolsonaro-2022-05-11,bolsonaro-2022-05-11,primary_adjudicated,PP;PSD;REPUBLICANOS;UNIAO,PP;PSD;REPUBLICANOS;UNIAO,PP;PSD;REPUBLICANOS;UNIAO,,,,established,,,
2022-09-19,bolsonaro,bolsonaro-2022-05-11,bolsonaro-2022-05-11,primary_adjudicated,PP;PSD;REPUBLICANOS;UNIAO,PP;PSD;REPUBLICANOS;UNIAO,PP;PSD;REPUBLICANOS;UNIAO,,,,established,,,
2022-09-20,bolsonaro,bolsonaro-2022-05-11,bolsonaro-2022-05-11,primary_adjudicated,PP;PSD;REPUBLICANOS;UNIAO,PP;PSD;REPUBLICANOS;UNIAO,PP;PSD;REPUBLICANOS;UNIAO,,,,established,,,
2022-09-21,bolsonaro,bolsonaro-2022-05-11,bolsonaro-2022-05-11,primary_adjudicated,PP;PSD;REPUBLICANOS;UNIAO,PP;PSD;REPUBLICANOS;UNIAO,PP;PSD;REPUBLICANOS;UNIAO,,,,established,,,
2022-09-22,bolsonaro,bolsonaro-2022-05-11,bolsonaro-2022-05-11,primary_adjudicated,PP;PSD;REPUBLICANOS;UNIAO,PP;PSD;REPUBLICANOS;UNIAO,PP;PSD;REPUBLICANOS;UNIAO,,,,established,,,
2022-09-23,bolsonaro,bolsonaro-2022-05-11,bolsonaro-2022-05-11,primary_adjudicated,PP;PSD;REPUBLICANOS;UNIAO,PP;PSD;REPUBLICANOS;UNIAO,PP;PSD;REPUBLICANOS;UNIAO,,,,established,,,
2022-09-24,bolsonaro,bolsonaro-2022-05-11,bolsonaro-2022-05-11,primary_adjudicated,PP;PSD;REPUBLICANOS;UNIAO,PP;PSD;REPUBLICANOS;UNIAO,PP;PSD;REPUBLICANOS;UNIAO,,,,established,,,
2022-09-25,bolsonaro,bolsonaro-2022-05-11,bolsonaro-2022-05-11,primary_adjudicated,PP;PSD;REPUBLICANOS;UNIAO,PP;PSD;REPUBLICANOS;UNIAO,PP;PSD;REPUBLICANOS;UNIAO,,,,established,,,
2022-09-26,bolsonaro,bolsonaro-2022-05-11,bolsonaro-2022-05-11,primary_adjudicated,PP;PSD;REPUBLICANOS;UNIAO,PP;PSD;REPUBLICANOS;UNIAO,PP;PSD;REPUBLICANOS;UNIAO,,,,established,,,
2022-09-27,bolsonaro,bolsonaro-2022-05-11,bolsonaro-2022-05-11,primary_adjudicated,PP;PSD;REPUBLICANOS;UNIAO,PP;PSD;REPUBLICANOS;UNIAO,PP;PSD;REPUBLICANOS;UNIAO,,,,established,,,
2022-09-28,bolsonaro,bolsonaro-2022-05-11,bolsonaro-2022-05-11,primary_adjudicated,PP;PSD;REPUBLICANOS;UNIAO,PP;PSD;REPUBLICANOS;UNIAO,PP;PSD;REPUBLICANOS;UNIAO,,,,established,,,
2022-09-29,bolsonaro,bolsonaro-2022-05-11,bolsonaro-2022-05-11,primary_adjudicated,PP;PSD;REPUBLICANOS;UNIAO,PP;PSD;REPUBLICANOS;UNIAO,PP;PSD;REPUBLICANOS;UNIAO,,,,established,,,
2022-09-30,bolsonaro,bolsonaro-2022-05-11,bolsonaro-2022-05-11,primary_adjudicated,PP;PSD;REPUBLICANOS;UNIAO,PP;PSD;REPUBLICANOS;UNIAO,PP;PSD;REPUBLICANOS;UNIAO,,,,established,,,
2022-10-01,bolsonaro,bolsonaro-2022-05-11,bolsonaro-2022-05-11,primary_adjudicated,PP;PSD;REPUBLICANOS;UNIAO,PP;PSD;REPUBLICANOS;UNIAO,PP;PSD;REPUBLICANOS;UNIAO,,,,established,,,
2022-10-02,bolsonaro,bolsonaro-2022-05-11,bolsonaro-2022-05-11,primary_adjudicated,PP;PSD;REPUBLICANOS;UNIAO,PP;PSD;REPUBLICANOS;UNIAO,PP;PSD;REPUBLICANOS;UNIAO,,,,established,,,
2022-10-03,bolsonaro,bolsonaro-2022-05-11,bolsonaro-2022-05-11,primary_adjudicated,PP;PSD;REPUBLICANOS;UNIAO,PP;PSD;REPUBLICANOS;UNIAO,PP;PSD;REPUBLICANOS;UNIAO,,,,established,,,
2022-10-04,bolsonaro,bolsonaro-2022-05-11,bolsonaro-2022-05-11,primary_adjudicated,PP;PSD;REPUBLICANOS;UNIAO,PP;PSD;REPUBLICANOS;UNIAO,PP;PSD;REPUBLICANOS;UNIAO,,,,established,,,
2022-10-05,bolsonaro,bolsonaro-2022-05-11,bolsonaro-2022-05-11,primary_adjudicated,PP;PSD;REPUBLICANOS;UNIAO,PP;PSD;REPUBLICANOS;UNIAO,PP;PSD;REPUBLICANOS;UNIAO,,,,established,,,
2022-10-06,bolsonaro,bolsonaro-2022-05-11,bolsonaro-2022-05-11,primary_adjudicated,PP;PSD;REPUBLICANOS;UNIAO,PP;PSD;REPUBLICANOS;UNIAO,PP;PSD;REPUBLICANOS;UNIAO,,,,established,,,
2022-10-07,bolsonaro,bolsonaro-2022-05-11,bolsonaro-2022-05-11,primary_adjudicated,PP;PSD;REPUBLICANOS;UNIAO,PP;PSD;REPUBLICANOS;UNIAO,PP;PSD;REPUBLICANOS;UNIAO,,,,established,,,
2022-10-08,bolsonaro,bolsonaro-2022-05-11,bolsonaro-2022-05-11,primary_adjudicated,PP;PSD;REPUBLICANOS;UNIAO,PP;PSD;REPUBLICANOS;UNIAO,PP;PSD;REPUBLICANOS;UNIAO,,,,established,,,
2022-10-09,bolsonaro,bolsonaro-2022-05-11,bolsonaro-2022-05-11,primary_adjudicated,PP;PSD;REPUBLICANOS;UNIAO,PP;PSD;REPUBLICANOS;UNIAO,PP;PSD;REPUBLICANOS;UNIAO,,,,established,,,
2022-10-10,bolsonaro,bolsonaro-2022-05-11,bolsonaro-2022-05-11,primary_adjudicated,PP;PSD;REPUBLICANOS;UNIAO,PP;PSD;REPUBLICANOS;UNIAO,PP;PSD;REPUBLICANOS;UNIAO,,,,established,,,
2022-10-11,bolsonaro,bolsonaro-2022-05-11,bolsonaro-2022-05-11,primary_adjudicated,PP;PSD;REPUBLICANOS;UNIAO,PP;PSD;REPUBLICANOS;UNIAO,PP;PSD;REPUBLICANOS;UNIAO,,,,established,,,
2022-10-12,bolsonaro,bolsonaro-2022-05-11,bolsonaro-2022-05-11,primary_adjudicated,PP;PSD;REPUBLICANOS;UNIAO,PP;PSD;REPUBLICANOS;UNIAO,PP;PSD;REPUBLICANOS;UNIAO,,,,established,,,
2022-10-13,bolsonaro,bolsonaro-2022-05-11,bolsonaro-2022-05-11,primary_adjudicated,PP;PSD;REPUBLICANOS;UNIAO,PP;PSD;REPUBLICANOS;UNIAO,PP;PSD;REPUBLICANOS;UNIAO,,,,established,,,
2022-10-14,bolsonaro,bolsonaro-2022-05-11,bolsonaro-2022-05-11,primary_adjudicated,PP;PSD;REPUBLICANOS;UNIAO,PP;PSD;REPUBLICANOS;UNIAO,PP;PSD;REPUBLICANOS;UNIAO,,,,established,,,
2022-10-15,bolsonaro,bolsonaro-2022-05-11,bolsonaro-2022-05-11,primary_adjudicated,PP;PSD;REPUBLICANOS;UNIAO,PP;PSD;REPUBLICANOS;UNIAO,PP;PSD;REPUBLICANOS;UNIAO,,,,established,,,
2022-10-16,bolsonaro,bolsonaro-2022-05-11,bolsonaro-2022-05-11,primary_adjudicated,PP;PSD;REPUBLICANOS;UNIAO,PP;PSD;REPUBLICANOS;UNIAO,PP;PSD;REPUBLICANOS;UNIAO,,,,established,,,
2022-10-17,bolsonaro,bolsonaro-2022-05-11,bolsonaro-2022-05-11,primary_adjudicated,PP;PSD;REPUBLICANOS;UNIAO,PP;PSD;REPUBLICANOS;UNIAO,PP;PSD;REPUBLICANOS;UNIAO,,,,established,,,
2022-10-18,bolsonaro,bolsonaro-2022-05-11,bolsonaro-2022-05-11,primary_adjudicated,PP;PSD;REPUBLICANOS;UNIAO,PP;PSD;REPUBLICANOS;UNIAO,PP;PSD;REPUBLICANOS;UNIAO,,,,established,,,
2022-10-19,bolsonaro,bolsonaro-2022-05-11,bolsonaro-2022-05-11,primary_adjudicated,PP;PSD;REPUBLICANOS;UNIAO,PP;PSD;REPUBLICANOS;UNIAO,PP;PSD;REPUBLICANOS;UNIAO,,,,established,,,
2022-10-20,bolsonaro,bolsonaro-2022-05-11,bolsonaro-2022-05-11,primary_adjudicated,PP;PSD;REPUBLICANOS;UNIAO,PP;PSD;REPUBLICANOS;UNIAO,PP;PSD;REPUBLICANOS;UNIAO,,,,established,,,
2022-10-21,bolsonaro,bolsonaro-2022-05-11,bolsonaro-2022-05-11,primary_adjudicated,PP;PSD;REPUBLICANOS;UNIAO,PP;PSD;REPUBLICANOS;UNIAO,PP;PSD;REPUBLICANOS;UNIAO,,,,established,,,
2022-10-22,bolsonaro,bolsonaro-2022-05-11,bolsonaro-2022-05-11,primary_adjudicated,PP;PSD;REPUBLICANOS;UNIAO,PP;PSD;REPUBLICANOS;UNIAO,PP;PSD;REPUBLICANOS;UNIAO,,,,established,,,
2022-10-23,bolsonaro,bolsonaro-2022-05-11,bolsonaro-2022-05-11,primary_adjudicated,PP;PSD;REPUBLICANOS;UNIAO,PP;PSD;REPUBLICANOS;UNIAO,PP;PSD;REPUBLICANOS;UNIAO,,,,established,,,
2022-10-24,bolsonaro,bolsonaro-2022-05-11,bolsonaro-2022-05-11,primary_adjudicated,PP;PSD;REPUBLICANOS;UNIAO,PP;PSD;REPUBLICANOS;UNIAO,PP;PSD;REPUBLICANOS;UNIAO,,,,established,,,
2022-10-25,bolsonaro,bolsonaro-2022-05-11,bolsonaro-2022-05-11,primary_adjudicated,PP;PSD;REPUBLICANOS;UNIAO,PP;PSD;REPUBLICANOS;UNIAO,PP;PSD;REPUBLICANOS;UNIAO,,,,established,,,
2022-10-26,bolsonaro,bolsonaro-2022-05-11,bolsonaro-2022-05-11,primary_adjudicated,PP;PSD;REPUBLICANOS;UNIAO,PP;PSD;REPUBLICANOS;UNIAO,PP;PSD;REPUBLICANOS;UNIAO,,,,established,,,
2022-10-27,bolsonaro,bolsonaro-2022-05-11,bolsonaro-2022-05-11,primary_adjudicated,PP;PSD;REPUBLICANOS;UNIAO,PP;PSD;REPUBLICANOS;UNIAO,PP;PSD;REPUBLICANOS;UNIAO,,,,established,,,
2022-10-28,bolsonaro,bolsonaro-2022-05-11,bolsonaro-2022-05-11,primary_adjudicated,PP;PSD;REPUBLICANOS;UNIAO,PP;PSD;REPUBLICANOS;UNIAO,PP;PSD;REPUBLICANOS;UNIAO,,,,established,,,
2022-10-29,bolsonaro,bolsonaro-2022-05-11,bolsonaro-2022-05-11,primary_adjudicated,PP;PSD;REPUBLICANOS;UNIAO,PP;PSD;REPUBLICANOS;UNIAO,PP;PSD;REPUBLICANOS;UNIAO,,,,established,,,
2022-10-30,bolsonaro,bolsonaro-2022-05-11,bolsonaro-2022-05-11,primary_adjudicated,PP;PSD;REPUBLICANOS;UNIAO,PP;PSD;REPUBLICANOS;UNIAO,PP;PSD;REPUBLICANOS;UNIAO,,,,established,,,
2022-10-31,bolsonaro,bolsonaro-2022-05-11,bolsonaro-2022-05-11,primary_adjudicated,PP;PSD;REPUBLICANOS;UNIAO,PP;PSD;REPUBLICANOS;UNIAO,PP;PSD;REPUBLICANOS;UNIAO,,,,established,,,
2022-11-01,bolsonaro,bolsonaro-2022-05-11,bolsonaro-2022-11-01,primary_adjudicated,PP;PSD;REPUBLICANOS;UNIAO,PP;PSD;REPUBLICANOS;UNIAO,PP;PSD;REPUBLICANOS;UNIAO,,,,established,,,
2022-11-02,bolsonaro,bolsonaro-2022-05-11,bolsonaro-2022-11-01,primary_adjudicated,PP;PSD;REPUBLICANOS;UNIAO,PP;PSD;REPUBLICANOS;UNIAO,PP;PSD;REPUBLICANOS;UNIAO,,,,established,,,
2022-11-03,bolsonaro,bolsonaro-2022-05-11,bolsonaro-2022-11-01,primary_adjudicated,PP;PSD;REPUBLICANOS;UNIAO,PP;PSD;REPUBLICANOS;UNIAO,PP;PSD;REPUBLICANOS;UNIAO,,,,established,,,
2022-11-04,bolsonaro,bolsonaro-2022-05-11,bolsonaro-2022-11-01,primary_adjudicated,PP;PSD;REPUBLICANOS;UNIAO,PP;PSD;REPUBLICANOS;UNIAO,PP;PSD;REPUBLICANOS;UNIAO,,,,established,,,
2022-11-05,bolsonaro,bolsonaro-2022-05-11,bolsonaro-2022-11-01,primary_adjudicated,PP;PSD;REPUBLICANOS;UNIAO,PP;PSD;REPUBLICANOS;UNIAO,PP;PSD;REPUBLICANOS;UNIAO,,,,established,,,
2022-11-06,bolsonaro,bolsonaro-2022-05-11,bolsonaro-2022-11-01,primary_adjudicated,PP;PSD;REPUBLICANOS;UNIAO,PP;PSD;REPUBLICANOS;UNIAO,PP;PSD;REPUBLICANOS;UNIAO,,,,established,,,
2022-11-07,bolsonaro,bolsonaro-2022-05-11,bolsonaro-2022-11-01,primary_adjudicated,PP;PSD;REPUBLICANOS;UNIAO,PP;PSD;REPUBLICANOS;UNIAO,PP;PSD;REPUBLICANOS;UNIAO,,,,established,,,
2022-11-08,bolsonaro,bolsonaro-2022-05-11,bolsonaro-2022-11-01,primary_adjudicated,PP;PSD;REPUBLICANOS;UNIAO,PP;PSD;REPUBLICANOS;UNIAO,PP;PSD;REPUBLICANOS;UNIAO,,,,established,,,
2022-11-09,bolsonaro,bolsonaro-2022-05-11,bolsonaro-2022-11-01,primary_adjudicated,PP;PSD;REPUBLICANOS;UNIAO,PP;PSD;REPUBLICANOS;UNIAO,PP;PSD;REPUBLICANOS;UNIAO,,,,established,,,
2022-11-10,bolsonaro,bolsonaro-2022-05-11,bolsonaro-2022-11-01,primary_adjudicated,PP;PSD;REPUBLICANOS;UNIAO,PP;PSD;REPUBLICANOS;UNIAO,PP;PSD;REPUBLICANOS;UNIAO,,,,established,,,
2022-11-11,bolsonaro,bolsonaro-2022-05-11,bolsonaro-2022-11-01,primary_adjudicated,PP;PSD;REPUBLICANOS;UNIAO,PP;PSD;REPUBLICANOS;UNIAO,PP;PSD;REPUBLICANOS;UNIAO,,,,established,,,
2022-11-12,bolsonaro,bolsonaro-2022-05-11,bolsonaro-2022-11-01,primary_adjudicated,PP;PSD;REPUBLICANOS;UNIAO,PP;PSD;REPUBLICANOS;UNIAO,PP;PSD;REPUBLICANOS;UNIAO,,,,established,,,
2022-11-13,bolsonaro,bolsonaro-2022-05-11,bolsonaro-2022-11-01,primary_adjudicated,PP;PSD;REPUBLICANOS;UNIAO,PP;PSD;REPUBLICANOS;UNIAO,PP;PSD;REPUBLICANOS;UNIAO,,,,established,,,
2022-11-14,bolsonaro,bolsonaro-2022-05-11,bolsonaro-2022-11-01,primary_adjudicated,PP;PSD;REPUBLICANOS;UNIAO,PP;PSD;REPUBLICANOS;UNIAO,PP;PSD;REPUBLICANOS;UNIAO,,,,established,,,
2022-11-15,bolsonaro,bolsonaro-2022-05-11,bolsonaro-2022-11-01,primary_adjudicated,PP;PSD;REPUBLICANOS;UNIAO,PP;PSD;REPUBLICANOS;UNIAO,PP;PSD;REPUBLICANOS;UNIAO,,,,established,,,
2022-11-16,bolsonaro,bolsonaro-2022-05-11,bolsonaro-2022-11-01,primary_adjudicated,PP;PSD;REPUBLICANOS;UNIAO,PP;PSD;REPUBLICANOS;UNIAO,PP;PSD;REPUBLICANOS;UNIAO,,,,established,,,
2022-11-17,bolsonaro,bolsonaro-2022-05-11,bolsonaro-2022-11-01,primary_adjudicated,PP;PSD;REPUBLICANOS;UNIAO,PP;PSD;REPUBLICANOS;UNIAO,PP;PSD;REPUBLICANOS;UNIAO,,,,established,,,
2022-11-18,bolsonaro,bolsonaro-2022-05-11,bolsonaro-2022-11-01,primary_adjudicated,PP;PSD;REPUBLICANOS;UNIAO,PP;PSD;REPUBLICANOS;UNIAO,PP;PSD;REPUBLICANOS;UNIAO,,,,established,,,
2022-11-19,bolsonaro,bolsonaro-2022-05-11,bolsonaro-2022-11-01,primary_adjudicated,PP;PSD;REPUBLICANOS;UNIAO,PP;PSD;REPUBLICANOS;UNIAO,PP;PSD;REPUBLICANOS;UNIAO,,,,established,,,
2022-11-20,bolsonaro,bolsonaro-2022-05-11,bolsonaro-2022-11-01,primary_adjudicated,PP;PSD;REPUBLICANOS;UNIAO,PP;PSD;REPUBLICANOS;UNIAO,PP;PSD;REPUBLICANOS;UNIAO,,,,established,,,
2022-11-21,bolsonaro,bolsonaro-2022-05-11,bolsonaro-2022-11-01,primary_adjudicated,PP;PSD;REPUBLICANOS;UNIAO,PP;PSD;REPUBLICANOS;UNIAO,PP;PSD;REPUBLICANOS;UNIAO,,,,established,,,
2022-11-22,bolsonaro,bolsonaro-2022-05-11,bolsonaro-2022-11-01,primary_adjudicated,PP;PSD;REPUBLICANOS;UNIAO,PP;PSD;REPUBLICANOS;UNIAO,PP;PSD;REPUBLICANOS;UNIAO,,,,established,,,
2022-11-23,bolsonaro,bolsonaro-2022-05-11,bolsonaro-2022-11-01,primary_adjudicated,PP;PSD;REPUBLICANOS;UNIAO,PP;PSD;REPUBLICANOS;UNIAO,PP;PSD;REPUBLICANOS;UNIAO,,,,established,,,
2022-11-24,bolsonaro,bolsonaro-2022-05-11,bolsonaro-2022-11-01,primary_adjudicated,PP;PSD;REPUBLICANOS;UNIAO,PP;PSD;REPUBLICANOS;UNIAO,PP;PSD;REPUBLICANOS;UNIAO,,,,established,,,
2022-11-25,bolsonaro,bolsonaro-2022-05-11,bolsonaro-2022-11-01,primary_adjudicated,PP;PSD;REPUBLICANOS;UNIAO,PP;PSD;REPUBLICANOS;UNIAO,PP;PSD;REPUBLICANOS;UNIAO,,,,established,,,
2022-11-26,bolsonaro,bolsonaro-2022-05-11,bolsonaro-2022-11-01,primary_adjudicated,PP;PSD;REPUBLICANOS;UNIAO,PP;PSD;REPUBLICANOS;UNIAO,PP;PSD;REPUBLICANOS;UNIAO,,,,established,,,
2022-11-27,bolsonaro,bolsonaro-2022-05-11,bolsonaro-2022-11-01,primary_adjudicated,PP;PSD;REPUBLICANOS;UNIAO,PP;PSD;REPUBLICANOS;UNIAO,PP;PSD;REPUBLICANOS;UNIAO,,,,established,,,
2022-11-28,bolsonaro,bolsonaro-2022-05-11,bolsonaro-2022-11-01,primary_adjudicated,PP;PSD;REPUBLICANOS;UNIAO,PP;PSD;REPUBLICANOS;UNIAO,PP;PSD;REPUBLICANOS;UNIAO,,,,established,,,
2022-11-29,bolsonaro,bolsonaro-2022-05-11,bolsonaro-2022-11-01,primary_adjudicated,PP;PSD;REPUBLICANOS;UNIAO,PP;PSD;REPUBLICANOS;UNIAO,PP;PSD;REPUBLICANOS;UNIAO,,,,established,,,
2022-11-30,bolsonaro,bolsonaro-2022-05-11,bolsonaro-2022-11-01,primary_adjudicated,PP;PSD;REPUBLICANOS;UNIAO,PP;PSD;REPUBLICANOS;UNIAO,PP;PSD;REPUBLICANOS;UNIAO,,,,established,,,
2022-12-01,bolsonaro,bolsonaro-2022-05-11,bolsonaro-2022-11-01,primary_adjudicated,PP;PSD;REPUBLICANOS;UNIAO,PP;PSD;REPUBLICANOS;UNIAO,PP;PSD;REPUBLICANOS;UNIAO,,,,established,,,
2022-12-02,bolsonaro,bolsonaro-2022-05-11,bolsonaro-2022-11-01,primary_adjudicated,PP;PSD;REPUBLICANOS;UNIAO,PP;PSD;REPUBLICANOS;UNIAO,PP;PSD;REPUBLICANOS;UNIAO,,,,established,,,
2022-12-03,bolsonaro,bolsonaro-2022-05-11,bolsonaro-2022-11-01,primary_adjudicated,PP;PSD;REPUBLICANOS;UNIAO,PP;PSD;REPUBLICANOS;UNIAO,PP;PSD;REPUBLICANOS;UNIAO,,,,established,,,
2022-12-04,bolsonaro,bolsonaro-2022-05-11,bolsonaro-2022-11-01,primary_adjudicated,PP;PSD;REPUBLICANOS;UNIAO,PP;PSD;REPUBLICANOS;UNIAO,PP;PSD;REPUBLICANOS;UNIAO,,,,established,,,
2022-12-05,bolsonaro,bolsonaro-2022-05-11,bolsonaro-2022-11-01,primary_adjudicated,PP;PSD;REPUBLICANOS;UNIAO,PP;PSD;REPUBLICANOS;UNIAO,PP;PSD;REPUBLICANOS;UNIAO,,,,established,,,
2022-12-06,bolsonaro,bolsonaro-2022-05-11,bolsonaro-2022-11-01,primary_adjudicated,PP;PSD;REPUBLICANOS;UNIAO,PP;PSD;REPUBLICANOS;UNIAO,PP;PSD;REPUBLICANOS;UNIAO,,,,established,,,
2022-12-07,bolsonaro,bolsonaro-2022-05-11,bolsonaro-2022-11-01,primary_adjudicated,PP;PSD;REPUBLICANOS;UNIAO,PP;PSD;REPUBLICANOS;UNIAO,PP;PSD;REPUBLICANOS;UNIAO,,,,established,,,
2022-12-08,bolsonaro,bolsonaro-2022-05-11,bolsonaro-2022-11-01,primary_adjudicated,PP;PSD;REPUBLICANOS;UNIAO,PP;PSD;REPUBLICANOS;UNIAO,PP;PSD;REPUBLICANOS;UNIAO,,,,established,,,
2022-12-09,bolsonaro,bolsonaro-2022-05-11,bolsonaro-2022-11-01,primary_adjudicated,PP;PSD;REPUBLICANOS;UNIAO,PP;PSD;REPUBLICANOS;UNIAO,PP;PSD;REPUBLICANOS;UNIAO,,,,established,,,
2022-12-10,bolsonaro,bolsonaro-2022-05-11,bolsonaro-2022-11-01,primary_adjudicated,PP;PSD;REPUBLICANOS;UNIAO,PP;PSD;REPUBLICANOS;UNIAO,PP;PSD;REPUBLICANOS;UNIAO,,,,established,,,
2022-12-11,bolsonaro,bolsonaro-2022-05-11,bolsonaro-2022-11-01,primary_adjudicated,PP;PSD;REPUBLICANOS;UNIAO,PP;PSD;REPUBLICANOS;UNIAO,PP;PSD;REPUBLICANOS;UNIAO,,,,established,,,
2022-12-12,bolsonaro,bolsonaro-2022-05-11,bolsonaro-2022-11-01,primary_adjudicated,PP;PSD;REPUBLICANOS;UNIAO,PP;PSD;REPUBLICANOS;UNIAO,PP;PSD;REPUBLICANOS;UNIAO,,,,established,,,
2022-12-13,bolsonaro,bolsonaro-2022-05-11,bolsonaro-2022-11-01,primary_adjudicated,PP;PSD;REPUBLICANOS;UNIAO,PP;PSD;REPUBLICANOS;UNIAO,PP;PSD;REPUBLICANOS;UNIAO,,,,established,,,
2022-12-14,bolsonaro,bolsonaro-2022-05-11,bolsonaro-2022-11-01,primary_adjudicated,PP;PSD;REPUBLICANOS;UNIAO,PP;PSD;REPUBLICANOS;UNIAO,PP;PSD;REPUBLICANOS;UNIAO,,,,established,,,
2022-12-15,bolsonaro,bolsonaro-2022-05-11,bolsonaro-2022-11-01,primary_adjudicated,PP;PSD;REPUBLICANOS;UNIAO,PP;PSD;REPUBLICANOS;UNIAO,PP;PSD;REPUBLICANOS;UNIAO,,,,established,,,
2022-12-16,bolsonaro,bolsonaro-2022-05-11,bolsonaro-2022-11-01,primary_adjudicated,PP;PSD;REPUBLICANOS;UNIAO,PP;PSD;REPUBLICANOS;UNIAO,PP;PSD;REPUBLICANOS;UNIAO,,,,established,,,
2022-12-17,bolsonaro,bolsonaro-2022-05-11,bolsonaro-2022-11-01,primary_adjudicated,PP;PSD;REPUBLICANOS;UNIAO,PP;PSD;REPUBLICANOS;UNIAO,PP;PSD;REPUBLICANOS;UNIAO,,,,established,,,
2022-12-18,bolsonaro,bolsonaro-2022-05-11,bolsonaro-2022-11-01,primary_adjudicated,PP;PSD;REPUBLICANOS;UNIAO,PP;PSD;REPUBLICANOS;UNIAO,PP;PSD;REPUBLICANOS;UNIAO,,,,established,,,
2022-12-19,bolsonaro,bolsonaro-2022-05-11,bolsonaro-2022-11-01,primary_adjudicated,PP;PSD;REPUBLICANOS;UNIAO,PP;PSD;REPUBLICANOS;UNIAO,PP;PSD;REPUBLICANOS;UNIAO,,,,established,,,
2022-12-20,bolsonaro,bolsonaro-2022-05-11,bolsonaro-2022-11-01,primary_adjudicated,PP;PSD;REPUBLICANOS;UNIAO,PP;PSD;REPUBLICANOS;UNIAO,PP;PSD;REPUBLICANOS;UNIAO,,,,established,,,
2022-12-21,bolsonaro,bolsonaro-2022-05-11,bolsonaro-2022-12-21,primary_provisional,PP;PSD;REPUBLICANOS;UNIAO,PP;PSD;REPUBLICANOS;UNIAO,PP;PSD;REPUBLICANOS;UNIAO,,person-561613fe4a6e,,unidentified,person-561613fe4a6e,V5A011,
2022-12-22,bolsonaro,bolsonaro-2022-05-11,bolsonaro-2022-12-21,primary_provisional,PP;PSD;REPUBLICANOS;UNIAO,PP;PSD;REPUBLICANOS;UNIAO,PP;PSD;REPUBLICANOS;UNIAO,,person-561613fe4a6e,,unidentified,person-561613fe4a6e,V5A011,
2022-12-23,bolsonaro,bolsonaro-2022-05-11,bolsonaro-2022-12-21,primary_provisional,PP;PSD;REPUBLICANOS;UNIAO,PP;PSD;REPUBLICANOS;UNIAO,PP;PSD;REPUBLICANOS;UNIAO,,person-561613fe4a6e,,unidentified,person-561613fe4a6e,V5A011,
2022-12-24,bolsonaro,bolsonaro-2022-05-11,bolsonaro-2022-12-21,primary_provisional,PP;PSD;REPUBLICANOS;UNIAO,PP;PSD;REPUBLICANOS;UNIAO,PP;PSD;REPUBLICANOS;UNIAO,,person-561613fe4a6e,,unidentified,person-561613fe4a6e,V5A011,
2022-12-25,bolsonaro,bolsonaro-2022-05-11,bolsonaro-2022-12-21,primary_provisional,PP;PSD;REPUBLICANOS;UNIAO,PP;PSD;REPUBLICANOS;UNIAO,PP;PSD;REPUBLICANOS;UNIAO,,person-561613fe4a6e,,unidentified,person-561613fe4a6e,V5A011,
2022-12-26,bolsonaro,bolsonaro-2022-05-11,bolsonaro-2022-12-21,primary_provisional,PP;PSD;REPUBLICANOS;UNIAO,PP;PSD;REPUBLICANOS;UNIAO,PP;PSD;REPUBLICANOS;UNIAO,,person-561613fe4a6e,,unidentified,person-561613fe4a6e,V5A011,
2022-12-27,bolsonaro,bolsonaro-2022-05-11,bolsonaro-2022-12-21,primary_provisional,PP;PSD;REPUBLICANOS;UNIAO,PP;PSD;REPUBLICANOS;UNIAO,PP;PSD;REPUBLICANOS;UNIAO,,person-561613fe4a6e,,unidentified,person-561613fe4a6e,V5A011,
2022-12-28,bolsonaro,bolsonaro-2022-05-11,bolsonaro-2022-12-21,primary_provisional,PP;PSD;REPUBLICANOS;UNIAO,PP;PSD;REPUBLICANOS;UNIAO,PP;PSD;REPUBLICANOS;UNIAO,,person-561613fe4a6e,,unidentified,person-561613fe4a6e,V5A011,
2022-12-29,bolsonaro,bolsonaro-2022-05-11,bolsonaro-2022-12-21,primary_provisional,PP;PSD;REPUBLICANOS;UNIAO,PP;PSD;REPUBLICANOS;UNIAO,PP;PSD;REPUBLICANOS;UNIAO,,person-561613fe4a6e,,unidentified,person-561613fe4a6e,V5A011,
2022-12-30,bolsonaro,bolsonaro-2022-12-30,bolsonaro-2022-12-30,primary_provisional,NOVO;PSD;REPUBLICANOS;UNIAO,NOVO;PSD;REPUBLICANOS;UNIAO,NOVO;PSD;REPUBLICANOS;UNIAO,,person-561613fe4a6e;person-jonathas-assuncao-salvador-nery-de-castro,,unidentified,person-561613fe4a6e;person-jonathas-assuncao-salvador-nery-de-castro,V5A011;V5A012,
2022-12-31,bolsonaro,bolsonaro-2022-12-30,bolsonaro-2022-12-30,primary_provisional,NOVO;PSD;REPUBLICANOS;UNIAO,NOVO;PSD;REPUBLICANOS;UNIAO,NOVO;PSD;REPUBLICANOS;UNIAO,,person-561613fe4a6e;person-jonathas-assuncao-salvador-nery-de-castro,,unidentified,person-561613fe4a6e;person-jonathas-assuncao-salvador-nery-de-castro,V5A011;V5A012,
2023-01-01,lula_3,lula_3-2023-01-01,lula_3-2023-01-01,primary_adjudicated,MDB;PCdoB;PDT;PSB;PSD;PSOL;PT;REDE;UNIAO,MDB;PCdoB;PDT;PSB;PSD;PSOL;PT;REDE;UNIAO,MDB;PCdoB;PDT;PSB;PSD;PSOL;PT;REDE;UNIAO,,,,established,,,
2023-01-02,lula_3,lula_3-2023-01-01,lula_3-2023-01-01,primary_adjudicated,MDB;PCdoB;PDT;PSB;PSD;PSOL;PT;REDE;UNIAO,MDB;PCdoB;PDT;PSB;PSD;PSOL;PT;REDE;UNIAO,MDB;PCdoB;PDT;PSB;PSD;PSOL;PT;REDE;UNIAO,,,,established,,,
2023-01-03,lula_3,lula_3-2023-01-01,lula_3-2023-01-01,primary_adjudicated,MDB;PCdoB;PDT;PSB;PSD;PSOL;PT;REDE;UNIAO,MDB;PCdoB;PDT;PSB;PSD;PSOL;PT;REDE;UNIAO,MDB;PCdoB;PDT;PSB;PSD;PSOL;PT;REDE;UNIAO,,,,established,,,
2023-01-04,lula_3,lula_3-2023-01-01,lula_3-2023-01-01,primary_adjudicated,MDB;PCdoB;PDT;PSB;PSD;PSOL;PT;REDE;UNIAO,MDB;PCdoB;PDT;PSB;PSD;PSOL;PT;REDE;UNIAO,MDB;PCdoB;PDT;PSB;PSD;PSOL;PT;REDE;UNIAO,,,,established,,,
2023-01-05,lula_3,lula_3-2023-01-01,lula_3-2023-01-01,primary_adjudicated,MDB;PCdoB;PDT;PSB;PSD;PSOL;PT;REDE;UNIAO,MDB;PCdoB;PDT;PSB;PSD;PSOL;PT;REDE;UNIAO,MDB;PCdoB;PDT;PSB;PSD;PSOL;PT;REDE;UNIAO,,,,established,,,
2023-01-06,lula_3,lula_3-2023-01-01,lula_3-2023-01-01,primary_adjudicated,MDB;PCdoB;PDT;PSB;PSD;PSOL;PT;REDE;UNIAO,MDB;PCdoB;PDT;PSB;PSD;PSOL;PT;REDE;UNIAO,MDB;PCdoB;PDT;PSB;PSD;PSOL;PT;REDE;UNIAO,,,,established,,,
2023-01-07,lula_3,lula_3-2023-01-01,lula_3-2023-01-01,primary_adjudicated,MDB;PCdoB;PDT;PSB;PSD;PSOL;PT;REDE;UNIAO,MDB;PCdoB;PDT;PSB;PSD;PSOL;PT;REDE;UNIAO,MDB;PCdoB;PDT;PSB;PSD;PSOL;PT;REDE;UNIAO,,,,established,,,
2023-01-08,lula_3,lula_3-2023-01-01,lula_3-2023-01-01,primary_adjudicated,MDB;PCdoB;PDT;PSB;PSD;PSOL;PT;REDE;UNIAO,MDB;PCdoB;PDT;PSB;PSD;PSOL;PT;REDE;UNIAO,MDB;PCdoB;PDT;PSB;PSD;PSOL;PT;REDE;UNIAO,,,,established,,,
2023-01-09,lula_3,lula_3-2023-01-01,lula_3-2023-01-01,primary_adjudicated,MDB;PCdoB;PDT;PSB;PSD;PSOL;PT;REDE;UNIAO,MDB;PCdoB;PDT;PSB;PSD;PSOL;PT;REDE;UNIAO,MDB;PCdoB;PDT;PSB;PSD;PSOL;PT;REDE;UNIAO,,,,established,,,
2023-01-10,lula_3,lula_3-2023-01-01,lula_3-2023-01-01,primary_adjudicated,MDB;PCdoB;PDT;PSB;PSD;PSOL;PT;REDE;UNIAO,MDB;PCdoB;PDT;PSB;PSD;PSOL;PT;REDE;UNIAO,MDB;PCdoB;PDT;PSB;PSD;PSOL;PT;REDE;UNIAO,,,,established,,,
2023-01-11,lula_3,lula_3-2023-01-01,lula_3-2023-01-01,primary_adjudicated,MDB;PCdoB;PDT;PSB;PSD;PSOL;PT;REDE;UNIAO,MDB;PCdoB;PDT;PSB;PSD;PSOL;PT;REDE;UNIAO,MDB;PCdoB;PDT;PSB;PSD;PSOL;PT;REDE;UNIAO,,,,established,,,
2023-01-12,lula_3,lula_3-2023-01-01,lula_3-2023-01-01,primary_adjudicated,MDB;PCdoB;PDT;PSB;PSD;PSOL;PT;REDE;UNIAO,MDB;PCdoB;PDT;PSB;PSD;PSOL;PT;REDE;UNIAO,MDB;PCdoB;PDT;PSB;PSD;PSOL;PT;REDE;UNIAO,,,,established,,,
2023-01-13,lula_3,lula_3-2023-01-01,lula_3-2023-01-01,primary_adjudicated,MDB;PCdoB;PDT;PSB;PSD;PSOL;PT;REDE;UNIAO,MDB;PCdoB;PDT;PSB;PSD;PSOL;PT;REDE;UNIAO,MDB;PCdoB;PDT;PSB;PSD;PSOL;PT;REDE;UNIAO,,,,established,,,
2023-01-14,lula_3,lula_3-2023-01-01,lula_3-2023-01-01,primary_adjudicated,MDB;PCdoB;PDT;PSB;PSD;PSOL;PT;REDE;UNIAO,MDB;PCdoB;PDT;PSB;PSD;PSOL;PT;REDE;UNIAO,MDB;PCdoB;PDT;PSB;PSD;PSOL;PT;REDE;UNIAO,,,,established,,,
2023-01-15,lula_3,lula_3-2023-01-01,lula_3-2023-01-01,primary_adjudicated,MDB;PCdoB;PDT;PSB;PSD;PSOL;PT;REDE;UNIAO,MDB;PCdoB;PDT;PSB;PSD;PSOL;PT;REDE;UNIAO,MDB;PCdoB;PDT;PSB;PSD;PSOL;PT;REDE;UNIAO,,,,established,,,
2023-01-16,lula_3,lula_3-2023-01-01,lula_3-2023-01-01,primary_adjudicated,MDB;PCdoB;PDT;PSB;PSD;PSOL;PT;REDE;UNIAO,MDB;PCdoB;PDT;PSB;PSD;PSOL;PT;REDE;UNIAO,MDB;PCdoB;PDT;PSB;PSD;PSOL;PT;REDE;UNIAO,,,,established,,,
2023-01-17,lula_3,lula_3-2023-01-01,lula_3-2023-01-01,primary_adjudicated,MDB;PCdoB;PDT;PSB;PSD;PSOL;PT;REDE;UNIAO,MDB;PCdoB;PDT;PSB;PSD;PSOL;PT;REDE;UNIAO,MDB;PCdoB;PDT;PSB;PSD;PSOL;PT;REDE;UNIAO,,,,established,,,
2023-01-18,lula_3,lula_3-2023-01-01,lula_3-2023-01-01,primary_adjudicated,MDB;PCdoB;PDT;PSB;PSD;PSOL;PT;REDE;UNIAO,MDB;PCdoB;PDT;PSB;PSD;PSOL;PT;REDE;UNIAO,MDB;PCdoB;PDT;PSB;PSD;PSOL;PT;REDE;UNIAO,,,,established,,,
2023-01-19,lula_3,lula_3-2023-01-01,lula_3-2023-01-01,primary_adjudicated,MDB;PCdoB;PDT;PSB;PSD;PSOL;PT;REDE;UNIAO,MDB;PCdoB;PDT;PSB;PSD;PSOL;PT;REDE;UNIAO,MDB;PCdoB;PDT;PSB;PSD;PSOL;PT;REDE;UNIAO,,,,established,,,
2023-01-20,lula_3,lula_3-2023-01-01,lula_3-2023-01-01,primary_adjudicated,MDB;PCdoB;PDT;PSB;PSD;PSOL;PT;REDE;UNIAO,MDB;PCdoB;PDT;PSB;PSD;PSOL;PT;REDE;UNIAO,MDB;PCdoB;PDT;PSB;PSD;PSOL;PT;REDE;UNIAO,,,,established,,,
2023-01-21,lula_3,lula_3-2023-01-01,lula_3-2023-01-01,primary_adjudicated,MDB;PCdoB;PDT;PSB;PSD;PSOL;PT;REDE;UNIAO,MDB;PCdoB;PDT;PSB;PSD;PSOL;PT;REDE;UNIAO,MDB;PCdoB;PDT;PSB;PSD;PSOL;PT;REDE;UNIAO,,,,established,,,
2023-01-22,lula_3,lula_3-2023-01-01,lula_3-2023-01-01,primary_adjudicated,MDB;PCdoB;PDT;PSB;PSD;PSOL;PT;REDE;UNIAO,MDB;PCdoB;PDT;PSB;PSD;PSOL;PT;REDE;UNIAO,MDB;PCdoB;PDT;PSB;PSD;PSOL;PT;REDE;UNIAO,,,,established,,,
2023-01-23,lula_3,lula_3-2023-01-01,lula_3-2023-01-01,primary_adjudicated,MDB;PCdoB;PDT;PSB;PSD;PSOL;PT;REDE;UNIAO,MDB;PCdoB;PDT;PSB;PSD;PSOL;PT;REDE;UNIAO,MDB;PCdoB;PDT;PSB;PSD;PSOL;PT;REDE;UNIAO,,,,established,,,
2023-01-24,lula_3,lula_3-2023-01-01,lula_3-2023-01-01,primary_adjudicated,MDB;PCdoB;PDT;PSB;PSD;PSOL;PT;REDE;UNIAO,MDB;PCdoB;PDT;PSB;PSD;PSOL;PT;REDE;UNIAO,MDB;PCdoB;PDT;PSB;PSD;PSOL;PT;REDE;UNIAO,,,,established,,,
2023-01-25,lula_3,lula_3-2023-01-01,lula_3-2023-01-25,primary_adjudicated,MDB;PCdoB;PDT;PSB;PSD;PSOL;PT;REDE;UNIAO,MDB;PCdoB;PDT;PSB;PSD;PSOL;PT;REDE;UNIAO,MDB;PCdoB;PDT;PSB;PSD;PSOL;PT;REDE;UNIAO,,,,established,,,
2023-01-26,lula_3,lula_3-2023-01-01,lula_3-2023-01-25,primary_adjudicated,MDB;PCdoB;PDT;PSB;PSD;PSOL;PT;REDE;UNIAO,MDB;PCdoB;PDT;PSB;PSD;PSOL;PT;REDE;UNIAO,MDB;PCdoB;PDT;PSB;PSD;PSOL;PT;REDE;UNIAO,,,,established,,,
2023-01-27,lula_3,lula_3-2023-01-01,lula_3-2023-01-25,primary_adjudicated,MDB;PCdoB;PDT;PSB;PSD;PSOL;PT;REDE;UNIAO,MDB;PCdoB;PDT;PSB;PSD;PSOL;PT;REDE;UNIAO,MDB;PCdoB;PDT;PSB;PSD;PSOL;PT;REDE;UNIAO,,,,established,,,
2023-01-28,lula_3,lula_3-2023-01-01,lula_3-2023-01-25,primary_adjudicated,MDB;PCdoB;PDT;PSB;PSD;PSOL;PT;REDE;UNIAO,MDB;PCdoB;PDT;PSB;PSD;PSOL;PT;REDE;UNIAO,MDB;PCdoB;PDT;PSB;PSD;PSOL;PT;REDE;UNIAO,,,,established,,,
2023-01-29,lula_3,lula_3-2023-01-01,lula_3-2023-01-25,primary_adjudicated,MDB;PCdoB;PDT;PSB;PSD;PSOL;PT;REDE;UNIAO,MDB;PCdoB;PDT;PSB;PSD;PSOL;PT;REDE;UNIAO,MDB;PCdoB;PDT;PSB;PSD;PSOL;PT;REDE;UNIAO,,,,established,,,
2023-01-30,lula_3,lula_3-2023-01-01,lula_3-2023-01-25,primary_adjudicated,MDB;PCdoB;PDT;PSB;PSD;PSOL;PT;REDE;UNIAO,MDB;PCdoB;PDT;PSB;PSD;PSOL;PT;REDE;UNIAO,MDB;PCdoB;PDT;PSB;PSD;PSOL;PT;REDE;UNIAO,,,,established,,,
2023-01-31,lula_3,lula_3-2023-01-01,lula_3-2023-01-25,primary_adjudicated,MDB;PCdoB;PDT;PSB;PSD;PSOL;PT;REDE;UNIAO,MDB;PCdoB;PDT;PSB;PSD;PSOL;PT;REDE;UNIAO,MDB;PCdoB;PDT;PSB;PSD;PSOL;PT;REDE;UNIAO,,,,established,,,
2023-02-01,lula_3,lula_3-2023-01-01,lula_3-2023-01-25,primary_adjudicated,MDB;PCdoB;PDT;PSB;PSD;PSOL;PT;REDE;UNIAO,MDB;PCdoB;PDT;PSB;PSD;PSOL;PT;REDE;UNIAO,MDB;PCdoB;PDT;PSB;PSD;PSOL;PT;REDE;UNIAO,,,,established,,,
2023-02-02,lula_3,lula_3-2023-01-01,lula_3-2023-01-25,primary_adjudicated,MDB;PCdoB;PDT;PSB;PSD;PSOL;PT;REDE;UNIAO,MDB;PCdoB;PDT;PSB;PSD;PSOL;PT;REDE;UNIAO,MDB;PCdoB;PDT;PSB;PSD;PSOL;PT;REDE;UNIAO,,,,established,,,
2023-02-03,lula_3,lula_3-2023-01-01,lula_3-2023-01-25,primary_adjudicated,MDB;PCdoB;PDT;PSB;PSD;PSOL;PT;REDE;UNIAO,MDB;PCdoB;PDT;PSB;PSD;PSOL;PT;REDE;UNIAO,MDB;PCdoB;PDT;PSB;PSD;PSOL;PT;REDE;UNIAO,,,,established,,,
2023-02-04,lula_3,lula_3-2023-01-01,lula_3-2023-01-25,primary_adjudicated,MDB;PCdoB;PDT;PSB;PSD;PSOL;PT;REDE;UNIAO,MDB;PCdoB;PDT;PSB;PSD;PSOL;PT;REDE;UNIAO,MDB;PCdoB;PDT;PSB;PSD;PSOL;PT;REDE;UNIAO,,,,established,,,
2023-02-05,lula_3,lula_3-2023-01-01,lula_3-2023-01-25,primary_adjudicated,MDB;PCdoB;PDT;PSB;PSD;PSOL;PT;REDE;UNIAO,MDB;PCdoB;PDT;PSB;PSD;PSOL;PT;REDE;UNIAO,MDB;PCdoB;PDT;PSB;PSD;PSOL;PT;REDE;UNIAO,,,,established,,,
2023-02-06,lula_3,lula_3-2023-01-01,lula_3-2023-01-25,primary_adjudicated,MDB;PCdoB;PDT;PSB;PSD;PSOL;PT;REDE;UNIAO,MDB;PCdoB;PDT;PSB;PSD;PSOL;PT;REDE;UNIAO,MDB;PCdoB;PDT;PSB;PSD;PSOL;PT;REDE;UNIAO,,,,established,,,
2023-02-07,lula_3,lula_3-2023-01-01,lula_3-2023-01-25,primary_adjudicated,MDB;PCdoB;PDT;PSB;PSD;PSOL;PT;REDE;UNIAO,MDB;PCdoB;PDT;PSB;PSD;PSOL;PT;REDE;UNIAO,MDB;PCdoB;PDT;PSB;PSD;PSOL;PT;REDE;UNIAO,,,,established,,,
2023-02-08,lula_3,lula_3-2023-01-01,lula_3-2023-01-25,primary_adjudicated,MDB;PCdoB;PDT;PSB;PSD;PSOL;PT;REDE;UNIAO,MDB;PCdoB;PDT;PSB;PSD;PSOL;PT;REDE;UNIAO,MDB;PCdoB;PDT;PSB;PSD;PSOL;PT;REDE;UNIAO,,,,established,,,
2023-02-09,lula_3,lula_3-2023-01-01,lula_3-2023-01-25,primary_adjudicated,MDB;PCdoB;PDT;PSB;PSD;PSOL;PT;REDE;UNIAO,MDB;PCdoB;PDT;PSB;PSD;PSOL;PT;REDE;UNIAO,MDB;PCdoB;PDT;PSB;PSD;PSOL;PT;REDE;UNIAO,,,,established,,,
2023-02-10,lula_3,lula_3-2023-01-01,lula_3-2023-01-25,primary_adjudicated,MDB;PCdoB;PDT;PSB;PSD;PSOL;PT;REDE;UNIAO,MDB;PCdoB;PDT;PSB;PSD;PSOL;PT;REDE;UNIAO,MDB;PCdoB;PDT;PSB;PSD;PSOL;PT;REDE;UNIAO,,,,established,,,
2023-02-11,lula_3,lula_3-2023-01-01,lula_3-2023-01-25,primary_adjudicated,MDB;PCdoB;PDT;PSB;PSD;PSOL;PT;REDE;UNIAO,MDB;PCdoB;PDT;PSB;PSD;PSOL;PT;REDE;UNIAO,MDB;PCdoB;PDT;PSB;PSD;PSOL;PT;REDE;UNIAO,,,,established,,,
2023-02-12,lula_3,lula_3-2023-01-01,lula_3-2023-01-25,primary_adjudicated,MDB;PCdoB;PDT;PSB;PSD;PSOL;PT;REDE;UNIAO,MDB;PCdoB;PDT;PSB;PSD;PSOL;PT;REDE;UNIAO,MDB;PCdoB;PDT;PSB;PSD;PSOL;PT;REDE;UNIAO,,,,established,,,
2023-02-13,lula_3,lula_3-2023-01-01,lula_3-2023-01-25,primary_adjudicated,MDB;PCdoB;PDT;PSB;PSD;PSOL;PT;REDE;UNIAO,MDB;PCdoB;PDT;PSB;PSD;PSOL;PT;REDE;UNIAO,MDB;PCdoB;PDT;PSB;PSD;PSOL;PT;REDE;UNIAO,,,,established,,,
2023-02-14,lula_3,lula_3-2023-01-01,lula_3-2023-02-14,primary_adjudicated,MDB;PCdoB;PDT;PSB;PSD;PSOL;PT;REDE;UNIAO,MDB;PCdoB;PDT;PSB;PSD;PSOL;PT;REDE;UNIAO,MDB;PCdoB;PDT;PSB;PSD;PSOL;PT;REDE;UNIAO,,,,established,,,
2023-02-15,lula_3,lula_3-2023-01-01,lula_3-2023-02-14,primary_adjudicated,MDB;PCdoB;PDT;PSB;PSD;PSOL;PT;REDE;UNIAO,MDB;PCdoB;PDT;PSB;PSD;PSOL;PT;REDE;UNIAO,MDB;PCdoB;PDT;PSB;PSD;PSOL;PT;REDE;UNIAO,,,,established,,,
2023-02-16,lula_3,lula_3-2023-01-01,lula_3-2023-02-14,primary_adjudicated,MDB;PCdoB;PDT;PSB;PSD;PSOL;PT;REDE;UNIAO,MDB;PCdoB;PDT;PSB;PSD;PSOL;PT;REDE;UNIAO,MDB;PCdoB;PDT;PSB;PSD;PSOL;PT;REDE;UNIAO,,,,established,,,
2023-02-17,lula_3,lula_3-2023-01-01,lula_3-2023-02-14,primary_adjudicated,MDB;PCdoB;PDT;PSB;PSD;PSOL;PT;REDE;UNIAO,MDB;PCdoB;PDT;PSB;PSD;PSOL;PT;REDE;UNIAO,MDB;PCdoB;PDT;PSB;PSD;PSOL;PT;REDE;UNIAO,,,,established,,,
2023-02-18,lula_3,lula_3-2023-01-01,lula_3-2023-02-14,primary_adjudicated,MDB;PCdoB;PDT;PSB;PSD;PSOL;PT;REDE;UNIAO,MDB;PCdoB;PDT;PSB;PSD;PSOL;PT;REDE;UNIAO,MDB;PCdoB;PDT;PSB;PSD;PSOL;PT;REDE;UNIAO,,,,established,,,
2023-02-19,lula_3,lula_3-2023-01-01,lula_3-2023-02-14,primary_adjudicated,MDB;PCdoB;PDT;PSB;PSD;PSOL;PT;REDE;UNIAO,MDB;PCdoB;PDT;PSB;PSD;PSOL;PT;REDE;UNIAO,MDB;PCdoB;PDT;PSB;PSD;PSOL;PT;REDE;UNIAO,,,,established,,,
2023-02-20,lula_3,lula_3-2023-01-01,lula_3-2023-02-14,primary_adjudicated,MDB;PCdoB;PDT;PSB;PSD;PSOL;PT;REDE;UNIAO,MDB;PCdoB;PDT;PSB;PSD;PSOL;PT;REDE;UNIAO,MDB;PCdoB;PDT;PSB;PSD;PSOL;PT;REDE;UNIAO,,,,established,,,
2023-02-21,lula_3,lula_3-2023-01-01,lula_3-2023-02-14,primary_adjudicated,MDB;PCdoB;PDT;PSB;PSD;PSOL;PT;REDE;UNIAO,MDB;PCdoB;PDT;PSB;PSD;PSOL;PT;REDE;UNIAO,MDB;PCdoB;PDT;PSB;PSD;PSOL;PT;REDE;UNIAO,,,,established,,,
2023-02-22,lula_3,lula_3-2023-01-01,lula_3-2023-02-14,primary_adjudicated,MDB;PCdoB;PDT;PSB;PSD;PSOL;PT;REDE;UNIAO,MDB;PCdoB;PDT;PSB;PSD;PSOL;PT;REDE;UNIAO,MDB;PCdoB;PDT;PSB;PSD;PSOL;PT;REDE;UNIAO,,,,established,,,
2023-02-23,lula_3,lula_3-2023-01-01,lula_3-2023-02-14,primary_adjudicated,MDB;PCdoB;PDT;PSB;PSD;PSOL;PT;REDE;UNIAO,MDB;PCdoB;PDT;PSB;PSD;PSOL;PT;REDE;UNIAO,MDB;PCdoB;PDT;PSB;PSD;PSOL;PT;REDE;UNIAO,,,,established,,,
2023-02-24,lula_3,lula_3-2023-01-01,lula_3-2023-02-14,primary_adjudicated,MDB;PCdoB;PDT;PSB;PSD;PSOL;PT;REDE;UNIAO,MDB;PCdoB;PDT;PSB;PSD;PSOL;PT;REDE;UNIAO,MDB;PCdoB;PDT;PSB;PSD;PSOL;PT;REDE;UNIAO,,,,established,,,
2023-02-25,lula_3,lula_3-2023-01-01,lula_3-2023-02-14,primary_adjudicated,MDB;PCdoB;PDT;PSB;PSD;PSOL;PT;REDE;UNIAO,MDB;PCdoB;PDT;PSB;PSD;PSOL;PT;REDE;UNIAO,MDB;PCdoB;PDT;PSB;PSD;PSOL;PT;REDE;UNIAO,,,,established,,,
2023-02-26,lula_3,lula_3-2023-01-01,lula_3-2023-02-14,primary_adjudicated,MDB;PCdoB;PDT;PSB;PSD;PSOL;PT;REDE;UNIAO,MDB;PCdoB;PDT;PSB;PSD;PSOL;PT;REDE;UNIAO,MDB;PCdoB;PDT;PSB;PSD;PSOL;PT;REDE;UNIAO,,,,established,,,
2023-02-27,lula_3,lula_3-2023-01-01,lula_3-2023-02-14,primary_adjudicated,MDB;PCdoB;PDT;PSB;PSD;PSOL;PT;REDE;UNIAO,MDB;PCdoB;PDT;PSB;PSD;PSOL;PT;REDE;UNIAO,MDB;PCdoB;PDT;PSB;PSD;PSOL;PT;REDE;UNIAO,,,,established,,,
2023-02-28,lula_3,lula_3-2023-01-01,lula_3-2023-02-14,primary_adjudicated,MDB;PCdoB;PDT;PSB;PSD;PSOL;PT;REDE;UNIAO,MDB;PCdoB;PDT;PSB;PSD;PSOL;PT;REDE;UNIAO,MDB;PCdoB;PDT;PSB;PSD;PSOL;PT;REDE;UNIAO,,,,established,,,
2023-03-01,lula_3,lula_3-2023-01-01,lula_3-2023-02-14,primary_adjudicated,MDB;PCdoB;PDT;PSB;PSD;PSOL;PT;REDE;UNIAO,MDB;PCdoB;PDT;PSB;PSD;PSOL;PT;REDE;UNIAO,MDB;PCdoB;PDT;PSB;PSD;PSOL;PT;REDE;UNIAO,,,,established,,,
2023-03-02,lula_3,lula_3-2023-01-01,lula_3-2023-02-14,primary_adjudicated,MDB;PCdoB;PDT;PSB;PSD;PSOL;PT;REDE;UNIAO,MDB;PCdoB;PDT;PSB;PSD;PSOL;PT;REDE;UNIAO,MDB;PCdoB;PDT;PSB;PSD;PSOL;PT;REDE;UNIAO,,,,established,,,
2023-03-03,lula_3,lula_3-2023-01-01,lula_3-2023-02-14,primary_adjudicated,MDB;PCdoB;PDT;PSB;PSD;PSOL;PT;REDE;UNIAO,MDB;PCdoB;PDT;PSB;PSD;PSOL;PT;REDE;UNIAO,MDB;PCdoB;PDT;PSB;PSD;PSOL;PT;REDE;UNIAO,,,,established,,,
2023-03-04,lula_3,lula_3-2023-01-01,lula_3-2023-02-14,primary_adjudicated,MDB;PCdoB;PDT;PSB;PSD;PSOL;PT;REDE;UNIAO,MDB;PCdoB;PDT;PSB;PSD;PSOL;PT;REDE;UNIAO,MDB;PCdoB;PDT;PSB;PSD;PSOL;PT;REDE;UNIAO,,,,established,,,
2023-03-05,lula_3,lula_3-2023-01-01,lula_3-2023-02-14,primary_adjudicated,MDB;PCdoB;PDT;PSB;PSD;PSOL;PT;REDE;UNIAO,MDB;PCdoB;PDT;PSB;PSD;PSOL;PT;REDE;UNIAO,MDB;PCdoB;PDT;PSB;PSD;PSOL;PT;REDE;UNIAO,,,,established,,,
2023-03-06,lula_3,lula_3-2023-01-01,lula_3-2023-02-14,primary_adjudicated,MDB;PCdoB;PDT;PSB;PSD;PSOL;PT;REDE;UNIAO,MDB;PCdoB;PDT;PSB;PSD;PSOL;PT;REDE;UNIAO,MDB;PCdoB;PDT;PSB;PSD;PSOL;PT;REDE;UNIAO,,,,established,,,
2023-03-07,lula_3,lula_3-2023-01-01,lula_3-2023-02-14,primary_adjudicated,MDB;PCdoB;PDT;PSB;PSD;PSOL;PT;REDE;UNIAO,MDB;PCdoB;PDT;PSB;PSD;PSOL;PT;REDE;UNIAO,MDB;PCdoB;PDT;PSB;PSD;PSOL;PT;REDE;UNIAO,,,,established,,,
2023-03-08,lula_3,lula_3-2023-01-01,lula_3-2023-02-14,primary_adjudicated,MDB;PCdoB;PDT;PSB;PSD;PSOL;PT;REDE;UNIAO,MDB;PCdoB;PDT;PSB;PSD;PSOL;PT;REDE;UNIAO,MDB;PCdoB;PDT;PSB;PSD;PSOL;PT;REDE;UNIAO,,,,established,,,
2023-03-09,lula_3,lula_3-2023-01-01,lula_3-2023-02-14,primary_adjudicated,MDB;PCdoB;PDT;PSB;PSD;PSOL;PT;REDE;UNIAO,MDB;PCdoB;PDT;PSB;PSD;PSOL;PT;REDE;UNIAO,MDB;PCdoB;PDT;PSB;PSD;PSOL;PT;REDE;UNIAO,,,,established,,,
2023-03-10,lula_3,lula_3-2023-01-01,lula_3-2023-02-14,primary_adjudicated,MDB;PCdoB;PDT;PSB;PSD;PSOL;PT;REDE;UNIAO,MDB;PCdoB;PDT;PSB;PSD;PSOL;PT;REDE;UNIAO,MDB;PCdoB;PDT;PSB;PSD;PSOL;PT;REDE;UNIAO,,,,established,,,
2023-03-11,lula_3,lula_3-2023-01-01,lula_3-2023-02-14,primary_adjudicated,MDB;PCdoB;PDT;PSB;PSD;PSOL;PT;REDE;UNIAO,MDB;PCdoB;PDT;PSB;PSD;PSOL;PT;REDE;UNIAO,MDB;PCdoB;PDT;PSB;PSD;PSOL;PT;REDE;UNIAO,,,,established,,,
2023-03-12,lula_3,lula_3-2023-01-01,lula_3-2023-02-14,primary_adjudicated,MDB;PCdoB;PDT;PSB;PSD;PSOL;PT;REDE;UNIAO,MDB;PCdoB;PDT;PSB;PSD;PSOL;PT;REDE;UNIAO,MDB;PCdoB;PDT;PSB;PSD;PSOL;PT;REDE;UNIAO,,,,established,,,
2023-03-13,lula_3,lula_3-2023-01-01,lula_3-2023-02-14,primary_adjudicated,MDB;PCdoB;PDT;PSB;PSD;PSOL;PT;REDE;UNIAO,MDB;PCdoB;PDT;PSB;PSD;PSOL;PT;REDE;UNIAO,MDB;PCdoB;PDT;PSB;PSD;PSOL;PT;REDE;UNIAO,,,,established,,,
2023-03-14,lula_3,lula_3-2023-01-01,lula_3-2023-02-14,primary_adjudicated,MDB;PCdoB;PDT;PSB;PSD;PSOL;PT;REDE;UNIAO,MDB;PCdoB;PDT;PSB;PSD;PSOL;PT;REDE;UNIAO,MDB;PCdoB;PDT;PSB;PSD;PSOL;PT;REDE;UNIAO,,,,established,,,
2023-03-15,lula_3,lula_3-2023-01-01,lula_3-2023-02-14,primary_adjudicated,MDB;PCdoB;PDT;PSB;PSD;PSOL;PT;REDE;UNIAO,MDB;PCdoB;PDT;PSB;PSD;PSOL;PT;REDE;UNIAO,MDB;PCdoB;PDT;PSB;PSD;PSOL;PT;REDE;UNIAO,,,,established,,,
2023-03-16,lula_3,lula_3-2023-01-01,lula_3-2023-02-14,primary_adjudicated,MDB;PCdoB;PDT;PSB;PSD;PSOL;PT;REDE;UNIAO,MDB;PCdoB;PDT;PSB;PSD;PSOL;PT;REDE;UNIAO,MDB;PCdoB;PDT;PSB;PSD;PSOL;PT;REDE;UNIAO,,,,established,,,
2023-03-17,lula_3,lula_3-2023-01-01,lula_3-2023-02-14,primary_adjudicated,MDB;PCdoB;PDT;PSB;PSD;PSOL;PT;REDE;UNIAO,MDB;PCdoB;PDT;PSB;PSD;PSOL;PT;REDE;UNIAO,MDB;PCdoB;PDT;PSB;PSD;PSOL;PT;REDE;UNIAO,,,,established,,,
2023-03-18,lula_3,lula_3-2023-01-01,lula_3-2023-02-14,primary_adjudicated,MDB;PCdoB;PDT;PSB;PSD;PSOL;PT;REDE;UNIAO,MDB;PCdoB;PDT;PSB;PSD;PSOL;PT;REDE;UNIAO,MDB;PCdoB;PDT;PSB;PSD;PSOL;PT;REDE;UNIAO,,,,established,,,
2023-03-19,lula_3,lula_3-2023-01-01,lula_3-2023-02-14,primary_adjudicated,MDB;PCdoB;PDT;PSB;PSD;PSOL;PT;REDE;UNIAO,MDB;PCdoB;PDT;PSB;PSD;PSOL;PT;REDE;UNIAO,MDB;PCdoB;PDT;PSB;PSD;PSOL;PT;REDE;UNIAO,,,,established,,,
2023-03-20,lula_3,lula_3-2023-01-01,lula_3-2023-02-14,primary_adjudicated,MDB;PCdoB;PDT;PSB;PSD;PSOL;PT;REDE;UNIAO,MDB;PCdoB;PDT;PSB;PSD;PSOL;PT;REDE;UNIAO,MDB;PCdoB;PDT;PSB;PSD;PSOL;PT;REDE;UNIAO,,,,established,,,
2023-03-21,lula_3,lula_3-2023-01-01,lula_3-2023-02-14,primary_adjudicated,MDB;PCdoB;PDT;PSB;PSD;PSOL;PT;REDE;UNIAO,MDB;PCdoB;PDT;PSB;PSD;PSOL;PT;REDE;UNIAO,MDB;PCdoB;PDT;PSB;PSD;PSOL;PT;REDE;UNIAO,,,,established,,,
2023-03-22,lula_3,lula_3-2023-01-01,lula_3-2023-02-14,primary_adjudicated,MDB;PCdoB;PDT;PSB;PSD;PSOL;PT;REDE;UNIAO,MDB;PCdoB;PDT;PSB;PSD;PSOL;PT;REDE;UNIAO,MDB;PCdoB;PDT;PSB;PSD;PSOL;PT;REDE;UNIAO,,,,established,,,
2023-03-23,lula_3,lula_3-2023-01-01,lula_3-2023-02-14,primary_adjudicated,MDB;PCdoB;PDT;PSB;PSD;PSOL;PT;REDE;UNIAO,MDB;PCdoB;PDT;PSB;PSD;PSOL;PT;REDE;UNIAO,MDB;PCdoB;PDT;PSB;PSD;PSOL;PT;REDE;UNIAO,,,,established,,,
2023-03-24,lula_3,lula_3-2023-01-01,lula_3-2023-02-14,primary_adjudicated,MDB;PCdoB;PDT;PSB;PSD;PSOL;PT;REDE;UNIAO,MDB;PCdoB;PDT;PSB;PSD;PSOL;PT;REDE;UNIAO,MDB;PCdoB;PDT;PSB;PSD;PSOL;PT;REDE;UNIAO,,,,established,,,
2023-03-25,lula_3,lula_3-2023-01-01,lula_3-2023-02-14,primary_adjudicated,MDB;PCdoB;PDT;PSB;PSD;PSOL;PT;REDE;UNIAO,MDB;PCdoB;PDT;PSB;PSD;PSOL;PT;REDE;UNIAO,MDB;PCdoB;PDT;PSB;PSD;PSOL;PT;REDE;UNIAO,,,,established,,,
2023-03-26,lula_3,lula_3-2023-01-01,lula_3-2023-02-14,primary_adjudicated,MDB;PCdoB;PDT;PSB;PSD;PSOL;PT;REDE;UNIAO,MDB;PCdoB;PDT;PSB;PSD;PSOL;PT;REDE;UNIAO,MDB;PCdoB;PDT;PSB;PSD;PSOL;PT;REDE;UNIAO,,,,established,,,
2023-03-27,lula_3,lula_3-2023-01-01,lula_3-2023-02-14,primary_adjudicated,MDB;PCdoB;PDT;PSB;PSD;PSOL;PT;REDE;UNIAO,MDB;PCdoB;PDT;PSB;PSD;PSOL;PT;REDE;UNIAO,MDB;PCdoB;PDT;PSB;PSD;PSOL;PT;REDE;UNIAO,,,,established,,,
2023-03-28,lula_3,lula_3-2023-01-01,lula_3-2023-02-14,primary_adjudicated,MDB;PCdoB;PDT;PSB;PSD;PSOL;PT;REDE;UNIAO,MDB;PCdoB;PDT;PSB;PSD;PSOL;PT;REDE;UNIAO,MDB;PCdoB;PDT;PSB;PSD;PSOL;PT;REDE;UNIAO,,,,established,,,
2023-03-29,lula_3,lula_3-2023-01-01,lula_3-2023-02-14,primary_adjudicated,MDB;PCdoB;PDT;PSB;PSD;PSOL;PT;REDE;UNIAO,MDB;PCdoB;PDT;PSB;PSD;PSOL;PT;REDE;UNIAO,MDB;PCdoB;PDT;PSB;PSD;PSOL;PT;REDE;UNIAO,,,,established,,,
2023-03-30,lula_3,lula_3-2023-01-01,lula_3-2023-02-14,primary_adjudicated,MDB;PCdoB;PDT;PSB;PSD;PSOL;PT;REDE;UNIAO,MDB;PCdoB;PDT;PSB;PSD;PSOL;PT;REDE;UNIAO,MDB;PCdoB;PDT;PSB;PSD;PSOL;PT;REDE;UNIAO,,,,established,,,
2023-03-31,lula_3,lula_3-2023-01-01,lula_3-2023-02-14,primary_adjudicated,MDB;PCdoB;PDT;PSB;PSD;PSOL;PT;REDE;UNIAO,MDB;PCdoB;PDT;PSB;PSD;PSOL;PT;REDE;UNIAO,MDB;PCdoB;PDT;PSB;PSD;PSOL;PT;REDE;UNIAO,,,,established,,,
2023-04-01,lula_3,lula_3-2023-01-01,lula_3-2023-02-14,primary_adjudicated,MDB;PCdoB;PDT;PSB;PSD;PSOL;PT;REDE;UNIAO,MDB;PCdoB;PDT;PSB;PSD;PSOL;PT;REDE;UNIAO,MDB;PCdoB;PDT;PSB;PSD;PSOL;PT;REDE;UNIAO,,,,established,,,
2023-04-02,lula_3,lula_3-2023-01-01,lula_3-2023-02-14,primary_adjudicated,MDB;PCdoB;PDT;PSB;PSD;PSOL;PT;REDE;UNIAO,MDB;PCdoB;PDT;PSB;PSD;PSOL;PT;REDE;UNIAO,MDB;PCdoB;PDT;PSB;PSD;PSOL;PT;REDE;UNIAO,,,,established,,,
2023-04-03,lula_3,lula_3-2023-01-01,lula_3-2023-02-14,primary_adjudicated,MDB;PCdoB;PDT;PSB;PSD;PSOL;PT;REDE;UNIAO,MDB;PCdoB;PDT;PSB;PSD;PSOL;PT;REDE;UNIAO,MDB;PCdoB;PDT;PSB;PSD;PSOL;PT;REDE;UNIAO,,,,established,,,
2023-04-04,lula_3,lula_3-2023-01-01,lula_3-2023-02-14,primary_adjudicated,MDB;PCdoB;PDT;PSB;PSD;PSOL;PT;REDE;UNIAO,MDB;PCdoB;PDT;PSB;PSD;PSOL;PT;REDE;UNIAO,MDB;PCdoB;PDT;PSB;PSD;PSOL;PT;REDE;UNIAO,,,,established,,,
2023-04-05,lula_3,lula_3-2023-01-01,lula_3-2023-02-14,primary_adjudicated,MDB;PCdoB;PDT;PSB;PSD;PSOL;PT;REDE;UNIAO,MDB;PCdoB;PDT;PSB;PSD;PSOL;PT;REDE;UNIAO,MDB;PCdoB;PDT;PSB;PSD;PSOL;PT;REDE;UNIAO,,,,established,,,
2023-04-06,lula_3,lula_3-2023-01-01,lula_3-2023-02-14,primary_adjudicated,MDB;PCdoB;PDT;PSB;PSD;PSOL;PT;REDE;UNIAO,MDB;PCdoB;PDT;PSB;PSD;PSOL;PT;REDE;UNIAO,MDB;PCdoB;PDT;PSB;PSD;PSOL;PT;REDE;UNIAO,,,,established,,,
2023-04-07,lula_3,lula_3-2023-01-01,lula_3-2023-02-14,primary_adjudicated,MDB;PCdoB;PDT;PSB;PSD;PSOL;PT;REDE;UNIAO,MDB;PCdoB;PDT;PSB;PSD;PSOL;PT;REDE;UNIAO,MDB;PCdoB;PDT;PSB;PSD;PSOL;PT;REDE;UNIAO,,,,established,,,
2023-04-08,lula_3,lula_3-2023-01-01,lula_3-2023-02-14,primary_adjudicated,MDB;PCdoB;PDT;PSB;PSD;PSOL;PT;REDE;UNIAO,MDB;PCdoB;PDT;PSB;PSD;PSOL;PT;REDE;UNIAO,MDB;PCdoB;PDT;PSB;PSD;PSOL;PT;REDE;UNIAO,,,,established,,,
2023-04-09,lula_3,lula_3-2023-01-01,lula_3-2023-02-14,primary_adjudicated,MDB;PCdoB;PDT;PSB;PSD;PSOL;PT;REDE;UNIAO,MDB;PCdoB;PDT;PSB;PSD;PSOL;PT;REDE;UNIAO,MDB;PCdoB;PDT;PSB;PSD;PSOL;PT;REDE;UNIAO,,,,established,,,
2023-04-10,lula_3,lula_3-2023-01-01,lula_3-2023-02-14,primary_adjudicated,MDB;PCdoB;PDT;PSB;PSD;PSOL;PT;REDE;UNIAO,MDB;PCdoB;PDT;PSB;PSD;PSOL;PT;REDE;UNIAO,MDB;PCdoB;PDT;PSB;PSD;PSOL;PT;REDE;UNIAO,,,,established,,,
2023-04-11,lula_3,lula_3-2023-01-01,lula_3-2023-02-14,primary_adjudicated,MDB;PCdoB;PDT;PSB;PSD;PSOL;PT;REDE;UNIAO,MDB;PCdoB;PDT;PSB;PSD;PSOL;PT;REDE;UNIAO,MDB;PCdoB;PDT;PSB;PSD;PSOL;PT;REDE;UNIAO,,,,established,,,
2023-04-12,lula_3,lula_3-2023-01-01,lula_3-2023-02-14,primary_adjudicated,MDB;PCdoB;PDT;PSB;PSD;PSOL;PT;REDE;UNIAO,MDB;PCdoB;PDT;PSB;PSD;PSOL;PT;REDE;UNIAO,MDB;PCdoB;PDT;PSB;PSD;PSOL;PT;REDE;UNIAO,,,,established,,,
2023-04-13,lula_3,lula_3-2023-01-01,lula_3-2023-02-14,primary_adjudicated,MDB;PCdoB;PDT;PSB;PSD;PSOL;PT;REDE;UNIAO,MDB;PCdoB;PDT;PSB;PSD;PSOL;PT;REDE;UNIAO,MDB;PCdoB;PDT;PSB;PSD;PSOL;PT;REDE;UNIAO,,,,established,,,
2023-04-14,lula_3,lula_3-2023-01-01,lula_3-2023-02-14,primary_adjudicated,MDB;PCdoB;PDT;PSB;PSD;PSOL;PT;REDE;UNIAO,MDB;PCdoB;PDT;PSB;PSD;PSOL;PT;REDE;UNIAO,MDB;PCdoB;PDT;PSB;PSD;PSOL;PT;REDE;UNIAO,,,,established,,,
2023-04-15,lula_3,lula_3-2023-01-01,lula_3-2023-02-14,primary_adjudicated,MDB;PCdoB;PDT;PSB;PSD;PSOL;PT;REDE;UNIAO,MDB;PCdoB;PDT;PSB;PSD;PSOL;PT;REDE;UNIAO,MDB;PCdoB;PDT;PSB;PSD;PSOL;PT;REDE;UNIAO,,,,established,,,
2023-04-16,lula_3,lula_3-2023-01-01,lula_3-2023-02-14,primary_adjudicated,MDB;PCdoB;PDT;PSB;PSD;PSOL;PT;REDE;UNIAO,MDB;PCdoB;PDT;PSB;PSD;PSOL;PT;REDE;UNIAO,MDB;PCdoB;PDT;PSB;PSD;PSOL;PT;REDE;UNIAO,,,,established,,,
2023-04-17,lula_3,lula_3-2023-01-01,lula_3-2023-02-14,primary_adjudicated,MDB;PCdoB;PDT;PSB;PSD;PSOL;PT;REDE;UNIAO,MDB;PCdoB;PDT;PSB;PSD;PSOL;PT;REDE;UNIAO,MDB;PCdoB;PDT;PSB;PSD;PSOL;PT;REDE;UNIAO,,,,established,,,
2023-04-18,lula_3,lula_3-2023-01-01,lula_3-2023-02-14,primary_adjudicated,MDB;PCdoB;PDT;PSB;PSD;PSOL;PT;REDE;UNIAO,MDB;PCdoB;PDT;PSB;PSD;PSOL;PT;REDE;UNIAO,MDB;PCdoB;PDT;PSB;PSD;PSOL;PT;REDE;UNIAO,,,,established,,,
2023-04-19,lula_3,lula_3-2023-01-01,lula_3-2023-04-19,primary_adjudicated,MDB;PCdoB;PDT;PSB;PSD;PSOL;PT;REDE;UNIAO,MDB;PCdoB;PDT;PSB;PSD;PSOL;PT;REDE;UNIAO,MDB;PCdoB;PDT;PSB;PSD;PSOL;PT;REDE;UNIAO,,,,established,,,
2023-04-20,lula_3,lula_3-2023-01-01,lula_3-2023-04-19,primary_adjudicated,MDB;PCdoB;PDT;PSB;PSD;PSOL;PT;REDE;UNIAO,MDB;PCdoB;PDT;PSB;PSD;PSOL;PT;REDE;UNIAO,MDB;PCdoB;PDT;PSB;PSD;PSOL;PT;REDE;UNIAO,,,,established,,,
2023-04-21,lula_3,lula_3-2023-01-01,lula_3-2023-04-19,primary_adjudicated,MDB;PCdoB;PDT;PSB;PSD;PSOL;PT;REDE;UNIAO,MDB;PCdoB;PDT;PSB;PSD;PSOL;PT;REDE;UNIAO,MDB;PCdoB;PDT;PSB;PSD;PSOL;PT;REDE;UNIAO,,,,established,,,
2023-04-22,lula_3,lula_3-2023-01-01,lula_3-2023-04-19,primary_adjudicated,MDB;PCdoB;PDT;PSB;PSD;PSOL;PT;REDE;UNIAO,MDB;PCdoB;PDT;PSB;PSD;PSOL;PT;REDE;UNIAO,MDB;PCdoB;PDT;PSB;PSD;PSOL;PT;REDE;UNIAO,,,,established,,,
2023-04-23,lula_3,lula_3-2023-01-01,lula_3-2023-04-19,primary_adjudicated,MDB;PCdoB;PDT;PSB;PSD;PSOL;PT;REDE;UNIAO,MDB;PCdoB;PDT;PSB;PSD;PSOL;PT;REDE;UNIAO,MDB;PCdoB;PDT;PSB;PSD;PSOL;PT;REDE;UNIAO,,,,established,,,
2023-04-24,lula_3,lula_3-2023-01-01,lula_3-2023-04-19,primary_adjudicated,MDB;PCdoB;PDT;PSB;PSD;PSOL;PT;REDE;UNIAO,MDB;PCdoB;PDT;PSB;PSD;PSOL;PT;REDE;UNIAO,MDB;PCdoB;PDT;PSB;PSD;PSOL;PT;REDE;UNIAO,,,,established,,,
2023-04-25,lula_3,lula_3-2023-01-01,lula_3-2023-04-19,primary_adjudicated,MDB;PCdoB;PDT;PSB;PSD;PSOL;PT;REDE;UNIAO,MDB;PCdoB;PDT;PSB;PSD;PSOL;PT;REDE;UNIAO,MDB;PCdoB;PDT;PSB;PSD;PSOL;PT;REDE;UNIAO,,,,established,,,
2023-04-26,lula_3,lula_3-2023-01-01,lula_3-2023-04-19,primary_adjudicated,MDB;PCdoB;PDT;PSB;PSD;PSOL;PT;REDE;UNIAO,MDB;PCdoB;PDT;PSB;PSD;PSOL;PT;REDE;UNIAO,MDB;PCdoB;PDT;PSB;PSD;PSOL;PT;REDE;UNIAO,,,,established,,,
2023-04-27,lula_3,lula_3-2023-01-01,lula_3-2023-04-19,primary_adjudicated,MDB;PCdoB;PDT;PSB;PSD;PSOL;PT;REDE;UNIAO,MDB;PCdoB;PDT;PSB;PSD;PSOL;PT;REDE;UNIAO,MDB;PCdoB;PDT;PSB;PSD;PSOL;PT;REDE;UNIAO,,,,established,,,
2023-04-28,lula_3,lula_3-2023-01-01,lula_3-2023-04-19,primary_adjudicated,MDB;PCdoB;PDT;PSB;PSD;PSOL;PT;REDE;UNIAO,MDB;PCdoB;PDT;PSB;PSD;PSOL;PT;REDE;UNIAO,MDB;PCdoB;PDT;PSB;PSD;PSOL;PT;REDE;UNIAO,,,,established,,,
2023-04-29,lula_3,lula_3-2023-01-01,lula_3-2023-04-19,primary_adjudicated,MDB;PCdoB;PDT;PSB;PSD;PSOL;PT;REDE;UNIAO,MDB;PCdoB;PDT;PSB;PSD;PSOL;PT;REDE;UNIAO,MDB;PCdoB;PDT;PSB;PSD;PSOL;PT;REDE;UNIAO,,,,established,,,
2023-04-30,lula_3,lula_3-2023-01-01,lula_3-2023-04-19,primary_adjudicated,MDB;PCdoB;PDT;PSB;PSD;PSOL;PT;REDE;UNIAO,MDB;PCdoB;PDT;PSB;PSD;PSOL;PT;REDE;UNIAO,MDB;PCdoB;PDT;PSB;PSD;PSOL;PT;REDE;UNIAO,,,,established,,,
2023-05-01,lula_3,lula_3-2023-01-01,lula_3-2023-04-19,primary_adjudicated,MDB;PCdoB;PDT;PSB;PSD;PSOL;PT;REDE;UNIAO,MDB;PCdoB;PDT;PSB;PSD;PSOL;PT;REDE;UNIAO,MDB;PCdoB;PDT;PSB;PSD;PSOL;PT;REDE;UNIAO,,,,established,,,
2023-05-02,lula_3,lula_3-2023-01-01,lula_3-2023-04-19,primary_adjudicated,MDB;PCdoB;PDT;PSB;PSD;PSOL;PT;REDE;UNIAO,MDB;PCdoB;PDT;PSB;PSD;PSOL;PT;REDE;UNIAO,MDB;PCdoB;PDT;PSB;PSD;PSOL;PT;REDE;UNIAO,,,,established,,,
2023-05-03,lula_3,lula_3-2023-01-01,lula_3-2023-04-19,primary_adjudicated,MDB;PCdoB;PDT;PSB;PSD;PSOL;PT;REDE;UNIAO,MDB;PCdoB;PDT;PSB;PSD;PSOL;PT;REDE;UNIAO,MDB;PCdoB;PDT;PSB;PSD;PSOL;PT;REDE;UNIAO,,,,established,,,
2023-05-04,lula_3,lula_3-2023-01-01,lula_3-2023-05-04,primary_adjudicated,MDB;PCdoB;PDT;PSB;PSD;PSOL;PT;REDE;UNIAO,MDB;PCdoB;PDT;PSB;PSD;PSOL;PT;REDE;UNIAO,MDB;PCdoB;PDT;PSB;PSD;PSOL;PT;REDE;UNIAO,,,,established,,,
2023-05-05,lula_3,lula_3-2023-01-01,lula_3-2023-05-04,primary_adjudicated,MDB;PCdoB;PDT;PSB;PSD;PSOL;PT;REDE;UNIAO,MDB;PCdoB;PDT;PSB;PSD;PSOL;PT;REDE;UNIAO,MDB;PCdoB;PDT;PSB;PSD;PSOL;PT;REDE;UNIAO,,,,established,,,
2023-05-06,lula_3,lula_3-2023-01-01,lula_3-2023-05-04,primary_adjudicated,MDB;PCdoB;PDT;PSB;PSD;PSOL;PT;REDE;UNIAO,MDB;PCdoB;PDT;PSB;PSD;PSOL;PT;REDE;UNIAO,MDB;PCdoB;PDT;PSB;PSD;PSOL;PT;REDE;UNIAO,,,,established,,,
2023-05-07,lula_3,lula_3-2023-01-01,lula_3-2023-05-04,primary_adjudicated,MDB;PCdoB;PDT;PSB;PSD;PSOL;PT;REDE;UNIAO,MDB;PCdoB;PDT;PSB;PSD;PSOL;PT;REDE;UNIAO,MDB;PCdoB;PDT;PSB;PSD;PSOL;PT;REDE;UNIAO,,,,established,,,
2023-05-08,lula_3,lula_3-2023-01-01,lula_3-2023-05-04,primary_adjudicated,MDB;PCdoB;PDT;PSB;PSD;PSOL;PT;REDE;UNIAO,MDB;PCdoB;PDT;PSB;PSD;PSOL;PT;REDE;UNIAO,MDB;PCdoB;PDT;PSB;PSD;PSOL;PT;REDE;UNIAO,,,,established,,,
2023-05-09,lula_3,lula_3-2023-01-01,lula_3-2023-05-04,primary_adjudicated,MDB;PCdoB;PDT;PSB;PSD;PSOL;PT;REDE;UNIAO,MDB;PCdoB;PDT;PSB;PSD;PSOL;PT;REDE;UNIAO,MDB;PCdoB;PDT;PSB;PSD;PSOL;PT;REDE;UNIAO,,,,established,,,
2023-05-10,lula_3,lula_3-2023-01-01,lula_3-2023-05-04,primary_adjudicated,MDB;PCdoB;PDT;PSB;PSD;PSOL;PT;REDE;UNIAO,MDB;PCdoB;PDT;PSB;PSD;PSOL;PT;REDE;UNIAO,MDB;PCdoB;PDT;PSB;PSD;PSOL;PT;REDE;UNIAO,,,,established,,,
2023-05-11,lula_3,lula_3-2023-01-01,lula_3-2023-05-04,primary_adjudicated,MDB;PCdoB;PDT;PSB;PSD;PSOL;PT;REDE;UNIAO,MDB;PCdoB;PDT;PSB;PSD;PSOL;PT;REDE;UNIAO,MDB;PCdoB;PDT;PSB;PSD;PSOL;PT;REDE;UNIAO,,,,established,,,
2023-05-12,lula_3,lula_3-2023-01-01,lula_3-2023-05-04,primary_adjudicated,MDB;PCdoB;PDT;PSB;PSD;PSOL;PT;REDE;UNIAO,MDB;PCdoB;PDT;PSB;PSD;PSOL;PT;REDE;UNIAO,MDB;PCdoB;PDT;PSB;PSD;PSOL;PT;REDE;UNIAO,,,,established,,,
2023-05-13,lula_3,lula_3-2023-01-01,lula_3-2023-05-04,primary_adjudicated,MDB;PCdoB;PDT;PSB;PSD;PSOL;PT;REDE;UNIAO,MDB;PCdoB;PDT;PSB;PSD;PSOL;PT;REDE;UNIAO,MDB;PCdoB;PDT;PSB;PSD;PSOL;PT;REDE;UNIAO,,,,established,,,
2023-05-14,lula_3,lula_3-2023-01-01,lula_3-2023-05-04,primary_adjudicated,MDB;PCdoB;PDT;PSB;PSD;PSOL;PT;REDE;UNIAO,MDB;PCdoB;PDT;PSB;PSD;PSOL;PT;REDE;UNIAO,MDB;PCdoB;PDT;PSB;PSD;PSOL;PT;REDE;UNIAO,,,,established,,,
2023-05-15,lula_3,lula_3-2023-01-01,lula_3-2023-05-04,primary_adjudicated,MDB;PCdoB;PDT;PSB;PSD;PSOL;PT;REDE;UNIAO,MDB;PCdoB;PDT;PSB;PSD;PSOL;PT;REDE;UNIAO,MDB;PCdoB;PDT;PSB;PSD;PSOL;PT;REDE;UNIAO,,,,established,,,
2023-05-16,lula_3,lula_3-2023-01-01,lula_3-2023-05-04,primary_adjudicated,MDB;PCdoB;PDT;PSB;PSD;PSOL;PT;REDE;UNIAO,MDB;PCdoB;PDT;PSB;PSD;PSOL;PT;REDE;UNIAO,MDB;PCdoB;PDT;PSB;PSD;PSOL;PT;REDE;UNIAO,,,,established,,,
2023-05-17,lula_3,lula_3-2023-01-01,lula_3-2023-05-04,primary_adjudicated,MDB;PCdoB;PDT;PSB;PSD;PSOL;PT;REDE;UNIAO,MDB;PCdoB;PDT;PSB;PSD;PSOL;PT;REDE;UNIAO,MDB;PCdoB;PDT;PSB;PSD;PSOL;PT;REDE;UNIAO,,,,established,,,
2023-05-18,lula_3,lula_3-2023-01-01,lula_3-2023-05-04,primary_adjudicated,MDB;PCdoB;PDT;PSB;PSD;PSOL;PT;REDE;UNIAO,MDB;PCdoB;PDT;PSB;PSD;PSOL;PT;REDE;UNIAO,MDB;PCdoB;PDT;PSB;PSD;PSOL;PT;REDE;UNIAO,,,,established,,,
2023-05-19,lula_3,lula_3-2023-01-01,lula_3-2023-05-04,primary_adjudicated,MDB;PCdoB;PDT;PSB;PSD;PSOL;PT;REDE;UNIAO,MDB;PCdoB;PDT;PSB;PSD;PSOL;PT;REDE;UNIAO,MDB;PCdoB;PDT;PSB;PSD;PSOL;PT;REDE;UNIAO,,,,established,,,
2023-05-20,lula_3,lula_3-2023-01-01,lula_3-2023-05-04,primary_adjudicated,MDB;PCdoB;PDT;PSB;PSD;PSOL;PT;REDE;UNIAO,MDB;PCdoB;PDT;PSB;PSD;PSOL;PT;REDE;UNIAO,MDB;PCdoB;PDT;PSB;PSD;PSOL;PT;REDE;UNIAO,,,,established,,,
2023-05-21,lula_3,lula_3-2023-01-01,lula_3-2023-05-04,primary_adjudicated,MDB;PCdoB;PDT;PSB;PSD;PSOL;PT;REDE;UNIAO,MDB;PCdoB;PDT;PSB;PSD;PSOL;PT;REDE;UNIAO,MDB;PCdoB;PDT;PSB;PSD;PSOL;PT;REDE;UNIAO,,,,established,,,
2023-05-22,lula_3,lula_3-2023-01-01,lula_3-2023-05-04,primary_adjudicated,MDB;PCdoB;PDT;PSB;PSD;PSOL;PT;REDE;UNIAO,MDB;PCdoB;PDT;PSB;PSD;PSOL;PT;REDE;UNIAO,MDB;PCdoB;PDT;PSB;PSD;PSOL;PT;REDE;UNIAO,,,,established,,,
2023-05-23,lula_3,lula_3-2023-01-01,lula_3-2023-05-04,primary_adjudicated,MDB;PCdoB;PDT;PSB;PSD;PSOL;PT;REDE;UNIAO,MDB;PCdoB;PDT;PSB;PSD;PSOL;PT;REDE;UNIAO,MDB;PCdoB;PDT;PSB;PSD;PSOL;PT;REDE;UNIAO,,,,established,,,
2023-05-24,lula_3,lula_3-2023-01-01,lula_3-2023-05-04,primary_adjudicated,MDB;PCdoB;PDT;PSB;PSD;PSOL;PT;REDE;UNIAO,MDB;PCdoB;PDT;PSB;PSD;PSOL;PT;REDE;UNIAO,MDB;PCdoB;PDT;PSB;PSD;PSOL;PT;REDE;UNIAO,,,,established,,,
2023-05-25,lula_3,lula_3-2023-01-01,lula_3-2023-05-04,primary_adjudicated,MDB;PCdoB;PDT;PSB;PSD;PSOL;PT;REDE;UNIAO,MDB;PCdoB;PDT;PSB;PSD;PSOL;PT;REDE;UNIAO,MDB;PCdoB;PDT;PSB;PSD;PSOL;PT;REDE;UNIAO,,,,established,,,
2023-05-26,lula_3,lula_3-2023-01-01,lula_3-2023-05-04,primary_adjudicated,MDB;PCdoB;PDT;PSB;PSD;PSOL;PT;REDE;UNIAO,MDB;PCdoB;PDT;PSB;PSD;PSOL;PT;REDE;UNIAO,MDB;PCdoB;PDT;PSB;PSD;PSOL;PT;REDE;UNIAO,,,,established,,,
2023-05-27,lula_3,lula_3-2023-01-01,lula_3-2023-05-04,primary_adjudicated,MDB;PCdoB;PDT;PSB;PSD;PSOL;PT;REDE;UNIAO,MDB;PCdoB;PDT;PSB;PSD;PSOL;PT;REDE;UNIAO,MDB;PCdoB;PDT;PSB;PSD;PSOL;PT;REDE;UNIAO,,,,established,,,
2023-05-28,lula_3,lula_3-2023-01-01,lula_3-2023-05-04,primary_adjudicated,MDB;PCdoB;PDT;PSB;PSD;PSOL;PT;REDE;UNIAO,MDB;PCdoB;PDT;PSB;PSD;PSOL;PT;REDE;UNIAO,MDB;PCdoB;PDT;PSB;PSD;PSOL;PT;REDE;UNIAO,,,,established,,,
2023-05-29,lula_3,lula_3-2023-01-01,lula_3-2023-05-04,primary_adjudicated,MDB;PCdoB;PDT;PSB;PSD;PSOL;PT;REDE;UNIAO,MDB;PCdoB;PDT;PSB;PSD;PSOL;PT;REDE;UNIAO,MDB;PCdoB;PDT;PSB;PSD;PSOL;PT;REDE;UNIAO,,,,established,,,
2023-05-30,lula_3,lula_3-2023-01-01,lula_3-2023-05-04,primary_adjudicated,MDB;PCdoB;PDT;PSB;PSD;PSOL;PT;REDE;UNIAO,MDB;PCdoB;PDT;PSB;PSD;PSOL;PT;REDE;UNIAO,MDB;PCdoB;PDT;PSB;PSD;PSOL;PT;REDE;UNIAO,,,,established,,,
2023-05-31,lula_3,lula_3-2023-01-01,lula_3-2023-05-04,primary_adjudicated,MDB;PCdoB;PDT;PSB;PSD;PSOL;PT;REDE;UNIAO,MDB;PCdoB;PDT;PSB;PSD;PSOL;PT;REDE;UNIAO,MDB;PCdoB;PDT;PSB;PSD;PSOL;PT;REDE;UNIAO,,,,established,,,
2023-06-01,lula_3,lula_3-2023-01-01,lula_3-2023-05-04,primary_adjudicated,MDB;PCdoB;PDT;PSB;PSD;PSOL;PT;REDE;UNIAO,MDB;PCdoB;PDT;PSB;PSD;PSOL;PT;REDE;UNIAO,MDB;PCdoB;PDT;PSB;PSD;PSOL;PT;REDE;UNIAO,,,,established,,,
2023-06-02,lula_3,lula_3-2023-01-01,lula_3-2023-05-04,primary_adjudicated,MDB;PCdoB;PDT;PSB;PSD;PSOL;PT;REDE;UNIAO,MDB;PCdoB;PDT;PSB;PSD;PSOL;PT;REDE;UNIAO,MDB;PCdoB;PDT;PSB;PSD;PSOL;PT;REDE;UNIAO,,,,established,,,
2023-06-03,lula_3,lula_3-2023-01-01,lula_3-2023-05-04,primary_adjudicated,MDB;PCdoB;PDT;PSB;PSD;PSOL;PT;REDE;UNIAO,MDB;PCdoB;PDT;PSB;PSD;PSOL;PT;REDE;UNIAO,MDB;PCdoB;PDT;PSB;PSD;PSOL;PT;REDE;UNIAO,,,,established,,,
2023-06-04,lula_3,lula_3-2023-01-01,lula_3-2023-05-04,primary_adjudicated,MDB;PCdoB;PDT;PSB;PSD;PSOL;PT;REDE;UNIAO,MDB;PCdoB;PDT;PSB;PSD;PSOL;PT;REDE;UNIAO,MDB;PCdoB;PDT;PSB;PSD;PSOL;PT;REDE;UNIAO,,,,established,,,
2023-06-05,lula_3,lula_3-2023-01-01,lula_3-2023-05-04,primary_adjudicated,MDB;PCdoB;PDT;PSB;PSD;PSOL;PT;REDE;UNIAO,MDB;PCdoB;PDT;PSB;PSD;PSOL;PT;REDE;UNIAO,MDB;PCdoB;PDT;PSB;PSD;PSOL;PT;REDE;UNIAO,,,,established,,,
2023-06-06,lula_3,lula_3-2023-01-01,lula_3-2023-05-04,primary_adjudicated,MDB;PCdoB;PDT;PSB;PSD;PSOL;PT;REDE;UNIAO,MDB;PCdoB;PDT;PSB;PSD;PSOL;PT;REDE;UNIAO,MDB;PCdoB;PDT;PSB;PSD;PSOL;PT;REDE;UNIAO,,,,established,,,
2023-06-07,lula_3,lula_3-2023-01-01,lula_3-2023-05-04,primary_adjudicated,MDB;PCdoB;PDT;PSB;PSD;PSOL;PT;REDE;UNIAO,MDB;PCdoB;PDT;PSB;PSD;PSOL;PT;REDE;UNIAO,MDB;PCdoB;PDT;PSB;PSD;PSOL;PT;REDE;UNIAO,,,,established,,,
2023-06-08,lula_3,lula_3-2023-01-01,lula_3-2023-05-04,primary_adjudicated,MDB;PCdoB;PDT;PSB;PSD;PSOL;PT;REDE;UNIAO,MDB;PCdoB;PDT;PSB;PSD;PSOL;PT;REDE;UNIAO,MDB;PCdoB;PDT;PSB;PSD;PSOL;PT;REDE;UNIAO,,,,established,,,
2023-06-09,lula_3,lula_3-2023-01-01,lula_3-2023-05-04,primary_adjudicated,MDB;PCdoB;PDT;PSB;PSD;PSOL;PT;REDE;UNIAO,MDB;PCdoB;PDT;PSB;PSD;PSOL;PT;REDE;UNIAO,MDB;PCdoB;PDT;PSB;PSD;PSOL;PT;REDE;UNIAO,,,,established,,,
2023-06-10,lula_3,lula_3-2023-01-01,lula_3-2023-05-04,primary_adjudicated,MDB;PCdoB;PDT;PSB;PSD;PSOL;PT;REDE;UNIAO,MDB;PCdoB;PDT;PSB;PSD;PSOL;PT;REDE;UNIAO,MDB;PCdoB;PDT;PSB;PSD;PSOL;PT;REDE;UNIAO,,,,established,,,
2023-06-11,lula_3,lula_3-2023-01-01,lula_3-2023-05-04,primary_adjudicated,MDB;PCdoB;PDT;PSB;PSD;PSOL;PT;REDE;UNIAO,MDB;PCdoB;PDT;PSB;PSD;PSOL;PT;REDE;UNIAO,MDB;PCdoB;PDT;PSB;PSD;PSOL;PT;REDE;UNIAO,,,,established,,,
2023-06-12,lula_3,lula_3-2023-01-01,lula_3-2023-05-04,primary_adjudicated,MDB;PCdoB;PDT;PSB;PSD;PSOL;PT;REDE;UNIAO,MDB;PCdoB;PDT;PSB;PSD;PSOL;PT;REDE;UNIAO,MDB;PCdoB;PDT;PSB;PSD;PSOL;PT;REDE;UNIAO,,,,established,,,
2023-06-13,lula_3,lula_3-2023-01-01,lula_3-2023-05-04,primary_adjudicated,MDB;PCdoB;PDT;PSB;PSD;PSOL;PT;REDE;UNIAO,MDB;PCdoB;PDT;PSB;PSD;PSOL;PT;REDE;UNIAO,MDB;PCdoB;PDT;PSB;PSD;PSOL;PT;REDE;UNIAO,,,,established,,,
2023-06-14,lula_3,lula_3-2023-01-01,lula_3-2023-05-04,primary_adjudicated,MDB;PCdoB;PDT;PSB;PSD;PSOL;PT;REDE;UNIAO,MDB;PCdoB;PDT;PSB;PSD;PSOL;PT;REDE;UNIAO,MDB;PCdoB;PDT;PSB;PSD;PSOL;PT;REDE;UNIAO,,,,established,,,
2023-06-15,lula_3,lula_3-2023-01-01,lula_3-2023-06-15,primary_adjudicated,MDB;PCdoB;PDT;PSB;PSD;PSOL;PT;REDE;UNIAO,MDB;PCdoB;PDT;PSB;PSD;PSOL;PT;REDE;UNIAO,MDB;PCdoB;PDT;PSB;PSD;PSOL;PT;REDE;UNIAO,,,,established,,,
2023-06-16,lula_3,lula_3-2023-01-01,lula_3-2023-06-15,primary_adjudicated,MDB;PCdoB;PDT;PSB;PSD;PSOL;PT;REDE;UNIAO,MDB;PCdoB;PDT;PSB;PSD;PSOL;PT;REDE;UNIAO,MDB;PCdoB;PDT;PSB;PSD;PSOL;PT;REDE;UNIAO,,,,established,,,
2023-06-17,lula_3,lula_3-2023-01-01,lula_3-2023-06-15,primary_adjudicated,MDB;PCdoB;PDT;PSB;PSD;PSOL;PT;REDE;UNIAO,MDB;PCdoB;PDT;PSB;PSD;PSOL;PT;REDE;UNIAO,MDB;PCdoB;PDT;PSB;PSD;PSOL;PT;REDE;UNIAO,,,,established,,,
2023-06-18,lula_3,lula_3-2023-01-01,lula_3-2023-06-15,primary_adjudicated,MDB;PCdoB;PDT;PSB;PSD;PSOL;PT;REDE;UNIAO,MDB;PCdoB;PDT;PSB;PSD;PSOL;PT;REDE;UNIAO,MDB;PCdoB;PDT;PSB;PSD;PSOL;PT;REDE;UNIAO,,,,established,,,
2023-06-19,lula_3,lula_3-2023-01-01,lula_3-2023-06-15,primary_adjudicated,MDB;PCdoB;PDT;PSB;PSD;PSOL;PT;REDE;UNIAO,MDB;PCdoB;PDT;PSB;PSD;PSOL;PT;REDE;UNIAO,MDB;PCdoB;PDT;PSB;PSD;PSOL;PT;REDE;UNIAO,,,,established,,,
2023-06-20,lula_3,lula_3-2023-01-01,lula_3-2023-06-15,primary_adjudicated,MDB;PCdoB;PDT;PSB;PSD;PSOL;PT;REDE;UNIAO,MDB;PCdoB;PDT;PSB;PSD;PSOL;PT;REDE;UNIAO,MDB;PCdoB;PDT;PSB;PSD;PSOL;PT;REDE;UNIAO,,,,established,,,
2023-06-21,lula_3,lula_3-2023-01-01,lula_3-2023-06-15,primary_adjudicated,MDB;PCdoB;PDT;PSB;PSD;PSOL;PT;REDE;UNIAO,MDB;PCdoB;PDT;PSB;PSD;PSOL;PT;REDE;UNIAO,MDB;PCdoB;PDT;PSB;PSD;PSOL;PT;REDE;UNIAO,,,,established,,,
2023-06-22,lula_3,lula_3-2023-01-01,lula_3-2023-06-15,primary_adjudicated,MDB;PCdoB;PDT;PSB;PSD;PSOL;PT;REDE;UNIAO,MDB;PCdoB;PDT;PSB;PSD;PSOL;PT;REDE;UNIAO,MDB;PCdoB;PDT;PSB;PSD;PSOL;PT;REDE;UNIAO,,,,established,,,
2023-06-23,lula_3,lula_3-2023-01-01,lula_3-2023-06-15,primary_adjudicated,MDB;PCdoB;PDT;PSB;PSD;PSOL;PT;REDE;UNIAO,MDB;PCdoB;PDT;PSB;PSD;PSOL;PT;REDE;UNIAO,MDB;PCdoB;PDT;PSB;PSD;PSOL;PT;REDE;UNIAO,,,,established,,,
2023-06-24,lula_3,lula_3-2023-01-01,lula_3-2023-06-15,primary_adjudicated,MDB;PCdoB;PDT;PSB;PSD;PSOL;PT;REDE;UNIAO,MDB;PCdoB;PDT;PSB;PSD;PSOL;PT;REDE;UNIAO,MDB;PCdoB;PDT;PSB;PSD;PSOL;PT;REDE;UNIAO,,,,established,,,
2023-06-25,lula_3,lula_3-2023-01-01,lula_3-2023-06-15,primary_adjudicated,MDB;PCdoB;PDT;PSB;PSD;PSOL;PT;REDE;UNIAO,MDB;PCdoB;PDT;PSB;PSD;PSOL;PT;REDE;UNIAO,MDB;PCdoB;PDT;PSB;PSD;PSOL;PT;REDE;UNIAO,,,,established,,,
2023-06-26,lula_3,lula_3-2023-01-01,lula_3-2023-06-15,primary_adjudicated,MDB;PCdoB;PDT;PSB;PSD;PSOL;PT;REDE;UNIAO,MDB;PCdoB;PDT;PSB;PSD;PSOL;PT;REDE;UNIAO,MDB;PCdoB;PDT;PSB;PSD;PSOL;PT;REDE;UNIAO,,,,established,,,
2023-06-27,lula_3,lula_3-2023-01-01,lula_3-2023-06-15,primary_adjudicated,MDB;PCdoB;PDT;PSB;PSD;PSOL;PT;REDE;UNIAO,MDB;PCdoB;PDT;PSB;PSD;PSOL;PT;REDE;UNIAO,MDB;PCdoB;PDT;PSB;PSD;PSOL;PT;REDE;UNIAO,,,,established,,,
2023-06-28,lula_3,lula_3-2023-01-01,lula_3-2023-06-15,primary_adjudicated,MDB;PCdoB;PDT;PSB;PSD;PSOL;PT;REDE;UNIAO,MDB;PCdoB;PDT;PSB;PSD;PSOL;PT;REDE;UNIAO,MDB;PCdoB;PDT;PSB;PSD;PSOL;PT;REDE;UNIAO,,,,established,,,
2023-06-29,lula_3,lula_3-2023-01-01,lula_3-2023-06-15,primary_adjudicated,MDB;PCdoB;PDT;PSB;PSD;PSOL;PT;REDE;UNIAO,MDB;PCdoB;PDT;PSB;PSD;PSOL;PT;REDE;UNIAO,MDB;PCdoB;PDT;PSB;PSD;PSOL;PT;REDE;UNIAO,,,,established,,,
2023-06-30,lula_3,lula_3-2023-01-01,lula_3-2023-06-15,primary_adjudicated,MDB;PCdoB;PDT;PSB;PSD;PSOL;PT;REDE;UNIAO,MDB;PCdoB;PDT;PSB;PSD;PSOL;PT;REDE;UNIAO,MDB;PCdoB;PDT;PSB;PSD;PSOL;PT;REDE;UNIAO,,,,established,,,
2023-07-01,lula_3,lula_3-2023-01-01,lula_3-2023-06-15,primary_adjudicated,MDB;PCdoB;PDT;PSB;PSD;PSOL;PT;REDE;UNIAO,MDB;PCdoB;PDT;PSB;PSD;PSOL;PT;REDE;UNIAO,MDB;PCdoB;PDT;PSB;PSD;PSOL;PT;REDE;UNIAO,,,,established,,,
2023-07-02,lula_3,lula_3-2023-01-01,lula_3-2023-06-15,primary_adjudicated,MDB;PCdoB;PDT;PSB;PSD;PSOL;PT;REDE;UNIAO,MDB;PCdoB;PDT;PSB;PSD;PSOL;PT;REDE;UNIAO,MDB;PCdoB;PDT;PSB;PSD;PSOL;PT;REDE;UNIAO,,,,established,,,
2023-07-03,lula_3,lula_3-2023-01-01,lula_3-2023-06-15,primary_adjudicated,MDB;PCdoB;PDT;PSB;PSD;PSOL;PT;REDE;UNIAO,MDB;PCdoB;PDT;PSB;PSD;PSOL;PT;REDE;UNIAO,MDB;PCdoB;PDT;PSB;PSD;PSOL;PT;REDE;UNIAO,,,,established,,,
2023-07-04,lula_3,lula_3-2023-01-01,lula_3-2023-06-15,primary_adjudicated,MDB;PCdoB;PDT;PSB;PSD;PSOL;PT;REDE;UNIAO,MDB;PCdoB;PDT;PSB;PSD;PSOL;PT;REDE;UNIAO,MDB;PCdoB;PDT;PSB;PSD;PSOL;PT;REDE;UNIAO,,,,established,,,
2023-07-05,lula_3,lula_3-2023-01-01,lula_3-2023-06-15,primary_adjudicated,MDB;PCdoB;PDT;PSB;PSD;PSOL;PT;REDE;UNIAO,MDB;PCdoB;PDT;PSB;PSD;PSOL;PT;REDE;UNIAO,MDB;PCdoB;PDT;PSB;PSD;PSOL;PT;REDE;UNIAO,,,,established,,,
2023-07-06,lula_3,lula_3-2023-01-01,lula_3-2023-06-15,primary_adjudicated,MDB;PCdoB;PDT;PSB;PSD;PSOL;PT;REDE;UNIAO,MDB;PCdoB;PDT;PSB;PSD;PSOL;PT;REDE;UNIAO,MDB;PCdoB;PDT;PSB;PSD;PSOL;PT;REDE;UNIAO,,,,established,,,
2023-07-07,lula_3,lula_3-2023-01-01,lula_3-2023-06-15,primary_adjudicated,MDB;PCdoB;PDT;PSB;PSD;PSOL;PT;REDE;UNIAO,MDB;PCdoB;PDT;PSB;PSD;PSOL;PT;REDE;UNIAO,MDB;PCdoB;PDT;PSB;PSD;PSOL;PT;REDE;UNIAO,,,,established,,,
2023-07-08,lula_3,lula_3-2023-01-01,lula_3-2023-06-15,primary_adjudicated,MDB;PCdoB;PDT;PSB;PSD;PSOL;PT;REDE;UNIAO,MDB;PCdoB;PDT;PSB;PSD;PSOL;PT;REDE;UNIAO,MDB;PCdoB;PDT;PSB;PSD;PSOL;PT;REDE;UNIAO,,,,established,,,
2023-07-09,lula_3,lula_3-2023-01-01,lula_3-2023-06-15,primary_adjudicated,MDB;PCdoB;PDT;PSB;PSD;PSOL;PT;REDE;UNIAO,MDB;PCdoB;PDT;PSB;PSD;PSOL;PT;REDE;UNIAO,MDB;PCdoB;PDT;PSB;PSD;PSOL;PT;REDE;UNIAO,,,,established,,,
2023-07-10,lula_3,lula_3-2023-01-01,lula_3-2023-06-15,primary_adjudicated,MDB;PCdoB;PDT;PSB;PSD;PSOL;PT;REDE;UNIAO,MDB;PCdoB;PDT;PSB;PSD;PSOL;PT;REDE;UNIAO,MDB;PCdoB;PDT;PSB;PSD;PSOL;PT;REDE;UNIAO,,,,established,,,
2023-07-11,lula_3,lula_3-2023-01-01,lula_3-2023-06-15,primary_adjudicated,MDB;PCdoB;PDT;PSB;PSD;PSOL;PT;REDE;UNIAO,MDB;PCdoB;PDT;PSB;PSD;PSOL;PT;REDE;UNIAO,MDB;PCdoB;PDT;PSB;PSD;PSOL;PT;REDE;UNIAO,,,,established,,,
2023-07-12,lula_3,lula_3-2023-01-01,lula_3-2023-06-15,primary_adjudicated,MDB;PCdoB;PDT;PSB;PSD;PSOL;PT;REDE;UNIAO,MDB;PCdoB;PDT;PSB;PSD;PSOL;PT;REDE;UNIAO,MDB;PCdoB;PDT;PSB;PSD;PSOL;PT;REDE;UNIAO,,,,established,,,
2023-07-13,lula_3,lula_3-2023-01-01,lula_3-2023-06-15,primary_adjudicated,MDB;PCdoB;PDT;PSB;PSD;PSOL;PT;REDE;UNIAO,MDB;PCdoB;PDT;PSB;PSD;PSOL;PT;REDE;UNIAO,MDB;PCdoB;PDT;PSB;PSD;PSOL;PT;REDE;UNIAO,,,,established,,,
2023-07-14,lula_3,lula_3-2023-01-01,lula_3-2023-07-14,primary_adjudicated,MDB;PCdoB;PDT;PSB;PSD;PSOL;PT;REDE;UNIAO,MDB;PCdoB;PDT;PSB;PSD;PSOL;PT;REDE;UNIAO,MDB;PCdoB;PDT;PSB;PSD;PSOL;PT;REDE;UNIAO,,,,established,,,
2023-07-15,lula_3,lula_3-2023-01-01,lula_3-2023-07-14,primary_adjudicated,MDB;PCdoB;PDT;PSB;PSD;PSOL;PT;REDE;UNIAO,MDB;PCdoB;PDT;PSB;PSD;PSOL;PT;REDE;UNIAO,MDB;PCdoB;PDT;PSB;PSD;PSOL;PT;REDE;UNIAO,,,,established,,,
2023-07-16,lula_3,lula_3-2023-01-01,lula_3-2023-07-14,primary_adjudicated,MDB;PCdoB;PDT;PSB;PSD;PSOL;PT;REDE;UNIAO,MDB;PCdoB;PDT;PSB;PSD;PSOL;PT;REDE;UNIAO,MDB;PCdoB;PDT;PSB;PSD;PSOL;PT;REDE;UNIAO,,,,established,,,
2023-07-17,lula_3,lula_3-2023-01-01,lula_3-2023-07-14,primary_adjudicated,MDB;PCdoB;PDT;PSB;PSD;PSOL;PT;REDE;UNIAO,MDB;PCdoB;PDT;PSB;PSD;PSOL;PT;REDE;UNIAO,MDB;PCdoB;PDT;PSB;PSD;PSOL;PT;REDE;UNIAO,,,,established,,,
2023-07-18,lula_3,lula_3-2023-01-01,lula_3-2023-07-18,primary_adjudicated,MDB;PCdoB;PDT;PSB;PSD;PSOL;PT;REDE;UNIAO,MDB;PCdoB;PDT;PSB;PSD;PSOL;PT;REDE;UNIAO,MDB;PCdoB;PDT;PSB;PSD;PSOL;PT;REDE;UNIAO,,,,established,,,
2023-07-19,lula_3,lula_3-2023-01-01,lula_3-2023-07-18,primary_adjudicated,MDB;PCdoB;PDT;PSB;PSD;PSOL;PT;REDE;UNIAO,MDB;PCdoB;PDT;PSB;PSD;PSOL;PT;REDE;UNIAO,MDB;PCdoB;PDT;PSB;PSD;PSOL;PT;REDE;UNIAO,,,,established,,,
2023-07-20,lula_3,lula_3-2023-01-01,lula_3-2023-07-18,primary_adjudicated,MDB;PCdoB;PDT;PSB;PSD;PSOL;PT;REDE;UNIAO,MDB;PCdoB;PDT;PSB;PSD;PSOL;PT;REDE;UNIAO,MDB;PCdoB;PDT;PSB;PSD;PSOL;PT;REDE;UNIAO,,,,established,,,
2023-07-21,lula_3,lula_3-2023-01-01,lula_3-2023-07-18,primary_adjudicated,MDB;PCdoB;PDT;PSB;PSD;PSOL;PT;REDE;UNIAO,MDB;PCdoB;PDT;PSB;PSD;PSOL;PT;REDE;UNIAO,MDB;PCdoB;PDT;PSB;PSD;PSOL;PT;REDE;UNIAO,,,,established,,,
2023-07-22,lula_3,lula_3-2023-01-01,lula_3-2023-07-18,primary_adjudicated,MDB;PCdoB;PDT;PSB;PSD;PSOL;PT;REDE;UNIAO,MDB;PCdoB;PDT;PSB;PSD;PSOL;PT;REDE;UNIAO,MDB;PCdoB;PDT;PSB;PSD;PSOL;PT;REDE;UNIAO,,,,established,,,
2023-07-23,lula_3,lula_3-2023-01-01,lula_3-2023-07-18,primary_adjudicated,MDB;PCdoB;PDT;PSB;PSD;PSOL;PT;REDE;UNIAO,MDB;PCdoB;PDT;PSB;PSD;PSOL;PT;REDE;UNIAO,MDB;PCdoB;PDT;PSB;PSD;PSOL;PT;REDE;UNIAO,,,,established,,,
2023-07-24,lula_3,lula_3-2023-01-01,lula_3-2023-07-18,primary_adjudicated,MDB;PCdoB;PDT;PSB;PSD;PSOL;PT;REDE;UNIAO,MDB;PCdoB;PDT;PSB;PSD;PSOL;PT;REDE;UNIAO,MDB;PCdoB;PDT;PSB;PSD;PSOL;PT;REDE;UNIAO,,,,established,,,
2023-07-25,lula_3,lula_3-2023-01-01,lula_3-2023-07-18,primary_adjudicated,MDB;PCdoB;PDT;PSB;PSD;PSOL;PT;REDE;UNIAO,MDB;PCdoB;PDT;PSB;PSD;PSOL;PT;REDE;UNIAO,MDB;PCdoB;PDT;PSB;PSD;PSOL;PT;REDE;UNIAO,,,,established,,,
2023-07-26,lula_3,lula_3-2023-01-01,lula_3-2023-07-18,primary_adjudicated,MDB;PCdoB;PDT;PSB;PSD;PSOL;PT;REDE;UNIAO,MDB;PCdoB;PDT;PSB;PSD;PSOL;PT;REDE;UNIAO,MDB;PCdoB;PDT;PSB;PSD;PSOL;PT;REDE;UNIAO,,,,established,,,
2023-07-27,lula_3,lula_3-2023-01-01,lula_3-2023-07-18,primary_adjudicated,MDB;PCdoB;PDT;PSB;PSD;PSOL;PT;REDE;UNIAO,MDB;PCdoB;PDT;PSB;PSD;PSOL;PT;REDE;UNIAO,MDB;PCdoB;PDT;PSB;PSD;PSOL;PT;REDE;UNIAO,,,,established,,,
2023-07-28,lula_3,lula_3-2023-01-01,lula_3-2023-07-18,primary_adjudicated,MDB;PCdoB;PDT;PSB;PSD;PSOL;PT;REDE;UNIAO,MDB;PCdoB;PDT;PSB;PSD;PSOL;PT;REDE;UNIAO,MDB;PCdoB;PDT;PSB;PSD;PSOL;PT;REDE;UNIAO,,,,established,,,
2023-07-29,lula_3,lula_3-2023-01-01,lula_3-2023-07-18,primary_adjudicated,MDB;PCdoB;PDT;PSB;PSD;PSOL;PT;REDE;UNIAO,MDB;PCdoB;PDT;PSB;PSD;PSOL;PT;REDE;UNIAO,MDB;PCdoB;PDT;PSB;PSD;PSOL;PT;REDE;UNIAO,,,,established,,,
2023-07-30,lula_3,lula_3-2023-01-01,lula_3-2023-07-18,primary_adjudicated,MDB;PCdoB;PDT;PSB;PSD;PSOL;PT;REDE;UNIAO,MDB;PCdoB;PDT;PSB;PSD;PSOL;PT;REDE;UNIAO,MDB;PCdoB;PDT;PSB;PSD;PSOL;PT;REDE;UNIAO,,,,established,,,
2023-07-31,lula_3,lula_3-2023-01-01,lula_3-2023-07-18,primary_adjudicated,MDB;PCdoB;PDT;PSB;PSD;PSOL;PT;REDE;UNIAO,MDB;PCdoB;PDT;PSB;PSD;PSOL;PT;REDE;UNIAO,MDB;PCdoB;PDT;PSB;PSD;PSOL;PT;REDE;UNIAO,,,,established,,,
2023-08-01,lula_3,lula_3-2023-01-01,lula_3-2023-07-18,primary_adjudicated,MDB;PCdoB;PDT;PSB;PSD;PSOL;PT;REDE;UNIAO,MDB;PCdoB;PDT;PSB;PSD;PSOL;PT;REDE;UNIAO,MDB;PCdoB;PDT;PSB;PSD;PSOL;PT;REDE;UNIAO,,,,established,,,
2023-08-02,lula_3,lula_3-2023-01-01,lula_3-2023-07-18,primary_adjudicated,MDB;PCdoB;PDT;PSB;PSD;PSOL;PT;REDE;UNIAO,MDB;PCdoB;PDT;PSB;PSD;PSOL;PT;REDE;UNIAO,MDB;PCdoB;PDT;PSB;PSD;PSOL;PT;REDE;UNIAO,,,,established,,,
2023-08-03,lula_3,lula_3-2023-01-01,lula_3-2023-08-03,primary_adjudicated,MDB;PCdoB;PDT;PSB;PSD;PSOL;PT;REDE;UNIAO,MDB;PCdoB;PDT;PSB;PSD;PSOL;PT;REDE;UNIAO,MDB;PCdoB;PDT;PSB;PSD;PSOL;PT;REDE;UNIAO,,,,established,,,
2023-08-04,lula_3,lula_3-2023-01-01,lula_3-2023-08-03,primary_adjudicated,MDB;PCdoB;PDT;PSB;PSD;PSOL;PT;REDE;UNIAO,MDB;PCdoB;PDT;PSB;PSD;PSOL;PT;REDE;UNIAO,MDB;PCdoB;PDT;PSB;PSD;PSOL;PT;REDE;UNIAO,,,,established,,,
2023-08-05,lula_3,lula_3-2023-01-01,lula_3-2023-08-03,primary_adjudicated,MDB;PCdoB;PDT;PSB;PSD;PSOL;PT;REDE;UNIAO,MDB;PCdoB;PDT;PSB;PSD;PSOL;PT;REDE;UNIAO,MDB;PCdoB;PDT;PSB;PSD;PSOL;PT;REDE;UNIAO,,,,established,,,
2023-08-06,lula_3,lula_3-2023-01-01,lula_3-2023-08-03,primary_adjudicated,MDB;PCdoB;PDT;PSB;PSD;PSOL;PT;REDE;UNIAO,MDB;PCdoB;PDT;PSB;PSD;PSOL;PT;REDE;UNIAO,MDB;PCdoB;PDT;PSB;PSD;PSOL;PT;REDE;UNIAO,,,,established,,,
2023-08-07,lula_3,lula_3-2023-01-01,lula_3-2023-08-03,primary_adjudicated,MDB;PCdoB;PDT;PSB;PSD;PSOL;PT;REDE;UNIAO,MDB;PCdoB;PDT;PSB;PSD;PSOL;PT;REDE;UNIAO,MDB;PCdoB;PDT;PSB;PSD;PSOL;PT;REDE;UNIAO,,,,established,,,
2023-08-08,lula_3,lula_3-2023-01-01,lula_3-2023-08-03,primary_adjudicated,MDB;PCdoB;PDT;PSB;PSD;PSOL;PT;REDE;UNIAO,MDB;PCdoB;PDT;PSB;PSD;PSOL;PT;REDE;UNIAO,MDB;PCdoB;PDT;PSB;PSD;PSOL;PT;REDE;UNIAO,,,,established,,,
2023-08-09,lula_3,lula_3-2023-01-01,lula_3-2023-08-03,primary_adjudicated,MDB;PCdoB;PDT;PSB;PSD;PSOL;PT;REDE;UNIAO,MDB;PCdoB;PDT;PSB;PSD;PSOL;PT;REDE;UNIAO,MDB;PCdoB;PDT;PSB;PSD;PSOL;PT;REDE;UNIAO,,,,established,,,
2023-08-10,lula_3,lula_3-2023-01-01,lula_3-2023-08-03,primary_adjudicated,MDB;PCdoB;PDT;PSB;PSD;PSOL;PT;REDE;UNIAO,MDB;PCdoB;PDT;PSB;PSD;PSOL;PT;REDE;UNIAO,MDB;PCdoB;PDT;PSB;PSD;PSOL;PT;REDE;UNIAO,,,,established,,,
2023-08-11,lula_3,lula_3-2023-01-01,lula_3-2023-08-03,primary_adjudicated,MDB;PCdoB;PDT;PSB;PSD;PSOL;PT;REDE;UNIAO,MDB;PCdoB;PDT;PSB;PSD;PSOL;PT;REDE;UNIAO,MDB;PCdoB;PDT;PSB;PSD;PSOL;PT;REDE;UNIAO,,,,established,,,
2023-08-12,lula_3,lula_3-2023-01-01,lula_3-2023-08-03,primary_adjudicated,MDB;PCdoB;PDT;PSB;PSD;PSOL;PT;REDE;UNIAO,MDB;PCdoB;PDT;PSB;PSD;PSOL;PT;REDE;UNIAO,MDB;PCdoB;PDT;PSB;PSD;PSOL;PT;REDE;UNIAO,,,,established,,,
2023-08-13,lula_3,lula_3-2023-01-01,lula_3-2023-08-03,primary_adjudicated,MDB;PCdoB;PDT;PSB;PSD;PSOL;PT;REDE;UNIAO,MDB;PCdoB;PDT;PSB;PSD;PSOL;PT;REDE;UNIAO,MDB;PCdoB;PDT;PSB;PSD;PSOL;PT;REDE;UNIAO,,,,established,,,
2023-08-14,lula_3,lula_3-2023-01-01,lula_3-2023-08-03,primary_adjudicated,MDB;PCdoB;PDT;PSB;PSD;PSOL;PT;REDE;UNIAO,MDB;PCdoB;PDT;PSB;PSD;PSOL;PT;REDE;UNIAO,MDB;PCdoB;PDT;PSB;PSD;PSOL;PT;REDE;UNIAO,,,,established,,,
2023-08-15,lula_3,lula_3-2023-01-01,lula_3-2023-08-03,primary_adjudicated,MDB;PCdoB;PDT;PSB;PSD;PSOL;PT;REDE;UNIAO,MDB;PCdoB;PDT;PSB;PSD;PSOL;PT;REDE;UNIAO,MDB;PCdoB;PDT;PSB;PSD;PSOL;PT;REDE;UNIAO,,,,established,,,
2023-08-16,lula_3,lula_3-2023-01-01,lula_3-2023-08-03,primary_adjudicated,MDB;PCdoB;PDT;PSB;PSD;PSOL;PT;REDE;UNIAO,MDB;PCdoB;PDT;PSB;PSD;PSOL;PT;REDE;UNIAO,MDB;PCdoB;PDT;PSB;PSD;PSOL;PT;REDE;UNIAO,,,,established,,,
2023-08-17,lula_3,lula_3-2023-01-01,lula_3-2023-08-03,primary_adjudicated,MDB;PCdoB;PDT;PSB;PSD;PSOL;PT;REDE;UNIAO,MDB;PCdoB;PDT;PSB;PSD;PSOL;PT;REDE;UNIAO,MDB;PCdoB;PDT;PSB;PSD;PSOL;PT;REDE;UNIAO,,,,established,,,
2023-08-18,lula_3,lula_3-2023-01-01,lula_3-2023-08-03,primary_adjudicated,MDB;PCdoB;PDT;PSB;PSD;PSOL;PT;REDE;UNIAO,MDB;PCdoB;PDT;PSB;PSD;PSOL;PT;REDE;UNIAO,MDB;PCdoB;PDT;PSB;PSD;PSOL;PT;REDE;UNIAO,,,,established,,,
2023-08-19,lula_3,lula_3-2023-01-01,lula_3-2023-08-03,primary_adjudicated,MDB;PCdoB;PDT;PSB;PSD;PSOL;PT;REDE;UNIAO,MDB;PCdoB;PDT;PSB;PSD;PSOL;PT;REDE;UNIAO,MDB;PCdoB;PDT;PSB;PSD;PSOL;PT;REDE;UNIAO,,,,established,,,
2023-08-20,lula_3,lula_3-2023-01-01,lula_3-2023-08-03,primary_adjudicated,MDB;PCdoB;PDT;PSB;PSD;PSOL;PT;REDE;UNIAO,MDB;PCdoB;PDT;PSB;PSD;PSOL;PT;REDE;UNIAO,MDB;PCdoB;PDT;PSB;PSD;PSOL;PT;REDE;UNIAO,,,,established,,,
2023-08-21,lula_3,lula_3-2023-01-01,lula_3-2023-08-03,primary_adjudicated,MDB;PCdoB;PDT;PSB;PSD;PSOL;PT;REDE;UNIAO,MDB;PCdoB;PDT;PSB;PSD;PSOL;PT;REDE;UNIAO,MDB;PCdoB;PDT;PSB;PSD;PSOL;PT;REDE;UNIAO,,,,established,,,
2023-08-22,lula_3,lula_3-2023-01-01,lula_3-2023-08-03,primary_adjudicated,MDB;PCdoB;PDT;PSB;PSD;PSOL;PT;REDE;UNIAO,MDB;PCdoB;PDT;PSB;PSD;PSOL;PT;REDE;UNIAO,MDB;PCdoB;PDT;PSB;PSD;PSOL;PT;REDE;UNIAO,,,,established,,,
2023-08-23,lula_3,lula_3-2023-01-01,lula_3-2023-08-03,primary_adjudicated,MDB;PCdoB;PDT;PSB;PSD;PSOL;PT;REDE;UNIAO,MDB;PCdoB;PDT;PSB;PSD;PSOL;PT;REDE;UNIAO,MDB;PCdoB;PDT;PSB;PSD;PSOL;PT;REDE;UNIAO,,,,established,,,
2023-08-24,lula_3,lula_3-2023-01-01,lula_3-2023-08-03,primary_adjudicated,MDB;PCdoB;PDT;PSB;PSD;PSOL;PT;REDE;UNIAO,MDB;PCdoB;PDT;PSB;PSD;PSOL;PT;REDE;UNIAO,MDB;PCdoB;PDT;PSB;PSD;PSOL;PT;REDE;UNIAO,,,,established,,,
2023-08-25,lula_3,lula_3-2023-01-01,lula_3-2023-08-03,primary_adjudicated,MDB;PCdoB;PDT;PSB;PSD;PSOL;PT;REDE;UNIAO,MDB;PCdoB;PDT;PSB;PSD;PSOL;PT;REDE;UNIAO,MDB;PCdoB;PDT;PSB;PSD;PSOL;PT;REDE;UNIAO,,,,established,,,
2023-08-26,lula_3,lula_3-2023-01-01,lula_3-2023-08-03,primary_adjudicated,MDB;PCdoB;PDT;PSB;PSD;PSOL;PT;REDE;UNIAO,MDB;PCdoB;PDT;PSB;PSD;PSOL;PT;REDE;UNIAO,MDB;PCdoB;PDT;PSB;PSD;PSOL;PT;REDE;UNIAO,,,,established,,,
2023-08-27,lula_3,lula_3-2023-01-01,lula_3-2023-08-03,primary_adjudicated,MDB;PCdoB;PDT;PSB;PSD;PSOL;PT;REDE;UNIAO,MDB;PCdoB;PDT;PSB;PSD;PSOL;PT;REDE;UNIAO,MDB;PCdoB;PDT;PSB;PSD;PSOL;PT;REDE;UNIAO,,,,established,,,
2023-08-28,lula_3,lula_3-2023-01-01,lula_3-2023-08-03,primary_adjudicated,MDB;PCdoB;PDT;PSB;PSD;PSOL;PT;REDE;UNIAO,MDB;PCdoB;PDT;PSB;PSD;PSOL;PT;REDE;UNIAO,MDB;PCdoB;PDT;PSB;PSD;PSOL;PT;REDE;UNIAO,,,,established,,,
2023-08-29,lula_3,lula_3-2023-01-01,lula_3-2023-08-03,primary_adjudicated,MDB;PCdoB;PDT;PSB;PSD;PSOL;PT;REDE;UNIAO,MDB;PCdoB;PDT;PSB;PSD;PSOL;PT;REDE;UNIAO,MDB;PCdoB;PDT;PSB;PSD;PSOL;PT;REDE;UNIAO,,,,established,,,
2023-08-30,lula_3,lula_3-2023-01-01,lula_3-2023-08-03,primary_adjudicated,MDB;PCdoB;PDT;PSB;PSD;PSOL;PT;REDE;UNIAO,MDB;PCdoB;PDT;PSB;PSD;PSOL;PT;REDE;UNIAO,MDB;PCdoB;PDT;PSB;PSD;PSOL;PT;REDE;UNIAO,,,,established,,,
2023-08-31,lula_3,lula_3-2023-01-01,lula_3-2023-08-03,primary_adjudicated,MDB;PCdoB;PDT;PSB;PSD;PSOL;PT;REDE;UNIAO,MDB;PCdoB;PDT;PSB;PSD;PSOL;PT;REDE;UNIAO,MDB;PCdoB;PDT;PSB;PSD;PSOL;PT;REDE;UNIAO,,,,established,,,
2023-09-01,lula_3,lula_3-2023-01-01,lula_3-2023-08-03,primary_adjudicated,MDB;PCdoB;PDT;PSB;PSD;PSOL;PT;REDE;UNIAO,MDB;PCdoB;PDT;PSB;PSD;PSOL;PT;REDE;UNIAO,MDB;PCdoB;PDT;PSB;PSD;PSOL;PT;REDE;UNIAO,,,,established,,,
2023-09-02,lula_3,lula_3-2023-01-01,lula_3-2023-08-03,primary_adjudicated,MDB;PCdoB;PDT;PSB;PSD;PSOL;PT;REDE;UNIAO,MDB;PCdoB;PDT;PSB;PSD;PSOL;PT;REDE;UNIAO,MDB;PCdoB;PDT;PSB;PSD;PSOL;PT;REDE;UNIAO,,,,established,,,
2023-09-03,lula_3,lula_3-2023-01-01,lula_3-2023-08-03,primary_adjudicated,MDB;PCdoB;PDT;PSB;PSD;PSOL;PT;REDE;UNIAO,MDB;PCdoB;PDT;PSB;PSD;PSOL;PT;REDE;UNIAO,MDB;PCdoB;PDT;PSB;PSD;PSOL;PT;REDE;UNIAO,,,,established,,,
2023-09-04,lula_3,lula_3-2023-01-01,lula_3-2023-08-03,primary_adjudicated,MDB;PCdoB;PDT;PSB;PSD;PSOL;PT;REDE;UNIAO,MDB;PCdoB;PDT;PSB;PSD;PSOL;PT;REDE;UNIAO,MDB;PCdoB;PDT;PSB;PSD;PSOL;PT;REDE;UNIAO,,,,established,,,
2023-09-05,lula_3,lula_3-2023-01-01,lula_3-2023-08-03,primary_adjudicated,MDB;PCdoB;PDT;PSB;PSD;PSOL;PT;REDE;UNIAO,MDB;PCdoB;PDT;PSB;PSD;PSOL;PT;REDE;UNIAO,MDB;PCdoB;PDT;PSB;PSD;PSOL;PT;REDE;UNIAO,,,,established,,,
2023-09-06,lula_3,lula_3-2023-01-01,lula_3-2023-09-06,primary_adjudicated,MDB;PCdoB;PDT;PSB;PSD;PSOL;PT;REDE;UNIAO,MDB;PCdoB;PDT;PSB;PSD;PSOL;PT;REDE;UNIAO,MDB;PCdoB;PDT;PSB;PSD;PSOL;PT;REDE;UNIAO,,,,established,,,
2023-09-07,lula_3,lula_3-2023-01-01,lula_3-2023-09-06,primary_adjudicated,MDB;PCdoB;PDT;PSB;PSD;PSOL;PT;REDE;UNIAO,MDB;PCdoB;PDT;PSB;PSD;PSOL;PT;REDE;UNIAO,MDB;PCdoB;PDT;PSB;PSD;PSOL;PT;REDE;UNIAO,,,,established,,,
2023-09-08,lula_3,lula_3-2023-01-01,lula_3-2023-09-06,primary_adjudicated,MDB;PCdoB;PDT;PSB;PSD;PSOL;PT;REDE;UNIAO,MDB;PCdoB;PDT;PSB;PSD;PSOL;PT;REDE;UNIAO,MDB;PCdoB;PDT;PSB;PSD;PSOL;PT;REDE;UNIAO,,,,established,,,
2023-09-09,lula_3,lula_3-2023-01-01,lula_3-2023-09-06,primary_adjudicated,MDB;PCdoB;PDT;PSB;PSD;PSOL;PT;REDE;UNIAO,MDB;PCdoB;PDT;PSB;PSD;PSOL;PT;REDE;UNIAO,MDB;PCdoB;PDT;PSB;PSD;PSOL;PT;REDE;UNIAO,,,,established,,,
2023-09-10,lula_3,lula_3-2023-01-01,lula_3-2023-09-06,primary_adjudicated,MDB;PCdoB;PDT;PSB;PSD;PSOL;PT;REDE;UNIAO,MDB;PCdoB;PDT;PSB;PSD;PSOL;PT;REDE;UNIAO,MDB;PCdoB;PDT;PSB;PSD;PSOL;PT;REDE;UNIAO,,,,established,,,
2023-09-11,lula_3,lula_3-2023-01-01,lula_3-2023-09-06,primary_adjudicated,MDB;PCdoB;PDT;PSB;PSD;PSOL;PT;REDE;UNIAO,MDB;PCdoB;PDT;PSB;PSD;PSOL;PT;REDE;UNIAO,MDB;PCdoB;PDT;PSB;PSD;PSOL;PT;REDE;UNIAO,,,,established,,,
2023-09-12,lula_3,lula_3-2023-01-01,lula_3-2023-09-06,primary_adjudicated,MDB;PCdoB;PDT;PSB;PSD;PSOL;PT;REDE;UNIAO,MDB;PCdoB;PDT;PSB;PSD;PSOL;PT;REDE;UNIAO,MDB;PCdoB;PDT;PSB;PSD;PSOL;PT;REDE;UNIAO,,,,established,,,
2023-09-13,lula_3,lula_3-2023-09-13,lula_3-2023-09-13,primary_adjudicated,MDB;PCdoB;PDT;PP;PSB;PSD;PSOL;PT;REDE;REPUBLICANOS;UNIAO,MDB;PCdoB;PDT;PP;PSB;PSD;PSOL;PT;REDE;REPUBLICANOS;UNIAO,MDB;PCdoB;PDT;PP;PSB;PSD;PSOL;PT;REDE;REPUBLICANOS;UNIAO,,,,established,,,
2023-09-14,lula_3,lula_3-2023-09-13,lula_3-2023-09-13,primary_adjudicated,MDB;PCdoB;PDT;PP;PSB;PSD;PSOL;PT;REDE;REPUBLICANOS;UNIAO,MDB;PCdoB;PDT;PP;PSB;PSD;PSOL;PT;REDE;REPUBLICANOS;UNIAO,MDB;PCdoB;PDT;PP;PSB;PSD;PSOL;PT;REDE;REPUBLICANOS;UNIAO,,,,established,,,
2023-09-15,lula_3,lula_3-2023-09-13,lula_3-2023-09-13,primary_adjudicated,MDB;PCdoB;PDT;PP;PSB;PSD;PSOL;PT;REDE;REPUBLICANOS;UNIAO,MDB;PCdoB;PDT;PP;PSB;PSD;PSOL;PT;REDE;REPUBLICANOS;UNIAO,MDB;PCdoB;PDT;PP;PSB;PSD;PSOL;PT;REDE;REPUBLICANOS;UNIAO,,,,established,,,
2023-09-16,lula_3,lula_3-2023-09-13,lula_3-2023-09-13,primary_adjudicated,MDB;PCdoB;PDT;PP;PSB;PSD;PSOL;PT;REDE;REPUBLICANOS;UNIAO,MDB;PCdoB;PDT;PP;PSB;PSD;PSOL;PT;REDE;REPUBLICANOS;UNIAO,MDB;PCdoB;PDT;PP;PSB;PSD;PSOL;PT;REDE;REPUBLICANOS;UNIAO,,,,established,,,
2023-09-17,lula_3,lula_3-2023-09-13,lula_3-2023-09-13,primary_adjudicated,MDB;PCdoB;PDT;PP;PSB;PSD;PSOL;PT;REDE;REPUBLICANOS;UNIAO,MDB;PCdoB;PDT;PP;PSB;PSD;PSOL;PT;REDE;REPUBLICANOS;UNIAO,MDB;PCdoB;PDT;PP;PSB;PSD;PSOL;PT;REDE;REPUBLICANOS;UNIAO,,,,established,,,
2023-09-18,lula_3,lula_3-2023-09-13,lula_3-2023-09-13,primary_adjudicated,MDB;PCdoB;PDT;PP;PSB;PSD;PSOL;PT;REDE;REPUBLICANOS;UNIAO,MDB;PCdoB;PDT;PP;PSB;PSD;PSOL;PT;REDE;REPUBLICANOS;UNIAO,MDB;PCdoB;PDT;PP;PSB;PSD;PSOL;PT;REDE;REPUBLICANOS;UNIAO,,,,established,,,
2023-09-19,lula_3,lula_3-2023-09-13,lula_3-2023-09-13,primary_adjudicated,MDB;PCdoB;PDT;PP;PSB;PSD;PSOL;PT;REDE;REPUBLICANOS;UNIAO,MDB;PCdoB;PDT;PP;PSB;PSD;PSOL;PT;REDE;REPUBLICANOS;UNIAO,MDB;PCdoB;PDT;PP;PSB;PSD;PSOL;PT;REDE;REPUBLICANOS;UNIAO,,,,established,,,
2023-09-20,lula_3,lula_3-2023-09-13,lula_3-2023-09-13,primary_adjudicated,MDB;PCdoB;PDT;PP;PSB;PSD;PSOL;PT;REDE;REPUBLICANOS;UNIAO,MDB;PCdoB;PDT;PP;PSB;PSD;PSOL;PT;REDE;REPUBLICANOS;UNIAO,MDB;PCdoB;PDT;PP;PSB;PSD;PSOL;PT;REDE;REPUBLICANOS;UNIAO,,,,established,,,
2023-09-21,lula_3,lula_3-2023-09-13,lula_3-2023-09-13,primary_adjudicated,MDB;PCdoB;PDT;PP;PSB;PSD;PSOL;PT;REDE;REPUBLICANOS;UNIAO,MDB;PCdoB;PDT;PP;PSB;PSD;PSOL;PT;REDE;REPUBLICANOS;UNIAO,MDB;PCdoB;PDT;PP;PSB;PSD;PSOL;PT;REDE;REPUBLICANOS;UNIAO,,,,established,,,
2023-09-22,lula_3,lula_3-2023-09-13,lula_3-2023-09-13,primary_adjudicated,MDB;PCdoB;PDT;PP;PSB;PSD;PSOL;PT;REDE;REPUBLICANOS;UNIAO,MDB;PCdoB;PDT;PP;PSB;PSD;PSOL;PT;REDE;REPUBLICANOS;UNIAO,MDB;PCdoB;PDT;PP;PSB;PSD;PSOL;PT;REDE;REPUBLICANOS;UNIAO,,,,established,,,
2023-09-23,lula_3,lula_3-2023-09-13,lula_3-2023-09-13,primary_adjudicated,MDB;PCdoB;PDT;PP;PSB;PSD;PSOL;PT;REDE;REPUBLICANOS;UNIAO,MDB;PCdoB;PDT;PP;PSB;PSD;PSOL;PT;REDE;REPUBLICANOS;UNIAO,MDB;PCdoB;PDT;PP;PSB;PSD;PSOL;PT;REDE;REPUBLICANOS;UNIAO,,,,established,,,
2023-09-24,lula_3,lula_3-2023-09-13,lula_3-2023-09-13,primary_adjudicated,MDB;PCdoB;PDT;PP;PSB;PSD;PSOL;PT;REDE;REPUBLICANOS;UNIAO,MDB;PCdoB;PDT;PP;PSB;PSD;PSOL;PT;REDE;REPUBLICANOS;UNIAO,MDB;PCdoB;PDT;PP;PSB;PSD;PSOL;PT;REDE;REPUBLICANOS;UNIAO,,,,established,,,
2023-09-25,lula_3,lula_3-2023-09-13,lula_3-2023-09-13,primary_adjudicated,MDB;PCdoB;PDT;PP;PSB;PSD;PSOL;PT;REDE;REPUBLICANOS;UNIAO,MDB;PCdoB;PDT;PP;PSB;PSD;PSOL;PT;REDE;REPUBLICANOS;UNIAO,MDB;PCdoB;PDT;PP;PSB;PSD;PSOL;PT;REDE;REPUBLICANOS;UNIAO,,,,established,,,
2023-09-26,lula_3,lula_3-2023-09-13,lula_3-2023-09-13,primary_adjudicated,MDB;PCdoB;PDT;PP;PSB;PSD;PSOL;PT;REDE;REPUBLICANOS;UNIAO,MDB;PCdoB;PDT;PP;PSB;PSD;PSOL;PT;REDE;REPUBLICANOS;UNIAO,MDB;PCdoB;PDT;PP;PSB;PSD;PSOL;PT;REDE;REPUBLICANOS;UNIAO,,,,established,,,
2023-09-27,lula_3,lula_3-2023-09-13,lula_3-2023-09-13,primary_adjudicated,MDB;PCdoB;PDT;PP;PSB;PSD;PSOL;PT;REDE;REPUBLICANOS;UNIAO,MDB;PCdoB;PDT;PP;PSB;PSD;PSOL;PT;REDE;REPUBLICANOS;UNIAO,MDB;PCdoB;PDT;PP;PSB;PSD;PSOL;PT;REDE;REPUBLICANOS;UNIAO,,,,established,,,
2023-09-28,lula_3,lula_3-2023-09-13,lula_3-2023-09-13,primary_adjudicated,MDB;PCdoB;PDT;PP;PSB;PSD;PSOL;PT;REDE;REPUBLICANOS;UNIAO,MDB;PCdoB;PDT;PP;PSB;PSD;PSOL;PT;REDE;REPUBLICANOS;UNIAO,MDB;PCdoB;PDT;PP;PSB;PSD;PSOL;PT;REDE;REPUBLICANOS;UNIAO,,,,established,,,
2023-09-29,lula_3,lula_3-2023-09-13,lula_3-2023-09-13,primary_adjudicated,MDB;PCdoB;PDT;PP;PSB;PSD;PSOL;PT;REDE;REPUBLICANOS;UNIAO,MDB;PCdoB;PDT;PP;PSB;PSD;PSOL;PT;REDE;REPUBLICANOS;UNIAO,MDB;PCdoB;PDT;PP;PSB;PSD;PSOL;PT;REDE;REPUBLICANOS;UNIAO,,,,established,,,
2023-09-30,lula_3,lula_3-2023-09-13,lula_3-2023-09-13,primary_adjudicated,MDB;PCdoB;PDT;PP;PSB;PSD;PSOL;PT;REDE;REPUBLICANOS;UNIAO,MDB;PCdoB;PDT;PP;PSB;PSD;PSOL;PT;REDE;REPUBLICANOS;UNIAO,MDB;PCdoB;PDT;PP;PSB;PSD;PSOL;PT;REDE;REPUBLICANOS;UNIAO,,,,established,,,
2023-10-01,lula_3,lula_3-2023-09-13,lula_3-2023-09-13,primary_adjudicated,MDB;PCdoB;PDT;PP;PSB;PSD;PSOL;PT;REDE;REPUBLICANOS;UNIAO,MDB;PCdoB;PDT;PP;PSB;PSD;PSOL;PT;REDE;REPUBLICANOS;UNIAO,MDB;PCdoB;PDT;PP;PSB;PSD;PSOL;PT;REDE;REPUBLICANOS;UNIAO,,,,established,,,
2023-10-02,lula_3,lula_3-2023-09-13,lula_3-2023-09-13,primary_adjudicated,MDB;PCdoB;PDT;PP;PSB;PSD;PSOL;PT;REDE;REPUBLICANOS;UNIAO,MDB;PCdoB;PDT;PP;PSB;PSD;PSOL;PT;REDE;REPUBLICANOS;UNIAO,MDB;PCdoB;PDT;PP;PSB;PSD;PSOL;PT;REDE;REPUBLICANOS;UNIAO,,,,established,,,
2023-10-03,lula_3,lula_3-2023-09-13,lula_3-2023-09-13,primary_adjudicated,MDB;PCdoB;PDT;PP;PSB;PSD;PSOL;PT;REDE;REPUBLICANOS;UNIAO,MDB;PCdoB;PDT;PP;PSB;PSD;PSOL;PT;REDE;REPUBLICANOS;UNIAO,MDB;PCdoB;PDT;PP;PSB;PSD;PSOL;PT;REDE;REPUBLICANOS;UNIAO,,,,established,,,
2023-10-04,lula_3,lula_3-2023-09-13,lula_3-2023-09-13,primary_adjudicated,MDB;PCdoB;PDT;PP;PSB;PSD;PSOL;PT;REDE;REPUBLICANOS;UNIAO,MDB;PCdoB;PDT;PP;PSB;PSD;PSOL;PT;REDE;REPUBLICANOS;UNIAO,MDB;PCdoB;PDT;PP;PSB;PSD;PSOL;PT;REDE;REPUBLICANOS;UNIAO,,,,established,,,
2023-10-05,lula_3,lula_3-2023-09-13,lula_3-2023-09-13,primary_adjudicated,MDB;PCdoB;PDT;PP;PSB;PSD;PSOL;PT;REDE;REPUBLICANOS;UNIAO,MDB;PCdoB;PDT;PP;PSB;PSD;PSOL;PT;REDE;REPUBLICANOS;UNIAO,MDB;PCdoB;PDT;PP;PSB;PSD;PSOL;PT;REDE;REPUBLICANOS;UNIAO,,,,established,,,
2023-10-06,lula_3,lula_3-2023-09-13,lula_3-2023-09-13,primary_adjudicated,MDB;PCdoB;PDT;PP;PSB;PSD;PSOL;PT;REDE;REPUBLICANOS;UNIAO,MDB;PCdoB;PDT;PP;PSB;PSD;PSOL;PT;REDE;REPUBLICANOS;UNIAO,MDB;PCdoB;PDT;PP;PSB;PSD;PSOL;PT;REDE;REPUBLICANOS;UNIAO,,,,established,,,
2023-10-07,lula_3,lula_3-2023-09-13,lula_3-2023-09-13,primary_adjudicated,MDB;PCdoB;PDT;PP;PSB;PSD;PSOL;PT;REDE;REPUBLICANOS;UNIAO,MDB;PCdoB;PDT;PP;PSB;PSD;PSOL;PT;REDE;REPUBLICANOS;UNIAO,MDB;PCdoB;PDT;PP;PSB;PSD;PSOL;PT;REDE;REPUBLICANOS;UNIAO,,,,established,,,
2023-10-08,lula_3,lula_3-2023-09-13,lula_3-2023-09-13,primary_adjudicated,MDB;PCdoB;PDT;PP;PSB;PSD;PSOL;PT;REDE;REPUBLICANOS;UNIAO,MDB;PCdoB;PDT;PP;PSB;PSD;PSOL;PT;REDE;REPUBLICANOS;UNIAO,MDB;PCdoB;PDT;PP;PSB;PSD;PSOL;PT;REDE;REPUBLICANOS;UNIAO,,,,established,,,
2023-10-09,lula_3,lula_3-2023-09-13,lula_3-2023-09-13,primary_adjudicated,MDB;PCdoB;PDT;PP;PSB;PSD;PSOL;PT;REDE;REPUBLICANOS;UNIAO,MDB;PCdoB;PDT;PP;PSB;PSD;PSOL;PT;REDE;REPUBLICANOS;UNIAO,MDB;PCdoB;PDT;PP;PSB;PSD;PSOL;PT;REDE;REPUBLICANOS;UNIAO,,,,established,,,
2023-10-10,lula_3,lula_3-2023-09-13,lula_3-2023-09-13,primary_adjudicated,MDB;PCdoB;PDT;PP;PSB;PSD;PSOL;PT;REDE;REPUBLICANOS;UNIAO,MDB;PCdoB;PDT;PP;PSB;PSD;PSOL;PT;REDE;REPUBLICANOS;UNIAO,MDB;PCdoB;PDT;PP;PSB;PSD;PSOL;PT;REDE;REPUBLICANOS;UNIAO,,,,established,,,
2023-10-11,lula_3,lula_3-2023-09-13,lula_3-2023-09-13,primary_adjudicated,MDB;PCdoB;PDT;PP;PSB;PSD;PSOL;PT;REDE;REPUBLICANOS;UNIAO,MDB;PCdoB;PDT;PP;PSB;PSD;PSOL;PT;REDE;REPUBLICANOS;UNIAO,MDB;PCdoB;PDT;PP;PSB;PSD;PSOL;PT;REDE;REPUBLICANOS;UNIAO,,,,established,,,
2023-10-12,lula_3,lula_3-2023-09-13,lula_3-2023-09-13,primary_adjudicated,MDB;PCdoB;PDT;PP;PSB;PSD;PSOL;PT;REDE;REPUBLICANOS;UNIAO,MDB;PCdoB;PDT;PP;PSB;PSD;PSOL;PT;REDE;REPUBLICANOS;UNIAO,MDB;PCdoB;PDT;PP;PSB;PSD;PSOL;PT;REDE;REPUBLICANOS;UNIAO,,,,established,,,
2023-10-13,lula_3,lula_3-2023-09-13,lula_3-2023-09-13,primary_adjudicated,MDB;PCdoB;PDT;PP;PSB;PSD;PSOL;PT;REDE;REPUBLICANOS;UNIAO,MDB;PCdoB;PDT;PP;PSB;PSD;PSOL;PT;REDE;REPUBLICANOS;UNIAO,MDB;PCdoB;PDT;PP;PSB;PSD;PSOL;PT;REDE;REPUBLICANOS;UNIAO,,,,established,,,
2023-10-14,lula_3,lula_3-2023-09-13,lula_3-2023-09-13,primary_adjudicated,MDB;PCdoB;PDT;PP;PSB;PSD;PSOL;PT;REDE;REPUBLICANOS;UNIAO,MDB;PCdoB;PDT;PP;PSB;PSD;PSOL;PT;REDE;REPUBLICANOS;UNIAO,MDB;PCdoB;PDT;PP;PSB;PSD;PSOL;PT;REDE;REPUBLICANOS;UNIAO,,,,established,,,
2023-10-15,lula_3,lula_3-2023-09-13,lula_3-2023-09-13,primary_adjudicated,MDB;PCdoB;PDT;PP;PSB;PSD;PSOL;PT;REDE;REPUBLICANOS;UNIAO,MDB;PCdoB;PDT;PP;PSB;PSD;PSOL;PT;REDE;REPUBLICANOS;UNIAO,MDB;PCdoB;PDT;PP;PSB;PSD;PSOL;PT;REDE;REPUBLICANOS;UNIAO,,,,established,,,
2023-10-16,lula_3,lula_3-2023-09-13,lula_3-2023-09-13,primary_adjudicated,MDB;PCdoB;PDT;PP;PSB;PSD;PSOL;PT;REDE;REPUBLICANOS;UNIAO,MDB;PCdoB;PDT;PP;PSB;PSD;PSOL;PT;REDE;REPUBLICANOS;UNIAO,MDB;PCdoB;PDT;PP;PSB;PSD;PSOL;PT;REDE;REPUBLICANOS;UNIAO,,,,established,,,
2023-10-17,lula_3,lula_3-2023-09-13,lula_3-2023-09-13,primary_adjudicated,MDB;PCdoB;PDT;PP;PSB;PSD;PSOL;PT;REDE;REPUBLICANOS;UNIAO,MDB;PCdoB;PDT;PP;PSB;PSD;PSOL;PT;REDE;REPUBLICANOS;UNIAO,MDB;PCdoB;PDT;PP;PSB;PSD;PSOL;PT;REDE;REPUBLICANOS;UNIAO,,,,established,,,
2023-10-18,lula_3,lula_3-2023-09-13,lula_3-2023-09-13,primary_adjudicated,MDB;PCdoB;PDT;PP;PSB;PSD;PSOL;PT;REDE;REPUBLICANOS;UNIAO,MDB;PCdoB;PDT;PP;PSB;PSD;PSOL;PT;REDE;REPUBLICANOS;UNIAO,MDB;PCdoB;PDT;PP;PSB;PSD;PSOL;PT;REDE;REPUBLICANOS;UNIAO,,,,established,,,
2023-10-19,lula_3,lula_3-2023-09-13,lula_3-2023-09-13,primary_adjudicated,MDB;PCdoB;PDT;PP;PSB;PSD;PSOL;PT;REDE;REPUBLICANOS;UNIAO,MDB;PCdoB;PDT;PP;PSB;PSD;PSOL;PT;REDE;REPUBLICANOS;UNIAO,MDB;PCdoB;PDT;PP;PSB;PSD;PSOL;PT;REDE;REPUBLICANOS;UNIAO,,,,established,,,
2023-10-20,lula_3,lula_3-2023-09-13,lula_3-2023-09-13,primary_adjudicated,MDB;PCdoB;PDT;PP;PSB;PSD;PSOL;PT;REDE;REPUBLICANOS;UNIAO,MDB;PCdoB;PDT;PP;PSB;PSD;PSOL;PT;REDE;REPUBLICANOS;UNIAO,MDB;PCdoB;PDT;PP;PSB;PSD;PSOL;PT;REDE;REPUBLICANOS;UNIAO,,,,established,,,
2023-10-21,lula_3,lula_3-2023-09-13,lula_3-2023-09-13,primary_adjudicated,MDB;PCdoB;PDT;PP;PSB;PSD;PSOL;PT;REDE;REPUBLICANOS;UNIAO,MDB;PCdoB;PDT;PP;PSB;PSD;PSOL;PT;REDE;REPUBLICANOS;UNIAO,MDB;PCdoB;PDT;PP;PSB;PSD;PSOL;PT;REDE;REPUBLICANOS;UNIAO,,,,established,,,
2023-10-22,lula_3,lula_3-2023-09-13,lula_3-2023-09-13,primary_adjudicated,MDB;PCdoB;PDT;PP;PSB;PSD;PSOL;PT;REDE;REPUBLICANOS;UNIAO,MDB;PCdoB;PDT;PP;PSB;PSD;PSOL;PT;REDE;REPUBLICANOS;UNIAO,MDB;PCdoB;PDT;PP;PSB;PSD;PSOL;PT;REDE;REPUBLICANOS;UNIAO,,,,established,,,
2023-10-23,lula_3,lula_3-2023-09-13,lula_3-2023-09-13,primary_adjudicated,MDB;PCdoB;PDT;PP;PSB;PSD;PSOL;PT;REDE;REPUBLICANOS;UNIAO,MDB;PCdoB;PDT;PP;PSB;PSD;PSOL;PT;REDE;REPUBLICANOS;UNIAO,MDB;PCdoB;PDT;PP;PSB;PSD;PSOL;PT;REDE;REPUBLICANOS;UNIAO,,,,established,,,
2023-10-24,lula_3,lula_3-2023-09-13,lula_3-2023-09-13,primary_adjudicated,MDB;PCdoB;PDT;PP;PSB;PSD;PSOL;PT;REDE;REPUBLICANOS;UNIAO,MDB;PCdoB;PDT;PP;PSB;PSD;PSOL;PT;REDE;REPUBLICANOS;UNIAO,MDB;PCdoB;PDT;PP;PSB;PSD;PSOL;PT;REDE;REPUBLICANOS;UNIAO,,,,established,,,
2023-10-25,lula_3,lula_3-2023-09-13,lula_3-2023-09-13,primary_adjudicated,MDB;PCdoB;PDT;PP;PSB;PSD;PSOL;PT;REDE;REPUBLICANOS;UNIAO,MDB;PCdoB;PDT;PP;PSB;PSD;PSOL;PT;REDE;REPUBLICANOS;UNIAO,MDB;PCdoB;PDT;PP;PSB;PSD;PSOL;PT;REDE;REPUBLICANOS;UNIAO,,,,established,,,
2023-10-26,lula_3,lula_3-2023-09-13,lula_3-2023-09-13,primary_adjudicated,MDB;PCdoB;PDT;PP;PSB;PSD;PSOL;PT;REDE;REPUBLICANOS;UNIAO,MDB;PCdoB;PDT;PP;PSB;PSD;PSOL;PT;REDE;REPUBLICANOS;UNIAO,MDB;PCdoB;PDT;PP;PSB;PSD;PSOL;PT;REDE;REPUBLICANOS;UNIAO,,,,established,,,
2023-10-27,lula_3,lula_3-2023-09-13,lula_3-2023-09-13,primary_adjudicated,MDB;PCdoB;PDT;PP;PSB;PSD;PSOL;PT;REDE;REPUBLICANOS;UNIAO,MDB;PCdoB;PDT;PP;PSB;PSD;PSOL;PT;REDE;REPUBLICANOS;UNIAO,MDB;PCdoB;PDT;PP;PSB;PSD;PSOL;PT;REDE;REPUBLICANOS;UNIAO,,,,established,,,
2023-10-28,lula_3,lula_3-2023-09-13,lula_3-2023-09-13,primary_adjudicated,MDB;PCdoB;PDT;PP;PSB;PSD;PSOL;PT;REDE;REPUBLICANOS;UNIAO,MDB;PCdoB;PDT;PP;PSB;PSD;PSOL;PT;REDE;REPUBLICANOS;UNIAO,MDB;PCdoB;PDT;PP;PSB;PSD;PSOL;PT;REDE;REPUBLICANOS;UNIAO,,,,established,,,
2023-10-29,lula_3,lula_3-2023-09-13,lula_3-2023-09-13,primary_adjudicated,MDB;PCdoB;PDT;PP;PSB;PSD;PSOL;PT;REDE;REPUBLICANOS;UNIAO,MDB;PCdoB;PDT;PP;PSB;PSD;PSOL;PT;REDE;REPUBLICANOS;UNIAO,MDB;PCdoB;PDT;PP;PSB;PSD;PSOL;PT;REDE;REPUBLICANOS;UNIAO,,,,established,,,
2023-10-30,lula_3,lula_3-2023-09-13,lula_3-2023-09-13,primary_adjudicated,MDB;PCdoB;PDT;PP;PSB;PSD;PSOL;PT;REDE;REPUBLICANOS;UNIAO,MDB;PCdoB;PDT;PP;PSB;PSD;PSOL;PT;REDE;REPUBLICANOS;UNIAO,MDB;PCdoB;PDT;PP;PSB;PSD;PSOL;PT;REDE;REPUBLICANOS;UNIAO,,,,established,,,
2023-10-31,lula_3,lula_3-2023-09-13,lula_3-2023-09-13,primary_adjudicated,MDB;PCdoB;PDT;PP;PSB;PSD;PSOL;PT;REDE;REPUBLICANOS;UNIAO,MDB;PCdoB;PDT;PP;PSB;PSD;PSOL;PT;REDE;REPUBLICANOS;UNIAO,MDB;PCdoB;PDT;PP;PSB;PSD;PSOL;PT;REDE;REPUBLICANOS;UNIAO,,,,established,,,
2023-11-01,lula_3,lula_3-2023-09-13,lula_3-2023-09-13,primary_adjudicated,MDB;PCdoB;PDT;PP;PSB;PSD;PSOL;PT;REDE;REPUBLICANOS;UNIAO,MDB;PCdoB;PDT;PP;PSB;PSD;PSOL;PT;REDE;REPUBLICANOS;UNIAO,MDB;PCdoB;PDT;PP;PSB;PSD;PSOL;PT;REDE;REPUBLICANOS;UNIAO,,,,established,,,
2023-11-02,lula_3,lula_3-2023-09-13,lula_3-2023-09-13,primary_adjudicated,MDB;PCdoB;PDT;PP;PSB;PSD;PSOL;PT;REDE;REPUBLICANOS;UNIAO,MDB;PCdoB;PDT;PP;PSB;PSD;PSOL;PT;REDE;REPUBLICANOS;UNIAO,MDB;PCdoB;PDT;PP;PSB;PSD;PSOL;PT;REDE;REPUBLICANOS;UNIAO,,,,established,,,
2023-11-03,lula_3,lula_3-2023-09-13,lula_3-2023-09-13,primary_adjudicated,MDB;PCdoB;PDT;PP;PSB;PSD;PSOL;PT;REDE;REPUBLICANOS;UNIAO,MDB;PCdoB;PDT;PP;PSB;PSD;PSOL;PT;REDE;REPUBLICANOS;UNIAO,MDB;PCdoB;PDT;PP;PSB;PSD;PSOL;PT;REDE;REPUBLICANOS;UNIAO,,,,established,,,
2023-11-04,lula_3,lula_3-2023-09-13,lula_3-2023-09-13,primary_adjudicated,MDB;PCdoB;PDT;PP;PSB;PSD;PSOL;PT;REDE;REPUBLICANOS;UNIAO,MDB;PCdoB;PDT;PP;PSB;PSD;PSOL;PT;REDE;REPUBLICANOS;UNIAO,MDB;PCdoB;PDT;PP;PSB;PSD;PSOL;PT;REDE;REPUBLICANOS;UNIAO,,,,established,,,
2023-11-05,lula_3,lula_3-2023-09-13,lula_3-2023-09-13,primary_adjudicated,MDB;PCdoB;PDT;PP;PSB;PSD;PSOL;PT;REDE;REPUBLICANOS;UNIAO,MDB;PCdoB;PDT;PP;PSB;PSD;PSOL;PT;REDE;REPUBLICANOS;UNIAO,MDB;PCdoB;PDT;PP;PSB;PSD;PSOL;PT;REDE;REPUBLICANOS;UNIAO,,,,established,,,
2023-11-06,lula_3,lula_3-2023-09-13,lula_3-2023-09-13,primary_adjudicated,MDB;PCdoB;PDT;PP;PSB;PSD;PSOL;PT;REDE;REPUBLICANOS;UNIAO,MDB;PCdoB;PDT;PP;PSB;PSD;PSOL;PT;REDE;REPUBLICANOS;UNIAO,MDB;PCdoB;PDT;PP;PSB;PSD;PSOL;PT;REDE;REPUBLICANOS;UNIAO,,,,established,,,
2023-11-07,lula_3,lula_3-2023-09-13,lula_3-2023-09-13,primary_adjudicated,MDB;PCdoB;PDT;PP;PSB;PSD;PSOL;PT;REDE;REPUBLICANOS;UNIAO,MDB;PCdoB;PDT;PP;PSB;PSD;PSOL;PT;REDE;REPUBLICANOS;UNIAO,MDB;PCdoB;PDT;PP;PSB;PSD;PSOL;PT;REDE;REPUBLICANOS;UNIAO,,,,established,,,
2023-11-08,lula_3,lula_3-2023-09-13,lula_3-2023-09-13,primary_adjudicated,MDB;PCdoB;PDT;PP;PSB;PSD;PSOL;PT;REDE;REPUBLICANOS;UNIAO,MDB;PCdoB;PDT;PP;PSB;PSD;PSOL;PT;REDE;REPUBLICANOS;UNIAO,MDB;PCdoB;PDT;PP;PSB;PSD;PSOL;PT;REDE;REPUBLICANOS;UNIAO,,,,established,,,
2023-11-09,lula_3,lula_3-2023-09-13,lula_3-2023-11-09,primary_adjudicated,MDB;PCdoB;PDT;PP;PSB;PSD;PSOL;PT;REDE;REPUBLICANOS;UNIAO,MDB;PCdoB;PDT;PP;PSB;PSD;PSOL;PT;REDE;REPUBLICANOS;UNIAO,MDB;PCdoB;PDT;PP;PSB;PSD;PSOL;PT;REDE;REPUBLICANOS;UNIAO,,,,established,,,
2023-11-10,lula_3,lula_3-2023-09-13,lula_3-2023-11-09,primary_adjudicated,MDB;PCdoB;PDT;PP;PSB;PSD;PSOL;PT;REDE;REPUBLICANOS;UNIAO,MDB;PCdoB;PDT;PP;PSB;PSD;PSOL;PT;REDE;REPUBLICANOS;UNIAO,MDB;PCdoB;PDT;PP;PSB;PSD;PSOL;PT;REDE;REPUBLICANOS;UNIAO,,,,established,,,
2023-11-11,lula_3,lula_3-2023-09-13,lula_3-2023-11-09,primary_adjudicated,MDB;PCdoB;PDT;PP;PSB;PSD;PSOL;PT;REDE;REPUBLICANOS;UNIAO,MDB;PCdoB;PDT;PP;PSB;PSD;PSOL;PT;REDE;REPUBLICANOS;UNIAO,MDB;PCdoB;PDT;PP;PSB;PSD;PSOL;PT;REDE;REPUBLICANOS;UNIAO,,,,established,,,
2023-11-12,lula_3,lula_3-2023-09-13,lula_3-2023-11-09,primary_adjudicated,MDB;PCdoB;PDT;PP;PSB;PSD;PSOL;PT;REDE;REPUBLICANOS;UNIAO,MDB;PCdoB;PDT;PP;PSB;PSD;PSOL;PT;REDE;REPUBLICANOS;UNIAO,MDB;PCdoB;PDT;PP;PSB;PSD;PSOL;PT;REDE;REPUBLICANOS;UNIAO,,,,established,,,
2023-11-13,lula_3,lula_3-2023-09-13,lula_3-2023-11-09,primary_adjudicated,MDB;PCdoB;PDT;PP;PSB;PSD;PSOL;PT;REDE;REPUBLICANOS;UNIAO,MDB;PCdoB;PDT;PP;PSB;PSD;PSOL;PT;REDE;REPUBLICANOS;UNIAO,MDB;PCdoB;PDT;PP;PSB;PSD;PSOL;PT;REDE;REPUBLICANOS;UNIAO,,,,established,,,
2023-11-14,lula_3,lula_3-2023-09-13,lula_3-2023-11-09,primary_adjudicated,MDB;PCdoB;PDT;PP;PSB;PSD;PSOL;PT;REDE;REPUBLICANOS;UNIAO,MDB;PCdoB;PDT;PP;PSB;PSD;PSOL;PT;REDE;REPUBLICANOS;UNIAO,MDB;PCdoB;PDT;PP;PSB;PSD;PSOL;PT;REDE;REPUBLICANOS;UNIAO,,,,established,,,
2023-11-15,lula_3,lula_3-2023-09-13,lula_3-2023-11-09,primary_adjudicated,MDB;PCdoB;PDT;PP;PSB;PSD;PSOL;PT;REDE;REPUBLICANOS;UNIAO,MDB;PCdoB;PDT;PP;PSB;PSD;PSOL;PT;REDE;REPUBLICANOS;UNIAO,MDB;PCdoB;PDT;PP;PSB;PSD;PSOL;PT;REDE;REPUBLICANOS;UNIAO,,,,established,,,
2023-11-16,lula_3,lula_3-2023-09-13,lula_3-2023-11-09,primary_adjudicated,MDB;PCdoB;PDT;PP;PSB;PSD;PSOL;PT;REDE;REPUBLICANOS;UNIAO,MDB;PCdoB;PDT;PP;PSB;PSD;PSOL;PT;REDE;REPUBLICANOS;UNIAO,MDB;PCdoB;PDT;PP;PSB;PSD;PSOL;PT;REDE;REPUBLICANOS;UNIAO,,,,established,,,
2023-11-17,lula_3,lula_3-2023-09-13,lula_3-2023-11-09,primary_adjudicated,MDB;PCdoB;PDT;PP;PSB;PSD;PSOL;PT;REDE;REPUBLICANOS;UNIAO,MDB;PCdoB;PDT;PP;PSB;PSD;PSOL;PT;REDE;REPUBLICANOS;UNIAO,MDB;PCdoB;PDT;PP;PSB;PSD;PSOL;PT;REDE;REPUBLICANOS;UNIAO,,,,established,,,
2023-11-18,lula_3,lula_3-2023-09-13,lula_3-2023-11-09,primary_adjudicated,MDB;PCdoB;PDT;PP;PSB;PSD;PSOL;PT;REDE;REPUBLICANOS;UNIAO,MDB;PCdoB;PDT;PP;PSB;PSD;PSOL;PT;REDE;REPUBLICANOS;UNIAO,MDB;PCdoB;PDT;PP;PSB;PSD;PSOL;PT;REDE;REPUBLICANOS;UNIAO,,,,established,,,
2023-11-19,lula_3,lula_3-2023-09-13,lula_3-2023-11-09,primary_adjudicated,MDB;PCdoB;PDT;PP;PSB;PSD;PSOL;PT;REDE;REPUBLICANOS;UNIAO,MDB;PCdoB;PDT;PP;PSB;PSD;PSOL;PT;REDE;REPUBLICANOS;UNIAO,MDB;PCdoB;PDT;PP;PSB;PSD;PSOL;PT;REDE;REPUBLICANOS;UNIAO,,,,established,,,
2023-11-20,lula_3,lula_3-2023-09-13,lula_3-2023-11-09,primary_adjudicated,MDB;PCdoB;PDT;PP;PSB;PSD;PSOL;PT;REDE;REPUBLICANOS;UNIAO,MDB;PCdoB;PDT;PP;PSB;PSD;PSOL;PT;REDE;REPUBLICANOS;UNIAO,MDB;PCdoB;PDT;PP;PSB;PSD;PSOL;PT;REDE;REPUBLICANOS;UNIAO,,,,established,,,
2023-11-21,lula_3,lula_3-2023-09-13,lula_3-2023-11-09,primary_adjudicated,MDB;PCdoB;PDT;PP;PSB;PSD;PSOL;PT;REDE;REPUBLICANOS;UNIAO,MDB;PCdoB;PDT;PP;PSB;PSD;PSOL;PT;REDE;REPUBLICANOS;UNIAO,MDB;PCdoB;PDT;PP;PSB;PSD;PSOL;PT;REDE;REPUBLICANOS;UNIAO,,,,established,,,
2023-11-22,lula_3,lula_3-2023-09-13,lula_3-2023-11-09,primary_adjudicated,MDB;PCdoB;PDT;PP;PSB;PSD;PSOL;PT;REDE;REPUBLICANOS;UNIAO,MDB;PCdoB;PDT;PP;PSB;PSD;PSOL;PT;REDE;REPUBLICANOS;UNIAO,MDB;PCdoB;PDT;PP;PSB;PSD;PSOL;PT;REDE;REPUBLICANOS;UNIAO,,,,established,,,
2023-11-23,lula_3,lula_3-2023-09-13,lula_3-2023-11-09,primary_adjudicated,MDB;PCdoB;PDT;PP;PSB;PSD;PSOL;PT;REDE;REPUBLICANOS;UNIAO,MDB;PCdoB;PDT;PP;PSB;PSD;PSOL;PT;REDE;REPUBLICANOS;UNIAO,MDB;PCdoB;PDT;PP;PSB;PSD;PSOL;PT;REDE;REPUBLICANOS;UNIAO,,,,established,,,
2023-11-24,lula_3,lula_3-2023-09-13,lula_3-2023-11-09,primary_adjudicated,MDB;PCdoB;PDT;PP;PSB;PSD;PSOL;PT;REDE;REPUBLICANOS;UNIAO,MDB;PCdoB;PDT;PP;PSB;PSD;PSOL;PT;REDE;REPUBLICANOS;UNIAO,MDB;PCdoB;PDT;PP;PSB;PSD;PSOL;PT;REDE;REPUBLICANOS;UNIAO,,,,established,,,
2023-11-25,lula_3,lula_3-2023-09-13,lula_3-2023-11-09,primary_adjudicated,MDB;PCdoB;PDT;PP;PSB;PSD;PSOL;PT;REDE;REPUBLICANOS;UNIAO,MDB;PCdoB;PDT;PP;PSB;PSD;PSOL;PT;REDE;REPUBLICANOS;UNIAO,MDB;PCdoB;PDT;PP;PSB;PSD;PSOL;PT;REDE;REPUBLICANOS;UNIAO,,,,established,,,
2023-11-26,lula_3,lula_3-2023-09-13,lula_3-2023-11-09,primary_adjudicated,MDB;PCdoB;PDT;PP;PSB;PSD;PSOL;PT;REDE;REPUBLICANOS;UNIAO,MDB;PCdoB;PDT;PP;PSB;PSD;PSOL;PT;REDE;REPUBLICANOS;UNIAO,MDB;PCdoB;PDT;PP;PSB;PSD;PSOL;PT;REDE;REPUBLICANOS;UNIAO,,,,established,,,
2023-11-27,lula_3,lula_3-2023-09-13,lula_3-2023-11-09,primary_adjudicated,MDB;PCdoB;PDT;PP;PSB;PSD;PSOL;PT;REDE;REPUBLICANOS;UNIAO,MDB;PCdoB;PDT;PP;PSB;PSD;PSOL;PT;REDE;REPUBLICANOS;UNIAO,MDB;PCdoB;PDT;PP;PSB;PSD;PSOL;PT;REDE;REPUBLICANOS;UNIAO,,,,established,,,
2023-11-28,lula_3,lula_3-2023-09-13,lula_3-2023-11-09,primary_adjudicated,MDB;PCdoB;PDT;PP;PSB;PSD;PSOL;PT;REDE;REPUBLICANOS;UNIAO,MDB;PCdoB;PDT;PP;PSB;PSD;PSOL;PT;REDE;REPUBLICANOS;UNIAO,MDB;PCdoB;PDT;PP;PSB;PSD;PSOL;PT;REDE;REPUBLICANOS;UNIAO,,,,established,,,
2023-11-29,lula_3,lula_3-2023-09-13,lula_3-2023-11-09,primary_adjudicated,MDB;PCdoB;PDT;PP;PSB;PSD;PSOL;PT;REDE;REPUBLICANOS;UNIAO,MDB;PCdoB;PDT;PP;PSB;PSD;PSOL;PT;REDE;REPUBLICANOS;UNIAO,MDB;PCdoB;PDT;PP;PSB;PSD;PSOL;PT;REDE;REPUBLICANOS;UNIAO,,,,established,,,
2023-11-30,lula_3,lula_3-2023-09-13,lula_3-2023-11-30,primary_adjudicated,MDB;PCdoB;PDT;PP;PSB;PSD;PSOL;PT;REDE;REPUBLICANOS;UNIAO,MDB;PCdoB;PDT;PP;PSB;PSD;PSOL;PT;REDE;REPUBLICANOS;UNIAO,MDB;PCdoB;PDT;PP;PSB;PSD;PSOL;PT;REDE;REPUBLICANOS;UNIAO,,,,established,,,
2023-12-01,lula_3,lula_3-2023-09-13,lula_3-2023-11-30,primary_adjudicated,MDB;PCdoB;PDT;PP;PSB;PSD;PSOL;PT;REDE;REPUBLICANOS;UNIAO,MDB;PCdoB;PDT;PP;PSB;PSD;PSOL;PT;REDE;REPUBLICANOS;UNIAO,MDB;PCdoB;PDT;PP;PSB;PSD;PSOL;PT;REDE;REPUBLICANOS;UNIAO,,,,established,,,
2023-12-02,lula_3,lula_3-2023-09-13,lula_3-2023-11-30,primary_adjudicated,MDB;PCdoB;PDT;PP;PSB;PSD;PSOL;PT;REDE;REPUBLICANOS;UNIAO,MDB;PCdoB;PDT;PP;PSB;PSD;PSOL;PT;REDE;REPUBLICANOS;UNIAO,MDB;PCdoB;PDT;PP;PSB;PSD;PSOL;PT;REDE;REPUBLICANOS;UNIAO,,,,established,,,
2023-12-03,lula_3,lula_3-2023-09-13,lula_3-2023-11-30,primary_adjudicated,MDB;PCdoB;PDT;PP;PSB;PSD;PSOL;PT;REDE;REPUBLICANOS;UNIAO,MDB;PCdoB;PDT;PP;PSB;PSD;PSOL;PT;REDE;REPUBLICANOS;UNIAO,MDB;PCdoB;PDT;PP;PSB;PSD;PSOL;PT;REDE;REPUBLICANOS;UNIAO,,,,established,,,
2023-12-04,lula_3,lula_3-2023-12-04,lula_3-2023-12-04,primary_adjudicated,MDB;PCdoB;PDT;PP;PSB;PSD;PSDB;PSOL;PT;REDE;REPUBLICANOS;UNIAO,MDB;PCdoB;PDT;PP;PSB;PSD;PSDB;PSOL;PT;REDE;REPUBLICANOS;UNIAO,MDB;PCdoB;PDT;PP;PSB;PSD;PSDB;PSOL;PT;REDE;REPUBLICANOS;UNIAO,,,,established,,,
2023-12-05,lula_3,lula_3-2023-12-04,lula_3-2023-12-04,primary_adjudicated,MDB;PCdoB;PDT;PP;PSB;PSD;PSDB;PSOL;PT;REDE;REPUBLICANOS;UNIAO,MDB;PCdoB;PDT;PP;PSB;PSD;PSDB;PSOL;PT;REDE;REPUBLICANOS;UNIAO,MDB;PCdoB;PDT;PP;PSB;PSD;PSDB;PSOL;PT;REDE;REPUBLICANOS;UNIAO,,,,established,,,
2023-12-06,lula_3,lula_3-2023-12-06,lula_3-2023-12-06,primary_adjudicated,MDB;PCdoB;PDT;PP;PSB;PSD;PSOL;PT;REDE;REPUBLICANOS;UNIAO,MDB;PCdoB;PDT;PP;PSB;PSD;PSOL;PT;REDE;REPUBLICANOS;UNIAO,MDB;PCdoB;PDT;PP;PSB;PSD;PSOL;PT;REDE;REPUBLICANOS;UNIAO,,,,established,,,
2023-12-07,lula_3,lula_3-2023-12-06,lula_3-2023-12-06,primary_adjudicated,MDB;PCdoB;PDT;PP;PSB;PSD;PSOL;PT;REDE;REPUBLICANOS;UNIAO,MDB;PCdoB;PDT;PP;PSB;PSD;PSOL;PT;REDE;REPUBLICANOS;UNIAO,MDB;PCdoB;PDT;PP;PSB;PSD;PSOL;PT;REDE;REPUBLICANOS;UNIAO,,,,established,,,
2023-12-08,lula_3,lula_3-2023-12-06,lula_3-2023-12-06,primary_adjudicated,MDB;PCdoB;PDT;PP;PSB;PSD;PSOL;PT;REDE;REPUBLICANOS;UNIAO,MDB;PCdoB;PDT;PP;PSB;PSD;PSOL;PT;REDE;REPUBLICANOS;UNIAO,MDB;PCdoB;PDT;PP;PSB;PSD;PSOL;PT;REDE;REPUBLICANOS;UNIAO,,,,established,,,
2023-12-09,lula_3,lula_3-2023-12-06,lula_3-2023-12-06,primary_adjudicated,MDB;PCdoB;PDT;PP;PSB;PSD;PSOL;PT;REDE;REPUBLICANOS;UNIAO,MDB;PCdoB;PDT;PP;PSB;PSD;PSOL;PT;REDE;REPUBLICANOS;UNIAO,MDB;PCdoB;PDT;PP;PSB;PSD;PSOL;PT;REDE;REPUBLICANOS;UNIAO,,,,established,,,
2023-12-10,lula_3,lula_3-2023-12-06,lula_3-2023-12-06,primary_adjudicated,MDB;PCdoB;PDT;PP;PSB;PSD;PSOL;PT;REDE;REPUBLICANOS;UNIAO,MDB;PCdoB;PDT;PP;PSB;PSD;PSOL;PT;REDE;REPUBLICANOS;UNIAO,MDB;PCdoB;PDT;PP;PSB;PSD;PSOL;PT;REDE;REPUBLICANOS;UNIAO,,,,established,,,
2023-12-11,lula_3,lula_3-2023-12-06,lula_3-2023-12-06,primary_adjudicated,MDB;PCdoB;PDT;PP;PSB;PSD;PSOL;PT;REDE;REPUBLICANOS;UNIAO,MDB;PCdoB;PDT;PP;PSB;PSD;PSOL;PT;REDE;REPUBLICANOS;UNIAO,MDB;PCdoB;PDT;PP;PSB;PSD;PSOL;PT;REDE;REPUBLICANOS;UNIAO,,,,established,,,
2023-12-12,lula_3,lula_3-2023-12-06,lula_3-2023-12-06,primary_adjudicated,MDB;PCdoB;PDT;PP;PSB;PSD;PSOL;PT;REDE;REPUBLICANOS;UNIAO,MDB;PCdoB;PDT;PP;PSB;PSD;PSOL;PT;REDE;REPUBLICANOS;UNIAO,MDB;PCdoB;PDT;PP;PSB;PSD;PSOL;PT;REDE;REPUBLICANOS;UNIAO,,,,established,,,
2023-12-13,lula_3,lula_3-2023-12-06,lula_3-2023-12-06,primary_adjudicated,MDB;PCdoB;PDT;PP;PSB;PSD;PSOL;PT;REDE;REPUBLICANOS;UNIAO,MDB;PCdoB;PDT;PP;PSB;PSD;PSOL;PT;REDE;REPUBLICANOS;UNIAO,MDB;PCdoB;PDT;PP;PSB;PSD;PSOL;PT;REDE;REPUBLICANOS;UNIAO,,,,established,,,
2023-12-14,lula_3,lula_3-2023-12-06,lula_3-2023-12-06,primary_adjudicated,MDB;PCdoB;PDT;PP;PSB;PSD;PSOL;PT;REDE;REPUBLICANOS;UNIAO,MDB;PCdoB;PDT;PP;PSB;PSD;PSOL;PT;REDE;REPUBLICANOS;UNIAO,MDB;PCdoB;PDT;PP;PSB;PSD;PSOL;PT;REDE;REPUBLICANOS;UNIAO,,,,established,,,
2023-12-15,lula_3,lula_3-2023-12-06,lula_3-2023-12-06,primary_adjudicated,MDB;PCdoB;PDT;PP;PSB;PSD;PSOL;PT;REDE;REPUBLICANOS;UNIAO,MDB;PCdoB;PDT;PP;PSB;PSD;PSOL;PT;REDE;REPUBLICANOS;UNIAO,MDB;PCdoB;PDT;PP;PSB;PSD;PSOL;PT;REDE;REPUBLICANOS;UNIAO,,,,established,,,
2023-12-16,lula_3,lula_3-2023-12-06,lula_3-2023-12-06,primary_adjudicated,MDB;PCdoB;PDT;PP;PSB;PSD;PSOL;PT;REDE;REPUBLICANOS;UNIAO,MDB;PCdoB;PDT;PP;PSB;PSD;PSOL;PT;REDE;REPUBLICANOS;UNIAO,MDB;PCdoB;PDT;PP;PSB;PSD;PSOL;PT;REDE;REPUBLICANOS;UNIAO,,,,established,,,
2023-12-17,lula_3,lula_3-2023-12-06,lula_3-2023-12-06,primary_adjudicated,MDB;PCdoB;PDT;PP;PSB;PSD;PSOL;PT;REDE;REPUBLICANOS;UNIAO,MDB;PCdoB;PDT;PP;PSB;PSD;PSOL;PT;REDE;REPUBLICANOS;UNIAO,MDB;PCdoB;PDT;PP;PSB;PSD;PSOL;PT;REDE;REPUBLICANOS;UNIAO,,,,established,,,
2023-12-18,lula_3,lula_3-2023-12-06,lula_3-2023-12-06,primary_adjudicated,MDB;PCdoB;PDT;PP;PSB;PSD;PSOL;PT;REDE;REPUBLICANOS;UNIAO,MDB;PCdoB;PDT;PP;PSB;PSD;PSOL;PT;REDE;REPUBLICANOS;UNIAO,MDB;PCdoB;PDT;PP;PSB;PSD;PSOL;PT;REDE;REPUBLICANOS;UNIAO,,,,established,,,
2023-12-19,lula_3,lula_3-2023-12-06,lula_3-2023-12-06,primary_adjudicated,MDB;PCdoB;PDT;PP;PSB;PSD;PSOL;PT;REDE;REPUBLICANOS;UNIAO,MDB;PCdoB;PDT;PP;PSB;PSD;PSOL;PT;REDE;REPUBLICANOS;UNIAO,MDB;PCdoB;PDT;PP;PSB;PSD;PSOL;PT;REDE;REPUBLICANOS;UNIAO,,,,established,,,
2023-12-20,lula_3,lula_3-2023-12-06,lula_3-2023-12-06,primary_adjudicated,MDB;PCdoB;PDT;PP;PSB;PSD;PSOL;PT;REDE;REPUBLICANOS;UNIAO,MDB;PCdoB;PDT;PP;PSB;PSD;PSOL;PT;REDE;REPUBLICANOS;UNIAO,MDB;PCdoB;PDT;PP;PSB;PSD;PSOL;PT;REDE;REPUBLICANOS;UNIAO,,,,established,,,
2023-12-21,lula_3,lula_3-2023-12-06,lula_3-2023-12-06,primary_adjudicated,MDB;PCdoB;PDT;PP;PSB;PSD;PSOL;PT;REDE;REPUBLICANOS;UNIAO,MDB;PCdoB;PDT;PP;PSB;PSD;PSOL;PT;REDE;REPUBLICANOS;UNIAO,MDB;PCdoB;PDT;PP;PSB;PSD;PSOL;PT;REDE;REPUBLICANOS;UNIAO,,,,established,,,
2023-12-22,lula_3,lula_3-2023-12-06,lula_3-2023-12-06,primary_adjudicated,MDB;PCdoB;PDT;PP;PSB;PSD;PSOL;PT;REDE;REPUBLICANOS;UNIAO,MDB;PCdoB;PDT;PP;PSB;PSD;PSOL;PT;REDE;REPUBLICANOS;UNIAO,MDB;PCdoB;PDT;PP;PSB;PSD;PSOL;PT;REDE;REPUBLICANOS;UNIAO,,,,established,,,
2023-12-23,lula_3,lula_3-2023-12-06,lula_3-2023-12-06,primary_adjudicated,MDB;PCdoB;PDT;PP;PSB;PSD;PSOL;PT;REDE;REPUBLICANOS;UNIAO,MDB;PCdoB;PDT;PP;PSB;PSD;PSOL;PT;REDE;REPUBLICANOS;UNIAO,MDB;PCdoB;PDT;PP;PSB;PSD;PSOL;PT;REDE;REPUBLICANOS;UNIAO,,,,established,,,
2023-12-24,lula_3,lula_3-2023-12-06,lula_3-2023-12-06,primary_adjudicated,MDB;PCdoB;PDT;PP;PSB;PSD;PSOL;PT;REDE;REPUBLICANOS;UNIAO,MDB;PCdoB;PDT;PP;PSB;PSD;PSOL;PT;REDE;REPUBLICANOS;UNIAO,MDB;PCdoB;PDT;PP;PSB;PSD;PSOL;PT;REDE;REPUBLICANOS;UNIAO,,,,established,,,
2023-12-25,lula_3,lula_3-2023-12-06,lula_3-2023-12-06,primary_adjudicated,MDB;PCdoB;PDT;PP;PSB;PSD;PSOL;PT;REDE;REPUBLICANOS;UNIAO,MDB;PCdoB;PDT;PP;PSB;PSD;PSOL;PT;REDE;REPUBLICANOS;UNIAO,MDB;PCdoB;PDT;PP;PSB;PSD;PSOL;PT;REDE;REPUBLICANOS;UNIAO,,,,established,,,
2023-12-26,lula_3,lula_3-2023-12-06,lula_3-2023-12-06,primary_adjudicated,MDB;PCdoB;PDT;PP;PSB;PSD;PSOL;PT;REDE;REPUBLICANOS;UNIAO,MDB;PCdoB;PDT;PP;PSB;PSD;PSOL;PT;REDE;REPUBLICANOS;UNIAO,MDB;PCdoB;PDT;PP;PSB;PSD;PSOL;PT;REDE;REPUBLICANOS;UNIAO,,,,established,,,
2023-12-27,lula_3,lula_3-2023-12-06,lula_3-2023-12-06,primary_adjudicated,MDB;PCdoB;PDT;PP;PSB;PSD;PSOL;PT;REDE;REPUBLICANOS;UNIAO,MDB;PCdoB;PDT;PP;PSB;PSD;PSOL;PT;REDE;REPUBLICANOS;UNIAO,MDB;PCdoB;PDT;PP;PSB;PSD;PSOL;PT;REDE;REPUBLICANOS;UNIAO,,,,established,,,
2023-12-28,lula_3,lula_3-2023-12-06,lula_3-2023-12-06,primary_adjudicated,MDB;PCdoB;PDT;PP;PSB;PSD;PSOL;PT;REDE;REPUBLICANOS;UNIAO,MDB;PCdoB;PDT;PP;PSB;PSD;PSOL;PT;REDE;REPUBLICANOS;UNIAO,MDB;PCdoB;PDT;PP;PSB;PSD;PSOL;PT;REDE;REPUBLICANOS;UNIAO,,,,established,,,
2023-12-29,lula_3,lula_3-2023-12-06,lula_3-2023-12-06,primary_adjudicated,MDB;PCdoB;PDT;PP;PSB;PSD;PSOL;PT;REDE;REPUBLICANOS;UNIAO,MDB;PCdoB;PDT;PP;PSB;PSD;PSOL;PT;REDE;REPUBLICANOS;UNIAO,MDB;PCdoB;PDT;PP;PSB;PSD;PSOL;PT;REDE;REPUBLICANOS;UNIAO,,,,established,,,
2023-12-30,lula_3,lula_3-2023-12-06,lula_3-2023-12-06,primary_adjudicated,MDB;PCdoB;PDT;PP;PSB;PSD;PSOL;PT;REDE;REPUBLICANOS;UNIAO,MDB;PCdoB;PDT;PP;PSB;PSD;PSOL;PT;REDE;REPUBLICANOS;UNIAO,MDB;PCdoB;PDT;PP;PSB;PSD;PSOL;PT;REDE;REPUBLICANOS;UNIAO,,,,established,,,
2023-12-31,lula_3,lula_3-2023-12-06,lula_3-2023-12-06,primary_adjudicated,MDB;PCdoB;PDT;PP;PSB;PSD;PSOL;PT;REDE;REPUBLICANOS;UNIAO,MDB;PCdoB;PDT;PP;PSB;PSD;PSOL;PT;REDE;REPUBLICANOS;UNIAO,MDB;PCdoB;PDT;PP;PSB;PSD;PSOL;PT;REDE;REPUBLICANOS;UNIAO,,,,established,,,
2024-01-01,lula_3,lula_3-2023-12-06,lula_3-2023-12-06,primary_adjudicated,MDB;PCdoB;PDT;PP;PSB;PSD;PSOL;PT;REDE;REPUBLICANOS;UNIAO,MDB;PCdoB;PDT;PP;PSB;PSD;PSOL;PT;REDE;REPUBLICANOS;UNIAO,MDB;PCdoB;PDT;PP;PSB;PSD;PSOL;PT;REDE;REPUBLICANOS;UNIAO,,,,established,,,
2024-01-02,lula_3,lula_3-2023-12-06,lula_3-2023-12-06,primary_adjudicated,MDB;PCdoB;PDT;PP;PSB;PSD;PSOL;PT;REDE;REPUBLICANOS;UNIAO,MDB;PCdoB;PDT;PP;PSB;PSD;PSOL;PT;REDE;REPUBLICANOS;UNIAO,MDB;PCdoB;PDT;PP;PSB;PSD;PSOL;PT;REDE;REPUBLICANOS;UNIAO,,,,established,,,
2024-01-03,lula_3,lula_3-2023-12-06,lula_3-2023-12-06,primary_adjudicated,MDB;PCdoB;PDT;PP;PSB;PSD;PSOL;PT;REDE;REPUBLICANOS;UNIAO,MDB;PCdoB;PDT;PP;PSB;PSD;PSOL;PT;REDE;REPUBLICANOS;UNIAO,MDB;PCdoB;PDT;PP;PSB;PSD;PSOL;PT;REDE;REPUBLICANOS;UNIAO,,,,established,,,
2024-01-04,lula_3,lula_3-2023-12-06,lula_3-2023-12-06,primary_adjudicated,MDB;PCdoB;PDT;PP;PSB;PSD;PSOL;PT;REDE;REPUBLICANOS;UNIAO,MDB;PCdoB;PDT;PP;PSB;PSD;PSOL;PT;REDE;REPUBLICANOS;UNIAO,MDB;PCdoB;PDT;PP;PSB;PSD;PSOL;PT;REDE;REPUBLICANOS;UNIAO,,,,established,,,
2024-01-05,lula_3,lula_3-2023-12-06,lula_3-2023-12-06,primary_adjudicated,MDB;PCdoB;PDT;PP;PSB;PSD;PSOL;PT;REDE;REPUBLICANOS;UNIAO,MDB;PCdoB;PDT;PP;PSB;PSD;PSOL;PT;REDE;REPUBLICANOS;UNIAO,MDB;PCdoB;PDT;PP;PSB;PSD;PSOL;PT;REDE;REPUBLICANOS;UNIAO,,,,established,,,
2024-01-06,lula_3,lula_3-2023-12-06,lula_3-2023-12-06,primary_adjudicated,MDB;PCdoB;PDT;PP;PSB;PSD;PSOL;PT;REDE;REPUBLICANOS;UNIAO,MDB;PCdoB;PDT;PP;PSB;PSD;PSOL;PT;REDE;REPUBLICANOS;UNIAO,MDB;PCdoB;PDT;PP;PSB;PSD;PSOL;PT;REDE;REPUBLICANOS;UNIAO,,,,established,,,
2024-01-07,lula_3,lula_3-2023-12-06,lula_3-2023-12-06,primary_adjudicated,MDB;PCdoB;PDT;PP;PSB;PSD;PSOL;PT;REDE;REPUBLICANOS;UNIAO,MDB;PCdoB;PDT;PP;PSB;PSD;PSOL;PT;REDE;REPUBLICANOS;UNIAO,MDB;PCdoB;PDT;PP;PSB;PSD;PSOL;PT;REDE;REPUBLICANOS;UNIAO,,,,established,,,
2024-01-08,lula_3,lula_3-2023-12-06,lula_3-2023-12-06,primary_adjudicated,MDB;PCdoB;PDT;PP;PSB;PSD;PSOL;PT;REDE;REPUBLICANOS;UNIAO,MDB;PCdoB;PDT;PP;PSB;PSD;PSOL;PT;REDE;REPUBLICANOS;UNIAO,MDB;PCdoB;PDT;PP;PSB;PSD;PSOL;PT;REDE;REPUBLICANOS;UNIAO,,,,established,,,
2024-01-09,lula_3,lula_3-2023-12-06,lula_3-2023-12-06,primary_adjudicated,MDB;PCdoB;PDT;PP;PSB;PSD;PSOL;PT;REDE;REPUBLICANOS;UNIAO,MDB;PCdoB;PDT;PP;PSB;PSD;PSOL;PT;REDE;REPUBLICANOS;UNIAO,MDB;PCdoB;PDT;PP;PSB;PSD;PSOL;PT;REDE;REPUBLICANOS;UNIAO,,,,established,,,
2024-01-10,lula_3,lula_3-2023-12-06,lula_3-2023-12-06,primary_adjudicated,MDB;PCdoB;PDT;PP;PSB;PSD;PSOL;PT;REDE;REPUBLICANOS;UNIAO,MDB;PCdoB;PDT;PP;PSB;PSD;PSOL;PT;REDE;REPUBLICANOS;UNIAO,MDB;PCdoB;PDT;PP;PSB;PSD;PSOL;PT;REDE;REPUBLICANOS;UNIAO,,,,established,,,
2024-01-11,lula_3,lula_3-2023-12-06,lula_3-2023-12-06,primary_adjudicated,MDB;PCdoB;PDT;PP;PSB;PSD;PSOL;PT;REDE;REPUBLICANOS;UNIAO,MDB;PCdoB;PDT;PP;PSB;PSD;PSOL;PT;REDE;REPUBLICANOS;UNIAO,MDB;PCdoB;PDT;PP;PSB;PSD;PSOL;PT;REDE;REPUBLICANOS;UNIAO,,,,established,,,
2024-01-12,lula_3,lula_3-2023-12-06,lula_3-2023-12-06,primary_adjudicated,MDB;PCdoB;PDT;PP;PSB;PSD;PSOL;PT;REDE;REPUBLICANOS;UNIAO,MDB;PCdoB;PDT;PP;PSB;PSD;PSOL;PT;REDE;REPUBLICANOS;UNIAO,MDB;PCdoB;PDT;PP;PSB;PSD;PSOL;PT;REDE;REPUBLICANOS;UNIAO,,,,established,,,
2024-01-13,lula_3,lula_3-2023-12-06,lula_3-2023-12-06,primary_adjudicated,MDB;PCdoB;PDT;PP;PSB;PSD;PSOL;PT;REDE;REPUBLICANOS;UNIAO,MDB;PCdoB;PDT;PP;PSB;PSD;PSOL;PT;REDE;REPUBLICANOS;UNIAO,MDB;PCdoB;PDT;PP;PSB;PSD;PSOL;PT;REDE;REPUBLICANOS;UNIAO,,,,established,,,
2024-01-14,lula_3,lula_3-2023-12-06,lula_3-2023-12-06,primary_adjudicated,MDB;PCdoB;PDT;PP;PSB;PSD;PSOL;PT;REDE;REPUBLICANOS;UNIAO,MDB;PCdoB;PDT;PP;PSB;PSD;PSOL;PT;REDE;REPUBLICANOS;UNIAO,MDB;PCdoB;PDT;PP;PSB;PSD;PSOL;PT;REDE;REPUBLICANOS;UNIAO,,,,established,,,
2024-01-15,lula_3,lula_3-2023-12-06,lula_3-2023-12-06,primary_adjudicated,MDB;PCdoB;PDT;PP;PSB;PSD;PSOL;PT;REDE;REPUBLICANOS;UNIAO,MDB;PCdoB;PDT;PP;PSB;PSD;PSOL;PT;REDE;REPUBLICANOS;UNIAO,MDB;PCdoB;PDT;PP;PSB;PSD;PSOL;PT;REDE;REPUBLICANOS;UNIAO,,,,established,,,
2024-01-16,lula_3,lula_3-2023-12-06,lula_3-2023-12-06,primary_adjudicated,MDB;PCdoB;PDT;PP;PSB;PSD;PSOL;PT;REDE;REPUBLICANOS;UNIAO,MDB;PCdoB;PDT;PP;PSB;PSD;PSOL;PT;REDE;REPUBLICANOS;UNIAO,MDB;PCdoB;PDT;PP;PSB;PSD;PSOL;PT;REDE;REPUBLICANOS;UNIAO,,,,established,,,
2024-01-17,lula_3,lula_3-2023-12-06,lula_3-2023-12-06,primary_adjudicated,MDB;PCdoB;PDT;PP;PSB;PSD;PSOL;PT;REDE;REPUBLICANOS;UNIAO,MDB;PCdoB;PDT;PP;PSB;PSD;PSOL;PT;REDE;REPUBLICANOS;UNIAO,MDB;PCdoB;PDT;PP;PSB;PSD;PSOL;PT;REDE;REPUBLICANOS;UNIAO,,,,established,,,
2024-01-18,lula_3,lula_3-2023-12-06,lula_3-2023-12-06,primary_adjudicated,MDB;PCdoB;PDT;PP;PSB;PSD;PSOL;PT;REDE;REPUBLICANOS;UNIAO,MDB;PCdoB;PDT;PP;PSB;PSD;PSOL;PT;REDE;REPUBLICANOS;UNIAO,MDB;PCdoB;PDT;PP;PSB;PSD;PSOL;PT;REDE;REPUBLICANOS;UNIAO,,,,established,,,
2024-01-19,lula_3,lula_3-2023-12-06,lula_3-2023-12-06,primary_adjudicated,MDB;PCdoB;PDT;PP;PSB;PSD;PSOL;PT;REDE;REPUBLICANOS;UNIAO,MDB;PCdoB;PDT;PP;PSB;PSD;PSOL;PT;REDE;REPUBLICANOS;UNIAO,MDB;PCdoB;PDT;PP;PSB;PSD;PSOL;PT;REDE;REPUBLICANOS;UNIAO,,,,established,,,
2024-01-20,lula_3,lula_3-2023-12-06,lula_3-2023-12-06,primary_adjudicated,MDB;PCdoB;PDT;PP;PSB;PSD;PSOL;PT;REDE;REPUBLICANOS;UNIAO,MDB;PCdoB;PDT;PP;PSB;PSD;PSOL;PT;REDE;REPUBLICANOS;UNIAO,MDB;PCdoB;PDT;PP;PSB;PSD;PSOL;PT;REDE;REPUBLICANOS;UNIAO,,,,established,,,
2024-01-21,lula_3,lula_3-2023-12-06,lula_3-2023-12-06,primary_adjudicated,MDB;PCdoB;PDT;PP;PSB;PSD;PSOL;PT;REDE;REPUBLICANOS;UNIAO,MDB;PCdoB;PDT;PP;PSB;PSD;PSOL;PT;REDE;REPUBLICANOS;UNIAO,MDB;PCdoB;PDT;PP;PSB;PSD;PSOL;PT;REDE;REPUBLICANOS;UNIAO,,,,established,,,
2024-01-22,lula_3,lula_3-2023-12-06,lula_3-2023-12-06,primary_adjudicated,MDB;PCdoB;PDT;PP;PSB;PSD;PSOL;PT;REDE;REPUBLICANOS;UNIAO,MDB;PCdoB;PDT;PP;PSB;PSD;PSOL;PT;REDE;REPUBLICANOS;UNIAO,MDB;PCdoB;PDT;PP;PSB;PSD;PSOL;PT;REDE;REPUBLICANOS;UNIAO,,,,established,,,
2024-01-23,lula_3,lula_3-2023-12-06,lula_3-2023-12-06,primary_adjudicated,MDB;PCdoB;PDT;PP;PSB;PSD;PSOL;PT;REDE;REPUBLICANOS;UNIAO,MDB;PCdoB;PDT;PP;PSB;PSD;PSOL;PT;REDE;REPUBLICANOS;UNIAO,MDB;PCdoB;PDT;PP;PSB;PSD;PSOL;PT;REDE;REPUBLICANOS;UNIAO,,,,established,,,
2024-01-24,lula_3,lula_3-2023-12-06,lula_3-2023-12-06,primary_adjudicated,MDB;PCdoB;PDT;PP;PSB;PSD;PSOL;PT;REDE;REPUBLICANOS;UNIAO,MDB;PCdoB;PDT;PP;PSB;PSD;PSOL;PT;REDE;REPUBLICANOS;UNIAO,MDB;PCdoB;PDT;PP;PSB;PSD;PSOL;PT;REDE;REPUBLICANOS;UNIAO,,,,established,,,
2024-01-25,lula_3,lula_3-2023-12-06,lula_3-2023-12-06,primary_adjudicated,MDB;PCdoB;PDT;PP;PSB;PSD;PSOL;PT;REDE;REPUBLICANOS;UNIAO,MDB;PCdoB;PDT;PP;PSB;PSD;PSOL;PT;REDE;REPUBLICANOS;UNIAO,MDB;PCdoB;PDT;PP;PSB;PSD;PSOL;PT;REDE;REPUBLICANOS;UNIAO,,,,established,,,
2024-01-26,lula_3,lula_3-2023-12-06,lula_3-2023-12-06,primary_adjudicated,MDB;PCdoB;PDT;PP;PSB;PSD;PSOL;PT;REDE;REPUBLICANOS;UNIAO,MDB;PCdoB;PDT;PP;PSB;PSD;PSOL;PT;REDE;REPUBLICANOS;UNIAO,MDB;PCdoB;PDT;PP;PSB;PSD;PSOL;PT;REDE;REPUBLICANOS;UNIAO,,,,established,,,
2024-01-27,lula_3,lula_3-2023-12-06,lula_3-2023-12-06,primary_adjudicated,MDB;PCdoB;PDT;PP;PSB;PSD;PSOL;PT;REDE;REPUBLICANOS;UNIAO,MDB;PCdoB;PDT;PP;PSB;PSD;PSOL;PT;REDE;REPUBLICANOS;UNIAO,MDB;PCdoB;PDT;PP;PSB;PSD;PSOL;PT;REDE;REPUBLICANOS;UNIAO,,,,established,,,
2024-01-28,lula_3,lula_3-2023-12-06,lula_3-2023-12-06,primary_adjudicated,MDB;PCdoB;PDT;PP;PSB;PSD;PSOL;PT;REDE;REPUBLICANOS;UNIAO,MDB;PCdoB;PDT;PP;PSB;PSD;PSOL;PT;REDE;REPUBLICANOS;UNIAO,MDB;PCdoB;PDT;PP;PSB;PSD;PSOL;PT;REDE;REPUBLICANOS;UNIAO,,,,established,,,
2024-01-29,lula_3,lula_3-2023-12-06,lula_3-2023-12-06,primary_adjudicated,MDB;PCdoB;PDT;PP;PSB;PSD;PSOL;PT;REDE;REPUBLICANOS;UNIAO,MDB;PCdoB;PDT;PP;PSB;PSD;PSOL;PT;REDE;REPUBLICANOS;UNIAO,MDB;PCdoB;PDT;PP;PSB;PSD;PSOL;PT;REDE;REPUBLICANOS;UNIAO,,,,established,,,
2024-01-30,lula_3,lula_3-2023-12-06,lula_3-2023-12-06,primary_adjudicated,MDB;PCdoB;PDT;PP;PSB;PSD;PSOL;PT;REDE;REPUBLICANOS;UNIAO,MDB;PCdoB;PDT;PP;PSB;PSD;PSOL;PT;REDE;REPUBLICANOS;UNIAO,MDB;PCdoB;PDT;PP;PSB;PSD;PSOL;PT;REDE;REPUBLICANOS;UNIAO,,,,established,,,
2024-01-31,lula_3,lula_3-2023-12-06,lula_3-2023-12-06,primary_adjudicated,MDB;PCdoB;PDT;PP;PSB;PSD;PSOL;PT;REDE;REPUBLICANOS;UNIAO,MDB;PCdoB;PDT;PP;PSB;PSD;PSOL;PT;REDE;REPUBLICANOS;UNIAO,MDB;PCdoB;PDT;PP;PSB;PSD;PSOL;PT;REDE;REPUBLICANOS;UNIAO,,,,established,,,
2024-02-01,lula_3,lula_3-2023-12-06,lula_3-2024-02-01,primary_adjudicated,MDB;PCdoB;PDT;PP;PSB;PSD;PSOL;PT;REDE;REPUBLICANOS;UNIAO,MDB;PCdoB;PDT;PP;PSB;PSD;PSOL;PT;REDE;REPUBLICANOS;UNIAO,MDB;PCdoB;PDT;PP;PSB;PSD;PSOL;PT;REDE;REPUBLICANOS;UNIAO,,,,established,,,
2024-02-02,lula_3,lula_3-2023-12-06,lula_3-2024-02-01,primary_adjudicated,MDB;PCdoB;PDT;PP;PSB;PSD;PSOL;PT;REDE;REPUBLICANOS;UNIAO,MDB;PCdoB;PDT;PP;PSB;PSD;PSOL;PT;REDE;REPUBLICANOS;UNIAO,MDB;PCdoB;PDT;PP;PSB;PSD;PSOL;PT;REDE;REPUBLICANOS;UNIAO,,,,established,,,
2024-02-03,lula_3,lula_3-2023-12-06,lula_3-2024-02-01,primary_adjudicated,MDB;PCdoB;PDT;PP;PSB;PSD;PSOL;PT;REDE;REPUBLICANOS;UNIAO,MDB;PCdoB;PDT;PP;PSB;PSD;PSOL;PT;REDE;REPUBLICANOS;UNIAO,MDB;PCdoB;PDT;PP;PSB;PSD;PSOL;PT;REDE;REPUBLICANOS;UNIAO,,,,established,,,
2024-02-04,lula_3,lula_3-2023-12-06,lula_3-2024-02-01,primary_adjudicated,MDB;PCdoB;PDT;PP;PSB;PSD;PSOL;PT;REDE;REPUBLICANOS;UNIAO,MDB;PCdoB;PDT;PP;PSB;PSD;PSOL;PT;REDE;REPUBLICANOS;UNIAO,MDB;PCdoB;PDT;PP;PSB;PSD;PSOL;PT;REDE;REPUBLICANOS;UNIAO,,,,established,,,
2024-02-05,lula_3,lula_3-2023-12-06,lula_3-2024-02-01,primary_adjudicated,MDB;PCdoB;PDT;PP;PSB;PSD;PSOL;PT;REDE;REPUBLICANOS;UNIAO,MDB;PCdoB;PDT;PP;PSB;PSD;PSOL;PT;REDE;REPUBLICANOS;UNIAO,MDB;PCdoB;PDT;PP;PSB;PSD;PSOL;PT;REDE;REPUBLICANOS;UNIAO,,,,established,,,
2024-02-06,lula_3,lula_3-2023-12-06,lula_3-2024-02-01,primary_adjudicated,MDB;PCdoB;PDT;PP;PSB;PSD;PSOL;PT;REDE;REPUBLICANOS;UNIAO,MDB;PCdoB;PDT;PP;PSB;PSD;PSOL;PT;REDE;REPUBLICANOS;UNIAO,MDB;PCdoB;PDT;PP;PSB;PSD;PSOL;PT;REDE;REPUBLICANOS;UNIAO,,,,established,,,
2024-02-07,lula_3,lula_3-2023-12-06,lula_3-2024-02-01,primary_adjudicated,MDB;PCdoB;PDT;PP;PSB;PSD;PSOL;PT;REDE;REPUBLICANOS;UNIAO,MDB;PCdoB;PDT;PP;PSB;PSD;PSOL;PT;REDE;REPUBLICANOS;UNIAO,MDB;PCdoB;PDT;PP;PSB;PSD;PSOL;PT;REDE;REPUBLICANOS;UNIAO,,,,established,,,
2024-02-08,lula_3,lula_3-2023-12-06,lula_3-2024-02-01,primary_adjudicated,MDB;PCdoB;PDT;PP;PSB;PSD;PSOL;PT;REDE;REPUBLICANOS;UNIAO,MDB;PCdoB;PDT;PP;PSB;PSD;PSOL;PT;REDE;REPUBLICANOS;UNIAO,MDB;PCdoB;PDT;PP;PSB;PSD;PSOL;PT;REDE;REPUBLICANOS;UNIAO,,,,established,,,
2024-02-09,lula_3,lula_3-2023-12-06,lula_3-2024-02-01,primary_adjudicated,MDB;PCdoB;PDT;PP;PSB;PSD;PSOL;PT;REDE;REPUBLICANOS;UNIAO,MDB;PCdoB;PDT;PP;PSB;PSD;PSOL;PT;REDE;REPUBLICANOS;UNIAO,MDB;PCdoB;PDT;PP;PSB;PSD;PSOL;PT;REDE;REPUBLICANOS;UNIAO,,,,established,,,
2024-02-10,lula_3,lula_3-2023-12-06,lula_3-2024-02-01,primary_adjudicated,MDB;PCdoB;PDT;PP;PSB;PSD;PSOL;PT;REDE;REPUBLICANOS;UNIAO,MDB;PCdoB;PDT;PP;PSB;PSD;PSOL;PT;REDE;REPUBLICANOS;UNIAO,MDB;PCdoB;PDT;PP;PSB;PSD;PSOL;PT;REDE;REPUBLICANOS;UNIAO,,,,established,,,
2024-02-11,lula_3,lula_3-2023-12-06,lula_3-2024-02-01,primary_adjudicated,MDB;PCdoB;PDT;PP;PSB;PSD;PSOL;PT;REDE;REPUBLICANOS;UNIAO,MDB;PCdoB;PDT;PP;PSB;PSD;PSOL;PT;REDE;REPUBLICANOS;UNIAO,MDB;PCdoB;PDT;PP;PSB;PSD;PSOL;PT;REDE;REPUBLICANOS;UNIAO,,,,established,,,
2024-02-12,lula_3,lula_3-2023-12-06,lula_3-2024-02-01,primary_adjudicated,MDB;PCdoB;PDT;PP;PSB;PSD;PSOL;PT;REDE;REPUBLICANOS;UNIAO,MDB;PCdoB;PDT;PP;PSB;PSD;PSOL;PT;REDE;REPUBLICANOS;UNIAO,MDB;PCdoB;PDT;PP;PSB;PSD;PSOL;PT;REDE;REPUBLICANOS;UNIAO,,,,established,,,
2024-02-13,lula_3,lula_3-2023-12-06,lula_3-2024-02-01,primary_adjudicated,MDB;PCdoB;PDT;PP;PSB;PSD;PSOL;PT;REDE;REPUBLICANOS;UNIAO,MDB;PCdoB;PDT;PP;PSB;PSD;PSOL;PT;REDE;REPUBLICANOS;UNIAO,MDB;PCdoB;PDT;PP;PSB;PSD;PSOL;PT;REDE;REPUBLICANOS;UNIAO,,,,established,,,
2024-02-14,lula_3,lula_3-2023-12-06,lula_3-2024-02-01,primary_adjudicated,MDB;PCdoB;PDT;PP;PSB;PSD;PSOL;PT;REDE;REPUBLICANOS;UNIAO,MDB;PCdoB;PDT;PP;PSB;PSD;PSOL;PT;REDE;REPUBLICANOS;UNIAO,MDB;PCdoB;PDT;PP;PSB;PSD;PSOL;PT;REDE;REPUBLICANOS;UNIAO,,,,established,,,
2024-02-15,lula_3,lula_3-2023-12-06,lula_3-2024-02-01,primary_adjudicated,MDB;PCdoB;PDT;PP;PSB;PSD;PSOL;PT;REDE;REPUBLICANOS;UNIAO,MDB;PCdoB;PDT;PP;PSB;PSD;PSOL;PT;REDE;REPUBLICANOS;UNIAO,MDB;PCdoB;PDT;PP;PSB;PSD;PSOL;PT;REDE;REPUBLICANOS;UNIAO,,,,established,,,
2024-02-16,lula_3,lula_3-2023-12-06,lula_3-2024-02-01,primary_adjudicated,MDB;PCdoB;PDT;PP;PSB;PSD;PSOL;PT;REDE;REPUBLICANOS;UNIAO,MDB;PCdoB;PDT;PP;PSB;PSD;PSOL;PT;REDE;REPUBLICANOS;UNIAO,MDB;PCdoB;PDT;PP;PSB;PSD;PSOL;PT;REDE;REPUBLICANOS;UNIAO,,,,established,,,
2024-02-17,lula_3,lula_3-2023-12-06,lula_3-2024-02-01,primary_adjudicated,MDB;PCdoB;PDT;PP;PSB;PSD;PSOL;PT;REDE;REPUBLICANOS;UNIAO,MDB;PCdoB;PDT;PP;PSB;PSD;PSOL;PT;REDE;REPUBLICANOS;UNIAO,MDB;PCdoB;PDT;PP;PSB;PSD;PSOL;PT;REDE;REPUBLICANOS;UNIAO,,,,established,,,
2024-02-18,lula_3,lula_3-2023-12-06,lula_3-2024-02-01,primary_adjudicated,MDB;PCdoB;PDT;PP;PSB;PSD;PSOL;PT;REDE;REPUBLICANOS;UNIAO,MDB;PCdoB;PDT;PP;PSB;PSD;PSOL;PT;REDE;REPUBLICANOS;UNIAO,MDB;PCdoB;PDT;PP;PSB;PSD;PSOL;PT;REDE;REPUBLICANOS;UNIAO,,,,established,,,
2024-02-19,lula_3,lula_3-2023-12-06,lula_3-2024-02-01,primary_adjudicated,MDB;PCdoB;PDT;PP;PSB;PSD;PSOL;PT;REDE;REPUBLICANOS;UNIAO,MDB;PCdoB;PDT;PP;PSB;PSD;PSOL;PT;REDE;REPUBLICANOS;UNIAO,MDB;PCdoB;PDT;PP;PSB;PSD;PSOL;PT;REDE;REPUBLICANOS;UNIAO,,,,established,,,
2024-02-20,lula_3,lula_3-2023-12-06,lula_3-2024-02-01,primary_adjudicated,MDB;PCdoB;PDT;PP;PSB;PSD;PSOL;PT;REDE;REPUBLICANOS;UNIAO,MDB;PCdoB;PDT;PP;PSB;PSD;PSOL;PT;REDE;REPUBLICANOS;UNIAO,MDB;PCdoB;PDT;PP;PSB;PSD;PSOL;PT;REDE;REPUBLICANOS;UNIAO,,,,established,,,
2024-02-21,lula_3,lula_3-2023-12-06,lula_3-2024-02-01,primary_adjudicated,MDB;PCdoB;PDT;PP;PSB;PSD;PSOL;PT;REDE;REPUBLICANOS;UNIAO,MDB;PCdoB;PDT;PP;PSB;PSD;PSOL;PT;REDE;REPUBLICANOS;UNIAO,MDB;PCdoB;PDT;PP;PSB;PSD;PSOL;PT;REDE;REPUBLICANOS;UNIAO,,,,established,,,
2024-02-22,lula_3,lula_3-2023-12-06,lula_3-2024-02-01,primary_adjudicated,MDB;PCdoB;PDT;PP;PSB;PSD;PSOL;PT;REDE;REPUBLICANOS;UNIAO,MDB;PCdoB;PDT;PP;PSB;PSD;PSOL;PT;REDE;REPUBLICANOS;UNIAO,MDB;PCdoB;PDT;PP;PSB;PSD;PSOL;PT;REDE;REPUBLICANOS;UNIAO,,,,established,,,
2024-02-23,lula_3,lula_3-2023-12-06,lula_3-2024-02-01,primary_adjudicated,MDB;PCdoB;PDT;PP;PSB;PSD;PSOL;PT;REDE;REPUBLICANOS;UNIAO,MDB;PCdoB;PDT;PP;PSB;PSD;PSOL;PT;REDE;REPUBLICANOS;UNIAO,MDB;PCdoB;PDT;PP;PSB;PSD;PSOL;PT;REDE;REPUBLICANOS;UNIAO,,,,established,,,
2024-02-24,lula_3,lula_3-2023-12-06,lula_3-2024-02-01,primary_adjudicated,MDB;PCdoB;PDT;PP;PSB;PSD;PSOL;PT;REDE;REPUBLICANOS;UNIAO,MDB;PCdoB;PDT;PP;PSB;PSD;PSOL;PT;REDE;REPUBLICANOS;UNIAO,MDB;PCdoB;PDT;PP;PSB;PSD;PSOL;PT;REDE;REPUBLICANOS;UNIAO,,,,established,,,
2024-02-25,lula_3,lula_3-2023-12-06,lula_3-2024-02-01,primary_adjudicated,MDB;PCdoB;PDT;PP;PSB;PSD;PSOL;PT;REDE;REPUBLICANOS;UNIAO,MDB;PCdoB;PDT;PP;PSB;PSD;PSOL;PT;REDE;REPUBLICANOS;UNIAO,MDB;PCdoB;PDT;PP;PSB;PSD;PSOL;PT;REDE;REPUBLICANOS;UNIAO,,,,established,,,
2024-02-26,lula_3,lula_3-2023-12-06,lula_3-2024-02-01,primary_adjudicated,MDB;PCdoB;PDT;PP;PSB;PSD;PSOL;PT;REDE;REPUBLICANOS;UNIAO,MDB;PCdoB;PDT;PP;PSB;PSD;PSOL;PT;REDE;REPUBLICANOS;UNIAO,MDB;PCdoB;PDT;PP;PSB;PSD;PSOL;PT;REDE;REPUBLICANOS;UNIAO,,,,established,,,
2024-02-27,lula_3,lula_3-2023-12-06,lula_3-2024-02-01,primary_adjudicated,MDB;PCdoB;PDT;PP;PSB;PSD;PSOL;PT;REDE;REPUBLICANOS;UNIAO,MDB;PCdoB;PDT;PP;PSB;PSD;PSOL;PT;REDE;REPUBLICANOS;UNIAO,MDB;PCdoB;PDT;PP;PSB;PSD;PSOL;PT;REDE;REPUBLICANOS;UNIAO,,,,established,,,
2024-02-28,lula_3,lula_3-2023-12-06,lula_3-2024-02-01,primary_adjudicated,MDB;PCdoB;PDT;PP;PSB;PSD;PSOL;PT;REDE;REPUBLICANOS;UNIAO,MDB;PCdoB;PDT;PP;PSB;PSD;PSOL;PT;REDE;REPUBLICANOS;UNIAO,MDB;PCdoB;PDT;PP;PSB;PSD;PSOL;PT;REDE;REPUBLICANOS;UNIAO,,,,established,,,
2024-02-29,lula_3,lula_3-2023-12-06,lula_3-2024-02-01,primary_adjudicated,MDB;PCdoB;PDT;PP;PSB;PSD;PSOL;PT;REDE;REPUBLICANOS;UNIAO,MDB;PCdoB;PDT;PP;PSB;PSD;PSOL;PT;REDE;REPUBLICANOS;UNIAO,MDB;PCdoB;PDT;PP;PSB;PSD;PSOL;PT;REDE;REPUBLICANOS;UNIAO,,,,established,,,
2024-03-01,lula_3,lula_3-2023-12-06,lula_3-2024-02-01,primary_adjudicated,MDB;PCdoB;PDT;PP;PSB;PSD;PSOL;PT;REDE;REPUBLICANOS;UNIAO,MDB;PCdoB;PDT;PP;PSB;PSD;PSOL;PT;REDE;REPUBLICANOS;UNIAO,MDB;PCdoB;PDT;PP;PSB;PSD;PSOL;PT;REDE;REPUBLICANOS;UNIAO,,,,established,,,
2024-03-02,lula_3,lula_3-2023-12-06,lula_3-2024-02-01,primary_adjudicated,MDB;PCdoB;PDT;PP;PSB;PSD;PSOL;PT;REDE;REPUBLICANOS;UNIAO,MDB;PCdoB;PDT;PP;PSB;PSD;PSOL;PT;REDE;REPUBLICANOS;UNIAO,MDB;PCdoB;PDT;PP;PSB;PSD;PSOL;PT;REDE;REPUBLICANOS;UNIAO,,,,established,,,
2024-03-03,lula_3,lula_3-2023-12-06,lula_3-2024-02-01,primary_adjudicated,MDB;PCdoB;PDT;PP;PSB;PSD;PSOL;PT;REDE;REPUBLICANOS;UNIAO,MDB;PCdoB;PDT;PP;PSB;PSD;PSOL;PT;REDE;REPUBLICANOS;UNIAO,MDB;PCdoB;PDT;PP;PSB;PSD;PSOL;PT;REDE;REPUBLICANOS;UNIAO,,,,established,,,
2024-03-04,lula_3,lula_3-2023-12-06,lula_3-2024-02-01,primary_adjudicated,MDB;PCdoB;PDT;PP;PSB;PSD;PSOL;PT;REDE;REPUBLICANOS;UNIAO,MDB;PCdoB;PDT;PP;PSB;PSD;PSOL;PT;REDE;REPUBLICANOS;UNIAO,MDB;PCdoB;PDT;PP;PSB;PSD;PSOL;PT;REDE;REPUBLICANOS;UNIAO,,,,established,,,
2024-03-05,lula_3,lula_3-2023-12-06,lula_3-2024-02-01,primary_adjudicated,MDB;PCdoB;PDT;PP;PSB;PSD;PSOL;PT;REDE;REPUBLICANOS;UNIAO,MDB;PCdoB;PDT;PP;PSB;PSD;PSOL;PT;REDE;REPUBLICANOS;UNIAO,MDB;PCdoB;PDT;PP;PSB;PSD;PSOL;PT;REDE;REPUBLICANOS;UNIAO,,,,established,,,
2024-03-06,lula_3,lula_3-2023-12-06,lula_3-2024-02-01,primary_adjudicated,MDB;PCdoB;PDT;PP;PSB;PSD;PSOL;PT;REDE;REPUBLICANOS;UNIAO,MDB;PCdoB;PDT;PP;PSB;PSD;PSOL;PT;REDE;REPUBLICANOS;UNIAO,MDB;PCdoB;PDT;PP;PSB;PSD;PSOL;PT;REDE;REPUBLICANOS;UNIAO,,,,established,,,
2024-03-07,lula_3,lula_3-2023-12-06,lula_3-2024-02-01,primary_adjudicated,MDB;PCdoB;PDT;PP;PSB;PSD;PSOL;PT;REDE;REPUBLICANOS;UNIAO,MDB;PCdoB;PDT;PP;PSB;PSD;PSOL;PT;REDE;REPUBLICANOS;UNIAO,MDB;PCdoB;PDT;PP;PSB;PSD;PSOL;PT;REDE;REPUBLICANOS;UNIAO,,,,established,,,
2024-03-08,lula_3,lula_3-2023-12-06,lula_3-2024-02-01,primary_adjudicated,MDB;PCdoB;PDT;PP;PSB;PSD;PSOL;PT;REDE;REPUBLICANOS;UNIAO,MDB;PCdoB;PDT;PP;PSB;PSD;PSOL;PT;REDE;REPUBLICANOS;UNIAO,MDB;PCdoB;PDT;PP;PSB;PSD;PSOL;PT;REDE;REPUBLICANOS;UNIAO,,,,established,,,
2024-03-09,lula_3,lula_3-2023-12-06,lula_3-2024-02-01,primary_adjudicated,MDB;PCdoB;PDT;PP;PSB;PSD;PSOL;PT;REDE;REPUBLICANOS;UNIAO,MDB;PCdoB;PDT;PP;PSB;PSD;PSOL;PT;REDE;REPUBLICANOS;UNIAO,MDB;PCdoB;PDT;PP;PSB;PSD;PSOL;PT;REDE;REPUBLICANOS;UNIAO,,,,established,,,
2024-03-10,lula_3,lula_3-2023-12-06,lula_3-2024-02-01,primary_adjudicated,MDB;PCdoB;PDT;PP;PSB;PSD;PSOL;PT;REDE;REPUBLICANOS;UNIAO,MDB;PCdoB;PDT;PP;PSB;PSD;PSOL;PT;REDE;REPUBLICANOS;UNIAO,MDB;PCdoB;PDT;PP;PSB;PSD;PSOL;PT;REDE;REPUBLICANOS;UNIAO,,,,established,,,
2024-03-11,lula_3,lula_3-2023-12-06,lula_3-2024-02-01,primary_adjudicated,MDB;PCdoB;PDT;PP;PSB;PSD;PSOL;PT;REDE;REPUBLICANOS;UNIAO,MDB;PCdoB;PDT;PP;PSB;PSD;PSOL;PT;REDE;REPUBLICANOS;UNIAO,MDB;PCdoB;PDT;PP;PSB;PSD;PSOL;PT;REDE;REPUBLICANOS;UNIAO,,,,established,,,
2024-03-12,lula_3,lula_3-2023-12-06,lula_3-2024-02-01,primary_adjudicated,MDB;PCdoB;PDT;PP;PSB;PSD;PSOL;PT;REDE;REPUBLICANOS;UNIAO,MDB;PCdoB;PDT;PP;PSB;PSD;PSOL;PT;REDE;REPUBLICANOS;UNIAO,MDB;PCdoB;PDT;PP;PSB;PSD;PSOL;PT;REDE;REPUBLICANOS;UNIAO,,,,established,,,
2024-03-13,lula_3,lula_3-2023-12-06,lula_3-2024-02-01,primary_adjudicated,MDB;PCdoB;PDT;PP;PSB;PSD;PSOL;PT;REDE;REPUBLICANOS;UNIAO,MDB;PCdoB;PDT;PP;PSB;PSD;PSOL;PT;REDE;REPUBLICANOS;UNIAO,MDB;PCdoB;PDT;PP;PSB;PSD;PSOL;PT;REDE;REPUBLICANOS;UNIAO,,,,established,,,
2024-03-14,lula_3,lula_3-2023-12-06,lula_3-2024-02-01,primary_adjudicated,MDB;PCdoB;PDT;PP;PSB;PSD;PSOL;PT;REDE;REPUBLICANOS;UNIAO,MDB;PCdoB;PDT;PP;PSB;PSD;PSOL;PT;REDE;REPUBLICANOS;UNIAO,MDB;PCdoB;PDT;PP;PSB;PSD;PSOL;PT;REDE;REPUBLICANOS;UNIAO,,,,established,,,
2024-03-15,lula_3,lula_3-2023-12-06,lula_3-2024-02-01,primary_adjudicated,MDB;PCdoB;PDT;PP;PSB;PSD;PSOL;PT;REDE;REPUBLICANOS;UNIAO,MDB;PCdoB;PDT;PP;PSB;PSD;PSOL;PT;REDE;REPUBLICANOS;UNIAO,MDB;PCdoB;PDT;PP;PSB;PSD;PSOL;PT;REDE;REPUBLICANOS;UNIAO,,,,established,,,
2024-03-16,lula_3,lula_3-2023-12-06,lula_3-2024-02-01,primary_adjudicated,MDB;PCdoB;PDT;PP;PSB;PSD;PSOL;PT;REDE;REPUBLICANOS;UNIAO,MDB;PCdoB;PDT;PP;PSB;PSD;PSOL;PT;REDE;REPUBLICANOS;UNIAO,MDB;PCdoB;PDT;PP;PSB;PSD;PSOL;PT;REDE;REPUBLICANOS;UNIAO,,,,established,,,
2024-03-17,lula_3,lula_3-2023-12-06,lula_3-2024-02-01,primary_adjudicated,MDB;PCdoB;PDT;PP;PSB;PSD;PSOL;PT;REDE;REPUBLICANOS;UNIAO,MDB;PCdoB;PDT;PP;PSB;PSD;PSOL;PT;REDE;REPUBLICANOS;UNIAO,MDB;PCdoB;PDT;PP;PSB;PSD;PSOL;PT;REDE;REPUBLICANOS;UNIAO,,,,established,,,
2024-03-18,lula_3,lula_3-2023-12-06,lula_3-2024-02-01,primary_adjudicated,MDB;PCdoB;PDT;PP;PSB;PSD;PSOL;PT;REDE;REPUBLICANOS;UNIAO,MDB;PCdoB;PDT;PP;PSB;PSD;PSOL;PT;REDE;REPUBLICANOS;UNIAO,MDB;PCdoB;PDT;PP;PSB;PSD;PSOL;PT;REDE;REPUBLICANOS;UNIAO,,,,established,,,
2024-03-19,lula_3,lula_3-2023-12-06,lula_3-2024-02-01,primary_adjudicated,MDB;PCdoB;PDT;PP;PSB;PSD;PSOL;PT;REDE;REPUBLICANOS;UNIAO,MDB;PCdoB;PDT;PP;PSB;PSD;PSOL;PT;REDE;REPUBLICANOS;UNIAO,MDB;PCdoB;PDT;PP;PSB;PSD;PSOL;PT;REDE;REPUBLICANOS;UNIAO,,,,established,,,
2024-03-20,lula_3,lula_3-2023-12-06,lula_3-2024-02-01,primary_adjudicated,MDB;PCdoB;PDT;PP;PSB;PSD;PSOL;PT;REDE;REPUBLICANOS;UNIAO,MDB;PCdoB;PDT;PP;PSB;PSD;PSOL;PT;REDE;REPUBLICANOS;UNIAO,MDB;PCdoB;PDT;PP;PSB;PSD;PSOL;PT;REDE;REPUBLICANOS;UNIAO,,,,established,,,
2024-03-21,lula_3,lula_3-2023-12-06,lula_3-2024-02-01,primary_adjudicated,MDB;PCdoB;PDT;PP;PSB;PSD;PSOL;PT;REDE;REPUBLICANOS;UNIAO,MDB;PCdoB;PDT;PP;PSB;PSD;PSOL;PT;REDE;REPUBLICANOS;UNIAO,MDB;PCdoB;PDT;PP;PSB;PSD;PSOL;PT;REDE;REPUBLICANOS;UNIAO,,,,established,,,
2024-03-22,lula_3,lula_3-2023-12-06,lula_3-2024-02-01,primary_adjudicated,MDB;PCdoB;PDT;PP;PSB;PSD;PSOL;PT;REDE;REPUBLICANOS;UNIAO,MDB;PCdoB;PDT;PP;PSB;PSD;PSOL;PT;REDE;REPUBLICANOS;UNIAO,MDB;PCdoB;PDT;PP;PSB;PSD;PSOL;PT;REDE;REPUBLICANOS;UNIAO,,,,established,,,
2024-03-23,lula_3,lula_3-2023-12-06,lula_3-2024-02-01,primary_adjudicated,MDB;PCdoB;PDT;PP;PSB;PSD;PSOL;PT;REDE;REPUBLICANOS;UNIAO,MDB;PCdoB;PDT;PP;PSB;PSD;PSOL;PT;REDE;REPUBLICANOS;UNIAO,MDB;PCdoB;PDT;PP;PSB;PSD;PSOL;PT;REDE;REPUBLICANOS;UNIAO,,,,established,,,
2024-03-24,lula_3,lula_3-2023-12-06,lula_3-2024-02-01,primary_adjudicated,MDB;PCdoB;PDT;PP;PSB;PSD;PSOL;PT;REDE;REPUBLICANOS;UNIAO,MDB;PCdoB;PDT;PP;PSB;PSD;PSOL;PT;REDE;REPUBLICANOS;UNIAO,MDB;PCdoB;PDT;PP;PSB;PSD;PSOL;PT;REDE;REPUBLICANOS;UNIAO,,,,established,,,
2024-03-25,lula_3,lula_3-2023-12-06,lula_3-2024-02-01,primary_adjudicated,MDB;PCdoB;PDT;PP;PSB;PSD;PSOL;PT;REDE;REPUBLICANOS;UNIAO,MDB;PCdoB;PDT;PP;PSB;PSD;PSOL;PT;REDE;REPUBLICANOS;UNIAO,MDB;PCdoB;PDT;PP;PSB;PSD;PSOL;PT;REDE;REPUBLICANOS;UNIAO,,,,established,,,
2024-03-26,lula_3,lula_3-2023-12-06,lula_3-2024-02-01,primary_adjudicated,MDB;PCdoB;PDT;PP;PSB;PSD;PSOL;PT;REDE;REPUBLICANOS;UNIAO,MDB;PCdoB;PDT;PP;PSB;PSD;PSOL;PT;REDE;REPUBLICANOS;UNIAO,MDB;PCdoB;PDT;PP;PSB;PSD;PSOL;PT;REDE;REPUBLICANOS;UNIAO,,,,established,,,
2024-03-27,lula_3,lula_3-2023-12-06,lula_3-2024-02-01,primary_adjudicated,MDB;PCdoB;PDT;PP;PSB;PSD;PSOL;PT;REDE;REPUBLICANOS;UNIAO,MDB;PCdoB;PDT;PP;PSB;PSD;PSOL;PT;REDE;REPUBLICANOS;UNIAO,MDB;PCdoB;PDT;PP;PSB;PSD;PSOL;PT;REDE;REPUBLICANOS;UNIAO,,,,established,,,
2024-03-28,lula_3,lula_3-2023-12-06,lula_3-2024-02-01,primary_adjudicated,MDB;PCdoB;PDT;PP;PSB;PSD;PSOL;PT;REDE;REPUBLICANOS;UNIAO,MDB;PCdoB;PDT;PP;PSB;PSD;PSOL;PT;REDE;REPUBLICANOS;UNIAO,MDB;PCdoB;PDT;PP;PSB;PSD;PSOL;PT;REDE;REPUBLICANOS;UNIAO,,,,established,,,
2024-03-29,lula_3,lula_3-2023-12-06,lula_3-2024-02-01,primary_adjudicated,MDB;PCdoB;PDT;PP;PSB;PSD;PSOL;PT;REDE;REPUBLICANOS;UNIAO,MDB;PCdoB;PDT;PP;PSB;PSD;PSOL;PT;REDE;REPUBLICANOS;UNIAO,MDB;PCdoB;PDT;PP;PSB;PSD;PSOL;PT;REDE;REPUBLICANOS;UNIAO,,,,established,,,
2024-03-30,lula_3,lula_3-2023-12-06,lula_3-2024-02-01,primary_adjudicated,MDB;PCdoB;PDT;PP;PSB;PSD;PSOL;PT;REDE;REPUBLICANOS;UNIAO,MDB;PCdoB;PDT;PP;PSB;PSD;PSOL;PT;REDE;REPUBLICANOS;UNIAO,MDB;PCdoB;PDT;PP;PSB;PSD;PSOL;PT;REDE;REPUBLICANOS;UNIAO,,,,established,,,
2024-03-31,lula_3,lula_3-2023-12-06,lula_3-2024-02-01,primary_adjudicated,MDB;PCdoB;PDT;PP;PSB;PSD;PSOL;PT;REDE;REPUBLICANOS;UNIAO,MDB;PCdoB;PDT;PP;PSB;PSD;PSOL;PT;REDE;REPUBLICANOS;UNIAO,MDB;PCdoB;PDT;PP;PSB;PSD;PSOL;PT;REDE;REPUBLICANOS;UNIAO,,,,established,,,
2024-04-01,lula_3,lula_3-2023-12-06,lula_3-2024-02-01,primary_adjudicated,MDB;PCdoB;PDT;PP;PSB;PSD;PSOL;PT;REDE;REPUBLICANOS;UNIAO,MDB;PCdoB;PDT;PP;PSB;PSD;PSOL;PT;REDE;REPUBLICANOS;UNIAO,MDB;PCdoB;PDT;PP;PSB;PSD;PSOL;PT;REDE;REPUBLICANOS;UNIAO,,,,established,,,
2024-04-02,lula_3,lula_3-2023-12-06,lula_3-2024-04-02,primary_adjudicated,MDB;PCdoB;PDT;PP;PSB;PSD;PSOL;PT;REDE;REPUBLICANOS;UNIAO,MDB;PCdoB;PDT;PP;PSB;PSD;PSOL;PT;REDE;REPUBLICANOS;UNIAO,MDB;PCdoB;PDT;PP;PSB;PSD;PSOL;PT;REDE;REPUBLICANOS;UNIAO,,,,established,,,
2024-04-03,lula_3,lula_3-2023-12-06,lula_3-2024-04-02,primary_adjudicated,MDB;PCdoB;PDT;PP;PSB;PSD;PSOL;PT;REDE;REPUBLICANOS;UNIAO,MDB;PCdoB;PDT;PP;PSB;PSD;PSOL;PT;REDE;REPUBLICANOS;UNIAO,MDB;PCdoB;PDT;PP;PSB;PSD;PSOL;PT;REDE;REPUBLICANOS;UNIAO,,,,established,,,
2024-04-04,lula_3,lula_3-2023-12-06,lula_3-2024-04-02,primary_adjudicated,MDB;PCdoB;PDT;PP;PSB;PSD;PSOL;PT;REDE;REPUBLICANOS;UNIAO,MDB;PCdoB;PDT;PP;PSB;PSD;PSOL;PT;REDE;REPUBLICANOS;UNIAO,MDB;PCdoB;PDT;PP;PSB;PSD;PSOL;PT;REDE;REPUBLICANOS;UNIAO,,,,established,,,
2024-04-05,lula_3,lula_3-2023-12-06,lula_3-2024-04-02,primary_adjudicated,MDB;PCdoB;PDT;PP;PSB;PSD;PSOL;PT;REDE;REPUBLICANOS;UNIAO,MDB;PCdoB;PDT;PP;PSB;PSD;PSOL;PT;REDE;REPUBLICANOS;UNIAO,MDB;PCdoB;PDT;PP;PSB;PSD;PSOL;PT;REDE;REPUBLICANOS;UNIAO,,,,established,,,
2024-04-06,lula_3,lula_3-2023-12-06,lula_3-2024-04-02,primary_adjudicated,MDB;PCdoB;PDT;PP;PSB;PSD;PSOL;PT;REDE;REPUBLICANOS;UNIAO,MDB;PCdoB;PDT;PP;PSB;PSD;PSOL;PT;REDE;REPUBLICANOS;UNIAO,MDB;PCdoB;PDT;PP;PSB;PSD;PSOL;PT;REDE;REPUBLICANOS;UNIAO,,,,established,,,
2024-04-07,lula_3,lula_3-2023-12-06,lula_3-2024-04-02,primary_adjudicated,MDB;PCdoB;PDT;PP;PSB;PSD;PSOL;PT;REDE;REPUBLICANOS;UNIAO,MDB;PCdoB;PDT;PP;PSB;PSD;PSOL;PT;REDE;REPUBLICANOS;UNIAO,MDB;PCdoB;PDT;PP;PSB;PSD;PSOL;PT;REDE;REPUBLICANOS;UNIAO,,,,established,,,
2024-04-08,lula_3,lula_3-2023-12-06,lula_3-2024-04-02,primary_adjudicated,MDB;PCdoB;PDT;PP;PSB;PSD;PSOL;PT;REDE;REPUBLICANOS;UNIAO,MDB;PCdoB;PDT;PP;PSB;PSD;PSOL;PT;REDE;REPUBLICANOS;UNIAO,MDB;PCdoB;PDT;PP;PSB;PSD;PSOL;PT;REDE;REPUBLICANOS;UNIAO,,,,established,,,
2024-04-09,lula_3,lula_3-2023-12-06,lula_3-2024-04-02,primary_adjudicated,MDB;PCdoB;PDT;PP;PSB;PSD;PSOL;PT;REDE;REPUBLICANOS;UNIAO,MDB;PCdoB;PDT;PP;PSB;PSD;PSOL;PT;REDE;REPUBLICANOS;UNIAO,MDB;PCdoB;PDT;PP;PSB;PSD;PSOL;PT;REDE;REPUBLICANOS;UNIAO,,,,established,,,
2024-04-10,lula_3,lula_3-2023-12-06,lula_3-2024-04-02,primary_adjudicated,MDB;PCdoB;PDT;PP;PSB;PSD;PSOL;PT;REDE;REPUBLICANOS;UNIAO,MDB;PCdoB;PDT;PP;PSB;PSD;PSOL;PT;REDE;REPUBLICANOS;UNIAO,MDB;PCdoB;PDT;PP;PSB;PSD;PSOL;PT;REDE;REPUBLICANOS;UNIAO,,,,established,,,
2024-04-11,lula_3,lula_3-2023-12-06,lula_3-2024-04-02,primary_adjudicated,MDB;PCdoB;PDT;PP;PSB;PSD;PSOL;PT;REDE;REPUBLICANOS;UNIAO,MDB;PCdoB;PDT;PP;PSB;PSD;PSOL;PT;REDE;REPUBLICANOS;UNIAO,MDB;PCdoB;PDT;PP;PSB;PSD;PSOL;PT;REDE;REPUBLICANOS;UNIAO,,,,established,,,
2024-04-12,lula_3,lula_3-2023-12-06,lula_3-2024-04-02,primary_adjudicated,MDB;PCdoB;PDT;PP;PSB;PSD;PSOL;PT;REDE;REPUBLICANOS;UNIAO,MDB;PCdoB;PDT;PP;PSB;PSD;PSOL;PT;REDE;REPUBLICANOS;UNIAO,MDB;PCdoB;PDT;PP;PSB;PSD;PSOL;PT;REDE;REPUBLICANOS;UNIAO,,,,established,,,
2024-04-13,lula_3,lula_3-2023-12-06,lula_3-2024-04-02,primary_adjudicated,MDB;PCdoB;PDT;PP;PSB;PSD;PSOL;PT;REDE;REPUBLICANOS;UNIAO,MDB;PCdoB;PDT;PP;PSB;PSD;PSOL;PT;REDE;REPUBLICANOS;UNIAO,MDB;PCdoB;PDT;PP;PSB;PSD;PSOL;PT;REDE;REPUBLICANOS;UNIAO,,,,established,,,
2024-04-14,lula_3,lula_3-2023-12-06,lula_3-2024-04-02,primary_adjudicated,MDB;PCdoB;PDT;PP;PSB;PSD;PSOL;PT;REDE;REPUBLICANOS;UNIAO,MDB;PCdoB;PDT;PP;PSB;PSD;PSOL;PT;REDE;REPUBLICANOS;UNIAO,MDB;PCdoB;PDT;PP;PSB;PSD;PSOL;PT;REDE;REPUBLICANOS;UNIAO,,,,established,,,
2024-04-15,lula_3,lula_3-2023-12-06,lula_3-2024-04-02,primary_adjudicated,MDB;PCdoB;PDT;PP;PSB;PSD;PSOL;PT;REDE;REPUBLICANOS;UNIAO,MDB;PCdoB;PDT;PP;PSB;PSD;PSOL;PT;REDE;REPUBLICANOS;UNIAO,MDB;PCdoB;PDT;PP;PSB;PSD;PSOL;PT;REDE;REPUBLICANOS;UNIAO,,,,established,,,
2024-04-16,lula_3,lula_3-2023-12-06,lula_3-2024-04-02,primary_adjudicated,MDB;PCdoB;PDT;PP;PSB;PSD;PSOL;PT;REDE;REPUBLICANOS;UNIAO,MDB;PCdoB;PDT;PP;PSB;PSD;PSOL;PT;REDE;REPUBLICANOS;UNIAO,MDB;PCdoB;PDT;PP;PSB;PSD;PSOL;PT;REDE;REPUBLICANOS;UNIAO,,,,established,,,
2024-04-17,lula_3,lula_3-2023-12-06,lula_3-2024-04-02,primary_adjudicated,MDB;PCdoB;PDT;PP;PSB;PSD;PSOL;PT;REDE;REPUBLICANOS;UNIAO,MDB;PCdoB;PDT;PP;PSB;PSD;PSOL;PT;REDE;REPUBLICANOS;UNIAO,MDB;PCdoB;PDT;PP;PSB;PSD;PSOL;PT;REDE;REPUBLICANOS;UNIAO,,,,established,,,
2024-04-18,lula_3,lula_3-2023-12-06,lula_3-2024-04-02,primary_adjudicated,MDB;PCdoB;PDT;PP;PSB;PSD;PSOL;PT;REDE;REPUBLICANOS;UNIAO,MDB;PCdoB;PDT;PP;PSB;PSD;PSOL;PT;REDE;REPUBLICANOS;UNIAO,MDB;PCdoB;PDT;PP;PSB;PSD;PSOL;PT;REDE;REPUBLICANOS;UNIAO,,,,established,,,
2024-04-19,lula_3,lula_3-2023-12-06,lula_3-2024-04-02,primary_adjudicated,MDB;PCdoB;PDT;PP;PSB;PSD;PSOL;PT;REDE;REPUBLICANOS;UNIAO,MDB;PCdoB;PDT;PP;PSB;PSD;PSOL;PT;REDE;REPUBLICANOS;UNIAO,MDB;PCdoB;PDT;PP;PSB;PSD;PSOL;PT;REDE;REPUBLICANOS;UNIAO,,,,established,,,
2024-04-20,lula_3,lula_3-2023-12-06,lula_3-2024-04-02,primary_adjudicated,MDB;PCdoB;PDT;PP;PSB;PSD;PSOL;PT;REDE;REPUBLICANOS;UNIAO,MDB;PCdoB;PDT;PP;PSB;PSD;PSOL;PT;REDE;REPUBLICANOS;UNIAO,MDB;PCdoB;PDT;PP;PSB;PSD;PSOL;PT;REDE;REPUBLICANOS;UNIAO,,,,established,,,
2024-04-21,lula_3,lula_3-2023-12-06,lula_3-2024-04-02,primary_adjudicated,MDB;PCdoB;PDT;PP;PSB;PSD;PSOL;PT;REDE;REPUBLICANOS;UNIAO,MDB;PCdoB;PDT;PP;PSB;PSD;PSOL;PT;REDE;REPUBLICANOS;UNIAO,MDB;PCdoB;PDT;PP;PSB;PSD;PSOL;PT;REDE;REPUBLICANOS;UNIAO,,,,established,,,
2024-04-22,lula_3,lula_3-2023-12-06,lula_3-2024-04-02,primary_adjudicated,MDB;PCdoB;PDT;PP;PSB;PSD;PSOL;PT;REDE;REPUBLICANOS;UNIAO,MDB;PCdoB;PDT;PP;PSB;PSD;PSOL;PT;REDE;REPUBLICANOS;UNIAO,MDB;PCdoB;PDT;PP;PSB;PSD;PSOL;PT;REDE;REPUBLICANOS;UNIAO,,,,established,,,
2024-04-23,lula_3,lula_3-2023-12-06,lula_3-2024-04-02,primary_adjudicated,MDB;PCdoB;PDT;PP;PSB;PSD;PSOL;PT;REDE;REPUBLICANOS;UNIAO,MDB;PCdoB;PDT;PP;PSB;PSD;PSOL;PT;REDE;REPUBLICANOS;UNIAO,MDB;PCdoB;PDT;PP;PSB;PSD;PSOL;PT;REDE;REPUBLICANOS;UNIAO,,,,established,,,
2024-04-24,lula_3,lula_3-2023-12-06,lula_3-2024-04-02,primary_adjudicated,MDB;PCdoB;PDT;PP;PSB;PSD;PSOL;PT;REDE;REPUBLICANOS;UNIAO,MDB;PCdoB;PDT;PP;PSB;PSD;PSOL;PT;REDE;REPUBLICANOS;UNIAO,MDB;PCdoB;PDT;PP;PSB;PSD;PSOL;PT;REDE;REPUBLICANOS;UNIAO,,,,established,,,
2024-04-25,lula_3,lula_3-2023-12-06,lula_3-2024-04-02,primary_adjudicated,MDB;PCdoB;PDT;PP;PSB;PSD;PSOL;PT;REDE;REPUBLICANOS;UNIAO,MDB;PCdoB;PDT;PP;PSB;PSD;PSOL;PT;REDE;REPUBLICANOS;UNIAO,MDB;PCdoB;PDT;PP;PSB;PSD;PSOL;PT;REDE;REPUBLICANOS;UNIAO,,,,established,,,
2024-04-26,lula_3,lula_3-2023-12-06,lula_3-2024-04-02,primary_adjudicated,MDB;PCdoB;PDT;PP;PSB;PSD;PSOL;PT;REDE;REPUBLICANOS;UNIAO,MDB;PCdoB;PDT;PP;PSB;PSD;PSOL;PT;REDE;REPUBLICANOS;UNIAO,MDB;PCdoB;PDT;PP;PSB;PSD;PSOL;PT;REDE;REPUBLICANOS;UNIAO,,,,established,,,
2024-04-27,lula_3,lula_3-2023-12-06,lula_3-2024-04-02,primary_adjudicated,MDB;PCdoB;PDT;PP;PSB;PSD;PSOL;PT;REDE;REPUBLICANOS;UNIAO,MDB;PCdoB;PDT;PP;PSB;PSD;PSOL;PT;REDE;REPUBLICANOS;UNIAO,MDB;PCdoB;PDT;PP;PSB;PSD;PSOL;PT;REDE;REPUBLICANOS;UNIAO,,,,established,,,
2024-04-28,lula_3,lula_3-2023-12-06,lula_3-2024-04-02,primary_adjudicated,MDB;PCdoB;PDT;PP;PSB;PSD;PSOL;PT;REDE;REPUBLICANOS;UNIAO,MDB;PCdoB;PDT;PP;PSB;PSD;PSOL;PT;REDE;REPUBLICANOS;UNIAO,MDB;PCdoB;PDT;PP;PSB;PSD;PSOL;PT;REDE;REPUBLICANOS;UNIAO,,,,established,,,
2024-04-29,lula_3,lula_3-2023-12-06,lula_3-2024-04-02,primary_adjudicated,MDB;PCdoB;PDT;PP;PSB;PSD;PSOL;PT;REDE;REPUBLICANOS;UNIAO,MDB;PCdoB;PDT;PP;PSB;PSD;PSOL;PT;REDE;REPUBLICANOS;UNIAO,MDB;PCdoB;PDT;PP;PSB;PSD;PSOL;PT;REDE;REPUBLICANOS;UNIAO,,,,established,,,
2024-04-30,lula_3,lula_3-2023-12-06,lula_3-2024-04-02,primary_adjudicated,MDB;PCdoB;PDT;PP;PSB;PSD;PSOL;PT;REDE;REPUBLICANOS;UNIAO,MDB;PCdoB;PDT;PP;PSB;PSD;PSOL;PT;REDE;REPUBLICANOS;UNIAO,MDB;PCdoB;PDT;PP;PSB;PSD;PSOL;PT;REDE;REPUBLICANOS;UNIAO,,,,established,,,
2024-05-01,lula_3,lula_3-2023-12-06,lula_3-2024-04-02,primary_adjudicated,MDB;PCdoB;PDT;PP;PSB;PSD;PSOL;PT;REDE;REPUBLICANOS;UNIAO,MDB;PCdoB;PDT;PP;PSB;PSD;PSOL;PT;REDE;REPUBLICANOS;UNIAO,MDB;PCdoB;PDT;PP;PSB;PSD;PSOL;PT;REDE;REPUBLICANOS;UNIAO,,,,established,,,
2024-05-02,lula_3,lula_3-2023-12-06,lula_3-2024-04-02,primary_adjudicated,MDB;PCdoB;PDT;PP;PSB;PSD;PSOL;PT;REDE;REPUBLICANOS;UNIAO,MDB;PCdoB;PDT;PP;PSB;PSD;PSOL;PT;REDE;REPUBLICANOS;UNIAO,MDB;PCdoB;PDT;PP;PSB;PSD;PSOL;PT;REDE;REPUBLICANOS;UNIAO,,,,established,,,
2024-05-03,lula_3,lula_3-2023-12-06,lula_3-2024-04-02,primary_adjudicated,MDB;PCdoB;PDT;PP;PSB;PSD;PSOL;PT;REDE;REPUBLICANOS;UNIAO,MDB;PCdoB;PDT;PP;PSB;PSD;PSOL;PT;REDE;REPUBLICANOS;UNIAO,MDB;PCdoB;PDT;PP;PSB;PSD;PSOL;PT;REDE;REPUBLICANOS;UNIAO,,,,established,,,
2024-05-04,lula_3,lula_3-2023-12-06,lula_3-2024-04-02,primary_adjudicated,MDB;PCdoB;PDT;PP;PSB;PSD;PSOL;PT;REDE;REPUBLICANOS;UNIAO,MDB;PCdoB;PDT;PP;PSB;PSD;PSOL;PT;REDE;REPUBLICANOS;UNIAO,MDB;PCdoB;PDT;PP;PSB;PSD;PSOL;PT;REDE;REPUBLICANOS;UNIAO,,,,established,,,
2024-05-05,lula_3,lula_3-2023-12-06,lula_3-2024-04-02,primary_adjudicated,MDB;PCdoB;PDT;PP;PSB;PSD;PSOL;PT;REDE;REPUBLICANOS;UNIAO,MDB;PCdoB;PDT;PP;PSB;PSD;PSOL;PT;REDE;REPUBLICANOS;UNIAO,MDB;PCdoB;PDT;PP;PSB;PSD;PSOL;PT;REDE;REPUBLICANOS;UNIAO,,,,established,,,
2024-05-06,lula_3,lula_3-2023-12-06,lula_3-2024-04-02,primary_adjudicated,MDB;PCdoB;PDT;PP;PSB;PSD;PSOL;PT;REDE;REPUBLICANOS;UNIAO,MDB;PCdoB;PDT;PP;PSB;PSD;PSOL;PT;REDE;REPUBLICANOS;UNIAO,MDB;PCdoB;PDT;PP;PSB;PSD;PSOL;PT;REDE;REPUBLICANOS;UNIAO,,,,established,,,
2024-05-07,lula_3,lula_3-2023-12-06,lula_3-2024-04-02,primary_adjudicated,MDB;PCdoB;PDT;PP;PSB;PSD;PSOL;PT;REDE;REPUBLICANOS;UNIAO,MDB;PCdoB;PDT;PP;PSB;PSD;PSOL;PT;REDE;REPUBLICANOS;UNIAO,MDB;PCdoB;PDT;PP;PSB;PSD;PSOL;PT;REDE;REPUBLICANOS;UNIAO,,,,established,,,
2024-05-08,lula_3,lula_3-2023-12-06,lula_3-2024-04-02,primary_adjudicated,MDB;PCdoB;PDT;PP;PSB;PSD;PSOL;PT;REDE;REPUBLICANOS;UNIAO,MDB;PCdoB;PDT;PP;PSB;PSD;PSOL;PT;REDE;REPUBLICANOS;UNIAO,MDB;PCdoB;PDT;PP;PSB;PSD;PSOL;PT;REDE;REPUBLICANOS;UNIAO,,,,established,,,
2024-05-09,lula_3,lula_3-2023-12-06,lula_3-2024-04-02,primary_adjudicated,MDB;PCdoB;PDT;PP;PSB;PSD;PSOL;PT;REDE;REPUBLICANOS;UNIAO,MDB;PCdoB;PDT;PP;PSB;PSD;PSOL;PT;REDE;REPUBLICANOS;UNIAO,MDB;PCdoB;PDT;PP;PSB;PSD;PSOL;PT;REDE;REPUBLICANOS;UNIAO,,,,established,,,
2024-05-10,lula_3,lula_3-2023-12-06,lula_3-2024-04-02,primary_adjudicated,MDB;PCdoB;PDT;PP;PSB;PSD;PSOL;PT;REDE;REPUBLICANOS;UNIAO,MDB;PCdoB;PDT;PP;PSB;PSD;PSOL;PT;REDE;REPUBLICANOS;UNIAO,MDB;PCdoB;PDT;PP;PSB;PSD;PSOL;PT;REDE;REPUBLICANOS;UNIAO,,,,established,,,
2024-05-11,lula_3,lula_3-2023-12-06,lula_3-2024-04-02,primary_adjudicated,MDB;PCdoB;PDT;PP;PSB;PSD;PSOL;PT;REDE;REPUBLICANOS;UNIAO,MDB;PCdoB;PDT;PP;PSB;PSD;PSOL;PT;REDE;REPUBLICANOS;UNIAO,MDB;PCdoB;PDT;PP;PSB;PSD;PSOL;PT;REDE;REPUBLICANOS;UNIAO,,,,established,,,
2024-05-12,lula_3,lula_3-2023-12-06,lula_3-2024-04-02,primary_adjudicated,MDB;PCdoB;PDT;PP;PSB;PSD;PSOL;PT;REDE;REPUBLICANOS;UNIAO,MDB;PCdoB;PDT;PP;PSB;PSD;PSOL;PT;REDE;REPUBLICANOS;UNIAO,MDB;PCdoB;PDT;PP;PSB;PSD;PSOL;PT;REDE;REPUBLICANOS;UNIAO,,,,established,,,
2024-05-13,lula_3,lula_3-2023-12-06,lula_3-2024-04-02,primary_adjudicated,MDB;PCdoB;PDT;PP;PSB;PSD;PSOL;PT;REDE;REPUBLICANOS;UNIAO,MDB;PCdoB;PDT;PP;PSB;PSD;PSOL;PT;REDE;REPUBLICANOS;UNIAO,MDB;PCdoB;PDT;PP;PSB;PSD;PSOL;PT;REDE;REPUBLICANOS;UNIAO,,,,established,,,
2024-05-14,lula_3,lula_3-2023-12-06,lula_3-2024-04-02,primary_adjudicated,MDB;PCdoB;PDT;PP;PSB;PSD;PSOL;PT;REDE;REPUBLICANOS;UNIAO,MDB;PCdoB;PDT;PP;PSB;PSD;PSOL;PT;REDE;REPUBLICANOS;UNIAO,MDB;PCdoB;PDT;PP;PSB;PSD;PSOL;PT;REDE;REPUBLICANOS;UNIAO,,,,established,,,
2024-05-15,lula_3,lula_3-2023-12-06,lula_3-2024-05-15,primary_adjudicated,MDB;PCdoB;PDT;PP;PSB;PSD;PSOL;PT;REDE;REPUBLICANOS;UNIAO,MDB;PCdoB;PDT;PP;PSB;PSD;PSOL;PT;REDE;REPUBLICANOS;UNIAO,MDB;PCdoB;PDT;PP;PSB;PSD;PSOL;PT;REDE;REPUBLICANOS;UNIAO,,,,established,,,
2024-05-16,lula_3,lula_3-2023-12-06,lula_3-2024-05-15,primary_adjudicated,MDB;PCdoB;PDT;PP;PSB;PSD;PSOL;PT;REDE;REPUBLICANOS;UNIAO,MDB;PCdoB;PDT;PP;PSB;PSD;PSOL;PT;REDE;REPUBLICANOS;UNIAO,MDB;PCdoB;PDT;PP;PSB;PSD;PSOL;PT;REDE;REPUBLICANOS;UNIAO,,,,established,,,
2024-05-17,lula_3,lula_3-2023-12-06,lula_3-2024-05-15,primary_adjudicated,MDB;PCdoB;PDT;PP;PSB;PSD;PSOL;PT;REDE;REPUBLICANOS;UNIAO,MDB;PCdoB;PDT;PP;PSB;PSD;PSOL;PT;REDE;REPUBLICANOS;UNIAO,MDB;PCdoB;PDT;PP;PSB;PSD;PSOL;PT;REDE;REPUBLICANOS;UNIAO,,,,established,,,
2024-05-18,lula_3,lula_3-2023-12-06,lula_3-2024-05-15,primary_adjudicated,MDB;PCdoB;PDT;PP;PSB;PSD;PSOL;PT;REDE;REPUBLICANOS;UNIAO,MDB;PCdoB;PDT;PP;PSB;PSD;PSOL;PT;REDE;REPUBLICANOS;UNIAO,MDB;PCdoB;PDT;PP;PSB;PSD;PSOL;PT;REDE;REPUBLICANOS;UNIAO,,,,established,,,
2024-05-19,lula_3,lula_3-2023-12-06,lula_3-2024-05-15,primary_adjudicated,MDB;PCdoB;PDT;PP;PSB;PSD;PSOL;PT;REDE;REPUBLICANOS;UNIAO,MDB;PCdoB;PDT;PP;PSB;PSD;PSOL;PT;REDE;REPUBLICANOS;UNIAO,MDB;PCdoB;PDT;PP;PSB;PSD;PSOL;PT;REDE;REPUBLICANOS;UNIAO,,,,established,,,
2024-05-20,lula_3,lula_3-2023-12-06,lula_3-2024-05-15,primary_adjudicated,MDB;PCdoB;PDT;PP;PSB;PSD;PSOL;PT;REDE;REPUBLICANOS;UNIAO,MDB;PCdoB;PDT;PP;PSB;PSD;PSOL;PT;REDE;REPUBLICANOS;UNIAO,MDB;PCdoB;PDT;PP;PSB;PSD;PSOL;PT;REDE;REPUBLICANOS;UNIAO,,,,established,,,
2024-05-21,lula_3,lula_3-2023-12-06,lula_3-2024-05-15,primary_adjudicated,MDB;PCdoB;PDT;PP;PSB;PSD;PSOL;PT;REDE;REPUBLICANOS;UNIAO,MDB;PCdoB;PDT;PP;PSB;PSD;PSOL;PT;REDE;REPUBLICANOS;UNIAO,MDB;PCdoB;PDT;PP;PSB;PSD;PSOL;PT;REDE;REPUBLICANOS;UNIAO,,,,established,,,
2024-05-22,lula_3,lula_3-2023-12-06,lula_3-2024-05-15,primary_adjudicated,MDB;PCdoB;PDT;PP;PSB;PSD;PSOL;PT;REDE;REPUBLICANOS;UNIAO,MDB;PCdoB;PDT;PP;PSB;PSD;PSOL;PT;REDE;REPUBLICANOS;UNIAO,MDB;PCdoB;PDT;PP;PSB;PSD;PSOL;PT;REDE;REPUBLICANOS;UNIAO,,,,established,,,
2024-05-23,lula_3,lula_3-2023-12-06,lula_3-2024-05-15,primary_adjudicated,MDB;PCdoB;PDT;PP;PSB;PSD;PSOL;PT;REDE;REPUBLICANOS;UNIAO,MDB;PCdoB;PDT;PP;PSB;PSD;PSOL;PT;REDE;REPUBLICANOS;UNIAO,MDB;PCdoB;PDT;PP;PSB;PSD;PSOL;PT;REDE;REPUBLICANOS;UNIAO,,,,established,,,
2024-05-24,lula_3,lula_3-2023-12-06,lula_3-2024-05-15,primary_adjudicated,MDB;PCdoB;PDT;PP;PSB;PSD;PSOL;PT;REDE;REPUBLICANOS;UNIAO,MDB;PCdoB;PDT;PP;PSB;PSD;PSOL;PT;REDE;REPUBLICANOS;UNIAO,MDB;PCdoB;PDT;PP;PSB;PSD;PSOL;PT;REDE;REPUBLICANOS;UNIAO,,,,established,,,
2024-05-25,lula_3,lula_3-2023-12-06,lula_3-2024-05-15,primary_adjudicated,MDB;PCdoB;PDT;PP;PSB;PSD;PSOL;PT;REDE;REPUBLICANOS;UNIAO,MDB;PCdoB;PDT;PP;PSB;PSD;PSOL;PT;REDE;REPUBLICANOS;UNIAO,MDB;PCdoB;PDT;PP;PSB;PSD;PSOL;PT;REDE;REPUBLICANOS;UNIAO,,,,established,,,
2024-05-26,lula_3,lula_3-2023-12-06,lula_3-2024-05-15,primary_adjudicated,MDB;PCdoB;PDT;PP;PSB;PSD;PSOL;PT;REDE;REPUBLICANOS;UNIAO,MDB;PCdoB;PDT;PP;PSB;PSD;PSOL;PT;REDE;REPUBLICANOS;UNIAO,MDB;PCdoB;PDT;PP;PSB;PSD;PSOL;PT;REDE;REPUBLICANOS;UNIAO,,,,established,,,
2024-05-27,lula_3,lula_3-2023-12-06,lula_3-2024-05-15,primary_adjudicated,MDB;PCdoB;PDT;PP;PSB;PSD;PSOL;PT;REDE;REPUBLICANOS;UNIAO,MDB;PCdoB;PDT;PP;PSB;PSD;PSOL;PT;REDE;REPUBLICANOS;UNIAO,MDB;PCdoB;PDT;PP;PSB;PSD;PSOL;PT;REDE;REPUBLICANOS;UNIAO,,,,established,,,
2024-05-28,lula_3,lula_3-2023-12-06,lula_3-2024-05-15,primary_adjudicated,MDB;PCdoB;PDT;PP;PSB;PSD;PSOL;PT;REDE;REPUBLICANOS;UNIAO,MDB;PCdoB;PDT;PP;PSB;PSD;PSOL;PT;REDE;REPUBLICANOS;UNIAO,MDB;PCdoB;PDT;PP;PSB;PSD;PSOL;PT;REDE;REPUBLICANOS;UNIAO,,,,established,,,
2024-05-29,lula_3,lula_3-2023-12-06,lula_3-2024-05-15,primary_adjudicated,MDB;PCdoB;PDT;PP;PSB;PSD;PSOL;PT;REDE;REPUBLICANOS;UNIAO,MDB;PCdoB;PDT;PP;PSB;PSD;PSOL;PT;REDE;REPUBLICANOS;UNIAO,MDB;PCdoB;PDT;PP;PSB;PSD;PSOL;PT;REDE;REPUBLICANOS;UNIAO,,,,established,,,
2024-05-30,lula_3,lula_3-2023-12-06,lula_3-2024-05-15,primary_adjudicated,MDB;PCdoB;PDT;PP;PSB;PSD;PSOL;PT;REDE;REPUBLICANOS;UNIAO,MDB;PCdoB;PDT;PP;PSB;PSD;PSOL;PT;REDE;REPUBLICANOS;UNIAO,MDB;PCdoB;PDT;PP;PSB;PSD;PSOL;PT;REDE;REPUBLICANOS;UNIAO,,,,established,,,
2024-05-31,lula_3,lula_3-2023-12-06,lula_3-2024-05-15,primary_adjudicated,MDB;PCdoB;PDT;PP;PSB;PSD;PSOL;PT;REDE;REPUBLICANOS;UNIAO,MDB;PCdoB;PDT;PP;PSB;PSD;PSOL;PT;REDE;REPUBLICANOS;UNIAO,MDB;PCdoB;PDT;PP;PSB;PSD;PSOL;PT;REDE;REPUBLICANOS;UNIAO,,,,established,,,
2024-06-01,lula_3,lula_3-2023-12-06,lula_3-2024-05-15,primary_adjudicated,MDB;PCdoB;PDT;PP;PSB;PSD;PSOL;PT;REDE;REPUBLICANOS;UNIAO,MDB;PCdoB;PDT;PP;PSB;PSD;PSOL;PT;REDE;REPUBLICANOS;UNIAO,MDB;PCdoB;PDT;PP;PSB;PSD;PSOL;PT;REDE;REPUBLICANOS;UNIAO,,,,established,,,
2024-06-02,lula_3,lula_3-2023-12-06,lula_3-2024-05-15,primary_adjudicated,MDB;PCdoB;PDT;PP;PSB;PSD;PSOL;PT;REDE;REPUBLICANOS;UNIAO,MDB;PCdoB;PDT;PP;PSB;PSD;PSOL;PT;REDE;REPUBLICANOS;UNIAO,MDB;PCdoB;PDT;PP;PSB;PSD;PSOL;PT;REDE;REPUBLICANOS;UNIAO,,,,established,,,
2024-06-03,lula_3,lula_3-2023-12-06,lula_3-2024-05-15,primary_adjudicated,MDB;PCdoB;PDT;PP;PSB;PSD;PSOL;PT;REDE;REPUBLICANOS;UNIAO,MDB;PCdoB;PDT;PP;PSB;PSD;PSOL;PT;REDE;REPUBLICANOS;UNIAO,MDB;PCdoB;PDT;PP;PSB;PSD;PSOL;PT;REDE;REPUBLICANOS;UNIAO,,,,established,,,
2024-06-04,lula_3,lula_3-2023-12-06,lula_3-2024-05-15,primary_adjudicated,MDB;PCdoB;PDT;PP;PSB;PSD;PSOL;PT;REDE;REPUBLICANOS;UNIAO,MDB;PCdoB;PDT;PP;PSB;PSD;PSOL;PT;REDE;REPUBLICANOS;UNIAO,MDB;PCdoB;PDT;PP;PSB;PSD;PSOL;PT;REDE;REPUBLICANOS;UNIAO,,,,established,,,
2024-06-05,lula_3,lula_3-2023-12-06,lula_3-2024-05-15,primary_adjudicated,MDB;PCdoB;PDT;PP;PSB;PSD;PSOL;PT;REDE;REPUBLICANOS;UNIAO,MDB;PCdoB;PDT;PP;PSB;PSD;PSOL;PT;REDE;REPUBLICANOS;UNIAO,MDB;PCdoB;PDT;PP;PSB;PSD;PSOL;PT;REDE;REPUBLICANOS;UNIAO,,,,established,,,
2024-06-06,lula_3,lula_3-2023-12-06,lula_3-2024-05-15,primary_adjudicated,MDB;PCdoB;PDT;PP;PSB;PSD;PSOL;PT;REDE;REPUBLICANOS;UNIAO,MDB;PCdoB;PDT;PP;PSB;PSD;PSOL;PT;REDE;REPUBLICANOS;UNIAO,MDB;PCdoB;PDT;PP;PSB;PSD;PSOL;PT;REDE;REPUBLICANOS;UNIAO,,,,established,,,
2024-06-07,lula_3,lula_3-2023-12-06,lula_3-2024-05-15,primary_adjudicated,MDB;PCdoB;PDT;PP;PSB;PSD;PSOL;PT;REDE;REPUBLICANOS;UNIAO,MDB;PCdoB;PDT;PP;PSB;PSD;PSOL;PT;REDE;REPUBLICANOS;UNIAO,MDB;PCdoB;PDT;PP;PSB;PSD;PSOL;PT;REDE;REPUBLICANOS;UNIAO,,,,established,,,
2024-06-08,lula_3,lula_3-2023-12-06,lula_3-2024-05-15,primary_adjudicated,MDB;PCdoB;PDT;PP;PSB;PSD;PSOL;PT;REDE;REPUBLICANOS;UNIAO,MDB;PCdoB;PDT;PP;PSB;PSD;PSOL;PT;REDE;REPUBLICANOS;UNIAO,MDB;PCdoB;PDT;PP;PSB;PSD;PSOL;PT;REDE;REPUBLICANOS;UNIAO,,,,established,,,
2024-06-09,lula_3,lula_3-2023-12-06,lula_3-2024-05-15,primary_adjudicated,MDB;PCdoB;PDT;PP;PSB;PSD;PSOL;PT;REDE;REPUBLICANOS;UNIAO,MDB;PCdoB;PDT;PP;PSB;PSD;PSOL;PT;REDE;REPUBLICANOS;UNIAO,MDB;PCdoB;PDT;PP;PSB;PSD;PSOL;PT;REDE;REPUBLICANOS;UNIAO,,,,established,,,
2024-06-10,lula_3,lula_3-2023-12-06,lula_3-2024-05-15,primary_adjudicated,MDB;PCdoB;PDT;PP;PSB;PSD;PSOL;PT;REDE;REPUBLICANOS;UNIAO,MDB;PCdoB;PDT;PP;PSB;PSD;PSOL;PT;REDE;REPUBLICANOS;UNIAO,MDB;PCdoB;PDT;PP;PSB;PSD;PSOL;PT;REDE;REPUBLICANOS;UNIAO,,,,established,,,
2024-06-11,lula_3,lula_3-2023-12-06,lula_3-2024-05-15,primary_adjudicated,MDB;PCdoB;PDT;PP;PSB;PSD;PSOL;PT;REDE;REPUBLICANOS;UNIAO,MDB;PCdoB;PDT;PP;PSB;PSD;PSOL;PT;REDE;REPUBLICANOS;UNIAO,MDB;PCdoB;PDT;PP;PSB;PSD;PSOL;PT;REDE;REPUBLICANOS;UNIAO,,,,established,,,
2024-06-12,lula_3,lula_3-2023-12-06,lula_3-2024-05-15,primary_adjudicated,MDB;PCdoB;PDT;PP;PSB;PSD;PSOL;PT;REDE;REPUBLICANOS;UNIAO,MDB;PCdoB;PDT;PP;PSB;PSD;PSOL;PT;REDE;REPUBLICANOS;UNIAO,MDB;PCdoB;PDT;PP;PSB;PSD;PSOL;PT;REDE;REPUBLICANOS;UNIAO,,,,established,,,
2024-06-13,lula_3,lula_3-2023-12-06,lula_3-2024-05-15,primary_adjudicated,MDB;PCdoB;PDT;PP;PSB;PSD;PSOL;PT;REDE;REPUBLICANOS;UNIAO,MDB;PCdoB;PDT;PP;PSB;PSD;PSOL;PT;REDE;REPUBLICANOS;UNIAO,MDB;PCdoB;PDT;PP;PSB;PSD;PSOL;PT;REDE;REPUBLICANOS;UNIAO,,,,established,,,
2024-06-14,lula_3,lula_3-2023-12-06,lula_3-2024-05-15,primary_adjudicated,MDB;PCdoB;PDT;PP;PSB;PSD;PSOL;PT;REDE;REPUBLICANOS;UNIAO,MDB;PCdoB;PDT;PP;PSB;PSD;PSOL;PT;REDE;REPUBLICANOS;UNIAO,MDB;PCdoB;PDT;PP;PSB;PSD;PSOL;PT;REDE;REPUBLICANOS;UNIAO,,,,established,,,
2024-06-15,lula_3,lula_3-2023-12-06,lula_3-2024-05-15,primary_adjudicated,MDB;PCdoB;PDT;PP;PSB;PSD;PSOL;PT;REDE;REPUBLICANOS;UNIAO,MDB;PCdoB;PDT;PP;PSB;PSD;PSOL;PT;REDE;REPUBLICANOS;UNIAO,MDB;PCdoB;PDT;PP;PSB;PSD;PSOL;PT;REDE;REPUBLICANOS;UNIAO,,,,established,,,
2024-06-16,lula_3,lula_3-2023-12-06,lula_3-2024-05-15,primary_adjudicated,MDB;PCdoB;PDT;PP;PSB;PSD;PSOL;PT;REDE;REPUBLICANOS;UNIAO,MDB;PCdoB;PDT;PP;PSB;PSD;PSOL;PT;REDE;REPUBLICANOS;UNIAO,MDB;PCdoB;PDT;PP;PSB;PSD;PSOL;PT;REDE;REPUBLICANOS;UNIAO,,,,established,,,
2024-06-17,lula_3,lula_3-2023-12-06,lula_3-2024-05-15,primary_adjudicated,MDB;PCdoB;PDT;PP;PSB;PSD;PSOL;PT;REDE;REPUBLICANOS;UNIAO,MDB;PCdoB;PDT;PP;PSB;PSD;PSOL;PT;REDE;REPUBLICANOS;UNIAO,MDB;PCdoB;PDT;PP;PSB;PSD;PSOL;PT;REDE;REPUBLICANOS;UNIAO,,,,established,,,
2024-06-18,lula_3,lula_3-2023-12-06,lula_3-2024-05-15,primary_adjudicated,MDB;PCdoB;PDT;PP;PSB;PSD;PSOL;PT;REDE;REPUBLICANOS;UNIAO,MDB;PCdoB;PDT;PP;PSB;PSD;PSOL;PT;REDE;REPUBLICANOS;UNIAO,MDB;PCdoB;PDT;PP;PSB;PSD;PSOL;PT;REDE;REPUBLICANOS;UNIAO,,,,established,,,
2024-06-19,lula_3,lula_3-2023-12-06,lula_3-2024-05-15,primary_adjudicated,MDB;PCdoB;PDT;PP;PSB;PSD;PSOL;PT;REDE;REPUBLICANOS;UNIAO,MDB;PCdoB;PDT;PP;PSB;PSD;PSOL;PT;REDE;REPUBLICANOS;UNIAO,MDB;PCdoB;PDT;PP;PSB;PSD;PSOL;PT;REDE;REPUBLICANOS;UNIAO,,,,established,,,
2024-06-20,lula_3,lula_3-2023-12-06,lula_3-2024-05-15,primary_adjudicated,MDB;PCdoB;PDT;PP;PSB;PSD;PSOL;PT;REDE;REPUBLICANOS;UNIAO,MDB;PCdoB;PDT;PP;PSB;PSD;PSOL;PT;REDE;REPUBLICANOS;UNIAO,MDB;PCdoB;PDT;PP;PSB;PSD;PSOL;PT;REDE;REPUBLICANOS;UNIAO,,,,established,,,
2024-06-21,lula_3,lula_3-2023-12-06,lula_3-2024-05-15,primary_adjudicated,MDB;PCdoB;PDT;PP;PSB;PSD;PSOL;PT;REDE;REPUBLICANOS;UNIAO,MDB;PCdoB;PDT;PP;PSB;PSD;PSOL;PT;REDE;REPUBLICANOS;UNIAO,MDB;PCdoB;PDT;PP;PSB;PSD;PSOL;PT;REDE;REPUBLICANOS;UNIAO,,,,established,,,
2024-06-22,lula_3,lula_3-2023-12-06,lula_3-2024-05-15,primary_adjudicated,MDB;PCdoB;PDT;PP;PSB;PSD;PSOL;PT;REDE;REPUBLICANOS;UNIAO,MDB;PCdoB;PDT;PP;PSB;PSD;PSOL;PT;REDE;REPUBLICANOS;UNIAO,MDB;PCdoB;PDT;PP;PSB;PSD;PSOL;PT;REDE;REPUBLICANOS;UNIAO,,,,established,,,
2024-06-23,lula_3,lula_3-2023-12-06,lula_3-2024-05-15,primary_adjudicated,MDB;PCdoB;PDT;PP;PSB;PSD;PSOL;PT;REDE;REPUBLICANOS;UNIAO,MDB;PCdoB;PDT;PP;PSB;PSD;PSOL;PT;REDE;REPUBLICANOS;UNIAO,MDB;PCdoB;PDT;PP;PSB;PSD;PSOL;PT;REDE;REPUBLICANOS;UNIAO,,,,established,,,
2024-06-24,lula_3,lula_3-2023-12-06,lula_3-2024-05-15,primary_adjudicated,MDB;PCdoB;PDT;PP;PSB;PSD;PSOL;PT;REDE;REPUBLICANOS;UNIAO,MDB;PCdoB;PDT;PP;PSB;PSD;PSOL;PT;REDE;REPUBLICANOS;UNIAO,MDB;PCdoB;PDT;PP;PSB;PSD;PSOL;PT;REDE;REPUBLICANOS;UNIAO,,,,established,,,
2024-06-25,lula_3,lula_3-2023-12-06,lula_3-2024-05-15,primary_adjudicated,MDB;PCdoB;PDT;PP;PSB;PSD;PSOL;PT;REDE;REPUBLICANOS;UNIAO,MDB;PCdoB;PDT;PP;PSB;PSD;PSOL;PT;REDE;REPUBLICANOS;UNIAO,MDB;PCdoB;PDT;PP;PSB;PSD;PSOL;PT;REDE;REPUBLICANOS;UNIAO,,,,established,,,
2024-06-26,lula_3,lula_3-2023-12-06,lula_3-2024-05-15,primary_adjudicated,MDB;PCdoB;PDT;PP;PSB;PSD;PSOL;PT;REDE;REPUBLICANOS;UNIAO,MDB;PCdoB;PDT;PP;PSB;PSD;PSOL;PT;REDE;REPUBLICANOS;UNIAO,MDB;PCdoB;PDT;PP;PSB;PSD;PSOL;PT;REDE;REPUBLICANOS;UNIAO,,,,established,,,
2024-06-27,lula_3,lula_3-2023-12-06,lula_3-2024-05-15,primary_adjudicated,MDB;PCdoB;PDT;PP;PSB;PSD;PSOL;PT;REDE;REPUBLICANOS;UNIAO,MDB;PCdoB;PDT;PP;PSB;PSD;PSOL;PT;REDE;REPUBLICANOS;UNIAO,MDB;PCdoB;PDT;PP;PSB;PSD;PSOL;PT;REDE;REPUBLICANOS;UNIAO,,,,established,,,
2024-06-28,lula_3,lula_3-2023-12-06,lula_3-2024-05-15,primary_adjudicated,MDB;PCdoB;PDT;PP;PSB;PSD;PSOL;PT;REDE;REPUBLICANOS;UNIAO,MDB;PCdoB;PDT;PP;PSB;PSD;PSOL;PT;REDE;REPUBLICANOS;UNIAO,MDB;PCdoB;PDT;PP;PSB;PSD;PSOL;PT;REDE;REPUBLICANOS;UNIAO,,,,established,,,
2024-06-29,lula_3,lula_3-2023-12-06,lula_3-2024-05-15,primary_adjudicated,MDB;PCdoB;PDT;PP;PSB;PSD;PSOL;PT;REDE;REPUBLICANOS;UNIAO,MDB;PCdoB;PDT;PP;PSB;PSD;PSOL;PT;REDE;REPUBLICANOS;UNIAO,MDB;PCdoB;PDT;PP;PSB;PSD;PSOL;PT;REDE;REPUBLICANOS;UNIAO,,,,established,,,
2024-06-30,lula_3,lula_3-2023-12-06,lula_3-2024-05-15,primary_adjudicated,MDB;PCdoB;PDT;PP;PSB;PSD;PSOL;PT;REDE;REPUBLICANOS;UNIAO,MDB;PCdoB;PDT;PP;PSB;PSD;PSOL;PT;REDE;REPUBLICANOS;UNIAO,MDB;PCdoB;PDT;PP;PSB;PSD;PSOL;PT;REDE;REPUBLICANOS;UNIAO,,,,established,,,
2024-07-01,lula_3,lula_3-2023-12-06,lula_3-2024-05-15,primary_adjudicated,MDB;PCdoB;PDT;PP;PSB;PSD;PSOL;PT;REDE;REPUBLICANOS;UNIAO,MDB;PCdoB;PDT;PP;PSB;PSD;PSOL;PT;REDE;REPUBLICANOS;UNIAO,MDB;PCdoB;PDT;PP;PSB;PSD;PSOL;PT;REDE;REPUBLICANOS;UNIAO,,,,established,,,
2024-07-02,lula_3,lula_3-2023-12-06,lula_3-2024-05-15,primary_adjudicated,MDB;PCdoB;PDT;PP;PSB;PSD;PSOL;PT;REDE;REPUBLICANOS;UNIAO,MDB;PCdoB;PDT;PP;PSB;PSD;PSOL;PT;REDE;REPUBLICANOS;UNIAO,MDB;PCdoB;PDT;PP;PSB;PSD;PSOL;PT;REDE;REPUBLICANOS;UNIAO,,,,established,,,
2024-07-03,lula_3,lula_3-2023-12-06,lula_3-2024-05-15,primary_adjudicated,MDB;PCdoB;PDT;PP;PSB;PSD;PSOL;PT;REDE;REPUBLICANOS;UNIAO,MDB;PCdoB;PDT;PP;PSB;PSD;PSOL;PT;REDE;REPUBLICANOS;UNIAO,MDB;PCdoB;PDT;PP;PSB;PSD;PSOL;PT;REDE;REPUBLICANOS;UNIAO,,,,established,,,
2024-07-04,lula_3,lula_3-2023-12-06,lula_3-2024-05-15,primary_adjudicated,MDB;PCdoB;PDT;PP;PSB;PSD;PSOL;PT;REDE;REPUBLICANOS;UNIAO,MDB;PCdoB;PDT;PP;PSB;PSD;PSOL;PT;REDE;REPUBLICANOS;UNIAO,MDB;PCdoB;PDT;PP;PSB;PSD;PSOL;PT;REDE;REPUBLICANOS;UNIAO,,,,established,,,
2024-07-05,lula_3,lula_3-2023-12-06,lula_3-2024-05-15,primary_adjudicated,MDB;PCdoB;PDT;PP;PSB;PSD;PSOL;PT;REDE;REPUBLICANOS;UNIAO,MDB;PCdoB;PDT;PP;PSB;PSD;PSOL;PT;REDE;REPUBLICANOS;UNIAO,MDB;PCdoB;PDT;PP;PSB;PSD;PSOL;PT;REDE;REPUBLICANOS;UNIAO,,,,established,,,
2024-07-06,lula_3,lula_3-2023-12-06,lula_3-2024-05-15,primary_adjudicated,MDB;PCdoB;PDT;PP;PSB;PSD;PSOL;PT;REDE;REPUBLICANOS;UNIAO,MDB;PCdoB;PDT;PP;PSB;PSD;PSOL;PT;REDE;REPUBLICANOS;UNIAO,MDB;PCdoB;PDT;PP;PSB;PSD;PSOL;PT;REDE;REPUBLICANOS;UNIAO,,,,established,,,
2024-07-07,lula_3,lula_3-2023-12-06,lula_3-2024-05-15,primary_adjudicated,MDB;PCdoB;PDT;PP;PSB;PSD;PSOL;PT;REDE;REPUBLICANOS;UNIAO,MDB;PCdoB;PDT;PP;PSB;PSD;PSOL;PT;REDE;REPUBLICANOS;UNIAO,MDB;PCdoB;PDT;PP;PSB;PSD;PSOL;PT;REDE;REPUBLICANOS;UNIAO,,,,established,,,
2024-07-08,lula_3,lula_3-2023-12-06,lula_3-2024-05-15,primary_adjudicated,MDB;PCdoB;PDT;PP;PSB;PSD;PSOL;PT;REDE;REPUBLICANOS;UNIAO,MDB;PCdoB;PDT;PP;PSB;PSD;PSOL;PT;REDE;REPUBLICANOS;UNIAO,MDB;PCdoB;PDT;PP;PSB;PSD;PSOL;PT;REDE;REPUBLICANOS;UNIAO,,,,established,,,
2024-07-09,lula_3,lula_3-2023-12-06,lula_3-2024-05-15,primary_adjudicated,MDB;PCdoB;PDT;PP;PSB;PSD;PSOL;PT;REDE;REPUBLICANOS;UNIAO,MDB;PCdoB;PDT;PP;PSB;PSD;PSOL;PT;REDE;REPUBLICANOS;UNIAO,MDB;PCdoB;PDT;PP;PSB;PSD;PSOL;PT;REDE;REPUBLICANOS;UNIAO,,,,established,,,
2024-07-10,lula_3,lula_3-2023-12-06,lula_3-2024-05-15,primary_adjudicated,MDB;PCdoB;PDT;PP;PSB;PSD;PSOL;PT;REDE;REPUBLICANOS;UNIAO,MDB;PCdoB;PDT;PP;PSB;PSD;PSOL;PT;REDE;REPUBLICANOS;UNIAO,MDB;PCdoB;PDT;PP;PSB;PSD;PSOL;PT;REDE;REPUBLICANOS;UNIAO,,,,established,,,
2024-07-11,lula_3,lula_3-2023-12-06,lula_3-2024-05-15,primary_adjudicated,MDB;PCdoB;PDT;PP;PSB;PSD;PSOL;PT;REDE;REPUBLICANOS;UNIAO,MDB;PCdoB;PDT;PP;PSB;PSD;PSOL;PT;REDE;REPUBLICANOS;UNIAO,MDB;PCdoB;PDT;PP;PSB;PSD;PSOL;PT;REDE;REPUBLICANOS;UNIAO,,,,established,,,
2024-07-12,lula_3,lula_3-2023-12-06,lula_3-2024-05-15,primary_adjudicated,MDB;PCdoB;PDT;PP;PSB;PSD;PSOL;PT;REDE;REPUBLICANOS;UNIAO,MDB;PCdoB;PDT;PP;PSB;PSD;PSOL;PT;REDE;REPUBLICANOS;UNIAO,MDB;PCdoB;PDT;PP;PSB;PSD;PSOL;PT;REDE;REPUBLICANOS;UNIAO,,,,established,,,
2024-07-13,lula_3,lula_3-2023-12-06,lula_3-2024-05-15,primary_adjudicated,MDB;PCdoB;PDT;PP;PSB;PSD;PSOL;PT;REDE;REPUBLICANOS;UNIAO,MDB;PCdoB;PDT;PP;PSB;PSD;PSOL;PT;REDE;REPUBLICANOS;UNIAO,MDB;PCdoB;PDT;PP;PSB;PSD;PSOL;PT;REDE;REPUBLICANOS;UNIAO,,,,established,,,
2024-07-14,lula_3,lula_3-2023-12-06,lula_3-2024-05-15,primary_adjudicated,MDB;PCdoB;PDT;PP;PSB;PSD;PSOL;PT;REDE;REPUBLICANOS;UNIAO,MDB;PCdoB;PDT;PP;PSB;PSD;PSOL;PT;REDE;REPUBLICANOS;UNIAO,MDB;PCdoB;PDT;PP;PSB;PSD;PSOL;PT;REDE;REPUBLICANOS;UNIAO,,,,established,,,
2024-07-15,lula_3,lula_3-2023-12-06,lula_3-2024-05-15,primary_adjudicated,MDB;PCdoB;PDT;PP;PSB;PSD;PSOL;PT;REDE;REPUBLICANOS;UNIAO,MDB;PCdoB;PDT;PP;PSB;PSD;PSOL;PT;REDE;REPUBLICANOS;UNIAO,MDB;PCdoB;PDT;PP;PSB;PSD;PSOL;PT;REDE;REPUBLICANOS;UNIAO,,,,established,,,
2024-07-16,lula_3,lula_3-2023-12-06,lula_3-2024-05-15,primary_adjudicated,MDB;PCdoB;PDT;PP;PSB;PSD;PSOL;PT;REDE;REPUBLICANOS;UNIAO,MDB;PCdoB;PDT;PP;PSB;PSD;PSOL;PT;REDE;REPUBLICANOS;UNIAO,MDB;PCdoB;PDT;PP;PSB;PSD;PSOL;PT;REDE;REPUBLICANOS;UNIAO,,,,established,,,
2024-07-17,lula_3,lula_3-2023-12-06,lula_3-2024-05-15,primary_adjudicated,MDB;PCdoB;PDT;PP;PSB;PSD;PSOL;PT;REDE;REPUBLICANOS;UNIAO,MDB;PCdoB;PDT;PP;PSB;PSD;PSOL;PT;REDE;REPUBLICANOS;UNIAO,MDB;PCdoB;PDT;PP;PSB;PSD;PSOL;PT;REDE;REPUBLICANOS;UNIAO,,,,established,,,
2024-07-18,lula_3,lula_3-2023-12-06,lula_3-2024-05-15,primary_adjudicated,MDB;PCdoB;PDT;PP;PSB;PSD;PSOL;PT;REDE;REPUBLICANOS;UNIAO,MDB;PCdoB;PDT;PP;PSB;PSD;PSOL;PT;REDE;REPUBLICANOS;UNIAO,MDB;PCdoB;PDT;PP;PSB;PSD;PSOL;PT;REDE;REPUBLICANOS;UNIAO,,,,established,,,
2024-07-19,lula_3,lula_3-2023-12-06,lula_3-2024-05-15,primary_adjudicated,MDB;PCdoB;PDT;PP;PSB;PSD;PSOL;PT;REDE;REPUBLICANOS;UNIAO,MDB;PCdoB;PDT;PP;PSB;PSD;PSOL;PT;REDE;REPUBLICANOS;UNIAO,MDB;PCdoB;PDT;PP;PSB;PSD;PSOL;PT;REDE;REPUBLICANOS;UNIAO,,,,established,,,
2024-07-20,lula_3,lula_3-2023-12-06,lula_3-2024-05-15,primary_adjudicated,MDB;PCdoB;PDT;PP;PSB;PSD;PSOL;PT;REDE;REPUBLICANOS;UNIAO,MDB;PCdoB;PDT;PP;PSB;PSD;PSOL;PT;REDE;REPUBLICANOS;UNIAO,MDB;PCdoB;PDT;PP;PSB;PSD;PSOL;PT;REDE;REPUBLICANOS;UNIAO,,,,established,,,
2024-07-21,lula_3,lula_3-2023-12-06,lula_3-2024-05-15,primary_adjudicated,MDB;PCdoB;PDT;PP;PSB;PSD;PSOL;PT;REDE;REPUBLICANOS;UNIAO,MDB;PCdoB;PDT;PP;PSB;PSD;PSOL;PT;REDE;REPUBLICANOS;UNIAO,MDB;PCdoB;PDT;PP;PSB;PSD;PSOL;PT;REDE;REPUBLICANOS;UNIAO,,,,established,,,
2024-07-22,lula_3,lula_3-2023-12-06,lula_3-2024-05-15,primary_adjudicated,MDB;PCdoB;PDT;PP;PSB;PSD;PSOL;PT;REDE;REPUBLICANOS;UNIAO,MDB;PCdoB;PDT;PP;PSB;PSD;PSOL;PT;REDE;REPUBLICANOS;UNIAO,MDB;PCdoB;PDT;PP;PSB;PSD;PSOL;PT;REDE;REPUBLICANOS;UNIAO,,,,established,,,
2024-07-23,lula_3,lula_3-2023-12-06,lula_3-2024-05-15,primary_adjudicated,MDB;PCdoB;PDT;PP;PSB;PSD;PSOL;PT;REDE;REPUBLICANOS;UNIAO,MDB;PCdoB;PDT;PP;PSB;PSD;PSOL;PT;REDE;REPUBLICANOS;UNIAO,MDB;PCdoB;PDT;PP;PSB;PSD;PSOL;PT;REDE;REPUBLICANOS;UNIAO,,,,established,,,
2024-07-24,lula_3,lula_3-2023-12-06,lula_3-2024-05-15,primary_adjudicated,MDB;PCdoB;PDT;PP;PSB;PSD;PSOL;PT;REDE;REPUBLICANOS;UNIAO,MDB;PCdoB;PDT;PP;PSB;PSD;PSOL;PT;REDE;REPUBLICANOS;UNIAO,MDB;PCdoB;PDT;PP;PSB;PSD;PSOL;PT;REDE;REPUBLICANOS;UNIAO,,,,established,,,
2024-07-25,lula_3,lula_3-2023-12-06,lula_3-2024-05-15,primary_adjudicated,MDB;PCdoB;PDT;PP;PSB;PSD;PSOL;PT;REDE;REPUBLICANOS;UNIAO,MDB;PCdoB;PDT;PP;PSB;PSD;PSOL;PT;REDE;REPUBLICANOS;UNIAO,MDB;PCdoB;PDT;PP;PSB;PSD;PSOL;PT;REDE;REPUBLICANOS;UNIAO,,,,established,,,
2024-07-26,lula_3,lula_3-2023-12-06,lula_3-2024-05-15,primary_adjudicated,MDB;PCdoB;PDT;PP;PSB;PSD;PSOL;PT;REDE;REPUBLICANOS;UNIAO,MDB;PCdoB;PDT;PP;PSB;PSD;PSOL;PT;REDE;REPUBLICANOS;UNIAO,MDB;PCdoB;PDT;PP;PSB;PSD;PSOL;PT;REDE;REPUBLICANOS;UNIAO,,,,established,,,
2024-07-27,lula_3,lula_3-2023-12-06,lula_3-2024-05-15,primary_adjudicated,MDB;PCdoB;PDT;PP;PSB;PSD;PSOL;PT;REDE;REPUBLICANOS;UNIAO,MDB;PCdoB;PDT;PP;PSB;PSD;PSOL;PT;REDE;REPUBLICANOS;UNIAO,MDB;PCdoB;PDT;PP;PSB;PSD;PSOL;PT;REDE;REPUBLICANOS;UNIAO,,,,established,,,
2024-07-28,lula_3,lula_3-2023-12-06,lula_3-2024-05-15,primary_adjudicated,MDB;PCdoB;PDT;PP;PSB;PSD;PSOL;PT;REDE;REPUBLICANOS;UNIAO,MDB;PCdoB;PDT;PP;PSB;PSD;PSOL;PT;REDE;REPUBLICANOS;UNIAO,MDB;PCdoB;PDT;PP;PSB;PSD;PSOL;PT;REDE;REPUBLICANOS;UNIAO,,,,established,,,
2024-07-29,lula_3,lula_3-2023-12-06,lula_3-2024-05-15,primary_adjudicated,MDB;PCdoB;PDT;PP;PSB;PSD;PSOL;PT;REDE;REPUBLICANOS;UNIAO,MDB;PCdoB;PDT;PP;PSB;PSD;PSOL;PT;REDE;REPUBLICANOS;UNIAO,MDB;PCdoB;PDT;PP;PSB;PSD;PSOL;PT;REDE;REPUBLICANOS;UNIAO,,,,established,,,
2024-07-30,lula_3,lula_3-2023-12-06,lula_3-2024-05-15,primary_adjudicated,MDB;PCdoB;PDT;PP;PSB;PSD;PSOL;PT;REDE;REPUBLICANOS;UNIAO,MDB;PCdoB;PDT;PP;PSB;PSD;PSOL;PT;REDE;REPUBLICANOS;UNIAO,MDB;PCdoB;PDT;PP;PSB;PSD;PSOL;PT;REDE;REPUBLICANOS;UNIAO,,,,established,,,
2024-07-31,lula_3,lula_3-2023-12-06,lula_3-2024-05-15,primary_adjudicated,MDB;PCdoB;PDT;PP;PSB;PSD;PSOL;PT;REDE;REPUBLICANOS;UNIAO,MDB;PCdoB;PDT;PP;PSB;PSD;PSOL;PT;REDE;REPUBLICANOS;UNIAO,MDB;PCdoB;PDT;PP;PSB;PSD;PSOL;PT;REDE;REPUBLICANOS;UNIAO,,,,established,,,
2024-08-01,lula_3,lula_3-2023-12-06,lula_3-2024-05-15,primary_adjudicated,MDB;PCdoB;PDT;PP;PSB;PSD;PSOL;PT;REDE;REPUBLICANOS;UNIAO,MDB;PCdoB;PDT;PP;PSB;PSD;PSOL;PT;REDE;REPUBLICANOS;UNIAO,MDB;PCdoB;PDT;PP;PSB;PSD;PSOL;PT;REDE;REPUBLICANOS;UNIAO,,,,established,,,
2024-08-02,lula_3,lula_3-2023-12-06,lula_3-2024-05-15,primary_adjudicated,MDB;PCdoB;PDT;PP;PSB;PSD;PSOL;PT;REDE;REPUBLICANOS;UNIAO,MDB;PCdoB;PDT;PP;PSB;PSD;PSOL;PT;REDE;REPUBLICANOS;UNIAO,MDB;PCdoB;PDT;PP;PSB;PSD;PSOL;PT;REDE;REPUBLICANOS;UNIAO,,,,established,,,
2024-08-03,lula_3,lula_3-2023-12-06,lula_3-2024-05-15,primary_adjudicated,MDB;PCdoB;PDT;PP;PSB;PSD;PSOL;PT;REDE;REPUBLICANOS;UNIAO,MDB;PCdoB;PDT;PP;PSB;PSD;PSOL;PT;REDE;REPUBLICANOS;UNIAO,MDB;PCdoB;PDT;PP;PSB;PSD;PSOL;PT;REDE;REPUBLICANOS;UNIAO,,,,established,,,
2024-08-04,lula_3,lula_3-2023-12-06,lula_3-2024-05-15,primary_adjudicated,MDB;PCdoB;PDT;PP;PSB;PSD;PSOL;PT;REDE;REPUBLICANOS;UNIAO,MDB;PCdoB;PDT;PP;PSB;PSD;PSOL;PT;REDE;REPUBLICANOS;UNIAO,MDB;PCdoB;PDT;PP;PSB;PSD;PSOL;PT;REDE;REPUBLICANOS;UNIAO,,,,established,,,
2024-08-05,lula_3,lula_3-2023-12-06,lula_3-2024-05-15,primary_adjudicated,MDB;PCdoB;PDT;PP;PSB;PSD;PSOL;PT;REDE;REPUBLICANOS;UNIAO,MDB;PCdoB;PDT;PP;PSB;PSD;PSOL;PT;REDE;REPUBLICANOS;UNIAO,MDB;PCdoB;PDT;PP;PSB;PSD;PSOL;PT;REDE;REPUBLICANOS;UNIAO,,,,established,,,
2024-08-06,lula_3,lula_3-2023-12-06,lula_3-2024-05-15,primary_adjudicated,MDB;PCdoB;PDT;PP;PSB;PSD;PSOL;PT;REDE;REPUBLICANOS;UNIAO,MDB;PCdoB;PDT;PP;PSB;PSD;PSOL;PT;REDE;REPUBLICANOS;UNIAO,MDB;PCdoB;PDT;PP;PSB;PSD;PSOL;PT;REDE;REPUBLICANOS;UNIAO,,,,established,,,
2024-08-07,lula_3,lula_3-2023-12-06,lula_3-2024-05-15,primary_adjudicated,MDB;PCdoB;PDT;PP;PSB;PSD;PSOL;PT;REDE;REPUBLICANOS;UNIAO,MDB;PCdoB;PDT;PP;PSB;PSD;PSOL;PT;REDE;REPUBLICANOS;UNIAO,MDB;PCdoB;PDT;PP;PSB;PSD;PSOL;PT;REDE;REPUBLICANOS;UNIAO,,,,established,,,
2024-08-08,lula_3,lula_3-2023-12-06,lula_3-2024-05-15,primary_adjudicated,MDB;PCdoB;PDT;PP;PSB;PSD;PSOL;PT;REDE;REPUBLICANOS;UNIAO,MDB;PCdoB;PDT;PP;PSB;PSD;PSOL;PT;REDE;REPUBLICANOS;UNIAO,MDB;PCdoB;PDT;PP;PSB;PSD;PSOL;PT;REDE;REPUBLICANOS;UNIAO,,,,established,,,
2024-08-09,lula_3,lula_3-2023-12-06,lula_3-2024-05-15,primary_adjudicated,MDB;PCdoB;PDT;PP;PSB;PSD;PSOL;PT;REDE;REPUBLICANOS;UNIAO,MDB;PCdoB;PDT;PP;PSB;PSD;PSOL;PT;REDE;REPUBLICANOS;UNIAO,MDB;PCdoB;PDT;PP;PSB;PSD;PSOL;PT;REDE;REPUBLICANOS;UNIAO,,,,established,,,
2024-08-10,lula_3,lula_3-2023-12-06,lula_3-2024-05-15,primary_adjudicated,MDB;PCdoB;PDT;PP;PSB;PSD;PSOL;PT;REDE;REPUBLICANOS;UNIAO,MDB;PCdoB;PDT;PP;PSB;PSD;PSOL;PT;REDE;REPUBLICANOS;UNIAO,MDB;PCdoB;PDT;PP;PSB;PSD;PSOL;PT;REDE;REPUBLICANOS;UNIAO,,,,established,,,
2024-08-11,lula_3,lula_3-2023-12-06,lula_3-2024-05-15,primary_adjudicated,MDB;PCdoB;PDT;PP;PSB;PSD;PSOL;PT;REDE;REPUBLICANOS;UNIAO,MDB;PCdoB;PDT;PP;PSB;PSD;PSOL;PT;REDE;REPUBLICANOS;UNIAO,MDB;PCdoB;PDT;PP;PSB;PSD;PSOL;PT;REDE;REPUBLICANOS;UNIAO,,,,established,,,
2024-08-12,lula_3,lula_3-2023-12-06,lula_3-2024-05-15,primary_adjudicated,MDB;PCdoB;PDT;PP;PSB;PSD;PSOL;PT;REDE;REPUBLICANOS;UNIAO,MDB;PCdoB;PDT;PP;PSB;PSD;PSOL;PT;REDE;REPUBLICANOS;UNIAO,MDB;PCdoB;PDT;PP;PSB;PSD;PSOL;PT;REDE;REPUBLICANOS;UNIAO,,,,established,,,
2024-08-13,lula_3,lula_3-2023-12-06,lula_3-2024-05-15,primary_adjudicated,MDB;PCdoB;PDT;PP;PSB;PSD;PSOL;PT;REDE;REPUBLICANOS;UNIAO,MDB;PCdoB;PDT;PP;PSB;PSD;PSOL;PT;REDE;REPUBLICANOS;UNIAO,MDB;PCdoB;PDT;PP;PSB;PSD;PSOL;PT;REDE;REPUBLICANOS;UNIAO,,,,established,,,
2024-08-14,lula_3,lula_3-2023-12-06,lula_3-2024-05-15,primary_adjudicated,MDB;PCdoB;PDT;PP;PSB;PSD;PSOL;PT;REDE;REPUBLICANOS;UNIAO,MDB;PCdoB;PDT;PP;PSB;PSD;PSOL;PT;REDE;REPUBLICANOS;UNIAO,MDB;PCdoB;PDT;PP;PSB;PSD;PSOL;PT;REDE;REPUBLICANOS;UNIAO,,,,established,,,
2024-08-15,lula_3,lula_3-2023-12-06,lula_3-2024-05-15,primary_adjudicated,MDB;PCdoB;PDT;PP;PSB;PSD;PSOL;PT;REDE;REPUBLICANOS;UNIAO,MDB;PCdoB;PDT;PP;PSB;PSD;PSOL;PT;REDE;REPUBLICANOS;UNIAO,MDB;PCdoB;PDT;PP;PSB;PSD;PSOL;PT;REDE;REPUBLICANOS;UNIAO,,,,established,,,
2024-08-16,lula_3,lula_3-2023-12-06,lula_3-2024-05-15,primary_adjudicated,MDB;PCdoB;PDT;PP;PSB;PSD;PSOL;PT;REDE;REPUBLICANOS;UNIAO,MDB;PCdoB;PDT;PP;PSB;PSD;PSOL;PT;REDE;REPUBLICANOS;UNIAO,MDB;PCdoB;PDT;PP;PSB;PSD;PSOL;PT;REDE;REPUBLICANOS;UNIAO,,,,established,,,
2024-08-17,lula_3,lula_3-2023-12-06,lula_3-2024-05-15,primary_adjudicated,MDB;PCdoB;PDT;PP;PSB;PSD;PSOL;PT;REDE;REPUBLICANOS;UNIAO,MDB;PCdoB;PDT;PP;PSB;PSD;PSOL;PT;REDE;REPUBLICANOS;UNIAO,MDB;PCdoB;PDT;PP;PSB;PSD;PSOL;PT;REDE;REPUBLICANOS;UNIAO,,,,established,,,
2024-08-18,lula_3,lula_3-2023-12-06,lula_3-2024-05-15,primary_adjudicated,MDB;PCdoB;PDT;PP;PSB;PSD;PSOL;PT;REDE;REPUBLICANOS;UNIAO,MDB;PCdoB;PDT;PP;PSB;PSD;PSOL;PT;REDE;REPUBLICANOS;UNIAO,MDB;PCdoB;PDT;PP;PSB;PSD;PSOL;PT;REDE;REPUBLICANOS;UNIAO,,,,established,,,
2024-08-19,lula_3,lula_3-2023-12-06,lula_3-2024-05-15,primary_adjudicated,MDB;PCdoB;PDT;PP;PSB;PSD;PSOL;PT;REDE;REPUBLICANOS;UNIAO,MDB;PCdoB;PDT;PP;PSB;PSD;PSOL;PT;REDE;REPUBLICANOS;UNIAO,MDB;PCdoB;PDT;PP;PSB;PSD;PSOL;PT;REDE;REPUBLICANOS;UNIAO,,,,established,,,
2024-08-20,lula_3,lula_3-2023-12-06,lula_3-2024-05-15,primary_adjudicated,MDB;PCdoB;PDT;PP;PSB;PSD;PSOL;PT;REDE;REPUBLICANOS;UNIAO,MDB;PCdoB;PDT;PP;PSB;PSD;PSOL;PT;REDE;REPUBLICANOS;UNIAO,MDB;PCdoB;PDT;PP;PSB;PSD;PSOL;PT;REDE;REPUBLICANOS;UNIAO,,,,established,,,
2024-08-21,lula_3,lula_3-2023-12-06,lula_3-2024-05-15,primary_adjudicated,MDB;PCdoB;PDT;PP;PSB;PSD;PSOL;PT;REDE;REPUBLICANOS;UNIAO,MDB;PCdoB;PDT;PP;PSB;PSD;PSOL;PT;REDE;REPUBLICANOS;UNIAO,MDB;PCdoB;PDT;PP;PSB;PSD;PSOL;PT;REDE;REPUBLICANOS;UNIAO,,,,established,,,
2024-08-22,lula_3,lula_3-2023-12-06,lula_3-2024-05-15,primary_adjudicated,MDB;PCdoB;PDT;PP;PSB;PSD;PSOL;PT;REDE;REPUBLICANOS;UNIAO,MDB;PCdoB;PDT;PP;PSB;PSD;PSOL;PT;REDE;REPUBLICANOS;UNIAO,MDB;PCdoB;PDT;PP;PSB;PSD;PSOL;PT;REDE;REPUBLICANOS;UNIAO,,,,established,,,
2024-08-23,lula_3,lula_3-2023-12-06,lula_3-2024-05-15,primary_adjudicated,MDB;PCdoB;PDT;PP;PSB;PSD;PSOL;PT;REDE;REPUBLICANOS;UNIAO,MDB;PCdoB;PDT;PP;PSB;PSD;PSOL;PT;REDE;REPUBLICANOS;UNIAO,MDB;PCdoB;PDT;PP;PSB;PSD;PSOL;PT;REDE;REPUBLICANOS;UNIAO,,,,established,,,
2024-08-24,lula_3,lula_3-2023-12-06,lula_3-2024-05-15,primary_adjudicated,MDB;PCdoB;PDT;PP;PSB;PSD;PSOL;PT;REDE;REPUBLICANOS;UNIAO,MDB;PCdoB;PDT;PP;PSB;PSD;PSOL;PT;REDE;REPUBLICANOS;UNIAO,MDB;PCdoB;PDT;PP;PSB;PSD;PSOL;PT;REDE;REPUBLICANOS;UNIAO,,,,established,,,
2024-08-25,lula_3,lula_3-2023-12-06,lula_3-2024-05-15,primary_adjudicated,MDB;PCdoB;PDT;PP;PSB;PSD;PSOL;PT;REDE;REPUBLICANOS;UNIAO,MDB;PCdoB;PDT;PP;PSB;PSD;PSOL;PT;REDE;REPUBLICANOS;UNIAO,MDB;PCdoB;PDT;PP;PSB;PSD;PSOL;PT;REDE;REPUBLICANOS;UNIAO,,,,established,,,
2024-08-26,lula_3,lula_3-2023-12-06,lula_3-2024-05-15,primary_adjudicated,MDB;PCdoB;PDT;PP;PSB;PSD;PSOL;PT;REDE;REPUBLICANOS;UNIAO,MDB;PCdoB;PDT;PP;PSB;PSD;PSOL;PT;REDE;REPUBLICANOS;UNIAO,MDB;PCdoB;PDT;PP;PSB;PSD;PSOL;PT;REDE;REPUBLICANOS;UNIAO,,,,established,,,
2024-08-27,lula_3,lula_3-2023-12-06,lula_3-2024-05-15,primary_adjudicated,MDB;PCdoB;PDT;PP;PSB;PSD;PSOL;PT;REDE;REPUBLICANOS;UNIAO,MDB;PCdoB;PDT;PP;PSB;PSD;PSOL;PT;REDE;REPUBLICANOS;UNIAO,MDB;PCdoB;PDT;PP;PSB;PSD;PSOL;PT;REDE;REPUBLICANOS;UNIAO,,,,established,,,
2024-08-28,lula_3,lula_3-2023-12-06,lula_3-2024-05-15,primary_adjudicated,MDB;PCdoB;PDT;PP;PSB;PSD;PSOL;PT;REDE;REPUBLICANOS;UNIAO,MDB;PCdoB;PDT;PP;PSB;PSD;PSOL;PT;REDE;REPUBLICANOS;UNIAO,MDB;PCdoB;PDT;PP;PSB;PSD;PSOL;PT;REDE;REPUBLICANOS;UNIAO,,,,established,,,
2024-08-29,lula_3,lula_3-2023-12-06,lula_3-2024-05-15,primary_adjudicated,MDB;PCdoB;PDT;PP;PSB;PSD;PSOL;PT;REDE;REPUBLICANOS;UNIAO,MDB;PCdoB;PDT;PP;PSB;PSD;PSOL;PT;REDE;REPUBLICANOS;UNIAO,MDB;PCdoB;PDT;PP;PSB;PSD;PSOL;PT;REDE;REPUBLICANOS;UNIAO,,,,established,,,
2024-08-30,lula_3,lula_3-2023-12-06,lula_3-2024-05-15,primary_adjudicated,MDB;PCdoB;PDT;PP;PSB;PSD;PSOL;PT;REDE;REPUBLICANOS;UNIAO,MDB;PCdoB;PDT;PP;PSB;PSD;PSOL;PT;REDE;REPUBLICANOS;UNIAO,MDB;PCdoB;PDT;PP;PSB;PSD;PSOL;PT;REDE;REPUBLICANOS;UNIAO,,,,established,,,
2024-08-31,lula_3,lula_3-2023-12-06,lula_3-2024-05-15,primary_adjudicated,MDB;PCdoB;PDT;PP;PSB;PSD;PSOL;PT;REDE;REPUBLICANOS;UNIAO,MDB;PCdoB;PDT;PP;PSB;PSD;PSOL;PT;REDE;REPUBLICANOS;UNIAO,MDB;PCdoB;PDT;PP;PSB;PSD;PSOL;PT;REDE;REPUBLICANOS;UNIAO,,,,established,,,
2024-09-01,lula_3,lula_3-2023-12-06,lula_3-2024-05-15,primary_adjudicated,MDB;PCdoB;PDT;PP;PSB;PSD;PSOL;PT;REDE;REPUBLICANOS;UNIAO,MDB;PCdoB;PDT;PP;PSB;PSD;PSOL;PT;REDE;REPUBLICANOS;UNIAO,MDB;PCdoB;PDT;PP;PSB;PSD;PSOL;PT;REDE;REPUBLICANOS;UNIAO,,,,established,,,
2024-09-02,lula_3,lula_3-2023-12-06,lula_3-2024-05-15,primary_adjudicated,MDB;PCdoB;PDT;PP;PSB;PSD;PSOL;PT;REDE;REPUBLICANOS;UNIAO,MDB;PCdoB;PDT;PP;PSB;PSD;PSOL;PT;REDE;REPUBLICANOS;UNIAO,MDB;PCdoB;PDT;PP;PSB;PSD;PSOL;PT;REDE;REPUBLICANOS;UNIAO,,,,established,,,
2024-09-03,lula_3,lula_3-2023-12-06,lula_3-2024-05-15,primary_adjudicated,MDB;PCdoB;PDT;PP;PSB;PSD;PSOL;PT;REDE;REPUBLICANOS;UNIAO,MDB;PCdoB;PDT;PP;PSB;PSD;PSOL;PT;REDE;REPUBLICANOS;UNIAO,MDB;PCdoB;PDT;PP;PSB;PSD;PSOL;PT;REDE;REPUBLICANOS;UNIAO,,,,established,,,
2024-09-04,lula_3,lula_3-2023-12-06,lula_3-2024-05-15,primary_adjudicated,MDB;PCdoB;PDT;PP;PSB;PSD;PSOL;PT;REDE;REPUBLICANOS;UNIAO,MDB;PCdoB;PDT;PP;PSB;PSD;PSOL;PT;REDE;REPUBLICANOS;UNIAO,MDB;PCdoB;PDT;PP;PSB;PSD;PSOL;PT;REDE;REPUBLICANOS;UNIAO,,,,established,,,
2024-09-05,lula_3,lula_3-2023-12-06,lula_3-2024-05-15,primary_adjudicated,MDB;PCdoB;PDT;PP;PSB;PSD;PSOL;PT;REDE;REPUBLICANOS;UNIAO,MDB;PCdoB;PDT;PP;PSB;PSD;PSOL;PT;REDE;REPUBLICANOS;UNIAO,MDB;PCdoB;PDT;PP;PSB;PSD;PSOL;PT;REDE;REPUBLICANOS;UNIAO,,,,established,,,
2024-09-06,lula_3,lula_3-2023-12-06,lula_3-2024-09-06,primary_adjudicated,MDB;PCdoB;PDT;PP;PSB;PSD;PSOL;PT;REDE;REPUBLICANOS;UNIAO,MDB;PCdoB;PDT;PP;PSB;PSD;PSOL;PT;REDE;REPUBLICANOS;UNIAO,MDB;PCdoB;PDT;PP;PSB;PSD;PSOL;PT;REDE;REPUBLICANOS;UNIAO,,,,established,,,
2024-09-07,lula_3,lula_3-2023-12-06,lula_3-2024-09-06,primary_adjudicated,MDB;PCdoB;PDT;PP;PSB;PSD;PSOL;PT;REDE;REPUBLICANOS;UNIAO,MDB;PCdoB;PDT;PP;PSB;PSD;PSOL;PT;REDE;REPUBLICANOS;UNIAO,MDB;PCdoB;PDT;PP;PSB;PSD;PSOL;PT;REDE;REPUBLICANOS;UNIAO,,,,established,,,
2024-09-08,lula_3,lula_3-2023-12-06,lula_3-2024-09-06,primary_adjudicated,MDB;PCdoB;PDT;PP;PSB;PSD;PSOL;PT;REDE;REPUBLICANOS;UNIAO,MDB;PCdoB;PDT;PP;PSB;PSD;PSOL;PT;REDE;REPUBLICANOS;UNIAO,MDB;PCdoB;PDT;PP;PSB;PSD;PSOL;PT;REDE;REPUBLICANOS;UNIAO,,,,established,,,
2024-09-09,lula_3,lula_3-2023-12-06,lula_3-2024-09-06,primary_adjudicated,MDB;PCdoB;PDT;PP;PSB;PSD;PSOL;PT;REDE;REPUBLICANOS;UNIAO,MDB;PCdoB;PDT;PP;PSB;PSD;PSOL;PT;REDE;REPUBLICANOS;UNIAO,MDB;PCdoB;PDT;PP;PSB;PSD;PSOL;PT;REDE;REPUBLICANOS;UNIAO,,,,established,,,
2024-09-10,lula_3,lula_3-2023-12-06,lula_3-2024-09-06,primary_adjudicated,MDB;PCdoB;PDT;PP;PSB;PSD;PSOL;PT;REDE;REPUBLICANOS;UNIAO,MDB;PCdoB;PDT;PP;PSB;PSD;PSOL;PT;REDE;REPUBLICANOS;UNIAO,MDB;PCdoB;PDT;PP;PSB;PSD;PSOL;PT;REDE;REPUBLICANOS;UNIAO,,,,established,,,
2024-09-11,lula_3,lula_3-2023-12-06,lula_3-2024-09-11,primary_adjudicated,MDB;PCdoB;PDT;PP;PSB;PSD;PSOL;PT;REDE;REPUBLICANOS;UNIAO,MDB;PCdoB;PDT;PP;PSB;PSD;PSOL;PT;REDE;REPUBLICANOS;UNIAO,MDB;PCdoB;PDT;PP;PSB;PSD;PSOL;PT;REDE;REPUBLICANOS;UNIAO,,,,established,,,
2024-09-12,lula_3,lula_3-2023-12-06,lula_3-2024-09-12,primary_adjudicated,MDB;PCdoB;PDT;PP;PSB;PSD;PSOL;PT;REDE;REPUBLICANOS;UNIAO,MDB;PCdoB;PDT;PP;PSB;PSD;PSOL;PT;REDE;REPUBLICANOS;UNIAO,MDB;PCdoB;PDT;PP;PSB;PSD;PSOL;PT;REDE;REPUBLICANOS;UNIAO,,,,established,,,
2024-09-13,lula_3,lula_3-2023-12-06,lula_3-2024-09-12,primary_adjudicated,MDB;PCdoB;PDT;PP;PSB;PSD;PSOL;PT;REDE;REPUBLICANOS;UNIAO,MDB;PCdoB;PDT;PP;PSB;PSD;PSOL;PT;REDE;REPUBLICANOS;UNIAO,MDB;PCdoB;PDT;PP;PSB;PSD;PSOL;PT;REDE;REPUBLICANOS;UNIAO,,,,established,,,
2024-09-14,lula_3,lula_3-2023-12-06,lula_3-2024-09-12,primary_adjudicated,MDB;PCdoB;PDT;PP;PSB;PSD;PSOL;PT;REDE;REPUBLICANOS;UNIAO,MDB;PCdoB;PDT;PP;PSB;PSD;PSOL;PT;REDE;REPUBLICANOS;UNIAO,MDB;PCdoB;PDT;PP;PSB;PSD;PSOL;PT;REDE;REPUBLICANOS;UNIAO,,,,established,,,
2024-09-15,lula_3,lula_3-2023-12-06,lula_3-2024-09-12,primary_adjudicated,MDB;PCdoB;PDT;PP;PSB;PSD;PSOL;PT;REDE;REPUBLICANOS;UNIAO,MDB;PCdoB;PDT;PP;PSB;PSD;PSOL;PT;REDE;REPUBLICANOS;UNIAO,MDB;PCdoB;PDT;PP;PSB;PSD;PSOL;PT;REDE;REPUBLICANOS;UNIAO,,,,established,,,
2024-09-16,lula_3,lula_3-2023-12-06,lula_3-2024-09-12,primary_adjudicated,MDB;PCdoB;PDT;PP;PSB;PSD;PSOL;PT;REDE;REPUBLICANOS;UNIAO,MDB;PCdoB;PDT;PP;PSB;PSD;PSOL;PT;REDE;REPUBLICANOS;UNIAO,MDB;PCdoB;PDT;PP;PSB;PSD;PSOL;PT;REDE;REPUBLICANOS;UNIAO,,,,established,,,
2024-09-17,lula_3,lula_3-2023-12-06,lula_3-2024-09-12,primary_adjudicated,MDB;PCdoB;PDT;PP;PSB;PSD;PSOL;PT;REDE;REPUBLICANOS;UNIAO,MDB;PCdoB;PDT;PP;PSB;PSD;PSOL;PT;REDE;REPUBLICANOS;UNIAO,MDB;PCdoB;PDT;PP;PSB;PSD;PSOL;PT;REDE;REPUBLICANOS;UNIAO,,,,established,,,
2024-09-18,lula_3,lula_3-2023-12-06,lula_3-2024-09-12,primary_adjudicated,MDB;PCdoB;PDT;PP;PSB;PSD;PSOL;PT;REDE;REPUBLICANOS;UNIAO,MDB;PCdoB;PDT;PP;PSB;PSD;PSOL;PT;REDE;REPUBLICANOS;UNIAO,MDB;PCdoB;PDT;PP;PSB;PSD;PSOL;PT;REDE;REPUBLICANOS;UNIAO,,,,established,,,
2024-09-19,lula_3,lula_3-2023-12-06,lula_3-2024-09-12,primary_adjudicated,MDB;PCdoB;PDT;PP;PSB;PSD;PSOL;PT;REDE;REPUBLICANOS;UNIAO,MDB;PCdoB;PDT;PP;PSB;PSD;PSOL;PT;REDE;REPUBLICANOS;UNIAO,MDB;PCdoB;PDT;PP;PSB;PSD;PSOL;PT;REDE;REPUBLICANOS;UNIAO,,,,established,,,
2024-09-20,lula_3,lula_3-2023-12-06,lula_3-2024-09-12,primary_adjudicated,MDB;PCdoB;PDT;PP;PSB;PSD;PSOL;PT;REDE;REPUBLICANOS;UNIAO,MDB;PCdoB;PDT;PP;PSB;PSD;PSOL;PT;REDE;REPUBLICANOS;UNIAO,MDB;PCdoB;PDT;PP;PSB;PSD;PSOL;PT;REDE;REPUBLICANOS;UNIAO,,,,established,,,
2024-09-21,lula_3,lula_3-2023-12-06,lula_3-2024-09-12,primary_adjudicated,MDB;PCdoB;PDT;PP;PSB;PSD;PSOL;PT;REDE;REPUBLICANOS;UNIAO,MDB;PCdoB;PDT;PP;PSB;PSD;PSOL;PT;REDE;REPUBLICANOS;UNIAO,MDB;PCdoB;PDT;PP;PSB;PSD;PSOL;PT;REDE;REPUBLICANOS;UNIAO,,,,established,,,
2024-09-22,lula_3,lula_3-2023-12-06,lula_3-2024-09-12,primary_adjudicated,MDB;PCdoB;PDT;PP;PSB;PSD;PSOL;PT;REDE;REPUBLICANOS;UNIAO,MDB;PCdoB;PDT;PP;PSB;PSD;PSOL;PT;REDE;REPUBLICANOS;UNIAO,MDB;PCdoB;PDT;PP;PSB;PSD;PSOL;PT;REDE;REPUBLICANOS;UNIAO,,,,established,,,
2024-09-23,lula_3,lula_3-2023-12-06,lula_3-2024-09-12,primary_adjudicated,MDB;PCdoB;PDT;PP;PSB;PSD;PSOL;PT;REDE;REPUBLICANOS;UNIAO,MDB;PCdoB;PDT;PP;PSB;PSD;PSOL;PT;REDE;REPUBLICANOS;UNIAO,MDB;PCdoB;PDT;PP;PSB;PSD;PSOL;PT;REDE;REPUBLICANOS;UNIAO,,,,established,,,
2024-09-24,lula_3,lula_3-2023-12-06,lula_3-2024-09-12,primary_adjudicated,MDB;PCdoB;PDT;PP;PSB;PSD;PSOL;PT;REDE;REPUBLICANOS;UNIAO,MDB;PCdoB;PDT;PP;PSB;PSD;PSOL;PT;REDE;REPUBLICANOS;UNIAO,MDB;PCdoB;PDT;PP;PSB;PSD;PSOL;PT;REDE;REPUBLICANOS;UNIAO,,,,established,,,
2024-09-25,lula_3,lula_3-2023-12-06,lula_3-2024-09-12,primary_adjudicated,MDB;PCdoB;PDT;PP;PSB;PSD;PSOL;PT;REDE;REPUBLICANOS;UNIAO,MDB;PCdoB;PDT;PP;PSB;PSD;PSOL;PT;REDE;REPUBLICANOS;UNIAO,MDB;PCdoB;PDT;PP;PSB;PSD;PSOL;PT;REDE;REPUBLICANOS;UNIAO,,,,established,,,
2024-09-26,lula_3,lula_3-2023-12-06,lula_3-2024-09-12,primary_adjudicated,MDB;PCdoB;PDT;PP;PSB;PSD;PSOL;PT;REDE;REPUBLICANOS;UNIAO,MDB;PCdoB;PDT;PP;PSB;PSD;PSOL;PT;REDE;REPUBLICANOS;UNIAO,MDB;PCdoB;PDT;PP;PSB;PSD;PSOL;PT;REDE;REPUBLICANOS;UNIAO,,,,established,,,
2024-09-27,lula_3,lula_3-2023-12-06,lula_3-2024-09-27,primary_adjudicated,MDB;PCdoB;PDT;PP;PSB;PSD;PSOL;PT;REDE;REPUBLICANOS;UNIAO,MDB;PCdoB;PDT;PP;PSB;PSD;PSOL;PT;REDE;REPUBLICANOS;UNIAO,MDB;PCdoB;PDT;PP;PSB;PSD;PSOL;PT;REDE;REPUBLICANOS;UNIAO,,,,established,,,
2024-09-28,lula_3,lula_3-2023-12-06,lula_3-2024-09-27,primary_adjudicated,MDB;PCdoB;PDT;PP;PSB;PSD;PSOL;PT;REDE;REPUBLICANOS;UNIAO,MDB;PCdoB;PDT;PP;PSB;PSD;PSOL;PT;REDE;REPUBLICANOS;UNIAO,MDB;PCdoB;PDT;PP;PSB;PSD;PSOL;PT;REDE;REPUBLICANOS;UNIAO,,,,established,,,
2024-09-29,lula_3,lula_3-2023-12-06,lula_3-2024-09-27,primary_adjudicated,MDB;PCdoB;PDT;PP;PSB;PSD;PSOL;PT;REDE;REPUBLICANOS;UNIAO,MDB;PCdoB;PDT;PP;PSB;PSD;PSOL;PT;REDE;REPUBLICANOS;UNIAO,MDB;PCdoB;PDT;PP;PSB;PSD;PSOL;PT;REDE;REPUBLICANOS;UNIAO,,,,established,,,
2024-09-30,lula_3,lula_3-2023-12-06,lula_3-2024-09-27,primary_adjudicated,MDB;PCdoB;PDT;PP;PSB;PSD;PSOL;PT;REDE;REPUBLICANOS;UNIAO,MDB;PCdoB;PDT;PP;PSB;PSD;PSOL;PT;REDE;REPUBLICANOS;UNIAO,MDB;PCdoB;PDT;PP;PSB;PSD;PSOL;PT;REDE;REPUBLICANOS;UNIAO,,,,established,,,
2024-10-01,lula_3,lula_3-2023-12-06,lula_3-2024-09-27,primary_adjudicated,MDB;PCdoB;PDT;PP;PSB;PSD;PSOL;PT;REDE;REPUBLICANOS;UNIAO,MDB;PCdoB;PDT;PP;PSB;PSD;PSOL;PT;REDE;REPUBLICANOS;UNIAO,MDB;PCdoB;PDT;PP;PSB;PSD;PSOL;PT;REDE;REPUBLICANOS;UNIAO,,,,established,,,
2024-10-02,lula_3,lula_3-2023-12-06,lula_3-2024-09-27,primary_adjudicated,MDB;PCdoB;PDT;PP;PSB;PSD;PSOL;PT;REDE;REPUBLICANOS;UNIAO,MDB;PCdoB;PDT;PP;PSB;PSD;PSOL;PT;REDE;REPUBLICANOS;UNIAO,MDB;PCdoB;PDT;PP;PSB;PSD;PSOL;PT;REDE;REPUBLICANOS;UNIAO,,,,established,,,
2024-10-03,lula_3,lula_3-2023-12-06,lula_3-2024-09-27,primary_adjudicated,MDB;PCdoB;PDT;PP;PSB;PSD;PSOL;PT;REDE;REPUBLICANOS;UNIAO,MDB;PCdoB;PDT;PP;PSB;PSD;PSOL;PT;REDE;REPUBLICANOS;UNIAO,MDB;PCdoB;PDT;PP;PSB;PSD;PSOL;PT;REDE;REPUBLICANOS;UNIAO,,,,established,,,
2024-10-04,lula_3,lula_3-2023-12-06,lula_3-2024-09-27,primary_adjudicated,MDB;PCdoB;PDT;PP;PSB;PSD;PSOL;PT;REDE;REPUBLICANOS;UNIAO,MDB;PCdoB;PDT;PP;PSB;PSD;PSOL;PT;REDE;REPUBLICANOS;UNIAO,MDB;PCdoB;PDT;PP;PSB;PSD;PSOL;PT;REDE;REPUBLICANOS;UNIAO,,,,established,,,
2024-10-05,lula_3,lula_3-2023-12-06,lula_3-2024-09-27,primary_adjudicated,MDB;PCdoB;PDT;PP;PSB;PSD;PSOL;PT;REDE;REPUBLICANOS;UNIAO,MDB;PCdoB;PDT;PP;PSB;PSD;PSOL;PT;REDE;REPUBLICANOS;UNIAO,MDB;PCdoB;PDT;PP;PSB;PSD;PSOL;PT;REDE;REPUBLICANOS;UNIAO,,,,established,,,
2024-10-06,lula_3,lula_3-2023-12-06,lula_3-2024-09-27,primary_adjudicated,MDB;PCdoB;PDT;PP;PSB;PSD;PSOL;PT;REDE;REPUBLICANOS;UNIAO,MDB;PCdoB;PDT;PP;PSB;PSD;PSOL;PT;REDE;REPUBLICANOS;UNIAO,MDB;PCdoB;PDT;PP;PSB;PSD;PSOL;PT;REDE;REPUBLICANOS;UNIAO,,,,established,,,
2024-10-07,lula_3,lula_3-2023-12-06,lula_3-2024-09-27,primary_adjudicated,MDB;PCdoB;PDT;PP;PSB;PSD;PSOL;PT;REDE;REPUBLICANOS;UNIAO,MDB;PCdoB;PDT;PP;PSB;PSD;PSOL;PT;REDE;REPUBLICANOS;UNIAO,MDB;PCdoB;PDT;PP;PSB;PSD;PSOL;PT;REDE;REPUBLICANOS;UNIAO,,,,established,,,
2024-10-08,lula_3,lula_3-2023-12-06,lula_3-2024-09-27,primary_adjudicated,MDB;PCdoB;PDT;PP;PSB;PSD;PSOL;PT;REDE;REPUBLICANOS;UNIAO,MDB;PCdoB;PDT;PP;PSB;PSD;PSOL;PT;REDE;REPUBLICANOS;UNIAO,MDB;PCdoB;PDT;PP;PSB;PSD;PSOL;PT;REDE;REPUBLICANOS;UNIAO,,,,established,,,
2024-10-09,lula_3,lula_3-2023-12-06,lula_3-2024-09-27,primary_adjudicated,MDB;PCdoB;PDT;PP;PSB;PSD;PSOL;PT;REDE;REPUBLICANOS;UNIAO,MDB;PCdoB;PDT;PP;PSB;PSD;PSOL;PT;REDE;REPUBLICANOS;UNIAO,MDB;PCdoB;PDT;PP;PSB;PSD;PSOL;PT;REDE;REPUBLICANOS;UNIAO,,,,established,,,
2024-10-10,lula_3,lula_3-2023-12-06,lula_3-2024-09-27,primary_adjudicated,MDB;PCdoB;PDT;PP;PSB;PSD;PSOL;PT;REDE;REPUBLICANOS;UNIAO,MDB;PCdoB;PDT;PP;PSB;PSD;PSOL;PT;REDE;REPUBLICANOS;UNIAO,MDB;PCdoB;PDT;PP;PSB;PSD;PSOL;PT;REDE;REPUBLICANOS;UNIAO,,,,established,,,
2024-10-11,lula_3,lula_3-2023-12-06,lula_3-2024-09-27,primary_adjudicated,MDB;PCdoB;PDT;PP;PSB;PSD;PSOL;PT;REDE;REPUBLICANOS;UNIAO,MDB;PCdoB;PDT;PP;PSB;PSD;PSOL;PT;REDE;REPUBLICANOS;UNIAO,MDB;PCdoB;PDT;PP;PSB;PSD;PSOL;PT;REDE;REPUBLICANOS;UNIAO,,,,established,,,
2024-10-12,lula_3,lula_3-2023-12-06,lula_3-2024-09-27,primary_adjudicated,MDB;PCdoB;PDT;PP;PSB;PSD;PSOL;PT;REDE;REPUBLICANOS;UNIAO,MDB;PCdoB;PDT;PP;PSB;PSD;PSOL;PT;REDE;REPUBLICANOS;UNIAO,MDB;PCdoB;PDT;PP;PSB;PSD;PSOL;PT;REDE;REPUBLICANOS;UNIAO,,,,established,,,
2024-10-13,lula_3,lula_3-2023-12-06,lula_3-2024-09-27,primary_adjudicated,MDB;PCdoB;PDT;PP;PSB;PSD;PSOL;PT;REDE;REPUBLICANOS;UNIAO,MDB;PCdoB;PDT;PP;PSB;PSD;PSOL;PT;REDE;REPUBLICANOS;UNIAO,MDB;PCdoB;PDT;PP;PSB;PSD;PSOL;PT;REDE;REPUBLICANOS;UNIAO,,,,established,,,
2024-10-14,lula_3,lula_3-2023-12-06,lula_3-2024-09-27,primary_adjudicated,MDB;PCdoB;PDT;PP;PSB;PSD;PSOL;PT;REDE;REPUBLICANOS;UNIAO,MDB;PCdoB;PDT;PP;PSB;PSD;PSOL;PT;REDE;REPUBLICANOS;UNIAO,MDB;PCdoB;PDT;PP;PSB;PSD;PSOL;PT;REDE;REPUBLICANOS;UNIAO,,,,established,,,
2024-10-15,lula_3,lula_3-2023-12-06,lula_3-2024-09-27,primary_adjudicated,MDB;PCdoB;PDT;PP;PSB;PSD;PSOL;PT;REDE;REPUBLICANOS;UNIAO,MDB;PCdoB;PDT;PP;PSB;PSD;PSOL;PT;REDE;REPUBLICANOS;UNIAO,MDB;PCdoB;PDT;PP;PSB;PSD;PSOL;PT;REDE;REPUBLICANOS;UNIAO,,,,established,,,
2024-10-16,lula_3,lula_3-2023-12-06,lula_3-2024-09-27,primary_adjudicated,MDB;PCdoB;PDT;PP;PSB;PSD;PSOL;PT;REDE;REPUBLICANOS;UNIAO,MDB;PCdoB;PDT;PP;PSB;PSD;PSOL;PT;REDE;REPUBLICANOS;UNIAO,MDB;PCdoB;PDT;PP;PSB;PSD;PSOL;PT;REDE;REPUBLICANOS;UNIAO,,,,established,,,
2024-10-17,lula_3,lula_3-2023-12-06,lula_3-2024-09-27,primary_adjudicated,MDB;PCdoB;PDT;PP;PSB;PSD;PSOL;PT;REDE;REPUBLICANOS;UNIAO,MDB;PCdoB;PDT;PP;PSB;PSD;PSOL;PT;REDE;REPUBLICANOS;UNIAO,MDB;PCdoB;PDT;PP;PSB;PSD;PSOL;PT;REDE;REPUBLICANOS;UNIAO,,,,established,,,
2024-10-18,lula_3,lula_3-2023-12-06,lula_3-2024-09-27,primary_adjudicated,MDB;PCdoB;PDT;PP;PSB;PSD;PSOL;PT;REDE;REPUBLICANOS;UNIAO,MDB;PCdoB;PDT;PP;PSB;PSD;PSOL;PT;REDE;REPUBLICANOS;UNIAO,MDB;PCdoB;PDT;PP;PSB;PSD;PSOL;PT;REDE;REPUBLICANOS;UNIAO,,,,established,,,
2024-10-19,lula_3,lula_3-2023-12-06,lula_3-2024-09-27,primary_adjudicated,MDB;PCdoB;PDT;PP;PSB;PSD;PSOL;PT;REDE;REPUBLICANOS;UNIAO,MDB;PCdoB;PDT;PP;PSB;PSD;PSOL;PT;REDE;REPUBLICANOS;UNIAO,MDB;PCdoB;PDT;PP;PSB;PSD;PSOL;PT;REDE;REPUBLICANOS;UNIAO,,,,established,,,
2024-10-20,lula_3,lula_3-2023-12-06,lula_3-2024-09-27,primary_adjudicated,MDB;PCdoB;PDT;PP;PSB;PSD;PSOL;PT;REDE;REPUBLICANOS;UNIAO,MDB;PCdoB;PDT;PP;PSB;PSD;PSOL;PT;REDE;REPUBLICANOS;UNIAO,MDB;PCdoB;PDT;PP;PSB;PSD;PSOL;PT;REDE;REPUBLICANOS;UNIAO,,,,established,,,
2024-10-21,lula_3,lula_3-2023-12-06,lula_3-2024-09-27,primary_adjudicated,MDB;PCdoB;PDT;PP;PSB;PSD;PSOL;PT;REDE;REPUBLICANOS;UNIAO,MDB;PCdoB;PDT;PP;PSB;PSD;PSOL;PT;REDE;REPUBLICANOS;UNIAO,MDB;PCdoB;PDT;PP;PSB;PSD;PSOL;PT;REDE;REPUBLICANOS;UNIAO,,,,established,,,
2024-10-22,lula_3,lula_3-2023-12-06,lula_3-2024-09-27,primary_adjudicated,MDB;PCdoB;PDT;PP;PSB;PSD;PSOL;PT;REDE;REPUBLICANOS;UNIAO,MDB;PCdoB;PDT;PP;PSB;PSD;PSOL;PT;REDE;REPUBLICANOS;UNIAO,MDB;PCdoB;PDT;PP;PSB;PSD;PSOL;PT;REDE;REPUBLICANOS;UNIAO,,,,established,,,
2024-10-23,lula_3,lula_3-2023-12-06,lula_3-2024-09-27,primary_adjudicated,MDB;PCdoB;PDT;PP;PSB;PSD;PSOL;PT;REDE;REPUBLICANOS;UNIAO,MDB;PCdoB;PDT;PP;PSB;PSD;PSOL;PT;REDE;REPUBLICANOS;UNIAO,MDB;PCdoB;PDT;PP;PSB;PSD;PSOL;PT;REDE;REPUBLICANOS;UNIAO,,,,established,,,
2024-10-24,lula_3,lula_3-2023-12-06,lula_3-2024-09-27,primary_adjudicated,MDB;PCdoB;PDT;PP;PSB;PSD;PSOL;PT;REDE;REPUBLICANOS;UNIAO,MDB;PCdoB;PDT;PP;PSB;PSD;PSOL;PT;REDE;REPUBLICANOS;UNIAO,MDB;PCdoB;PDT;PP;PSB;PSD;PSOL;PT;REDE;REPUBLICANOS;UNIAO,,,,established,,,
2024-10-25,lula_3,lula_3-2023-12-06,lula_3-2024-09-27,primary_adjudicated,MDB;PCdoB;PDT;PP;PSB;PSD;PSOL;PT;REDE;REPUBLICANOS;UNIAO,MDB;PCdoB;PDT;PP;PSB;PSD;PSOL;PT;REDE;REPUBLICANOS;UNIAO,MDB;PCdoB;PDT;PP;PSB;PSD;PSOL;PT;REDE;REPUBLICANOS;UNIAO,,,,established,,,
2024-10-26,lula_3,lula_3-2023-12-06,lula_3-2024-09-27,primary_adjudicated,MDB;PCdoB;PDT;PP;PSB;PSD;PSOL;PT;REDE;REPUBLICANOS;UNIAO,MDB;PCdoB;PDT;PP;PSB;PSD;PSOL;PT;REDE;REPUBLICANOS;UNIAO,MDB;PCdoB;PDT;PP;PSB;PSD;PSOL;PT;REDE;REPUBLICANOS;UNIAO,,,,established,,,
2024-10-27,lula_3,lula_3-2023-12-06,lula_3-2024-09-27,primary_adjudicated,MDB;PCdoB;PDT;PP;PSB;PSD;PSOL;PT;REDE;REPUBLICANOS;UNIAO,MDB;PCdoB;PDT;PP;PSB;PSD;PSOL;PT;REDE;REPUBLICANOS;UNIAO,MDB;PCdoB;PDT;PP;PSB;PSD;PSOL;PT;REDE;REPUBLICANOS;UNIAO,,,,established,,,
2024-10-28,lula_3,lula_3-2023-12-06,lula_3-2024-09-27,primary_adjudicated,MDB;PCdoB;PDT;PP;PSB;PSD;PSOL;PT;REDE;REPUBLICANOS;UNIAO,MDB;PCdoB;PDT;PP;PSB;PSD;PSOL;PT;REDE;REPUBLICANOS;UNIAO,MDB;PCdoB;PDT;PP;PSB;PSD;PSOL;PT;REDE;REPUBLICANOS;UNIAO,,,,established,,,
2024-10-29,lula_3,lula_3-2023-12-06,lula_3-2024-09-27,primary_adjudicated,MDB;PCdoB;PDT;PP;PSB;PSD;PSOL;PT;REDE;REPUBLICANOS;UNIAO,MDB;PCdoB;PDT;PP;PSB;PSD;PSOL;PT;REDE;REPUBLICANOS;UNIAO,MDB;PCdoB;PDT;PP;PSB;PSD;PSOL;PT;REDE;REPUBLICANOS;UNIAO,,,,established,,,
2024-10-30,lula_3,lula_3-2023-12-06,lula_3-2024-09-27,primary_adjudicated,MDB;PCdoB;PDT;PP;PSB;PSD;PSOL;PT;REDE;REPUBLICANOS;UNIAO,MDB;PCdoB;PDT;PP;PSB;PSD;PSOL;PT;REDE;REPUBLICANOS;UNIAO,MDB;PCdoB;PDT;PP;PSB;PSD;PSOL;PT;REDE;REPUBLICANOS;UNIAO,,,,established,,,
2024-10-31,lula_3,lula_3-2023-12-06,lula_3-2024-09-27,primary_adjudicated,MDB;PCdoB;PDT;PP;PSB;PSD;PSOL;PT;REDE;REPUBLICANOS;UNIAO,MDB;PCdoB;PDT;PP;PSB;PSD;PSOL;PT;REDE;REPUBLICANOS;UNIAO,MDB;PCdoB;PDT;PP;PSB;PSD;PSOL;PT;REDE;REPUBLICANOS;UNIAO,,,,established,,,
2024-11-01,lula_3,lula_3-2023-12-06,lula_3-2024-09-27,primary_adjudicated,MDB;PCdoB;PDT;PP;PSB;PSD;PSOL;PT;REDE;REPUBLICANOS;UNIAO,MDB;PCdoB;PDT;PP;PSB;PSD;PSOL;PT;REDE;REPUBLICANOS;UNIAO,MDB;PCdoB;PDT;PP;PSB;PSD;PSOL;PT;REDE;REPUBLICANOS;UNIAO,,,,established,,,
2024-11-02,lula_3,lula_3-2023-12-06,lula_3-2024-09-27,primary_adjudicated,MDB;PCdoB;PDT;PP;PSB;PSD;PSOL;PT;REDE;REPUBLICANOS;UNIAO,MDB;PCdoB;PDT;PP;PSB;PSD;PSOL;PT;REDE;REPUBLICANOS;UNIAO,MDB;PCdoB;PDT;PP;PSB;PSD;PSOL;PT;REDE;REPUBLICANOS;UNIAO,,,,established,,,
2024-11-03,lula_3,lula_3-2023-12-06,lula_3-2024-09-27,primary_adjudicated,MDB;PCdoB;PDT;PP;PSB;PSD;PSOL;PT;REDE;REPUBLICANOS;UNIAO,MDB;PCdoB;PDT;PP;PSB;PSD;PSOL;PT;REDE;REPUBLICANOS;UNIAO,MDB;PCdoB;PDT;PP;PSB;PSD;PSOL;PT;REDE;REPUBLICANOS;UNIAO,,,,established,,,
2024-11-04,lula_3,lula_3-2023-12-06,lula_3-2024-09-27,primary_adjudicated,MDB;PCdoB;PDT;PP;PSB;PSD;PSOL;PT;REDE;REPUBLICANOS;UNIAO,MDB;PCdoB;PDT;PP;PSB;PSD;PSOL;PT;REDE;REPUBLICANOS;UNIAO,MDB;PCdoB;PDT;PP;PSB;PSD;PSOL;PT;REDE;REPUBLICANOS;UNIAO,,,,established,,,
2024-11-05,lula_3,lula_3-2023-12-06,lula_3-2024-09-27,primary_adjudicated,MDB;PCdoB;PDT;PP;PSB;PSD;PSOL;PT;REDE;REPUBLICANOS;UNIAO,MDB;PCdoB;PDT;PP;PSB;PSD;PSOL;PT;REDE;REPUBLICANOS;UNIAO,MDB;PCdoB;PDT;PP;PSB;PSD;PSOL;PT;REDE;REPUBLICANOS;UNIAO,,,,established,,,
2024-11-06,lula_3,lula_3-2023-12-06,lula_3-2024-09-27,primary_adjudicated,MDB;PCdoB;PDT;PP;PSB;PSD;PSOL;PT;REDE;REPUBLICANOS;UNIAO,MDB;PCdoB;PDT;PP;PSB;PSD;PSOL;PT;REDE;REPUBLICANOS;UNIAO,MDB;PCdoB;PDT;PP;PSB;PSD;PSOL;PT;REDE;REPUBLICANOS;UNIAO,,,,established,,,
2024-11-07,lula_3,lula_3-2023-12-06,lula_3-2024-09-27,primary_adjudicated,MDB;PCdoB;PDT;PP;PSB;PSD;PSOL;PT;REDE;REPUBLICANOS;UNIAO,MDB;PCdoB;PDT;PP;PSB;PSD;PSOL;PT;REDE;REPUBLICANOS;UNIAO,MDB;PCdoB;PDT;PP;PSB;PSD;PSOL;PT;REDE;REPUBLICANOS;UNIAO,,,,established,,,
2024-11-08,lula_3,lula_3-2023-12-06,lula_3-2024-09-27,primary_adjudicated,MDB;PCdoB;PDT;PP;PSB;PSD;PSOL;PT;REDE;REPUBLICANOS;UNIAO,MDB;PCdoB;PDT;PP;PSB;PSD;PSOL;PT;REDE;REPUBLICANOS;UNIAO,MDB;PCdoB;PDT;PP;PSB;PSD;PSOL;PT;REDE;REPUBLICANOS;UNIAO,,,,established,,,
2024-11-09,lula_3,lula_3-2023-12-06,lula_3-2024-09-27,primary_adjudicated,MDB;PCdoB;PDT;PP;PSB;PSD;PSOL;PT;REDE;REPUBLICANOS;UNIAO,MDB;PCdoB;PDT;PP;PSB;PSD;PSOL;PT;REDE;REPUBLICANOS;UNIAO,MDB;PCdoB;PDT;PP;PSB;PSD;PSOL;PT;REDE;REPUBLICANOS;UNIAO,,,,established,,,
2024-11-10,lula_3,lula_3-2023-12-06,lula_3-2024-09-27,primary_adjudicated,MDB;PCdoB;PDT;PP;PSB;PSD;PSOL;PT;REDE;REPUBLICANOS;UNIAO,MDB;PCdoB;PDT;PP;PSB;PSD;PSOL;PT;REDE;REPUBLICANOS;UNIAO,MDB;PCdoB;PDT;PP;PSB;PSD;PSOL;PT;REDE;REPUBLICANOS;UNIAO,,,,established,,,
2024-11-11,lula_3,lula_3-2023-12-06,lula_3-2024-09-27,primary_adjudicated,MDB;PCdoB;PDT;PP;PSB;PSD;PSOL;PT;REDE;REPUBLICANOS;UNIAO,MDB;PCdoB;PDT;PP;PSB;PSD;PSOL;PT;REDE;REPUBLICANOS;UNIAO,MDB;PCdoB;PDT;PP;PSB;PSD;PSOL;PT;REDE;REPUBLICANOS;UNIAO,,,,established,,,
2024-11-12,lula_3,lula_3-2023-12-06,lula_3-2024-09-27,primary_adjudicated,MDB;PCdoB;PDT;PP;PSB;PSD;PSOL;PT;REDE;REPUBLICANOS;UNIAO,MDB;PCdoB;PDT;PP;PSB;PSD;PSOL;PT;REDE;REPUBLICANOS;UNIAO,MDB;PCdoB;PDT;PP;PSB;PSD;PSOL;PT;REDE;REPUBLICANOS;UNIAO,,,,established,,,
2024-11-13,lula_3,lula_3-2023-12-06,lula_3-2024-09-27,primary_adjudicated,MDB;PCdoB;PDT;PP;PSB;PSD;PSOL;PT;REDE;REPUBLICANOS;UNIAO,MDB;PCdoB;PDT;PP;PSB;PSD;PSOL;PT;REDE;REPUBLICANOS;UNIAO,MDB;PCdoB;PDT;PP;PSB;PSD;PSOL;PT;REDE;REPUBLICANOS;UNIAO,,,,established,,,
2024-11-14,lula_3,lula_3-2023-12-06,lula_3-2024-09-27,primary_adjudicated,MDB;PCdoB;PDT;PP;PSB;PSD;PSOL;PT;REDE;REPUBLICANOS;UNIAO,MDB;PCdoB;PDT;PP;PSB;PSD;PSOL;PT;REDE;REPUBLICANOS;UNIAO,MDB;PCdoB;PDT;PP;PSB;PSD;PSOL;PT;REDE;REPUBLICANOS;UNIAO,,,,established,,,
2024-11-15,lula_3,lula_3-2023-12-06,lula_3-2024-09-27,primary_adjudicated,MDB;PCdoB;PDT;PP;PSB;PSD;PSOL;PT;REDE;REPUBLICANOS;UNIAO,MDB;PCdoB;PDT;PP;PSB;PSD;PSOL;PT;REDE;REPUBLICANOS;UNIAO,MDB;PCdoB;PDT;PP;PSB;PSD;PSOL;PT;REDE;REPUBLICANOS;UNIAO,,,,established,,,
2024-11-16,lula_3,lula_3-2023-12-06,lula_3-2024-09-27,primary_adjudicated,MDB;PCdoB;PDT;PP;PSB;PSD;PSOL;PT;REDE;REPUBLICANOS;UNIAO,MDB;PCdoB;PDT;PP;PSB;PSD;PSOL;PT;REDE;REPUBLICANOS;UNIAO,MDB;PCdoB;PDT;PP;PSB;PSD;PSOL;PT;REDE;REPUBLICANOS;UNIAO,,,,established,,,
2024-11-17,lula_3,lula_3-2023-12-06,lula_3-2024-09-27,primary_adjudicated,MDB;PCdoB;PDT;PP;PSB;PSD;PSOL;PT;REDE;REPUBLICANOS;UNIAO,MDB;PCdoB;PDT;PP;PSB;PSD;PSOL;PT;REDE;REPUBLICANOS;UNIAO,MDB;PCdoB;PDT;PP;PSB;PSD;PSOL;PT;REDE;REPUBLICANOS;UNIAO,,,,established,,,
2024-11-18,lula_3,lula_3-2023-12-06,lula_3-2024-09-27,primary_adjudicated,MDB;PCdoB;PDT;PP;PSB;PSD;PSOL;PT;REDE;REPUBLICANOS;UNIAO,MDB;PCdoB;PDT;PP;PSB;PSD;PSOL;PT;REDE;REPUBLICANOS;UNIAO,MDB;PCdoB;PDT;PP;PSB;PSD;PSOL;PT;REDE;REPUBLICANOS;UNIAO,,,,established,,,
2024-11-19,lula_3,lula_3-2023-12-06,lula_3-2024-09-27,primary_adjudicated,MDB;PCdoB;PDT;PP;PSB;PSD;PSOL;PT;REDE;REPUBLICANOS;UNIAO,MDB;PCdoB;PDT;PP;PSB;PSD;PSOL;PT;REDE;REPUBLICANOS;UNIAO,MDB;PCdoB;PDT;PP;PSB;PSD;PSOL;PT;REDE;REPUBLICANOS;UNIAO,,,,established,,,
2024-11-20,lula_3,lula_3-2023-12-06,lula_3-2024-09-27,primary_adjudicated,MDB;PCdoB;PDT;PP;PSB;PSD;PSOL;PT;REDE;REPUBLICANOS;UNIAO,MDB;PCdoB;PDT;PP;PSB;PSD;PSOL;PT;REDE;REPUBLICANOS;UNIAO,MDB;PCdoB;PDT;PP;PSB;PSD;PSOL;PT;REDE;REPUBLICANOS;UNIAO,,,,established,,,
2024-11-21,lula_3,lula_3-2023-12-06,lula_3-2024-09-27,primary_adjudicated,MDB;PCdoB;PDT;PP;PSB;PSD;PSOL;PT;REDE;REPUBLICANOS;UNIAO,MDB;PCdoB;PDT;PP;PSB;PSD;PSOL;PT;REDE;REPUBLICANOS;UNIAO,MDB;PCdoB;PDT;PP;PSB;PSD;PSOL;PT;REDE;REPUBLICANOS;UNIAO,,,,established,,,
2024-11-22,lula_3,lula_3-2023-12-06,lula_3-2024-09-27,primary_adjudicated,MDB;PCdoB;PDT;PP;PSB;PSD;PSOL;PT;REDE;REPUBLICANOS;UNIAO,MDB;PCdoB;PDT;PP;PSB;PSD;PSOL;PT;REDE;REPUBLICANOS;UNIAO,MDB;PCdoB;PDT;PP;PSB;PSD;PSOL;PT;REDE;REPUBLICANOS;UNIAO,,,,established,,,
2024-11-23,lula_3,lula_3-2023-12-06,lula_3-2024-09-27,primary_adjudicated,MDB;PCdoB;PDT;PP;PSB;PSD;PSOL;PT;REDE;REPUBLICANOS;UNIAO,MDB;PCdoB;PDT;PP;PSB;PSD;PSOL;PT;REDE;REPUBLICANOS;UNIAO,MDB;PCdoB;PDT;PP;PSB;PSD;PSOL;PT;REDE;REPUBLICANOS;UNIAO,,,,established,,,
2024-11-24,lula_3,lula_3-2023-12-06,lula_3-2024-09-27,primary_adjudicated,MDB;PCdoB;PDT;PP;PSB;PSD;PSOL;PT;REDE;REPUBLICANOS;UNIAO,MDB;PCdoB;PDT;PP;PSB;PSD;PSOL;PT;REDE;REPUBLICANOS;UNIAO,MDB;PCdoB;PDT;PP;PSB;PSD;PSOL;PT;REDE;REPUBLICANOS;UNIAO,,,,established,,,
2024-11-25,lula_3,lula_3-2023-12-06,lula_3-2024-09-27,primary_adjudicated,MDB;PCdoB;PDT;PP;PSB;PSD;PSOL;PT;REDE;REPUBLICANOS;UNIAO,MDB;PCdoB;PDT;PP;PSB;PSD;PSOL;PT;REDE;REPUBLICANOS;UNIAO,MDB;PCdoB;PDT;PP;PSB;PSD;PSOL;PT;REDE;REPUBLICANOS;UNIAO,,,,established,,,
2024-11-26,lula_3,lula_3-2023-12-06,lula_3-2024-09-27,primary_adjudicated,MDB;PCdoB;PDT;PP;PSB;PSD;PSOL;PT;REDE;REPUBLICANOS;UNIAO,MDB;PCdoB;PDT;PP;PSB;PSD;PSOL;PT;REDE;REPUBLICANOS;UNIAO,MDB;PCdoB;PDT;PP;PSB;PSD;PSOL;PT;REDE;REPUBLICANOS;UNIAO,,,,established,,,
2024-11-27,lula_3,lula_3-2023-12-06,lula_3-2024-09-27,primary_adjudicated,MDB;PCdoB;PDT;PP;PSB;PSD;PSOL;PT;REDE;REPUBLICANOS;UNIAO,MDB;PCdoB;PDT;PP;PSB;PSD;PSOL;PT;REDE;REPUBLICANOS;UNIAO,MDB;PCdoB;PDT;PP;PSB;PSD;PSOL;PT;REDE;REPUBLICANOS;UNIAO,,,,established,,,
2024-11-28,lula_3,lula_3-2023-12-06,lula_3-2024-09-27,primary_adjudicated,MDB;PCdoB;PDT;PP;PSB;PSD;PSOL;PT;REDE;REPUBLICANOS;UNIAO,MDB;PCdoB;PDT;PP;PSB;PSD;PSOL;PT;REDE;REPUBLICANOS;UNIAO,MDB;PCdoB;PDT;PP;PSB;PSD;PSOL;PT;REDE;REPUBLICANOS;UNIAO,,,,established,,,
2024-11-29,lula_3,lula_3-2023-12-06,lula_3-2024-09-27,primary_adjudicated,MDB;PCdoB;PDT;PP;PSB;PSD;PSOL;PT;REDE;REPUBLICANOS;UNIAO,MDB;PCdoB;PDT;PP;PSB;PSD;PSOL;PT;REDE;REPUBLICANOS;UNIAO,MDB;PCdoB;PDT;PP;PSB;PSD;PSOL;PT;REDE;REPUBLICANOS;UNIAO,,,,established,,,
2024-11-30,lula_3,lula_3-2023-12-06,lula_3-2024-09-27,primary_adjudicated,MDB;PCdoB;PDT;PP;PSB;PSD;PSOL;PT;REDE;REPUBLICANOS;UNIAO,MDB;PCdoB;PDT;PP;PSB;PSD;PSOL;PT;REDE;REPUBLICANOS;UNIAO,MDB;PCdoB;PDT;PP;PSB;PSD;PSOL;PT;REDE;REPUBLICANOS;UNIAO,,,,established,,,
2024-12-01,lula_3,lula_3-2023-12-06,lula_3-2024-09-27,primary_adjudicated,MDB;PCdoB;PDT;PP;PSB;PSD;PSOL;PT;REDE;REPUBLICANOS;UNIAO,MDB;PCdoB;PDT;PP;PSB;PSD;PSOL;PT;REDE;REPUBLICANOS;UNIAO,MDB;PCdoB;PDT;PP;PSB;PSD;PSOL;PT;REDE;REPUBLICANOS;UNIAO,,,,established,,,
2024-12-02,lula_3,lula_3-2023-12-06,lula_3-2024-09-27,primary_adjudicated,MDB;PCdoB;PDT;PP;PSB;PSD;PSOL;PT;REDE;REPUBLICANOS;UNIAO,MDB;PCdoB;PDT;PP;PSB;PSD;PSOL;PT;REDE;REPUBLICANOS;UNIAO,MDB;PCdoB;PDT;PP;PSB;PSD;PSOL;PT;REDE;REPUBLICANOS;UNIAO,,,,established,,,
2024-12-03,lula_3,lula_3-2024-12-03,lula_3-2024-12-03,primary_adjudicated,MDB;PCdoB;PDT;PP;PSB;PSD;PSDB;PSOL;PT;REDE;REPUBLICANOS;UNIAO,MDB;PCdoB;PDT;PP;PSB;PSD;PSDB;PSOL;PT;REDE;REPUBLICANOS;UNIAO,MDB;PCdoB;PDT;PP;PSB;PSD;PSDB;PSOL;PT;REDE;REPUBLICANOS;UNIAO,,,,established,,,
2024-12-04,lula_3,lula_3-2024-12-03,lula_3-2024-12-03,primary_adjudicated,MDB;PCdoB;PDT;PP;PSB;PSD;PSDB;PSOL;PT;REDE;REPUBLICANOS;UNIAO,MDB;PCdoB;PDT;PP;PSB;PSD;PSDB;PSOL;PT;REDE;REPUBLICANOS;UNIAO,MDB;PCdoB;PDT;PP;PSB;PSD;PSDB;PSOL;PT;REDE;REPUBLICANOS;UNIAO,,,,established,,,
2024-12-05,lula_3,lula_3-2024-12-03,lula_3-2024-12-03,primary_adjudicated,MDB;PCdoB;PDT;PP;PSB;PSD;PSDB;PSOL;PT;REDE;REPUBLICANOS;UNIAO,MDB;PCdoB;PDT;PP;PSB;PSD;PSDB;PSOL;PT;REDE;REPUBLICANOS;UNIAO,MDB;PCdoB;PDT;PP;PSB;PSD;PSDB;PSOL;PT;REDE;REPUBLICANOS;UNIAO,,,,established,,,
2024-12-06,lula_3,lula_3-2024-12-06,lula_3-2024-12-06,primary_adjudicated,MDB;PCdoB;PDT;PP;PSB;PSD;PSOL;PT;REDE;REPUBLICANOS;UNIAO,MDB;PCdoB;PDT;PP;PSB;PSD;PSOL;PT;REDE;REPUBLICANOS;UNIAO,MDB;PCdoB;PDT;PP;PSB;PSD;PSOL;PT;REDE;REPUBLICANOS;UNIAO,,,,established,,,
2024-12-07,lula_3,lula_3-2024-12-06,lula_3-2024-12-06,primary_adjudicated,MDB;PCdoB;PDT;PP;PSB;PSD;PSOL;PT;REDE;REPUBLICANOS;UNIAO,MDB;PCdoB;PDT;PP;PSB;PSD;PSOL;PT;REDE;REPUBLICANOS;UNIAO,MDB;PCdoB;PDT;PP;PSB;PSD;PSOL;PT;REDE;REPUBLICANOS;UNIAO,,,,established,,,
2024-12-08,lula_3,lula_3-2024-12-06,lula_3-2024-12-06,primary_adjudicated,MDB;PCdoB;PDT;PP;PSB;PSD;PSOL;PT;REDE;REPUBLICANOS;UNIAO,MDB;PCdoB;PDT;PP;PSB;PSD;PSOL;PT;REDE;REPUBLICANOS;UNIAO,MDB;PCdoB;PDT;PP;PSB;PSD;PSOL;PT;REDE;REPUBLICANOS;UNIAO,,,,established,,,
2024-12-09,lula_3,lula_3-2024-12-06,lula_3-2024-12-06,primary_adjudicated,MDB;PCdoB;PDT;PP;PSB;PSD;PSOL;PT;REDE;REPUBLICANOS;UNIAO,MDB;PCdoB;PDT;PP;PSB;PSD;PSOL;PT;REDE;REPUBLICANOS;UNIAO,MDB;PCdoB;PDT;PP;PSB;PSD;PSOL;PT;REDE;REPUBLICANOS;UNIAO,,,,established,,,
2024-12-10,lula_3,lula_3-2024-12-06,lula_3-2024-12-06,primary_adjudicated,MDB;PCdoB;PDT;PP;PSB;PSD;PSOL;PT;REDE;REPUBLICANOS;UNIAO,MDB;PCdoB;PDT;PP;PSB;PSD;PSOL;PT;REDE;REPUBLICANOS;UNIAO,MDB;PCdoB;PDT;PP;PSB;PSD;PSOL;PT;REDE;REPUBLICANOS;UNIAO,,,,established,,,
2024-12-11,lula_3,lula_3-2024-12-06,lula_3-2024-12-06,primary_adjudicated,MDB;PCdoB;PDT;PP;PSB;PSD;PSOL;PT;REDE;REPUBLICANOS;UNIAO,MDB;PCdoB;PDT;PP;PSB;PSD;PSOL;PT;REDE;REPUBLICANOS;UNIAO,MDB;PCdoB;PDT;PP;PSB;PSD;PSOL;PT;REDE;REPUBLICANOS;UNIAO,,,,established,,,
2024-12-12,lula_3,lula_3-2024-12-06,lula_3-2024-12-06,primary_adjudicated,MDB;PCdoB;PDT;PP;PSB;PSD;PSOL;PT;REDE;REPUBLICANOS;UNIAO,MDB;PCdoB;PDT;PP;PSB;PSD;PSOL;PT;REDE;REPUBLICANOS;UNIAO,MDB;PCdoB;PDT;PP;PSB;PSD;PSOL;PT;REDE;REPUBLICANOS;UNIAO,,,,established,,,
2024-12-13,lula_3,lula_3-2024-12-06,lula_3-2024-12-06,primary_adjudicated,MDB;PCdoB;PDT;PP;PSB;PSD;PSOL;PT;REDE;REPUBLICANOS;UNIAO,MDB;PCdoB;PDT;PP;PSB;PSD;PSOL;PT;REDE;REPUBLICANOS;UNIAO,MDB;PCdoB;PDT;PP;PSB;PSD;PSOL;PT;REDE;REPUBLICANOS;UNIAO,,,,established,,,
2024-12-14,lula_3,lula_3-2024-12-06,lula_3-2024-12-06,primary_adjudicated,MDB;PCdoB;PDT;PP;PSB;PSD;PSOL;PT;REDE;REPUBLICANOS;UNIAO,MDB;PCdoB;PDT;PP;PSB;PSD;PSOL;PT;REDE;REPUBLICANOS;UNIAO,MDB;PCdoB;PDT;PP;PSB;PSD;PSOL;PT;REDE;REPUBLICANOS;UNIAO,,,,established,,,
2024-12-15,lula_3,lula_3-2024-12-06,lula_3-2024-12-06,primary_adjudicated,MDB;PCdoB;PDT;PP;PSB;PSD;PSOL;PT;REDE;REPUBLICANOS;UNIAO,MDB;PCdoB;PDT;PP;PSB;PSD;PSOL;PT;REDE;REPUBLICANOS;UNIAO,MDB;PCdoB;PDT;PP;PSB;PSD;PSOL;PT;REDE;REPUBLICANOS;UNIAO,,,,established,,,
2024-12-16,lula_3,lula_3-2024-12-06,lula_3-2024-12-06,primary_adjudicated,MDB;PCdoB;PDT;PP;PSB;PSD;PSOL;PT;REDE;REPUBLICANOS;UNIAO,MDB;PCdoB;PDT;PP;PSB;PSD;PSOL;PT;REDE;REPUBLICANOS;UNIAO,MDB;PCdoB;PDT;PP;PSB;PSD;PSOL;PT;REDE;REPUBLICANOS;UNIAO,,,,established,,,
2024-12-17,lula_3,lula_3-2024-12-06,lula_3-2024-12-06,primary_adjudicated,MDB;PCdoB;PDT;PP;PSB;PSD;PSOL;PT;REDE;REPUBLICANOS;UNIAO,MDB;PCdoB;PDT;PP;PSB;PSD;PSOL;PT;REDE;REPUBLICANOS;UNIAO,MDB;PCdoB;PDT;PP;PSB;PSD;PSOL;PT;REDE;REPUBLICANOS;UNIAO,,,,established,,,
2024-12-18,lula_3,lula_3-2024-12-06,lula_3-2024-12-06,primary_adjudicated,MDB;PCdoB;PDT;PP;PSB;PSD;PSOL;PT;REDE;REPUBLICANOS;UNIAO,MDB;PCdoB;PDT;PP;PSB;PSD;PSOL;PT;REDE;REPUBLICANOS;UNIAO,MDB;PCdoB;PDT;PP;PSB;PSD;PSOL;PT;REDE;REPUBLICANOS;UNIAO,,,,established,,,
2024-12-19,lula_3,lula_3-2024-12-06,lula_3-2024-12-06,primary_adjudicated,MDB;PCdoB;PDT;PP;PSB;PSD;PSOL;PT;REDE;REPUBLICANOS;UNIAO,MDB;PCdoB;PDT;PP;PSB;PSD;PSOL;PT;REDE;REPUBLICANOS;UNIAO,MDB;PCdoB;PDT;PP;PSB;PSD;PSOL;PT;REDE;REPUBLICANOS;UNIAO,,,,established,,,
2024-12-20,lula_3,lula_3-2024-12-06,lula_3-2024-12-06,primary_adjudicated,MDB;PCdoB;PDT;PP;PSB;PSD;PSOL;PT;REDE;REPUBLICANOS;UNIAO,MDB;PCdoB;PDT;PP;PSB;PSD;PSOL;PT;REDE;REPUBLICANOS;UNIAO,MDB;PCdoB;PDT;PP;PSB;PSD;PSOL;PT;REDE;REPUBLICANOS;UNIAO,,,,established,,,
2024-12-21,lula_3,lula_3-2024-12-06,lula_3-2024-12-06,primary_adjudicated,MDB;PCdoB;PDT;PP;PSB;PSD;PSOL;PT;REDE;REPUBLICANOS;UNIAO,MDB;PCdoB;PDT;PP;PSB;PSD;PSOL;PT;REDE;REPUBLICANOS;UNIAO,MDB;PCdoB;PDT;PP;PSB;PSD;PSOL;PT;REDE;REPUBLICANOS;UNIAO,,,,established,,,
2024-12-22,lula_3,lula_3-2024-12-06,lula_3-2024-12-06,primary_adjudicated,MDB;PCdoB;PDT;PP;PSB;PSD;PSOL;PT;REDE;REPUBLICANOS;UNIAO,MDB;PCdoB;PDT;PP;PSB;PSD;PSOL;PT;REDE;REPUBLICANOS;UNIAO,MDB;PCdoB;PDT;PP;PSB;PSD;PSOL;PT;REDE;REPUBLICANOS;UNIAO,,,,established,,,
2024-12-23,lula_3,lula_3-2024-12-06,lula_3-2024-12-06,primary_adjudicated,MDB;PCdoB;PDT;PP;PSB;PSD;PSOL;PT;REDE;REPUBLICANOS;UNIAO,MDB;PCdoB;PDT;PP;PSB;PSD;PSOL;PT;REDE;REPUBLICANOS;UNIAO,MDB;PCdoB;PDT;PP;PSB;PSD;PSOL;PT;REDE;REPUBLICANOS;UNIAO,,,,established,,,
2024-12-24,lula_3,lula_3-2024-12-06,lula_3-2024-12-06,primary_adjudicated,MDB;PCdoB;PDT;PP;PSB;PSD;PSOL;PT;REDE;REPUBLICANOS;UNIAO,MDB;PCdoB;PDT;PP;PSB;PSD;PSOL;PT;REDE;REPUBLICANOS;UNIAO,MDB;PCdoB;PDT;PP;PSB;PSD;PSOL;PT;REDE;REPUBLICANOS;UNIAO,,,,established,,,
2024-12-25,lula_3,lula_3-2024-12-06,lula_3-2024-12-06,primary_adjudicated,MDB;PCdoB;PDT;PP;PSB;PSD;PSOL;PT;REDE;REPUBLICANOS;UNIAO,MDB;PCdoB;PDT;PP;PSB;PSD;PSOL;PT;REDE;REPUBLICANOS;UNIAO,MDB;PCdoB;PDT;PP;PSB;PSD;PSOL;PT;REDE;REPUBLICANOS;UNIAO,,,,established,,,
2024-12-26,lula_3,lula_3-2024-12-06,lula_3-2024-12-06,primary_adjudicated,MDB;PCdoB;PDT;PP;PSB;PSD;PSOL;PT;REDE;REPUBLICANOS;UNIAO,MDB;PCdoB;PDT;PP;PSB;PSD;PSOL;PT;REDE;REPUBLICANOS;UNIAO,MDB;PCdoB;PDT;PP;PSB;PSD;PSOL;PT;REDE;REPUBLICANOS;UNIAO,,,,established,,,
2024-12-27,lula_3,lula_3-2024-12-06,lula_3-2024-12-06,primary_adjudicated,MDB;PCdoB;PDT;PP;PSB;PSD;PSOL;PT;REDE;REPUBLICANOS;UNIAO,MDB;PCdoB;PDT;PP;PSB;PSD;PSOL;PT;REDE;REPUBLICANOS;UNIAO,MDB;PCdoB;PDT;PP;PSB;PSD;PSOL;PT;REDE;REPUBLICANOS;UNIAO,,,,established,,,
2024-12-28,lula_3,lula_3-2024-12-06,lula_3-2024-12-06,primary_adjudicated,MDB;PCdoB;PDT;PP;PSB;PSD;PSOL;PT;REDE;REPUBLICANOS;UNIAO,MDB;PCdoB;PDT;PP;PSB;PSD;PSOL;PT;REDE;REPUBLICANOS;UNIAO,MDB;PCdoB;PDT;PP;PSB;PSD;PSOL;PT;REDE;REPUBLICANOS;UNIAO,,,,established,,,
2024-12-29,lula_3,lula_3-2024-12-06,lula_3-2024-12-06,primary_adjudicated,MDB;PCdoB;PDT;PP;PSB;PSD;PSOL;PT;REDE;REPUBLICANOS;UNIAO,MDB;PCdoB;PDT;PP;PSB;PSD;PSOL;PT;REDE;REPUBLICANOS;UNIAO,MDB;PCdoB;PDT;PP;PSB;PSD;PSOL;PT;REDE;REPUBLICANOS;UNIAO,,,,established,,,
2024-12-30,lula_3,lula_3-2024-12-06,lula_3-2024-12-06,primary_adjudicated,MDB;PCdoB;PDT;PP;PSB;PSD;PSOL;PT;REDE;REPUBLICANOS;UNIAO,MDB;PCdoB;PDT;PP;PSB;PSD;PSOL;PT;REDE;REPUBLICANOS;UNIAO,MDB;PCdoB;PDT;PP;PSB;PSD;PSOL;PT;REDE;REPUBLICANOS;UNIAO,,,,established,,,
2024-12-31,lula_3,lula_3-2024-12-06,lula_3-2024-12-06,primary_adjudicated,MDB;PCdoB;PDT;PP;PSB;PSD;PSOL;PT;REDE;REPUBLICANOS;UNIAO,MDB;PCdoB;PDT;PP;PSB;PSD;PSOL;PT;REDE;REPUBLICANOS;UNIAO,MDB;PCdoB;PDT;PP;PSB;PSD;PSOL;PT;REDE;REPUBLICANOS;UNIAO,,,,established,,,
2025-01-01,lula_3,lula_3-2024-12-06,lula_3-2024-12-06,primary_adjudicated,MDB;PCdoB;PDT;PP;PSB;PSD;PSOL;PT;REDE;REPUBLICANOS;UNIAO,MDB;PCdoB;PDT;PP;PSB;PSD;PSOL;PT;REDE;REPUBLICANOS;UNIAO,MDB;PCdoB;PDT;PP;PSB;PSD;PSOL;PT;REDE;REPUBLICANOS;UNIAO,,,,established,,,
2025-01-02,lula_3,lula_3-2024-12-06,lula_3-2024-12-06,primary_adjudicated,MDB;PCdoB;PDT;PP;PSB;PSD;PSOL;PT;REDE;REPUBLICANOS;UNIAO,MDB;PCdoB;PDT;PP;PSB;PSD;PSOL;PT;REDE;REPUBLICANOS;UNIAO,MDB;PCdoB;PDT;PP;PSB;PSD;PSOL;PT;REDE;REPUBLICANOS;UNIAO,,,,established,,,
2025-01-03,lula_3,lula_3-2024-12-06,lula_3-2024-12-06,primary_adjudicated,MDB;PCdoB;PDT;PP;PSB;PSD;PSOL;PT;REDE;REPUBLICANOS;UNIAO,MDB;PCdoB;PDT;PP;PSB;PSD;PSOL;PT;REDE;REPUBLICANOS;UNIAO,MDB;PCdoB;PDT;PP;PSB;PSD;PSOL;PT;REDE;REPUBLICANOS;UNIAO,,,,established,,,
2025-01-04,lula_3,lula_3-2024-12-06,lula_3-2024-12-06,primary_adjudicated,MDB;PCdoB;PDT;PP;PSB;PSD;PSOL;PT;REDE;REPUBLICANOS;UNIAO,MDB;PCdoB;PDT;PP;PSB;PSD;PSOL;PT;REDE;REPUBLICANOS;UNIAO,MDB;PCdoB;PDT;PP;PSB;PSD;PSOL;PT;REDE;REPUBLICANOS;UNIAO,,,,established,,,
2025-01-05,lula_3,lula_3-2024-12-06,lula_3-2024-12-06,primary_adjudicated,MDB;PCdoB;PDT;PP;PSB;PSD;PSOL;PT;REDE;REPUBLICANOS;UNIAO,MDB;PCdoB;PDT;PP;PSB;PSD;PSOL;PT;REDE;REPUBLICANOS;UNIAO,MDB;PCdoB;PDT;PP;PSB;PSD;PSOL;PT;REDE;REPUBLICANOS;UNIAO,,,,established,,,
2025-01-06,lula_3,lula_3-2024-12-06,lula_3-2024-12-06,primary_adjudicated,MDB;PCdoB;PDT;PP;PSB;PSD;PSOL;PT;REDE;REPUBLICANOS;UNIAO,MDB;PCdoB;PDT;PP;PSB;PSD;PSOL;PT;REDE;REPUBLICANOS;UNIAO,MDB;PCdoB;PDT;PP;PSB;PSD;PSOL;PT;REDE;REPUBLICANOS;UNIAO,,,,established,,,
2025-01-07,lula_3,lula_3-2024-12-06,lula_3-2024-12-06,primary_adjudicated,MDB;PCdoB;PDT;PP;PSB;PSD;PSOL;PT;REDE;REPUBLICANOS;UNIAO,MDB;PCdoB;PDT;PP;PSB;PSD;PSOL;PT;REDE;REPUBLICANOS;UNIAO,MDB;PCdoB;PDT;PP;PSB;PSD;PSOL;PT;REDE;REPUBLICANOS;UNIAO,,,,established,,,
2025-01-08,lula_3,lula_3-2024-12-06,lula_3-2024-12-06,primary_adjudicated,MDB;PCdoB;PDT;PP;PSB;PSD;PSOL;PT;REDE;REPUBLICANOS;UNIAO,MDB;PCdoB;PDT;PP;PSB;PSD;PSOL;PT;REDE;REPUBLICANOS;UNIAO,MDB;PCdoB;PDT;PP;PSB;PSD;PSOL;PT;REDE;REPUBLICANOS;UNIAO,,,,established,,,
2025-01-09,lula_3,lula_3-2024-12-06,lula_3-2024-12-06,primary_adjudicated,MDB;PCdoB;PDT;PP;PSB;PSD;PSOL;PT;REDE;REPUBLICANOS;UNIAO,MDB;PCdoB;PDT;PP;PSB;PSD;PSOL;PT;REDE;REPUBLICANOS;UNIAO,MDB;PCdoB;PDT;PP;PSB;PSD;PSOL;PT;REDE;REPUBLICANOS;UNIAO,,,,established,,,
2025-01-10,lula_3,lula_3-2024-12-06,lula_3-2024-12-06,primary_adjudicated,MDB;PCdoB;PDT;PP;PSB;PSD;PSOL;PT;REDE;REPUBLICANOS;UNIAO,MDB;PCdoB;PDT;PP;PSB;PSD;PSOL;PT;REDE;REPUBLICANOS;UNIAO,MDB;PCdoB;PDT;PP;PSB;PSD;PSOL;PT;REDE;REPUBLICANOS;UNIAO,,,,established,,,
2025-01-11,lula_3,lula_3-2024-12-06,lula_3-2024-12-06,primary_adjudicated,MDB;PCdoB;PDT;PP;PSB;PSD;PSOL;PT;REDE;REPUBLICANOS;UNIAO,MDB;PCdoB;PDT;PP;PSB;PSD;PSOL;PT;REDE;REPUBLICANOS;UNIAO,MDB;PCdoB;PDT;PP;PSB;PSD;PSOL;PT;REDE;REPUBLICANOS;UNIAO,,,,established,,,
2025-01-12,lula_3,lula_3-2024-12-06,lula_3-2024-12-06,primary_adjudicated,MDB;PCdoB;PDT;PP;PSB;PSD;PSOL;PT;REDE;REPUBLICANOS;UNIAO,MDB;PCdoB;PDT;PP;PSB;PSD;PSOL;PT;REDE;REPUBLICANOS;UNIAO,MDB;PCdoB;PDT;PP;PSB;PSD;PSOL;PT;REDE;REPUBLICANOS;UNIAO,,,,established,,,
2025-01-13,lula_3,lula_3-2024-12-06,lula_3-2024-12-06,primary_adjudicated,MDB;PCdoB;PDT;PP;PSB;PSD;PSOL;PT;REDE;REPUBLICANOS;UNIAO,MDB;PCdoB;PDT;PP;PSB;PSD;PSOL;PT;REDE;REPUBLICANOS;UNIAO,MDB;PCdoB;PDT;PP;PSB;PSD;PSOL;PT;REDE;REPUBLICANOS;UNIAO,,,,established,,,
2025-01-14,lula_3,lula_3-2024-12-06,lula_3-2025-01-14,primary_adjudicated,MDB;PCdoB;PDT;PP;PSB;PSD;PSOL;PT;REDE;REPUBLICANOS;UNIAO,MDB;PCdoB;PDT;PP;PSB;PSD;PSOL;PT;REDE;REPUBLICANOS;UNIAO,MDB;PCdoB;PDT;PP;PSB;PSD;PSOL;PT;REDE;REPUBLICANOS;UNIAO,,,,established,,,
2025-01-15,lula_3,lula_3-2024-12-06,lula_3-2025-01-14,primary_adjudicated,MDB;PCdoB;PDT;PP;PSB;PSD;PSOL;PT;REDE;REPUBLICANOS;UNIAO,MDB;PCdoB;PDT;PP;PSB;PSD;PSOL;PT;REDE;REPUBLICANOS;UNIAO,MDB;PCdoB;PDT;PP;PSB;PSD;PSOL;PT;REDE;REPUBLICANOS;UNIAO,,,,established,,,
2025-01-16,lula_3,lula_3-2024-12-06,lula_3-2025-01-14,primary_adjudicated,MDB;PCdoB;PDT;PP;PSB;PSD;PSOL;PT;REDE;REPUBLICANOS;UNIAO,MDB;PCdoB;PDT;PP;PSB;PSD;PSOL;PT;REDE;REPUBLICANOS;UNIAO,MDB;PCdoB;PDT;PP;PSB;PSD;PSOL;PT;REDE;REPUBLICANOS;UNIAO,,,,established,,,
2025-01-17,lula_3,lula_3-2024-12-06,lula_3-2025-01-14,primary_adjudicated,MDB;PCdoB;PDT;PP;PSB;PSD;PSOL;PT;REDE;REPUBLICANOS;UNIAO,MDB;PCdoB;PDT;PP;PSB;PSD;PSOL;PT;REDE;REPUBLICANOS;UNIAO,MDB;PCdoB;PDT;PP;PSB;PSD;PSOL;PT;REDE;REPUBLICANOS;UNIAO,,,,established,,,
2025-01-18,lula_3,lula_3-2024-12-06,lula_3-2025-01-14,primary_adjudicated,MDB;PCdoB;PDT;PP;PSB;PSD;PSOL;PT;REDE;REPUBLICANOS;UNIAO,MDB;PCdoB;PDT;PP;PSB;PSD;PSOL;PT;REDE;REPUBLICANOS;UNIAO,MDB;PCdoB;PDT;PP;PSB;PSD;PSOL;PT;REDE;REPUBLICANOS;UNIAO,,,,established,,,
2025-01-19,lula_3,lula_3-2024-12-06,lula_3-2025-01-14,primary_adjudicated,MDB;PCdoB;PDT;PP;PSB;PSD;PSOL;PT;REDE;REPUBLICANOS;UNIAO,MDB;PCdoB;PDT;PP;PSB;PSD;PSOL;PT;REDE;REPUBLICANOS;UNIAO,MDB;PCdoB;PDT;PP;PSB;PSD;PSOL;PT;REDE;REPUBLICANOS;UNIAO,,,,established,,,
2025-01-20,lula_3,lula_3-2024-12-06,lula_3-2025-01-14,primary_adjudicated,MDB;PCdoB;PDT;PP;PSB;PSD;PSOL;PT;REDE;REPUBLICANOS;UNIAO,MDB;PCdoB;PDT;PP;PSB;PSD;PSOL;PT;REDE;REPUBLICANOS;UNIAO,MDB;PCdoB;PDT;PP;PSB;PSD;PSOL;PT;REDE;REPUBLICANOS;UNIAO,,,,established,,,
2025-01-21,lula_3,lula_3-2024-12-06,lula_3-2025-01-14,primary_adjudicated,MDB;PCdoB;PDT;PP;PSB;PSD;PSOL;PT;REDE;REPUBLICANOS;UNIAO,MDB;PCdoB;PDT;PP;PSB;PSD;PSOL;PT;REDE;REPUBLICANOS;UNIAO,MDB;PCdoB;PDT;PP;PSB;PSD;PSOL;PT;REDE;REPUBLICANOS;UNIAO,,,,established,,,
2025-01-22,lula_3,lula_3-2024-12-06,lula_3-2025-01-14,primary_adjudicated,MDB;PCdoB;PDT;PP;PSB;PSD;PSOL;PT;REDE;REPUBLICANOS;UNIAO,MDB;PCdoB;PDT;PP;PSB;PSD;PSOL;PT;REDE;REPUBLICANOS;UNIAO,MDB;PCdoB;PDT;PP;PSB;PSD;PSOL;PT;REDE;REPUBLICANOS;UNIAO,,,,established,,,
2025-01-23,lula_3,lula_3-2024-12-06,lula_3-2025-01-14,primary_adjudicated,MDB;PCdoB;PDT;PP;PSB;PSD;PSOL;PT;REDE;REPUBLICANOS;UNIAO,MDB;PCdoB;PDT;PP;PSB;PSD;PSOL;PT;REDE;REPUBLICANOS;UNIAO,MDB;PCdoB;PDT;PP;PSB;PSD;PSOL;PT;REDE;REPUBLICANOS;UNIAO,,,,established,,,
2025-01-24,lula_3,lula_3-2024-12-06,lula_3-2025-01-14,primary_adjudicated,MDB;PCdoB;PDT;PP;PSB;PSD;PSOL;PT;REDE;REPUBLICANOS;UNIAO,MDB;PCdoB;PDT;PP;PSB;PSD;PSOL;PT;REDE;REPUBLICANOS;UNIAO,MDB;PCdoB;PDT;PP;PSB;PSD;PSOL;PT;REDE;REPUBLICANOS;UNIAO,,,,established,,,
2025-01-25,lula_3,lula_3-2024-12-06,lula_3-2025-01-14,primary_adjudicated,MDB;PCdoB;PDT;PP;PSB;PSD;PSOL;PT;REDE;REPUBLICANOS;UNIAO,MDB;PCdoB;PDT;PP;PSB;PSD;PSOL;PT;REDE;REPUBLICANOS;UNIAO,MDB;PCdoB;PDT;PP;PSB;PSD;PSOL;PT;REDE;REPUBLICANOS;UNIAO,,,,established,,,
2025-01-26,lula_3,lula_3-2024-12-06,lula_3-2025-01-14,primary_adjudicated,MDB;PCdoB;PDT;PP;PSB;PSD;PSOL;PT;REDE;REPUBLICANOS;UNIAO,MDB;PCdoB;PDT;PP;PSB;PSD;PSOL;PT;REDE;REPUBLICANOS;UNIAO,MDB;PCdoB;PDT;PP;PSB;PSD;PSOL;PT;REDE;REPUBLICANOS;UNIAO,,,,established,,,
2025-01-27,lula_3,lula_3-2024-12-06,lula_3-2025-01-14,primary_adjudicated,MDB;PCdoB;PDT;PP;PSB;PSD;PSOL;PT;REDE;REPUBLICANOS;UNIAO,MDB;PCdoB;PDT;PP;PSB;PSD;PSOL;PT;REDE;REPUBLICANOS;UNIAO,MDB;PCdoB;PDT;PP;PSB;PSD;PSOL;PT;REDE;REPUBLICANOS;UNIAO,,,,established,,,
2025-01-28,lula_3,lula_3-2024-12-06,lula_3-2025-01-14,primary_adjudicated,MDB;PCdoB;PDT;PP;PSB;PSD;PSOL;PT;REDE;REPUBLICANOS;UNIAO,MDB;PCdoB;PDT;PP;PSB;PSD;PSOL;PT;REDE;REPUBLICANOS;UNIAO,MDB;PCdoB;PDT;PP;PSB;PSD;PSOL;PT;REDE;REPUBLICANOS;UNIAO,,,,established,,,
2025-01-29,lula_3,lula_3-2024-12-06,lula_3-2025-01-14,primary_adjudicated,MDB;PCdoB;PDT;PP;PSB;PSD;PSOL;PT;REDE;REPUBLICANOS;UNIAO,MDB;PCdoB;PDT;PP;PSB;PSD;PSOL;PT;REDE;REPUBLICANOS;UNIAO,MDB;PCdoB;PDT;PP;PSB;PSD;PSOL;PT;REDE;REPUBLICANOS;UNIAO,,,,established,,,
2025-01-30,lula_3,lula_3-2024-12-06,lula_3-2025-01-14,primary_adjudicated,MDB;PCdoB;PDT;PP;PSB;PSD;PSOL;PT;REDE;REPUBLICANOS;UNIAO,MDB;PCdoB;PDT;PP;PSB;PSD;PSOL;PT;REDE;REPUBLICANOS;UNIAO,MDB;PCdoB;PDT;PP;PSB;PSD;PSOL;PT;REDE;REPUBLICANOS;UNIAO,,,,established,,,
2025-01-31,lula_3,lula_3-2024-12-06,lula_3-2025-01-14,primary_adjudicated,MDB;PCdoB;PDT;PP;PSB;PSD;PSOL;PT;REDE;REPUBLICANOS;UNIAO,MDB;PCdoB;PDT;PP;PSB;PSD;PSOL;PT;REDE;REPUBLICANOS;UNIAO,MDB;PCdoB;PDT;PP;PSB;PSD;PSOL;PT;REDE;REPUBLICANOS;UNIAO,,,,established,,,
2025-02-01,lula_3,lula_3-2024-12-06,lula_3-2025-02-01,primary_adjudicated,MDB;PCdoB;PDT;PP;PSB;PSD;PSOL;PT;REDE;REPUBLICANOS;UNIAO,MDB;PCdoB;PDT;PP;PSB;PSD;PSOL;PT;REDE;REPUBLICANOS;UNIAO,MDB;PCdoB;PDT;PP;PSB;PSD;PSOL;PT;REDE;REPUBLICANOS;UNIAO,,,,established,,,
2025-02-02,lula_3,lula_3-2024-12-06,lula_3-2025-02-01,primary_adjudicated,MDB;PCdoB;PDT;PP;PSB;PSD;PSOL;PT;REDE;REPUBLICANOS;UNIAO,MDB;PCdoB;PDT;PP;PSB;PSD;PSOL;PT;REDE;REPUBLICANOS;UNIAO,MDB;PCdoB;PDT;PP;PSB;PSD;PSOL;PT;REDE;REPUBLICANOS;UNIAO,,,,established,,,
2025-02-03,lula_3,lula_3-2024-12-06,lula_3-2025-02-03,primary_adjudicated,MDB;PCdoB;PDT;PP;PSB;PSD;PSOL;PT;REDE;REPUBLICANOS;UNIAO,MDB;PCdoB;PDT;PP;PSB;PSD;PSOL;PT;REDE;REPUBLICANOS;UNIAO,MDB;PCdoB;PDT;PP;PSB;PSD;PSOL;PT;REDE;REPUBLICANOS;UNIAO,,,,established,,,
2025-02-04,lula_3,lula_3-2024-12-06,lula_3-2025-02-03,primary_adjudicated,MDB;PCdoB;PDT;PP;PSB;PSD;PSOL;PT;REDE;REPUBLICANOS;UNIAO,MDB;PCdoB;PDT;PP;PSB;PSD;PSOL;PT;REDE;REPUBLICANOS;UNIAO,MDB;PCdoB;PDT;PP;PSB;PSD;PSOL;PT;REDE;REPUBLICANOS;UNIAO,,,,established,,,
2025-02-05,lula_3,lula_3-2024-12-06,lula_3-2025-02-03,primary_adjudicated,MDB;PCdoB;PDT;PP;PSB;PSD;PSOL;PT;REDE;REPUBLICANOS;UNIAO,MDB;PCdoB;PDT;PP;PSB;PSD;PSOL;PT;REDE;REPUBLICANOS;UNIAO,MDB;PCdoB;PDT;PP;PSB;PSD;PSOL;PT;REDE;REPUBLICANOS;UNIAO,,,,established,,,
2025-02-06,lula_3,lula_3-2024-12-06,lula_3-2025-02-03,primary_adjudicated,MDB;PCdoB;PDT;PP;PSB;PSD;PSOL;PT;REDE;REPUBLICANOS;UNIAO,MDB;PCdoB;PDT;PP;PSB;PSD;PSOL;PT;REDE;REPUBLICANOS;UNIAO,MDB;PCdoB;PDT;PP;PSB;PSD;PSOL;PT;REDE;REPUBLICANOS;UNIAO,,,,established,,,
2025-02-07,lula_3,lula_3-2024-12-06,lula_3-2025-02-03,primary_adjudicated,MDB;PCdoB;PDT;PP;PSB;PSD;PSOL;PT;REDE;REPUBLICANOS;UNIAO,MDB;PCdoB;PDT;PP;PSB;PSD;PSOL;PT;REDE;REPUBLICANOS;UNIAO,MDB;PCdoB;PDT;PP;PSB;PSD;PSOL;PT;REDE;REPUBLICANOS;UNIAO,,,,established,,,
2025-02-08,lula_3,lula_3-2024-12-06,lula_3-2025-02-03,primary_adjudicated,MDB;PCdoB;PDT;PP;PSB;PSD;PSOL;PT;REDE;REPUBLICANOS;UNIAO,MDB;PCdoB;PDT;PP;PSB;PSD;PSOL;PT;REDE;REPUBLICANOS;UNIAO,MDB;PCdoB;PDT;PP;PSB;PSD;PSOL;PT;REDE;REPUBLICANOS;UNIAO,,,,established,,,
2025-02-09,lula_3,lula_3-2024-12-06,lula_3-2025-02-03,primary_adjudicated,MDB;PCdoB;PDT;PP;PSB;PSD;PSOL;PT;REDE;REPUBLICANOS;UNIAO,MDB;PCdoB;PDT;PP;PSB;PSD;PSOL;PT;REDE;REPUBLICANOS;UNIAO,MDB;PCdoB;PDT;PP;PSB;PSD;PSOL;PT;REDE;REPUBLICANOS;UNIAO,,,,established,,,
2025-02-10,lula_3,lula_3-2024-12-06,lula_3-2025-02-03,primary_adjudicated,MDB;PCdoB;PDT;PP;PSB;PSD;PSOL;PT;REDE;REPUBLICANOS;UNIAO,MDB;PCdoB;PDT;PP;PSB;PSD;PSOL;PT;REDE;REPUBLICANOS;UNIAO,MDB;PCdoB;PDT;PP;PSB;PSD;PSOL;PT;REDE;REPUBLICANOS;UNIAO,,,,established,,,
2025-02-11,lula_3,lula_3-2024-12-06,lula_3-2025-02-03,primary_adjudicated,MDB;PCdoB;PDT;PP;PSB;PSD;PSOL;PT;REDE;REPUBLICANOS;UNIAO,MDB;PCdoB;PDT;PP;PSB;PSD;PSOL;PT;REDE;REPUBLICANOS;UNIAO,MDB;PCdoB;PDT;PP;PSB;PSD;PSOL;PT;REDE;REPUBLICANOS;UNIAO,,,,established,,,
2025-02-12,lula_3,lula_3-2024-12-06,lula_3-2025-02-03,primary_adjudicated,MDB;PCdoB;PDT;PP;PSB;PSD;PSOL;PT;REDE;REPUBLICANOS;UNIAO,MDB;PCdoB;PDT;PP;PSB;PSD;PSOL;PT;REDE;REPUBLICANOS;UNIAO,MDB;PCdoB;PDT;PP;PSB;PSD;PSOL;PT;REDE;REPUBLICANOS;UNIAO,,,,established,,,
2025-02-13,lula_3,lula_3-2024-12-06,lula_3-2025-02-03,primary_adjudicated,MDB;PCdoB;PDT;PP;PSB;PSD;PSOL;PT;REDE;REPUBLICANOS;UNIAO,MDB;PCdoB;PDT;PP;PSB;PSD;PSOL;PT;REDE;REPUBLICANOS;UNIAO,MDB;PCdoB;PDT;PP;PSB;PSD;PSOL;PT;REDE;REPUBLICANOS;UNIAO,,,,established,,,
2025-02-14,lula_3,lula_3-2024-12-06,lula_3-2025-02-03,primary_adjudicated,MDB;PCdoB;PDT;PP;PSB;PSD;PSOL;PT;REDE;REPUBLICANOS;UNIAO,MDB;PCdoB;PDT;PP;PSB;PSD;PSOL;PT;REDE;REPUBLICANOS;UNIAO,MDB;PCdoB;PDT;PP;PSB;PSD;PSOL;PT;REDE;REPUBLICANOS;UNIAO,,,,established,,,
2025-02-15,lula_3,lula_3-2024-12-06,lula_3-2025-02-03,primary_adjudicated,MDB;PCdoB;PDT;PP;PSB;PSD;PSOL;PT;REDE;REPUBLICANOS;UNIAO,MDB;PCdoB;PDT;PP;PSB;PSD;PSOL;PT;REDE;REPUBLICANOS;UNIAO,MDB;PCdoB;PDT;PP;PSB;PSD;PSOL;PT;REDE;REPUBLICANOS;UNIAO,,,,established,,,
2025-02-16,lula_3,lula_3-2024-12-06,lula_3-2025-02-03,primary_adjudicated,MDB;PCdoB;PDT;PP;PSB;PSD;PSOL;PT;REDE;REPUBLICANOS;UNIAO,MDB;PCdoB;PDT;PP;PSB;PSD;PSOL;PT;REDE;REPUBLICANOS;UNIAO,MDB;PCdoB;PDT;PP;PSB;PSD;PSOL;PT;REDE;REPUBLICANOS;UNIAO,,,,established,,,
2025-02-17,lula_3,lula_3-2024-12-06,lula_3-2025-02-03,primary_adjudicated,MDB;PCdoB;PDT;PP;PSB;PSD;PSOL;PT;REDE;REPUBLICANOS;UNIAO,MDB;PCdoB;PDT;PP;PSB;PSD;PSOL;PT;REDE;REPUBLICANOS;UNIAO,MDB;PCdoB;PDT;PP;PSB;PSD;PSOL;PT;REDE;REPUBLICANOS;UNIAO,,,,established,,,
2025-02-18,lula_3,lula_3-2024-12-06,lula_3-2025-02-03,primary_adjudicated,MDB;PCdoB;PDT;PP;PSB;PSD;PSOL;PT;REDE;REPUBLICANOS;UNIAO,MDB;PCdoB;PDT;PP;PSB;PSD;PSOL;PT;REDE;REPUBLICANOS;UNIAO,MDB;PCdoB;PDT;PP;PSB;PSD;PSOL;PT;REDE;REPUBLICANOS;UNIAO,,,,established,,,
2025-02-19,lula_3,lula_3-2024-12-06,lula_3-2025-02-03,primary_adjudicated,MDB;PCdoB;PDT;PP;PSB;PSD;PSOL;PT;REDE;REPUBLICANOS;UNIAO,MDB;PCdoB;PDT;PP;PSB;PSD;PSOL;PT;REDE;REPUBLICANOS;UNIAO,MDB;PCdoB;PDT;PP;PSB;PSD;PSOL;PT;REDE;REPUBLICANOS;UNIAO,,,,established,,,
2025-02-20,lula_3,lula_3-2024-12-06,lula_3-2025-02-03,primary_adjudicated,MDB;PCdoB;PDT;PP;PSB;PSD;PSOL;PT;REDE;REPUBLICANOS;UNIAO,MDB;PCdoB;PDT;PP;PSB;PSD;PSOL;PT;REDE;REPUBLICANOS;UNIAO,MDB;PCdoB;PDT;PP;PSB;PSD;PSOL;PT;REDE;REPUBLICANOS;UNIAO,,,,established,,,
2025-02-21,lula_3,lula_3-2024-12-06,lula_3-2025-02-03,primary_adjudicated,MDB;PCdoB;PDT;PP;PSB;PSD;PSOL;PT;REDE;REPUBLICANOS;UNIAO,MDB;PCdoB;PDT;PP;PSB;PSD;PSOL;PT;REDE;REPUBLICANOS;UNIAO,MDB;PCdoB;PDT;PP;PSB;PSD;PSOL;PT;REDE;REPUBLICANOS;UNIAO,,,,established,,,
2025-02-22,lula_3,lula_3-2024-12-06,lula_3-2025-02-03,primary_adjudicated,MDB;PCdoB;PDT;PP;PSB;PSD;PSOL;PT;REDE;REPUBLICANOS;UNIAO,MDB;PCdoB;PDT;PP;PSB;PSD;PSOL;PT;REDE;REPUBLICANOS;UNIAO,MDB;PCdoB;PDT;PP;PSB;PSD;PSOL;PT;REDE;REPUBLICANOS;UNIAO,,,,established,,,
2025-02-23,lula_3,lula_3-2024-12-06,lula_3-2025-02-03,primary_adjudicated,MDB;PCdoB;PDT;PP;PSB;PSD;PSOL;PT;REDE;REPUBLICANOS;UNIAO,MDB;PCdoB;PDT;PP;PSB;PSD;PSOL;PT;REDE;REPUBLICANOS;UNIAO,MDB;PCdoB;PDT;PP;PSB;PSD;PSOL;PT;REDE;REPUBLICANOS;UNIAO,,,,established,,,
2025-02-24,lula_3,lula_3-2024-12-06,lula_3-2025-02-03,primary_adjudicated,MDB;PCdoB;PDT;PP;PSB;PSD;PSOL;PT;REDE;REPUBLICANOS;UNIAO,MDB;PCdoB;PDT;PP;PSB;PSD;PSOL;PT;REDE;REPUBLICANOS;UNIAO,MDB;PCdoB;PDT;PP;PSB;PSD;PSOL;PT;REDE;REPUBLICANOS;UNIAO,,,,established,,,
2025-02-25,lula_3,lula_3-2024-12-06,lula_3-2025-02-03,primary_adjudicated,MDB;PCdoB;PDT;PP;PSB;PSD;PSOL;PT;REDE;REPUBLICANOS;UNIAO,MDB;PCdoB;PDT;PP;PSB;PSD;PSOL;PT;REDE;REPUBLICANOS;UNIAO,MDB;PCdoB;PDT;PP;PSB;PSD;PSOL;PT;REDE;REPUBLICANOS;UNIAO,,,,established,,,
2025-02-26,lula_3,lula_3-2024-12-06,lula_3-2025-02-03,primary_adjudicated,MDB;PCdoB;PDT;PP;PSB;PSD;PSOL;PT;REDE;REPUBLICANOS;UNIAO,MDB;PCdoB;PDT;PP;PSB;PSD;PSOL;PT;REDE;REPUBLICANOS;UNIAO,MDB;PCdoB;PDT;PP;PSB;PSD;PSOL;PT;REDE;REPUBLICANOS;UNIAO,,,,established,,,
2025-02-27,lula_3,lula_3-2024-12-06,lula_3-2025-02-03,primary_adjudicated,MDB;PCdoB;PDT;PP;PSB;PSD;PSOL;PT;REDE;REPUBLICANOS;UNIAO,MDB;PCdoB;PDT;PP;PSB;PSD;PSOL;PT;REDE;REPUBLICANOS;UNIAO,MDB;PCdoB;PDT;PP;PSB;PSD;PSOL;PT;REDE;REPUBLICANOS;UNIAO,,,,established,,,
2025-02-28,lula_3,lula_3-2024-12-06,lula_3-2025-02-03,primary_adjudicated,MDB;PCdoB;PDT;PP;PSB;PSD;PSOL;PT;REDE;REPUBLICANOS;UNIAO,MDB;PCdoB;PDT;PP;PSB;PSD;PSOL;PT;REDE;REPUBLICANOS;UNIAO,MDB;PCdoB;PDT;PP;PSB;PSD;PSOL;PT;REDE;REPUBLICANOS;UNIAO,,,,established,,,
2025-03-01,lula_3,lula_3-2024-12-06,lula_3-2025-02-03,primary_adjudicated,MDB;PCdoB;PDT;PP;PSB;PSD;PSOL;PT;REDE;REPUBLICANOS;UNIAO,MDB;PCdoB;PDT;PP;PSB;PSD;PSOL;PT;REDE;REPUBLICANOS;UNIAO,MDB;PCdoB;PDT;PP;PSB;PSD;PSOL;PT;REDE;REPUBLICANOS;UNIAO,,,,established,,,
2025-03-02,lula_3,lula_3-2024-12-06,lula_3-2025-02-03,primary_adjudicated,MDB;PCdoB;PDT;PP;PSB;PSD;PSOL;PT;REDE;REPUBLICANOS;UNIAO,MDB;PCdoB;PDT;PP;PSB;PSD;PSOL;PT;REDE;REPUBLICANOS;UNIAO,MDB;PCdoB;PDT;PP;PSB;PSD;PSOL;PT;REDE;REPUBLICANOS;UNIAO,,,,established,,,
2025-03-03,lula_3,lula_3-2024-12-06,lula_3-2025-02-03,primary_adjudicated,MDB;PCdoB;PDT;PP;PSB;PSD;PSOL;PT;REDE;REPUBLICANOS;UNIAO,MDB;PCdoB;PDT;PP;PSB;PSD;PSOL;PT;REDE;REPUBLICANOS;UNIAO,MDB;PCdoB;PDT;PP;PSB;PSD;PSOL;PT;REDE;REPUBLICANOS;UNIAO,,,,established,,,
2025-03-04,lula_3,lula_3-2024-12-06,lula_3-2025-02-03,primary_adjudicated,MDB;PCdoB;PDT;PP;PSB;PSD;PSOL;PT;REDE;REPUBLICANOS;UNIAO,MDB;PCdoB;PDT;PP;PSB;PSD;PSOL;PT;REDE;REPUBLICANOS;UNIAO,MDB;PCdoB;PDT;PP;PSB;PSD;PSOL;PT;REDE;REPUBLICANOS;UNIAO,,,,established,,,
2025-03-05,lula_3,lula_3-2024-12-06,lula_3-2025-02-03,primary_adjudicated,MDB;PCdoB;PDT;PP;PSB;PSD;PSOL;PT;REDE;REPUBLICANOS;UNIAO,MDB;PCdoB;PDT;PP;PSB;PSD;PSOL;PT;REDE;REPUBLICANOS;UNIAO,MDB;PCdoB;PDT;PP;PSB;PSD;PSOL;PT;REDE;REPUBLICANOS;UNIAO,,,,established,,,
2025-03-06,lula_3,lula_3-2024-12-06,lula_3-2025-02-03,primary_adjudicated,MDB;PCdoB;PDT;PP;PSB;PSD;PSOL;PT;REDE;REPUBLICANOS;UNIAO,MDB;PCdoB;PDT;PP;PSB;PSD;PSOL;PT;REDE;REPUBLICANOS;UNIAO,MDB;PCdoB;PDT;PP;PSB;PSD;PSOL;PT;REDE;REPUBLICANOS;UNIAO,,,,established,,,
2025-03-07,lula_3,lula_3-2024-12-06,lula_3-2025-02-03,primary_adjudicated,MDB;PCdoB;PDT;PP;PSB;PSD;PSOL;PT;REDE;REPUBLICANOS;UNIAO,MDB;PCdoB;PDT;PP;PSB;PSD;PSOL;PT;REDE;REPUBLICANOS;UNIAO,MDB;PCdoB;PDT;PP;PSB;PSD;PSOL;PT;REDE;REPUBLICANOS;UNIAO,,,,established,,,
2025-03-08,lula_3,lula_3-2024-12-06,lula_3-2025-02-03,primary_adjudicated,MDB;PCdoB;PDT;PP;PSB;PSD;PSOL;PT;REDE;REPUBLICANOS;UNIAO,MDB;PCdoB;PDT;PP;PSB;PSD;PSOL;PT;REDE;REPUBLICANOS;UNIAO,MDB;PCdoB;PDT;PP;PSB;PSD;PSOL;PT;REDE;REPUBLICANOS;UNIAO,,,,established,,,
2025-03-09,lula_3,lula_3-2024-12-06,lula_3-2025-02-03,primary_adjudicated,MDB;PCdoB;PDT;PP;PSB;PSD;PSOL;PT;REDE;REPUBLICANOS;UNIAO,MDB;PCdoB;PDT;PP;PSB;PSD;PSOL;PT;REDE;REPUBLICANOS;UNIAO,MDB;PCdoB;PDT;PP;PSB;PSD;PSOL;PT;REDE;REPUBLICANOS;UNIAO,,,,established,,,
2025-03-10,lula_3,lula_3-2024-12-06,lula_3-2025-03-10,primary_adjudicated,MDB;PCdoB;PDT;PP;PSB;PSD;PSOL;PT;REDE;REPUBLICANOS;UNIAO,MDB;PCdoB;PDT;PP;PSB;PSD;PSOL;PT;REDE;REPUBLICANOS;UNIAO,MDB;PCdoB;PDT;PP;PSB;PSD;PSOL;PT;REDE;REPUBLICANOS;UNIAO,,,,established,,,
2025-03-11,lula_3,lula_3-2024-12-06,lula_3-2025-03-10,primary_adjudicated,MDB;PCdoB;PDT;PP;PSB;PSD;PSOL;PT;REDE;REPUBLICANOS;UNIAO,MDB;PCdoB;PDT;PP;PSB;PSD;PSOL;PT;REDE;REPUBLICANOS;UNIAO,MDB;PCdoB;PDT;PP;PSB;PSD;PSOL;PT;REDE;REPUBLICANOS;UNIAO,,,,established,,,
2025-03-12,lula_3,lula_3-2024-12-06,lula_3-2025-03-10,primary_adjudicated,MDB;PCdoB;PDT;PP;PSB;PSD;PSOL;PT;REDE;REPUBLICANOS;UNIAO,MDB;PCdoB;PDT;PP;PSB;PSD;PSOL;PT;REDE;REPUBLICANOS;UNIAO,MDB;PCdoB;PDT;PP;PSB;PSD;PSOL;PT;REDE;REPUBLICANOS;UNIAO,,,,established,,,
2025-03-13,lula_3,lula_3-2024-12-06,lula_3-2025-03-10,primary_adjudicated,MDB;PCdoB;PDT;PP;PSB;PSD;PSOL;PT;REDE;REPUBLICANOS;UNIAO,MDB;PCdoB;PDT;PP;PSB;PSD;PSOL;PT;REDE;REPUBLICANOS;UNIAO,MDB;PCdoB;PDT;PP;PSB;PSD;PSOL;PT;REDE;REPUBLICANOS;UNIAO,,,,established,,,
2025-03-14,lula_3,lula_3-2024-12-06,lula_3-2025-03-10,primary_adjudicated,MDB;PCdoB;PDT;PP;PSB;PSD;PSOL;PT;REDE;REPUBLICANOS;UNIAO,MDB;PCdoB;PDT;PP;PSB;PSD;PSOL;PT;REDE;REPUBLICANOS;UNIAO,MDB;PCdoB;PDT;PP;PSB;PSD;PSOL;PT;REDE;REPUBLICANOS;UNIAO,,,,established,,,
2025-03-15,lula_3,lula_3-2024-12-06,lula_3-2025-03-10,primary_adjudicated,MDB;PCdoB;PDT;PP;PSB;PSD;PSOL;PT;REDE;REPUBLICANOS;UNIAO,MDB;PCdoB;PDT;PP;PSB;PSD;PSOL;PT;REDE;REPUBLICANOS;UNIAO,MDB;PCdoB;PDT;PP;PSB;PSD;PSOL;PT;REDE;REPUBLICANOS;UNIAO,,,,established,,,
2025-03-16,lula_3,lula_3-2024-12-06,lula_3-2025-03-10,primary_adjudicated,MDB;PCdoB;PDT;PP;PSB;PSD;PSOL;PT;REDE;REPUBLICANOS;UNIAO,MDB;PCdoB;PDT;PP;PSB;PSD;PSOL;PT;REDE;REPUBLICANOS;UNIAO,MDB;PCdoB;PDT;PP;PSB;PSD;PSOL;PT;REDE;REPUBLICANOS;UNIAO,,,,established,,,
2025-03-17,lula_3,lula_3-2024-12-06,lula_3-2025-03-10,primary_adjudicated,MDB;PCdoB;PDT;PP;PSB;PSD;PSOL;PT;REDE;REPUBLICANOS;UNIAO,MDB;PCdoB;PDT;PP;PSB;PSD;PSOL;PT;REDE;REPUBLICANOS;UNIAO,MDB;PCdoB;PDT;PP;PSB;PSD;PSOL;PT;REDE;REPUBLICANOS;UNIAO,,,,established,,,
2025-03-18,lula_3,lula_3-2024-12-06,lula_3-2025-03-10,primary_adjudicated,MDB;PCdoB;PDT;PP;PSB;PSD;PSOL;PT;REDE;REPUBLICANOS;UNIAO,MDB;PCdoB;PDT;PP;PSB;PSD;PSOL;PT;REDE;REPUBLICANOS;UNIAO,MDB;PCdoB;PDT;PP;PSB;PSD;PSOL;PT;REDE;REPUBLICANOS;UNIAO,,,,established,,,
2025-03-19,lula_3,lula_3-2024-12-06,lula_3-2025-03-10,primary_adjudicated,MDB;PCdoB;PDT;PP;PSB;PSD;PSOL;PT;REDE;REPUBLICANOS;UNIAO,MDB;PCdoB;PDT;PP;PSB;PSD;PSOL;PT;REDE;REPUBLICANOS;UNIAO,MDB;PCdoB;PDT;PP;PSB;PSD;PSOL;PT;REDE;REPUBLICANOS;UNIAO,,,,established,,,
2025-03-20,lula_3,lula_3-2024-12-06,lula_3-2025-03-10,primary_adjudicated,MDB;PCdoB;PDT;PP;PSB;PSD;PSOL;PT;REDE;REPUBLICANOS;UNIAO,MDB;PCdoB;PDT;PP;PSB;PSD;PSOL;PT;REDE;REPUBLICANOS;UNIAO,MDB;PCdoB;PDT;PP;PSB;PSD;PSOL;PT;REDE;REPUBLICANOS;UNIAO,,,,established,,,
2025-03-21,lula_3,lula_3-2024-12-06,lula_3-2025-03-10,primary_adjudicated,MDB;PCdoB;PDT;PP;PSB;PSD;PSOL;PT;REDE;REPUBLICANOS;UNIAO,MDB;PCdoB;PDT;PP;PSB;PSD;PSOL;PT;REDE;REPUBLICANOS;UNIAO,MDB;PCdoB;PDT;PP;PSB;PSD;PSOL;PT;REDE;REPUBLICANOS;UNIAO,,,,established,,,
2025-03-22,lula_3,lula_3-2024-12-06,lula_3-2025-03-10,primary_adjudicated,MDB;PCdoB;PDT;PP;PSB;PSD;PSOL;PT;REDE;REPUBLICANOS;UNIAO,MDB;PCdoB;PDT;PP;PSB;PSD;PSOL;PT;REDE;REPUBLICANOS;UNIAO,MDB;PCdoB;PDT;PP;PSB;PSD;PSOL;PT;REDE;REPUBLICANOS;UNIAO,,,,established,,,
2025-03-23,lula_3,lula_3-2024-12-06,lula_3-2025-03-10,primary_adjudicated,MDB;PCdoB;PDT;PP;PSB;PSD;PSOL;PT;REDE;REPUBLICANOS;UNIAO,MDB;PCdoB;PDT;PP;PSB;PSD;PSOL;PT;REDE;REPUBLICANOS;UNIAO,MDB;PCdoB;PDT;PP;PSB;PSD;PSOL;PT;REDE;REPUBLICANOS;UNIAO,,,,established,,,
2025-03-24,lula_3,lula_3-2024-12-06,lula_3-2025-03-10,primary_adjudicated,MDB;PCdoB;PDT;PP;PSB;PSD;PSOL;PT;REDE;REPUBLICANOS;UNIAO,MDB;PCdoB;PDT;PP;PSB;PSD;PSOL;PT;REDE;REPUBLICANOS;UNIAO,MDB;PCdoB;PDT;PP;PSB;PSD;PSOL;PT;REDE;REPUBLICANOS;UNIAO,,,,established,,,
2025-03-25,lula_3,lula_3-2024-12-06,lula_3-2025-03-10,primary_adjudicated,MDB;PCdoB;PDT;PP;PSB;PSD;PSOL;PT;REDE;REPUBLICANOS;UNIAO,MDB;PCdoB;PDT;PP;PSB;PSD;PSOL;PT;REDE;REPUBLICANOS;UNIAO,MDB;PCdoB;PDT;PP;PSB;PSD;PSOL;PT;REDE;REPUBLICANOS;UNIAO,,,,established,,,
2025-03-26,lula_3,lula_3-2024-12-06,lula_3-2025-03-10,primary_adjudicated,MDB;PCdoB;PDT;PP;PSB;PSD;PSOL;PT;REDE;REPUBLICANOS;UNIAO,MDB;PCdoB;PDT;PP;PSB;PSD;PSOL;PT;REDE;REPUBLICANOS;UNIAO,MDB;PCdoB;PDT;PP;PSB;PSD;PSOL;PT;REDE;REPUBLICANOS;UNIAO,,,,established,,,
2025-03-27,lula_3,lula_3-2024-12-06,lula_3-2025-03-10,primary_adjudicated,MDB;PCdoB;PDT;PP;PSB;PSD;PSOL;PT;REDE;REPUBLICANOS;UNIAO,MDB;PCdoB;PDT;PP;PSB;PSD;PSOL;PT;REDE;REPUBLICANOS;UNIAO,MDB;PCdoB;PDT;PP;PSB;PSD;PSOL;PT;REDE;REPUBLICANOS;UNIAO,,,,established,,,
2025-03-28,lula_3,lula_3-2024-12-06,lula_3-2025-03-10,primary_adjudicated,MDB;PCdoB;PDT;PP;PSB;PSD;PSOL;PT;REDE;REPUBLICANOS;UNIAO,MDB;PCdoB;PDT;PP;PSB;PSD;PSOL;PT;REDE;REPUBLICANOS;UNIAO,MDB;PCdoB;PDT;PP;PSB;PSD;PSOL;PT;REDE;REPUBLICANOS;UNIAO,,,,established,,,
2025-03-29,lula_3,lula_3-2024-12-06,lula_3-2025-03-10,primary_adjudicated,MDB;PCdoB;PDT;PP;PSB;PSD;PSOL;PT;REDE;REPUBLICANOS;UNIAO,MDB;PCdoB;PDT;PP;PSB;PSD;PSOL;PT;REDE;REPUBLICANOS;UNIAO,MDB;PCdoB;PDT;PP;PSB;PSD;PSOL;PT;REDE;REPUBLICANOS;UNIAO,,,,established,,,
2025-03-30,lula_3,lula_3-2024-12-06,lula_3-2025-03-10,primary_adjudicated,MDB;PCdoB;PDT;PP;PSB;PSD;PSOL;PT;REDE;REPUBLICANOS;UNIAO,MDB;PCdoB;PDT;PP;PSB;PSD;PSOL;PT;REDE;REPUBLICANOS;UNIAO,MDB;PCdoB;PDT;PP;PSB;PSD;PSOL;PT;REDE;REPUBLICANOS;UNIAO,,,,established,,,
2025-03-31,lula_3,lula_3-2024-12-06,lula_3-2025-03-10,primary_adjudicated,MDB;PCdoB;PDT;PP;PSB;PSD;PSOL;PT;REDE;REPUBLICANOS;UNIAO,MDB;PCdoB;PDT;PP;PSB;PSD;PSOL;PT;REDE;REPUBLICANOS;UNIAO,MDB;PCdoB;PDT;PP;PSB;PSD;PSOL;PT;REDE;REPUBLICANOS;UNIAO,,,,established,,,
2025-04-01,lula_3,lula_3-2024-12-06,lula_3-2025-03-10,primary_adjudicated,MDB;PCdoB;PDT;PP;PSB;PSD;PSOL;PT;REDE;REPUBLICANOS;UNIAO,MDB;PCdoB;PDT;PP;PSB;PSD;PSOL;PT;REDE;REPUBLICANOS;UNIAO,MDB;PCdoB;PDT;PP;PSB;PSD;PSOL;PT;REDE;REPUBLICANOS;UNIAO,,,,established,,,
2025-04-02,lula_3,lula_3-2024-12-06,lula_3-2025-03-10,primary_adjudicated,MDB;PCdoB;PDT;PP;PSB;PSD;PSOL;PT;REDE;REPUBLICANOS;UNIAO,MDB;PCdoB;PDT;PP;PSB;PSD;PSOL;PT;REDE;REPUBLICANOS;UNIAO,MDB;PCdoB;PDT;PP;PSB;PSD;PSOL;PT;REDE;REPUBLICANOS;UNIAO,,,,established,,,
2025-04-03,lula_3,lula_3-2024-12-06,lula_3-2025-03-10,primary_adjudicated,MDB;PCdoB;PDT;PP;PSB;PSD;PSOL;PT;REDE;REPUBLICANOS;UNIAO,MDB;PCdoB;PDT;PP;PSB;PSD;PSOL;PT;REDE;REPUBLICANOS;UNIAO,MDB;PCdoB;PDT;PP;PSB;PSD;PSOL;PT;REDE;REPUBLICANOS;UNIAO,,,,established,,,
2025-04-04,lula_3,lula_3-2024-12-06,lula_3-2025-03-10,primary_adjudicated,MDB;PCdoB;PDT;PP;PSB;PSD;PSOL;PT;REDE;REPUBLICANOS;UNIAO,MDB;PCdoB;PDT;PP;PSB;PSD;PSOL;PT;REDE;REPUBLICANOS;UNIAO,MDB;PCdoB;PDT;PP;PSB;PSD;PSOL;PT;REDE;REPUBLICANOS;UNIAO,,,,established,,,
2025-04-05,lula_3,lula_3-2024-12-06,lula_3-2025-03-10,primary_adjudicated,MDB;PCdoB;PDT;PP;PSB;PSD;PSOL;PT;REDE;REPUBLICANOS;UNIAO,MDB;PCdoB;PDT;PP;PSB;PSD;PSOL;PT;REDE;REPUBLICANOS;UNIAO,MDB;PCdoB;PDT;PP;PSB;PSD;PSOL;PT;REDE;REPUBLICANOS;UNIAO,,,,established,,,
2025-04-06,lula_3,lula_3-2024-12-06,lula_3-2025-03-10,primary_adjudicated,MDB;PCdoB;PDT;PP;PSB;PSD;PSOL;PT;REDE;REPUBLICANOS;UNIAO,MDB;PCdoB;PDT;PP;PSB;PSD;PSOL;PT;REDE;REPUBLICANOS;UNIAO,MDB;PCdoB;PDT;PP;PSB;PSD;PSOL;PT;REDE;REPUBLICANOS;UNIAO,,,,established,,,
2025-04-07,lula_3,lula_3-2024-12-06,lula_3-2025-03-10,primary_adjudicated,MDB;PCdoB;PDT;PP;PSB;PSD;PSOL;PT;REDE;REPUBLICANOS;UNIAO,MDB;PCdoB;PDT;PP;PSB;PSD;PSOL;PT;REDE;REPUBLICANOS;UNIAO,MDB;PCdoB;PDT;PP;PSB;PSD;PSOL;PT;REDE;REPUBLICANOS;UNIAO,,,,established,,,
2025-04-08,lula_3,lula_3-2024-12-06,lula_3-2025-03-10,primary_adjudicated,MDB;PCdoB;PDT;PP;PSB;PSD;PSOL;PT;REDE;REPUBLICANOS;UNIAO,MDB;PCdoB;PDT;PP;PSB;PSD;PSOL;PT;REDE;REPUBLICANOS;UNIAO,MDB;PCdoB;PDT;PP;PSB;PSD;PSOL;PT;REDE;REPUBLICANOS;UNIAO,,,,established,,,
2025-04-09,lula_3,lula_3-2024-12-06,lula_3-2025-04-09,primary_adjudicated,MDB;PCdoB;PDT;PP;PSB;PSD;PSOL;PT;REDE;REPUBLICANOS;UNIAO,MDB;PCdoB;PDT;PP;PSB;PSD;PSOL;PT;REDE;REPUBLICANOS;UNIAO,MDB;PCdoB;PDT;PP;PSB;PSD;PSOL;PT;REDE;REPUBLICANOS;UNIAO,,,,established,,,
2025-04-10,lula_3,lula_3-2024-12-06,lula_3-2025-04-09,primary_adjudicated,MDB;PCdoB;PDT;PP;PSB;PSD;PSOL;PT;REDE;REPUBLICANOS;UNIAO,MDB;PCdoB;PDT;PP;PSB;PSD;PSOL;PT;REDE;REPUBLICANOS;UNIAO,MDB;PCdoB;PDT;PP;PSB;PSD;PSOL;PT;REDE;REPUBLICANOS;UNIAO,,,,established,,,
2025-04-11,lula_3,lula_3-2024-12-06,lula_3-2025-04-09,primary_adjudicated,MDB;PCdoB;PDT;PP;PSB;PSD;PSOL;PT;REDE;REPUBLICANOS;UNIAO,MDB;PCdoB;PDT;PP;PSB;PSD;PSOL;PT;REDE;REPUBLICANOS;UNIAO,MDB;PCdoB;PDT;PP;PSB;PSD;PSOL;PT;REDE;REPUBLICANOS;UNIAO,,,,established,,,
2025-04-12,lula_3,lula_3-2024-12-06,lula_3-2025-04-09,primary_adjudicated,MDB;PCdoB;PDT;PP;PSB;PSD;PSOL;PT;REDE;REPUBLICANOS;UNIAO,MDB;PCdoB;PDT;PP;PSB;PSD;PSOL;PT;REDE;REPUBLICANOS;UNIAO,MDB;PCdoB;PDT;PP;PSB;PSD;PSOL;PT;REDE;REPUBLICANOS;UNIAO,,,,established,,,
2025-04-13,lula_3,lula_3-2024-12-06,lula_3-2025-04-09,primary_adjudicated,MDB;PCdoB;PDT;PP;PSB;PSD;PSOL;PT;REDE;REPUBLICANOS;UNIAO,MDB;PCdoB;PDT;PP;PSB;PSD;PSOL;PT;REDE;REPUBLICANOS;UNIAO,MDB;PCdoB;PDT;PP;PSB;PSD;PSOL;PT;REDE;REPUBLICANOS;UNIAO,,,,established,,,
2025-04-14,lula_3,lula_3-2024-12-06,lula_3-2025-04-09,primary_adjudicated,MDB;PCdoB;PDT;PP;PSB;PSD;PSOL;PT;REDE;REPUBLICANOS;UNIAO,MDB;PCdoB;PDT;PP;PSB;PSD;PSOL;PT;REDE;REPUBLICANOS;UNIAO,MDB;PCdoB;PDT;PP;PSB;PSD;PSOL;PT;REDE;REPUBLICANOS;UNIAO,,,,established,,,
2025-04-15,lula_3,lula_3-2024-12-06,lula_3-2025-04-09,primary_adjudicated,MDB;PCdoB;PDT;PP;PSB;PSD;PSOL;PT;REDE;REPUBLICANOS;UNIAO,MDB;PCdoB;PDT;PP;PSB;PSD;PSOL;PT;REDE;REPUBLICANOS;UNIAO,MDB;PCdoB;PDT;PP;PSB;PSD;PSOL;PT;REDE;REPUBLICANOS;UNIAO,,,,established,,,
2025-04-16,lula_3,lula_3-2024-12-06,lula_3-2025-04-09,primary_adjudicated,MDB;PCdoB;PDT;PP;PSB;PSD;PSOL;PT;REDE;REPUBLICANOS;UNIAO,MDB;PCdoB;PDT;PP;PSB;PSD;PSOL;PT;REDE;REPUBLICANOS;UNIAO,MDB;PCdoB;PDT;PP;PSB;PSD;PSOL;PT;REDE;REPUBLICANOS;UNIAO,,,,established,,,
2025-04-17,lula_3,lula_3-2024-12-06,lula_3-2025-04-09,primary_adjudicated,MDB;PCdoB;PDT;PP;PSB;PSD;PSOL;PT;REDE;REPUBLICANOS;UNIAO,MDB;PCdoB;PDT;PP;PSB;PSD;PSOL;PT;REDE;REPUBLICANOS;UNIAO,MDB;PCdoB;PDT;PP;PSB;PSD;PSOL;PT;REDE;REPUBLICANOS;UNIAO,,,,established,,,
2025-04-18,lula_3,lula_3-2024-12-06,lula_3-2025-04-09,primary_adjudicated,MDB;PCdoB;PDT;PP;PSB;PSD;PSOL;PT;REDE;REPUBLICANOS;UNIAO,MDB;PCdoB;PDT;PP;PSB;PSD;PSOL;PT;REDE;REPUBLICANOS;UNIAO,MDB;PCdoB;PDT;PP;PSB;PSD;PSOL;PT;REDE;REPUBLICANOS;UNIAO,,,,established,,,
2025-04-19,lula_3,lula_3-2024-12-06,lula_3-2025-04-09,primary_adjudicated,MDB;PCdoB;PDT;PP;PSB;PSD;PSOL;PT;REDE;REPUBLICANOS;UNIAO,MDB;PCdoB;PDT;PP;PSB;PSD;PSOL;PT;REDE;REPUBLICANOS;UNIAO,MDB;PCdoB;PDT;PP;PSB;PSD;PSOL;PT;REDE;REPUBLICANOS;UNIAO,,,,established,,,
2025-04-20,lula_3,lula_3-2024-12-06,lula_3-2025-04-09,primary_adjudicated,MDB;PCdoB;PDT;PP;PSB;PSD;PSOL;PT;REDE;REPUBLICANOS;UNIAO,MDB;PCdoB;PDT;PP;PSB;PSD;PSOL;PT;REDE;REPUBLICANOS;UNIAO,MDB;PCdoB;PDT;PP;PSB;PSD;PSOL;PT;REDE;REPUBLICANOS;UNIAO,,,,established,,,
2025-04-21,lula_3,lula_3-2024-12-06,lula_3-2025-04-09,primary_adjudicated,MDB;PCdoB;PDT;PP;PSB;PSD;PSOL;PT;REDE;REPUBLICANOS;UNIAO,MDB;PCdoB;PDT;PP;PSB;PSD;PSOL;PT;REDE;REPUBLICANOS;UNIAO,MDB;PCdoB;PDT;PP;PSB;PSD;PSOL;PT;REDE;REPUBLICANOS;UNIAO,,,,established,,,
2025-04-22,lula_3,lula_3-2024-12-06,lula_3-2025-04-09,primary_adjudicated,MDB;PCdoB;PDT;PP;PSB;PSD;PSOL;PT;REDE;REPUBLICANOS;UNIAO,MDB;PCdoB;PDT;PP;PSB;PSD;PSOL;PT;REDE;REPUBLICANOS;UNIAO,MDB;PCdoB;PDT;PP;PSB;PSD;PSOL;PT;REDE;REPUBLICANOS;UNIAO,,,,established,,,
2025-04-23,lula_3,lula_3-2024-12-06,lula_3-2025-04-09,primary_adjudicated,MDB;PCdoB;PDT;PP;PSB;PSD;PSOL;PT;REDE;REPUBLICANOS;UNIAO,MDB;PCdoB;PDT;PP;PSB;PSD;PSOL;PT;REDE;REPUBLICANOS;UNIAO,MDB;PCdoB;PDT;PP;PSB;PSD;PSOL;PT;REDE;REPUBLICANOS;UNIAO,,,,established,,,
2025-04-24,lula_3,lula_3-2024-12-06,lula_3-2025-04-24,primary_adjudicated,MDB;PCdoB;PDT;PP;PSB;PSD;PSOL;PT;REDE;REPUBLICANOS;UNIAO,MDB;PCdoB;PDT;PP;PSB;PSD;PSOL;PT;REDE;REPUBLICANOS;UNIAO,MDB;PCdoB;PDT;PP;PSB;PSD;PSOL;PT;REDE;REPUBLICANOS;UNIAO,,,,established,,,
2025-04-25,lula_3,lula_3-2024-12-06,lula_3-2025-04-24,primary_adjudicated,MDB;PCdoB;PDT;PP;PSB;PSD;PSOL;PT;REDE;REPUBLICANOS;UNIAO,MDB;PCdoB;PDT;PP;PSB;PSD;PSOL;PT;REDE;REPUBLICANOS;UNIAO,MDB;PCdoB;PDT;PP;PSB;PSD;PSOL;PT;REDE;REPUBLICANOS;UNIAO,,,,established,,,
2025-04-26,lula_3,lula_3-2024-12-06,lula_3-2025-04-24,primary_adjudicated,MDB;PCdoB;PDT;PP;PSB;PSD;PSOL;PT;REDE;REPUBLICANOS;UNIAO,MDB;PCdoB;PDT;PP;PSB;PSD;PSOL;PT;REDE;REPUBLICANOS;UNIAO,MDB;PCdoB;PDT;PP;PSB;PSD;PSOL;PT;REDE;REPUBLICANOS;UNIAO,,,,established,,,
2025-04-27,lula_3,lula_3-2024-12-06,lula_3-2025-04-24,primary_adjudicated,MDB;PCdoB;PDT;PP;PSB;PSD;PSOL;PT;REDE;REPUBLICANOS;UNIAO,MDB;PCdoB;PDT;PP;PSB;PSD;PSOL;PT;REDE;REPUBLICANOS;UNIAO,MDB;PCdoB;PDT;PP;PSB;PSD;PSOL;PT;REDE;REPUBLICANOS;UNIAO,,,,established,,,
2025-04-28,lula_3,lula_3-2024-12-06,lula_3-2025-04-24,primary_adjudicated,MDB;PCdoB;PDT;PP;PSB;PSD;PSOL;PT;REDE;REPUBLICANOS;UNIAO,MDB;PCdoB;PDT;PP;PSB;PSD;PSOL;PT;REDE;REPUBLICANOS;UNIAO,MDB;PCdoB;PDT;PP;PSB;PSD;PSOL;PT;REDE;REPUBLICANOS;UNIAO,,,,established,,,
2025-04-29,lula_3,lula_3-2024-12-06,lula_3-2025-04-24,primary_adjudicated,MDB;PCdoB;PDT;PP;PSB;PSD;PSOL;PT;REDE;REPUBLICANOS;UNIAO,MDB;PCdoB;PDT;PP;PSB;PSD;PSOL;PT;REDE;REPUBLICANOS;UNIAO,MDB;PCdoB;PDT;PP;PSB;PSD;PSOL;PT;REDE;REPUBLICANOS;UNIAO,,,,established,,,
2025-04-30,lula_3,lula_3-2024-12-06,lula_3-2025-04-24,primary_adjudicated,MDB;PCdoB;PDT;PP;PSB;PSD;PSOL;PT;REDE;REPUBLICANOS;UNIAO,MDB;PCdoB;PDT;PP;PSB;PSD;PSOL;PT;REDE;REPUBLICANOS;UNIAO,MDB;PCdoB;PDT;PP;PSB;PSD;PSOL;PT;REDE;REPUBLICANOS;UNIAO,,,,established,,,
2025-05-01,lula_3,lula_3-2024-12-06,lula_3-2025-04-24,primary_adjudicated,MDB;PCdoB;PDT;PP;PSB;PSD;PSOL;PT;REDE;REPUBLICANOS;UNIAO,MDB;PCdoB;PDT;PP;PSB;PSD;PSOL;PT;REDE;REPUBLICANOS;UNIAO,MDB;PCdoB;PDT;PP;PSB;PSD;PSOL;PT;REDE;REPUBLICANOS;UNIAO,,,,established,,,
2025-05-02,lula_3,lula_3-2024-12-06,lula_3-2025-05-02,primary_adjudicated,MDB;PCdoB;PDT;PP;PSB;PSD;PSOL;PT;REDE;REPUBLICANOS;UNIAO,MDB;PCdoB;PDT;PP;PSB;PSD;PSOL;PT;REDE;REPUBLICANOS;UNIAO,MDB;PCdoB;PDT;PP;PSB;PSD;PSOL;PT;REDE;REPUBLICANOS;UNIAO,,,,established,,,
2025-05-03,lula_3,lula_3-2024-12-06,lula_3-2025-05-02,primary_adjudicated,MDB;PCdoB;PDT;PP;PSB;PSD;PSOL;PT;REDE;REPUBLICANOS;UNIAO,MDB;PCdoB;PDT;PP;PSB;PSD;PSOL;PT;REDE;REPUBLICANOS;UNIAO,MDB;PCdoB;PDT;PP;PSB;PSD;PSOL;PT;REDE;REPUBLICANOS;UNIAO,,,,established,,,
2025-05-04,lula_3,lula_3-2024-12-06,lula_3-2025-05-02,primary_adjudicated,MDB;PCdoB;PDT;PP;PSB;PSD;PSOL;PT;REDE;REPUBLICANOS;UNIAO,MDB;PCdoB;PDT;PP;PSB;PSD;PSOL;PT;REDE;REPUBLICANOS;UNIAO,MDB;PCdoB;PDT;PP;PSB;PSD;PSOL;PT;REDE;REPUBLICANOS;UNIAO,,,,established,,,
2025-05-05,lula_3,lula_3-2024-12-06,lula_3-2025-05-05,primary_adjudicated,MDB;PCdoB;PDT;PP;PSB;PSD;PSOL;PT;REDE;REPUBLICANOS;UNIAO,MDB;PCdoB;PDT;PP;PSB;PSD;PSOL;PT;REDE;REPUBLICANOS;UNIAO,MDB;PCdoB;PDT;PP;PSB;PSD;PSOL;PT;REDE;REPUBLICANOS;UNIAO,,,,established,,,
2025-05-06,lula_3,lula_3-2024-12-06,lula_3-2025-05-05,primary_adjudicated,MDB;PCdoB;PDT;PP;PSB;PSD;PSOL;PT;REDE;REPUBLICANOS;UNIAO,MDB;PCdoB;PDT;PP;PSB;PSD;PSOL;PT;REDE;REPUBLICANOS;UNIAO,MDB;PCdoB;PDT;PP;PSB;PSD;PSOL;PT;REDE;REPUBLICANOS;UNIAO,,,,established,,,
2025-05-07,lula_3,lula_3-2024-12-06,lula_3-2025-05-05,primary_adjudicated,MDB;PCdoB;PDT;PP;PSB;PSD;PSOL;PT;REDE;REPUBLICANOS;UNIAO,MDB;PCdoB;PDT;PP;PSB;PSD;PSOL;PT;REDE;REPUBLICANOS;UNIAO,MDB;PCdoB;PDT;PP;PSB;PSD;PSOL;PT;REDE;REPUBLICANOS;UNIAO,,,,established,,,
2025-05-08,lula_3,lula_3-2024-12-06,lula_3-2025-05-05,primary_adjudicated,MDB;PCdoB;PDT;PP;PSB;PSD;PSOL;PT;REDE;REPUBLICANOS;UNIAO,MDB;PCdoB;PDT;PP;PSB;PSD;PSOL;PT;REDE;REPUBLICANOS;UNIAO,MDB;PCdoB;PDT;PP;PSB;PSD;PSOL;PT;REDE;REPUBLICANOS;UNIAO,,,,established,,,
2025-05-09,lula_3,lula_3-2024-12-06,lula_3-2025-05-05,primary_adjudicated,MDB;PCdoB;PDT;PP;PSB;PSD;PSOL;PT;REDE;REPUBLICANOS;UNIAO,MDB;PCdoB;PDT;PP;PSB;PSD;PSOL;PT;REDE;REPUBLICANOS;UNIAO,MDB;PCdoB;PDT;PP;PSB;PSD;PSOL;PT;REDE;REPUBLICANOS;UNIAO,,,,established,,,
2025-05-10,lula_3,lula_3-2024-12-06,lula_3-2025-05-05,primary_adjudicated,MDB;PCdoB;PDT;PP;PSB;PSD;PSOL;PT;REDE;REPUBLICANOS;UNIAO,MDB;PCdoB;PDT;PP;PSB;PSD;PSOL;PT;REDE;REPUBLICANOS;UNIAO,MDB;PCdoB;PDT;PP;PSB;PSD;PSOL;PT;REDE;REPUBLICANOS;UNIAO,,,,established,,,
2025-05-11,lula_3,lula_3-2024-12-06,lula_3-2025-05-05,primary_adjudicated,MDB;PCdoB;PDT;PP;PSB;PSD;PSOL;PT;REDE;REPUBLICANOS;UNIAO,MDB;PCdoB;PDT;PP;PSB;PSD;PSOL;PT;REDE;REPUBLICANOS;UNIAO,MDB;PCdoB;PDT;PP;PSB;PSD;PSOL;PT;REDE;REPUBLICANOS;UNIAO,,,,established,,,
2025-05-12,lula_3,lula_3-2024-12-06,lula_3-2025-05-05,primary_adjudicated,MDB;PCdoB;PDT;PP;PSB;PSD;PSOL;PT;REDE;REPUBLICANOS;UNIAO,MDB;PCdoB;PDT;PP;PSB;PSD;PSOL;PT;REDE;REPUBLICANOS;UNIAO,MDB;PCdoB;PDT;PP;PSB;PSD;PSOL;PT;REDE;REPUBLICANOS;UNIAO,,,,established,,,
2025-05-13,lula_3,lula_3-2024-12-06,lula_3-2025-05-05,primary_adjudicated,MDB;PCdoB;PDT;PP;PSB;PSD;PSOL;PT;REDE;REPUBLICANOS;UNIAO,MDB;PCdoB;PDT;PP;PSB;PSD;PSOL;PT;REDE;REPUBLICANOS;UNIAO,MDB;PCdoB;PDT;PP;PSB;PSD;PSOL;PT;REDE;REPUBLICANOS;UNIAO,,,,established,,,
2025-05-14,lula_3,lula_3-2024-12-06,lula_3-2025-05-05,primary_adjudicated,MDB;PCdoB;PDT;PP;PSB;PSD;PSOL;PT;REDE;REPUBLICANOS;UNIAO,MDB;PCdoB;PDT;PP;PSB;PSD;PSOL;PT;REDE;REPUBLICANOS;UNIAO,MDB;PCdoB;PDT;PP;PSB;PSD;PSOL;PT;REDE;REPUBLICANOS;UNIAO,,,,established,,,
2025-05-15,lula_3,lula_3-2024-12-06,lula_3-2025-05-05,primary_adjudicated,MDB;PCdoB;PDT;PP;PSB;PSD;PSOL;PT;REDE;REPUBLICANOS;UNIAO,MDB;PCdoB;PDT;PP;PSB;PSD;PSOL;PT;REDE;REPUBLICANOS;UNIAO,MDB;PCdoB;PDT;PP;PSB;PSD;PSOL;PT;REDE;REPUBLICANOS;UNIAO,,,,established,,,
2025-05-16,lula_3,lula_3-2024-12-06,lula_3-2025-05-05,primary_adjudicated,MDB;PCdoB;PDT;PP;PSB;PSD;PSOL;PT;REDE;REPUBLICANOS;UNIAO,MDB;PCdoB;PDT;PP;PSB;PSD;PSOL;PT;REDE;REPUBLICANOS;UNIAO,MDB;PCdoB;PDT;PP;PSB;PSD;PSOL;PT;REDE;REPUBLICANOS;UNIAO,,,,established,,,
2025-05-17,lula_3,lula_3-2024-12-06,lula_3-2025-05-05,primary_adjudicated,MDB;PCdoB;PDT;PP;PSB;PSD;PSOL;PT;REDE;REPUBLICANOS;UNIAO,MDB;PCdoB;PDT;PP;PSB;PSD;PSOL;PT;REDE;REPUBLICANOS;UNIAO,MDB;PCdoB;PDT;PP;PSB;PSD;PSOL;PT;REDE;REPUBLICANOS;UNIAO,,,,established,,,
2025-05-18,lula_3,lula_3-2024-12-06,lula_3-2025-05-05,primary_adjudicated,MDB;PCdoB;PDT;PP;PSB;PSD;PSOL;PT;REDE;REPUBLICANOS;UNIAO,MDB;PCdoB;PDT;PP;PSB;PSD;PSOL;PT;REDE;REPUBLICANOS;UNIAO,MDB;PCdoB;PDT;PP;PSB;PSD;PSOL;PT;REDE;REPUBLICANOS;UNIAO,,,,established,,,
2025-05-19,lula_3,lula_3-2024-12-06,lula_3-2025-05-05,primary_adjudicated,MDB;PCdoB;PDT;PP;PSB;PSD;PSOL;PT;REDE;REPUBLICANOS;UNIAO,MDB;PCdoB;PDT;PP;PSB;PSD;PSOL;PT;REDE;REPUBLICANOS;UNIAO,MDB;PCdoB;PDT;PP;PSB;PSD;PSOL;PT;REDE;REPUBLICANOS;UNIAO,,,,established,,,
2025-05-20,lula_3,lula_3-2024-12-06,lula_3-2025-05-05,primary_adjudicated,MDB;PCdoB;PDT;PP;PSB;PSD;PSOL;PT;REDE;REPUBLICANOS;UNIAO,MDB;PCdoB;PDT;PP;PSB;PSD;PSOL;PT;REDE;REPUBLICANOS;UNIAO,MDB;PCdoB;PDT;PP;PSB;PSD;PSOL;PT;REDE;REPUBLICANOS;UNIAO,,,,established,,,
2025-05-21,lula_3,lula_3-2024-12-06,lula_3-2025-05-05,primary_adjudicated,MDB;PCdoB;PDT;PP;PSB;PSD;PSOL;PT;REDE;REPUBLICANOS;UNIAO,MDB;PCdoB;PDT;PP;PSB;PSD;PSOL;PT;REDE;REPUBLICANOS;UNIAO,MDB;PCdoB;PDT;PP;PSB;PSD;PSOL;PT;REDE;REPUBLICANOS;UNIAO,,,,established,,,
2025-05-22,lula_3,lula_3-2024-12-06,lula_3-2025-05-05,primary_adjudicated,MDB;PCdoB;PDT;PP;PSB;PSD;PSOL;PT;REDE;REPUBLICANOS;UNIAO,MDB;PCdoB;PDT;PP;PSB;PSD;PSOL;PT;REDE;REPUBLICANOS;UNIAO,MDB;PCdoB;PDT;PP;PSB;PSD;PSOL;PT;REDE;REPUBLICANOS;UNIAO,,,,established,,,
2025-05-23,lula_3,lula_3-2024-12-06,lula_3-2025-05-05,primary_adjudicated,MDB;PCdoB;PDT;PP;PSB;PSD;PSOL;PT;REDE;REPUBLICANOS;UNIAO,MDB;PCdoB;PDT;PP;PSB;PSD;PSOL;PT;REDE;REPUBLICANOS;UNIAO,MDB;PCdoB;PDT;PP;PSB;PSD;PSOL;PT;REDE;REPUBLICANOS;UNIAO,,,,established,,,
2025-05-24,lula_3,lula_3-2024-12-06,lula_3-2025-05-05,primary_adjudicated,MDB;PCdoB;PDT;PP;PSB;PSD;PSOL;PT;REDE;REPUBLICANOS;UNIAO,MDB;PCdoB;PDT;PP;PSB;PSD;PSOL;PT;REDE;REPUBLICANOS;UNIAO,MDB;PCdoB;PDT;PP;PSB;PSD;PSOL;PT;REDE;REPUBLICANOS;UNIAO,,,,established,,,
2025-05-25,lula_3,lula_3-2024-12-06,lula_3-2025-05-05,primary_adjudicated,MDB;PCdoB;PDT;PP;PSB;PSD;PSOL;PT;REDE;REPUBLICANOS;UNIAO,MDB;PCdoB;PDT;PP;PSB;PSD;PSOL;PT;REDE;REPUBLICANOS;UNIAO,MDB;PCdoB;PDT;PP;PSB;PSD;PSOL;PT;REDE;REPUBLICANOS;UNIAO,,,,established,,,
2025-05-26,lula_3,lula_3-2024-12-06,lula_3-2025-05-05,primary_adjudicated,MDB;PCdoB;PDT;PP;PSB;PSD;PSOL;PT;REDE;REPUBLICANOS;UNIAO,MDB;PCdoB;PDT;PP;PSB;PSD;PSOL;PT;REDE;REPUBLICANOS;UNIAO,MDB;PCdoB;PDT;PP;PSB;PSD;PSOL;PT;REDE;REPUBLICANOS;UNIAO,,,,established,,,
2025-05-27,lula_3,lula_3-2024-12-06,lula_3-2025-05-05,primary_adjudicated,MDB;PCdoB;PDT;PP;PSB;PSD;PSOL;PT;REDE;REPUBLICANOS;UNIAO,MDB;PCdoB;PDT;PP;PSB;PSD;PSOL;PT;REDE;REPUBLICANOS;UNIAO,MDB;PCdoB;PDT;PP;PSB;PSD;PSOL;PT;REDE;REPUBLICANOS;UNIAO,,,,established,,,
2025-05-28,lula_3,lula_3-2024-12-06,lula_3-2025-05-05,primary_adjudicated,MDB;PCdoB;PDT;PP;PSB;PSD;PSOL;PT;REDE;REPUBLICANOS;UNIAO,MDB;PCdoB;PDT;PP;PSB;PSD;PSOL;PT;REDE;REPUBLICANOS;UNIAO,MDB;PCdoB;PDT;PP;PSB;PSD;PSOL;PT;REDE;REPUBLICANOS;UNIAO,,,,established,,,
2025-05-29,lula_3,lula_3-2024-12-06,lula_3-2025-05-05,primary_adjudicated,MDB;PCdoB;PDT;PP;PSB;PSD;PSOL;PT;REDE;REPUBLICANOS;UNIAO,MDB;PCdoB;PDT;PP;PSB;PSD;PSOL;PT;REDE;REPUBLICANOS;UNIAO,MDB;PCdoB;PDT;PP;PSB;PSD;PSOL;PT;REDE;REPUBLICANOS;UNIAO,,,,established,,,
2025-05-30,lula_3,lula_3-2024-12-06,lula_3-2025-05-05,primary_adjudicated,MDB;PCdoB;PDT;PP;PSB;PSD;PSOL;PT;REDE;REPUBLICANOS;UNIAO,MDB;PCdoB;PDT;PP;PSB;PSD;PSOL;PT;REDE;REPUBLICANOS;UNIAO,MDB;PCdoB;PDT;PP;PSB;PSD;PSOL;PT;REDE;REPUBLICANOS;UNIAO,,,,established,,,
2025-05-31,lula_3,lula_3-2024-12-06,lula_3-2025-05-05,primary_adjudicated,MDB;PCdoB;PDT;PP;PSB;PSD;PSOL;PT;REDE;REPUBLICANOS;UNIAO,MDB;PCdoB;PDT;PP;PSB;PSD;PSOL;PT;REDE;REPUBLICANOS;UNIAO,MDB;PCdoB;PDT;PP;PSB;PSD;PSOL;PT;REDE;REPUBLICANOS;UNIAO,,,,established,,,
2025-06-01,lula_3,lula_3-2024-12-06,lula_3-2025-05-05,primary_adjudicated,MDB;PCdoB;PDT;PP;PSB;PSD;PSOL;PT;REDE;REPUBLICANOS;UNIAO,MDB;PCdoB;PDT;PP;PSB;PSD;PSOL;PT;REDE;REPUBLICANOS;UNIAO,MDB;PCdoB;PDT;PP;PSB;PSD;PSOL;PT;REDE;REPUBLICANOS;UNIAO,,,,established,,,
2025-06-02,lula_3,lula_3-2024-12-06,lula_3-2025-05-05,primary_adjudicated,MDB;PCdoB;PDT;PP;PSB;PSD;PSOL;PT;REDE;REPUBLICANOS;UNIAO,MDB;PCdoB;PDT;PP;PSB;PSD;PSOL;PT;REDE;REPUBLICANOS;UNIAO,MDB;PCdoB;PDT;PP;PSB;PSD;PSOL;PT;REDE;REPUBLICANOS;UNIAO,,,,established,,,
2025-06-03,lula_3,lula_3-2024-12-06,lula_3-2025-05-05,primary_adjudicated,MDB;PCdoB;PDT;PP;PSB;PSD;PSOL;PT;REDE;REPUBLICANOS;UNIAO,MDB;PCdoB;PDT;PP;PSB;PSD;PSOL;PT;REDE;REPUBLICANOS;UNIAO,MDB;PCdoB;PDT;PP;PSB;PSD;PSOL;PT;REDE;REPUBLICANOS;UNIAO,,,,established,,,
2025-06-04,lula_3,lula_3-2024-12-06,lula_3-2025-05-05,primary_adjudicated,MDB;PCdoB;PDT;PP;PSB;PSD;PSOL;PT;REDE;REPUBLICANOS;UNIAO,MDB;PCdoB;PDT;PP;PSB;PSD;PSOL;PT;REDE;REPUBLICANOS;UNIAO,MDB;PCdoB;PDT;PP;PSB;PSD;PSOL;PT;REDE;REPUBLICANOS;UNIAO,,,,established,,,
2025-06-05,lula_3,lula_3-2024-12-06,lula_3-2025-05-05,primary_adjudicated,MDB;PCdoB;PDT;PP;PSB;PSD;PSOL;PT;REDE;REPUBLICANOS;UNIAO,MDB;PCdoB;PDT;PP;PSB;PSD;PSOL;PT;REDE;REPUBLICANOS;UNIAO,MDB;PCdoB;PDT;PP;PSB;PSD;PSOL;PT;REDE;REPUBLICANOS;UNIAO,,,,established,,,
2025-06-06,lula_3,lula_3-2024-12-06,lula_3-2025-05-05,primary_adjudicated,MDB;PCdoB;PDT;PP;PSB;PSD;PSOL;PT;REDE;REPUBLICANOS;UNIAO,MDB;PCdoB;PDT;PP;PSB;PSD;PSOL;PT;REDE;REPUBLICANOS;UNIAO,MDB;PCdoB;PDT;PP;PSB;PSD;PSOL;PT;REDE;REPUBLICANOS;UNIAO,,,,established,,,
2025-06-07,lula_3,lula_3-2024-12-06,lula_3-2025-05-05,primary_adjudicated,MDB;PCdoB;PDT;PP;PSB;PSD;PSOL;PT;REDE;REPUBLICANOS;UNIAO,MDB;PCdoB;PDT;PP;PSB;PSD;PSOL;PT;REDE;REPUBLICANOS;UNIAO,MDB;PCdoB;PDT;PP;PSB;PSD;PSOL;PT;REDE;REPUBLICANOS;UNIAO,,,,established,,,
2025-06-08,lula_3,lula_3-2024-12-06,lula_3-2025-05-05,primary_adjudicated,MDB;PCdoB;PDT;PP;PSB;PSD;PSOL;PT;REDE;REPUBLICANOS;UNIAO,MDB;PCdoB;PDT;PP;PSB;PSD;PSOL;PT;REDE;REPUBLICANOS;UNIAO,MDB;PCdoB;PDT;PP;PSB;PSD;PSOL;PT;REDE;REPUBLICANOS;UNIAO,,,,established,,,
2025-06-09,lula_3,lula_3-2024-12-06,lula_3-2025-05-05,primary_adjudicated,MDB;PCdoB;PDT;PP;PSB;PSD;PSOL;PT;REDE;REPUBLICANOS;UNIAO,MDB;PCdoB;PDT;PP;PSB;PSD;PSOL;PT;REDE;REPUBLICANOS;UNIAO,MDB;PCdoB;PDT;PP;PSB;PSD;PSOL;PT;REDE;REPUBLICANOS;UNIAO,,,,established,,,
2025-06-10,lula_3,lula_3-2024-12-06,lula_3-2025-05-05,primary_adjudicated,MDB;PCdoB;PDT;PP;PSB;PSD;PSOL;PT;REDE;REPUBLICANOS;UNIAO,MDB;PCdoB;PDT;PP;PSB;PSD;PSOL;PT;REDE;REPUBLICANOS;UNIAO,MDB;PCdoB;PDT;PP;PSB;PSD;PSOL;PT;REDE;REPUBLICANOS;UNIAO,,,,established,,,
2025-06-11,lula_3,lula_3-2024-12-06,lula_3-2025-05-05,primary_adjudicated,MDB;PCdoB;PDT;PP;PSB;PSD;PSOL;PT;REDE;REPUBLICANOS;UNIAO,MDB;PCdoB;PDT;PP;PSB;PSD;PSOL;PT;REDE;REPUBLICANOS;UNIAO,MDB;PCdoB;PDT;PP;PSB;PSD;PSOL;PT;REDE;REPUBLICANOS;UNIAO,,,,established,,,
2025-06-12,lula_3,lula_3-2024-12-06,lula_3-2025-05-05,primary_adjudicated,MDB;PCdoB;PDT;PP;PSB;PSD;PSOL;PT;REDE;REPUBLICANOS;UNIAO,MDB;PCdoB;PDT;PP;PSB;PSD;PSOL;PT;REDE;REPUBLICANOS;UNIAO,MDB;PCdoB;PDT;PP;PSB;PSD;PSOL;PT;REDE;REPUBLICANOS;UNIAO,,,,established,,,
2025-06-13,lula_3,lula_3-2024-12-06,lula_3-2025-05-05,primary_adjudicated,MDB;PCdoB;PDT;PP;PSB;PSD;PSOL;PT;REDE;REPUBLICANOS;UNIAO,MDB;PCdoB;PDT;PP;PSB;PSD;PSOL;PT;REDE;REPUBLICANOS;UNIAO,MDB;PCdoB;PDT;PP;PSB;PSD;PSOL;PT;REDE;REPUBLICANOS;UNIAO,,,,established,,,
2025-06-14,lula_3,lula_3-2024-12-06,lula_3-2025-05-05,primary_adjudicated,MDB;PCdoB;PDT;PP;PSB;PSD;PSOL;PT;REDE;REPUBLICANOS;UNIAO,MDB;PCdoB;PDT;PP;PSB;PSD;PSOL;PT;REDE;REPUBLICANOS;UNIAO,MDB;PCdoB;PDT;PP;PSB;PSD;PSOL;PT;REDE;REPUBLICANOS;UNIAO,,,,established,,,
2025-06-15,lula_3,lula_3-2024-12-06,lula_3-2025-05-05,primary_adjudicated,MDB;PCdoB;PDT;PP;PSB;PSD;PSOL;PT;REDE;REPUBLICANOS;UNIAO,MDB;PCdoB;PDT;PP;PSB;PSD;PSOL;PT;REDE;REPUBLICANOS;UNIAO,MDB;PCdoB;PDT;PP;PSB;PSD;PSOL;PT;REDE;REPUBLICANOS;UNIAO,,,,established,,,
2025-06-16,lula_3,lula_3-2024-12-06,lula_3-2025-05-05,primary_adjudicated,MDB;PCdoB;PDT;PP;PSB;PSD;PSOL;PT;REDE;REPUBLICANOS;UNIAO,MDB;PCdoB;PDT;PP;PSB;PSD;PSOL;PT;REDE;REPUBLICANOS;UNIAO,MDB;PCdoB;PDT;PP;PSB;PSD;PSOL;PT;REDE;REPUBLICANOS;UNIAO,,,,established,,,
2025-06-17,lula_3,lula_3-2024-12-06,lula_3-2025-05-05,primary_adjudicated,MDB;PCdoB;PDT;PP;PSB;PSD;PSOL;PT;REDE;REPUBLICANOS;UNIAO,MDB;PCdoB;PDT;PP;PSB;PSD;PSOL;PT;REDE;REPUBLICANOS;UNIAO,MDB;PCdoB;PDT;PP;PSB;PSD;PSOL;PT;REDE;REPUBLICANOS;UNIAO,,,,established,,,
2025-06-18,lula_3,lula_3-2024-12-06,lula_3-2025-05-05,primary_adjudicated,MDB;PCdoB;PDT;PP;PSB;PSD;PSOL;PT;REDE;REPUBLICANOS;UNIAO,MDB;PCdoB;PDT;PP;PSB;PSD;PSOL;PT;REDE;REPUBLICANOS;UNIAO,MDB;PCdoB;PDT;PP;PSB;PSD;PSOL;PT;REDE;REPUBLICANOS;UNIAO,,,,established,,,
2025-06-19,lula_3,lula_3-2024-12-06,lula_3-2025-05-05,primary_adjudicated,MDB;PCdoB;PDT;PP;PSB;PSD;PSOL;PT;REDE;REPUBLICANOS;UNIAO,MDB;PCdoB;PDT;PP;PSB;PSD;PSOL;PT;REDE;REPUBLICANOS;UNIAO,MDB;PCdoB;PDT;PP;PSB;PSD;PSOL;PT;REDE;REPUBLICANOS;UNIAO,,,,established,,,
2025-06-20,lula_3,lula_3-2024-12-06,lula_3-2025-05-05,primary_adjudicated,MDB;PCdoB;PDT;PP;PSB;PSD;PSOL;PT;REDE;REPUBLICANOS;UNIAO,MDB;PCdoB;PDT;PP;PSB;PSD;PSOL;PT;REDE;REPUBLICANOS;UNIAO,MDB;PCdoB;PDT;PP;PSB;PSD;PSOL;PT;REDE;REPUBLICANOS;UNIAO,,,,established,,,
2025-06-21,lula_3,lula_3-2024-12-06,lula_3-2025-05-05,primary_adjudicated,MDB;PCdoB;PDT;PP;PSB;PSD;PSOL;PT;REDE;REPUBLICANOS;UNIAO,MDB;PCdoB;PDT;PP;PSB;PSD;PSOL;PT;REDE;REPUBLICANOS;UNIAO,MDB;PCdoB;PDT;PP;PSB;PSD;PSOL;PT;REDE;REPUBLICANOS;UNIAO,,,,established,,,
2025-06-22,lula_3,lula_3-2024-12-06,lula_3-2025-05-05,primary_adjudicated,MDB;PCdoB;PDT;PP;PSB;PSD;PSOL;PT;REDE;REPUBLICANOS;UNIAO,MDB;PCdoB;PDT;PP;PSB;PSD;PSOL;PT;REDE;REPUBLICANOS;UNIAO,MDB;PCdoB;PDT;PP;PSB;PSD;PSOL;PT;REDE;REPUBLICANOS;UNIAO,,,,established,,,
2025-06-23,lula_3,lula_3-2024-12-06,lula_3-2025-05-05,primary_adjudicated,MDB;PCdoB;PDT;PP;PSB;PSD;PSOL;PT;REDE;REPUBLICANOS;UNIAO,MDB;PCdoB;PDT;PP;PSB;PSD;PSOL;PT;REDE;REPUBLICANOS;UNIAO,MDB;PCdoB;PDT;PP;PSB;PSD;PSOL;PT;REDE;REPUBLICANOS;UNIAO,,,,established,,,
2025-06-24,lula_3,lula_3-2024-12-06,lula_3-2025-05-05,primary_adjudicated,MDB;PCdoB;PDT;PP;PSB;PSD;PSOL;PT;REDE;REPUBLICANOS;UNIAO,MDB;PCdoB;PDT;PP;PSB;PSD;PSOL;PT;REDE;REPUBLICANOS;UNIAO,MDB;PCdoB;PDT;PP;PSB;PSD;PSOL;PT;REDE;REPUBLICANOS;UNIAO,,,,established,,,
2025-06-25,lula_3,lula_3-2024-12-06,lula_3-2025-05-05,primary_adjudicated,MDB;PCdoB;PDT;PP;PSB;PSD;PSOL;PT;REDE;REPUBLICANOS;UNIAO,MDB;PCdoB;PDT;PP;PSB;PSD;PSOL;PT;REDE;REPUBLICANOS;UNIAO,MDB;PCdoB;PDT;PP;PSB;PSD;PSOL;PT;REDE;REPUBLICANOS;UNIAO,,,,established,,,
2025-06-26,lula_3,lula_3-2024-12-06,lula_3-2025-05-05,primary_adjudicated,MDB;PCdoB;PDT;PP;PSB;PSD;PSOL;PT;REDE;REPUBLICANOS;UNIAO,MDB;PCdoB;PDT;PP;PSB;PSD;PSOL;PT;REDE;REPUBLICANOS;UNIAO,MDB;PCdoB;PDT;PP;PSB;PSD;PSOL;PT;REDE;REPUBLICANOS;UNIAO,,,,established,,,
2025-06-27,lula_3,lula_3-2024-12-06,lula_3-2025-05-05,primary_adjudicated,MDB;PCdoB;PDT;PP;PSB;PSD;PSOL;PT;REDE;REPUBLICANOS;UNIAO,MDB;PCdoB;PDT;PP;PSB;PSD;PSOL;PT;REDE;REPUBLICANOS;UNIAO,MDB;PCdoB;PDT;PP;PSB;PSD;PSOL;PT;REDE;REPUBLICANOS;UNIAO,,,,established,,,
2025-06-28,lula_3,lula_3-2024-12-06,lula_3-2025-05-05,primary_adjudicated,MDB;PCdoB;PDT;PP;PSB;PSD;PSOL;PT;REDE;REPUBLICANOS;UNIAO,MDB;PCdoB;PDT;PP;PSB;PSD;PSOL;PT;REDE;REPUBLICANOS;UNIAO,MDB;PCdoB;PDT;PP;PSB;PSD;PSOL;PT;REDE;REPUBLICANOS;UNIAO,,,,established,,,
2025-06-29,lula_3,lula_3-2024-12-06,lula_3-2025-05-05,primary_adjudicated,MDB;PCdoB;PDT;PP;PSB;PSD;PSOL;PT;REDE;REPUBLICANOS;UNIAO,MDB;PCdoB;PDT;PP;PSB;PSD;PSOL;PT;REDE;REPUBLICANOS;UNIAO,MDB;PCdoB;PDT;PP;PSB;PSD;PSOL;PT;REDE;REPUBLICANOS;UNIAO,,,,established,,,
2025-06-30,lula_3,lula_3-2024-12-06,lula_3-2025-05-05,primary_adjudicated,MDB;PCdoB;PDT;PP;PSB;PSD;PSOL;PT;REDE;REPUBLICANOS;UNIAO,MDB;PCdoB;PDT;PP;PSB;PSD;PSOL;PT;REDE;REPUBLICANOS;UNIAO,MDB;PCdoB;PDT;PP;PSB;PSD;PSOL;PT;REDE;REPUBLICANOS;UNIAO,,,,established,,,
2025-07-01,lula_3,lula_3-2024-12-06,lula_3-2025-05-05,primary_adjudicated,MDB;PCdoB;PDT;PP;PSB;PSD;PSOL;PT;REDE;REPUBLICANOS;UNIAO,MDB;PCdoB;PDT;PP;PSB;PSD;PSOL;PT;REDE;REPUBLICANOS;UNIAO,MDB;PCdoB;PDT;PP;PSB;PSD;PSOL;PT;REDE;REPUBLICANOS;UNIAO,,,,established,,,
2025-07-02,lula_3,lula_3-2024-12-06,lula_3-2025-05-05,primary_adjudicated,MDB;PCdoB;PDT;PP;PSB;PSD;PSOL;PT;REDE;REPUBLICANOS;UNIAO,MDB;PCdoB;PDT;PP;PSB;PSD;PSOL;PT;REDE;REPUBLICANOS;UNIAO,MDB;PCdoB;PDT;PP;PSB;PSD;PSOL;PT;REDE;REPUBLICANOS;UNIAO,,,,established,,,
2025-07-03,lula_3,lula_3-2024-12-06,lula_3-2025-05-05,primary_adjudicated,MDB;PCdoB;PDT;PP;PSB;PSD;PSOL;PT;REDE;REPUBLICANOS;UNIAO,MDB;PCdoB;PDT;PP;PSB;PSD;PSOL;PT;REDE;REPUBLICANOS;UNIAO,MDB;PCdoB;PDT;PP;PSB;PSD;PSOL;PT;REDE;REPUBLICANOS;UNIAO,,,,established,,,
2025-07-04,lula_3,lula_3-2024-12-06,lula_3-2025-05-05,primary_adjudicated,MDB;PCdoB;PDT;PP;PSB;PSD;PSOL;PT;REDE;REPUBLICANOS;UNIAO,MDB;PCdoB;PDT;PP;PSB;PSD;PSOL;PT;REDE;REPUBLICANOS;UNIAO,MDB;PCdoB;PDT;PP;PSB;PSD;PSOL;PT;REDE;REPUBLICANOS;UNIAO,,,,established,,,
2025-07-05,lula_3,lula_3-2024-12-06,lula_3-2025-05-05,primary_adjudicated,MDB;PCdoB;PDT;PP;PSB;PSD;PSOL;PT;REDE;REPUBLICANOS;UNIAO,MDB;PCdoB;PDT;PP;PSB;PSD;PSOL;PT;REDE;REPUBLICANOS;UNIAO,MDB;PCdoB;PDT;PP;PSB;PSD;PSOL;PT;REDE;REPUBLICANOS;UNIAO,,,,established,,,
2025-07-06,lula_3,lula_3-2024-12-06,lula_3-2025-05-05,primary_adjudicated,MDB;PCdoB;PDT;PP;PSB;PSD;PSOL;PT;REDE;REPUBLICANOS;UNIAO,MDB;PCdoB;PDT;PP;PSB;PSD;PSOL;PT;REDE;REPUBLICANOS;UNIAO,MDB;PCdoB;PDT;PP;PSB;PSD;PSOL;PT;REDE;REPUBLICANOS;UNIAO,,,,established,,,
2025-07-07,lula_3,lula_3-2024-12-06,lula_3-2025-05-05,primary_adjudicated,MDB;PCdoB;PDT;PP;PSB;PSD;PSOL;PT;REDE;REPUBLICANOS;UNIAO,MDB;PCdoB;PDT;PP;PSB;PSD;PSOL;PT;REDE;REPUBLICANOS;UNIAO,MDB;PCdoB;PDT;PP;PSB;PSD;PSOL;PT;REDE;REPUBLICANOS;UNIAO,,,,established,,,
2025-07-08,lula_3,lula_3-2024-12-06,lula_3-2025-05-05,primary_adjudicated,MDB;PCdoB;PDT;PP;PSB;PSD;PSOL;PT;REDE;REPUBLICANOS;UNIAO,MDB;PCdoB;PDT;PP;PSB;PSD;PSOL;PT;REDE;REPUBLICANOS;UNIAO,MDB;PCdoB;PDT;PP;PSB;PSD;PSOL;PT;REDE;REPUBLICANOS;UNIAO,,,,established,,,
2025-07-09,lula_3,lula_3-2024-12-06,lula_3-2025-05-05,primary_adjudicated,MDB;PCdoB;PDT;PP;PSB;PSD;PSOL;PT;REDE;REPUBLICANOS;UNIAO,MDB;PCdoB;PDT;PP;PSB;PSD;PSOL;PT;REDE;REPUBLICANOS;UNIAO,MDB;PCdoB;PDT;PP;PSB;PSD;PSOL;PT;REDE;REPUBLICANOS;UNIAO,,,,established,,,
2025-07-10,lula_3,lula_3-2024-12-06,lula_3-2025-05-05,primary_adjudicated,MDB;PCdoB;PDT;PP;PSB;PSD;PSOL;PT;REDE;REPUBLICANOS;UNIAO,MDB;PCdoB;PDT;PP;PSB;PSD;PSOL;PT;REDE;REPUBLICANOS;UNIAO,MDB;PCdoB;PDT;PP;PSB;PSD;PSOL;PT;REDE;REPUBLICANOS;UNIAO,,,,established,,,
2025-07-11,lula_3,lula_3-2024-12-06,lula_3-2025-05-05,primary_adjudicated,MDB;PCdoB;PDT;PP;PSB;PSD;PSOL;PT;REDE;REPUBLICANOS;UNIAO,MDB;PCdoB;PDT;PP;PSB;PSD;PSOL;PT;REDE;REPUBLICANOS;UNIAO,MDB;PCdoB;PDT;PP;PSB;PSD;PSOL;PT;REDE;REPUBLICANOS;UNIAO,,,,established,,,
2025-07-12,lula_3,lula_3-2024-12-06,lula_3-2025-05-05,primary_adjudicated,MDB;PCdoB;PDT;PP;PSB;PSD;PSOL;PT;REDE;REPUBLICANOS;UNIAO,MDB;PCdoB;PDT;PP;PSB;PSD;PSOL;PT;REDE;REPUBLICANOS;UNIAO,MDB;PCdoB;PDT;PP;PSB;PSD;PSOL;PT;REDE;REPUBLICANOS;UNIAO,,,,established,,,
2025-07-13,lula_3,lula_3-2024-12-06,lula_3-2025-05-05,primary_adjudicated,MDB;PCdoB;PDT;PP;PSB;PSD;PSOL;PT;REDE;REPUBLICANOS;UNIAO,MDB;PCdoB;PDT;PP;PSB;PSD;PSOL;PT;REDE;REPUBLICANOS;UNIAO,MDB;PCdoB;PDT;PP;PSB;PSD;PSOL;PT;REDE;REPUBLICANOS;UNIAO,,,,established,,,
2025-07-14,lula_3,lula_3-2024-12-06,lula_3-2025-05-05,primary_adjudicated,MDB;PCdoB;PDT;PP;PSB;PSD;PSOL;PT;REDE;REPUBLICANOS;UNIAO,MDB;PCdoB;PDT;PP;PSB;PSD;PSOL;PT;REDE;REPUBLICANOS;UNIAO,MDB;PCdoB;PDT;PP;PSB;PSD;PSOL;PT;REDE;REPUBLICANOS;UNIAO,,,,established,,,
2025-07-15,lula_3,lula_3-2024-12-06,lula_3-2025-05-05,primary_adjudicated,MDB;PCdoB;PDT;PP;PSB;PSD;PSOL;PT;REDE;REPUBLICANOS;UNIAO,MDB;PCdoB;PDT;PP;PSB;PSD;PSOL;PT;REDE;REPUBLICANOS;UNIAO,MDB;PCdoB;PDT;PP;PSB;PSD;PSOL;PT;REDE;REPUBLICANOS;UNIAO,,,,established,,,
2025-07-16,lula_3,lula_3-2024-12-06,lula_3-2025-05-05,primary_adjudicated,MDB;PCdoB;PDT;PP;PSB;PSD;PSOL;PT;REDE;REPUBLICANOS;UNIAO,MDB;PCdoB;PDT;PP;PSB;PSD;PSOL;PT;REDE;REPUBLICANOS;UNIAO,MDB;PCdoB;PDT;PP;PSB;PSD;PSOL;PT;REDE;REPUBLICANOS;UNIAO,,,,established,,,
2025-07-17,lula_3,lula_3-2024-12-06,lula_3-2025-05-05,primary_adjudicated,MDB;PCdoB;PDT;PP;PSB;PSD;PSOL;PT;REDE;REPUBLICANOS;UNIAO,MDB;PCdoB;PDT;PP;PSB;PSD;PSOL;PT;REDE;REPUBLICANOS;UNIAO,MDB;PCdoB;PDT;PP;PSB;PSD;PSOL;PT;REDE;REPUBLICANOS;UNIAO,,,,established,,,
2025-07-18,lula_3,lula_3-2024-12-06,lula_3-2025-05-05,primary_adjudicated,MDB;PCdoB;PDT;PP;PSB;PSD;PSOL;PT;REDE;REPUBLICANOS;UNIAO,MDB;PCdoB;PDT;PP;PSB;PSD;PSOL;PT;REDE;REPUBLICANOS;UNIAO,MDB;PCdoB;PDT;PP;PSB;PSD;PSOL;PT;REDE;REPUBLICANOS;UNIAO,,,,established,,,
2025-07-19,lula_3,lula_3-2024-12-06,lula_3-2025-05-05,primary_adjudicated,MDB;PCdoB;PDT;PP;PSB;PSD;PSOL;PT;REDE;REPUBLICANOS;UNIAO,MDB;PCdoB;PDT;PP;PSB;PSD;PSOL;PT;REDE;REPUBLICANOS;UNIAO,MDB;PCdoB;PDT;PP;PSB;PSD;PSOL;PT;REDE;REPUBLICANOS;UNIAO,,,,established,,,
2025-07-20,lula_3,lula_3-2024-12-06,lula_3-2025-05-05,primary_adjudicated,MDB;PCdoB;PDT;PP;PSB;PSD;PSOL;PT;REDE;REPUBLICANOS;UNIAO,MDB;PCdoB;PDT;PP;PSB;PSD;PSOL;PT;REDE;REPUBLICANOS;UNIAO,MDB;PCdoB;PDT;PP;PSB;PSD;PSOL;PT;REDE;REPUBLICANOS;UNIAO,,,,established,,,
2025-07-21,lula_3,lula_3-2024-12-06,lula_3-2025-05-05,primary_adjudicated,MDB;PCdoB;PDT;PP;PSB;PSD;PSOL;PT;REDE;REPUBLICANOS;UNIAO,MDB;PCdoB;PDT;PP;PSB;PSD;PSOL;PT;REDE;REPUBLICANOS;UNIAO,MDB;PCdoB;PDT;PP;PSB;PSD;PSOL;PT;REDE;REPUBLICANOS;UNIAO,,,,established,,,
2025-07-22,lula_3,lula_3-2024-12-06,lula_3-2025-05-05,primary_adjudicated,MDB;PCdoB;PDT;PP;PSB;PSD;PSOL;PT;REDE;REPUBLICANOS;UNIAO,MDB;PCdoB;PDT;PP;PSB;PSD;PSOL;PT;REDE;REPUBLICANOS;UNIAO,MDB;PCdoB;PDT;PP;PSB;PSD;PSOL;PT;REDE;REPUBLICANOS;UNIAO,,,,established,,,
2025-07-23,lula_3,lula_3-2024-12-06,lula_3-2025-05-05,primary_adjudicated,MDB;PCdoB;PDT;PP;PSB;PSD;PSOL;PT;REDE;REPUBLICANOS;UNIAO,MDB;PCdoB;PDT;PP;PSB;PSD;PSOL;PT;REDE;REPUBLICANOS;UNIAO,MDB;PCdoB;PDT;PP;PSB;PSD;PSOL;PT;REDE;REPUBLICANOS;UNIAO,,,,established,,,
2025-07-24,lula_3,lula_3-2024-12-06,lula_3-2025-05-05,primary_adjudicated,MDB;PCdoB;PDT;PP;PSB;PSD;PSOL;PT;REDE;REPUBLICANOS;UNIAO,MDB;PCdoB;PDT;PP;PSB;PSD;PSOL;PT;REDE;REPUBLICANOS;UNIAO,MDB;PCdoB;PDT;PP;PSB;PSD;PSOL;PT;REDE;REPUBLICANOS;UNIAO,,,,established,,,
2025-07-25,lula_3,lula_3-2024-12-06,lula_3-2025-05-05,primary_adjudicated,MDB;PCdoB;PDT;PP;PSB;PSD;PSOL;PT;REDE;REPUBLICANOS;UNIAO,MDB;PCdoB;PDT;PP;PSB;PSD;PSOL;PT;REDE;REPUBLICANOS;UNIAO,MDB;PCdoB;PDT;PP;PSB;PSD;PSOL;PT;REDE;REPUBLICANOS;UNIAO,,,,established,,,
2025-07-26,lula_3,lula_3-2024-12-06,lula_3-2025-05-05,primary_adjudicated,MDB;PCdoB;PDT;PP;PSB;PSD;PSOL;PT;REDE;REPUBLICANOS;UNIAO,MDB;PCdoB;PDT;PP;PSB;PSD;PSOL;PT;REDE;REPUBLICANOS;UNIAO,MDB;PCdoB;PDT;PP;PSB;PSD;PSOL;PT;REDE;REPUBLICANOS;UNIAO,,,,established,,,
2025-07-27,lula_3,lula_3-2024-12-06,lula_3-2025-05-05,primary_adjudicated,MDB;PCdoB;PDT;PP;PSB;PSD;PSOL;PT;REDE;REPUBLICANOS;UNIAO,MDB;PCdoB;PDT;PP;PSB;PSD;PSOL;PT;REDE;REPUBLICANOS;UNIAO,MDB;PCdoB;PDT;PP;PSB;PSD;PSOL;PT;REDE;REPUBLICANOS;UNIAO,,,,established,,,
2025-07-28,lula_3,lula_3-2024-12-06,lula_3-2025-05-05,primary_adjudicated,MDB;PCdoB;PDT;PP;PSB;PSD;PSOL;PT;REDE;REPUBLICANOS;UNIAO,MDB;PCdoB;PDT;PP;PSB;PSD;PSOL;PT;REDE;REPUBLICANOS;UNIAO,MDB;PCdoB;PDT;PP;PSB;PSD;PSOL;PT;REDE;REPUBLICANOS;UNIAO,,,,established,,,
2025-07-29,lula_3,lula_3-2024-12-06,lula_3-2025-05-05,primary_adjudicated,MDB;PCdoB;PDT;PP;PSB;PSD;PSOL;PT;REDE;REPUBLICANOS;UNIAO,MDB;PCdoB;PDT;PP;PSB;PSD;PSOL;PT;REDE;REPUBLICANOS;UNIAO,MDB;PCdoB;PDT;PP;PSB;PSD;PSOL;PT;REDE;REPUBLICANOS;UNIAO,,,,established,,,
2025-07-30,lula_3,lula_3-2024-12-06,lula_3-2025-05-05,primary_adjudicated,MDB;PCdoB;PDT;PP;PSB;PSD;PSOL;PT;REDE;REPUBLICANOS;UNIAO,MDB;PCdoB;PDT;PP;PSB;PSD;PSOL;PT;REDE;REPUBLICANOS;UNIAO,MDB;PCdoB;PDT;PP;PSB;PSD;PSOL;PT;REDE;REPUBLICANOS;UNIAO,,,,established,,,
2025-07-31,lula_3,lula_3-2024-12-06,lula_3-2025-05-05,primary_adjudicated,MDB;PCdoB;PDT;PP;PSB;PSD;PSOL;PT;REDE;REPUBLICANOS;UNIAO,MDB;PCdoB;PDT;PP;PSB;PSD;PSOL;PT;REDE;REPUBLICANOS;UNIAO,MDB;PCdoB;PDT;PP;PSB;PSD;PSOL;PT;REDE;REPUBLICANOS;UNIAO,,,,established,,,
2025-08-01,lula_3,lula_3-2024-12-06,lula_3-2025-05-05,primary_adjudicated,MDB;PCdoB;PDT;PP;PSB;PSD;PSOL;PT;REDE;REPUBLICANOS;UNIAO,MDB;PCdoB;PDT;PP;PSB;PSD;PSOL;PT;REDE;REPUBLICANOS;UNIAO,MDB;PCdoB;PDT;PP;PSB;PSD;PSOL;PT;REDE;REPUBLICANOS;UNIAO,,,,established,,,
2025-08-02,lula_3,lula_3-2024-12-06,lula_3-2025-05-05,primary_adjudicated,MDB;PCdoB;PDT;PP;PSB;PSD;PSOL;PT;REDE;REPUBLICANOS;UNIAO,MDB;PCdoB;PDT;PP;PSB;PSD;PSOL;PT;REDE;REPUBLICANOS;UNIAO,MDB;PCdoB;PDT;PP;PSB;PSD;PSOL;PT;REDE;REPUBLICANOS;UNIAO,,,,established,,,
2025-08-03,lula_3,lula_3-2024-12-06,lula_3-2025-05-05,primary_adjudicated,MDB;PCdoB;PDT;PP;PSB;PSD;PSOL;PT;REDE;REPUBLICANOS;UNIAO,MDB;PCdoB;PDT;PP;PSB;PSD;PSOL;PT;REDE;REPUBLICANOS;UNIAO,MDB;PCdoB;PDT;PP;PSB;PSD;PSOL;PT;REDE;REPUBLICANOS;UNIAO,,,,established,,,
2025-08-04,lula_3,lula_3-2024-12-06,lula_3-2025-05-05,primary_adjudicated,MDB;PCdoB;PDT;PP;PSB;PSD;PSOL;PT;REDE;REPUBLICANOS;UNIAO,MDB;PCdoB;PDT;PP;PSB;PSD;PSOL;PT;REDE;REPUBLICANOS;UNIAO,MDB;PCdoB;PDT;PP;PSB;PSD;PSOL;PT;REDE;REPUBLICANOS;UNIAO,,,,established,,,
2025-08-05,lula_3,lula_3-2024-12-06,lula_3-2025-05-05,primary_adjudicated,MDB;PCdoB;PDT;PP;PSB;PSD;PSOL;PT;REDE;REPUBLICANOS;UNIAO,MDB;PCdoB;PDT;PP;PSB;PSD;PSOL;PT;REDE;REPUBLICANOS;UNIAO,MDB;PCdoB;PDT;PP;PSB;PSD;PSOL;PT;REDE;REPUBLICANOS;UNIAO,,,,established,,,
2025-08-06,lula_3,lula_3-2024-12-06,lula_3-2025-05-05,primary_adjudicated,MDB;PCdoB;PDT;PP;PSB;PSD;PSOL;PT;REDE;REPUBLICANOS;UNIAO,MDB;PCdoB;PDT;PP;PSB;PSD;PSOL;PT;REDE;REPUBLICANOS;UNIAO,MDB;PCdoB;PDT;PP;PSB;PSD;PSOL;PT;REDE;REPUBLICANOS;UNIAO,,,,established,,,
2025-08-07,lula_3,lula_3-2024-12-06,lula_3-2025-05-05,primary_adjudicated,MDB;PCdoB;PDT;PP;PSB;PSD;PSOL;PT;REDE;REPUBLICANOS;UNIAO,MDB;PCdoB;PDT;PP;PSB;PSD;PSOL;PT;REDE;REPUBLICANOS;UNIAO,MDB;PCdoB;PDT;PP;PSB;PSD;PSOL;PT;REDE;REPUBLICANOS;UNIAO,,,,established,,,
2025-08-08,lula_3,lula_3-2024-12-06,lula_3-2025-05-05,primary_adjudicated,MDB;PCdoB;PDT;PP;PSB;PSD;PSOL;PT;REDE;REPUBLICANOS;UNIAO,MDB;PCdoB;PDT;PP;PSB;PSD;PSOL;PT;REDE;REPUBLICANOS;UNIAO,MDB;PCdoB;PDT;PP;PSB;PSD;PSOL;PT;REDE;REPUBLICANOS;UNIAO,,,,established,,,
2025-08-09,lula_3,lula_3-2024-12-06,lula_3-2025-05-05,primary_adjudicated,MDB;PCdoB;PDT;PP;PSB;PSD;PSOL;PT;REDE;REPUBLICANOS;UNIAO,MDB;PCdoB;PDT;PP;PSB;PSD;PSOL;PT;REDE;REPUBLICANOS;UNIAO,MDB;PCdoB;PDT;PP;PSB;PSD;PSOL;PT;REDE;REPUBLICANOS;UNIAO,,,,established,,,
2025-08-10,lula_3,lula_3-2024-12-06,lula_3-2025-05-05,primary_adjudicated,MDB;PCdoB;PDT;PP;PSB;PSD;PSOL;PT;REDE;REPUBLICANOS;UNIAO,MDB;PCdoB;PDT;PP;PSB;PSD;PSOL;PT;REDE;REPUBLICANOS;UNIAO,MDB;PCdoB;PDT;PP;PSB;PSD;PSOL;PT;REDE;REPUBLICANOS;UNIAO,,,,established,,,
2025-08-11,lula_3,lula_3-2024-12-06,lula_3-2025-05-05,primary_adjudicated,MDB;PCdoB;PDT;PP;PSB;PSD;PSOL;PT;REDE;REPUBLICANOS;UNIAO,MDB;PCdoB;PDT;PP;PSB;PSD;PSOL;PT;REDE;REPUBLICANOS;UNIAO,MDB;PCdoB;PDT;PP;PSB;PSD;PSOL;PT;REDE;REPUBLICANOS;UNIAO,,,,established,,,
2025-08-12,lula_3,lula_3-2024-12-06,lula_3-2025-05-05,primary_adjudicated,MDB;PCdoB;PDT;PP;PSB;PSD;PSOL;PT;REDE;REPUBLICANOS;UNIAO,MDB;PCdoB;PDT;PP;PSB;PSD;PSOL;PT;REDE;REPUBLICANOS;UNIAO,MDB;PCdoB;PDT;PP;PSB;PSD;PSOL;PT;REDE;REPUBLICANOS;UNIAO,,,,established,,,
2025-08-13,lula_3,lula_3-2024-12-06,lula_3-2025-05-05,primary_adjudicated,MDB;PCdoB;PDT;PP;PSB;PSD;PSOL;PT;REDE;REPUBLICANOS;UNIAO,MDB;PCdoB;PDT;PP;PSB;PSD;PSOL;PT;REDE;REPUBLICANOS;UNIAO,MDB;PCdoB;PDT;PP;PSB;PSD;PSOL;PT;REDE;REPUBLICANOS;UNIAO,,,,established,,,
2025-08-14,lula_3,lula_3-2024-12-06,lula_3-2025-05-05,primary_adjudicated,MDB;PCdoB;PDT;PP;PSB;PSD;PSOL;PT;REDE;REPUBLICANOS;UNIAO,MDB;PCdoB;PDT;PP;PSB;PSD;PSOL;PT;REDE;REPUBLICANOS;UNIAO,MDB;PCdoB;PDT;PP;PSB;PSD;PSOL;PT;REDE;REPUBLICANOS;UNIAO,,,,established,,,
2025-08-15,lula_3,lula_3-2024-12-06,lula_3-2025-05-05,primary_adjudicated,MDB;PCdoB;PDT;PP;PSB;PSD;PSOL;PT;REDE;REPUBLICANOS;UNIAO,MDB;PCdoB;PDT;PP;PSB;PSD;PSOL;PT;REDE;REPUBLICANOS;UNIAO,MDB;PCdoB;PDT;PP;PSB;PSD;PSOL;PT;REDE;REPUBLICANOS;UNIAO,,,,established,,,
2025-08-16,lula_3,lula_3-2024-12-06,lula_3-2025-05-05,primary_adjudicated,MDB;PCdoB;PDT;PP;PSB;PSD;PSOL;PT;REDE;REPUBLICANOS;UNIAO,MDB;PCdoB;PDT;PP;PSB;PSD;PSOL;PT;REDE;REPUBLICANOS;UNIAO,MDB;PCdoB;PDT;PP;PSB;PSD;PSOL;PT;REDE;REPUBLICANOS;UNIAO,,,,established,,,
2025-08-17,lula_3,lula_3-2024-12-06,lula_3-2025-05-05,primary_adjudicated,MDB;PCdoB;PDT;PP;PSB;PSD;PSOL;PT;REDE;REPUBLICANOS;UNIAO,MDB;PCdoB;PDT;PP;PSB;PSD;PSOL;PT;REDE;REPUBLICANOS;UNIAO,MDB;PCdoB;PDT;PP;PSB;PSD;PSOL;PT;REDE;REPUBLICANOS;UNIAO,,,,established,,,
2025-08-18,lula_3,lula_3-2024-12-06,lula_3-2025-05-05,primary_adjudicated,MDB;PCdoB;PDT;PP;PSB;PSD;PSOL;PT;REDE;REPUBLICANOS;UNIAO,MDB;PCdoB;PDT;PP;PSB;PSD;PSOL;PT;REDE;REPUBLICANOS;UNIAO,MDB;PCdoB;PDT;PP;PSB;PSD;PSOL;PT;REDE;REPUBLICANOS;UNIAO,,,,established,,,
2025-08-19,lula_3,lula_3-2024-12-06,lula_3-2025-05-05,primary_adjudicated,MDB;PCdoB;PDT;PP;PSB;PSD;PSOL;PT;REDE;REPUBLICANOS;UNIAO,MDB;PCdoB;PDT;PP;PSB;PSD;PSOL;PT;REDE;REPUBLICANOS;UNIAO,MDB;PCdoB;PDT;PP;PSB;PSD;PSOL;PT;REDE;REPUBLICANOS;UNIAO,,,,established,,,
2025-08-20,lula_3,lula_3-2024-12-06,lula_3-2025-05-05,primary_adjudicated,MDB;PCdoB;PDT;PP;PSB;PSD;PSOL;PT;REDE;REPUBLICANOS;UNIAO,MDB;PCdoB;PDT;PP;PSB;PSD;PSOL;PT;REDE;REPUBLICANOS;UNIAO,MDB;PCdoB;PDT;PP;PSB;PSD;PSOL;PT;REDE;REPUBLICANOS;UNIAO,,,,established,,,
2025-08-21,lula_3,lula_3-2024-12-06,lula_3-2025-05-05,primary_adjudicated,MDB;PCdoB;PDT;PP;PSB;PSD;PSOL;PT;REDE;REPUBLICANOS;UNIAO,MDB;PCdoB;PDT;PP;PSB;PSD;PSOL;PT;REDE;REPUBLICANOS;UNIAO,MDB;PCdoB;PDT;PP;PSB;PSD;PSOL;PT;REDE;REPUBLICANOS;UNIAO,,,,established,,,
2025-08-22,lula_3,lula_3-2024-12-06,lula_3-2025-05-05,primary_adjudicated,MDB;PCdoB;PDT;PP;PSB;PSD;PSOL;PT;REDE;REPUBLICANOS;UNIAO,MDB;PCdoB;PDT;PP;PSB;PSD;PSOL;PT;REDE;REPUBLICANOS;UNIAO,MDB;PCdoB;PDT;PP;PSB;PSD;PSOL;PT;REDE;REPUBLICANOS;UNIAO,,,,established,,,
2025-08-23,lula_3,lula_3-2024-12-06,lula_3-2025-05-05,primary_adjudicated,MDB;PCdoB;PDT;PP;PSB;PSD;PSOL;PT;REDE;REPUBLICANOS;UNIAO,MDB;PCdoB;PDT;PP;PSB;PSD;PSOL;PT;REDE;REPUBLICANOS;UNIAO,MDB;PCdoB;PDT;PP;PSB;PSD;PSOL;PT;REDE;REPUBLICANOS;UNIAO,,,,established,,,
2025-08-24,lula_3,lula_3-2024-12-06,lula_3-2025-05-05,primary_adjudicated,MDB;PCdoB;PDT;PP;PSB;PSD;PSOL;PT;REDE;REPUBLICANOS;UNIAO,MDB;PCdoB;PDT;PP;PSB;PSD;PSOL;PT;REDE;REPUBLICANOS;UNIAO,MDB;PCdoB;PDT;PP;PSB;PSD;PSOL;PT;REDE;REPUBLICANOS;UNIAO,,,,established,,,
2025-08-25,lula_3,lula_3-2024-12-06,lula_3-2025-05-05,primary_adjudicated,MDB;PCdoB;PDT;PP;PSB;PSD;PSOL;PT;REDE;REPUBLICANOS;UNIAO,MDB;PCdoB;PDT;PP;PSB;PSD;PSOL;PT;REDE;REPUBLICANOS;UNIAO,MDB;PCdoB;PDT;PP;PSB;PSD;PSOL;PT;REDE;REPUBLICANOS;UNIAO,,,,established,,,
2025-08-26,lula_3,lula_3-2024-12-06,lula_3-2025-05-05,primary_adjudicated,MDB;PCdoB;PDT;PP;PSB;PSD;PSOL;PT;REDE;REPUBLICANOS;UNIAO,MDB;PCdoB;PDT;PP;PSB;PSD;PSOL;PT;REDE;REPUBLICANOS;UNIAO,MDB;PCdoB;PDT;PP;PSB;PSD;PSOL;PT;REDE;REPUBLICANOS;UNIAO,,,,established,,,
2025-08-27,lula_3,lula_3-2024-12-06,lula_3-2025-05-05,primary_adjudicated,MDB;PCdoB;PDT;PP;PSB;PSD;PSOL;PT;REDE;REPUBLICANOS;UNIAO,MDB;PCdoB;PDT;PP;PSB;PSD;PSOL;PT;REDE;REPUBLICANOS;UNIAO,MDB;PCdoB;PDT;PP;PSB;PSD;PSOL;PT;REDE;REPUBLICANOS;UNIAO,,,,established,,,
2025-08-28,lula_3,lula_3-2024-12-06,lula_3-2025-05-05,primary_adjudicated,MDB;PCdoB;PDT;PP;PSB;PSD;PSOL;PT;REDE;REPUBLICANOS;UNIAO,MDB;PCdoB;PDT;PP;PSB;PSD;PSOL;PT;REDE;REPUBLICANOS;UNIAO,MDB;PCdoB;PDT;PP;PSB;PSD;PSOL;PT;REDE;REPUBLICANOS;UNIAO,,,,established,,,
2025-08-29,lula_3,lula_3-2024-12-06,lula_3-2025-05-05,primary_adjudicated,MDB;PCdoB;PDT;PP;PSB;PSD;PSOL;PT;REDE;REPUBLICANOS;UNIAO,MDB;PCdoB;PDT;PP;PSB;PSD;PSOL;PT;REDE;REPUBLICANOS;UNIAO,MDB;PCdoB;PDT;PP;PSB;PSD;PSOL;PT;REDE;REPUBLICANOS;UNIAO,,,,established,,,
2025-08-30,lula_3,lula_3-2024-12-06,lula_3-2025-05-05,primary_adjudicated,MDB;PCdoB;PDT;PP;PSB;PSD;PSOL;PT;REDE;REPUBLICANOS;UNIAO,MDB;PCdoB;PDT;PP;PSB;PSD;PSOL;PT;REDE;REPUBLICANOS;UNIAO,MDB;PCdoB;PDT;PP;PSB;PSD;PSOL;PT;REDE;REPUBLICANOS;UNIAO,,,,established,,,
2025-08-31,lula_3,lula_3-2024-12-06,lula_3-2025-05-05,primary_adjudicated,MDB;PCdoB;PDT;PP;PSB;PSD;PSOL;PT;REDE;REPUBLICANOS;UNIAO,MDB;PCdoB;PDT;PP;PSB;PSD;PSOL;PT;REDE;REPUBLICANOS;UNIAO,MDB;PCdoB;PDT;PP;PSB;PSD;PSOL;PT;REDE;REPUBLICANOS;UNIAO,,,,established,,,
2025-09-01,lula_3,lula_3-2024-12-06,lula_3-2025-05-05,primary_adjudicated,MDB;PCdoB;PDT;PP;PSB;PSD;PSOL;PT;REDE;REPUBLICANOS;UNIAO,MDB;PCdoB;PDT;PP;PSB;PSD;PSOL;PT;REDE;REPUBLICANOS;UNIAO,MDB;PCdoB;PDT;PP;PSB;PSD;PSOL;PT;REDE;REPUBLICANOS;UNIAO,,,,established,,,
2025-09-02,lula_3,lula_3-2024-12-06,lula_3-2025-05-05,primary_adjudicated,MDB;PCdoB;PDT;PP;PSB;PSD;PSOL;PT;REDE;REPUBLICANOS;UNIAO,MDB;PCdoB;PDT;PP;PSB;PSD;PSOL;PT;REDE;REPUBLICANOS;UNIAO,MDB;PCdoB;PDT;PP;PSB;PSD;PSOL;PT;REDE;REPUBLICANOS;UNIAO,,,,established,,,
2025-09-03,lula_3,lula_3-2024-12-06,lula_3-2025-05-05,primary_adjudicated,MDB;PCdoB;PDT;PP;PSB;PSD;PSOL;PT;REDE;REPUBLICANOS;UNIAO,MDB;PCdoB;PDT;PP;PSB;PSD;PSOL;PT;REDE;REPUBLICANOS;UNIAO,MDB;PCdoB;PDT;PP;PSB;PSD;PSOL;PT;REDE;REPUBLICANOS;UNIAO,,,,established,,,
2025-09-04,lula_3,lula_3-2024-12-06,lula_3-2025-05-05,primary_adjudicated,MDB;PCdoB;PDT;PP;PSB;PSD;PSOL;PT;REDE;REPUBLICANOS;UNIAO,MDB;PCdoB;PDT;PP;PSB;PSD;PSOL;PT;REDE;REPUBLICANOS;UNIAO,MDB;PCdoB;PDT;PP;PSB;PSD;PSOL;PT;REDE;REPUBLICANOS;UNIAO,,,,established,,,
2025-09-05,lula_3,lula_3-2024-12-06,lula_3-2025-05-05,primary_adjudicated,MDB;PCdoB;PDT;PP;PSB;PSD;PSOL;PT;REDE;REPUBLICANOS;UNIAO,MDB;PCdoB;PDT;PP;PSB;PSD;PSOL;PT;REDE;REPUBLICANOS;UNIAO,MDB;PCdoB;PDT;PP;PSB;PSD;PSOL;PT;REDE;REPUBLICANOS;UNIAO,,,,established,,,
2025-09-06,lula_3,lula_3-2024-12-06,lula_3-2025-05-05,primary_adjudicated,MDB;PCdoB;PDT;PP;PSB;PSD;PSOL;PT;REDE;REPUBLICANOS;UNIAO,MDB;PCdoB;PDT;PP;PSB;PSD;PSOL;PT;REDE;REPUBLICANOS;UNIAO,MDB;PCdoB;PDT;PP;PSB;PSD;PSOL;PT;REDE;REPUBLICANOS;UNIAO,,,,established,,,
2025-09-07,lula_3,lula_3-2024-12-06,lula_3-2025-05-05,primary_adjudicated,MDB;PCdoB;PDT;PP;PSB;PSD;PSOL;PT;REDE;REPUBLICANOS;UNIAO,MDB;PCdoB;PDT;PP;PSB;PSD;PSOL;PT;REDE;REPUBLICANOS;UNIAO,MDB;PCdoB;PDT;PP;PSB;PSD;PSOL;PT;REDE;REPUBLICANOS;UNIAO,,,,established,,,
2025-09-08,lula_3,lula_3-2024-12-06,lula_3-2025-05-05,primary_adjudicated,MDB;PCdoB;PDT;PP;PSB;PSD;PSOL;PT;REDE;REPUBLICANOS;UNIAO,MDB;PCdoB;PDT;PP;PSB;PSD;PSOL;PT;REDE;REPUBLICANOS;UNIAO,MDB;PCdoB;PDT;PP;PSB;PSD;PSOL;PT;REDE;REPUBLICANOS;UNIAO,,,,established,,,
2025-09-09,lula_3,lula_3-2024-12-06,lula_3-2025-05-05,primary_adjudicated,MDB;PCdoB;PDT;PP;PSB;PSD;PSOL;PT;REDE;REPUBLICANOS;UNIAO,MDB;PCdoB;PDT;PP;PSB;PSD;PSOL;PT;REDE;REPUBLICANOS;UNIAO,MDB;PCdoB;PDT;PP;PSB;PSD;PSOL;PT;REDE;REPUBLICANOS;UNIAO,,,,established,,,
2025-09-10,lula_3,lula_3-2024-12-06,lula_3-2025-05-05,primary_adjudicated,MDB;PCdoB;PDT;PP;PSB;PSD;PSOL;PT;REDE;REPUBLICANOS;UNIAO,MDB;PCdoB;PDT;PP;PSB;PSD;PSOL;PT;REDE;REPUBLICANOS;UNIAO,MDB;PCdoB;PDT;PP;PSB;PSD;PSOL;PT;REDE;REPUBLICANOS;UNIAO,,,,established,,,
2025-09-11,lula_3,lula_3-2024-12-06,lula_3-2025-05-05,primary_adjudicated,MDB;PCdoB;PDT;PP;PSB;PSD;PSOL;PT;REDE;REPUBLICANOS;UNIAO,MDB;PCdoB;PDT;PP;PSB;PSD;PSOL;PT;REDE;REPUBLICANOS;UNIAO,MDB;PCdoB;PDT;PP;PSB;PSD;PSOL;PT;REDE;REPUBLICANOS;UNIAO,,,,established,,,
2025-09-12,lula_3,lula_3-2024-12-06,lula_3-2025-05-05,primary_adjudicated,MDB;PCdoB;PDT;PP;PSB;PSD;PSOL;PT;REDE;REPUBLICANOS;UNIAO,MDB;PCdoB;PDT;PP;PSB;PSD;PSOL;PT;REDE;REPUBLICANOS;UNIAO,MDB;PCdoB;PDT;PP;PSB;PSD;PSOL;PT;REDE;REPUBLICANOS;UNIAO,,,,established,,,
2025-09-13,lula_3,lula_3-2024-12-06,lula_3-2025-05-05,primary_adjudicated,MDB;PCdoB;PDT;PP;PSB;PSD;PSOL;PT;REDE;REPUBLICANOS;UNIAO,MDB;PCdoB;PDT;PP;PSB;PSD;PSOL;PT;REDE;REPUBLICANOS;UNIAO,MDB;PCdoB;PDT;PP;PSB;PSD;PSOL;PT;REDE;REPUBLICANOS;UNIAO,,,,established,,,
2025-09-14,lula_3,lula_3-2024-12-06,lula_3-2025-05-05,primary_adjudicated,MDB;PCdoB;PDT;PP;PSB;PSD;PSOL;PT;REDE;REPUBLICANOS;UNIAO,MDB;PCdoB;PDT;PP;PSB;PSD;PSOL;PT;REDE;REPUBLICANOS;UNIAO,MDB;PCdoB;PDT;PP;PSB;PSD;PSOL;PT;REDE;REPUBLICANOS;UNIAO,,,,established,,,
2025-09-15,lula_3,lula_3-2024-12-06,lula_3-2025-05-05,primary_adjudicated,MDB;PCdoB;PDT;PP;PSB;PSD;PSOL;PT;REDE;REPUBLICANOS;UNIAO,MDB;PCdoB;PDT;PP;PSB;PSD;PSOL;PT;REDE;REPUBLICANOS;UNIAO,MDB;PCdoB;PDT;PP;PSB;PSD;PSOL;PT;REDE;REPUBLICANOS;UNIAO,,,,established,,,
2025-09-16,lula_3,lula_3-2024-12-06,lula_3-2025-05-05,primary_adjudicated,MDB;PCdoB;PDT;PP;PSB;PSD;PSOL;PT;REDE;REPUBLICANOS;UNIAO,MDB;PCdoB;PDT;PP;PSB;PSD;PSOL;PT;REDE;REPUBLICANOS;UNIAO,MDB;PCdoB;PDT;PP;PSB;PSD;PSOL;PT;REDE;REPUBLICANOS;UNIAO,,,,established,,,
2025-09-17,lula_3,lula_3-2024-12-06,lula_3-2025-05-05,primary_adjudicated,MDB;PCdoB;PDT;PP;PSB;PSD;PSOL;PT;REDE;REPUBLICANOS;UNIAO,MDB;PCdoB;PDT;PP;PSB;PSD;PSOL;PT;REDE;REPUBLICANOS;UNIAO,MDB;PCdoB;PDT;PP;PSB;PSD;PSOL;PT;REDE;REPUBLICANOS;UNIAO,,,,established,,,
2025-09-18,lula_3,lula_3-2024-12-06,lula_3-2025-05-05,primary_adjudicated,MDB;PCdoB;PDT;PP;PSB;PSD;PSOL;PT;REDE;REPUBLICANOS;UNIAO,MDB;PCdoB;PDT;PP;PSB;PSD;PSOL;PT;REDE;REPUBLICANOS;UNIAO,MDB;PCdoB;PDT;PP;PSB;PSD;PSOL;PT;REDE;REPUBLICANOS;UNIAO,,,,established,,,
2025-09-19,lula_3,lula_3-2024-12-06,lula_3-2025-05-05,primary_adjudicated,MDB;PCdoB;PDT;PP;PSB;PSD;PSOL;PT;REDE;REPUBLICANOS;UNIAO,MDB;PCdoB;PDT;PP;PSB;PSD;PSOL;PT;REDE;REPUBLICANOS;UNIAO,MDB;PCdoB;PDT;PP;PSB;PSD;PSOL;PT;REDE;REPUBLICANOS;UNIAO,,,,established,,,
2025-09-20,lula_3,lula_3-2024-12-06,lula_3-2025-05-05,primary_adjudicated,MDB;PCdoB;PDT;PP;PSB;PSD;PSOL;PT;REDE;REPUBLICANOS;UNIAO,MDB;PCdoB;PDT;PP;PSB;PSD;PSOL;PT;REDE;REPUBLICANOS;UNIAO,MDB;PCdoB;PDT;PP;PSB;PSD;PSOL;PT;REDE;REPUBLICANOS;UNIAO,,,,established,,,
2025-09-21,lula_3,lula_3-2024-12-06,lula_3-2025-05-05,primary_adjudicated,MDB;PCdoB;PDT;PP;PSB;PSD;PSOL;PT;REDE;REPUBLICANOS;UNIAO,MDB;PCdoB;PDT;PP;PSB;PSD;PSOL;PT;REDE;REPUBLICANOS;UNIAO,MDB;PCdoB;PDT;PP;PSB;PSD;PSOL;PT;REDE;REPUBLICANOS;UNIAO,,,,established,,,
2025-09-22,lula_3,lula_3-2024-12-06,lula_3-2025-05-05,primary_adjudicated,MDB;PCdoB;PDT;PP;PSB;PSD;PSOL;PT;REDE;REPUBLICANOS;UNIAO,MDB;PCdoB;PDT;PP;PSB;PSD;PSOL;PT;REDE;REPUBLICANOS;UNIAO,MDB;PCdoB;PDT;PP;PSB;PSD;PSOL;PT;REDE;REPUBLICANOS;UNIAO,,,,established,,,
2025-09-23,lula_3,lula_3-2024-12-06,lula_3-2025-05-05,primary_adjudicated,MDB;PCdoB;PDT;PP;PSB;PSD;PSOL;PT;REDE;REPUBLICANOS;UNIAO,MDB;PCdoB;PDT;PP;PSB;PSD;PSOL;PT;REDE;REPUBLICANOS;UNIAO,MDB;PCdoB;PDT;PP;PSB;PSD;PSOL;PT;REDE;REPUBLICANOS;UNIAO,,,,established,,,
2025-09-24,lula_3,lula_3-2024-12-06,lula_3-2025-05-05,primary_adjudicated,MDB;PCdoB;PDT;PP;PSB;PSD;PSOL;PT;REDE;REPUBLICANOS;UNIAO,MDB;PCdoB;PDT;PP;PSB;PSD;PSOL;PT;REDE;REPUBLICANOS;UNIAO,MDB;PCdoB;PDT;PP;PSB;PSD;PSOL;PT;REDE;REPUBLICANOS;UNIAO,,,,established,,,
2025-09-25,lula_3,lula_3-2024-12-06,lula_3-2025-05-05,primary_adjudicated,MDB;PCdoB;PDT;PP;PSB;PSD;PSOL;PT;REDE;REPUBLICANOS;UNIAO,MDB;PCdoB;PDT;PP;PSB;PSD;PSOL;PT;REDE;REPUBLICANOS;UNIAO,MDB;PCdoB;PDT;PP;PSB;PSD;PSOL;PT;REDE;REPUBLICANOS;UNIAO,,,,established,,,
2025-09-26,lula_3,lula_3-2024-12-06,lula_3-2025-05-05,primary_adjudicated,MDB;PCdoB;PDT;PP;PSB;PSD;PSOL;PT;REDE;REPUBLICANOS;UNIAO,MDB;PCdoB;PDT;PP;PSB;PSD;PSOL;PT;REDE;REPUBLICANOS;UNIAO,MDB;PCdoB;PDT;PP;PSB;PSD;PSOL;PT;REDE;REPUBLICANOS;UNIAO,,,,established,,,
2025-09-27,lula_3,lula_3-2024-12-06,lula_3-2025-05-05,primary_adjudicated,MDB;PCdoB;PDT;PP;PSB;PSD;PSOL;PT;REDE;REPUBLICANOS;UNIAO,MDB;PCdoB;PDT;PP;PSB;PSD;PSOL;PT;REDE;REPUBLICANOS;UNIAO,MDB;PCdoB;PDT;PP;PSB;PSD;PSOL;PT;REDE;REPUBLICANOS;UNIAO,,,,established,,,
2025-09-28,lula_3,lula_3-2024-12-06,lula_3-2025-05-05,primary_adjudicated,MDB;PCdoB;PDT;PP;PSB;PSD;PSOL;PT;REDE;REPUBLICANOS;UNIAO,MDB;PCdoB;PDT;PP;PSB;PSD;PSOL;PT;REDE;REPUBLICANOS;UNIAO,MDB;PCdoB;PDT;PP;PSB;PSD;PSOL;PT;REDE;REPUBLICANOS;UNIAO,,,,established,,,
2025-09-29,lula_3,lula_3-2024-12-06,lula_3-2025-05-05,primary_adjudicated,MDB;PCdoB;PDT;PP;PSB;PSD;PSOL;PT;REDE;REPUBLICANOS;UNIAO,MDB;PCdoB;PDT;PP;PSB;PSD;PSOL;PT;REDE;REPUBLICANOS;UNIAO,MDB;PCdoB;PDT;PP;PSB;PSD;PSOL;PT;REDE;REPUBLICANOS;UNIAO,,,,established,,,
2025-09-30,lula_3,lula_3-2024-12-06,lula_3-2025-05-05,primary_adjudicated,MDB;PCdoB;PDT;PP;PSB;PSD;PSOL;PT;REDE;REPUBLICANOS;UNIAO,MDB;PCdoB;PDT;PP;PSB;PSD;PSOL;PT;REDE;REPUBLICANOS;UNIAO,MDB;PCdoB;PDT;PP;PSB;PSD;PSOL;PT;REDE;REPUBLICANOS;UNIAO,,,,established,,,
2025-10-01,lula_3,lula_3-2024-12-06,lula_3-2025-05-05,primary_adjudicated,MDB;PCdoB;PDT;PP;PSB;PSD;PSOL;PT;REDE;REPUBLICANOS;UNIAO,MDB;PCdoB;PDT;PP;PSB;PSD;PSOL;PT;REDE;REPUBLICANOS;UNIAO,MDB;PCdoB;PDT;PP;PSB;PSD;PSOL;PT;REDE;REPUBLICANOS;UNIAO,,,,established,,,
2025-10-02,lula_3,lula_3-2024-12-06,lula_3-2025-05-05,primary_adjudicated,MDB;PCdoB;PDT;PP;PSB;PSD;PSOL;PT;REDE;REPUBLICANOS;UNIAO,MDB;PCdoB;PDT;PP;PSB;PSD;PSOL;PT;REDE;REPUBLICANOS;UNIAO,MDB;PCdoB;PDT;PP;PSB;PSD;PSOL;PT;REDE;REPUBLICANOS;UNIAO,,,,established,,,
2025-10-03,lula_3,lula_3-2024-12-06,lula_3-2025-05-05,primary_adjudicated,MDB;PCdoB;PDT;PP;PSB;PSD;PSOL;PT;REDE;REPUBLICANOS;UNIAO,MDB;PCdoB;PDT;PP;PSB;PSD;PSOL;PT;REDE;REPUBLICANOS;UNIAO,MDB;PCdoB;PDT;PP;PSB;PSD;PSOL;PT;REDE;REPUBLICANOS;UNIAO,,,,established,,,
2025-10-04,lula_3,lula_3-2024-12-06,lula_3-2025-05-05,primary_adjudicated,MDB;PCdoB;PDT;PP;PSB;PSD;PSOL;PT;REDE;REPUBLICANOS;UNIAO,MDB;PCdoB;PDT;PP;PSB;PSD;PSOL;PT;REDE;REPUBLICANOS;UNIAO,MDB;PCdoB;PDT;PP;PSB;PSD;PSOL;PT;REDE;REPUBLICANOS;UNIAO,,,,established,,,
2025-10-05,lula_3,lula_3-2024-12-06,lula_3-2025-05-05,primary_adjudicated,MDB;PCdoB;PDT;PP;PSB;PSD;PSOL;PT;REDE;REPUBLICANOS;UNIAO,MDB;PCdoB;PDT;PP;PSB;PSD;PSOL;PT;REDE;REPUBLICANOS;UNIAO,MDB;PCdoB;PDT;PP;PSB;PSD;PSOL;PT;REDE;REPUBLICANOS;UNIAO,,,,established,,,
2025-10-06,lula_3,lula_3-2024-12-06,lula_3-2025-05-05,primary_adjudicated,MDB;PCdoB;PDT;PP;PSB;PSD;PSOL;PT;REDE;REPUBLICANOS;UNIAO,MDB;PCdoB;PDT;PP;PSB;PSD;PSOL;PT;REDE;REPUBLICANOS;UNIAO,MDB;PCdoB;PDT;PP;PSB;PSD;PSOL;PT;REDE;REPUBLICANOS;UNIAO,,,,established,,,
2025-10-07,lula_3,lula_3-2024-12-06,lula_3-2025-05-05,primary_adjudicated,MDB;PCdoB;PDT;PP;PSB;PSD;PSOL;PT;REDE;REPUBLICANOS;UNIAO,MDB;PCdoB;PDT;PP;PSB;PSD;PSOL;PT;REDE;REPUBLICANOS;UNIAO,MDB;PCdoB;PDT;PP;PSB;PSD;PSOL;PT;REDE;REPUBLICANOS;UNIAO,,,,established,,,
2025-10-08,lula_3,lula_3-2025-10-08,lula_3-2025-10-08,primary_adjudicated,MDB;PCdoB;PDT;PP;PSB;PSD;PSDB;PSOL;PT;REDE;REPUBLICANOS,MDB;PCdoB;PDT;PP;PSB;PSD;PSDB;PSOL;PT;REDE;REPUBLICANOS,MDB;PCdoB;PDT;PP;PSB;PSD;PSDB;PSOL;PT;REDE;REPUBLICANOS,,,,established,,,
2025-10-09,lula_3,lula_3-2025-10-09,lula_3-2025-10-09,primary_adjudicated,MDB;PCdoB;PDT;PP;PSB;PSD;PSOL;PT;REDE;REPUBLICANOS;UNIAO,MDB;PCdoB;PDT;PP;PSB;PSD;PSOL;PT;REDE;REPUBLICANOS;UNIAO,MDB;PCdoB;PDT;PP;PSB;PSD;PSOL;PT;REDE;REPUBLICANOS;UNIAO,,,,established,,,
2025-10-10,lula_3,lula_3-2025-10-09,lula_3-2025-10-09,primary_adjudicated,MDB;PCdoB;PDT;PP;PSB;PSD;PSOL;PT;REDE;REPUBLICANOS;UNIAO,MDB;PCdoB;PDT;PP;PSB;PSD;PSOL;PT;REDE;REPUBLICANOS;UNIAO,MDB;PCdoB;PDT;PP;PSB;PSD;PSOL;PT;REDE;REPUBLICANOS;UNIAO,,,,established,,,
2025-10-11,lula_3,lula_3-2025-10-09,lula_3-2025-10-09,primary_adjudicated,MDB;PCdoB;PDT;PP;PSB;PSD;PSOL;PT;REDE;REPUBLICANOS;UNIAO,MDB;PCdoB;PDT;PP;PSB;PSD;PSOL;PT;REDE;REPUBLICANOS;UNIAO,MDB;PCdoB;PDT;PP;PSB;PSD;PSOL;PT;REDE;REPUBLICANOS;UNIAO,,,,established,,,
2025-10-12,lula_3,lula_3-2025-10-09,lula_3-2025-10-09,primary_adjudicated,MDB;PCdoB;PDT;PP;PSB;PSD;PSOL;PT;REDE;REPUBLICANOS;UNIAO,MDB;PCdoB;PDT;PP;PSB;PSD;PSOL;PT;REDE;REPUBLICANOS;UNIAO,MDB;PCdoB;PDT;PP;PSB;PSD;PSOL;PT;REDE;REPUBLICANOS;UNIAO,,,,established,,,
2025-10-13,lula_3,lula_3-2025-10-09,lula_3-2025-10-09,primary_adjudicated,MDB;PCdoB;PDT;PP;PSB;PSD;PSOL;PT;REDE;REPUBLICANOS;UNIAO,MDB;PCdoB;PDT;PP;PSB;PSD;PSOL;PT;REDE;REPUBLICANOS;UNIAO,MDB;PCdoB;PDT;PP;PSB;PSD;PSOL;PT;REDE;REPUBLICANOS;UNIAO,,,,established,,,
2025-10-14,lula_3,lula_3-2025-10-09,lula_3-2025-10-09,primary_adjudicated,MDB;PCdoB;PDT;PP;PSB;PSD;PSOL;PT;REDE;REPUBLICANOS;UNIAO,MDB;PCdoB;PDT;PP;PSB;PSD;PSOL;PT;REDE;REPUBLICANOS;UNIAO,MDB;PCdoB;PDT;PP;PSB;PSD;PSOL;PT;REDE;REPUBLICANOS;UNIAO,,,,established,,,
2025-10-15,lula_3,lula_3-2025-10-09,lula_3-2025-10-09,primary_adjudicated,MDB;PCdoB;PDT;PP;PSB;PSD;PSOL;PT;REDE;REPUBLICANOS;UNIAO,MDB;PCdoB;PDT;PP;PSB;PSD;PSOL;PT;REDE;REPUBLICANOS;UNIAO,MDB;PCdoB;PDT;PP;PSB;PSD;PSOL;PT;REDE;REPUBLICANOS;UNIAO,,,,established,,,
2025-10-16,lula_3,lula_3-2025-10-09,lula_3-2025-10-09,primary_adjudicated,MDB;PCdoB;PDT;PP;PSB;PSD;PSOL;PT;REDE;REPUBLICANOS;UNIAO,MDB;PCdoB;PDT;PP;PSB;PSD;PSOL;PT;REDE;REPUBLICANOS;UNIAO,MDB;PCdoB;PDT;PP;PSB;PSD;PSOL;PT;REDE;REPUBLICANOS;UNIAO,,,,established,,,
2025-10-17,lula_3,lula_3-2025-10-09,lula_3-2025-10-09,primary_adjudicated,MDB;PCdoB;PDT;PP;PSB;PSD;PSOL;PT;REDE;REPUBLICANOS;UNIAO,MDB;PCdoB;PDT;PP;PSB;PSD;PSOL;PT;REDE;REPUBLICANOS;UNIAO,MDB;PCdoB;PDT;PP;PSB;PSD;PSOL;PT;REDE;REPUBLICANOS;UNIAO,,,,established,,,
2025-10-18,lula_3,lula_3-2025-10-09,lula_3-2025-10-09,primary_adjudicated,MDB;PCdoB;PDT;PP;PSB;PSD;PSOL;PT;REDE;REPUBLICANOS;UNIAO,MDB;PCdoB;PDT;PP;PSB;PSD;PSOL;PT;REDE;REPUBLICANOS;UNIAO,MDB;PCdoB;PDT;PP;PSB;PSD;PSOL;PT;REDE;REPUBLICANOS;UNIAO,,,,established,,,
2025-10-19,lula_3,lula_3-2025-10-09,lula_3-2025-10-09,primary_adjudicated,MDB;PCdoB;PDT;PP;PSB;PSD;PSOL;PT;REDE;REPUBLICANOS;UNIAO,MDB;PCdoB;PDT;PP;PSB;PSD;PSOL;PT;REDE;REPUBLICANOS;UNIAO,MDB;PCdoB;PDT;PP;PSB;PSD;PSOL;PT;REDE;REPUBLICANOS;UNIAO,,,,established,,,
2025-10-20,lula_3,lula_3-2025-10-09,lula_3-2025-10-09,primary_adjudicated,MDB;PCdoB;PDT;PP;PSB;PSD;PSOL;PT;REDE;REPUBLICANOS;UNIAO,MDB;PCdoB;PDT;PP;PSB;PSD;PSOL;PT;REDE;REPUBLICANOS;UNIAO,MDB;PCdoB;PDT;PP;PSB;PSD;PSOL;PT;REDE;REPUBLICANOS;UNIAO,,,,established,,,
2025-10-21,lula_3,lula_3-2025-10-09,lula_3-2025-10-09,primary_adjudicated,MDB;PCdoB;PDT;PP;PSB;PSD;PSOL;PT;REDE;REPUBLICANOS;UNIAO,MDB;PCdoB;PDT;PP;PSB;PSD;PSOL;PT;REDE;REPUBLICANOS;UNIAO,MDB;PCdoB;PDT;PP;PSB;PSD;PSOL;PT;REDE;REPUBLICANOS;UNIAO,,,,established,,,
2025-10-22,lula_3,lula_3-2025-10-09,lula_3-2025-10-09,primary_adjudicated,MDB;PCdoB;PDT;PP;PSB;PSD;PSOL;PT;REDE;REPUBLICANOS;UNIAO,MDB;PCdoB;PDT;PP;PSB;PSD;PSOL;PT;REDE;REPUBLICANOS;UNIAO,MDB;PCdoB;PDT;PP;PSB;PSD;PSOL;PT;REDE;REPUBLICANOS;UNIAO,,,,established,,,
2025-10-23,lula_3,lula_3-2025-10-09,lula_3-2025-10-09,primary_adjudicated,MDB;PCdoB;PDT;PP;PSB;PSD;PSOL;PT;REDE;REPUBLICANOS;UNIAO,MDB;PCdoB;PDT;PP;PSB;PSD;PSOL;PT;REDE;REPUBLICANOS;UNIAO,MDB;PCdoB;PDT;PP;PSB;PSD;PSOL;PT;REDE;REPUBLICANOS;UNIAO,,,,established,,,
2025-10-24,lula_3,lula_3-2025-10-09,lula_3-2025-10-09,primary_adjudicated,MDB;PCdoB;PDT;PP;PSB;PSD;PSOL;PT;REDE;REPUBLICANOS;UNIAO,MDB;PCdoB;PDT;PP;PSB;PSD;PSOL;PT;REDE;REPUBLICANOS;UNIAO,MDB;PCdoB;PDT;PP;PSB;PSD;PSOL;PT;REDE;REPUBLICANOS;UNIAO,,,,established,,,
2025-10-25,lula_3,lula_3-2025-10-09,lula_3-2025-10-09,primary_adjudicated,MDB;PCdoB;PDT;PP;PSB;PSD;PSOL;PT;REDE;REPUBLICANOS;UNIAO,MDB;PCdoB;PDT;PP;PSB;PSD;PSOL;PT;REDE;REPUBLICANOS;UNIAO,MDB;PCdoB;PDT;PP;PSB;PSD;PSOL;PT;REDE;REPUBLICANOS;UNIAO,,,,established,,,
2025-10-26,lula_3,lula_3-2025-10-09,lula_3-2025-10-09,primary_adjudicated,MDB;PCdoB;PDT;PP;PSB;PSD;PSOL;PT;REDE;REPUBLICANOS;UNIAO,MDB;PCdoB;PDT;PP;PSB;PSD;PSOL;PT;REDE;REPUBLICANOS;UNIAO,MDB;PCdoB;PDT;PP;PSB;PSD;PSOL;PT;REDE;REPUBLICANOS;UNIAO,,,,established,,,
2025-10-27,lula_3,lula_3-2025-10-09,lula_3-2025-10-09,primary_adjudicated,MDB;PCdoB;PDT;PP;PSB;PSD;PSOL;PT;REDE;REPUBLICANOS;UNIAO,MDB;PCdoB;PDT;PP;PSB;PSD;PSOL;PT;REDE;REPUBLICANOS;UNIAO,MDB;PCdoB;PDT;PP;PSB;PSD;PSOL;PT;REDE;REPUBLICANOS;UNIAO,,,,established,,,
2025-10-28,lula_3,lula_3-2025-10-09,lula_3-2025-10-09,primary_adjudicated,MDB;PCdoB;PDT;PP;PSB;PSD;PSOL;PT;REDE;REPUBLICANOS;UNIAO,MDB;PCdoB;PDT;PP;PSB;PSD;PSOL;PT;REDE;REPUBLICANOS;UNIAO,MDB;PCdoB;PDT;PP;PSB;PSD;PSOL;PT;REDE;REPUBLICANOS;UNIAO,,,,established,,,
2025-10-29,lula_3,lula_3-2025-10-09,lula_3-2025-10-29,primary_adjudicated,MDB;PCdoB;PDT;PP;PSB;PSD;PSOL;PT;REDE;REPUBLICANOS;UNIAO,MDB;PCdoB;PDT;PP;PSB;PSD;PSOL;PT;REDE;REPUBLICANOS;UNIAO,MDB;PCdoB;PDT;PP;PSB;PSD;PSOL;PT;REDE;REPUBLICANOS;UNIAO,,,,established,,,
2025-10-30,lula_3,lula_3-2025-10-09,lula_3-2025-10-29,primary_adjudicated,MDB;PCdoB;PDT;PP;PSB;PSD;PSOL;PT;REDE;REPUBLICANOS;UNIAO,MDB;PCdoB;PDT;PP;PSB;PSD;PSOL;PT;REDE;REPUBLICANOS;UNIAO,MDB;PCdoB;PDT;PP;PSB;PSD;PSOL;PT;REDE;REPUBLICANOS;UNIAO,,,,established,,,
2025-10-31,lula_3,lula_3-2025-10-09,lula_3-2025-10-29,primary_adjudicated,MDB;PCdoB;PDT;PP;PSB;PSD;PSOL;PT;REDE;REPUBLICANOS;UNIAO,MDB;PCdoB;PDT;PP;PSB;PSD;PSOL;PT;REDE;REPUBLICANOS;UNIAO,MDB;PCdoB;PDT;PP;PSB;PSD;PSOL;PT;REDE;REPUBLICANOS;UNIAO,,,,established,,,
2025-11-01,lula_3,lula_3-2025-10-09,lula_3-2025-10-29,primary_adjudicated,MDB;PCdoB;PDT;PP;PSB;PSD;PSOL;PT;REDE;REPUBLICANOS;UNIAO,MDB;PCdoB;PDT;PP;PSB;PSD;PSOL;PT;REDE;REPUBLICANOS;UNIAO,MDB;PCdoB;PDT;PP;PSB;PSD;PSOL;PT;REDE;REPUBLICANOS;UNIAO,,,,established,,,
2025-11-02,lula_3,lula_3-2025-10-09,lula_3-2025-10-29,primary_adjudicated,MDB;PCdoB;PDT;PP;PSB;PSD;PSOL;PT;REDE;REPUBLICANOS;UNIAO,MDB;PCdoB;PDT;PP;PSB;PSD;PSOL;PT;REDE;REPUBLICANOS;UNIAO,MDB;PCdoB;PDT;PP;PSB;PSD;PSOL;PT;REDE;REPUBLICANOS;UNIAO,,,,established,,,
2025-11-03,lula_3,lula_3-2025-10-09,lula_3-2025-10-29,primary_adjudicated,MDB;PCdoB;PDT;PP;PSB;PSD;PSOL;PT;REDE;REPUBLICANOS;UNIAO,MDB;PCdoB;PDT;PP;PSB;PSD;PSOL;PT;REDE;REPUBLICANOS;UNIAO,MDB;PCdoB;PDT;PP;PSB;PSD;PSOL;PT;REDE;REPUBLICANOS;UNIAO,,,,established,,,
2025-11-04,lula_3,lula_3-2025-10-09,lula_3-2025-10-29,primary_adjudicated,MDB;PCdoB;PDT;PP;PSB;PSD;PSOL;PT;REDE;REPUBLICANOS;UNIAO,MDB;PCdoB;PDT;PP;PSB;PSD;PSOL;PT;REDE;REPUBLICANOS;UNIAO,MDB;PCdoB;PDT;PP;PSB;PSD;PSOL;PT;REDE;REPUBLICANOS;UNIAO,,,,established,,,
2025-11-05,lula_3,lula_3-2025-10-09,lula_3-2025-10-29,primary_adjudicated,MDB;PCdoB;PDT;PP;PSB;PSD;PSOL;PT;REDE;REPUBLICANOS;UNIAO,MDB;PCdoB;PDT;PP;PSB;PSD;PSOL;PT;REDE;REPUBLICANOS;UNIAO,MDB;PCdoB;PDT;PP;PSB;PSD;PSOL;PT;REDE;REPUBLICANOS;UNIAO,,,,established,,,
2025-11-06,lula_3,lula_3-2025-10-09,lula_3-2025-10-29,primary_adjudicated,MDB;PCdoB;PDT;PP;PSB;PSD;PSOL;PT;REDE;REPUBLICANOS;UNIAO,MDB;PCdoB;PDT;PP;PSB;PSD;PSOL;PT;REDE;REPUBLICANOS;UNIAO,MDB;PCdoB;PDT;PP;PSB;PSD;PSOL;PT;REDE;REPUBLICANOS;UNIAO,,,,established,,,
2025-11-07,lula_3,lula_3-2025-10-09,lula_3-2025-10-29,primary_adjudicated,MDB;PCdoB;PDT;PP;PSB;PSD;PSOL;PT;REDE;REPUBLICANOS;UNIAO,MDB;PCdoB;PDT;PP;PSB;PSD;PSOL;PT;REDE;REPUBLICANOS;UNIAO,MDB;PCdoB;PDT;PP;PSB;PSD;PSOL;PT;REDE;REPUBLICANOS;UNIAO,,,,established,,,
2025-11-08,lula_3,lula_3-2025-10-09,lula_3-2025-10-29,primary_adjudicated,MDB;PCdoB;PDT;PP;PSB;PSD;PSOL;PT;REDE;REPUBLICANOS;UNIAO,MDB;PCdoB;PDT;PP;PSB;PSD;PSOL;PT;REDE;REPUBLICANOS;UNIAO,MDB;PCdoB;PDT;PP;PSB;PSD;PSOL;PT;REDE;REPUBLICANOS;UNIAO,,,,established,,,
2025-11-09,lula_3,lula_3-2025-10-09,lula_3-2025-10-29,primary_adjudicated,MDB;PCdoB;PDT;PP;PSB;PSD;PSOL;PT;REDE;REPUBLICANOS;UNIAO,MDB;PCdoB;PDT;PP;PSB;PSD;PSOL;PT;REDE;REPUBLICANOS;UNIAO,MDB;PCdoB;PDT;PP;PSB;PSD;PSOL;PT;REDE;REPUBLICANOS;UNIAO,,,,established,,,
2025-11-10,lula_3,lula_3-2025-10-09,lula_3-2025-10-29,primary_adjudicated,MDB;PCdoB;PDT;PP;PSB;PSD;PSOL;PT;REDE;REPUBLICANOS;UNIAO,MDB;PCdoB;PDT;PP;PSB;PSD;PSOL;PT;REDE;REPUBLICANOS;UNIAO,MDB;PCdoB;PDT;PP;PSB;PSD;PSOL;PT;REDE;REPUBLICANOS;UNIAO,,,,established,,,
2025-11-11,lula_3,lula_3-2025-10-09,lula_3-2025-10-29,primary_adjudicated,MDB;PCdoB;PDT;PP;PSB;PSD;PSOL;PT;REDE;REPUBLICANOS;UNIAO,MDB;PCdoB;PDT;PP;PSB;PSD;PSOL;PT;REDE;REPUBLICANOS;UNIAO,MDB;PCdoB;PDT;PP;PSB;PSD;PSOL;PT;REDE;REPUBLICANOS;UNIAO,,,,established,,,
2025-11-12,lula_3,lula_3-2025-10-09,lula_3-2025-10-29,primary_adjudicated,MDB;PCdoB;PDT;PP;PSB;PSD;PSOL;PT;REDE;REPUBLICANOS;UNIAO,MDB;PCdoB;PDT;PP;PSB;PSD;PSOL;PT;REDE;REPUBLICANOS;UNIAO,MDB;PCdoB;PDT;PP;PSB;PSD;PSOL;PT;REDE;REPUBLICANOS;UNIAO,,,,established,,,
2025-11-13,lula_3,lula_3-2025-11-13,lula_3-2025-11-13,primary_adjudicated,MDB;PCdoB;PDT;PP;PSB;PSD;PSDB;PSOL;PT;REDE;REPUBLICANOS,MDB;PCdoB;PDT;PP;PSB;PSD;PSDB;PSOL;PT;REDE;REPUBLICANOS,MDB;PCdoB;PDT;PP;PSB;PSD;PSDB;PSOL;PT;REDE;REPUBLICANOS,,,,established,,,
2025-11-14,lula_3,lula_3-2025-11-13,lula_3-2025-11-13,primary_adjudicated,MDB;PCdoB;PDT;PP;PSB;PSD;PSDB;PSOL;PT;REDE;REPUBLICANOS,MDB;PCdoB;PDT;PP;PSB;PSD;PSDB;PSOL;PT;REDE;REPUBLICANOS,MDB;PCdoB;PDT;PP;PSB;PSD;PSDB;PSOL;PT;REDE;REPUBLICANOS,,,,established,,,
2025-11-15,lula_3,lula_3-2025-11-13,lula_3-2025-11-13,primary_adjudicated,MDB;PCdoB;PDT;PP;PSB;PSD;PSDB;PSOL;PT;REDE;REPUBLICANOS,MDB;PCdoB;PDT;PP;PSB;PSD;PSDB;PSOL;PT;REDE;REPUBLICANOS,MDB;PCdoB;PDT;PP;PSB;PSD;PSDB;PSOL;PT;REDE;REPUBLICANOS,,,,established,,,
2025-11-16,lula_3,lula_3-2025-11-13,lula_3-2025-11-13,primary_adjudicated,MDB;PCdoB;PDT;PP;PSB;PSD;PSDB;PSOL;PT;REDE;REPUBLICANOS,MDB;PCdoB;PDT;PP;PSB;PSD;PSDB;PSOL;PT;REDE;REPUBLICANOS,MDB;PCdoB;PDT;PP;PSB;PSD;PSDB;PSOL;PT;REDE;REPUBLICANOS,,,,established,,,
2025-11-17,lula_3,lula_3-2025-11-17,lula_3-2025-11-17,primary_adjudicated,MDB;PCdoB;PDT;PP;PSB;PSD;PSOL;PT;REDE;REPUBLICANOS;UNIAO,MDB;PCdoB;PDT;PP;PSB;PSD;PSOL;PT;REDE;REPUBLICANOS;UNIAO,MDB;PCdoB;PDT;PP;PSB;PSD;PSOL;PT;REDE;REPUBLICANOS;UNIAO,,,,established,,,
2025-11-18,lula_3,lula_3-2025-11-17,lula_3-2025-11-17,primary_adjudicated,MDB;PCdoB;PDT;PP;PSB;PSD;PSOL;PT;REDE;REPUBLICANOS;UNIAO,MDB;PCdoB;PDT;PP;PSB;PSD;PSOL;PT;REDE;REPUBLICANOS;UNIAO,MDB;PCdoB;PDT;PP;PSB;PSD;PSOL;PT;REDE;REPUBLICANOS;UNIAO,,,,established,,,
2025-11-19,lula_3,lula_3-2025-11-17,lula_3-2025-11-17,primary_adjudicated,MDB;PCdoB;PDT;PP;PSB;PSD;PSOL;PT;REDE;REPUBLICANOS;UNIAO,MDB;PCdoB;PDT;PP;PSB;PSD;PSOL;PT;REDE;REPUBLICANOS;UNIAO,MDB;PCdoB;PDT;PP;PSB;PSD;PSOL;PT;REDE;REPUBLICANOS;UNIAO,,,,established,,,
2025-11-20,lula_3,lula_3-2025-11-17,lula_3-2025-11-17,primary_adjudicated,MDB;PCdoB;PDT;PP;PSB;PSD;PSOL;PT;REDE;REPUBLICANOS;UNIAO,MDB;PCdoB;PDT;PP;PSB;PSD;PSOL;PT;REDE;REPUBLICANOS;UNIAO,MDB;PCdoB;PDT;PP;PSB;PSD;PSOL;PT;REDE;REPUBLICANOS;UNIAO,,,,established,,,
2025-11-21,lula_3,lula_3-2025-11-17,lula_3-2025-11-17,primary_adjudicated,MDB;PCdoB;PDT;PP;PSB;PSD;PSOL;PT;REDE;REPUBLICANOS;UNIAO,MDB;PCdoB;PDT;PP;PSB;PSD;PSOL;PT;REDE;REPUBLICANOS;UNIAO,MDB;PCdoB;PDT;PP;PSB;PSD;PSOL;PT;REDE;REPUBLICANOS;UNIAO,,,,established,,,
2025-11-22,lula_3,lula_3-2025-11-17,lula_3-2025-11-17,primary_adjudicated,MDB;PCdoB;PDT;PP;PSB;PSD;PSOL;PT;REDE;REPUBLICANOS;UNIAO,MDB;PCdoB;PDT;PP;PSB;PSD;PSOL;PT;REDE;REPUBLICANOS;UNIAO,MDB;PCdoB;PDT;PP;PSB;PSD;PSOL;PT;REDE;REPUBLICANOS;UNIAO,,,,established,,,
2025-11-23,lula_3,lula_3-2025-11-17,lula_3-2025-11-17,primary_adjudicated,MDB;PCdoB;PDT;PP;PSB;PSD;PSOL;PT;REDE;REPUBLICANOS;UNIAO,MDB;PCdoB;PDT;PP;PSB;PSD;PSOL;PT;REDE;REPUBLICANOS;UNIAO,MDB;PCdoB;PDT;PP;PSB;PSD;PSOL;PT;REDE;REPUBLICANOS;UNIAO,,,,established,,,
2025-11-24,lula_3,lula_3-2025-11-17,lula_3-2025-11-17,primary_adjudicated,MDB;PCdoB;PDT;PP;PSB;PSD;PSOL;PT;REDE;REPUBLICANOS;UNIAO,MDB;PCdoB;PDT;PP;PSB;PSD;PSOL;PT;REDE;REPUBLICANOS;UNIAO,MDB;PCdoB;PDT;PP;PSB;PSD;PSOL;PT;REDE;REPUBLICANOS;UNIAO,,,,established,,,
2025-11-25,lula_3,lula_3-2025-11-17,lula_3-2025-11-17,primary_adjudicated,MDB;PCdoB;PDT;PP;PSB;PSD;PSOL;PT;REDE;REPUBLICANOS;UNIAO,MDB;PCdoB;PDT;PP;PSB;PSD;PSOL;PT;REDE;REPUBLICANOS;UNIAO,MDB;PCdoB;PDT;PP;PSB;PSD;PSOL;PT;REDE;REPUBLICANOS;UNIAO,,,,established,,,
2025-11-26,lula_3,lula_3-2025-11-17,lula_3-2025-11-17,primary_adjudicated,MDB;PCdoB;PDT;PP;PSB;PSD;PSOL;PT;REDE;REPUBLICANOS;UNIAO,MDB;PCdoB;PDT;PP;PSB;PSD;PSOL;PT;REDE;REPUBLICANOS;UNIAO,MDB;PCdoB;PDT;PP;PSB;PSD;PSOL;PT;REDE;REPUBLICANOS;UNIAO,,,,established,,,
2025-11-27,lula_3,lula_3-2025-11-17,lula_3-2025-11-17,primary_adjudicated,MDB;PCdoB;PDT;PP;PSB;PSD;PSOL;PT;REDE;REPUBLICANOS;UNIAO,MDB;PCdoB;PDT;PP;PSB;PSD;PSOL;PT;REDE;REPUBLICANOS;UNIAO,MDB;PCdoB;PDT;PP;PSB;PSD;PSOL;PT;REDE;REPUBLICANOS;UNIAO,,,,established,,,
2025-11-28,lula_3,lula_3-2025-11-17,lula_3-2025-11-17,primary_adjudicated,MDB;PCdoB;PDT;PP;PSB;PSD;PSOL;PT;REDE;REPUBLICANOS;UNIAO,MDB;PCdoB;PDT;PP;PSB;PSD;PSOL;PT;REDE;REPUBLICANOS;UNIAO,MDB;PCdoB;PDT;PP;PSB;PSD;PSOL;PT;REDE;REPUBLICANOS;UNIAO,,,,established,,,
2025-11-29,lula_3,lula_3-2025-11-17,lula_3-2025-11-17,primary_adjudicated,MDB;PCdoB;PDT;PP;PSB;PSD;PSOL;PT;REDE;REPUBLICANOS;UNIAO,MDB;PCdoB;PDT;PP;PSB;PSD;PSOL;PT;REDE;REPUBLICANOS;UNIAO,MDB;PCdoB;PDT;PP;PSB;PSD;PSOL;PT;REDE;REPUBLICANOS;UNIAO,,,,established,,,
2025-11-30,lula_3,lula_3-2025-11-17,lula_3-2025-11-17,primary_adjudicated,MDB;PCdoB;PDT;PP;PSB;PSD;PSOL;PT;REDE;REPUBLICANOS;UNIAO,MDB;PCdoB;PDT;PP;PSB;PSD;PSOL;PT;REDE;REPUBLICANOS;UNIAO,MDB;PCdoB;PDT;PP;PSB;PSD;PSOL;PT;REDE;REPUBLICANOS;UNIAO,,,,established,,,
2025-12-01,lula_3,lula_3-2025-11-17,lula_3-2025-11-17,primary_adjudicated,MDB;PCdoB;PDT;PP;PSB;PSD;PSOL;PT;REDE;REPUBLICANOS;UNIAO,MDB;PCdoB;PDT;PP;PSB;PSD;PSOL;PT;REDE;REPUBLICANOS;UNIAO,MDB;PCdoB;PDT;PP;PSB;PSD;PSOL;PT;REDE;REPUBLICANOS;UNIAO,,,,established,,,
2025-12-02,lula_3,lula_3-2025-11-17,lula_3-2025-11-17,primary_adjudicated,MDB;PCdoB;PDT;PP;PSB;PSD;PSOL;PT;REDE;REPUBLICANOS;UNIAO,MDB;PCdoB;PDT;PP;PSB;PSD;PSOL;PT;REDE;REPUBLICANOS;UNIAO,MDB;PCdoB;PDT;PP;PSB;PSD;PSOL;PT;REDE;REPUBLICANOS;UNIAO,,,,established,,,
2025-12-03,lula_3,lula_3-2025-11-17,lula_3-2025-11-17,primary_adjudicated,MDB;PCdoB;PDT;PP;PSB;PSD;PSOL;PT;REDE;REPUBLICANOS;UNIAO,MDB;PCdoB;PDT;PP;PSB;PSD;PSOL;PT;REDE;REPUBLICANOS;UNIAO,MDB;PCdoB;PDT;PP;PSB;PSD;PSOL;PT;REDE;REPUBLICANOS;UNIAO,,,,established,,,
2025-12-04,lula_3,lula_3-2025-11-17,lula_3-2025-11-17,primary_adjudicated,MDB;PCdoB;PDT;PP;PSB;PSD;PSOL;PT;REDE;REPUBLICANOS;UNIAO,MDB;PCdoB;PDT;PP;PSB;PSD;PSOL;PT;REDE;REPUBLICANOS;UNIAO,MDB;PCdoB;PDT;PP;PSB;PSD;PSOL;PT;REDE;REPUBLICANOS;UNIAO,,,,established,,,
2025-12-05,lula_3,lula_3-2025-11-17,lula_3-2025-11-17,primary_adjudicated,MDB;PCdoB;PDT;PP;PSB;PSD;PSOL;PT;REDE;REPUBLICANOS;UNIAO,MDB;PCdoB;PDT;PP;PSB;PSD;PSOL;PT;REDE;REPUBLICANOS;UNIAO,MDB;PCdoB;PDT;PP;PSB;PSD;PSOL;PT;REDE;REPUBLICANOS;UNIAO,,,,established,,,
2025-12-06,lula_3,lula_3-2025-11-17,lula_3-2025-11-17,primary_adjudicated,MDB;PCdoB;PDT;PP;PSB;PSD;PSOL;PT;REDE;REPUBLICANOS;UNIAO,MDB;PCdoB;PDT;PP;PSB;PSD;PSOL;PT;REDE;REPUBLICANOS;UNIAO,MDB;PCdoB;PDT;PP;PSB;PSD;PSOL;PT;REDE;REPUBLICANOS;UNIAO,,,,established,,,
2025-12-07,lula_3,lula_3-2025-11-17,lula_3-2025-11-17,primary_adjudicated,MDB;PCdoB;PDT;PP;PSB;PSD;PSOL;PT;REDE;REPUBLICANOS;UNIAO,MDB;PCdoB;PDT;PP;PSB;PSD;PSOL;PT;REDE;REPUBLICANOS;UNIAO,MDB;PCdoB;PDT;PP;PSB;PSD;PSOL;PT;REDE;REPUBLICANOS;UNIAO,,,,established,,,
2025-12-08,lula_3,lula_3-2025-12-08,lula_3-2025-12-08,primary_adjudicated,MDB;PCdoB;PDT;PP;PSB;PSD;PSOL;PT;REDE;REPUBLICANOS,MDB;PCdoB;PDT;PP;PSB;PSD;PSOL;PT;REDE;REPUBLICANOS,MDB;PCdoB;PDT;PP;PSB;PSD;PSOL;PT;REDE;REPUBLICANOS,,,,established,,,
2025-12-09,lula_3,lula_3-2025-12-08,lula_3-2025-12-08,primary_adjudicated,MDB;PCdoB;PDT;PP;PSB;PSD;PSOL;PT;REDE;REPUBLICANOS,MDB;PCdoB;PDT;PP;PSB;PSD;PSOL;PT;REDE;REPUBLICANOS,MDB;PCdoB;PDT;PP;PSB;PSD;PSOL;PT;REDE;REPUBLICANOS,,,,established,,,
2025-12-10,lula_3,lula_3-2025-12-08,lula_3-2025-12-08,primary_adjudicated,MDB;PCdoB;PDT;PP;PSB;PSD;PSOL;PT;REDE;REPUBLICANOS,MDB;PCdoB;PDT;PP;PSB;PSD;PSOL;PT;REDE;REPUBLICANOS,MDB;PCdoB;PDT;PP;PSB;PSD;PSOL;PT;REDE;REPUBLICANOS,,,,established,,,
2025-12-11,lula_3,lula_3-2025-12-08,lula_3-2025-12-08,primary_adjudicated,MDB;PCdoB;PDT;PP;PSB;PSD;PSOL;PT;REDE;REPUBLICANOS,MDB;PCdoB;PDT;PP;PSB;PSD;PSOL;PT;REDE;REPUBLICANOS,MDB;PCdoB;PDT;PP;PSB;PSD;PSOL;PT;REDE;REPUBLICANOS,,,,established,,,
2025-12-12,lula_3,lula_3-2025-12-08,lula_3-2025-12-08,primary_adjudicated,MDB;PCdoB;PDT;PP;PSB;PSD;PSOL;PT;REDE;REPUBLICANOS,MDB;PCdoB;PDT;PP;PSB;PSD;PSOL;PT;REDE;REPUBLICANOS,MDB;PCdoB;PDT;PP;PSB;PSD;PSOL;PT;REDE;REPUBLICANOS,,,,established,,,
2025-12-13,lula_3,lula_3-2025-12-08,lula_3-2025-12-08,primary_adjudicated,MDB;PCdoB;PDT;PP;PSB;PSD;PSOL;PT;REDE;REPUBLICANOS,MDB;PCdoB;PDT;PP;PSB;PSD;PSOL;PT;REDE;REPUBLICANOS,MDB;PCdoB;PDT;PP;PSB;PSD;PSOL;PT;REDE;REPUBLICANOS,,,,established,,,
2025-12-14,lula_3,lula_3-2025-12-08,lula_3-2025-12-08,primary_adjudicated,MDB;PCdoB;PDT;PP;PSB;PSD;PSOL;PT;REDE;REPUBLICANOS,MDB;PCdoB;PDT;PP;PSB;PSD;PSOL;PT;REDE;REPUBLICANOS,MDB;PCdoB;PDT;PP;PSB;PSD;PSOL;PT;REDE;REPUBLICANOS,,,,established,,,
2025-12-15,lula_3,lula_3-2025-12-08,lula_3-2025-12-08,primary_adjudicated,MDB;PCdoB;PDT;PP;PSB;PSD;PSOL;PT;REDE;REPUBLICANOS,MDB;PCdoB;PDT;PP;PSB;PSD;PSOL;PT;REDE;REPUBLICANOS,MDB;PCdoB;PDT;PP;PSB;PSD;PSOL;PT;REDE;REPUBLICANOS,,,,established,,,
2025-12-16,lula_3,lula_3-2025-12-08,lula_3-2025-12-08,primary_adjudicated,MDB;PCdoB;PDT;PP;PSB;PSD;PSOL;PT;REDE;REPUBLICANOS,MDB;PCdoB;PDT;PP;PSB;PSD;PSOL;PT;REDE;REPUBLICANOS,MDB;PCdoB;PDT;PP;PSB;PSD;PSOL;PT;REDE;REPUBLICANOS,,,,established,,,
2025-12-17,lula_3,lula_3-2025-12-08,lula_3-2025-12-08,primary_adjudicated,MDB;PCdoB;PDT;PP;PSB;PSD;PSOL;PT;REDE;REPUBLICANOS,MDB;PCdoB;PDT;PP;PSB;PSD;PSOL;PT;REDE;REPUBLICANOS,MDB;PCdoB;PDT;PP;PSB;PSD;PSOL;PT;REDE;REPUBLICANOS,,,,established,,,
2025-12-18,lula_3,lula_3-2025-12-08,lula_3-2025-12-08,primary_adjudicated,MDB;PCdoB;PDT;PP;PSB;PSD;PSOL;PT;REDE;REPUBLICANOS,MDB;PCdoB;PDT;PP;PSB;PSD;PSOL;PT;REDE;REPUBLICANOS,MDB;PCdoB;PDT;PP;PSB;PSD;PSOL;PT;REDE;REPUBLICANOS,,,,established,,,
2025-12-19,lula_3,lula_3-2025-12-19,lula_3-2025-12-19,primary_adjudicated,MDB;PCdoB;PDT;PP;PSB;PSD;PSDB;PSOL;PT;REDE;REPUBLICANOS,MDB;PCdoB;PDT;PP;PSB;PSD;PSDB;PSOL;PT;REDE;REPUBLICANOS,MDB;PCdoB;PDT;PP;PSB;PSD;PSDB;PSOL;PT;REDE;REPUBLICANOS,,,,established,,,
2025-12-20,lula_3,lula_3-2025-12-19,lula_3-2025-12-19,primary_adjudicated,MDB;PCdoB;PDT;PP;PSB;PSD;PSDB;PSOL;PT;REDE;REPUBLICANOS,MDB;PCdoB;PDT;PP;PSB;PSD;PSDB;PSOL;PT;REDE;REPUBLICANOS,MDB;PCdoB;PDT;PP;PSB;PSD;PSDB;PSOL;PT;REDE;REPUBLICANOS,,,,established,,,
2025-12-21,lula_3,lula_3-2025-12-19,lula_3-2025-12-19,primary_adjudicated,MDB;PCdoB;PDT;PP;PSB;PSD;PSDB;PSOL;PT;REDE;REPUBLICANOS,MDB;PCdoB;PDT;PP;PSB;PSD;PSDB;PSOL;PT;REDE;REPUBLICANOS,MDB;PCdoB;PDT;PP;PSB;PSD;PSDB;PSOL;PT;REDE;REPUBLICANOS,,,,established,,,
2025-12-22,lula_3,lula_3-2025-12-19,lula_3-2025-12-19,primary_adjudicated,MDB;PCdoB;PDT;PP;PSB;PSD;PSDB;PSOL;PT;REDE;REPUBLICANOS,MDB;PCdoB;PDT;PP;PSB;PSD;PSDB;PSOL;PT;REDE;REPUBLICANOS,MDB;PCdoB;PDT;PP;PSB;PSD;PSDB;PSOL;PT;REDE;REPUBLICANOS,,,,established,,,
2025-12-23,lula_3,lula_3-2025-12-23,lula_3-2025-12-23,primary_adjudicated,MDB;PCdoB;PDT;PP;PSB;PSD;PSOL;PT;REDE;REPUBLICANOS,MDB;PCdoB;PDT;PP;PSB;PSD;PSOL;PT;REDE;REPUBLICANOS,MDB;PCdoB;PDT;PP;PSB;PSD;PSOL;PT;REDE;REPUBLICANOS,,,,established,,,
2025-12-24,lula_3,lula_3-2025-12-23,lula_3-2025-12-23,primary_adjudicated,MDB;PCdoB;PDT;PP;PSB;PSD;PSOL;PT;REDE;REPUBLICANOS,MDB;PCdoB;PDT;PP;PSB;PSD;PSOL;PT;REDE;REPUBLICANOS,MDB;PCdoB;PDT;PP;PSB;PSD;PSOL;PT;REDE;REPUBLICANOS,,,,established,,,
2025-12-25,lula_3,lula_3-2025-12-23,lula_3-2025-12-23,primary_adjudicated,MDB;PCdoB;PDT;PP;PSB;PSD;PSOL;PT;REDE;REPUBLICANOS,MDB;PCdoB;PDT;PP;PSB;PSD;PSOL;PT;REDE;REPUBLICANOS,MDB;PCdoB;PDT;PP;PSB;PSD;PSOL;PT;REDE;REPUBLICANOS,,,,established,,,
2025-12-26,lula_3,lula_3-2025-12-23,lula_3-2025-12-23,primary_adjudicated,MDB;PCdoB;PDT;PP;PSB;PSD;PSOL;PT;REDE;REPUBLICANOS,MDB;PCdoB;PDT;PP;PSB;PSD;PSOL;PT;REDE;REPUBLICANOS,MDB;PCdoB;PDT;PP;PSB;PSD;PSOL;PT;REDE;REPUBLICANOS,,,,established,,,
2025-12-27,lula_3,lula_3-2025-12-23,lula_3-2025-12-23,primary_adjudicated,MDB;PCdoB;PDT;PP;PSB;PSD;PSOL;PT;REDE;REPUBLICANOS,MDB;PCdoB;PDT;PP;PSB;PSD;PSOL;PT;REDE;REPUBLICANOS,MDB;PCdoB;PDT;PP;PSB;PSD;PSOL;PT;REDE;REPUBLICANOS,,,,established,,,
2025-12-28,lula_3,lula_3-2025-12-23,lula_3-2025-12-23,primary_adjudicated,MDB;PCdoB;PDT;PP;PSB;PSD;PSOL;PT;REDE;REPUBLICANOS,MDB;PCdoB;PDT;PP;PSB;PSD;PSOL;PT;REDE;REPUBLICANOS,MDB;PCdoB;PDT;PP;PSB;PSD;PSOL;PT;REDE;REPUBLICANOS,,,,established,,,
2025-12-29,lula_3,lula_3-2025-12-23,lula_3-2025-12-23,primary_adjudicated,MDB;PCdoB;PDT;PP;PSB;PSD;PSOL;PT;REDE;REPUBLICANOS,MDB;PCdoB;PDT;PP;PSB;PSD;PSOL;PT;REDE;REPUBLICANOS,MDB;PCdoB;PDT;PP;PSB;PSD;PSOL;PT;REDE;REPUBLICANOS,,,,established,,,
2025-12-30,lula_3,lula_3-2025-12-23,lula_3-2025-12-23,primary_adjudicated,MDB;PCdoB;PDT;PP;PSB;PSD;PSOL;PT;REDE;REPUBLICANOS,MDB;PCdoB;PDT;PP;PSB;PSD;PSOL;PT;REDE;REPUBLICANOS,MDB;PCdoB;PDT;PP;PSB;PSD;PSOL;PT;REDE;REPUBLICANOS,,,,established,,,
2025-12-31,lula_3,lula_3-2025-12-23,lula_3-2025-12-23,primary_adjudicated,MDB;PCdoB;PDT;PP;PSB;PSD;PSOL;PT;REDE;REPUBLICANOS,MDB;PCdoB;PDT;PP;PSB;PSD;PSOL;PT;REDE;REPUBLICANOS,MDB;PCdoB;PDT;PP;PSB;PSD;PSOL;PT;REDE;REPUBLICANOS,,,,established,,,
2026-01-01,lula_3,lula_3-2025-12-23,lula_3-2025-12-23,primary_adjudicated,MDB;PCdoB;PDT;PP;PSB;PSD;PSOL;PT;REDE;REPUBLICANOS,MDB;PCdoB;PDT;PP;PSB;PSD;PSOL;PT;REDE;REPUBLICANOS,MDB;PCdoB;PDT;PP;PSB;PSD;PSOL;PT;REDE;REPUBLICANOS,,,,established,,,
2026-01-02,lula_3,lula_3-2025-12-23,lula_3-2025-12-23,primary_adjudicated,MDB;PCdoB;PDT;PP;PSB;PSD;PSOL;PT;REDE;REPUBLICANOS,MDB;PCdoB;PDT;PP;PSB;PSD;PSOL;PT;REDE;REPUBLICANOS,MDB;PCdoB;PDT;PP;PSB;PSD;PSOL;PT;REDE;REPUBLICANOS,,,,established,,,
2026-01-03,lula_3,lula_3-2025-12-23,lula_3-2025-12-23,primary_adjudicated,MDB;PCdoB;PDT;PP;PSB;PSD;PSOL;PT;REDE;REPUBLICANOS,MDB;PCdoB;PDT;PP;PSB;PSD;PSOL;PT;REDE;REPUBLICANOS,MDB;PCdoB;PDT;PP;PSB;PSD;PSOL;PT;REDE;REPUBLICANOS,,,,established,,,
2026-01-04,lula_3,lula_3-2025-12-23,lula_3-2025-12-23,primary_adjudicated,MDB;PCdoB;PDT;PP;PSB;PSD;PSOL;PT;REDE;REPUBLICANOS,MDB;PCdoB;PDT;PP;PSB;PSD;PSOL;PT;REDE;REPUBLICANOS,MDB;PCdoB;PDT;PP;PSB;PSD;PSOL;PT;REDE;REPUBLICANOS,,,,established,,,
2026-01-05,lula_3,lula_3-2025-12-23,lula_3-2025-12-23,primary_adjudicated,MDB;PCdoB;PDT;PP;PSB;PSD;PSOL;PT;REDE;REPUBLICANOS,MDB;PCdoB;PDT;PP;PSB;PSD;PSOL;PT;REDE;REPUBLICANOS,MDB;PCdoB;PDT;PP;PSB;PSD;PSOL;PT;REDE;REPUBLICANOS,,,,established,,,
2026-01-06,lula_3,lula_3-2025-12-23,lula_3-2025-12-23,primary_adjudicated,MDB;PCdoB;PDT;PP;PSB;PSD;PSOL;PT;REDE;REPUBLICANOS,MDB;PCdoB;PDT;PP;PSB;PSD;PSOL;PT;REDE;REPUBLICANOS,MDB;PCdoB;PDT;PP;PSB;PSD;PSOL;PT;REDE;REPUBLICANOS,,,,established,,,
2026-01-07,lula_3,lula_3-2025-12-23,lula_3-2025-12-23,primary_adjudicated,MDB;PCdoB;PDT;PP;PSB;PSD;PSOL;PT;REDE;REPUBLICANOS,MDB;PCdoB;PDT;PP;PSB;PSD;PSOL;PT;REDE;REPUBLICANOS,MDB;PCdoB;PDT;PP;PSB;PSD;PSOL;PT;REDE;REPUBLICANOS,,,,established,,,
2026-01-08,lula_3,lula_3-2025-12-23,lula_3-2025-12-23,primary_adjudicated,MDB;PCdoB;PDT;PP;PSB;PSD;PSOL;PT;REDE;REPUBLICANOS,MDB;PCdoB;PDT;PP;PSB;PSD;PSOL;PT;REDE;REPUBLICANOS,MDB;PCdoB;PDT;PP;PSB;PSD;PSOL;PT;REDE;REPUBLICANOS,,,,established,,,
2026-01-09,lula_3,lula_3-2025-12-23,lula_3-2026-01-09,primary_adjudicated,MDB;PCdoB;PDT;PP;PSB;PSD;PSOL;PT;REDE;REPUBLICANOS,MDB;PCdoB;PDT;PP;PSB;PSD;PSOL;PT;REDE;REPUBLICANOS,MDB;PCdoB;PDT;PP;PSB;PSD;PSOL;PT;REDE;REPUBLICANOS,,,,established,,,
2026-01-10,lula_3,lula_3-2025-12-23,lula_3-2026-01-09,primary_adjudicated,MDB;PCdoB;PDT;PP;PSB;PSD;PSOL;PT;REDE;REPUBLICANOS,MDB;PCdoB;PDT;PP;PSB;PSD;PSOL;PT;REDE;REPUBLICANOS,MDB;PCdoB;PDT;PP;PSB;PSD;PSOL;PT;REDE;REPUBLICANOS,,,,established,,,
2026-01-11,lula_3,lula_3-2025-12-23,lula_3-2026-01-09,primary_adjudicated,MDB;PCdoB;PDT;PP;PSB;PSD;PSOL;PT;REDE;REPUBLICANOS,MDB;PCdoB;PDT;PP;PSB;PSD;PSOL;PT;REDE;REPUBLICANOS,MDB;PCdoB;PDT;PP;PSB;PSD;PSOL;PT;REDE;REPUBLICANOS,,,,established,,,
2026-01-12,lula_3,lula_3-2025-12-23,lula_3-2026-01-09,primary_adjudicated,MDB;PCdoB;PDT;PP;PSB;PSD;PSOL;PT;REDE;REPUBLICANOS,MDB;PCdoB;PDT;PP;PSB;PSD;PSOL;PT;REDE;REPUBLICANOS,MDB;PCdoB;PDT;PP;PSB;PSD;PSOL;PT;REDE;REPUBLICANOS,,,,established,,,
2026-01-13,lula_3,lula_3-2025-12-23,lula_3-2026-01-13,primary_adjudicated,MDB;PCdoB;PDT;PP;PSB;PSD;PSOL;PT;REDE;REPUBLICANOS,MDB;PCdoB;PDT;PP;PSB;PSD;PSOL;PT;REDE;REPUBLICANOS,MDB;PCdoB;PDT;PP;PSB;PSD;PSOL;PT;REDE;REPUBLICANOS,,,,established,,,
2026-01-14,lula_3,lula_3-2025-12-23,lula_3-2026-01-13,primary_adjudicated,MDB;PCdoB;PDT;PP;PSB;PSD;PSOL;PT;REDE;REPUBLICANOS,MDB;PCdoB;PDT;PP;PSB;PSD;PSOL;PT;REDE;REPUBLICANOS,MDB;PCdoB;PDT;PP;PSB;PSD;PSOL;PT;REDE;REPUBLICANOS,,,,established,,,
2026-01-15,lula_3,lula_3-2025-12-23,lula_3-2026-01-15,primary_adjudicated,MDB;PCdoB;PDT;PP;PSB;PSD;PSOL;PT;REDE;REPUBLICANOS,MDB;PCdoB;PDT;PP;PSB;PSD;PSOL;PT;REDE;REPUBLICANOS,MDB;PCdoB;PDT;PP;PSB;PSD;PSOL;PT;REDE;REPUBLICANOS,,,,established,,,
2026-01-16,lula_3,lula_3-2025-12-23,lula_3-2026-01-15,primary_adjudicated,MDB;PCdoB;PDT;PP;PSB;PSD;PSOL;PT;REDE;REPUBLICANOS,MDB;PCdoB;PDT;PP;PSB;PSD;PSOL;PT;REDE;REPUBLICANOS,MDB;PCdoB;PDT;PP;PSB;PSD;PSOL;PT;REDE;REPUBLICANOS,,,,established,,,
2026-01-17,lula_3,lula_3-2025-12-23,lula_3-2026-01-15,primary_adjudicated,MDB;PCdoB;PDT;PP;PSB;PSD;PSOL;PT;REDE;REPUBLICANOS,MDB;PCdoB;PDT;PP;PSB;PSD;PSOL;PT;REDE;REPUBLICANOS,MDB;PCdoB;PDT;PP;PSB;PSD;PSOL;PT;REDE;REPUBLICANOS,,,,established,,,
2026-01-18,lula_3,lula_3-2025-12-23,lula_3-2026-01-15,primary_adjudicated,MDB;PCdoB;PDT;PP;PSB;PSD;PSOL;PT;REDE;REPUBLICANOS,MDB;PCdoB;PDT;PP;PSB;PSD;PSOL;PT;REDE;REPUBLICANOS,MDB;PCdoB;PDT;PP;PSB;PSD;PSOL;PT;REDE;REPUBLICANOS,,,,established,,,
2026-01-19,lula_3,lula_3-2025-12-23,lula_3-2026-01-15,primary_adjudicated,MDB;PCdoB;PDT;PP;PSB;PSD;PSOL;PT;REDE;REPUBLICANOS,MDB;PCdoB;PDT;PP;PSB;PSD;PSOL;PT;REDE;REPUBLICANOS,MDB;PCdoB;PDT;PP;PSB;PSD;PSOL;PT;REDE;REPUBLICANOS,,,,established,,,
2026-01-20,lula_3,lula_3-2025-12-23,lula_3-2026-01-15,primary_adjudicated,MDB;PCdoB;PDT;PP;PSB;PSD;PSOL;PT;REDE;REPUBLICANOS,MDB;PCdoB;PDT;PP;PSB;PSD;PSOL;PT;REDE;REPUBLICANOS,MDB;PCdoB;PDT;PP;PSB;PSD;PSOL;PT;REDE;REPUBLICANOS,,,,established,,,
2026-01-21,lula_3,lula_3-2025-12-23,lula_3-2026-01-15,primary_adjudicated,MDB;PCdoB;PDT;PP;PSB;PSD;PSOL;PT;REDE;REPUBLICANOS,MDB;PCdoB;PDT;PP;PSB;PSD;PSOL;PT;REDE;REPUBLICANOS,MDB;PCdoB;PDT;PP;PSB;PSD;PSOL;PT;REDE;REPUBLICANOS,,,,established,,,
2026-01-22,lula_3,lula_3-2025-12-23,lula_3-2026-01-15,primary_adjudicated,MDB;PCdoB;PDT;PP;PSB;PSD;PSOL;PT;REDE;REPUBLICANOS,MDB;PCdoB;PDT;PP;PSB;PSD;PSOL;PT;REDE;REPUBLICANOS,MDB;PCdoB;PDT;PP;PSB;PSD;PSOL;PT;REDE;REPUBLICANOS,,,,established,,,
2026-01-23,lula_3,lula_3-2025-12-23,lula_3-2026-01-15,primary_adjudicated,MDB;PCdoB;PDT;PP;PSB;PSD;PSOL;PT;REDE;REPUBLICANOS,MDB;PCdoB;PDT;PP;PSB;PSD;PSOL;PT;REDE;REPUBLICANOS,MDB;PCdoB;PDT;PP;PSB;PSD;PSOL;PT;REDE;REPUBLICANOS,,,,established,,,
2026-01-24,lula_3,lula_3-2025-12-23,lula_3-2026-01-15,primary_adjudicated,MDB;PCdoB;PDT;PP;PSB;PSD;PSOL;PT;REDE;REPUBLICANOS,MDB;PCdoB;PDT;PP;PSB;PSD;PSOL;PT;REDE;REPUBLICANOS,MDB;PCdoB;PDT;PP;PSB;PSD;PSOL;PT;REDE;REPUBLICANOS,,,,established,,,
2026-01-25,lula_3,lula_3-2025-12-23,lula_3-2026-01-15,primary_adjudicated,MDB;PCdoB;PDT;PP;PSB;PSD;PSOL;PT;REDE;REPUBLICANOS,MDB;PCdoB;PDT;PP;PSB;PSD;PSOL;PT;REDE;REPUBLICANOS,MDB;PCdoB;PDT;PP;PSB;PSD;PSOL;PT;REDE;REPUBLICANOS,,,,established,,,
2026-01-26,lula_3,lula_3-2025-12-23,lula_3-2026-01-15,primary_adjudicated,MDB;PCdoB;PDT;PP;PSB;PSD;PSOL;PT;REDE;REPUBLICANOS,MDB;PCdoB;PDT;PP;PSB;PSD;PSOL;PT;REDE;REPUBLICANOS,MDB;PCdoB;PDT;PP;PSB;PSD;PSOL;PT;REDE;REPUBLICANOS,,,,established,,,
2026-01-27,lula_3,lula_3-2025-12-23,lula_3-2026-01-15,primary_adjudicated,MDB;PCdoB;PDT;PP;PSB;PSD;PSOL;PT;REDE;REPUBLICANOS,MDB;PCdoB;PDT;PP;PSB;PSD;PSOL;PT;REDE;REPUBLICANOS,MDB;PCdoB;PDT;PP;PSB;PSD;PSOL;PT;REDE;REPUBLICANOS,,,,established,,,
2026-01-28,lula_3,lula_3-2025-12-23,lula_3-2026-01-15,primary_adjudicated,MDB;PCdoB;PDT;PP;PSB;PSD;PSOL;PT;REDE;REPUBLICANOS,MDB;PCdoB;PDT;PP;PSB;PSD;PSOL;PT;REDE;REPUBLICANOS,MDB;PCdoB;PDT;PP;PSB;PSD;PSOL;PT;REDE;REPUBLICANOS,,,,established,,,
2026-01-29,lula_3,lula_3-2025-12-23,lula_3-2026-01-15,primary_adjudicated,MDB;PCdoB;PDT;PP;PSB;PSD;PSOL;PT;REDE;REPUBLICANOS,MDB;PCdoB;PDT;PP;PSB;PSD;PSOL;PT;REDE;REPUBLICANOS,MDB;PCdoB;PDT;PP;PSB;PSD;PSOL;PT;REDE;REPUBLICANOS,,,,established,,,
2026-01-30,lula_3,lula_3-2025-12-23,lula_3-2026-01-15,primary_adjudicated,MDB;PCdoB;PDT;PP;PSB;PSD;PSOL;PT;REDE;REPUBLICANOS,MDB;PCdoB;PDT;PP;PSB;PSD;PSOL;PT;REDE;REPUBLICANOS,MDB;PCdoB;PDT;PP;PSB;PSD;PSOL;PT;REDE;REPUBLICANOS,,,,established,,,
2026-01-31,lula_3,lula_3-2025-12-23,lula_3-2026-01-15,primary_adjudicated,MDB;PCdoB;PDT;PP;PSB;PSD;PSOL;PT;REDE;REPUBLICANOS,MDB;PCdoB;PDT;PP;PSB;PSD;PSOL;PT;REDE;REPUBLICANOS,MDB;PCdoB;PDT;PP;PSB;PSD;PSOL;PT;REDE;REPUBLICANOS,,,,established,,,
2026-02-01,lula_3,lula_3-2025-12-23,lula_3-2026-01-15,primary_adjudicated,MDB;PCdoB;PDT;PP;PSB;PSD;PSOL;PT;REDE;REPUBLICANOS,MDB;PCdoB;PDT;PP;PSB;PSD;PSOL;PT;REDE;REPUBLICANOS,MDB;PCdoB;PDT;PP;PSB;PSD;PSOL;PT;REDE;REPUBLICANOS,,,,established,,,
2026-02-02,lula_3,lula_3-2025-12-23,lula_3-2026-01-15,primary_adjudicated,MDB;PCdoB;PDT;PP;PSB;PSD;PSOL;PT;REDE;REPUBLICANOS,MDB;PCdoB;PDT;PP;PSB;PSD;PSOL;PT;REDE;REPUBLICANOS,MDB;PCdoB;PDT;PP;PSB;PSD;PSOL;PT;REDE;REPUBLICANOS,,,,established,,,
2026-02-03,lula_3,lula_3-2025-12-23,lula_3-2026-01-15,primary_adjudicated,MDB;PCdoB;PDT;PP;PSB;PSD;PSOL;PT;REDE;REPUBLICANOS,MDB;PCdoB;PDT;PP;PSB;PSD;PSOL;PT;REDE;REPUBLICANOS,MDB;PCdoB;PDT;PP;PSB;PSD;PSOL;PT;REDE;REPUBLICANOS,,,,established,,,
2026-02-04,lula_3,lula_3-2025-12-23,lula_3-2026-01-15,primary_adjudicated,MDB;PCdoB;PDT;PP;PSB;PSD;PSOL;PT;REDE;REPUBLICANOS,MDB;PCdoB;PDT;PP;PSB;PSD;PSOL;PT;REDE;REPUBLICANOS,MDB;PCdoB;PDT;PP;PSB;PSD;PSOL;PT;REDE;REPUBLICANOS,,,,established,,,
2026-02-05,lula_3,lula_3-2025-12-23,lula_3-2026-01-15,primary_adjudicated,MDB;PCdoB;PDT;PP;PSB;PSD;PSOL;PT;REDE;REPUBLICANOS,MDB;PCdoB;PDT;PP;PSB;PSD;PSOL;PT;REDE;REPUBLICANOS,MDB;PCdoB;PDT;PP;PSB;PSD;PSOL;PT;REDE;REPUBLICANOS,,,,established,,,
2026-02-06,lula_3,lula_3-2025-12-23,lula_3-2026-01-15,primary_adjudicated,MDB;PCdoB;PDT;PP;PSB;PSD;PSOL;PT;REDE;REPUBLICANOS,MDB;PCdoB;PDT;PP;PSB;PSD;PSOL;PT;REDE;REPUBLICANOS,MDB;PCdoB;PDT;PP;PSB;PSD;PSOL;PT;REDE;REPUBLICANOS,,,,established,,,
2026-02-07,lula_3,lula_3-2025-12-23,lula_3-2026-01-15,primary_adjudicated,MDB;PCdoB;PDT;PP;PSB;PSD;PSOL;PT;REDE;REPUBLICANOS,MDB;PCdoB;PDT;PP;PSB;PSD;PSOL;PT;REDE;REPUBLICANOS,MDB;PCdoB;PDT;PP;PSB;PSD;PSOL;PT;REDE;REPUBLICANOS,,,,established,,,
2026-02-08,lula_3,lula_3-2025-12-23,lula_3-2026-01-15,primary_adjudicated,MDB;PCdoB;PDT;PP;PSB;PSD;PSOL;PT;REDE;REPUBLICANOS,MDB;PCdoB;PDT;PP;PSB;PSD;PSOL;PT;REDE;REPUBLICANOS,MDB;PCdoB;PDT;PP;PSB;PSD;PSOL;PT;REDE;REPUBLICANOS,,,,established,,,
2026-02-09,lula_3,lula_3-2025-12-23,lula_3-2026-01-15,primary_adjudicated,MDB;PCdoB;PDT;PP;PSB;PSD;PSOL;PT;REDE;REPUBLICANOS,MDB;PCdoB;PDT;PP;PSB;PSD;PSOL;PT;REDE;REPUBLICANOS,MDB;PCdoB;PDT;PP;PSB;PSD;PSOL;PT;REDE;REPUBLICANOS,,,,established,,,
2026-02-10,lula_3,lula_3-2025-12-23,lula_3-2026-01-15,primary_adjudicated,MDB;PCdoB;PDT;PP;PSB;PSD;PSOL;PT;REDE;REPUBLICANOS,MDB;PCdoB;PDT;PP;PSB;PSD;PSOL;PT;REDE;REPUBLICANOS,MDB;PCdoB;PDT;PP;PSB;PSD;PSOL;PT;REDE;REPUBLICANOS,,,,established,,,
2026-02-11,lula_3,lula_3-2025-12-23,lula_3-2026-01-15,primary_adjudicated,MDB;PCdoB;PDT;PP;PSB;PSD;PSOL;PT;REDE;REPUBLICANOS,MDB;PCdoB;PDT;PP;PSB;PSD;PSOL;PT;REDE;REPUBLICANOS,MDB;PCdoB;PDT;PP;PSB;PSD;PSOL;PT;REDE;REPUBLICANOS,,,,established,,,
2026-02-12,lula_3,lula_3-2025-12-23,lula_3-2026-01-15,primary_adjudicated,MDB;PCdoB;PDT;PP;PSB;PSD;PSOL;PT;REDE;REPUBLICANOS,MDB;PCdoB;PDT;PP;PSB;PSD;PSOL;PT;REDE;REPUBLICANOS,MDB;PCdoB;PDT;PP;PSB;PSD;PSOL;PT;REDE;REPUBLICANOS,,,,established,,,
2026-02-13,lula_3,lula_3-2025-12-23,lula_3-2026-01-15,primary_adjudicated,MDB;PCdoB;PDT;PP;PSB;PSD;PSOL;PT;REDE;REPUBLICANOS,MDB;PCdoB;PDT;PP;PSB;PSD;PSOL;PT;REDE;REPUBLICANOS,MDB;PCdoB;PDT;PP;PSB;PSD;PSOL;PT;REDE;REPUBLICANOS,,,,established,,,
2026-02-14,lula_3,lula_3-2025-12-23,lula_3-2026-01-15,primary_adjudicated,MDB;PCdoB;PDT;PP;PSB;PSD;PSOL;PT;REDE;REPUBLICANOS,MDB;PCdoB;PDT;PP;PSB;PSD;PSOL;PT;REDE;REPUBLICANOS,MDB;PCdoB;PDT;PP;PSB;PSD;PSOL;PT;REDE;REPUBLICANOS,,,,established,,,
2026-02-15,lula_3,lula_3-2025-12-23,lula_3-2026-01-15,primary_adjudicated,MDB;PCdoB;PDT;PP;PSB;PSD;PSOL;PT;REDE;REPUBLICANOS,MDB;PCdoB;PDT;PP;PSB;PSD;PSOL;PT;REDE;REPUBLICANOS,MDB;PCdoB;PDT;PP;PSB;PSD;PSOL;PT;REDE;REPUBLICANOS,,,,established,,,
2026-02-16,lula_3,lula_3-2025-12-23,lula_3-2026-01-15,primary_adjudicated,MDB;PCdoB;PDT;PP;PSB;PSD;PSOL;PT;REDE;REPUBLICANOS,MDB;PCdoB;PDT;PP;PSB;PSD;PSOL;PT;REDE;REPUBLICANOS,MDB;PCdoB;PDT;PP;PSB;PSD;PSOL;PT;REDE;REPUBLICANOS,,,,established,,,
2026-02-17,lula_3,lula_3-2025-12-23,lula_3-2026-01-15,primary_adjudicated,MDB;PCdoB;PDT;PP;PSB;PSD;PSOL;PT;REDE;REPUBLICANOS,MDB;PCdoB;PDT;PP;PSB;PSD;PSOL;PT;REDE;REPUBLICANOS,MDB;PCdoB;PDT;PP;PSB;PSD;PSOL;PT;REDE;REPUBLICANOS,,,,established,,,
2026-02-18,lula_3,lula_3-2025-12-23,lula_3-2026-01-15,primary_adjudicated,MDB;PCdoB;PDT;PP;PSB;PSD;PSOL;PT;REDE;REPUBLICANOS,MDB;PCdoB;PDT;PP;PSB;PSD;PSOL;PT;REDE;REPUBLICANOS,MDB;PCdoB;PDT;PP;PSB;PSD;PSOL;PT;REDE;REPUBLICANOS,,,,established,,,
2026-02-19,lula_3,lula_3-2025-12-23,lula_3-2026-01-15,primary_adjudicated,MDB;PCdoB;PDT;PP;PSB;PSD;PSOL;PT;REDE;REPUBLICANOS,MDB;PCdoB;PDT;PP;PSB;PSD;PSOL;PT;REDE;REPUBLICANOS,MDB;PCdoB;PDT;PP;PSB;PSD;PSOL;PT;REDE;REPUBLICANOS,,,,established,,,
2026-02-20,lula_3,lula_3-2025-12-23,lula_3-2026-01-15,primary_adjudicated,MDB;PCdoB;PDT;PP;PSB;PSD;PSOL;PT;REDE;REPUBLICANOS,MDB;PCdoB;PDT;PP;PSB;PSD;PSOL;PT;REDE;REPUBLICANOS,MDB;PCdoB;PDT;PP;PSB;PSD;PSOL;PT;REDE;REPUBLICANOS,,,,established,,,
2026-02-21,lula_3,lula_3-2025-12-23,lula_3-2026-01-15,primary_adjudicated,MDB;PCdoB;PDT;PP;PSB;PSD;PSOL;PT;REDE;REPUBLICANOS,MDB;PCdoB;PDT;PP;PSB;PSD;PSOL;PT;REDE;REPUBLICANOS,MDB;PCdoB;PDT;PP;PSB;PSD;PSOL;PT;REDE;REPUBLICANOS,,,,established,,,
2026-02-22,lula_3,lula_3-2025-12-23,lula_3-2026-01-15,primary_adjudicated,MDB;PCdoB;PDT;PP;PSB;PSD;PSOL;PT;REDE;REPUBLICANOS,MDB;PCdoB;PDT;PP;PSB;PSD;PSOL;PT;REDE;REPUBLICANOS,MDB;PCdoB;PDT;PP;PSB;PSD;PSOL;PT;REDE;REPUBLICANOS,,,,established,,,
2026-02-23,lula_3,lula_3-2025-12-23,lula_3-2026-01-15,primary_adjudicated,MDB;PCdoB;PDT;PP;PSB;PSD;PSOL;PT;REDE;REPUBLICANOS,MDB;PCdoB;PDT;PP;PSB;PSD;PSOL;PT;REDE;REPUBLICANOS,MDB;PCdoB;PDT;PP;PSB;PSD;PSOL;PT;REDE;REPUBLICANOS,,,,established,,,
2026-02-24,lula_3,lula_3-2025-12-23,lula_3-2026-01-15,primary_adjudicated,MDB;PCdoB;PDT;PP;PSB;PSD;PSOL;PT;REDE;REPUBLICANOS,MDB;PCdoB;PDT;PP;PSB;PSD;PSOL;PT;REDE;REPUBLICANOS,MDB;PCdoB;PDT;PP;PSB;PSD;PSOL;PT;REDE;REPUBLICANOS,,,,established,,,
2026-02-25,lula_3,lula_3-2025-12-23,lula_3-2026-01-15,primary_adjudicated,MDB;PCdoB;PDT;PP;PSB;PSD;PSOL;PT;REDE;REPUBLICANOS,MDB;PCdoB;PDT;PP;PSB;PSD;PSOL;PT;REDE;REPUBLICANOS,MDB;PCdoB;PDT;PP;PSB;PSD;PSOL;PT;REDE;REPUBLICANOS,,,,established,,,
2026-02-26,lula_3,lula_3-2025-12-23,lula_3-2026-01-15,primary_adjudicated,MDB;PCdoB;PDT;PP;PSB;PSD;PSOL;PT;REDE;REPUBLICANOS,MDB;PCdoB;PDT;PP;PSB;PSD;PSOL;PT;REDE;REPUBLICANOS,MDB;PCdoB;PDT;PP;PSB;PSD;PSOL;PT;REDE;REPUBLICANOS,,,,established,,,
2026-02-27,lula_3,lula_3-2025-12-23,lula_3-2026-01-15,primary_adjudicated,MDB;PCdoB;PDT;PP;PSB;PSD;PSOL;PT;REDE;REPUBLICANOS,MDB;PCdoB;PDT;PP;PSB;PSD;PSOL;PT;REDE;REPUBLICANOS,MDB;PCdoB;PDT;PP;PSB;PSD;PSOL;PT;REDE;REPUBLICANOS,,,,established,,,
2026-02-28,lula_3,lula_3-2025-12-23,lula_3-2026-01-15,primary_adjudicated,MDB;PCdoB;PDT;PP;PSB;PSD;PSOL;PT;REDE;REPUBLICANOS,MDB;PCdoB;PDT;PP;PSB;PSD;PSOL;PT;REDE;REPUBLICANOS,MDB;PCdoB;PDT;PP;PSB;PSD;PSOL;PT;REDE;REPUBLICANOS,,,,established,,,
2026-03-01,lula_3,lula_3-2025-12-23,lula_3-2026-01-15,primary_adjudicated,MDB;PCdoB;PDT;PP;PSB;PSD;PSOL;PT;REDE;REPUBLICANOS,MDB;PCdoB;PDT;PP;PSB;PSD;PSOL;PT;REDE;REPUBLICANOS,MDB;PCdoB;PDT;PP;PSB;PSD;PSOL;PT;REDE;REPUBLICANOS,,,,established,,,
2026-03-02,lula_3,lula_3-2025-12-23,lula_3-2026-01-15,primary_adjudicated,MDB;PCdoB;PDT;PP;PSB;PSD;PSOL;PT;REDE;REPUBLICANOS,MDB;PCdoB;PDT;PP;PSB;PSD;PSOL;PT;REDE;REPUBLICANOS,MDB;PCdoB;PDT;PP;PSB;PSD;PSOL;PT;REDE;REPUBLICANOS,,,,established,,,
2026-03-03,lula_3,lula_3-2025-12-23,lula_3-2026-01-15,primary_adjudicated,MDB;PCdoB;PDT;PP;PSB;PSD;PSOL;PT;REDE;REPUBLICANOS,MDB;PCdoB;PDT;PP;PSB;PSD;PSOL;PT;REDE;REPUBLICANOS,MDB;PCdoB;PDT;PP;PSB;PSD;PSOL;PT;REDE;REPUBLICANOS,,,,established,,,
2026-03-04,lula_3,lula_3-2025-12-23,lula_3-2026-01-15,primary_adjudicated,MDB;PCdoB;PDT;PP;PSB;PSD;PSOL;PT;REDE;REPUBLICANOS,MDB;PCdoB;PDT;PP;PSB;PSD;PSOL;PT;REDE;REPUBLICANOS,MDB;PCdoB;PDT;PP;PSB;PSD;PSOL;PT;REDE;REPUBLICANOS,,,,established,,,
2026-03-05,lula_3,lula_3-2025-12-23,lula_3-2026-01-15,primary_adjudicated,MDB;PCdoB;PDT;PP;PSB;PSD;PSOL;PT;REDE;REPUBLICANOS,MDB;PCdoB;PDT;PP;PSB;PSD;PSOL;PT;REDE;REPUBLICANOS,MDB;PCdoB;PDT;PP;PSB;PSD;PSOL;PT;REDE;REPUBLICANOS,,,,established,,,
2026-03-06,lula_3,lula_3-2025-12-23,lula_3-2026-01-15,primary_adjudicated,MDB;PCdoB;PDT;PP;PSB;PSD;PSOL;PT;REDE;REPUBLICANOS,MDB;PCdoB;PDT;PP;PSB;PSD;PSOL;PT;REDE;REPUBLICANOS,MDB;PCdoB;PDT;PP;PSB;PSD;PSOL;PT;REDE;REPUBLICANOS,,,,established,,,
2026-03-07,lula_3,lula_3-2025-12-23,lula_3-2026-01-15,primary_adjudicated,MDB;PCdoB;PDT;PP;PSB;PSD;PSOL;PT;REDE;REPUBLICANOS,MDB;PCdoB;PDT;PP;PSB;PSD;PSOL;PT;REDE;REPUBLICANOS,MDB;PCdoB;PDT;PP;PSB;PSD;PSOL;PT;REDE;REPUBLICANOS,,,,established,,,
2026-03-08,lula_3,lula_3-2025-12-23,lula_3-2026-01-15,primary_adjudicated,MDB;PCdoB;PDT;PP;PSB;PSD;PSOL;PT;REDE;REPUBLICANOS,MDB;PCdoB;PDT;PP;PSB;PSD;PSOL;PT;REDE;REPUBLICANOS,MDB;PCdoB;PDT;PP;PSB;PSD;PSOL;PT;REDE;REPUBLICANOS,,,,established,,,
2026-03-09,lula_3,lula_3-2025-12-23,lula_3-2026-01-15,primary_adjudicated,MDB;PCdoB;PDT;PP;PSB;PSD;PSOL;PT;REDE;REPUBLICANOS,MDB;PCdoB;PDT;PP;PSB;PSD;PSOL;PT;REDE;REPUBLICANOS,MDB;PCdoB;PDT;PP;PSB;PSD;PSOL;PT;REDE;REPUBLICANOS,,,,established,,,
2026-03-10,lula_3,lula_3-2025-12-23,lula_3-2026-01-15,primary_adjudicated,MDB;PCdoB;PDT;PP;PSB;PSD;PSOL;PT;REDE;REPUBLICANOS,MDB;PCdoB;PDT;PP;PSB;PSD;PSOL;PT;REDE;REPUBLICANOS,MDB;PCdoB;PDT;PP;PSB;PSD;PSOL;PT;REDE;REPUBLICANOS,,,,established,,,
2026-03-11,lula_3,lula_3-2025-12-23,lula_3-2026-01-15,primary_adjudicated,MDB;PCdoB;PDT;PP;PSB;PSD;PSOL;PT;REDE;REPUBLICANOS,MDB;PCdoB;PDT;PP;PSB;PSD;PSOL;PT;REDE;REPUBLICANOS,MDB;PCdoB;PDT;PP;PSB;PSD;PSOL;PT;REDE;REPUBLICANOS,,,,established,,,
2026-03-12,lula_3,lula_3-2025-12-23,lula_3-2026-01-15,primary_adjudicated,MDB;PCdoB;PDT;PP;PSB;PSD;PSOL;PT;REDE;REPUBLICANOS,MDB;PCdoB;PDT;PP;PSB;PSD;PSOL;PT;REDE;REPUBLICANOS,MDB;PCdoB;PDT;PP;PSB;PSD;PSOL;PT;REDE;REPUBLICANOS,,,,established,,,
2026-03-13,lula_3,lula_3-2025-12-23,lula_3-2026-01-15,primary_adjudicated,MDB;PCdoB;PDT;PP;PSB;PSD;PSOL;PT;REDE;REPUBLICANOS,MDB;PCdoB;PDT;PP;PSB;PSD;PSOL;PT;REDE;REPUBLICANOS,MDB;PCdoB;PDT;PP;PSB;PSD;PSOL;PT;REDE;REPUBLICANOS,,,,established,,,
2026-03-14,lula_3,lula_3-2025-12-23,lula_3-2026-01-15,primary_adjudicated,MDB;PCdoB;PDT;PP;PSB;PSD;PSOL;PT;REDE;REPUBLICANOS,MDB;PCdoB;PDT;PP;PSB;PSD;PSOL;PT;REDE;REPUBLICANOS,MDB;PCdoB;PDT;PP;PSB;PSD;PSOL;PT;REDE;REPUBLICANOS,,,,established,,,
2026-03-15,lula_3,lula_3-2025-12-23,lula_3-2026-01-15,primary_adjudicated,MDB;PCdoB;PDT;PP;PSB;PSD;PSOL;PT;REDE;REPUBLICANOS,MDB;PCdoB;PDT;PP;PSB;PSD;PSOL;PT;REDE;REPUBLICANOS,MDB;PCdoB;PDT;PP;PSB;PSD;PSOL;PT;REDE;REPUBLICANOS,,,,established,,,
2026-03-16,lula_3,lula_3-2025-12-23,lula_3-2026-01-15,primary_adjudicated,MDB;PCdoB;PDT;PP;PSB;PSD;PSOL;PT;REDE;REPUBLICANOS,MDB;PCdoB;PDT;PP;PSB;PSD;PSOL;PT;REDE;REPUBLICANOS,MDB;PCdoB;PDT;PP;PSB;PSD;PSOL;PT;REDE;REPUBLICANOS,,,,established,,,
2026-03-17,lula_3,lula_3-2025-12-23,lula_3-2026-01-15,primary_adjudicated,MDB;PCdoB;PDT;PP;PSB;PSD;PSOL;PT;REDE;REPUBLICANOS,MDB;PCdoB;PDT;PP;PSB;PSD;PSOL;PT;REDE;REPUBLICANOS,MDB;PCdoB;PDT;PP;PSB;PSD;PSOL;PT;REDE;REPUBLICANOS,,,,established,,,
2026-03-18,lula_3,lula_3-2025-12-23,lula_3-2026-01-15,primary_adjudicated,MDB;PCdoB;PDT;PP;PSB;PSD;PSOL;PT;REDE;REPUBLICANOS,MDB;PCdoB;PDT;PP;PSB;PSD;PSOL;PT;REDE;REPUBLICANOS,MDB;PCdoB;PDT;PP;PSB;PSD;PSOL;PT;REDE;REPUBLICANOS,,,,established,,,
2026-03-19,lula_3,lula_3-2025-12-23,lula_3-2026-01-15,primary_adjudicated,MDB;PCdoB;PDT;PP;PSB;PSD;PSOL;PT;REDE;REPUBLICANOS,MDB;PCdoB;PDT;PP;PSB;PSD;PSOL;PT;REDE;REPUBLICANOS,MDB;PCdoB;PDT;PP;PSB;PSD;PSOL;PT;REDE;REPUBLICANOS,,,,established,,,
