evidence_id,asserted_fact,source_locator,publisher,publication_date,retrieval_date,access_status,rationale
BOL-E03,Historical statute distinguishes temporary suspension of affiliate rights (art21 III and §2) from expulsion with cancellation (art21 VII). Appeal suspensive effect depends on an express grant by rapporteur under art23 V.,https://static.poder360.com.br/2023/09/Estatuo-Partido-Novo.pdf,"Partido Novo/TSE historical statute, copy hosted Poder360",2018-04-26,,HTTP200_local_pdf_text_and_targeted_OCR_reviewed,selected
CODE-04,Provenance cross-reference only; consult the named retained evidence/decision ledger. Not independent corroboration.,research/inherited/CODE-04,enclosed handoff cross-reference,,,cross_reference_not_independent_evidence,Retains original ledger locator without claiming a newly retrieved historical source.
LEG record for Quintella,Provenance cross-reference only; consult the named retained evidence/decision ledger. Not independent corroboration.,research/inherited/LEG record for Quintella,enclosed handoff cross-reference,,,cross_reference_not_independent_evidence,Retains original ledger locator without claiming a newly retrieved historical source.
"MAIN_AUDIT_REPORT.md sections 3,6",Provenance cross-reference only; consult the named retained evidence/decision ledger. Not independent corroboration.,"research/inherited/MAIN_AUDIT_REPORT.md sections 3,6",enclosed handoff cross-reference,,,cross_reference_not_independent_evidence,Retains original ledger locator without claiming a newly retrieved historical source.
OCC-005,Provenance cross-reference only; consult the named retained evidence/decision ledger. Not independent corroboration.,research/inherited/OCC-005,enclosed handoff cross-reference,,,cross_reference_not_independent_evidence,Retains original ledger locator without claiming a newly retrieved historical source.
OFF-031–OFF-034,Provenance cross-reference only; consult the named retained evidence/decision ledger. Not independent corroboration.,research/inherited/OFF-031–OFF-034,enclosed handoff cross-reference,,,cross_reference_not_independent_evidence,Retains original ledger locator without claiming a newly retrieved historical source.
OFFICE-COVERAGE-SCREEN,Provenance cross-reference only; consult the named retained evidence/decision ledger. Not independent corroboration.,inputs/decisions.csv#OFFICE-COVERAGE-SCREEN,enclosed handoff cross-reference,,,cross_reference_not_independent_evidence,Retains original ledger locator without claiming a newly retrieved historical source.
R13,Provenance cross-reference only; consult the named retained evidence/decision ledger. Not independent corroboration.,inputs/decisions.csv#R13,enclosed handoff cross-reference,,,cross_reference_not_independent_evidence,Retains original ledger locator without claiming a newly retrieved historical source.
office_audit/occupancy_discrepancies.csv,Provenance cross-reference only; consult the named retained evidence/decision ledger. Not independent corroboration.,research/inherited/office_audit/occupancy_discrepancies.csv,enclosed handoff cross-reference,,,cross_reference_not_independent_evidence,Retains original ledger locator without claiming a newly retrieved historical source.
office_audit/pinned_source_rows.csv,Provenance cross-reference only; consult the named retained evidence/decision ledger. Not independent corroboration.,research/inherited/office_audit/pinned_source_rows.csv,enclosed handoff cross-reference,,,cross_reference_not_independent_evidence,Retains original ledger locator without claiming a newly retrieved historical source.
prior_evidence_assertions.csv,Provenance cross-reference only; consult the named retained evidence/decision ledger. Not independent corroboration.,research/inherited/prior_evidence_assertions.csv,enclosed handoff cross-reference,,,cross_reference_not_independent_evidence,Retains original ledger locator without claiming a newly retrieved historical source.
BOL-L01,"Reporting his possession the previous day, the columnist explicitly says Sidônio declared that he had no party affiliation and would serve the whole government.",https://www.em.com.br/colunistas/luiz-carlos-azedo/2025/01/7034810-missao-de-sidonio-e-alavancar-a-lideranca-moral.html,Estado de Minas / Luiz Carlos Azedo,2025-01-15,,direct web open: full article text retrieved,Accepted as contemporary person-specific no-party assertion dated to January 14 possession.
BOL-E22,Contemporary account reproduces DOU acts for nine replacements and explicitly identifies Cristiane as affiliated to Republicanos. Braga Netto replacement not included until April1.,https://www.poder360.com.br/governo/bolsonaro-nomeia-ministros-substitutos-para-9-ministerios/,Poder360/Gabriella Soares,2022-03-31,,direct_web_open_text_reviewed,selected
BOL-E07,Interview profile expressly identifies Sachsida as currently affiliated with DEM; separate from his 2014 candidacy.,https://noticias.uol.com.br/ultimas-noticias/agencia-estado/2017/11/07/um-conselheiro-de-jair-bolsonaro.htm,"Estadão/Gilberto Amendola, hosted UOL",2017-11-07,,direct_web_open_text_reviewed,selected
BOL-E12,"Report says Marinho left PSDB a few days before; reproduces his confirmation. Latest possible daily boundary is June18, not June19 announcement.",https://www.cnnbrasil.com.br/politica/ministro-de-bolsonaro-marinho-deixa-o-psdb/,CNN/Daniela Lima and Renata Agostini,2020-06-19,,direct_web_open_text_reviewed,selected
BOL-E17,"DOU Ed62 section2 decree signed March30, published March31, dismisses outgoing minister and appoints incoming minister; no retroactive effect clause.",https://static.poder360.com.br/2022/03/dou-agricultura-31mar2022.pdf,"Diário Oficial da União, reproduction hosted Poder360",2022-03-31,,direct_web_pdf_text_reviewed,selected
BOL-E18,"DOU Ed62 section2 decree signed March30, published March31, dismisses outgoing minister and appoints incoming minister; no retroactive effect clause.",https://static.poder360.com.br/2022/03/dou-familia-31mar2022.pdf,"Diário Oficial da União, reproduction hosted Poder360",2022-03-31,,direct_web_pdf_text_reviewed,selected
BOL-E19,"DOU Ed62 section2 decree signed March30, published March31, dismisses outgoing minister and appoints incoming minister; no retroactive effect clause.",https://static.poder360.com.br/2022/03/dou-insfraestrutura-31mar2022.pdf,"Diário Oficial da União, reproduction hosted Poder360",2022-03-31,,direct_web_pdf_text_reviewed,selected
BOL-E20,"DOU Ed62 section2 decree signed March30, published March31, dismisses outgoing minister and appoints incoming minister; no retroactive effect clause.",https://static.poder360.com.br/2022/03/dou-turismo-31mar2022.pdf,"Diário Oficial da União, reproduction hosted Poder360",2022-03-31,,direct_web_pdf_text_reviewed,selected
V5W7E001,Ana Carla participated as acting Tourism minister in the Orla agreement ceremony on 2025-11-14; the previously retained prospective event is retrospectively confirmed.,https://minutomt.com.br/geral/brasil-mundo/ministerio-do-turismo-assina-acordo-interministerial-na-cop3o-para-dar-novo-impulso-ao-programa-orla/,"Ministerio do Turismo / Livia Albernaz, reproduced by MinutoMT",2025-11-14,2026-09-10,full_attributed_post_event_reproduction_original_gov_page_unavailable,"The attributed ministry report describes a ceremony already held on Friday14, names Ana Carla as acting minister and reports her remarks. Independent post-event reporting was also located. This verifies an actual ministerial event, not all-day exclusive incumbency or the later closing state; the signature/event alone cannot establish titular absence. Original gov URL returned403 or login redirect; attribution and original URL are preserved in the reproduction."
V5W7E004,A December6 Folhapress retrospective independently reports Sabino reassumed on December4; targeted original Chamber-diary review did not locate an assumption record resolving the existing December4-6 conflict.,https://www.acessa.com/politica/2023/12/190467-ministros-do-centrao-encaram-obstaculos-para-ampliar-alianca-de-lula-no-congresso.html,"Folhapress / Victoria Azevedo, reproduced by Acessa; Camara dos Deputados",2023-12-06,2026-09-10,full_report_and_official_diary_dispatch_review_retained,"The report says Sabino reassumed Monday4 and attended the Senate meeting that day; it is retrospective, not merely the decree publication. This corroborates already retained CNN/Senate evidence but does not eliminate the contrary actual December5 parliamentary roll call or December6 legislative licence. Text searches and targeted OCR of dispatch sections in nine December6-16 diaries located no exact handoff record; that bounded search failure proves no absence."
C067,Paulo Pedrosa: documented earlier personal PSDB membership and retrospective nonpartisan ministry description bound the credible affiliation alternatives; exact personal status remains unresolved,https://www.folhadelondrina.com.br/politica/programa-do-psdb-tenta-esclarecer-pacote-fiscal-51321.html;https://www.paranoaenergia.com.br/opiniao-do-editor/2018/02/21/batata-assa-para-o-lado-de-paulo-pedrosa/;https://www.paranoaenergia.com.br/manchete/2019/01/22/paulo-pedrosa-volta-presidencia-da-abrace/;https://www.paranoaenergia.com.br/opiniao-do-editor/2019/11/14/politicos-com-olho-grande-no-mme/;https://www12.senado.leg.br/noticias/materias/2001/05/02/diretor-indicado-da-aneel-anuncia-que-governo-devera-adotar-racionamento,"Agencia Estado/Folha de Londrina; Mauricio Correa, Paranoa Energia; Senado Federal",1997-11-22;2018-02-21;2019-01-22;2019-11-14;2001-05-02,2026-09-10,indexed_source_text;direct_open_failed_for_some_pages,"Preserve unresolved personal status between PSDB and UNAFFILIATED, rather than claim an exact departure date. Agencia Estado on November 22 1997 identifies Pedrosa as national PSDB executive secretary; contemporaneous February 21 2018 specialist reporting explicitly describes him as a former card-carrying tucano, connecting the same person to his subsequent Aneel and MME career. The January 22 2019 profile connects his departure from party politics before Aneel to his 2016-18 ministry service; November 14 2019 reporting retrospectively describes the ministry executive team under his command as apartidarios. The latter collective description is weaker than a personal affiliation certificate and does not establish the date of formal departure. These sources nevertheless bound the supported alternatives to continued PSDB affiliation or non-affiliation during the six service spells. Targeted searches for a new affiliation, departure or denial found no specific other-party event; PCdoB results concern a different cultural official. The alternatives are a documented historical adjudication, not a proof of every imaginable affiliation. Other qualifying ministers must independently represent PSDB throughout each spell before the builder can establish the aggregate; the personal record remains UNKNOWN. Formal vacancy service under C041 remains included, with no invented continuity of the departed titular."
OFF-013,2017 law explicitly lists MDIC and Segov minister status; present source allowlist omits both despite retained raw person rows.,https://www.planalto.gov.br/ccivil_03/_ato2015-2018/2017/lei/l13502.htm,Presidência da República,2017-11-03,,inherited_audit,
OFF-010,"AMB president attended March3 transmission ceremony for new Justice minister; this establishes actual entry, unlike Decotelli.",https://www.amb.com.br/ministro-wellington-cesar-toma-posse-como-novo-ministro-da-justica/,Associação dos Magistrados Brasileiros,2016-03-03,,inherited_audit,
OFF-004,"Article25 enumerates ministries and extends Minister of State treatment to named presidential offices, AGU and BCB; historical amendments must be selected as of January2015 rather than reading latest strikethrough text.",https://www.planalto.gov.br/ccivil_03/leis/2003/l10.683.htm,Presidência da República,2003-05-29,,inherited_audit,
OFF-019,BCB president explicitly holds Minister of State status pending autonomy.,https://www.planalto.gov.br/ccivil_03/_ato2019-2022/2019/lei/l13844.htm,Presidência da República,2019-06-18,,inherited_audit,
OFF-009,CJF official DOU digest records Jaques Wagner appointment to Gabinete Pessoal and Wellington César dismissal from Justice.,https://www.cjf.jus.br/cjf/noticias/2016-1/marco/douinforme-17-03-1.2016,Conselho da Justiça Federal,2016-03-17,,inherited_audit,
OFF-022,Campos Neto took office in private ceremony February28; later public transmission ceremony was separate.,https://noticias.uol.com.br/ultimas-noticias/agencia-brasil/2019/02/28/campos-neto-toma-posse-como-presidente-do-banco-central.htm,Agência Brasil/UOL,2019-02-28,,inherited_audit,
OFF-007,Ceremony for ten reshuffled ministers scheduled for2015-10-05; source dates2015-10-02 therefore cannot automatically establish actual service.,https://legis.senado.leg.br/escriba-servicosweb/sessao/pdf/3585,Senado Federal,2015-10-05,,inherited_audit,
OFF-041,"Chamber diary explicitly states July18 taking-office date, communication receivedJuly21; August3 ceremony cannot replace actual service.",https://imagem.camara.gov.br/Imagem/d/pdf/DCD0020230722001330000.PDF,Câmara dos Deputados,2023-07-22,,inherited_audit,
OFF-017,Contemporaneous report says Edson Duarte is affiliated with PV and assumed ministry in April.,https://www.correiobraziliense.com.br/app/noticia/cidades/2018/11/21/interna_cidadesdf%2C720566/ibaneis-anuncia-mais-quatro-secretarios-para-o-novo-governo.shtml,Correio Braziliense,2018-11-21,,inherited_audit,
OFF-045,Contemporary report explicitly says Durigan took office morningMarch20.,https://www.jornaldocomercio.com/economia/2026/03/1241617-novo-ministro-durigan-diz-que-trabalho-na-fazenda-sera-de-continuidade-da-gestao-haddad.html,Jornal do Comércio,2026-03-20,,inherited_audit,
OFF-047,Contemporary report records Lula signing termMarch17 and Wagner/Mauro/Eugênio ceremony same day; suspension legal history must be resolved separately.,https://www.correio24horas.com.br/brasil/sob-protestos-ex-presidente-lula-toma-posse-como-ministro-da-casa-civil-0316,Correio,2016-03-17,,inherited_audit,
OFF-025,DOU decree publishedMarch31 appoints Oliveira to Labor/Previdência. Contemporary ceremony account says he signed term that morning.,https://sintse.tse.jus.br/documentos/2022/Mar/31/para-conhecimento-institucional/decretos-de-30-de-marco-de-2022-exonera-a-pedido-tarcisio-gomes-de-freitas-do-cargo-de-ministro-de-e,Imprensa Nacional via TSE,2022-03-31,,inherited_audit,
OFF-044,Decrees signedMarch19 are in March20 DOU; Dario appointed and Haddad dismissed.,https://static.poder360.com.br/2026/03/Lula-exonera-Haddad-DOU-19-mar-2026.pdf,Imprensa Nacional via Poder360,2026-03-20,,inherited_audit,
OFF-038,Decreto12169 reorganizes Casa Civil and creates subordinate temporary reconstruction support secretariat; effective clauses must distinguish administrative reorganization from MP ministerial cargo expiry.,https://www.planalto.gov.br/ccivil_03/_ato2023-2026/2024/decreto/d12169.htm,Presidência da República,2024-09-10,,inherited_audit,
OFF-001,Existing analysis starts 2015-01-01; source snapshot ends 2026-03-19 inclusive.,scraping/data/cabinet_source_snapshot.json; scraping/reconstruct_cabinet_timeline.py,Local research project,2026-08-28,,inherited_audit,
OFF-002,"Four relevant pinned cabinet tables contain 273 person rows after removing 3 structural rows; 257 included keys plus 16 omitted person rows. This is a source inventory, not certified officeholding census.",scraping/data/wikipedia_pinned/,Local scratch inspection of pinned Wikimedia tables,,,inherited_audit,
OFF-018,January3 report says executive secretary assumes MDIC after Marcos Pereira resignation; source January4 start requires effective-service reconciliation.,https://exame.com/brasil/secretario-executivo-vai-comandar-mdic-ate-definicao-de-temer,Exame/Agência Brasil,2018-01-03,,inherited_audit,
OFF-020,"LC179 transforms Minister of State President of BCB into Natureza Especial president and repeals ministry-status clause, effective publication2021-02-25.",https://www.planalto.gov.br/ccivil_03/leis/lcp/lcp179.htm,Presidência da República,2021-02-25,,inherited_audit,
OFF-016,"MMA explicitly calls Duarte substitute minister in April24 official activity account, during vacancy after Sarney Filho departure.",https://antigo.mma.gov.br/informma/item/14741-noticia-acom-2018-04-2968.html,Ministério do Meio Ambiente,2018-04-24,,inherited_audit,
OFF-023,"MP1058 creates ministry and Minister of State cargo; legal effective creation is publication2021-07-28, not2019 source date.",https://www.planalto.gov.br/ccivil_03/_ato2019-2022/2021/mpv/mpv1058.htm,Presidência da República,2021-07-28,,inherited_audit,
OFF-035,"MP1154 enumerates ordinary ministries and presidential chiefs with Minister of State status including Secom, SRI, SG, Casa Civil, GSI and AGU.",https://www.planalto.gov.br/ccivil_03/_ato2023-2026/2023/mpv/mpv1154.htm,Presidência da República,2023-01-01,,inherited_audit,
OFF-036,"MP1187 creates ministry and Minister of State cargo, effective extra-edition publicationSeptember13.",https://www.planalto.gov.br/ccivil_03/_ato2023-2026/2023/mpv/mpv1187.htm,Presidência da República,2023-09-13,,inherited_audit,
OFF-037,"MP1220 creates extraordinary secretariat and named Minister of State post, effectiveMay15; statutory expiry formula is not itself September10/12.",https://www.planalto.gov.br/ccivil_03/_ato2023-2026/2024/mpv/mpv1220.htm,Presidência da República,2024-05-15,,inherited_audit,
OFF-005,MP696 abolishes ministerial posts and transforms others. Cargo transformations/extinctions take immediate effect on publication 2015-10-05; changes to organ structures await respective regimental decrees.,https://www.planalto.gov.br/ccivil_03/_ato2015-2018/2015/mpv/mpv696.htm,Presidência da República,2015-10-05,,inherited_audit,
OFF-012,"MP726 takes effect2016-05-12, immediately for cargo transformations/extinctions; organ structure changes have separate effective clauses. Revokes MP717.",https://www.planalto.gov.br/ccivil_03/_ato2015-2018/2016/mpv/mpv726.htm,Presidência da República,2016-05-12,,inherited_audit,
OFF-014,MP768 creates/re-establishes these ministerial posts; legal creation is distinct from first occupants February3.,https://www.planalto.gov.br/ccivil_03/_ato2015-2018/2017/mpv/mpv768.htm,Presidência da República,2017-02-03,,inherited_audit,
OFF-048,"MP980 creates Communications ministry from previous science/communications structure; exact cargo change is June10 extra edition, prior Fábio service startsJune17.",https://www.planalto.gov.br/ccivil_03/_ato2019-2022/2020/mpv/mpv980.htm,Presidência da República,2020-06-10,,inherited_audit,
OFF-049,Marcos Jorge listed as PRB in April10 ministerial ceremony roster.,https://noticias.uol.com.br/politica/ultimas-noticias/2018/04/10/temer-da-posse-a-novos-ministros.htm,UOL,2018-04-10,,inherited_audit,
OFF-008,"Natureza Especial personal cabinet chief becomes a Minister of State post, immediately on extra-edition publication2016-03-16.",https://www.planalto.gov.br/ccivil_03/_ato2015-2018/2016/mpv/mpv717.htm,Presidência da República,2016-03-16,,inherited_audit,
OFF-032,Official Chamber diary records Onyx request for leave effective2018-11-05 to exercise Minister of State Extraordinário office.,https://imagem.camara.gov.br/Imagem/d/pdf/DCD0020181106001810000.PDF,Câmara dos Deputados,2018-11-06,,inherited_audit,
OFF-026,Official Cámara biography gives parliamentary leave from2021-03-31 to assume Segov.,https://www.camara.leg.br/deputados/204354/biografia,Câmara dos Deputados,,,inherited_audit,
OFF-024,Official Câmara leave begins2021-07-28 to assume Labor/Previdência ministry.,https://www.camara.leg.br/deputados/74399/biografia,Câmara dos Deputados,,,inherited_audit,
OFF-015,"Official MMA gallery lists Edson Duarte as minister April2018 to January2019. The source blank office cell caused omission, not lawful exclusion.",https://www.gov.br/mma/pt-br/acesso-a-informacao/institucional-quem-e-quem/1-1-estrutura-organizacional-organograma/galeria-de-ministros,Ministério do Meio Ambiente,,,inherited_audit,
OFF-028,Official Segov account dates public possession ceremony2021-04-06.,https://www.gov.br/sri/pt-br/backup-secretaria-de-governo/assuntos/noticias/ultimas-noticias-1/ministra-flavia-arruda-toma-posse-na-secretaria-de-governo-da-presidencia-da-republica/,Secretaria de Governo,2021-04-06,,inherited_audit,
OFF-021,Official gallery: Tombini2011-01-01 to2016-06-09; Ilan2016-06-09 to2019-02-28; Campos Neto2019-02-28 onward. Gallery explicitly uses decree-publication dates and excludes vacation/travel substitutes.,https://bcb.gov.br/acessoinformacao/galeriaexpresidentes,Banco Central do Brasil,,,inherited_audit,
OFF-042,Official presidency account distinguishes September27 ceremony from performance of duties sinceSeptember11.,https://agenciagov.ebc.com.br/noticias/202409/presidente-empossa-nova-ministra-de-direitos-humanos-e-da-cidadania-macae-evaristo,Presidência da República/Agência Gov,2024-09-27,,inherited_audit,
OFF-027,Official responsibility roster separates appointment-act date and management period: Flávia decreeMarch30/managementMarch31; Ramos CasaCivil managementApril1; Ramos SGJuly28. Ciro row has apparently inconsistent March30 appointment date.,https://www.gov.br/secretariageral/pt-br/acesso-a-informacao/transparencia-e-prestacao-de-contas-pr/2021/rol-de-responsaveis-30jul2021_primeiro-envio-da-digep.pdf,Secretaria-Geral/Presidência,2021-07-30,,inherited_audit,
OFF-033,"Onyx signs administrative appointment as Minister of State Extraordinary transition coordinator December11, citing November1 appointment decree.",https://pesquisa.in.gov.br/imprensa/servlet/INPDFViewer?captchafield=firstAccess&data=12%2F12%2F2018&jornal=529&pagina=1,Imprensa Nacional,2018-12-12,,inherited_audit,
OFF-031,"President may appoint transition coordinator Minister Extraordinário only if federal legislator; this is a separate option from CETG-VII, which then cannot be filled.",https://www.planalto.gov.br/ccivil_03/leis/2002/l10609.htm,Congresso Nacional/Presidência,2002-12-23,,inherited_audit,
OFF-030,Presidential agenda reported July8 includes Vogel as acting Education minister; source malformed multiple dates must not cause complete disappearance.,https://www2.senado.leg.br/bdsf/bitstream/handle/id/575327/noticia.html?isAllowed=y&sequence=1,Correio Braziliense archived by Senado,2020-07-08,,inherited_audit,
OFF-006,Previdência cargo transforms to Trabalho e Previdência; Secretaria-Geral cargo to Secretaria de Governo; Direitos Humanos cargo to Mulheres/Igualdade Racial/Direitos Humanos.,https://www.planalto.gov.br/ccivil_03/_ato2015-2018/2015/mpv/mpv696.htm,Presidência da República,2015-10-05,,inherited_audit,
OFF-040,"Prior Casa Civil account says September12 expiry/return, versus pinnedSeptember10; current official page is temporarily disabled due election rules.",https://agenciagov.ebc.com.br/noticias/202409/secretaria-da-reconstrucao-rio-grande-sul-casa-civil,Casa Civil/Agência Gov,2024-09-10,,inherited_audit,
OFF-029,Prior audit official DOU lead renders June25 appointment ineffective; contemporary reporting says he never assumed office.,https://pesquisa.in.gov.br/imprensa/servlet/INPDFViewer?captchafield=firstAccess&data=01%2F07%2F2020&jornal=529&pagina=1,Imprensa Nacional,2020-07-01,,inherited_audit,
OFF-046,Prior official ceremony account datesJanuary15; prior evidence also reports signing aJanuary14 act as minister.,https://agenciagov.ebc.com.br/noticias/202601/presidente-lula-empossa-novo-ministro-da-justica-e-seguranca-publica-wellington-cesar-lima-e-silva,Presidência da República/Agência Gov,2026-01-15,,inherited_audit,
OFF-043,Public term-of-office ceremony occursJanuary14; same-day DOU appoints Sidônio and dismisses Pimenta. January7 source start is announcement.,https://www.gov.br/mds/pt-br/noticias-e-conteudos/desenvolvimento-social/noticias-desenvolvimento-social/em-cerimonia-de-posse-ministro-sidonio-palmeira-defende-combate-as-fake-news/,Ministério do Desenvolvimento e Assistência Social,2025-01-14,,inherited_audit,
OFF-011,Reuters reports March9 STF decision requiring choice between MP career and ministerial office; a later judicial problem is not proof no initial service occurred.,https://noticias.uol.com.br/ultimas-noticias/reuters/2016/03/09/wellington-cesar-tera-de-deixar-mp-caso-queira-ser-ministro-da-justica-decide-stf.htm,Reuters/UOL,2016-03-09,,inherited_audit,
OFF-039,September12 DOU mirror records Pimenta appointment to Secom and Hassen appointment as temporary CCE1.17 reconstruction secretary.,https://www.escavador.com/diarios/5963538/DOU/secao-2/2024-09-12,Imprensa Nacional via Escavador,2024-09-12,,inherited_audit,
OFF-034,"TCU analysis distinguishes Alckmin CETG from statutory extraordinary minister: not a federal legislator, but equivalent hierarchy for admissibility of that consultation.",https://pesquisa.apps.tcu.gov.br/documento/acordao-completo/Ac%25C3%25B3rd%25C3%25A3o%2520169%252F2021%2520Plen%25C3%25A1rio/%2520%2520%2520/DTRELEVANCIA%2520desc%252C%2520NUMACORDAOINT%2520desc/2,Tribunal de Contas da União,,,inherited_audit,
OFF-050,"The party lists one serving minister, Marcos Jorge, in its May2018 organizational inventory.",https://republicanos10.org.br/wp-content/uploads/dlm_uploads/2015/09/quadro-prb-hoje-com-dados-eleicoes-2016-3.pdf,PRB/Republicanos,2018-05,,inherited_audit,
OFF-051,Torres took office in Justice and Mendonça returned to AGU in closed ceremonies reportedMarch30.,https://economia.uol.com.br/noticias/reuters/2021/03/30/anderson-torres-toma-posse-na-justica-e-mendonca-reassume-agu-em-cerimonias-fechadas.amp.htm,Reuters/UOL,2021-03-30,,inherited_audit,
OFF-003,load_allowed_roles reads an undated serialized Wikipedia-derived list; extract_records silently skips unmatched labels. No legal status date gates exist.,scraping/reconstruct_cabinet_timeline.py,Local research project,,,inherited_audit,
C005,Prior evidence LEG-4e35512833d0 records explicit PT membership before the April 2016 acting tenure.,"https://www1.folha.uol.com.br/fsp/brasil/fc2410200702.htm | https://www.correiobraziliense.com.br/app/noticia/economia/2011/03/25/internas_economia,244489/para-acalmar-pt-e-pmdb-dilma-rousseff-muda-comando-da-caixa.shtml",Folha de S.Paulo; Correio Braziliense,2007-10-24;2011-03-25,2026-09-10,inherited_specific_affiliation_assertion_reexamined,"Apply the same forward-continuity rule used for affiliated incumbents after targeted departure/expulsion searches. No documented departure was found. Retain conflicting Spanish cabinet compilation no-party label as person-level alternative; PT has independent witnesses throughout, so uncertainty is composition-neutral."
V5W5E004,"Jonathas Petrobras reference filing contains independence and PEP declarations, not personal non-affiliation",https://www.latibex.com/docs/Documentos/LED/2022/09/21/TRACN_20220920_000000_A99_120659_20220101_DOC001.pdf,Petrobras issuer filing hosted by Latibex,2022-09-20,2026-09-10,issuer_original_pdf_retrieved_scoped_pages_reviewed,"Newly retrieved issuer-authored Petrobras 2022 reference form version 7, available in Latibex September 21 2022, identifies the exact full name and Casa Civil office. Physical page 532 (printed page 527) records self-declared corporate independence, politically exposed person status and absence of specified convictions. Physical pages 526,538,572,574,575 add board appointment, committee/subordination information. None states personal party affiliation or non-affiliation. The N/A rows concern a different disclosure field and cannot be recoded as unaffiliated. Legacy Petrobras assembly link fails DNS; official August 15 2022 announcement confirms nomination only. Retain UNKNOWN for December 30-31 2022; these findings also cannot resolve March 30 2021 and are not backprojected there."
LEG-6eb6d5643016,Agência Brasil appointment-day biography explicitly states PT affiliation since the 1980s.,https://exame.com/brasil/dilma-da-posse-aos-ministros-da-justica-da-agu-e-da-cgu/,not_normalized_in_prior_ledger,2016-03-03,,not_individually_retrieved_by_inventory_projection,
LEG-f3dd9541904a,Agência Brasil appointment-day report explicitly says unaffiliated after leaving Podemos; PP membership prospective.,https://exame.com/brasil/nomeacao-de-baldy-para-cidades-e-publicada-no-diario-oficial/,not_normalized_in_prior_ledger,2017-11-22,,not_individually_retrieved_by_inventory_projection,
LEG-607f4976d0f0,Agência Brasil report identifies Onyx as DEM when appointed to the Secretariat-General.,https://jc.uol.com.br/politica/2021/02/12029749-bolsonaro-nomeia-deputado-joao-roma-para-o-ministerio-da-cidadania.html,not_normalized_in_prior_ledger,2021-02-12,,not_individually_retrieved_by_inventory_projection,
LEG-e0e860c3a1e2,Agência Brasil report of appointment identifies João Roma as Republicanos.,https://jc.uol.com.br/politica/2021/02/12029749-bolsonaro-nomeia-deputado-joao-roma-para-o-ministerio-da-cidadania.html,not_normalized_in_prior_ledger,2021-02-12,,not_individually_retrieved_by_inventory_projection,
LEG-7076a873efe6,Appointment announcement explicitly identifies PMDB affiliation; November 2015 PDT entry is later.,https://www.gazetadopovo.com.br/vida-publica/dilma-faz-a-primeira-troca-ministerial-do-segundo-mandato-ejjoezl52abzjdoyyx324m2q6/,not_normalized_in_prior_ledger,2015-02-03,,not_individually_retrieved_by_inventory_projection,
LEG-27cb82daf344,Appointment announcement identifies Pontes as PSL; the November 26 incoming-cabinet roster independently agrees.,https://noticias.uol.com.br/ultimas-noticias/agencia-estado/2018/10/31/bolsonaro-confirma-marcos-pontes-para-o-ministerio-da-ciencia-e-tecnologia.htm,not_normalized_in_prior_ledger,2018-10-31,,not_individually_retrieved_by_inventory_projection,Later PL membership must not be back-projected; this PSL origin survives the 2020 tourism replacement and the 2022 merger.
LEG-4bd5de62c2aa,Appointment profile describes PMDB nomination and technical credentials but does not establish formal affiliation. Applies separately to both Dilma and Temer appointment records.,https://carf.economia.gov.br/acesso-a-informacao/imprensa/marco-2016/30_03_2016.pdf,not_normalized_in_prior_ledger,2016-03-30,,not_individually_retrieved_by_inventory_projection,Diagnostic only: unresolved party is not an unaffiliated classification; do not use in production.
LEG-b9d4dcb53939,Appointment profile describes PMDB nomination and technical credentials but does not establish formal affiliation. Applies separately to both Dilma and Temer appointment records.,https://carf.economia.gov.br/acesso-a-informacao/imprensa/marco-2016/30_03_2016.pdf,not_normalized_in_prior_ledger,2016-03-30,,not_individually_retrieved_by_inventory_projection,Diagnostic only: unresolved party is not an unaffiliated classification; do not use in production.
LEG-e5f7ea3a676b,Appointment profile states never affiliated with PT; consistent explicit independent classification in January and October 2015 directories.,https://m.folha.uol.com.br/mercado/2015/12/1720985-conheca-o-novo-ministro-da-fazenda-nelson-barbosa.shtml,not_normalized_in_prior_ledger,2015-12-18,,not_individually_retrieved_by_inventory_projection,
LEG-bca3c6c6edac,Appointment report does not explicitly identify party; September roster says no party without establishing May appointment status.,https://noticias.uol.com.br/politica/ultimas-noticias/2024/05/15/pimenta-e-novo-ministro-de-reconstrucao-do-rs-informa-diario-oficial.htm | https://www.cartacapital.com.br/politica/com-macae-nos-direitos-humanos-veja-a-divisao-da-esplanada-dos-ministerios-por-partidos/,not_normalized_in_prior_ledger,2024-05-15 | 2024-09-09,,not_individually_retrieved_by_inventory_projection,INCLUDED_UNRESOLVED in diagnostic with original dates. Additional bounded search did not establish party on the retained appointment date; no affiliation inferred from pinned party label or career.
LEG-84e6fcc03e23,Appointment report explicitly identifies Márcia Lopes as PT.,https://www.estadaomatogrosso.com.br/brasil/lula-demite-cida-goncalves-e-escolhe-marcia-lopes-como-nova-ministra/113038,not_normalized_in_prior_ledger,2025-05-05,,not_individually_retrieved_by_inventory_projection,
LEG-0183d30a8b9f,"Appointment reporting establishes retired general status but not party. Later retrospective cabinet-change summary labels him no party and is suggestive, but does not explicitly establish no affiliation on 4 May 2023.",https://www.cnnbrasil.com.br/politica/lula-confirma-escolha-do-general-amaro-para-ser-o-novo-ministro-do-gsi/ | https://veja.abril.com.br/coluna/radar/apos-nove-trocas-pt-tem-mais-ministerios-do-que-no-inicio-do-governo-lula/,not_normalized_in_prior_ledger,2023-05-03 | 2025-03-05,,not_individually_retrieved_by_inventory_projection,INCLUDED_UNRESOLVED in diagnostic with original dates. Additional bounded search did not establish party on the retained appointment date; no affiliation inferred from pinned party label or career.
LEG-7f1bb5c8a3de,Appointment-day Reuters report identifies PMDB.,https://odia.ig.com.br/brasil/politica/2015-04-15/henrique-alves-e-confirmado-para-o-ministerio-do-turismo.html,not_normalized_in_prior_ledger,2015-04-16,,not_individually_retrieved_by_inventory_projection,
LEG-548e8979a482,Appointment-day Valor report explicitly identifies PCdoB affiliation.,https://economia.uol.com.br/noticias/valor-online/2016/03/31/saida-de-george-hilton-do-esporte-e-publicada-no-diario-oficial.htm,not_normalized_in_prior_ledger,2016-03-31,,not_individually_retrieved_by_inventory_projection,
LEG-01028140cce5,Appointment-day profile explicitly distinguishes nomination through the União quota from no party affiliation.,https://atarde.com.br/politica/conheca-o-perfil-de-frederico-siqueira-novo-ministro-das-comunicacoes-1315545,not_normalized_in_prior_ledger,2025-04-24,,not_individually_retrieved_by_inventory_projection,
LEG-f7165c075478,Appointment-day profile identifies her as PT member.,https://www1.folha.uol.com.br/poder/2016/03/1753047-com-impasse-sobre-lula-dilma-da-bahia-assume-casa-civil.shtml,not_normalized_in_prior_ledger,2016-03-22,,not_individually_retrieved_by_inventory_projection,
LEG-21b9236f7995,Appointment-day report explicitly identifies both Padilha and Hoffmann as PT.,https://noticias.uol.com.br/politica/ultimas-noticias/2025/03/10/posse-padilha-gleisi-planalto-lula-ministerio.htm,not_normalized_in_prior_ledger,2025-03-10,,not_individually_retrieved_by_inventory_projection,
LEG-ae881085444e,Appointment-day report explicitly identifies both Padilha and Hoffmann as PT.,https://noticias.uol.com.br/politica/ultimas-noticias/2025/03/10/posse-padilha-gleisi-planalto-lula-ministerio.htm,not_normalized_in_prior_ledger,2025-03-10,,not_individually_retrieved_by_inventory_projection,
LEG-79c599cac5ac,Appointment-day report identifies PMDB leader.,https://noticias.uol.com.br/politica/ultimas-noticias/2017/02/03/temer-oficializa-quatro-novos-ministerios-e-moreira-ganha-foro-privilegiado.htm,not_normalized_in_prior_ledger,2017-02-03,,not_individually_retrieved_by_inventory_projection,
LEG-e8ffefa1056b,Appointment-day report identifies PMDB parliamentary affiliation.,https://noticias.uol.com.br/ultimas-noticias/agencia-estado/2017/03/07/temer-nomeia-serraglio-e-aloysio-nunes-e-designa-novos-membros-para-o-conselhao.htm,not_normalized_in_prior_ledger,2017-03-07,,not_individually_retrieved_by_inventory_projection,
LEG-38ee851b91b5,Appointment-day report identifies PP; April28 A União explicitly confirms individual PP membership.,https://www.polemicaparaiba.com.br/polemicas/em-posse-de-novos-ministros-temer-nao-menciona-prisoes-de-amigos/ | https://auniao.pb.gov.br/servicos/copy_of_jornal-a-uniao/2018/abril/a-uniao-28-04-2018/@@download/file/Jornal%20em%20PDF%2028-04-18.pdf,not_normalized_in_prior_ledger,2018-04-02 / 2018-04-28,,not_individually_retrieved_by_inventory_projection,
LEG-65320282090a,Appointment-day report identifies PPS; departure from PPS on March 21 was subsequent.,https://veja.abril.com.br/politica/em-posse-jungmann-critica-quem-consome-drogas-e-pede-seguranca/,not_normalized_in_prior_ledger,2018-02-27,,not_individually_retrieved_by_inventory_projection,
LEG-a7368f6c8a7a,Appointment-day report identifies PSDB parliamentary affiliation.,https://noticias.uol.com.br/ultimas-noticias/agencia-estado/2017/03/07/temer-nomeia-serraglio-e-aloysio-nunes-e-designa-novos-membros-para-o-conselhao.htm,not_normalized_in_prior_ledger,2017-03-07,,not_individually_retrieved_by_inventory_projection,
LEG-1c9c47573abc,Appointment-day report identifies the new minister as PP.,https://www.bol.uol.com.br/noticias/2023/09/13/carla-posses-discretas-de-ministros-sinalizam-desconfianca-com-centrao.htm,not_normalized_in_prior_ledger,2023-09-13,,not_individually_retrieved_by_inventory_projection,
LEG-2c6bb68fa80b,Appointment-day report identifies the new minister as PSB.,https://www.bol.uol.com.br/noticias/2023/09/13/carla-posses-discretas-de-ministros-sinalizam-desconfianca-com-centrao.htm,not_normalized_in_prior_ledger,2023-09-13,,not_individually_retrieved_by_inventory_projection,
LEG-71a45c6619da,Appointment-day report identifies the new minister as Republicanos.,https://www.bol.uol.com.br/noticias/2023/09/13/carla-posses-discretas-de-ministros-sinalizam-desconfianca-com-centrao.htm,not_normalized_in_prior_ledger,2023-09-13,,not_individually_retrieved_by_inventory_projection,
LEG-45dae6129acc,Appointment-day reporting explicitly identifies Cappelli as PSB.,https://noticias.uol.com.br/politica/ultimas-noticias/2023/04/19/ricardo-capelli-ministro-interino-gsi.amp.htm,not_normalized_in_prior_ledger,2023-04-19,,not_individually_retrieved_by_inventory_projection,
LEG-4f3b9ee61eb5,"Appointment-day reporting explicitly says Feliciano is unaffiliated, despite nomination by União allies.",https://www1.folha.uol.com.br/poder/2025/12/lula-da-posse-a-novo-ministro-do-turismo-em-aceno-a-ala-do-centrao-e-com-presenca-de-motta.shtml,not_normalized_in_prior_ledger,2025-12-23,,not_individually_retrieved_by_inventory_projection,
LEG-d0da31186ebc,"April UOL roster says MDB, July UOL roster says no party; actual affiliation versus political nomination not resolved.",https://noticias.uol.com.br/politica/ultimas-noticias/2018/04/10/temer-da-posse-a-novos-ministros.htm | https://noticias.uol.com.br/politica/ultimas-noticias/2018/07/11/a-menos-de-seis-meses-de-fim-do-governo-temer-tem-58-ministro.htm,not_normalized_in_prior_ledger,2018-04-10 / 2018-07-11,,not_individually_retrieved_by_inventory_projection,Diagnostic only: unresolved party is not an unaffiliated classification; do not use in production.
LEG-342db9e7f38f,"Arko Advice contemporaneous April reform report, page 10, explicitly labels incoming Marcos Montes as PSD.",http://www.polibiobraga.com.br/arko.pdf,not_normalized_in_prior_ledger,2022-04-07,,not_individually_retrieved_by_inventory_projection,
LEG-6e56717fdb65,"Arko Advice contemporaneous April reform report, page 10, explicitly labels incoming office-holder unaffiliated.",http://www.polibiobraga.com.br/arko.pdf,not_normalized_in_prior_ledger,2022-04-07,,not_individually_retrieved_by_inventory_projection,
LEG-70db330a83a1,"Arko Advice contemporaneous April reform report, page 10, explicitly labels incoming office-holder unaffiliated.",http://www.polibiobraga.com.br/arko.pdf,not_normalized_in_prior_ledger,2022-04-07,,not_individually_retrieved_by_inventory_projection,
LEG-c4002690b590,"Arko Advice contemporaneous April reform report, page 10, explicitly labels incoming office-holder unaffiliated.",http://www.polibiobraga.com.br/arko.pdf,not_normalized_in_prior_ledger,2022-04-07,,not_individually_retrieved_by_inventory_projection,
LEG-e0e4ca4ca8d3,"Arko Advice contemporaneous April reform report, page 10, explicitly labels incoming office-holder unaffiliated.",http://www.polibiobraga.com.br/arko.pdf,not_normalized_in_prior_ledger,2022-04-07,,not_individually_retrieved_by_inventory_projection,
LEG-8c8c4650eaeb,"Arko Advice contemporaneous April reform report, page 11, explicitly labels incoming Cristiane Britto as Republicanos.",http://www.polibiobraga.com.br/arko.pdf,not_normalized_in_prior_ledger,2022-04-07,,not_individually_retrieved_by_inventory_projection,
LEG-0561fae55600,"Arko Advice contemporaneous April reform report, page 11, explicitly labels incoming office-holder unaffiliated.",http://www.polibiobraga.com.br/arko.pdf,not_normalized_in_prior_ledger,2022-04-07,,not_individually_retrieved_by_inventory_projection,
LEG-3a3c01153d10,"Arko Advice contemporaneous April reform report, page 11, explicitly labels incoming office-holder unaffiliated.",http://www.polibiobraga.com.br/arko.pdf,not_normalized_in_prior_ledger,2022-04-07,,not_individually_retrieved_by_inventory_projection,
LEG-7a6d44294d17,"Arko Advice contemporaneous April reform report, page 11, explicitly labels incoming office-holder unaffiliated.",http://www.polibiobraga.com.br/arko.pdf,not_normalized_in_prior_ledger,2022-04-07,,not_individually_retrieved_by_inventory_projection,
LEG-68fffc6a2b22,"Bento directly reports 47 years of active service until reserve transfer on March 31, 2020. Article 142 paragraph 3 item V, introduced by constitutional amendment 18/1998, prohibits active-duty military party membership.",https://www.cnnbrasil.com.br/politica/dados-da-transparencia-mostram-salarios-de-ate-r-1-milhao-pagos-a-militares-em-2020/ | https://www.planalto.gov.br/ccivil_03/constituicao/constituicao.htm,not_normalized_in_prior_ledger,2022-08-11 | 1998-02-05,,not_individually_retrieved_by_inventory_projection,"Explicit inference from independently dated continuous active-duty status and legal prohibition, not from a blank party cell or military career alone."
LEG-62197e617b7c,"Biographical reporting explicitly says first party membership occurred in 2022; Estadão establishes PL membership from March 28, 2022.",https://diariodonordeste.verdesmares.com.br/pontopoder/eleicoes-2022/vice-de-bolsonaro-braga-netto-e-militar-da-reserva-conheca-trajetoria-1.3294579 | https://exame.com/brasil/eleicoes-2022-braga-netto-se-filia-ao-pl-em-ato-secreto/,not_normalized_in_prior_ledger,2022-10-28 | 2022-04-14,,not_individually_retrieved_by_inventory_projection,Neither February 2020 nor March 2021 appointment began under PL.
LEG-dacd12d72fdc,"Biographical reporting explicitly says first party membership occurred in 2022; Estadão establishes PL membership from March 28, 2022.",https://diariodonordeste.verdesmares.com.br/pontopoder/eleicoes-2022/vice-de-bolsonaro-braga-netto-e-militar-da-reserva-conheca-trajetoria-1.3294579 | https://exame.com/brasil/eleicoes-2022-braga-netto-se-filia-ao-pl-em-ato-secreto/,not_normalized_in_prior_ledger,2022-10-28 | 2022-04-14,,not_individually_retrieved_by_inventory_projection,Neither February 2020 nor March 2021 appointment began under PL.
LEG-3ef836b8a40d,Bloomberg interview explicitly reports his statement that he had never belonged to any political party; establishes unaffiliated status backward to 2016 appointment.,https://gestion.pe/mundo/ilan-goldfajn-expresidente-banco-central-de-brasil-quiere-despolitizar-el-bid-noticia/,not_normalized_in_prior_ledger,2022-11-17,,not_individually_retrieved_by_inventory_projection,
LEG-3adefb71d2bc,Bounded name/party/filiação and contemporary appointment searches did not locate dated formal affiliation or explicit absence evidence. Blank pinned field and technical career are insufficient.,,not_normalized_in_prior_ledger,,,not_individually_retrieved_by_inventory_projection,Diagnostic only: unresolved party is not an unaffiliated classification; do not use in production.
LEG-5932ad93e7d8,Bounded name/party/filiação and contemporary appointment searches did not locate dated formal affiliation or explicit absence evidence. Blank pinned field and technical career are insufficient.,,not_normalized_in_prior_ledger,,,not_individually_retrieved_by_inventory_projection,Diagnostic only: unresolved party is not an unaffiliated classification; do not use in production.
LEG-5bb831c94f66,Bounded name/party/filiação and contemporary appointment searches did not locate dated formal affiliation or explicit absence evidence. Blank pinned field and technical career are insufficient.,,not_normalized_in_prior_ledger,,,not_individually_retrieved_by_inventory_projection,Diagnostic only: unresolved party is not an unaffiliated classification; do not use in production.
LEG-69449ca60500,Bounded name/party/filiação and contemporary appointment searches did not locate dated formal affiliation or explicit absence evidence. Blank pinned field and technical career are insufficient.,,not_normalized_in_prior_ledger,,,not_individually_retrieved_by_inventory_projection,Diagnostic only: unresolved party is not an unaffiliated classification; do not use in production.
LEG-7a1f7e7148d0,Bounded name/party/filiação and contemporary appointment searches did not locate dated formal affiliation or explicit absence evidence. Blank pinned field and technical career are insufficient.,,not_normalized_in_prior_ledger,,,not_individually_retrieved_by_inventory_projection,Diagnostic only: unresolved party is not an unaffiliated classification; do not use in production.
LEG-8668ded98bde,Bounded name/party/filiação and contemporary appointment searches did not locate dated formal affiliation or explicit absence evidence. Blank pinned field and technical career are insufficient.,,not_normalized_in_prior_ledger,,,not_individually_retrieved_by_inventory_projection,Diagnostic only: unresolved party is not an unaffiliated classification; do not use in production.
LEG-a4defbba80f9,Bounded name/party/filiação and contemporary appointment searches did not locate dated formal affiliation or explicit absence evidence. Blank pinned field and technical career are insufficient.,,not_normalized_in_prior_ledger,,,not_individually_retrieved_by_inventory_projection,Diagnostic only: unresolved party is not an unaffiliated classification; do not use in production.
LEG-eb980c56cacd,Bounded name/party/filiação and contemporary appointment searches did not locate dated formal affiliation or explicit absence evidence. Blank pinned field and technical career are insufficient.,,not_normalized_in_prior_ledger,,,not_individually_retrieved_by_inventory_projection,Diagnostic only: unresolved party is not an unaffiliated classification; do not use in production.
LEG-f1b582114b4b,Bounded name/party/filiação and contemporary appointment searches did not locate dated formal affiliation or explicit absence evidence. Blank pinned field and technical career are insufficient.,,not_normalized_in_prior_ledger,,,not_individually_retrieved_by_inventory_projection,Diagnostic only: unresolved party is not an unaffiliated classification; do not use in production.
LEG-f2d52d14d0bb,Bounded name/party/filiação and contemporary appointment searches did not locate dated formal affiliation or explicit absence evidence. Blank pinned field and technical career are insufficient.,,not_normalized_in_prior_ledger,,,not_individually_retrieved_by_inventory_projection,Diagnostic only: unresolved party is not an unaffiliated classification; do not use in production.
LEG-42ef15a41df1,Chamber historical mandate and leave records identify PT mandate and fresh ministerial leave on April 19.,https://www.camara.leg.br/deputados/74160/biografia,not_normalized_in_prior_ledger,2016-04-19,,not_individually_retrieved_by_inventory_projection,
LEG-5229971714f3,Chamber historical record identifies PPS mandate and ministerial appointment leave on November 23.,https://www.camara.leg.br/deputados/73805/biografia,not_normalized_in_prior_ledger,2016-11-23,,not_individually_retrieved_by_inventory_projection,
LEG-5b2c802041f5,Confirmed DEM affiliation in 2017; later academic table calls him DEM in 2022 after merger. No verified departure or successor continuity at May 2022 appointment.,https://noticias.uol.com.br/ultimas-noticias/agencia-estado/2017/11/07/um-conselheiro-de-jair-bolsonaro.htm | https://www.teoriaepesquisa.ufscar.br/index.php/tp/article/download/1033/653/2612,not_normalized_in_prior_ledger,2017-11-07 | 2024,,not_individually_retrieved_by_inventory_projection,Cannot infer unaffiliation from blank raw source; cannot back-project old DEM label after organization ceased.
LEG-b9e8176baff8,Conflicting contemporaneous explicit evidence: ICL says affiliated PT on her interim appointment; CartaCapital two days later lists Esther Dweck as unaffiliated. No dated filiation or disaffiliation record establishes a clear temporal resolution.,https://iclnoticias.com.br/esther-dweck-interinamente-direitos-humanos/ | https://www.cartacapital.com.br/politica/com-macae-nos-direitos-humanos-veja-a-divisao-da-esplanada-dos-ministerios-por-partidos/,not_normalized_in_prior_ledger,2024-09-07 | 2024-09-09,,not_individually_retrieved_by_inventory_projection,January 2023 appointment is independently verified UNAFFILIATED. Do not extrapolate it to this new appointment; do not prefer PT merely because biography label agrees.
LEG-220a8c056a08,Contemporaneous DIAP cabinet directory explicitly identifies no party.,https://www.diap.org.br/index.php/publicacoes/send/61-boletim-do-diap/892-boletim-do-diap-numero-299-maio-de-2016,not_normalized_in_prior_ledger,2016-05/2016-06,,not_individually_retrieved_by_inventory_projection,
LEG-8259181f231d,Contemporaneous DIAP cabinet directory explicitly identifies no party.,https://www.diap.org.br/index.php/publicacoes/send/61-boletim-do-diap/892-boletim-do-diap-numero-299-maio-de-2016,not_normalized_in_prior_ledger,2016-05/2016-06,,not_individually_retrieved_by_inventory_projection,
LEG-e96dc186b8a7,Contemporaneous DIAP cabinet directory explicitly identifies no party.,https://www.diap.org.br/index.php/publicacoes/send/61-boletim-do-diap/892-boletim-do-diap-numero-299-maio-de-2016,not_normalized_in_prior_ledger,2016-05/2016-06,,not_individually_retrieved_by_inventory_projection,
LEG-d0cbe95249e0,Contemporaneous Estadão report explicitly identifies incoming minister Ricardo Salles as Novo.,https://exame.com/brasil/futuro-ministro-ricardo-salles-e-condenado-por-improbidade-administrativa/,not_normalized_in_prior_ledger,2018-12-20,,not_individually_retrieved_by_inventory_projection,Subsequent expulsion does not end NOVO contribution until the appointment ends.
LEG-7d94ee1b94f6,Contemporaneous FPA May 2016 cabinet roster p11 explicitly identifies no party.,https://fpabramo.org.br/wp-content/uploads/2016/05/Boletim-mensal-analise-conjuntura-03-final.pdf,not_normalized_in_prior_ledger,2016-05,,not_individually_retrieved_by_inventory_projection,
LEG-06b899630a6b,Contemporaneous Sérgio Praça article explicitly states Decotelli had no party and contrasts his lack of membership with Salles.,https://exame.com/colunistas/sergio-praca/por-que-decotelli-caiu-e-salles-continua/,not_normalized_in_prior_ledger,2020-06-30,,not_individually_retrieved_by_inventory_projection,Dates and inclusion deliberately preserved; non-entry finding is deferred_bolsonaro.md only.
LEG-2652bfa0305c,Contemporaneous announcement identifies Onyx as DEM and schedules new Cidadania appointment for February 18.,https://www.cartacapital.com.br/politica/bolsonaro-troca-osmar-terra-por-onyx-na-cidadania-general-assume-casa-civil/,not_normalized_in_prior_ledger,2020-02-13,,not_individually_retrieved_by_inventory_projection,
LEG-989e2fecd8ae,Contemporaneous appointment announcement identifies PMDB.,https://noticias.uol.com.br/ultimas-noticias/agencia-estado/2016/10/04/temer-nomeara-amanha-marx-beltrao-como-ministro-do-turismo-dizem-maia-e-rossi.htm,not_normalized_in_prior_ledger,2016-10-04,,not_individually_retrieved_by_inventory_projection,
LEG-46405e3b602b,Contemporaneous appointment report explicitly says affiliated to PT.,https://abrapch.org.br/2016/04/diario-oficial-da-uniao-traz-nomeacao-de-quatro-novos-ministros/,not_normalized_in_prior_ledger,2016-04-22,,not_individually_retrieved_by_inventory_projection,
LEG-1f0c8beb2f9f,Contemporaneous appointment report identifies Marinho as PSDB.,https://saibamais.jor.br/2020/02/alvo-de-5-inqueritos-novo-ministro-de-bolsonaro-quer-corrigir-desigualdades-regionais/,not_normalized_in_prior_ledger,2020-02-11,,not_individually_retrieved_by_inventory_projection,Later PSDB departure and PL entry do not change this appointment origin.
LEG-cb17a8bd0c74,Contemporaneous appointment reporting explicitly says Lewandowski has no party affiliation.,https://noticias.uol.com.br/politica/ultimas-noticias/2024/01/10/lula-dino-lewandowski-reuniao.amp.htm,not_normalized_in_prior_ledger,2024-01-10,,not_individually_retrieved_by_inventory_projection,
LEG-583e1fef9251,Contemporaneous appointment roster explicitly says no party.,https://noticias.uol.com.br/politica/ultimas-noticias/2018/04/10/temer-da-posse-a-novos-ministros.htm,not_normalized_in_prior_ledger,2018-04-10,,not_individually_retrieved_by_inventory_projection,
LEG-fbbfb4d9d59f,Contemporaneous appointment roster explicitly says no party.,https://noticias.uol.com.br/politica/ultimas-noticias/2018/04/10/temer-da-posse-a-novos-ministros.htm,not_normalized_in_prior_ledger,2018-04-10,,not_individually_retrieved_by_inventory_projection,
LEG-8e386223a64d,Contemporaneous appointment roster identifies MDB.,https://noticias.uol.com.br/politica/ultimas-noticias/2018/04/10/temer-da-posse-a-novos-ministros.htm,not_normalized_in_prior_ledger,2018-04-10,,not_individually_retrieved_by_inventory_projection,
LEG-c9ecc2f3d167,Contemporaneous appointment roster identifies MDB.,https://noticias.uol.com.br/politica/ultimas-noticias/2018/04/10/temer-da-posse-a-novos-ministros.htm,not_normalized_in_prior_ledger,2018-04-10,,not_individually_retrieved_by_inventory_projection,
LEG-7139e1851d7d,Contemporaneous interview identifies PPS affiliation; academic reconstruction explicitly identifies PPS during the interim appointment using TSE-linked and biographical records.,https://www.scielo.br/j/rbcpol/a/YwHb9JmWH36dNyyjvPtHPjK/?format=html&lang=pt | https://entretenimento.uol.com.br/noticias/redacao/2017/06/16/comecou-a-atingir-minha-historia-diz-ministro-que-deixou-cultura.htm,not_normalized_in_prior_ledger,2017-06-16,,not_individually_retrieved_by_inventory_projection,
LEG-fc6bc5c9fcd6,Contemporaneous new-appointment report explicitly identifies no party.,https://bhaz.com.br/colunas/orion-teixeira/temer-troca-ministros-de-olho-no-tse-e-na-camara-dos-deputados/,not_normalized_in_prior_ledger,2017-05-29,,not_individually_retrieved_by_inventory_projection,
LEG-e021896e2251,Contemporaneous profile says not affiliated with PT; this does not exclude all other parties. Original 19 March included appointment date retained; no no-party inference from raw field.,https://veja.abril.com.br/economia/com-haddad-fora-durigan-assume-a-fazenda-com-desafio-de-evitar-novas-turbulencias/,not_normalized_in_prior_ledger,2026-03-20,,not_individually_retrieved_by_inventory_projection,INCLUDED_UNRESOLVED in diagnostic with original dates. Additional bounded search did not establish party on the retained appointment date; no affiliation inferred from pinned party label or career.
LEG-85841e849f8e,Contemporaneous reform roster explicitly identifies party or no affiliation.,https://www.jb.com.br/pais/noticias/2015/10/02/veja-como-ficou-a-composicao-do-novo-ministerio-de-dilma-por-partidos.html,not_normalized_in_prior_ledger,2015-10-02,,not_individually_retrieved_by_inventory_projection,
LEG-8670a70acb8c,Contemporaneous reform roster explicitly identifies party or no affiliation.,https://www.jb.com.br/pais/noticias/2015/10/02/veja-como-ficou-a-composicao-do-novo-ministerio-de-dilma-por-partidos.html,not_normalized_in_prior_ledger,2015-10-02,,not_individually_retrieved_by_inventory_projection,
LEG-86c922df0c71,Contemporaneous reform roster explicitly identifies party or no affiliation.,https://www.jb.com.br/pais/noticias/2015/10/02/veja-como-ficou-a-composicao-do-novo-ministerio-de-dilma-por-partidos.html,not_normalized_in_prior_ledger,2015-10-02,,not_individually_retrieved_by_inventory_projection,
LEG-8fea2cf59c34,Contemporaneous reform roster explicitly identifies party or no affiliation.,https://www.jb.com.br/pais/noticias/2015/10/02/veja-como-ficou-a-composicao-do-novo-ministerio-de-dilma-por-partidos.html,not_normalized_in_prior_ledger,2015-10-02,,not_individually_retrieved_by_inventory_projection,
LEG-bada6905fc7f,Contemporaneous reform roster explicitly identifies party or no affiliation.,https://www.jb.com.br/pais/noticias/2015/10/02/veja-como-ficou-a-composicao-do-novo-ministerio-de-dilma-por-partidos.html,not_normalized_in_prior_ledger,2015-10-02,,not_individually_retrieved_by_inventory_projection,
LEG-bcc69be0973d,Contemporaneous reform roster explicitly identifies party or no affiliation.,https://www.jb.com.br/pais/noticias/2015/10/02/veja-como-ficou-a-composicao-do-novo-ministerio-de-dilma-por-partidos.html,not_normalized_in_prior_ledger,2015-10-02,,not_individually_retrieved_by_inventory_projection,
LEG-c63d31861f21,Contemporaneous reform roster explicitly identifies party or no affiliation.,https://www.jb.com.br/pais/noticias/2015/10/02/veja-como-ficou-a-composicao-do-novo-ministerio-de-dilma-por-partidos.html,not_normalized_in_prior_ledger,2015-10-02,,not_individually_retrieved_by_inventory_projection,
LEG-ed798dddc06b,Contemporaneous reform roster explicitly identifies party or no affiliation.,https://www.jb.com.br/pais/noticias/2015/10/02/veja-como-ficou-a-composicao-do-novo-ministerio-de-dilma-por-partidos.html,not_normalized_in_prior_ledger,2015-10-02,,not_individually_retrieved_by_inventory_projection,
LEG-fc4f25515b67,Contemporaneous reform roster explicitly identifies party or no affiliation.,https://www.jb.com.br/pais/noticias/2015/10/02/veja-como-ficou-a-composicao-do-novo-ministerio-de-dilma-por-partidos.html,not_normalized_in_prior_ledger,2015-10-02,,not_individually_retrieved_by_inventory_projection,
LEG-575314f66abd,Contemporaneous reform roster identifies PMDB at appointment.,https://www.jb.com.br/pais/noticias/2015/10/02/veja-como-ficou-a-composicao-do-novo-ministerio-de-dilma-por-partidos.html,not_normalized_in_prior_ledger,2015-10-02,,not_individually_retrieved_by_inventory_projection,
LEG-80228da93ab9,Contemporaneous report confirms Pazuello remains active-duty Army general; Constitution article142 paragraph3 itemV prohibits active-duty military party membership.,https://economia.uol.com.br/colunas/carla-araujo/2020/05/19/coronavirus-defesa-ministro-interino-nomeacoes-militares.htm | https://www.planalto.gov.br/ccivil_03/constituicao/constituicao.htm,not_normalized_in_prior_ledger,2020-05-19 | 1998-02-05,,not_individually_retrieved_by_inventory_projection,"Explicit inference from evidenced active-duty status plus constitutional prohibition, not inference from being a retired officer."
LEG-8174e12a8374,Contemporaneous roster labels conflict between no party and MDB; later2019 explicit MDB affiliation does not by itself establish appointment-date continuity.,https://noticias.uol.com.br/politica/ultimas-noticias/2018/04/10/temer-da-posse-a-novos-ministros.htm | https://www.gov.br/mme/pt-br/arquivos/clipping-11-04-2018.pdf/@@download/file,not_normalized_in_prior_ledger,2018-04-10 / 2018-04-11,,not_individually_retrieved_by_inventory_projection,Diagnostic only: unresolved party is not an unaffiliated classification; do not use in production.
LEG-8553657ff23b,Contemporaneous rosters conflict: UOL says no party; newspaper clipping labels MDB. Individual Wikipedia biography asserts PMDB joining in2017 but statement has no clearly supporting citation; bounded follow-up did not substantiate it independently.,https://noticias.uol.com.br/politica/ultimas-noticias/2018/04/10/temer-da-posse-a-novos-ministros.htm | https://www.gov.br/mme/pt-br/arquivos/clipping-11-04-2018.pdf/@@download/file | https://pt.wikipedia.org/w/index.php?title=P%C3%A1dua_Andrade&oldid=69441909,not_normalized_in_prior_ledger,2018-04-10 / 2018-04-11,,not_individually_retrieved_by_inventory_projection,Diagnostic only: unresolved party is not an unaffiliated classification; do not use in production.
LEG-f1f3a25b37b6,"Contemporary interim appointment profile describes legal career, but does not state party affiliation.",https://exame.com/brasil/quem-e-manoel-carlos-de-almeida-neto-novo-ministro-interino-da-justica//,not_normalized_in_prior_ledger,2026-01-10,,not_individually_retrieved_by_inventory_projection,INCLUDED_UNRESOLVED in diagnostic with original dates. Additional bounded search did not establish party on the retained appointment date; no affiliation inferred from pinned party label or career.
LEG-03d0c552eee1,DIAP January 2015 ministerial directory explicitly reports individual party affiliation.,https://www.diap.org.br/index.php/publicacoes?catid=61&id=878&m=0&task=download.send,not_normalized_in_prior_ledger,2015-01,,not_individually_retrieved_by_inventory_projection,
LEG-06075cf8fce5,DIAP January 2015 ministerial directory explicitly reports individual party affiliation.,https://www.diap.org.br/index.php/publicacoes?catid=61&id=878&m=0&task=download.send,not_normalized_in_prior_ledger,2015-01,,not_individually_retrieved_by_inventory_projection,
LEG-1591c82663db,DIAP January 2015 ministerial directory explicitly reports individual party affiliation.,https://www.diap.org.br/index.php/publicacoes?catid=61&id=878&m=0&task=download.send,not_normalized_in_prior_ledger,2015-01,,not_individually_retrieved_by_inventory_projection,
LEG-165ae748c303,DIAP January 2015 ministerial directory explicitly reports individual party affiliation.,https://www.diap.org.br/index.php/publicacoes?catid=61&id=878&m=0&task=download.send,not_normalized_in_prior_ledger,2015-01,,not_individually_retrieved_by_inventory_projection,
LEG-16d934587913,DIAP January 2015 ministerial directory explicitly reports individual party affiliation.,https://www.diap.org.br/index.php/publicacoes?catid=61&id=878&m=0&task=download.send,not_normalized_in_prior_ledger,2015-01,,not_individually_retrieved_by_inventory_projection,
LEG-2df1ae3ab2c1,DIAP January 2015 ministerial directory explicitly reports individual party affiliation.,https://www.diap.org.br/index.php/publicacoes?catid=61&id=878&m=0&task=download.send,not_normalized_in_prior_ledger,2015-01,,not_individually_retrieved_by_inventory_projection,
LEG-2f545a0a2af9,DIAP January 2015 ministerial directory explicitly reports individual party affiliation.,https://www.diap.org.br/index.php/publicacoes?catid=61&id=878&m=0&task=download.send,not_normalized_in_prior_ledger,2015-01,,not_individually_retrieved_by_inventory_projection,
LEG-3274ba9a4075,DIAP January 2015 ministerial directory explicitly reports individual party affiliation.,https://www.diap.org.br/index.php/publicacoes?catid=61&id=878&m=0&task=download.send,not_normalized_in_prior_ledger,2015-01,,not_individually_retrieved_by_inventory_projection,
LEG-328a5753236c,DIAP January 2015 ministerial directory explicitly reports individual party affiliation.,https://www.diap.org.br/index.php/publicacoes?catid=61&id=878&m=0&task=download.send,not_normalized_in_prior_ledger,2015-01,,not_individually_retrieved_by_inventory_projection,
LEG-3a3bd99ec9c2,DIAP January 2015 ministerial directory explicitly reports individual party affiliation.,https://www.diap.org.br/index.php/publicacoes?catid=61&id=878&m=0&task=download.send,not_normalized_in_prior_ledger,2015-01,,not_individually_retrieved_by_inventory_projection,
LEG-3df9b9d5037a,DIAP January 2015 ministerial directory explicitly reports individual party affiliation.,https://www.diap.org.br/index.php/publicacoes?catid=61&id=878&m=0&task=download.send,not_normalized_in_prior_ledger,2015-01,,not_individually_retrieved_by_inventory_projection,
LEG-50db413117de,DIAP January 2015 ministerial directory explicitly reports individual party affiliation.,https://www.diap.org.br/index.php/publicacoes?catid=61&id=878&m=0&task=download.send,not_normalized_in_prior_ledger,2015-01,,not_individually_retrieved_by_inventory_projection,
LEG-645dc7ca47f1,DIAP January 2015 ministerial directory explicitly reports individual party affiliation.,https://www.diap.org.br/index.php/publicacoes?catid=61&id=878&m=0&task=download.send,not_normalized_in_prior_ledger,2015-01,,not_individually_retrieved_by_inventory_projection,
LEG-650019f21afb,DIAP January 2015 ministerial directory explicitly reports individual party affiliation.,https://www.diap.org.br/index.php/publicacoes?catid=61&id=878&m=0&task=download.send,not_normalized_in_prior_ledger,2015-01,,not_individually_retrieved_by_inventory_projection,
LEG-6acbef0c8e72,DIAP January 2015 ministerial directory explicitly reports individual party affiliation.,https://www.diap.org.br/index.php/publicacoes?catid=61&id=878&m=0&task=download.send,not_normalized_in_prior_ledger,2015-01,,not_individually_retrieved_by_inventory_projection,
LEG-7313721f7d0a,DIAP January 2015 ministerial directory explicitly reports individual party affiliation.,https://www.diap.org.br/index.php/publicacoes?catid=61&id=878&m=0&task=download.send,not_normalized_in_prior_ledger,2015-01,,not_individually_retrieved_by_inventory_projection,
LEG-761e73bcf196,DIAP January 2015 ministerial directory explicitly reports individual party affiliation.,https://www.diap.org.br/index.php/publicacoes?catid=61&id=878&m=0&task=download.send,not_normalized_in_prior_ledger,2015-01,,not_individually_retrieved_by_inventory_projection,
LEG-79221ce8a4c6,DIAP January 2015 ministerial directory explicitly reports individual party affiliation.,https://www.diap.org.br/index.php/publicacoes?catid=61&id=878&m=0&task=download.send,not_normalized_in_prior_ledger,2015-01,,not_individually_retrieved_by_inventory_projection,
LEG-7fd64bd02e06,DIAP January 2015 ministerial directory explicitly reports individual party affiliation.,https://www.diap.org.br/index.php/publicacoes?catid=61&id=878&m=0&task=download.send,not_normalized_in_prior_ledger,2015-01,,not_individually_retrieved_by_inventory_projection,
LEG-858a83513dbd,DIAP January 2015 ministerial directory explicitly reports individual party affiliation.,https://www.diap.org.br/index.php/publicacoes?catid=61&id=878&m=0&task=download.send,not_normalized_in_prior_ledger,2015-01,,not_individually_retrieved_by_inventory_projection,
LEG-85c2f5b66096,DIAP January 2015 ministerial directory explicitly reports individual party affiliation.,https://www.diap.org.br/index.php/publicacoes?catid=61&id=878&m=0&task=download.send,not_normalized_in_prior_ledger,2015-01,,not_individually_retrieved_by_inventory_projection,
LEG-8702e7355c32,DIAP January 2015 ministerial directory explicitly reports individual party affiliation.,https://www.diap.org.br/index.php/publicacoes?catid=61&id=878&m=0&task=download.send,not_normalized_in_prior_ledger,2015-01,,not_individually_retrieved_by_inventory_projection,
LEG-8912d93c02b7,DIAP January 2015 ministerial directory explicitly reports individual party affiliation.,https://www.diap.org.br/index.php/publicacoes?catid=61&id=878&m=0&task=download.send,not_normalized_in_prior_ledger,2015-01,,not_individually_retrieved_by_inventory_projection,
LEG-8a829ddf0700,DIAP January 2015 ministerial directory explicitly reports individual party affiliation.,https://www.diap.org.br/index.php/publicacoes?catid=61&id=878&m=0&task=download.send,not_normalized_in_prior_ledger,2015-01,,not_individually_retrieved_by_inventory_projection,
LEG-8f31809fa406,DIAP January 2015 ministerial directory explicitly reports individual party affiliation.,https://www.diap.org.br/index.php/publicacoes?catid=61&id=878&m=0&task=download.send,not_normalized_in_prior_ledger,2015-01,,not_individually_retrieved_by_inventory_projection,
LEG-92ed8875155b,DIAP January 2015 ministerial directory explicitly reports individual party affiliation.,https://www.diap.org.br/index.php/publicacoes?catid=61&id=878&m=0&task=download.send,not_normalized_in_prior_ledger,2015-01,,not_individually_retrieved_by_inventory_projection,
LEG-9551d742d972,DIAP January 2015 ministerial directory explicitly reports individual party affiliation.,https://www.diap.org.br/index.php/publicacoes?catid=61&id=878&m=0&task=download.send,not_normalized_in_prior_ledger,2015-01,,not_individually_retrieved_by_inventory_projection,
LEG-9fb226a0f1d8,DIAP January 2015 ministerial directory explicitly reports individual party affiliation.,https://www.diap.org.br/index.php/publicacoes?catid=61&id=878&m=0&task=download.send,not_normalized_in_prior_ledger,2015-01,,not_individually_retrieved_by_inventory_projection,
LEG-a0ba08a78c10,DIAP January 2015 ministerial directory explicitly reports individual party affiliation.,https://www.diap.org.br/index.php/publicacoes?catid=61&id=878&m=0&task=download.send,not_normalized_in_prior_ledger,2015-01,,not_individually_retrieved_by_inventory_projection,
LEG-af4dca441a45,DIAP January 2015 ministerial directory explicitly reports individual party affiliation.,https://www.diap.org.br/index.php/publicacoes?catid=61&id=878&m=0&task=download.send,not_normalized_in_prior_ledger,2015-01,,not_individually_retrieved_by_inventory_projection,
LEG-b3f068a0416e,DIAP January 2015 ministerial directory explicitly reports individual party affiliation.,https://www.diap.org.br/index.php/publicacoes?catid=61&id=878&m=0&task=download.send,not_normalized_in_prior_ledger,2015-01,,not_individually_retrieved_by_inventory_projection,
LEG-ba4b75fca9f5,DIAP January 2015 ministerial directory explicitly reports individual party affiliation.,https://www.diap.org.br/index.php/publicacoes?catid=61&id=878&m=0&task=download.send,not_normalized_in_prior_ledger,2015-01,,not_individually_retrieved_by_inventory_projection,
LEG-bbe559c76692,DIAP January 2015 ministerial directory explicitly reports individual party affiliation.,https://www.diap.org.br/index.php/publicacoes?catid=61&id=878&m=0&task=download.send,not_normalized_in_prior_ledger,2015-01,,not_individually_retrieved_by_inventory_projection,
LEG-d13b06a2d6ea,DIAP January 2015 ministerial directory explicitly reports individual party affiliation.,https://www.diap.org.br/index.php/publicacoes?catid=61&id=878&m=0&task=download.send,not_normalized_in_prior_ledger,2015-01,,not_individually_retrieved_by_inventory_projection,
LEG-d255b4dea116,DIAP January 2015 ministerial directory explicitly reports individual party affiliation.,https://www.diap.org.br/index.php/publicacoes?catid=61&id=878&m=0&task=download.send,not_normalized_in_prior_ledger,2015-01,,not_individually_retrieved_by_inventory_projection,
LEG-d2f12b350683,DIAP January 2015 ministerial directory explicitly reports individual party affiliation.,https://www.diap.org.br/index.php/publicacoes?catid=61&id=878&m=0&task=download.send,not_normalized_in_prior_ledger,2015-01,,not_individually_retrieved_by_inventory_projection,
LEG-d44eb314acd9,DIAP January 2015 ministerial directory explicitly reports individual party affiliation.,https://www.diap.org.br/index.php/publicacoes?catid=61&id=878&m=0&task=download.send,not_normalized_in_prior_ledger,2015-01,,not_individually_retrieved_by_inventory_projection,
LEG-e0ac31b0f981,DIAP January 2015 ministerial directory explicitly reports individual party affiliation.,https://www.diap.org.br/index.php/publicacoes?catid=61&id=878&m=0&task=download.send,not_normalized_in_prior_ledger,2015-01,,not_individually_retrieved_by_inventory_projection,
LEG-ea956fb419a3,DIAP January 2015 ministerial directory explicitly reports individual party affiliation.,https://www.diap.org.br/index.php/publicacoes?catid=61&id=878&m=0&task=download.send,not_normalized_in_prior_ledger,2015-01,,not_individually_retrieved_by_inventory_projection,
LEG-310d8d95dc92,Dated biographical account explicitly states Tarcísio had never joined any party in 26 years of public service before his 2022 Republicanos entry.,"https://www.terra.com.br/noticias/eleicoes/quem-e-tarcisio-freitas,8710301adfdd6d9c50df849f14a2e946i5unsj1q.html",not_normalized_in_prior_ledger,2022-10-24,,not_individually_retrieved_by_inventory_projection,"Explicit historical nonmembership, not an inference from later candidacy; later Republicanos membership is not back-projected."
LEG-0619874c39e2,"Dated career and appointment reporting located, but no evidence establishing party membership or explicit nonmembership at this original appointment start; raw blank/dash does not resolve status.",,not_normalized_in_prior_ledger,,,not_individually_retrieved_by_inventory_projection,UNRESOLVED in the diagnostic; no guess from a career-official profile or later lack of party reporting.
LEG-066b940f16e0,"Dated career and appointment reporting located, but no evidence establishing party membership or explicit nonmembership at this original appointment start; raw blank/dash does not resolve status.",,not_normalized_in_prior_ledger,,,not_individually_retrieved_by_inventory_projection,UNRESOLVED in the diagnostic; no guess from a career-official profile or later lack of party reporting.
LEG-08ce7329060f,"Dated career and appointment reporting located, but no evidence establishing party membership or explicit nonmembership at this original appointment start; raw blank/dash does not resolve status.",,not_normalized_in_prior_ledger,,,not_individually_retrieved_by_inventory_projection,UNRESOLVED in the diagnostic; no guess from a career-official profile or later lack of party reporting.
LEG-3f060ebf15da,"Dated career and appointment reporting located, but no evidence establishing party membership or explicit nonmembership at this original appointment start; raw blank/dash does not resolve status.",,not_normalized_in_prior_ledger,,,not_individually_retrieved_by_inventory_projection,UNRESOLVED in the diagnostic; no guess from a career-official profile or later lack of party reporting.
LEG-79030362edda,"Dated career and appointment reporting located, but no evidence establishing party membership or explicit nonmembership at this original appointment start; raw blank/dash does not resolve status.",,not_normalized_in_prior_ledger,,,not_individually_retrieved_by_inventory_projection,UNRESOLVED in the diagnostic; no guess from a career-official profile or later lack of party reporting.
LEG-8534d7a64a42,"Dated career and appointment reporting located, but no evidence establishing party membership or explicit nonmembership at this original appointment start; raw blank/dash does not resolve status.",,not_normalized_in_prior_ledger,,,not_individually_retrieved_by_inventory_projection,UNRESOLVED in the diagnostic; no guess from a career-official profile or later lack of party reporting.
LEG-9dd6c6a98b8f,"Dated career and appointment reporting located, but no evidence establishing party membership or explicit nonmembership at this original appointment start; raw blank/dash does not resolve status.",,not_normalized_in_prior_ledger,,,not_individually_retrieved_by_inventory_projection,UNRESOLVED in the diagnostic; no guess from a career-official profile or later lack of party reporting.
LEG-e62d7a3cb75d,"Dated career and appointment reporting located, but no evidence establishing party membership or explicit nonmembership at this original appointment start; raw blank/dash does not resolve status.",,not_normalized_in_prior_ledger,,,not_individually_retrieved_by_inventory_projection,UNRESOLVED in the diagnostic; no guess from a career-official profile or later lack of party reporting.
LEG-ebe4d4a81d54,"Dated career and appointment reporting located, but no evidence establishing party membership or explicit nonmembership at this original appointment start; raw blank/dash does not resolve status.",,not_normalized_in_prior_ledger,,,not_individually_retrieved_by_inventory_projection,UNRESOLVED in the diagnostic; no guess from a career-official profile or later lack of party reporting.
LEG-ee50e9c3bdf3,"Dated career and appointment reporting located, but no evidence establishing party membership or explicit nonmembership at this original appointment start; raw blank/dash does not resolve status.",,not_normalized_in_prior_ledger,,,not_individually_retrieved_by_inventory_projection,UNRESOLVED in the diagnostic; no guess from a career-official profile or later lack of party reporting.
LEG-78e62eb293bf,Dated incoming-cabinet profile explicitly identifies no party. Veja 5 March 2025 explicitly distinguishes no party on entry from PT affiliation in April 2024.,https://news.files.bbci.co.uk/include/vjamericas/1144-brasil-lula-ministries/portuguese/app | https://veja.abril.com.br/coluna/radar/apos-nove-trocas-pt-tem-mais-ministerios-do-que-no-inicio-do-governo-lula/,not_normalized_in_prior_ledger,2022-12-23,,not_individually_retrieved_by_inventory_projection,
LEG-026719312f03,Dated incoming-cabinet profile explicitly identifies no party.,https://news.files.bbci.co.uk/include/vjamericas/1144-brasil-lula-ministries/portuguese/app,not_normalized_in_prior_ledger,2022-12-23,,not_individually_retrieved_by_inventory_projection,
LEG-5e67e9e2f44e,Dated incoming-cabinet profile explicitly identifies no party.,https://news.files.bbci.co.uk/include/vjamericas/1144-brasil-lula-ministries/portuguese/app,not_normalized_in_prior_ledger,2022-12-23,,not_individually_retrieved_by_inventory_projection,
LEG-88618295577b,Dated incoming-cabinet profile explicitly identifies no party.,https://news.files.bbci.co.uk/include/vjamericas/1144-brasil-lula-ministries/portuguese/app,not_normalized_in_prior_ledger,2022-12-23,,not_individually_retrieved_by_inventory_projection,
LEG-b2f5b4a75ce6,Dated incoming-cabinet profile explicitly identifies no party.,https://news.files.bbci.co.uk/include/vjamericas/1144-brasil-lula-ministries/portuguese/app,not_normalized_in_prior_ledger,2022-12-23,,not_individually_retrieved_by_inventory_projection,
LEG-da6ce3b869d1,Dated incoming-cabinet profile explicitly identifies no party.,https://news.files.bbci.co.uk/include/vjamericas/1144-brasil-lula-ministries/portuguese/app,not_normalized_in_prior_ledger,2022-12-23,,not_individually_retrieved_by_inventory_projection,
LEG-eba4482fcf14,Dated incoming-cabinet profile explicitly identifies no party.,https://news.files.bbci.co.uk/include/vjamericas/1144-brasil-lula-ministries/portuguese/app,not_normalized_in_prior_ledger,2022-12-23,,not_individually_retrieved_by_inventory_projection,
LEG-ebab6522a877,Dated incoming-cabinet profile explicitly identifies no party.,https://news.files.bbci.co.uk/include/vjamericas/1144-brasil-lula-ministries/portuguese/app,not_normalized_in_prior_ledger,2022-12-23,,not_individually_retrieved_by_inventory_projection,
LEG-61f568dd5701,Dated incoming-cabinet roster explicitly identifies DEM.,https://www.diariodepernambuco.com.br/noticia/politica/2018/11/proximos-cinco-dias-sao-decisivos-para-jair-bolsonaro-definir-ministro.html,not_normalized_in_prior_ledger,2018-11-26,,not_individually_retrieved_by_inventory_projection,
LEG-b0900f041b01,Dated incoming-cabinet roster explicitly identifies DEM.,https://www.diariodepernambuco.com.br/noticia/politica/2018/11/proximos-cinco-dias-sao-decisivos-para-jair-bolsonaro-definir-ministro.html,not_normalized_in_prior_ledger,2018-11-26,,not_individually_retrieved_by_inventory_projection,
LEG-df0a18aba9ff,Dated incoming-cabinet roster explicitly identifies DEM.,https://www.diariodepernambuco.com.br/noticia/politica/2018/11/proximos-cinco-dias-sao-decisivos-para-jair-bolsonaro-definir-ministro.html,not_normalized_in_prior_ledger,2018-11-26,,not_individually_retrieved_by_inventory_projection,
LEG-0d5fe63fcadb,Dated incoming-cabinet roster explicitly identifies PSL.,https://www.diariodepernambuco.com.br/noticia/politica/2018/11/proximos-cinco-dias-sao-decisivos-para-jair-bolsonaro-definir-ministro.html,not_normalized_in_prior_ledger,2018-11-26,,not_individually_retrieved_by_inventory_projection,
LEG-24bdcc54c414,Dated incoming-cabinet roster explicitly identifies the announced office-holder as unaffiliated.,https://www.diariodepernambuco.com.br/noticia/politica/2018/11/proximos-cinco-dias-sao-decisivos-para-jair-bolsonaro-definir-ministro.html,not_normalized_in_prior_ledger,2018-11-26,,not_individually_retrieved_by_inventory_projection,
LEG-4e7ce6988315,Dated incoming-cabinet roster explicitly identifies the announced office-holder as unaffiliated.,https://www.diariodepernambuco.com.br/noticia/politica/2018/11/proximos-cinco-dias-sao-decisivos-para-jair-bolsonaro-definir-ministro.html,not_normalized_in_prior_ledger,2018-11-26,,not_individually_retrieved_by_inventory_projection,
LEG-7cd94731dd90,Dated incoming-cabinet roster explicitly identifies the announced office-holder as unaffiliated.,https://www.diariodepernambuco.com.br/noticia/politica/2018/11/proximos-cinco-dias-sao-decisivos-para-jair-bolsonaro-definir-ministro.html,not_normalized_in_prior_ledger,2018-11-26,,not_individually_retrieved_by_inventory_projection,
LEG-87ae07a227bd,Dated incoming-cabinet roster explicitly identifies the announced office-holder as unaffiliated.,https://www.diariodepernambuco.com.br/noticia/politica/2018/11/proximos-cinco-dias-sao-decisivos-para-jair-bolsonaro-definir-ministro.html,not_normalized_in_prior_ledger,2018-11-26,,not_individually_retrieved_by_inventory_projection,
LEG-92e9b59b9825,Dated incoming-cabinet roster explicitly identifies the announced office-holder as unaffiliated.,https://www.diariodepernambuco.com.br/noticia/politica/2018/11/proximos-cinco-dias-sao-decisivos-para-jair-bolsonaro-definir-ministro.html,not_normalized_in_prior_ledger,2018-11-26,,not_individually_retrieved_by_inventory_projection,
LEG-b6119274bf0c,Dated incoming-cabinet roster explicitly identifies the announced office-holder as unaffiliated.,https://www.diariodepernambuco.com.br/noticia/politica/2018/11/proximos-cinco-dias-sao-decisivos-para-jair-bolsonaro-definir-ministro.html,not_normalized_in_prior_ledger,2018-11-26,,not_individually_retrieved_by_inventory_projection,
LEG-03cf04d9b8ec,Dated profile establishes PTB membership from December 2014; spans January 2018 appointment.,https://www.metropoles.com/brasil/politica-brasil/interino-assumira-ministerio-no-lugar-de-cristiane-brasil-diz-site,not_normalized_in_prior_ledger,2018-02-20,,not_individually_retrieved_by_inventory_projection,
LEG-c8ef1de4a884,"Dated reporting explicitly establishes PT membership before appointment; retrospective ministerial chronology Table32 p171 identifies PT for her2016 tenure, citing Ministry of Regional Development2019.",https://acervojamildo.com/posts/2010/2010-11-24-dilma-estuda-dividir-o-ministerio-das-cidades-em-dois-para-agradar-aliados-12419424/ | https://teses.usp.br/teses/disponiveis/8/8136/tde-27112019-184232/publico/2019_GullitTorresDias_VCorr.pdf,not_normalized_in_prior_ledger,2010-11-24 / 2019,,not_individually_retrieved_by_inventory_projection,Retrospective tenure evidence corroborates pre-appointment membership; no later party label used to back-project a new affiliation.
LEG-b90af80ef12a,"Dated reporting expressly establishes continuous PP affiliation since 1995, covering January 2019 appointment.",https://ultimosegundo.ig.com.br/politica/2020-08-26/pp-convida-damares-alves-para-se-candidatar-a-senadora-pelo-partido.html,not_normalized_in_prior_ledger,2020-08-26,,not_individually_retrieved_by_inventory_projection,"Continuity evidence, not inference from the later Republicanos candidacy; PP remains for this whole appointment."
LEG-23516089df3e,Deutsche Welle profile published on inauguration date explicitly states Teich is not affiliated with a political party.,"https://www.terra.com.br/noticias/brasil/quem-e-e-o-que-pensa-nelson-teich-o-novo-ministro-da-saude,bd8bc38ab1d009dc096721a9a09e3d09p4j4kctd.html",not_normalized_in_prior_ledger,2020-04-17,,not_individually_retrieved_by_inventory_projection,
LEG-422e9936450e,"Direct statement at first party membership ceremony: never previously had party affiliation; his first membership is Republicanos in September 2025, after 2018 appointment.",https://jornaldebrasilia.com.br/blogs-e-colunas/do-alto-da-torre/ibaneis-sinaliza-apoio-a-gustavo-rocha-para-vice/,not_normalized_in_prior_ledger,2025-09-17,,not_individually_retrieved_by_inventory_projection,
LEG-f48fe3f88953,"Estadão records Republicanos departure at his request on January 5, 2021, confirmed by party leader Hugo Motta before appointment.",https://noticias.uol.com.br/ultimas-noticias/agencia-estado/2021/03/20/novo-ministro-da-saude-teve-passagem-relampago-pelo-republicanos-do-centrao.htm,not_normalized_in_prior_ledger,2021-03-20,,not_individually_retrieved_by_inventory_projection,Report explicitly resolves outdated TSE listing; March 2020 Republicanos membership does not extend to March 2021 appointment.
LEG-71604753d832,"Explicit PT membership in 2012 and party-event participation in May2015 suggest PT, but no direct evidence establishes uninterrupted formal membership at March2015 start. Raw blank is unsafe.",https://educacao.uol.com.br/noticias/2012/02/07/luiz-claudio-costa-e-o-novo-presidente-do-inep.htm | https://pt.org.br/blog-secretarias/snai-realiza-encontro-nacional-de-gestores-petistas-nesta-terca-feira-26-em-brasilia/,not_normalized_in_prior_ledger,2012-02-07 / 2015-05-26,,not_individually_retrieved_by_inventory_projection,Diagnostic only: unresolved party is not an unaffiliated classification; do not use in production.
LEG-6a60736fa9a9,Explicit continuity statement: Gilson affiliated with PSC since 2020 and had not moved by January 2022.,https://veja.abril.com.br/coluna/radar/por-que-gilson-machado-so-vai-para-o-pl-se-bolsonaro-mandar/,not_normalized_in_prior_ledger,2022-01-07,,not_individually_retrieved_by_inventory_projection,Later PL entry on final appointment day does not change the frozen PSC party.
LEG-4e35512833d0,Explicit earlier PT membership is documented; the bounded search did not establish continuity to April2016. Raw blank must not be treated as verified no-party.,"https://www1.folha.uol.com.br/fsp/brasil/fc2410200702.htm | https://www.correiobraziliense.com.br/app/noticia/economia/2011/03/25/internas_economia,244489/para-acalmar-pt-e-pmdb-dilma-rousseff-muda-comando-da-caixa.shtml",not_normalized_in_prior_ledger,2007-10-24 / 2011-03-25,,not_individually_retrieved_by_inventory_projection,Diagnostic only: unresolved party is not an unaffiliated classification; do not use in production.
LEG-300fa8e71e1b,"Explicit no-party report in July2018, but no appointment-start evidence or retrospective continuity statement located for May2017.",https://noticias.uol.com.br/politica/ultimas-noticias/2018/07/11/a-menos-de-seis-meses-de-fim-do-governo-temer-tem-58-ministro.htm,not_normalized_in_prior_ledger,2018-07-11,,not_individually_retrieved_by_inventory_projection,Diagnostic only: unresolved party is not an unaffiliated classification; do not use in production.
LEG-50bddd305e20,February 2022 reporting quotes Milton saying he is not party-affiliated; this establishes a later date only. Retrospective education-minister table says nonparty but contains other date and affiliation errors and cannot independently establish July 2020 affiliation.,https://contilnetnoticias.com.br/2022/02/no-ac-ministro-diz-que-nao-e-corrupto-e-denuncia-prefeitos-que-nao-prestaram-contas-de-recursos-do-mec/ | https://sigconteudo.ufsb.edu.br/arquivos/202515001981ef1256047e3686453bcac/Dissertao_Mateus_Alves_da_Silva_Oliveira_Pronta.pdf,not_normalized_in_prior_ledger,2022-02-24 | 2025,,not_individually_retrieved_by_inventory_projection,"Do not back-project 2022 statement. UNRESOLVED at original July 16, 2020 appointment."
LEG-e1bdeed31aec,"First-person declaration of no affiliation on 14 January 2025 inauguration and earlier 2014 interview; diagnostic retains original production start 7 January, so direct evidence for the retained date is missing. The actual 14 January appointment would be UNAFFILIATED, but date correction is deferred.",https://www.correiobraziliense.com.br/politica/2025/01/7034820-analise-missao-de-sidonio-e-alavancar-a-lideranca-moral.html | https://www.bahianoticias.com.br/entrevista/380-sidonio-palmeira-comemora-3a-vitoria-consecutiva-na-corrida-estadual-14102014,not_normalized_in_prior_ledger,2025-01-15 | 2014-10-14,,not_individually_retrieved_by_inventory_projection,INCLUDED_UNRESOLVED in diagnostic with original dates. Additional bounded search did not establish party on the retained appointment date; no affiliation inferred from pinned party label or career. Previously resolved on corrected actual appointment date; resolution cannot be transferred to original date without temporal evidence.
LEG-10ae0d5a66c3,"Gomes, Revista da CGU 8(13), Table 3 p464 and historical membership index pp471-472 explicitly report no affiliation for the 2003-2016 period; direct study of official records, LAI and biographical data.",https://repositorio.cgu.gov.br/bitstream/1/34422/10/V8.n13_Importancia.pdf,not_normalized_in_prior_ledger,2016-12,,not_individually_retrieved_by_inventory_projection,
LEG-27767c7555e1,"Gomes, Revista da CGU 8(13), Table 3 p464 and historical membership index pp471-472 explicitly report no affiliation for the 2003-2016 period; direct study of official records, LAI and biographical data.",https://repositorio.cgu.gov.br/bitstream/1/34422/10/V8.n13_Importancia.pdf,not_normalized_in_prior_ledger,2016-12,,not_individually_retrieved_by_inventory_projection,
LEG-2f2c95a35e85,"Gomes, Revista da CGU 8(13), Table 3 p464 and historical membership index pp471-472 explicitly report no affiliation for the 2003-2016 period; direct study of official records, LAI and biographical data.",https://repositorio.cgu.gov.br/bitstream/1/34422/10/V8.n13_Importancia.pdf,not_normalized_in_prior_ledger,2016-12,,not_individually_retrieved_by_inventory_projection,
LEG-f1564ca79a01,"Gomes, Revista da CGU 8(13), Table 3 p464 and historical membership index pp471-472 explicitly report no affiliation for the 2003-2016 period; direct study of official records, LAI and biographical data.",https://repositorio.cgu.gov.br/bitstream/1/34422/10/V8.n13_Importancia.pdf,not_normalized_in_prior_ledger,2016-12,,not_individually_retrieved_by_inventory_projection,
LEG-3a0fd99272c8,"Gomes, Revista da CGU 8(13), retrospective affiliation index for 2003-2016 p472 explicitly scores no party membership; complements initial 2015 directory.",https://repositorio.cgu.gov.br/bitstream/1/34422/10/V8.n13_Importancia.pdf,not_normalized_in_prior_ledger,2016-12,,not_individually_retrieved_by_inventory_projection,
LEG-b81907f65c5f,Government appointment biography reports PT membership since 1981.,https://www.gov.br/mdh/pt-br/sdh/noticias/2015/abril/pepe-vargas-assume-secretaria-de-direitos-humanos,not_normalized_in_prior_ledger,2015-04-16,,not_individually_retrieved_by_inventory_projection,
LEG-ba6b7e4f1910,Heleno announced PRP withdrawal in July; November incoming-cabinet roster explicitly identifies him as unaffiliated.,https://noticias.uol.com.br/politica/eleicoes/2018/noticias/2018/07/18/general-diz-que-vai-se-desfiliar-de-partido.htm | https://www.diariodepernambuco.com.br/noticia/politica/2018/11/proximos-cinco-dias-sao-decisivos-para-jair-bolsonaro-definir-ministro.html,not_normalized_in_prior_ledger,2018-07-18 | 2018-11-26,,not_individually_retrieved_by_inventory_projection,Raw Patriota is contradicted by dated departure and incoming-cabinet evidence; organizational PRP/Patriota lineage cannot restore a departed personal membership.
LEG-ce9aa704d046,Historical 2019 appointment table explicitly codes nonparty status. Corroborating retirement report places Ramos in active service until July 2020; constitutional active-duty party prohibition therefore covers June 2019.,https://bdm.unb.br/bitstream/10483/28970/1/2020_LuisaMaierFlores_tcc.pdf | https://www.poder360.com.br/brasil/general-ramos-ministro-da-secretaria-do-governo-e-transferido-para-a-reserva/ | https://www.planalto.gov.br/ccivil_03/constituicao/constituicao.htm,not_normalized_in_prior_ledger,2020 | 2020-07-16 | 1998-02-05,,not_individually_retrieved_by_inventory_projection,Active-duty inference independently supports original June 13 start; later 2021 appointments remain separately unresolved.
LEG-2ffad066f860,In May 2021 Torres explicitly denied the PSL affiliation report and said he proved nonaffiliation to electoral justice; January 2023 custody testimony says never party-affiliated.,https://www.correiobraziliense.com.br/politica/2021/05/4921557-a-cpi-vai-investigar-o-que-exatamente--questiona-ministro-da-justica.html | https://www.cnnbrasil.com.br/politica/em-audiencia-de-custodia-torres-diz-que-jamais-questionou-resultado-de-eleicoes/,not_normalized_in_prior_ledger,2021-05 | 2023-01-23,,not_individually_retrieved_by_inventory_projection,"April 3,2021 PSL membership reports explicitly rebutted; later União label also denied in Senate testimony August8,2023. Original dates retained; potential date correction deferred separately."
LEG-5819c21b71da,In contemporaneous interview minister says he has never belonged to any party; applies backward to April appointment.,https://brasil.elpais.com/brasil/2015/06/15/politica/1434388809_231783.html,not_normalized_in_prior_ledger,2015-06-15,,not_individually_retrieved_by_inventory_projection,
LEG-89a6204c7ce1,Inauguration-day roster explicitly identifies MDB.,https://valor.globo.com/politica/noticia/2023/01/01/lula-d-posse-a-ministros-veja-a-lista.ghtml,not_normalized_in_prior_ledger,2023-01-01,,not_individually_retrieved_by_inventory_projection,
LEG-8ccea40b6f1d,Inauguration-day roster explicitly identifies MDB.,https://valor.globo.com/politica/noticia/2023/01/01/lula-d-posse-a-ministros-veja-a-lista.ghtml,not_normalized_in_prior_ledger,2023-01-01,,not_individually_retrieved_by_inventory_projection,
LEG-eedd92e5054e,Inauguration-day roster explicitly identifies MDB.,https://valor.globo.com/politica/noticia/2023/01/01/lula-d-posse-a-ministros-veja-a-lista.ghtml,not_normalized_in_prior_ledger,2023-01-01,,not_individually_retrieved_by_inventory_projection,
LEG-a79dfb4e75e8,Inauguration-day roster explicitly identifies PCdoB.,https://valor.globo.com/politica/noticia/2023/01/01/lula-d-posse-a-ministros-veja-a-lista.ghtml,not_normalized_in_prior_ledger,2023-01-01,,not_individually_retrieved_by_inventory_projection,
LEG-3d0e51476ed5,Inauguration-day roster explicitly identifies PDT.,https://valor.globo.com/politica/noticia/2023/01/01/lula-d-posse-a-ministros-veja-a-lista.ghtml,not_normalized_in_prior_ledger,2023-01-01,,not_individually_retrieved_by_inventory_projection,
LEG-f9f4e4420917,Inauguration-day roster explicitly identifies PDT.,https://valor.globo.com/politica/noticia/2023/01/01/lula-d-posse-a-ministros-veja-a-lista.ghtml,not_normalized_in_prior_ledger,2023-01-01,,not_individually_retrieved_by_inventory_projection,
LEG-a4d9f014f208,Inauguration-day roster explicitly identifies PSB.,https://valor.globo.com/politica/noticia/2023/01/01/lula-d-posse-a-ministros-veja-a-lista.ghtml,not_normalized_in_prior_ledger,2023-01-01,,not_individually_retrieved_by_inventory_projection,
LEG-d183433abf9b,Inauguration-day roster explicitly identifies PSB.,https://valor.globo.com/politica/noticia/2023/01/01/lula-d-posse-a-ministros-veja-a-lista.ghtml,not_normalized_in_prior_ledger,2023-01-01,,not_individually_retrieved_by_inventory_projection,
LEG-de8718bf31f7,Inauguration-day roster explicitly identifies PSB.,https://valor.globo.com/politica/noticia/2023/01/01/lula-d-posse-a-ministros-veja-a-lista.ghtml,not_normalized_in_prior_ledger,2023-01-01,,not_individually_retrieved_by_inventory_projection,
LEG-83c787ba4f24,Inauguration-day roster explicitly identifies PSD.,https://valor.globo.com/politica/noticia/2023/01/01/lula-d-posse-a-ministros-veja-a-lista.ghtml,not_normalized_in_prior_ledger,2023-01-01,,not_individually_retrieved_by_inventory_projection,
LEG-90750f1c9b17,Inauguration-day roster explicitly identifies PSD.,https://valor.globo.com/politica/noticia/2023/01/01/lula-d-posse-a-ministros-veja-a-lista.ghtml,not_normalized_in_prior_ledger,2023-01-01,,not_individually_retrieved_by_inventory_projection,
LEG-edf408f36c08,Inauguration-day roster explicitly identifies PSD.,https://valor.globo.com/politica/noticia/2023/01/01/lula-d-posse-a-ministros-veja-a-lista.ghtml,not_normalized_in_prior_ledger,2023-01-01,,not_individually_retrieved_by_inventory_projection,
LEG-84371a57fbec,Inauguration-day roster explicitly identifies PSOL.,https://valor.globo.com/politica/noticia/2023/01/01/lula-d-posse-a-ministros-veja-a-lista.ghtml,not_normalized_in_prior_ledger,2023-01-01,,not_individually_retrieved_by_inventory_projection,
LEG-0806dae15b5e,Inauguration-day roster explicitly identifies PT.,https://valor.globo.com/politica/noticia/2023/01/01/lula-d-posse-a-ministros-veja-a-lista.ghtml,not_normalized_in_prior_ledger,2023-01-01,,not_individually_retrieved_by_inventory_projection,
LEG-0a3ec5a276d9,Inauguration-day roster explicitly identifies PT.,https://valor.globo.com/politica/noticia/2023/01/01/lula-d-posse-a-ministros-veja-a-lista.ghtml,not_normalized_in_prior_ledger,2023-01-01,,not_individually_retrieved_by_inventory_projection,
LEG-36e8fd8df999,Inauguration-day roster explicitly identifies PT.,https://valor.globo.com/politica/noticia/2023/01/01/lula-d-posse-a-ministros-veja-a-lista.ghtml,not_normalized_in_prior_ledger,2023-01-01,,not_individually_retrieved_by_inventory_projection,
LEG-3b78d99c4156,Inauguration-day roster explicitly identifies PT.,https://valor.globo.com/politica/noticia/2023/01/01/lula-d-posse-a-ministros-veja-a-lista.ghtml,not_normalized_in_prior_ledger,2023-01-01,,not_individually_retrieved_by_inventory_projection,
LEG-6861963d73aa,Inauguration-day roster explicitly identifies PT.,https://valor.globo.com/politica/noticia/2023/01/01/lula-d-posse-a-ministros-veja-a-lista.ghtml,not_normalized_in_prior_ledger,2023-01-01,,not_individually_retrieved_by_inventory_projection,
LEG-6a7f76111362,Inauguration-day roster explicitly identifies PT.,https://valor.globo.com/politica/noticia/2023/01/01/lula-d-posse-a-ministros-veja-a-lista.ghtml,not_normalized_in_prior_ledger,2023-01-01,,not_individually_retrieved_by_inventory_projection,
LEG-880bd4a97d76,Inauguration-day roster explicitly identifies PT.,https://valor.globo.com/politica/noticia/2023/01/01/lula-d-posse-a-ministros-veja-a-lista.ghtml,not_normalized_in_prior_ledger,2023-01-01,,not_individually_retrieved_by_inventory_projection,
LEG-8c2a099615fd,Inauguration-day roster explicitly identifies PT.,https://valor.globo.com/politica/noticia/2023/01/01/lula-d-posse-a-ministros-veja-a-lista.ghtml,not_normalized_in_prior_ledger,2023-01-01,,not_individually_retrieved_by_inventory_projection,
LEG-e020f6e27e56,Inauguration-day roster explicitly identifies PT.,https://valor.globo.com/politica/noticia/2023/01/01/lula-d-posse-a-ministros-veja-a-lista.ghtml,not_normalized_in_prior_ledger,2023-01-01,,not_individually_retrieved_by_inventory_projection,
LEG-1d889ee6861c,Inauguration-day roster explicitly identifies REDE.,https://valor.globo.com/politica/noticia/2023/01/01/lula-d-posse-a-ministros-veja-a-lista.ghtml,not_normalized_in_prior_ledger,2023-01-01,,not_individually_retrieved_by_inventory_projection,
LEG-b5c3c93f0a0d,Inauguration-day roster explicitly identifies UNIÃO.,https://valor.globo.com/politica/noticia/2023/01/01/lula-d-posse-a-ministros-veja-a-lista.ghtml,not_normalized_in_prior_ledger,2023-01-01,,not_individually_retrieved_by_inventory_projection,
LEG-caa1bb9ce390,Inauguration-day roster explicitly identifies UNIÃO.,https://valor.globo.com/politica/noticia/2023/01/01/lula-d-posse-a-ministros-veja-a-lista.ghtml,not_normalized_in_prior_ledger,2023-01-01,,not_individually_retrieved_by_inventory_projection,
LEG-08b47ecd20aa,Incoming-cabinet roster includes Cida Gonçalves in the PT list.,https://www.diariodepernambuco.com.br/noticia/politica/2022/12/governo-lula-tera-representacao-de-nove-legendas-e-11-ministros-sem-pa.html,not_normalized_in_prior_ledger,2022-12-29,,not_individually_retrieved_by_inventory_projection,
LEG-6121a2ab7c3d,Incoming-cabinet roster places this appointment among explicitly unaffiliated ministers.,https://www.diariodepernambuco.com.br/noticia/politica/2022/12/governo-lula-tera-representacao-de-nove-legendas-e-11-ministros-sem-pa.html,not_normalized_in_prior_ledger,2022-12-29,,not_individually_retrieved_by_inventory_projection,
LEG-acfd621740b2,Incoming-cabinet roster places this appointment among explicitly unaffiliated ministers.,https://www.diariodepernambuco.com.br/noticia/politica/2022/12/governo-lula-tera-representacao-de-nove-legendas-e-11-ministros-sem-pa.html,not_normalized_in_prior_ledger,2022-12-29,,not_individually_retrieved_by_inventory_projection,
LEG-509151491adc,Later Republicanos entry and July2018 no-party roster are insufficient alone to prove no-party at February2018 appointment. No first-ever-membership declaration located.,https://www.poder360.com.br/poder-flash/ex-presidente-da-petrobras-se-filia-ao-republicanos/ | https://noticias.uol.com.br/politica/ultimas-noticias/2018/07/11/a-menos-de-seis-meses-de-fim-do-governo-temer-tem-58-ministro.htm,not_normalized_in_prior_ledger,2023-06-10 / 2018-07-11,,not_individually_retrieved_by_inventory_projection,Diagnostic only: unresolved party is not an unaffiliated classification; do not use in production.
LEG-0a433c253eb3,"Later explicit nonparty reporting exists, but does not establish affiliation on the original May31,2017 start retained in this diagnostic.",https://noticias.uol.com.br/politica/ultimas-noticias/2018/07/11/a-menos-de-seis-meses-de-fim-do-governo-temer-tem-58-ministro.htm,not_normalized_in_prior_ledger,2018-07-11,,not_individually_retrieved_by_inventory_projection,Same carried appointment as Temer; appointment-time status remains unresolved.
LEG-6b43a38603cc,"Later report says not a PT member, which does not establish absence of all party affiliation at March2016 appointment. Career as prosecutor is not itself proof.","https://www.correiobraziliense.com.br/app/noticia/cidades/2017/11/30/interna_cidadesdf,644432/com-correntes-rachadas-pt-ainda-nao-tem-nome-para-o-buriti-em-2018.shtml",not_normalized_in_prior_ledger,2017-11-30,,not_individually_retrieved_by_inventory_projection,Diagnostic only: unresolved party is not an unaffiliated classification; do not use in production.
LEG-1b538294c425,"Later roster says no party; appointment reporting describes PR nomination. Nomination is not formal affiliation, and July status alone is not April start evidence.",https://noticias.uol.com.br/politica/ultimas-noticias/2018/07/11/a-menos-de-seis-meses-de-fim-do-governo-temer-tem-58-ministro.htm,not_normalized_in_prior_ledger,2018-07-11,,not_individually_retrieved_by_inventory_projection,Diagnostic only: unresolved party is not an unaffiliated classification; do not use in production.
LEG-083b3c9ae8ee,"Luisa Maier Flores, Quadro 2, independently codes the named 2019 appointment without a party; table source is government Acesso à Informação and following paragraph defines nonparty appointments.",https://bdm.unb.br/bitstream/10483/28970/1/2020_LuisaMaierFlores_tcc.pdf,not_normalized_in_prior_ledger,2020,,not_individually_retrieved_by_inventory_projection,"Medium-confidence retrospective appointment-specific biographical table. Its aggregate paragraph repeats an erroneous Patriota cabinet attribution elsewhere; used only for this named appointment, with this source-quality limitation explicit."
LEG-6a03da16e908,"Luisa Maier Flores, Quadro 2, independently codes the named 2019 appointment without a party; table source is government Acesso à Informação and following paragraph defines nonparty appointments.",https://bdm.unb.br/bitstream/10483/28970/1/2020_LuisaMaierFlores_tcc.pdf,not_normalized_in_prior_ledger,2020,,not_individually_retrieved_by_inventory_projection,"Medium-confidence retrospective appointment-specific biographical table. Its aggregate paragraph repeats an erroneous Patriota cabinet attribution elsewhere; used only for this named appointment, with this source-quality limitation explicit."
LEG-6f1e3b239fc3,"Luisa Maier Flores, Quadro 2, independently codes the named 2019 appointment without a party; table source is government Acesso à Informação and following paragraph defines nonparty appointments.",https://bdm.unb.br/bitstream/10483/28970/1/2020_LuisaMaierFlores_tcc.pdf,not_normalized_in_prior_ledger,2020,,not_individually_retrieved_by_inventory_projection,"Medium-confidence retrospective appointment-specific biographical table. Its aggregate paragraph repeats an erroneous Patriota cabinet attribution elsewhere; used only for this named appointment, with this source-quality limitation explicit."
LEG-2fc1de1192dc,Next-day appointment reporting explicitly identifies no party.,https://noticias.uol.com.br/politica/ultimas-noticias/2018/07/11/a-menos-de-seis-meses-de-fim-do-governo-temer-tem-58-ministro.htm,not_normalized_in_prior_ledger,2018-07-11,,not_individually_retrieved_by_inventory_projection,
LEG-9017e8f64cc4,Official 2026 appointment note does not identify party. Explicit never-affiliated report in 2016 establishes that earlier date only; it cannot be automatically reused for 2026.,https://agenciagov.ebc.com.br/noticias/202601/wellington-cesar-lima-e-silva-assume-ministerio-da-justica-e-seguranca-publica | https://www.brasil247.com/geral/rui-ministro-da-justica-vai-garantir-imparcialidade/,not_normalized_in_prior_ledger,2026-01-13 | 2016-03-03,,not_individually_retrieved_by_inventory_projection,INCLUDED_UNRESOLVED in diagnostic with original dates. Additional bounded search did not establish party on the retained appointment date; no affiliation inferred from pinned party label or career.
LEG-f997e70b3675,"Official Chamber rollcall from March 18, 2021 identifies Flávia Arruda as PL-DF, two days before the original source start retained for this diagnostic.",https://www.camara.leg.br/presenca-comissoes/votacao-portal?itemVotacao=40653&reuniao=60691,not_normalized_in_prior_ledger,2021-03-18,,not_individually_retrieved_by_inventory_projection,"Original March 20 date retained. Separate date discrepancy is deferred, not applied."
LEG-c3b41de7e8c0,"Official Câmara act identifies Fábio Faria as PSD and records ministerial leave effective June 17, 2020.",https://www2.camara.leg.br/legin/int/atoprt_sn/2020/atodopresidente-58200-2-julho-2020-790386-publicacaooriginal-160997-cd-presi.html,not_normalized_in_prior_ledger,2020-07-02,,not_individually_retrieved_by_inventory_projection,Later PP membership is ignored for this appointment.
LEG-0b81a0214570,Official Câmara report identifies incoming Cidadania minister Osmar Terra as MDB.,https://www.camara.leg.br/tv/camara-hoje/548820-camara-hoje-29-11-2018,not_normalized_in_prior_ledger,2018-11-29,,not_individually_retrieved_by_inventory_projection,
LEG-3711a94038ea,Official Câmara report identifies incoming Tourism minister Marcelo Álvaro Antônio as PSL.,https://www.camara.leg.br/tv/camara-hoje/548820-camara-hoje-29-11-2018,not_normalized_in_prior_ledger,2018-11-29,,not_individually_retrieved_by_inventory_projection,
LEG-d1a5739ab53a,Official Senate report identifies Ciro as PP on accepting Casa Civil appointment.,https://www12.senado.leg.br/noticias/materias/2021/07/27/ciro-nogueira-aceita-convite-para-casa-civil-eliane-nogueira-e-a-primeira-suplente,not_normalized_in_prior_ledger,2021-07-27,,not_individually_retrieved_by_inventory_projection,
LEG-a42afb06472c,Official biography explicitly records uninterrupted PDT membership from 1992 through the May 2025 appointment; retrieval date shown.,https://www.gov.br/previdencia/pt-br/composicao/ministro-e-secretarios,not_normalized_in_prior_ledger,2026-09-10,,not_individually_retrieved_by_inventory_projection,
LEG-25f8de4303a5,Official civil-servant curriculum (retrieved 10 September 2026) and contemporary interim-appointment reporting do not explicitly identify party affiliation. No no-party inference from career status.,https://curriculo.sougov.economia.gov.br/sonia-mendes-18737022 | https://edicao.correiobraziliense.com.br/correiobraziliense/2025/04/11/all.pdf,not_normalized_in_prior_ledger,2026-09-10 | 2025-04-11,,not_individually_retrieved_by_inventory_projection,INCLUDED_UNRESOLVED in diagnostic with original dates. Additional bounded search did not establish party on the retained appointment date; no affiliation inferred from pinned party label or career.
LEG-aaebea0a8273,Official legislative farewell statement identifies the departing deputy as PT when accepting this ministerial appointment.,https://www.almg.gov.br/pronunciamentos/deputada-macae-evaristo/2024-09-10/49840,not_normalized_in_prior_ledger,2024-09-10,,not_individually_retrieved_by_inventory_projection,
LEG-e65045e234b2,Official news agency appointment-day profile explicitly identifies Boulos as affiliated to PSOL.,https://agenciabrasil.ebc.com.br/politica/noticia/2025-10/cabeca-do-crime-organizado-nao-esta-no-barraco-da-favela-diz-boulos,not_normalized_in_prior_ledger,2025-10-29,,not_individually_retrieved_by_inventory_projection,
LEG-9d878ec47da4,Official party appointment-day announcement identifies its member.,https://www.psdb.org.br/rs/luislinda-valois-e-alexandre-de-moraes-tomam-posse-nos-direitos-humanos-e-novo-ministerio-da-justica-e-seguranca/,not_normalized_in_prior_ledger,2017-02-03,,not_individually_retrieved_by_inventory_projection,
LEG-f0e3878b0b42,Official party notice ends affiliation four days before ministerial appointment.,https://www.podemos.org.br/podemos-desfilia-deputado-federal-ronaldo-fonseca-df/,not_normalized_in_prior_ledger,2018-05-24,,not_individually_retrieved_by_inventory_projection,
LEG-689fffcf6dc3,Own dated statement establishes PMDB membership from September 2015; overrides contemporaneous DIAP no-party shorthand.,"https://www.em.com.br/app/noticia/politica/2016/11/29/interna_politica,828086/calero-nao-podemos-mais-tolerar-a-esculhambacao-que-e-a-politica-do.shtml",not_normalized_in_prior_ledger,2016-11-29,,not_individually_retrieved_by_inventory_projection,DIAP roster inaccurately said sem partido; explicit retrospective affiliation start resolves conflict.
LEG-90f1b4fb4472,PMDB ethics case follows appointment on March 17; he was still a party member.,https://noticias.uol.com.br/ultimas-noticias/agencia-estado/2016/03/18/conselho-de-etica-do-pmdb-e-instalado-e-recebe-denuncia-contra-mauro-lopes.htm,not_normalized_in_prior_ledger,2016-03-18,,not_individually_retrieved_by_inventory_projection,
LEG-260dc224b3b3,PT contemporaneously records its minister Pimenta taking this new appointment; party continuity independently recorded in April 2024 CNN roster.,https://pt.org.br/lula-cria-secretaria-extraordinaria-para-apoio-a-reconstrucao-do-rs/,not_normalized_in_prior_ledger,2024-05-16,,not_individually_retrieved_by_inventory_projection,
LEG-89bba1651520,PT identified in appointment announcement for March 31.,https://epoca.globo.com/tempo/filtro/noticia/2015/03/edinho-silva-substitui-thomas-traumann-na-comunicacao-social.html,not_normalized_in_prior_ledger,2015-03-27,,not_individually_retrieved_by_inventory_projection,
LEG-5041fedb5f1c,"Pedro De Cillo Rodrigues biographical research p81 explicitly states he never affiliated with a party, covering PT/MDB/PSDB government service; corroborates contemporaneous July 2018 UOL no-party roster.",https://www.teses.usp.br/teses/disponiveis/8/8132/tde-22052023-154952/publico/2023_PedroDeCilloRodrigues_VCorrig.pdf,not_normalized_in_prior_ledger,2023,,not_individually_retrieved_by_inventory_projection,
LEG-8693fc5ad84e,Profile published the day before inauguration explicitly says Canuto has no party affiliation.,https://rr.pt/especial/mundo/2018/12/31/quem-e-quem-no-governo-de-jair-bolsonaro/135592/,not_normalized_in_prior_ledger,2018-12-31,,not_individually_retrieved_by_inventory_projection,
LEG-d2b6ba0c63b5,Published correction reports ministerial press office statement that he was never affiliated to MDB; corroborated by IPEA 2021 NT53.,https://veja.abril.com.br/coluna/radar/patrocinio-de-ibaneis-para-escola-de-samba-tem-dedo-de-picciani/,not_normalized_in_prior_ledger,2019-05-23,,not_individually_retrieved_by_inventory_projection,"April 2018 UOL roster MDB label denoted linkage/nomination, not formal membership; IPEA explicitly distinguishes the two."
LEG-f2b0ba61be8c,Report reproduces electoral affiliation certificate from April 30 1997; planned subsequent departure does not affect appointment.,https://epoca.globo.com/tempo/expresso/noticia/2016/09/ministra-da-agu-e-tucana-ha-mais-de-19-anos-e-diz-que-nao-sabia.html,not_normalized_in_prior_ledger,2016-09-21,,not_individually_retrieved_by_inventory_projection,Minister said she had forgotten membership; certificate establishes formal affiliation at appointment.
LEG-ae1c28478e53,"Retrospective education-minister table labels Victor Godoy nonparty but contains other date and affiliation errors; no independent dated affiliation evidence located for March 29, 2022.",https://sigconteudo.ufsb.edu.br/arquivos/202515001981ef1256047e3686453bcac/Dissertao_Mateus_Alves_da_Silva_Oliveira_Pronta.pdf,not_normalized_in_prior_ledger,2025,,not_individually_retrieved_by_inventory_projection,Retrospective table insufficient to resolve appointment-date status.
LEG-0ac27f4dceb2,Reuters appointment-day roster identifies party.,https://noticias.uol.com.br/ultimas-noticias/reuters/2016/05/12/saiba-mais-governo-temer-anuncia-ministros.htm,not_normalized_in_prior_ledger,2016-05-12,,not_individually_retrieved_by_inventory_projection,
LEG-0e05a77ccc65,Reuters appointment-day roster identifies party.,https://noticias.uol.com.br/ultimas-noticias/reuters/2016/05/12/saiba-mais-governo-temer-anuncia-ministros.htm,not_normalized_in_prior_ledger,2016-05-12,,not_individually_retrieved_by_inventory_projection,
LEG-149db8d513f8,Reuters appointment-day roster identifies party.,https://noticias.uol.com.br/ultimas-noticias/reuters/2016/05/12/saiba-mais-governo-temer-anuncia-ministros.htm,not_normalized_in_prior_ledger,2016-05-12,,not_individually_retrieved_by_inventory_projection,
LEG-24485aa54403,Reuters appointment-day roster identifies party.,https://noticias.uol.com.br/ultimas-noticias/reuters/2016/05/12/saiba-mais-governo-temer-anuncia-ministros.htm,not_normalized_in_prior_ledger,2016-05-12,,not_individually_retrieved_by_inventory_projection,
LEG-2f8bf5705498,Reuters appointment-day roster identifies party.,https://noticias.uol.com.br/ultimas-noticias/reuters/2016/05/12/saiba-mais-governo-temer-anuncia-ministros.htm,not_normalized_in_prior_ledger,2016-05-12,,not_individually_retrieved_by_inventory_projection,
LEG-43b835cc62f8,Reuters appointment-day roster identifies party.,https://noticias.uol.com.br/ultimas-noticias/reuters/2016/05/12/saiba-mais-governo-temer-anuncia-ministros.htm,not_normalized_in_prior_ledger,2016-05-12,,not_individually_retrieved_by_inventory_projection,
LEG-5584b8519f7d,Reuters appointment-day roster identifies party.,https://noticias.uol.com.br/ultimas-noticias/reuters/2016/05/12/saiba-mais-governo-temer-anuncia-ministros.htm,not_normalized_in_prior_ledger,2016-05-12,,not_individually_retrieved_by_inventory_projection,
LEG-576bc18c4ce8,Reuters appointment-day roster identifies party.,https://noticias.uol.com.br/ultimas-noticias/reuters/2016/05/12/saiba-mais-governo-temer-anuncia-ministros.htm,not_normalized_in_prior_ledger,2016-05-12,,not_individually_retrieved_by_inventory_projection,
LEG-5cd7ab190ecc,Reuters appointment-day roster identifies party.,https://noticias.uol.com.br/ultimas-noticias/reuters/2016/05/12/saiba-mais-governo-temer-anuncia-ministros.htm,not_normalized_in_prior_ledger,2016-05-12,,not_individually_retrieved_by_inventory_projection,
LEG-5f81e43d920a,Reuters appointment-day roster identifies party.,https://noticias.uol.com.br/ultimas-noticias/reuters/2016/05/12/saiba-mais-governo-temer-anuncia-ministros.htm,not_normalized_in_prior_ledger,2016-05-12,,not_individually_retrieved_by_inventory_projection,
LEG-6de03bbf7354,Reuters appointment-day roster identifies party.,https://noticias.uol.com.br/ultimas-noticias/reuters/2016/05/12/saiba-mais-governo-temer-anuncia-ministros.htm,not_normalized_in_prior_ledger,2016-05-12,,not_individually_retrieved_by_inventory_projection,
LEG-7f67dc077f97,Reuters appointment-day roster identifies party.,https://noticias.uol.com.br/ultimas-noticias/reuters/2016/05/12/saiba-mais-governo-temer-anuncia-ministros.htm,not_normalized_in_prior_ledger,2016-05-12,,not_individually_retrieved_by_inventory_projection,
LEG-80fb13f63f08,Reuters appointment-day roster identifies party.,https://noticias.uol.com.br/ultimas-noticias/reuters/2016/05/12/saiba-mais-governo-temer-anuncia-ministros.htm,not_normalized_in_prior_ledger,2016-05-12,,not_individually_retrieved_by_inventory_projection,
LEG-839c037f9735,Reuters appointment-day roster identifies party.,https://noticias.uol.com.br/ultimas-noticias/reuters/2016/05/12/saiba-mais-governo-temer-anuncia-ministros.htm,not_normalized_in_prior_ledger,2016-05-12,,not_individually_retrieved_by_inventory_projection,
LEG-9c027191b36e,Reuters appointment-day roster identifies party.,https://noticias.uol.com.br/ultimas-noticias/reuters/2016/05/12/saiba-mais-governo-temer-anuncia-ministros.htm,not_normalized_in_prior_ledger,2016-05-12,,not_individually_retrieved_by_inventory_projection,
LEG-9fcbb2439062,Reuters appointment-day roster identifies party.,https://noticias.uol.com.br/ultimas-noticias/reuters/2016/05/12/saiba-mais-governo-temer-anuncia-ministros.htm,not_normalized_in_prior_ledger,2016-05-12,,not_individually_retrieved_by_inventory_projection,
LEG-aa24caf1c8cd,Reuters appointment-day roster identifies party.,https://noticias.uol.com.br/ultimas-noticias/reuters/2016/05/12/saiba-mais-governo-temer-anuncia-ministros.htm,not_normalized_in_prior_ledger,2016-05-12,,not_individually_retrieved_by_inventory_projection,
LEG-d4d6ed48816a,Reuters appointment-day roster identifies party.,https://noticias.uol.com.br/ultimas-noticias/reuters/2016/05/12/saiba-mais-governo-temer-anuncia-ministros.htm,not_normalized_in_prior_ledger,2016-05-12,,not_individually_retrieved_by_inventory_projection,
LEG-f764ca51f313,Reuters appointment-day roster identifies party.,https://noticias.uol.com.br/ultimas-noticias/reuters/2016/05/12/saiba-mais-governo-temer-anuncia-ministros.htm,not_normalized_in_prior_ledger,2016-05-12,,not_individually_retrieved_by_inventory_projection,
LEG-68b75f23e045,Senate report identifies Sabino as União and expressly relates it to the appointment.,https://www12.senado.leg.br/noticias/materias/2023/08/18/celso-sabino-apresenta-acoes-do-turismo-para-os-proximos-dois-anos,not_normalized_in_prior_ledger,2023-08-18,,not_individually_retrieved_by_inventory_projection,
LEG-49030b7594f1,Veja explicitly distinguishes his former PTB affiliation before TCU service from no party at appointment; independent 29 December roster also lists no party.,https://veja.abril.com.br/coluna/radar/lula-ja-anunciou-mais-ministros-sem-partido-que-do-pt/ | https://www.diariodepernambuco.com.br/noticia/politica/2022/12/governo-lula-tera-representacao-de-nove-legendas-e-11-ministros-sem-pa.html,not_normalized_in_prior_ledger,2022-12-23,,not_individually_retrieved_by_inventory_projection,"Conflicting shorthand PTB labels in Valor/BBC/Poder360 were checked: retained explicit temporal account (former PTB before TCU, now no party), not an unqualified legacy label."
LEG-d9b4064c62f2,Weintraub directly states on his appointment-announcement date that he is not affiliated with any political party.,https://exame.com/brasil/aluno-de-olavo-de-carvalho-abraham-weintraub-promete-gestao-tecnica/,not_normalized_in_prior_ledger,2019-04-08,,not_individually_retrieved_by_inventory_projection,
V5W2E002,New public Filia geography and identity matching tests provide no temporally relevant positive or exhaustive historical negative,https://filia2-consulta.tse.jus.br/filia-consulta/rest/v1/relacao-filiados;https://www.gov.br/mme/pt-br/arquivos/do-06-01-2010-s3.pdf,Tribunal Superior Eleitoral; MME-hosted DOU; Portal da Transparencia,,2026-09-10,official_current_registry_scoped_responses_and_indexed_identity_anchor,Scoped name variants in Salvador and Aracaju plus an identity-or-name matching check in DF MDB. No current-list response is treated as an exhaustive 2018 membership register. Identity anchor stored as hash and masked digits; see request logs for exact coverage and any limitations.
V5W7E003,Official post-event Secom/EBC report confirms actual ministerial exercise by Sabino on the morning of 2025-11-17.,https://agenciagov.ebc.com.br/noticias/202511/sabino-nosso-grande-diferencial-competitivo-no-turismo-sao-as-acoes-de-sustentabilidade,Secretaria de Comunicacao Social / Agencia Gov-EBC,2025-11-17,2026-09-10,official_full_web_extraction_retained_direct_fetch_unavailable,"The report published11h13 names Sabino as Tourism minister in that Monday17 Bom Dia Ministro interview in Belem, describing ministry actions, investments and upcoming programs. This independently establishes actual ministerial exercise by November17, before the evening parliamentary notification. It establishes an upper bound, not his first moment back. Direct EBC fetch returned a temporary electoral-period unavailability notice despite HTTP200; browser-indexed official Secom and EBC article text is retained explicitly as such."
V5W2E001,Dated December31 2018 official MDB governing-body responses do not establish Carlos Sobral membership or non-membership,https://sgip3.tse.jus.br/sgip3-consulta/api/v1/orgaoPartidario/consulta?sqPartido=15&tpAbrangencia=81&isComposicoesHistoricas=true&dataInicioVigencia=31%2F12%2F2018&dataFimVigencia=31%2F12%2F2018,"Tribunal Superior Eleitoral, SGIP3",,2026-09-10,official_historical_governing_body_responses_scoped,Five historical national/DF/BA/SE bodies returned 408 governing-member entries; surname candidates in SE were different persons. No target match. This governing-body universe cannot support an affiliation negative.
V5W7E002,"Original Chamber dispatch orders Sabino parliamentary leave from receipt of notification on 2025-11-17 at19h36, not from a stated ministerial possession timestamp.",https://Imagem.camara.gov.br/Imagem/d/pdf/DCD0020251118002240000.PDF#page=14,Camara dos Deputados / Presidencia-SGM,2025-11-18,2026-09-10,official_pdf_retrieved_page14_rendered_and_visually_verified,"DCD November18 page14 reproduces the November17 communication and presidential dispatch, document95494-1. It says leave to exercise the Tourism minister post begins with the communication received November17 at19h36. That explicitly identifies parliamentary effect; the document contains no actual assumption/handoff time. It supports the existing latest candidate but does not invalidate a ministry return before the notification."
V5W5E001,Official TSE client decodes Helder departure reason 2 and directly maps date fields; effective historical departure remains uncertain,https://filia2-externo.tse.jus.br/main.655678f4759dcc30.js;https://filia2-externo.tse.jus.br/672.9e4193a1e7e92416.js;https://filia2-externo.tse.jus.br/927.95ca5669143d8c8c.js;https://www.tse.jus.br/legislacao/compilada/res/2019/resolucao-no-23-596-de-20-de-agosto-de-2019,Tribunal Superior Eleitoral,,2026-09-10,official_public_client_source_retrieved_and_schema_traced,"Official TSE public client resolves cdMotivoDesfiliacao=2 as A pedido do eleitor, distinct from Expulsao=1 and Judicial=10. The same record-detail template binds the reason field through that enum and separately displays dtDesfiliacao and tsCadastroDesfiliacao. The party departure form sends its chosen date as dtDesfiliacao and warns that reason-2 departure is effectuated after elector notice to the electoral court. Thus a bare populated dtDesfiliacao does not by itself prove completed judicial termination. Retain the exact-identity NOVO entry 2017-10-28, dtDesfiliacao 2021-02-03, REGULAR status 1, pending marker 1, null cancellation/exclusion and null tsCadastroDesfiliacao. The decoded reason is a recorded request category, not independent proof of the signed request or court receipt. Historical migration and actual court-notice date remain unverified; primary NOVO and the credible UNAFFILIATED alternative both remain for December 30-31 2022. C071 is retained as the earlier research state, superseded here only on the decoded code and directly observed client field mapping."
V5W7E005,Historical TSE SGIP screening of PSDB governing bodies found no Ana Carla match; its officer-only scope cannot establish personal non-affiliation or departure.,https://sgip3.tse.jus.br/sgip3-consulta/,Tribunal Superior Eleitoral / SGIP3,,2026-09-10,official_public_historical_queries_target_extracts_and_response_hashes_retained,"Queried PSDB historical bodies overlapping2013-01-01 through2026-03-19 in PA, DF, Belem and national scope, then all returned active/inactive member entries:27 bodies,1131 entries, no target name match. These are governing-body memberships, not all party affiliates; entries are not necessarily distinct people. No new exact-person dated positive or authoritative exhaustive negative was obtained. Retain C075 PSDB historical observation, contextual identity adjudication and forward continuity without upgrading it to a current certificate."
C069,Mário Ramos Ribeiro: historical PSDB affiliation explicitly dated 1997-01-31 in official TSE record,https://filia2-consulta.tse.jus.br/filia-consulta/rest/v1/relacao-filiados?sgUe=PA&cdMunicipio=4563&sqPartido=56&currentPage=0&pageSize=10000,"Tribunal Superior Eleitoral, public Filia consultation",,2026-09-10,official_public_registry_dated_historical_field_identity_verified,"The official TSE public affiliation record explicitly dates personal PSDB affiliation to 1997-01-31, with regular status and no recorded departure or cancellation. This is a historical event field in a later registry observation, not backward projection of an undated current party label. Identity is matched to the named cabinet officeholder using the official government identifier verification retained alongside the extract. Apply documented continuity from that dated membership to the qualifying service; targeted contrary-event searches found no specific conflicting personal change. Registry non-matches for other people are not non-affiliation evidence. The derived registry extract retains only scoped public officeholder records and source-query response hashes."
C070,Wallace Nunes da Silva: historical UNIAO affiliation explicitly dated 2022-03-20 in official TSE record,https://filia2-consulta.tse.jus.br/filia-consulta/rest/v1/relacao-filiados?sgUe=RJ&cdMunicipio=6865&sqPartido=72&currentPage=0&pageSize=10000,"Tribunal Superior Eleitoral, public Filia consultation",,2026-09-10,official_public_registry_dated_historical_field_identity_verified,"The official TSE public affiliation record explicitly dates personal UNIAO affiliation to 2022-03-20, with regular status and no recorded departure or cancellation. This is a historical event field in a later registry observation, not backward projection of an undated current party label. Identity is matched to the named cabinet officeholder using the official government identifier verification retained alongside the extract. Apply documented continuity from that dated membership to the qualifying service; targeted contrary-event searches found no specific conflicting personal change. Registry non-matches for other people are not non-affiliation evidence. The derived registry extract retains only scoped public officeholder records and source-query response hashes."
C071,Helder Melillo: primary formal NOVO affiliation; recorded 2021 party departure retained as alternative,https://filia2-consulta.tse.jus.br/filia-consulta/rest/v1/relacao-filiados?sgUe=DF&cdMunicipio=1778&sqPartido=58&currentPage=0&pageSize=10000;https://www.tse.jus.br/legislacao/compilada/res/2019/resolucao-no-23-596-de-20-de-agosto-de-2019,Tribunal Superior Eleitoral; official Filia manual; DOU identity verification,,2026-09-10,official_registry_and_manual_reviewed_identity_matched,"Adjudicate primary NOVO for Helder’s December30–31 2022 service from the exact-identity TSE historical entry dated October28 2017 and still-REGULAR official record. Preserve the conflicting dtDesfiliacao February3 2021, pending marker, null cancellation/exclusion and null tsCadastroDesfiliacao. UNAFFILIATED remains a credible alternative for the whole service. Neither reasoncode2 nor the legacy API date-field migration has been fully decoded: do not call the departure definitely voluntary, definitively only party-entered, or a completed judicial cancellation. TSE manuals describe regular records with pending departure/cancellation, while Resolution23.596 articles21 and24 distinguish possible legal termination paths. These explain the conflict but do not settle this individual’s exact legal event. The primary is an explicitly uncertain formal-registry adjudication, not legal certainty or generic continuity overriding a known event. Current municipal-list non-matches for other people are not non-affiliation evidence."
V5W5E002,"Maria Estella served as designated substitute in the Communications vacancy, not titular",https://www.gov.br/mcom/pt-br/acesso-a-informacao/transparencia-e-prestacao-de-contas/rol-de-responsaveis-1/2022;https://www.planalto.gov.br/ccivil_03/_ato2015-2018/2016/decreto/d8851.htm;https://cgi.br/portarias/ano_numero/2022/6672/,Ministerio das Comunicacoes; Presidencia; CGI.br official order repository,2023-01-02;2016-09-21;2023-01-03,2026-09-10,official_roll_and_order_retrieved_decree_web_text,"Official MCom 2022 responsibility roll, updated January 2 2023, dates Fabio Faria dismissal December 21 2022 and lists Maria Estella Dantas Antonichelli as the continuing executive secretary. Decree 8851/2016 article 1 III supplies the executive-secretary substitute during vacancy, absent a specific presidential designation. The December 21 2022 interministerial order 6672, published January 3 2023, identifies Estella as Ministra de Estado das Comunicacoes Substituta; C028 independently records her December 30 substitute signature. Correct inherited capacity titular to vacancy_acting without changing the service interval [2022-12-21,2023-01-01). The January publication date of order 6672 is not an extension of ministerial service."
V5W2E003,Original January1 2019 DOU fixes Sobral executive-secretary dismissal effective Jan1; Decree8851 supplies statutory ministerial-vacancy substitution,https://static.poder360.com.br/2019/01/Diario-Oficial-1jan2019.pdf;https://www.planalto.gov.br/ccivil_03/_ato2015-2018/2016/decreto/d8851.htm;https://anttlegis.datalegis.inf.br/action/ActionDatalegis.php?acao=abrirResenhaAnoData&ano=2018&cod_menu=7739&cod_modulo=422,Diario Oficial da Uniao (original PDF preserved by Poder360); Presidencia; ANTT legal-library index,2016-09-21;2018-12-31;2019-01-01,2026-09-10,original_dou_pdf_rendered_and_official_statutory_text_reviewed,"Retain the December31 2018 statutory vacancy succession. The original January1 2019 DOU page1 explicitly dismisses Carlos Henrique Menezes Sobral as executive secretary effective January1. Decree8851/2016 article1 III supplies executive-secretary substitution during vacancy unless a specific presidential designation exists. With C034 Marun publication-date departure and the named continuing deputy, this supports the existing one-day adjudication. No vacancy-specific Sobral decree is claimed; no competing designation or earlier departure was established. No change to routine-leave/signature-only rule or half-open dates. ANTT index records Marun dismissal among December31 publications; exact linked act returned invalid-URL page and is not described as retrieved original."
V5W3E003,ADPF original 2021 elected regional-directory publication lists Marcos Paulo Cardoso Coelho da Silva as Distrito Federal treasurer; this is a police professional association role.,https://web.adpf.org.br/noticia/adpf/eleicoes-2021-diretorias-regionais-da-adpf-sao-empossadas/,Associacao Nacional dos Delegados de Policia Federal,2021,2026-09-10,original_html_retrieved_scoped_target_context_retained,"The original ADPF directory independently identifies the organization in the prior desfiliação reports as a professional association, not a political party. Neither this role nor police employment, institutional testimony, or the appointing politician supplies personal party status in February 2020. Personnel-declaration searches recovered no qualifying observation or finite alternatives. Preserve UNKNOWN for 2020-02-14/2020-02-18 and unchanged vacancy service."
V5W3E002,Caixa Seguridade eligibility minute 104 approves nominee Renato de Lima Franca for an XS3 fiscal-council position; its target item contains no party-membership or nonmembership declaration.,https://api.mziq.com/mzfilemanager/v2/d/3972906b-e50b-4f74-ab74-4d0d32125d11/4b015055-675f-db8a-8597-81266eb9317a?origin=1,Caixa Seguridade Participacoes S.A.,2022-03-14,2026-09-10,original_pdf_inspected_target_excerpt_retained_identifier_redacted,"The original two-page minute contains approval and a reference to Opinion 014/2022, not the opinion text or a declaration of non-affiliation. This cannot date a personal affiliation status in April 2020. The prior PT/Araucaria historical same-name row remains identity-unconfirmed; no bridge to its masked voter identifier was recovered. Preserve UNKNOWN for 2020-04-28/2020-04-29 and unchanged vacancy service."
ATLAS-603,Minister-party assertion ; minister dates 17/06/2016..05/10/2016,research/inherited/atlas__7010-261partidogabineteministerio.csv#L603,Atlas do Estado Brasileiro,,,pinned_compilation_inspected,Portfolio party is retained separately and never used as membership; compilation is not independent documentary certification.
ATLAS-638,Minister-party assertion DEM; minister dates 01/01/2019..15/04/2020,research/inherited/atlas__7010-261partidogabineteministerio.csv#L638,Atlas do Estado Brasileiro,,,pinned_compilation_inspected,Portfolio party is retained separately and never used as membership; compilation is not independent documentary certification.
ATLAS-615,Minister-party assertion DEM; minister dates 01/01/2019..17/02/2020,research/inherited/atlas__7010-261partidogabineteministerio.csv#L615,Atlas do Estado Brasileiro,,,pinned_compilation_inspected,Portfolio party is retained separately and never used as membership; compilation is not independent documentary certification.
ATLAS-630,Minister-party assertion DEM; minister dates 01/01/2019..31/03/2022,research/inherited/atlas__7010-261partidogabineteministerio.csv#L630,Atlas do Estado Brasileiro,,,pinned_compilation_inspected,Portfolio party is retained separately and never used as membership; compilation is not independent documentary certification.
ATLAS-667,Minister-party assertion DEM; minister dates 12/02/2021..28/07/2021,research/inherited/atlas__7010-261partidogabineteministerio.csv#L667,Atlas do Estado Brasileiro,,,pinned_compilation_inspected,Portfolio party is retained separately and never used as membership; compilation is not independent documentary certification.
ATLAS-571,Minister-party assertion DEM; minister dates 12/05/2016..06/04/2018,research/inherited/atlas__7010-261partidogabineteministerio.csv#L571,Atlas do Estado Brasileiro,,,pinned_compilation_inspected,Portfolio party is retained separately and never used as membership; compilation is not independent documentary certification.
ATLAS-655,Minister-party assertion DEM; minister dates 18/02/2020..11/02/2021,research/inherited/atlas__7010-261partidogabineteministerio.csv#L655,Atlas do Estado Brasileiro,,,pinned_compilation_inspected,Portfolio party is retained separately and never used as membership; compilation is not independent documentary certification.
ATLAS-636,Minister-party assertion DEM; minister dates 28/07/2021..31/03/2022,research/inherited/atlas__7010-261partidogabineteministerio.csv#L636,Atlas do Estado Brasileiro,,,pinned_compilation_inspected,Portfolio party is retained separately and never used as membership; compilation is not independent documentary certification.
ATLAS-654,Minister-party assertion MDB; minister dates 01/01/2019..17/02/2020,research/inherited/atlas__7010-261partidogabineteministerio.csv#L654,Atlas do Estado Brasileiro,,,pinned_compilation_inspected,Portfolio party is retained separately and never used as membership; compilation is not independent documentary certification.
ATLAS-678,Minister-party assertion MDB; minister dates 01/01/2023..,research/inherited/atlas__7010-261partidogabineteministerio.csv#L678,Atlas do Estado Brasileiro,,,pinned_compilation_inspected,Portfolio party is retained separately and never used as membership; compilation is not independent documentary certification.
ATLAS-685,Minister-party assertion MDB; minister dates 01/01/2023..,research/inherited/atlas__7010-261partidogabineteministerio.csv#L685,Atlas do Estado Brasileiro,,,pinned_compilation_inspected,Portfolio party is retained separately and never used as membership; compilation is not independent documentary certification.
ATLAS-696,Minister-party assertion MDB; minister dates 01/01/2023..,research/inherited/atlas__7010-261partidogabineteministerio.csv#L696,Atlas do Estado Brasileiro,,,pinned_compilation_inspected,Portfolio party is retained separately and never used as membership; compilation is not independent documentary certification.
ATLAS-649,Minister-party assertion Novo; minister dates 01/01/2019..23/06/2021,research/inherited/atlas__7010-261partidogabineteministerio.csv#L649,Atlas do Estado Brasileiro,,,pinned_compilation_inspected,Portfolio party is retained separately and never used as membership; compilation is not independent documentary certification.
ATLAS-523,Minister-party assertion PCdoB; minister dates 01/01/2015..05/10/2015,research/inherited/atlas__7010-261partidogabineteministerio.csv#L523,Atlas do Estado Brasileiro,,,pinned_compilation_inspected,Portfolio party is retained separately and never used as membership; compilation is not independent documentary certification.
ATLAS-690,Minister-party assertion PCdoB; minister dates 01/01/2023..,research/inherited/atlas__7010-261partidogabineteministerio.csv#L690,Atlas do Estado Brasileiro,,,pinned_compilation_inspected,Portfolio party is retained separately and never used as membership; compilation is not independent documentary certification.
ATLAS-497,Minister-party assertion PCdoB; minister dates 02/10/2015..12/05/2016,research/inherited/atlas__7010-261partidogabineteministerio.csv#L497,Atlas do Estado Brasileiro,,,pinned_compilation_inspected,Portfolio party is retained separately and never used as membership; compilation is not independent documentary certification.
ATLAS-530,Minister-party assertion PCdoB; minister dates 31/03/2016..12/05/2016,research/inherited/atlas__7010-261partidogabineteministerio.csv#L530,Atlas do Estado Brasileiro,,,pinned_compilation_inspected,Portfolio party is retained separately and never used as membership; compilation is not independent documentary certification.
ATLAS-507,Minister-party assertion PDT; minister dates 01/01/2015..05/10/2015,research/inherited/atlas__7010-261partidogabineteministerio.csv#L507,Atlas do Estado Brasileiro,,,pinned_compilation_inspected,Portfolio party is retained separately and never used as membership; compilation is not independent documentary certification.
ATLAS-686,Minister-party assertion PDT; minister dates 01/01/2023..,research/inherited/atlas__7010-261partidogabineteministerio.csv#L686,Atlas do Estado Brasileiro,,,pinned_compilation_inspected,Portfolio party is retained separately and never used as membership; compilation is not independent documentary certification.
ATLAS-688,Minister-party assertion PDT; minister dates 01/01/2023..,research/inherited/atlas__7010-261partidogabineteministerio.csv#L688,Atlas do Estado Brasileiro,,,pinned_compilation_inspected,Portfolio party is retained separately and never used as membership; compilation is not independent documentary certification.
ATLAS-520,Minister-party assertion PDT; minister dates 05/10/2015..12/05/2016,research/inherited/atlas__7010-261partidogabineteministerio.csv#L520,Atlas do Estado Brasileiro,,,pinned_compilation_inspected,Portfolio party is retained separately and never used as membership; compilation is not independent documentary certification.
ATLAS-671,Minister-party assertion PL; minister dates 06/04/2021..31/03/2022,research/inherited/atlas__7010-261partidogabineteministerio.csv#L671,Atlas do Estado Brasileiro,,,pinned_compilation_inspected,Portfolio party is retained separately and never used as membership; compilation is not independent documentary certification.
ATLAS-543,Minister-party assertion PMDB; minister dates 01/01/2015..05/10/2015,research/inherited/atlas__7010-261partidogabineteministerio.csv#L543,Atlas do Estado Brasileiro,,,pinned_compilation_inspected,Portfolio party is retained separately and never used as membership; compilation is not independent documentary certification.
ATLAS-546,Minister-party assertion PMDB; minister dates 01/01/2015..05/10/2015,research/inherited/atlas__7010-261partidogabineteministerio.csv#L546,Atlas do Estado Brasileiro,,,pinned_compilation_inspected,Portfolio party is retained separately and never used as membership; compilation is not independent documentary certification.
ATLAS-550,Minister-party assertion PMDB; minister dates 01/01/2015..09/12/2015,research/inherited/atlas__7010-261partidogabineteministerio.csv#L550,Atlas do Estado Brasileiro,,,pinned_compilation_inspected,Portfolio party is retained separately and never used as membership; compilation is not independent documentary certification.
ATLAS-534,Minister-party assertion PMDB; minister dates 01/01/2015..16/04/2015,research/inherited/atlas__7010-261partidogabineteministerio.csv#L534,Atlas do Estado Brasileiro,,,pinned_compilation_inspected,Portfolio party is retained separately and never used as membership; compilation is not independent documentary certification.
ATLAS-502,Minister-party assertion PMDB; minister dates 01/01/2015..30/03/2016,research/inherited/atlas__7010-261partidogabineteministerio.csv#L502,Atlas do Estado Brasileiro,,,pinned_compilation_inspected,Portfolio party is retained separately and never used as membership; compilation is not independent documentary certification.
ATLAS-514,Minister-party assertion PMDB; minister dates 01/01/2015..30/03/2016,research/inherited/atlas__7010-261partidogabineteministerio.csv#L514,Atlas do Estado Brasileiro,,,pinned_compilation_inspected,Portfolio party is retained separately and never used as membership; compilation is not independent documentary certification.
ATLAS-609,Minister-party assertion PMDB; minister dates 01/11/2017..10/04/2018,research/inherited/atlas__7010-261partidogabineteministerio.csv#L609,Atlas do Estado Brasileiro,,,pinned_compilation_inspected,Portfolio party is retained separately and never used as membership; compilation is not independent documentary certification.
ATLAS-531,Minister-party assertion PMDB; minister dates 05/02/2015..16/09/2015,research/inherited/atlas__7010-261partidogabineteministerio.csv#L531,Atlas do Estado Brasileiro,,,pinned_compilation_inspected,Portfolio party is retained separately and never used as membership; compilation is not independent documentary certification.
ATLAS-510,Minister-party assertion PMDB; minister dates 05/10/2015..30/03/2016,research/inherited/atlas__7010-261partidogabineteministerio.csv#L510,Atlas do Estado Brasileiro,,,pinned_compilation_inspected,Portfolio party is retained separately and never used as membership; compilation is not independent documentary certification.
ATLAS-524,Minister-party assertion PMDB; minister dates 05/10/2015..30/03/2016,research/inherited/atlas__7010-261partidogabineteministerio.csv#L524,Atlas do Estado Brasileiro,,,pinned_compilation_inspected,Portfolio party is retained separately and never used as membership; compilation is not independent documentary certification.
ATLAS-547,Minister-party assertion PMDB; minister dates 05/10/2015..30/03/2016,research/inherited/atlas__7010-261partidogabineteministerio.csv#L547,Atlas do Estado Brasileiro,,,pinned_compilation_inspected,Portfolio party is retained separately and never used as membership; compilation is not independent documentary certification.
ATLAS-604,Minister-party assertion PMDB; minister dates 05/10/2016..06/04/2018,research/inherited/atlas__7010-261partidogabineteministerio.csv#L604,Atlas do Estado Brasileiro,,,pinned_compilation_inspected,Portfolio party is retained separately and never used as membership; compilation is not independent documentary certification.
ATLAS-558,Minister-party assertion PMDB; minister dates 07/03/2017..31/05/2017,research/inherited/atlas__7010-261partidogabineteministerio.csv#L558,Atlas do Estado Brasileiro,,,pinned_compilation_inspected,Portfolio party is retained separately and never used as membership; compilation is not independent documentary certification.
ATLAS-583,Minister-party assertion PMDB; minister dates 10/04/2018..31/12/2018,research/inherited/atlas__7010-261partidogabineteministerio.csv#L583,Atlas do Estado Brasileiro,,,pinned_compilation_inspected,Portfolio party is retained separately and never used as membership; compilation is not independent documentary certification.
ATLAS-588,Minister-party assertion PMDB; minister dates 10/04/2018..31/12/2018,research/inherited/atlas__7010-261partidogabineteministerio.csv#L588,Atlas do Estado Brasileiro,,,pinned_compilation_inspected,Portfolio party is retained separately and never used as membership; compilation is not independent documentary certification.
ATLAS-605,Minister-party assertion PMDB; minister dates 10/04/2018..31/12/2018,research/inherited/atlas__7010-261partidogabineteministerio.csv#L605,Atlas do Estado Brasileiro,,,pinned_compilation_inspected,Portfolio party is retained separately and never used as membership; compilation is not independent documentary certification.
ATLAS-587,Minister-party assertion PMDB; minister dates 12/05/2016..06/04/2018,research/inherited/atlas__7010-261partidogabineteministerio.csv#L587,Atlas do Estado Brasileiro,,,pinned_compilation_inspected,Portfolio party is retained separately and never used as membership; compilation is not independent documentary certification.
ATLAS-596,Minister-party assertion PMDB; minister dates 12/05/2016..06/04/2018,research/inherited/atlas__7010-261partidogabineteministerio.csv#L596,Atlas do Estado Brasileiro,,,pinned_compilation_inspected,Portfolio party is retained separately and never used as membership; compilation is not independent documentary certification.
ATLAS-598,Minister-party assertion PMDB; minister dates 12/05/2016..06/04/2018,research/inherited/atlas__7010-261partidogabineteministerio.csv#L598,Atlas do Estado Brasileiro,,,pinned_compilation_inspected,Portfolio party is retained separately and never used as membership; compilation is not independent documentary certification.
ATLAS-602,Minister-party assertion PMDB; minister dates 12/05/2016..16/06/2016,research/inherited/atlas__7010-261partidogabineteministerio.csv#L602,Atlas do Estado Brasileiro,,,pinned_compilation_inspected,Portfolio party is retained separately and never used as membership; compilation is not independent documentary certification.
ATLAS-584,Minister-party assertion PMDB; minister dates 12/05/2016..23/05/2016,research/inherited/atlas__7010-261partidogabineteministerio.csv#L584,Atlas do Estado Brasileiro,,,pinned_compilation_inspected,Portfolio party is retained separately and never used as membership; compilation is not independent documentary certification.
ATLAS-611,Minister-party assertion PMDB; minister dates 12/05/2016..25/11/2016,research/inherited/atlas__7010-261partidogabineteministerio.csv#L611,Atlas do Estado Brasileiro,,,pinned_compilation_inspected,Portfolio party is retained separately and never used as membership; compilation is not independent documentary certification.
ATLAS-556,Minister-party assertion PMDB; minister dates 12/05/2016..31/12/2018,research/inherited/atlas__7010-261partidogabineteministerio.csv#L556,Atlas do Estado Brasileiro,,,pinned_compilation_inspected,Portfolio party is retained separately and never used as membership; compilation is not independent documentary certification.
ATLAS-613,Minister-party assertion PMDB; minister dates 15/12/2017..31/12/2018,research/inherited/atlas__7010-261partidogabineteministerio.csv#L613,Atlas do Estado Brasileiro,,,pinned_compilation_inspected,Portfolio party is retained separately and never used as membership; compilation is not independent documentary certification.
ATLAS-552,Minister-party assertion PMDB; minister dates 16/03/2016..30/03/2016,research/inherited/atlas__7010-261partidogabineteministerio.csv#L552,Atlas do Estado Brasileiro,,,pinned_compilation_inspected,Portfolio party is retained separately and never used as membership; compilation is not independent documentary certification.
ATLAS-535,Minister-party assertion PMDB; minister dates 16/04/2015..30/03/2016,research/inherited/atlas__7010-261partidogabineteministerio.csv#L535,Atlas do Estado Brasileiro,,,pinned_compilation_inspected,Portfolio party is retained separately and never used as membership; compilation is not independent documentary certification.
ATLAS-592,Minister-party assertion PMDB; minister dates 24/05/2016..22/11/2016,research/inherited/atlas__7010-261partidogabineteministerio.csv#L592,Atlas do Estado Brasileiro,,,pinned_compilation_inspected,Portfolio party is retained separately and never used as membership; compilation is not independent documentary certification.
ATLAS-511,Minister-party assertion PMDB; minister dates 31/03/2016..11/05/2016,research/inherited/atlas__7010-261partidogabineteministerio.csv#L511,Atlas do Estado Brasileiro,,,pinned_compilation_inspected,Portfolio party is retained separately and never used as membership; compilation is not independent documentary certification.
ATLAS-503,Minister-party assertion PMDB; minister dates 31/03/2016..12/05/2016,research/inherited/atlas__7010-261partidogabineteministerio.csv#L503,Atlas do Estado Brasileiro,,,pinned_compilation_inspected,Portfolio party is retained separately and never used as membership; compilation is not independent documentary certification.
ATLAS-525,Minister-party assertion PMDB; minister dates 31/03/2016..14/04/2016,research/inherited/atlas__7010-261partidogabineteministerio.csv#L525,Atlas do Estado Brasileiro,,,pinned_compilation_inspected,Portfolio party is retained separately and never used as membership; compilation is not independent documentary certification.
ATLAS-553,Minister-party assertion PMDB; minister dates 31/03/2016..14/04/2016,research/inherited/atlas__7010-261partidogabineteministerio.csv#L553,Atlas do Estado Brasileiro,,,pinned_compilation_inspected,Portfolio party is retained separately and never used as membership; compilation is not independent documentary certification.
ATLAS-548,Minister-party assertion PMDB; minister dates 31/03/2016..21/04/2016,research/inherited/atlas__7010-261partidogabineteministerio.csv#L548,Atlas do Estado Brasileiro,,,pinned_compilation_inspected,Portfolio party is retained separately and never used as membership; compilation is not independent documentary certification.
ATLAS-515,Minister-party assertion PMDB; minister dates 31/03/2016..22/04/2016,research/inherited/atlas__7010-261partidogabineteministerio.csv#L515,Atlas do Estado Brasileiro,,,pinned_compilation_inspected,Portfolio party is retained separately and never used as membership; compilation is not independent documentary certification.
ATLAS-518,Minister-party assertion PP; minister dates 01/01/2015..13/04/2016,research/inherited/atlas__7010-261partidogabineteministerio.csv#L518,Atlas do Estado Brasileiro,,,pinned_compilation_inspected,Portfolio party is retained separately and never used as membership; compilation is not independent documentary certification.
ATLAS-662,Minister-party assertion PP; minister dates 01/01/2019..31/03/2022,research/inherited/atlas__7010-261partidogabineteministerio.csv#L662,Atlas do Estado Brasileiro,,,pinned_compilation_inspected,Portfolio party is retained separately and never used as membership; compilation is not independent documentary certification.
ATLAS-577,Minister-party assertion PP; minister dates 02/04/2018..31/12/2018,research/inherited/atlas__7010-261partidogabineteministerio.csv#L577,Atlas do Estado Brasileiro,,,pinned_compilation_inspected,Portfolio party is retained separately and never used as membership; compilation is not independent documentary certification.
ATLAS-618,Minister-party assertion PP; minister dates 04/08/2021..31/12/2022,research/inherited/atlas__7010-261partidogabineteministerio.csv#L618,Atlas do Estado Brasileiro,,,pinned_compilation_inspected,Portfolio party is retained separately and never used as membership; compilation is not independent documentary certification.
ATLAS-576,Minister-party assertion PP; minister dates 12/05/2016..01/04/2018,research/inherited/atlas__7010-261partidogabineteministerio.csv#L576,Atlas do Estado Brasileiro,,,pinned_compilation_inspected,Portfolio party is retained separately and never used as membership; compilation is not independent documentary certification.
ATLAS-570,Minister-party assertion PP; minister dates 12/05/2016..31/12/2018,research/inherited/atlas__7010-261partidogabineteministerio.csv#L570,Atlas do Estado Brasileiro,,,pinned_compilation_inspected,Portfolio party is retained separately and never used as membership; compilation is not independent documentary certification.
ATLAS-695,Minister-party assertion PP; minister dates 13/09/2023..,research/inherited/atlas__7010-261partidogabineteministerio.csv#L695,Atlas do Estado Brasileiro,,,pinned_compilation_inspected,Portfolio party is retained separately and never used as membership; compilation is not independent documentary certification.
ATLAS-601,Minister-party assertion PP; minister dates 22/11/2017..31/12/2018,research/inherited/atlas__7010-261partidogabineteministerio.csv#L601,Atlas do Estado Brasileiro,,,pinned_compilation_inspected,Portfolio party is retained separately and never used as membership; compilation is not independent documentary certification.
ATLAS-648,Minister-party assertion PP; minister dates 24/03/2022..21/12/2022,research/inherited/atlas__7010-261partidogabineteministerio.csv#L648,Atlas do Estado Brasileiro,,,pinned_compilation_inspected,Portfolio party is retained separately and never used as membership; compilation is not independent documentary certification.
ATLAS-560,Minister-party assertion PPS; minister dates 12/05/2016..21/05/2017,research/inherited/atlas__7010-261partidogabineteministerio.csv#L560,Atlas do Estado Brasileiro,,,pinned_compilation_inspected,Portfolio party is retained separately and never used as membership; compilation is not independent documentary certification.
ATLAS-561,Minister-party assertion PPS; minister dates 22/05/2017..27/02/2018,research/inherited/atlas__7010-261partidogabineteministerio.csv#L561,Atlas do Estado Brasileiro,,,pinned_compilation_inspected,Portfolio party is retained separately and never used as membership; compilation is not independent documentary certification.
ATLAS-593,Minister-party assertion PPS; minister dates 23/11/2016..22/05/2017,research/inherited/atlas__7010-261partidogabineteministerio.csv#L593,Atlas do Estado Brasileiro,,,pinned_compilation_inspected,Portfolio party is retained separately and never used as membership; compilation is not independent documentary certification.
ATLAS-614,Minister-party assertion PPS; minister dates 27/02/2018..31/12/2018,research/inherited/atlas__7010-261partidogabineteministerio.csv#L614,Atlas do Estado Brasileiro,,,pinned_compilation_inspected,Portfolio party is retained separately and never used as membership; compilation is not independent documentary certification.
ATLAS-501,Minister-party assertion PR; minister dates 01/01/2015..12/05/2016,research/inherited/atlas__7010-261partidogabineteministerio.csv#L501,Atlas do Estado Brasileiro,,,pinned_compilation_inspected,Portfolio party is retained separately and never used as membership; compilation is not independent documentary certification.
ATLAS-569,Minister-party assertion PR; minister dates 02/04/2018..31/12/2018,research/inherited/atlas__7010-261partidogabineteministerio.csv#L569,Atlas do Estado Brasileiro,,,pinned_compilation_inspected,Portfolio party is retained separately and never used as membership; compilation is not independent documentary certification.
ATLAS-568,Minister-party assertion PR; minister dates 12/05/2016..02/04/2018,research/inherited/atlas__7010-261partidogabineteministerio.csv#L568,Atlas do Estado Brasileiro,,,pinned_compilation_inspected,Portfolio party is retained separately and never used as membership; compilation is not independent documentary certification.
ATLAS-529,Minister-party assertion PRB; minister dates 01/01/2015..30/03/2016,research/inherited/atlas__7010-261partidogabineteministerio.csv#L529,Atlas do Estado Brasileiro,,,pinned_compilation_inspected,Portfolio party is retained separately and never used as membership; compilation is not independent documentary certification.
ATLAS-579,Minister-party assertion PRB; minister dates 05/01/2018..31/12/2018,research/inherited/atlas__7010-261partidogabineteministerio.csv#L579,Atlas do Estado Brasileiro,,,pinned_compilation_inspected,Portfolio party is retained separately and never used as membership; compilation is not independent documentary certification.
ATLAS-578,Minister-party assertion PRB; minister dates 12/05/2016..05/01/2018,research/inherited/atlas__7010-261partidogabineteministerio.csv#L578,Atlas do Estado Brasileiro,,,pinned_compilation_inspected,Portfolio party is retained separately and never used as membership; compilation is not independent documentary certification.
ATLAS-504,Minister-party assertion PROS; minister dates 01/01/2015..18/03/2015,research/inherited/atlas__7010-261partidogabineteministerio.csv#L504,Atlas do Estado Brasileiro,,,pinned_compilation_inspected,Portfolio party is retained separately and never used as membership; compilation is not independent documentary certification.
ATLAS-674,Minister-party assertion PSB; minister dates 01/01/2023..,research/inherited/atlas__7010-261partidogabineteministerio.csv#L674,Atlas do Estado Brasileiro,,,pinned_compilation_inspected,Portfolio party is retained separately and never used as membership; compilation is not independent documentary certification.
ATLAS-683,Minister-party assertion PSB; minister dates 01/01/2023..,research/inherited/atlas__7010-261partidogabineteministerio.csv#L683,Atlas do Estado Brasileiro,,,pinned_compilation_inspected,Portfolio party is retained separately and never used as membership; compilation is not independent documentary certification.
ATLAS-706,Minister-party assertion PSB; minister dates 01/01/2023..12/09/2023,research/inherited/atlas__7010-261partidogabineteministerio.csv#L706,Atlas do Estado Brasileiro,,,pinned_compilation_inspected,Portfolio party is retained separately and never used as membership; compilation is not independent documentary certification.
ATLAS-581,Minister-party assertion PSB; minister dates 12/05/2016..21/05/2017,research/inherited/atlas__7010-261partidogabineteministerio.csv#L581,Atlas do Estado Brasileiro,,,pinned_compilation_inspected,Portfolio party is retained separately and never used as membership; compilation is not independent documentary certification.
ATLAS-708,Minister-party assertion PSB; minister dates 13/09/2023..,research/inherited/atlas__7010-261partidogabineteministerio.csv#L708,Atlas do Estado Brasileiro,,,pinned_compilation_inspected,Portfolio party is retained separately and never used as membership; compilation is not independent documentary certification.
ATLAS-582,Minister-party assertion PSB; minister dates 22/05/2017..06/04/2018,research/inherited/atlas__7010-261partidogabineteministerio.csv#L582,Atlas do Estado Brasileiro,,,pinned_compilation_inspected,Portfolio party is retained separately and never used as membership; compilation is not independent documentary certification.
ATLAS-555,Minister-party assertion PSD; minister dates 01/01/2015..05/10/2015,research/inherited/atlas__7010-261partidogabineteministerio.csv#L555,Atlas do Estado Brasileiro,,,pinned_compilation_inspected,Portfolio party is retained separately and never used as membership; compilation is not independent documentary certification.
ATLAS-532,Minister-party assertion PSD; minister dates 01/01/2015..19/04/2016,research/inherited/atlas__7010-261partidogabineteministerio.csv#L532,Atlas do Estado Brasileiro,,,pinned_compilation_inspected,Portfolio party is retained separately and never used as membership; compilation is not independent documentary certification.
ATLAS-679,Minister-party assertion PSD; minister dates 01/01/2023..,research/inherited/atlas__7010-261partidogabineteministerio.csv#L679,Atlas do Estado Brasileiro,,,pinned_compilation_inspected,Portfolio party is retained separately and never used as membership; compilation is not independent documentary certification.
ATLAS-684,Minister-party assertion PSD; minister dates 01/01/2023..,research/inherited/atlas__7010-261partidogabineteministerio.csv#L684,Atlas do Estado Brasileiro,,,pinned_compilation_inspected,Portfolio party is retained separately and never used as membership; compilation is not independent documentary certification.
ATLAS-703,Minister-party assertion PSD; minister dates 01/01/2023..,research/inherited/atlas__7010-261partidogabineteministerio.csv#L703,Atlas do Estado Brasileiro,,,pinned_compilation_inspected,Portfolio party is retained separately and never used as membership; compilation is not independent documentary certification.
ATLAS-591,Minister-party assertion PSD; minister dates 12/05/2016..31/12/2018,research/inherited/atlas__7010-261partidogabineteministerio.csv#L591,Atlas do Estado Brasileiro,,,pinned_compilation_inspected,Portfolio party is retained separately and never used as membership; compilation is not independent documentary certification.
ATLAS-647,Minister-party assertion PSD; minister dates 17/06/2020..23/03/2022,research/inherited/atlas__7010-261partidogabineteministerio.csv#L647,Atlas do Estado Brasileiro,,,pinned_compilation_inspected,Portfolio party is retained separately and never used as membership; compilation is not independent documentary certification.
ATLAS-631,Minister-party assertion PSD; minister dates 31/03/2022..31/12/2022,research/inherited/atlas__7010-261partidogabineteministerio.csv#L631,Atlas do Estado Brasileiro,,,pinned_compilation_inspected,Portfolio party is retained separately and never used as membership; compilation is not independent documentary certification.
ATLAS-612,Minister-party assertion PSDB; minister dates 03/02/2017..14/12/2017,research/inherited/atlas__7010-261partidogabineteministerio.csv#L612,Atlas do Estado Brasileiro,,,pinned_compilation_inspected,Portfolio party is retained separately and never used as membership; compilation is not independent documentary certification.
ATLAS-606,Minister-party assertion PSDB; minister dates 03/02/2017..29/11/2017,research/inherited/atlas__7010-261partidogabineteministerio.csv#L606,Atlas do Estado Brasileiro,,,pinned_compilation_inspected,Portfolio party is retained separately and never used as membership; compilation is not independent documentary certification.
ATLAS-564,Minister-party assertion PSDB; minister dates 07/03/2017..29/11/2017,research/inherited/atlas__7010-261partidogabineteministerio.csv#L564,Atlas do Estado Brasileiro,,,pinned_compilation_inspected,Portfolio party is retained separately and never used as membership; compilation is not independent documentary certification.
ATLAS-645,Minister-party assertion PSDB; minister dates 11/02/2020..31/03/2022,research/inherited/atlas__7010-261partidogabineteministerio.csv#L645,Atlas do Estado Brasileiro,,,pinned_compilation_inspected,Portfolio party is retained separately and never used as membership; compilation is not independent documentary certification.
ATLAS-566,Minister-party assertion PSDB; minister dates 12/05/2016..06/04/2018,research/inherited/atlas__7010-261partidogabineteministerio.csv#L566,Atlas do Estado Brasileiro,,,pinned_compilation_inspected,Portfolio party is retained separately and never used as membership; compilation is not independent documentary certification.
ATLAS-600,Minister-party assertion PSDB; minister dates 12/05/2016..13/11/2017,research/inherited/atlas__7010-261partidogabineteministerio.csv#L600,Atlas do Estado Brasileiro,,,pinned_compilation_inspected,Portfolio party is retained separately and never used as membership; compilation is not independent documentary certification.
ATLAS-557,Minister-party assertion PSDB; minister dates 12/05/2016..22/02/2017,research/inherited/atlas__7010-261partidogabineteministerio.csv#L557,Atlas do Estado Brasileiro,,,pinned_compilation_inspected,Portfolio party is retained separately and never used as membership; compilation is not independent documentary certification.
ATLAS-563,Minister-party assertion PSDB; minister dates 12/05/2016..22/02/2017,research/inherited/atlas__7010-261partidogabineteministerio.csv#L563,Atlas do Estado Brasileiro,,,pinned_compilation_inspected,Portfolio party is retained separately and never used as membership; compilation is not independent documentary certification.
ATLAS-607,Minister-party assertion PSDB; minister dates 30/11/2017..19/02/2018,research/inherited/atlas__7010-261partidogabineteministerio.csv#L607,Atlas do Estado Brasileiro,,,pinned_compilation_inspected,Portfolio party is retained separately and never used as membership; compilation is not independent documentary certification.
ATLAS-565,Minister-party assertion PSDB; minister dates 30/11/2017..31/12/2018,research/inherited/atlas__7010-261partidogabineteministerio.csv#L565,Atlas do Estado Brasileiro,,,pinned_compilation_inspected,Portfolio party is retained separately and never used as membership; compilation is not independent documentary certification.
ATLAS-651,Minister-party assertion PSL; minister dates 01/01/2019..11/11/2019,research/inherited/atlas__7010-261partidogabineteministerio.csv#L651,Atlas do Estado Brasileiro,,,pinned_compilation_inspected,Portfolio party is retained separately and never used as membership; compilation is not independent documentary certification.
ATLAS-658,Minister-party assertion PSL; minister dates 01/01/2019..11/11/2019,research/inherited/atlas__7010-261partidogabineteministerio.csv#L658,Atlas do Estado Brasileiro,,,pinned_compilation_inspected,Portfolio party is retained separately and never used as membership; compilation is not independent documentary certification.
ATLAS-664,Minister-party assertion PSL; minister dates 01/01/2019..18/02/2019,research/inherited/atlas__7010-261partidogabineteministerio.csv#L664,Atlas do Estado Brasileiro,,,pinned_compilation_inspected,Portfolio party is retained separately and never used as membership; compilation is not independent documentary certification.
ATLAS-659,Minister-party assertion PSL; minister dates 12/11/2019..09/12/2020,research/inherited/atlas__7010-261partidogabineteministerio.csv#L659,Atlas do Estado Brasileiro,,,pinned_compilation_inspected,Portfolio party is retained separately and never used as membership; compilation is not independent documentary certification.
ATLAS-652,Minister-party assertion PSL; minister dates 12/11/2019..31/03/2022,research/inherited/atlas__7010-261partidogabineteministerio.csv#L652,Atlas do Estado Brasileiro,,,pinned_compilation_inspected,Portfolio party is retained separately and never used as membership; compilation is not independent documentary certification.
ATLAS-709,Minister-party assertion PSOL; minister dates 01/01/2023..,research/inherited/atlas__7010-261partidogabineteministerio.csv#L709,Atlas do Estado Brasileiro,,,pinned_compilation_inspected,Portfolio party is retained separately and never used as membership; compilation is not independent documentary certification.
ATLAS-496,Minister-party assertion PT; minister dates 01/01/2015..02/10/2015,research/inherited/atlas__7010-261partidogabineteministerio.csv#L496,Atlas do Estado Brasileiro,,,pinned_compilation_inspected,Portfolio party is retained separately and never used as membership; compilation is not independent documentary certification.
ATLAS-493,Minister-party assertion PT; minister dates 01/01/2015..03/03/2016,research/inherited/atlas__7010-261partidogabineteministerio.csv#L493,Atlas do Estado Brasileiro,,,pinned_compilation_inspected,Portfolio party is retained separately and never used as membership; compilation is not independent documentary certification.
ATLAS-489,Minister-party assertion PT; minister dates 01/01/2015..05/10/2015,research/inherited/atlas__7010-261partidogabineteministerio.csv#L489,Atlas do Estado Brasileiro,,,pinned_compilation_inspected,Portfolio party is retained separately and never used as membership; compilation is not independent documentary certification.
ATLAS-509,Minister-party assertion PT; minister dates 01/01/2015..05/10/2015,research/inherited/atlas__7010-261partidogabineteministerio.csv#L509,Atlas do Estado Brasileiro,,,pinned_compilation_inspected,Portfolio party is retained separately and never used as membership; compilation is not independent documentary certification.
ATLAS-519,Minister-party assertion PT; minister dates 01/01/2015..05/10/2015,research/inherited/atlas__7010-261partidogabineteministerio.csv#L519,Atlas do Estado Brasileiro,,,pinned_compilation_inspected,Portfolio party is retained separately and never used as membership; compilation is not independent documentary certification.
ATLAS-521,Minister-party assertion PT; minister dates 01/01/2015..05/10/2015,research/inherited/atlas__7010-261partidogabineteministerio.csv#L521,Atlas do Estado Brasileiro,,,pinned_compilation_inspected,Portfolio party is retained separately and never used as membership; compilation is not independent documentary certification.
ATLAS-540,Minister-party assertion PT; minister dates 01/01/2015..05/10/2015,research/inherited/atlas__7010-261partidogabineteministerio.csv#L540,Atlas do Estado Brasileiro,,,pinned_compilation_inspected,Portfolio party is retained separately and never used as membership; compilation is not independent documentary certification.
ATLAS-544,Minister-party assertion PT; minister dates 01/01/2015..05/10/2015,research/inherited/atlas__7010-261partidogabineteministerio.csv#L544,Atlas do Estado Brasileiro,,,pinned_compilation_inspected,Portfolio party is retained separately and never used as membership; compilation is not independent documentary certification.
ATLAS-537,Minister-party assertion PT; minister dates 01/01/2015..10/04/2015,research/inherited/atlas__7010-261partidogabineteministerio.csv#L537,Atlas do Estado Brasileiro,,,pinned_compilation_inspected,Portfolio party is retained separately and never used as membership; compilation is not independent documentary certification.
ATLAS-541,Minister-party assertion PT; minister dates 01/01/2015..10/04/2015,research/inherited/atlas__7010-261partidogabineteministerio.csv#L541,Atlas do Estado Brasileiro,,,pinned_compilation_inspected,Portfolio party is retained separately and never used as membership; compilation is not independent documentary certification.
ATLAS-526,Minister-party assertion PT; minister dates 01/01/2015..12/05/2016,research/inherited/atlas__7010-261partidogabineteministerio.csv#L526,Atlas do Estado Brasileiro,,,pinned_compilation_inspected,Portfolio party is retained separately and never used as membership; compilation is not independent documentary certification.
ATLAS-527,Minister-party assertion PT; minister dates 01/01/2015..12/05/2016,research/inherited/atlas__7010-261partidogabineteministerio.csv#L527,Atlas do Estado Brasileiro,,,pinned_compilation_inspected,Portfolio party is retained separately and never used as membership; compilation is not independent documentary certification.
ATLAS-528,Minister-party assertion PT; minister dates 01/01/2015..12/05/2016,research/inherited/atlas__7010-261partidogabineteministerio.csv#L528,Atlas do Estado Brasileiro,,,pinned_compilation_inspected,Portfolio party is retained separately and never used as membership; compilation is not independent documentary certification.
ATLAS-673,Minister-party assertion PT; minister dates 01/01/2023..,research/inherited/atlas__7010-261partidogabineteministerio.csv#L673,Atlas do Estado Brasileiro,,,pinned_compilation_inspected,Portfolio party is retained separately and never used as membership; compilation is not independent documentary certification.
ATLAS-677,Minister-party assertion PT; minister dates 01/01/2023..,research/inherited/atlas__7010-261partidogabineteministerio.csv#L677,Atlas do Estado Brasileiro,,,pinned_compilation_inspected,Portfolio party is retained separately and never used as membership; compilation is not independent documentary certification.
ATLAS-680,Minister-party assertion PT; minister dates 01/01/2023..,research/inherited/atlas__7010-261partidogabineteministerio.csv#L680,Atlas do Estado Brasileiro,,,pinned_compilation_inspected,Portfolio party is retained separately and never used as membership; compilation is not independent documentary certification.
ATLAS-681,Minister-party assertion PT; minister dates 01/01/2023..,research/inherited/atlas__7010-261partidogabineteministerio.csv#L681,Atlas do Estado Brasileiro,,,pinned_compilation_inspected,Portfolio party is retained separately and never used as membership; compilation is not independent documentary certification.
ATLAS-692,Minister-party assertion PT; minister dates 01/01/2023..,research/inherited/atlas__7010-261partidogabineteministerio.csv#L692,Atlas do Estado Brasileiro,,,pinned_compilation_inspected,Portfolio party is retained separately and never used as membership; compilation is not independent documentary certification.
ATLAS-693,Minister-party assertion PT; minister dates 01/01/2023..,research/inherited/atlas__7010-261partidogabineteministerio.csv#L693,Atlas do Estado Brasileiro,,,pinned_compilation_inspected,Portfolio party is retained separately and never used as membership; compilation is not independent documentary certification.
ATLAS-700,Minister-party assertion PT; minister dates 01/01/2023..,research/inherited/atlas__7010-261partidogabineteministerio.csv#L700,Atlas do Estado Brasileiro,,,pinned_compilation_inspected,Portfolio party is retained separately and never used as membership; compilation is not independent documentary certification.
ATLAS-701,Minister-party assertion PT; minister dates 01/01/2023..,research/inherited/atlas__7010-261partidogabineteministerio.csv#L701,Atlas do Estado Brasileiro,,,pinned_compilation_inspected,Portfolio party is retained separately and never used as membership; compilation is not independent documentary certification.
ATLAS-704,Minister-party assertion PT; minister dates 01/01/2023..,research/inherited/atlas__7010-261partidogabineteministerio.csv#L704,Atlas do Estado Brasileiro,,,pinned_compilation_inspected,Portfolio party is retained separately and never used as membership; compilation is not independent documentary certification.
ATLAS-506,Minister-party assertion PT; minister dates 05/10/2015..12/05/2016,research/inherited/atlas__7010-261partidogabineteministerio.csv#L506,Atlas do Estado Brasileiro,,,pinned_compilation_inspected,Portfolio party is retained separately and never used as membership; compilation is not independent documentary certification.
ATLAS-508,Minister-party assertion PT; minister dates 05/10/2015..12/05/2016,research/inherited/atlas__7010-261partidogabineteministerio.csv#L508,Atlas do Estado Brasileiro,,,pinned_compilation_inspected,Portfolio party is retained separately and never used as membership; compilation is not independent documentary certification.
ATLAS-542,Minister-party assertion PT; minister dates 05/10/2015..12/05/2016,research/inherited/atlas__7010-261partidogabineteministerio.csv#L542,Atlas do Estado Brasileiro,,,pinned_compilation_inspected,Portfolio party is retained separately and never used as membership; compilation is not independent documentary certification.
ATLAS-490,Minister-party assertion PT; minister dates 05/10/2015..16/03/2016,research/inherited/atlas__7010-261partidogabineteministerio.csv#L490,Atlas do Estado Brasileiro,,,pinned_compilation_inspected,Portfolio party is retained separately and never used as membership; compilation is not independent documentary certification.
ATLAS-538,Minister-party assertion PT; minister dates 10/04/2015..05/10/2015,research/inherited/atlas__7010-261partidogabineteministerio.csv#L538,Atlas do Estado Brasileiro,,,pinned_compilation_inspected,Portfolio party is retained separately and never used as membership; compilation is not independent documentary certification.
ATLAS-491,Minister-party assertion PT; minister dates 16/03/2016..18/03/2016,research/inherited/atlas__7010-261partidogabineteministerio.csv#L491,Atlas do Estado Brasileiro,,,pinned_compilation_inspected,Portfolio party is retained separately and never used as membership; compilation is not independent documentary certification.
ATLAS-533,Minister-party assertion PT; minister dates 19/04/2016..12/05/2016,research/inherited/atlas__7010-261partidogabineteministerio.csv#L533,Atlas do Estado Brasileiro,,,pinned_compilation_inspected,Portfolio party is retained separately and never used as membership; compilation is not independent documentary certification.
ATLAS-492,Minister-party assertion PT; minister dates 22/03/2016..11/05/2016,research/inherited/atlas__7010-261partidogabineteministerio.csv#L492,Atlas do Estado Brasileiro,,,pinned_compilation_inspected,Portfolio party is retained separately and never used as membership; compilation is not independent documentary certification.
ATLAS-536,Minister-party assertion PT; minister dates 22/04/2016..12/05/2016,research/inherited/atlas__7010-261partidogabineteministerio.csv#L536,Atlas do Estado Brasileiro,,,pinned_compilation_inspected,Portfolio party is retained separately and never used as membership; compilation is not independent documentary certification.
ATLAS-554,Minister-party assertion PT; minister dates 29/04/2016..11/05/2016,research/inherited/atlas__7010-261partidogabineteministerio.csv#L554,Atlas do Estado Brasileiro,,,pinned_compilation_inspected,Portfolio party is retained separately and never used as membership; compilation is not independent documentary certification.
ATLAS-512,Minister-party assertion PTB; minister dates 01/01/2015..16/03/2016,research/inherited/atlas__7010-261partidogabineteministerio.csv#L512,Atlas do Estado Brasileiro,,,pinned_compilation_inspected,Portfolio party is retained separately and never used as membership; compilation is not independent documentary certification.
ATLAS-573,Minister-party assertion PTB; minister dates 12/05/2016..29/12/2017,research/inherited/atlas__7010-261partidogabineteministerio.csv#L573,Atlas do Estado Brasileiro,,,pinned_compilation_inspected,Portfolio party is retained separately and never used as membership; compilation is not independent documentary certification.
ATLAS-513,Minister-party assertion PTB; minister dates 17/03/2016..12/05/2016,research/inherited/atlas__7010-261partidogabineteministerio.csv#L513,Atlas do Estado Brasileiro,,,pinned_compilation_inspected,Portfolio party is retained separately and never used as membership; compilation is not independent documentary certification.
ATLAS-574,Minister-party assertion PTB; minister dates 29/12/2017..05/07/2018,research/inherited/atlas__7010-261partidogabineteministerio.csv#L574,Atlas do Estado Brasileiro,,,pinned_compilation_inspected,Portfolio party is retained separately and never used as membership; compilation is not independent documentary certification.
ATLAS-590,Minister-party assertion PV; minister dates 06/04/2018..31/12/2018,research/inherited/atlas__7010-261partidogabineteministerio.csv#L590,Atlas do Estado Brasileiro,,,pinned_compilation_inspected,Portfolio party is retained separately and never used as membership; compilation is not independent documentary certification.
ATLAS-589,Minister-party assertion PV; minister dates 12/05/2016..06/04/2018,research/inherited/atlas__7010-261partidogabineteministerio.csv#L589,Atlas do Estado Brasileiro,,,pinned_compilation_inspected,Portfolio party is retained separately and never used as membership; compilation is not independent documentary certification.
ATLAS-610,Minister-party assertion Podemos; minister dates 28/05/2018..31/12/2018,research/inherited/atlas__7010-261partidogabineteministerio.csv#L610,Atlas do Estado Brasileiro,,,pinned_compilation_inspected,Portfolio party is retained separately and never used as membership; compilation is not independent documentary certification.
ATLAS-656,Minister-party assertion REP; minister dates 12/02/2021..31/03/2022,research/inherited/atlas__7010-261partidogabineteministerio.csv#L656,Atlas do Estado Brasileiro,,,pinned_compilation_inspected,Portfolio party is retained separately and never used as membership; compilation is not independent documentary certification.
ATLAS-707,Minister-party assertion REP; minister dates 13/09/2023..,research/inherited/atlas__7010-261partidogabineteministerio.csv#L707,Atlas do Estado Brasileiro,,,pinned_compilation_inspected,Portfolio party is retained separately and never used as membership; compilation is not independent documentary certification.
ATLAS-663,Minister-party assertion REP; minister dates 31/03/2022..31/12/2022,research/inherited/atlas__7010-261partidogabineteministerio.csv#L663,Atlas do Estado Brasileiro,,,pinned_compilation_inspected,Portfolio party is retained separately and never used as membership; compilation is not independent documentary certification.
ATLAS-689,Minister-party assertion Rede; minister dates 01/01/2023..,research/inherited/atlas__7010-261partidogabineteministerio.csv#L689,Atlas do Estado Brasileiro,,,pinned_compilation_inspected,Portfolio party is retained separately and never used as membership; compilation is not independent documentary certification.
ATLAS-687,Minister-party assertion União; minister dates 01/01/2023..,research/inherited/atlas__7010-261partidogabineteministerio.csv#L687,Atlas do Estado Brasileiro,,,pinned_compilation_inspected,Portfolio party is retained separately and never used as membership; compilation is not independent documentary certification.
ATLAS-697,Minister-party assertion União; minister dates 01/01/2023..13/07/2023,research/inherited/atlas__7010-261partidogabineteministerio.csv#L697,Atlas do Estado Brasileiro,,,pinned_compilation_inspected,Portfolio party is retained separately and never used as membership; compilation is not independent documentary certification.
ATLAS-698,Minister-party assertion União; minister dates 14/07/2023..,research/inherited/atlas__7010-261partidogabineteministerio.csv#L698,Atlas do Estado Brasileiro,,,pinned_compilation_inspected,Portfolio party is retained separately and never used as membership; compilation is not independent documentary certification.
ATLAS-545,Minister-party assertion sfp; minister dates 01/01/2015..05/10/2015,research/inherited/atlas__7010-261partidogabineteministerio.csv#L545,Atlas do Estado Brasileiro,,,pinned_compilation_inspected,Portfolio party is retained separately and never used as membership; compilation is not independent documentary certification.
ATLAS-498,Minister-party assertion sfp; minister dates 01/01/2015..12/05/2016,research/inherited/atlas__7010-261partidogabineteministerio.csv#L498,Atlas do Estado Brasileiro,,,pinned_compilation_inspected,Portfolio party is retained separately and never used as membership; compilation is not independent documentary certification.
ATLAS-522,Minister-party assertion sfp; minister dates 01/01/2015..12/05/2016,research/inherited/atlas__7010-261partidogabineteministerio.csv#L522,Atlas do Estado Brasileiro,,,pinned_compilation_inspected,Portfolio party is retained separately and never used as membership; compilation is not independent documentary certification.
ATLAS-499,Minister-party assertion sfp; minister dates 01/01/2015..21/12/2015,research/inherited/atlas__7010-261partidogabineteministerio.csv#L499,Atlas do Estado Brasileiro,,,pinned_compilation_inspected,Portfolio party is retained separately and never used as membership; compilation is not independent documentary certification.
ATLAS-516,Minister-party assertion sfp; minister dates 01/01/2015..21/12/2015,research/inherited/atlas__7010-261partidogabineteministerio.csv#L516,Atlas do Estado Brasileiro,,,pinned_compilation_inspected,Portfolio party is retained separately and never used as membership; compilation is not independent documentary certification.
ATLAS-632,Minister-party assertion sfp; minister dates 01/01/2019..08/04/2019,research/inherited/atlas__7010-261partidogabineteministerio.csv#L632,Atlas do Estado Brasileiro,,,pinned_compilation_inspected,Portfolio party is retained separately and never used as membership; compilation is not independent documentary certification.
ATLAS-644,Minister-party assertion sfp; minister dates 01/01/2019..10/02/2020,research/inherited/atlas__7010-261partidogabineteministerio.csv#L644,Atlas do Estado Brasileiro,,,pinned_compilation_inspected,Portfolio party is retained separately and never used as membership; compilation is not independent documentary certification.
ATLAS-642,Minister-party assertion sfp; minister dates 01/01/2019..11/05/2022,research/inherited/atlas__7010-261partidogabineteministerio.csv#L642,Atlas do Estado Brasileiro,,,pinned_compilation_inspected,Portfolio party is retained separately and never used as membership; compilation is not independent documentary certification.
ATLAS-669,Minister-party assertion sfp; minister dates 01/01/2019..12/06/2019,research/inherited/atlas__7010-261partidogabineteministerio.csv#L669,Atlas do Estado Brasileiro,,,pinned_compilation_inspected,Portfolio party is retained separately and never used as membership; compilation is not independent documentary certification.
ATLAS-619,Minister-party assertion sfp; minister dates 01/01/2019..24/04/2020,research/inherited/atlas__7010-261partidogabineteministerio.csv#L619,Atlas do Estado Brasileiro,,,pinned_compilation_inspected,Portfolio party is retained separately and never used as membership; compilation is not independent documentary certification.
ATLAS-622,Minister-party assertion sfp; minister dates 01/01/2019..30/03/2021,research/inherited/atlas__7010-261partidogabineteministerio.csv#L622,Atlas do Estado Brasileiro,,,pinned_compilation_inspected,Portfolio party is retained separately and never used as membership; compilation is not independent documentary certification.
ATLAS-625,Minister-party assertion sfp; minister dates 01/01/2019..30/03/2021,research/inherited/atlas__7010-261partidogabineteministerio.csv#L625,Atlas do Estado Brasileiro,,,pinned_compilation_inspected,Portfolio party is retained separately and never used as membership; compilation is not independent documentary certification.
ATLAS-628,Minister-party assertion sfp; minister dates 01/01/2019..30/03/2022,research/inherited/atlas__7010-261partidogabineteministerio.csv#L628,Atlas do Estado Brasileiro,,,pinned_compilation_inspected,Portfolio party is retained separately and never used as membership; compilation is not independent documentary certification.
ATLAS-627,Minister-party assertion sfp; minister dates 01/01/2019..31/12/2022,research/inherited/atlas__7010-261partidogabineteministerio.csv#L627,Atlas do Estado Brasileiro,,,pinned_compilation_inspected,Portfolio party is retained separately and never used as membership; compilation is not independent documentary certification.
ATLAS-675,Minister-party assertion sfp; minister dates 01/01/2023..,research/inherited/atlas__7010-261partidogabineteministerio.csv#L675,Atlas do Estado Brasileiro,,,pinned_compilation_inspected,Portfolio party is retained separately and never used as membership; compilation is not independent documentary certification.
ATLAS-676,Minister-party assertion sfp; minister dates 01/01/2023..,research/inherited/atlas__7010-261partidogabineteministerio.csv#L676,Atlas do Estado Brasileiro,,,pinned_compilation_inspected,Portfolio party is retained separately and never used as membership; compilation is not independent documentary certification.
ATLAS-682,Minister-party assertion sfp; minister dates 01/01/2023..,research/inherited/atlas__7010-261partidogabineteministerio.csv#L682,Atlas do Estado Brasileiro,,,pinned_compilation_inspected,Portfolio party is retained separately and never used as membership; compilation is not independent documentary certification.
ATLAS-691,Minister-party assertion sfp; minister dates 01/01/2023..,research/inherited/atlas__7010-261partidogabineteministerio.csv#L691,Atlas do Estado Brasileiro,,,pinned_compilation_inspected,Portfolio party is retained separately and never used as membership; compilation is not independent documentary certification.
ATLAS-699,Minister-party assertion sfp; minister dates 01/01/2023..,research/inherited/atlas__7010-261partidogabineteministerio.csv#L699,Atlas do Estado Brasileiro,,,pinned_compilation_inspected,Portfolio party is retained separately and never used as membership; compilation is not independent documentary certification.
ATLAS-702,Minister-party assertion sfp; minister dates 01/01/2023..,research/inherited/atlas__7010-261partidogabineteministerio.csv#L702,Atlas do Estado Brasileiro,,,pinned_compilation_inspected,Portfolio party is retained separately and never used as membership; compilation is not independent documentary certification.
ATLAS-705,Minister-party assertion sfp; minister dates 01/01/2023..,research/inherited/atlas__7010-261partidogabineteministerio.csv#L705,Atlas do Estado Brasileiro,,,pinned_compilation_inspected,Portfolio party is retained separately and never used as membership; compilation is not independent documentary certification.
ATLAS-694,Minister-party assertion sfp; minister dates 01/01/2023..12/09/2023,research/inherited/atlas__7010-261partidogabineteministerio.csv#L694,Atlas do Estado Brasileiro,,,pinned_compilation_inspected,Portfolio party is retained separately and never used as membership; compilation is not independent documentary certification.
ATLAS-494,Minister-party assertion sfp; minister dates 03/03/2016..15/03/2016,research/inherited/atlas__7010-261partidogabineteministerio.csv#L494,Atlas do Estado Brasileiro,,,pinned_compilation_inspected,Portfolio party is retained separately and never used as membership; compilation is not independent documentary certification.
ATLAS-668,Minister-party assertion sfp; minister dates 03/08/2021..31/12/2022,research/inherited/atlas__7010-261partidogabineteministerio.csv#L668,Atlas do Estado Brasileiro,,,pinned_compilation_inspected,Portfolio party is retained separately and never used as membership; compilation is not independent documentary certification.
ATLAS-539,Minister-party assertion sfp; minister dates 05/10/2015..11/05/2016,research/inherited/atlas__7010-261partidogabineteministerio.csv#L539,Atlas do Estado Brasileiro,,,pinned_compilation_inspected,Portfolio party is retained separately and never used as membership; compilation is not independent documentary certification.
ATLAS-505,Minister-party assertion sfp; minister dates 06/04/2015..05/10/2015,research/inherited/atlas__7010-261partidogabineteministerio.csv#L505,Atlas do Estado Brasileiro,,,pinned_compilation_inspected,Portfolio party is retained separately and never used as membership; compilation is not independent documentary certification.
ATLAS-617,Minister-party assertion sfp; minister dates 06/04/2021..03/08/2021,research/inherited/atlas__7010-261partidogabineteministerio.csv#L617,Atlas do Estado Brasileiro,,,pinned_compilation_inspected,Portfolio party is retained separately and never used as membership; compilation is not independent documentary certification.
ATLAS-623,Minister-party assertion sfp; minister dates 06/04/2021..31/03/2022,research/inherited/atlas__7010-261partidogabineteministerio.csv#L623,Atlas do Estado Brasileiro,,,pinned_compilation_inspected,Portfolio party is retained separately and never used as membership; compilation is not independent documentary certification.
ATLAS-621,Minister-party assertion sfp; minister dates 06/04/2021..31/12/2022,research/inherited/atlas__7010-261partidogabineteministerio.csv#L621,Atlas do Estado Brasileiro,,,pinned_compilation_inspected,Portfolio party is retained separately and never used as membership; compilation is not independent documentary certification.
ATLAS-626,Minister-party assertion sfp; minister dates 06/04/2021..31/12/2022,research/inherited/atlas__7010-261partidogabineteministerio.csv#L626,Atlas do Estado Brasileiro,,,pinned_compilation_inspected,Portfolio party is retained separately and never used as membership; compilation is not independent documentary certification.
ATLAS-634,Minister-party assertion sfp; minister dates 08/07/2020..29/03/2022,research/inherited/atlas__7010-261partidogabineteministerio.csv#L634,Atlas do Estado Brasileiro,,,pinned_compilation_inspected,Portfolio party is retained separately and never used as membership; compilation is not independent documentary certification.
ATLAS-633,Minister-party assertion sfp; minister dates 09/04/2019..18/06/2020,research/inherited/atlas__7010-261partidogabineteministerio.csv#L633,Atlas do Estado Brasileiro,,,pinned_compilation_inspected,Portfolio party is retained separately and never used as membership; compilation is not independent documentary certification.
ATLAS-551,Minister-party assertion sfp; minister dates 09/12/2015..15/03/2016,research/inherited/atlas__7010-261partidogabineteministerio.csv#L551,Atlas do Estado Brasileiro,,,pinned_compilation_inspected,Portfolio party is retained separately and never used as membership; compilation is not independent documentary certification.
ATLAS-660,Minister-party assertion sfp; minister dates 09/12/2020..31/03/2022,research/inherited/atlas__7010-261partidogabineteministerio.csv#L660,Atlas do Estado Brasileiro,,,pinned_compilation_inspected,Portfolio party is retained separately and never used as membership; compilation is not independent documentary certification.
ATLAS-567,Minister-party assertion sfp; minister dates 10/04/2018..31/12/2018,research/inherited/atlas__7010-261partidogabineteministerio.csv#L567,Atlas do Estado Brasileiro,,,pinned_compilation_inspected,Portfolio party is retained separately and never used as membership; compilation is not independent documentary certification.
ATLAS-572,Minister-party assertion sfp; minister dates 10/04/2018..31/12/2018,research/inherited/atlas__7010-261partidogabineteministerio.csv#L572,Atlas do Estado Brasileiro,,,pinned_compilation_inspected,Portfolio party is retained separately and never used as membership; compilation is not independent documentary certification.
ATLAS-586,Minister-party assertion sfp; minister dates 10/04/2018..31/12/2018,research/inherited/atlas__7010-261partidogabineteministerio.csv#L586,Atlas do Estado Brasileiro,,,pinned_compilation_inspected,Portfolio party is retained separately and never used as membership; compilation is not independent documentary certification.
ATLAS-597,Minister-party assertion sfp; minister dates 10/04/2018..31/12/2018,research/inherited/atlas__7010-261partidogabineteministerio.csv#L597,Atlas do Estado Brasileiro,,,pinned_compilation_inspected,Portfolio party is retained separately and never used as membership; compilation is not independent documentary certification.
ATLAS-599,Minister-party assertion sfp; minister dates 10/04/2018..31/12/2018,research/inherited/atlas__7010-261partidogabineteministerio.csv#L599,Atlas do Estado Brasileiro,,,pinned_compilation_inspected,Portfolio party is retained separately and never used as membership; compilation is not independent documentary certification.
ATLAS-575,Minister-party assertion sfp; minister dates 10/07/2018..31/12/2018,research/inherited/atlas__7010-261partidogabineteministerio.csv#L575,Atlas do Estado Brasileiro,,,pinned_compilation_inspected,Portfolio party is retained separately and never used as membership; compilation is not independent documentary certification.
ATLAS-643,Minister-party assertion sfp; minister dates 11/05/2022..31/12/2022,research/inherited/atlas__7010-261partidogabineteministerio.csv#L643,Atlas do Estado Brasileiro,,,pinned_compilation_inspected,Portfolio party is retained separately and never used as membership; compilation is not independent documentary certification.
ATLAS-670,Minister-party assertion sfp; minister dates 13/06/2019..30/03/2021,research/inherited/atlas__7010-261partidogabineteministerio.csv#L670,Atlas do Estado Brasileiro,,,pinned_compilation_inspected,Portfolio party is retained separately and never used as membership; compilation is not independent documentary certification.
ATLAS-639,Minister-party assertion sfp; minister dates 16/04/2020..15/05/2020,research/inherited/atlas__7010-261partidogabineteministerio.csv#L639,Atlas do Estado Brasileiro,,,pinned_compilation_inspected,Portfolio party is retained separately and never used as membership; compilation is not independent documentary certification.
ATLAS-640,Minister-party assertion sfp; minister dates 16/05/2020..22/03/2021,research/inherited/atlas__7010-261partidogabineteministerio.csv#L640,Atlas do Estado Brasileiro,,,pinned_compilation_inspected,Portfolio party is retained separately and never used as membership; compilation is not independent documentary certification.
ATLAS-495,Minister-party assertion sfp; minister dates 17/03/2016..12/05/2016,research/inherited/atlas__7010-261partidogabineteministerio.csv#L495,Atlas do Estado Brasileiro,,,pinned_compilation_inspected,Portfolio party is retained separately and never used as membership; compilation is not independent documentary certification.
ATLAS-616,Minister-party assertion sfp; minister dates 18/02/2020..30/03/2021,research/inherited/atlas__7010-261partidogabineteministerio.csv#L616,Atlas do Estado Brasileiro,,,pinned_compilation_inspected,Portfolio party is retained separately and never used as membership; compilation is not independent documentary certification.
ATLAS-665,Minister-party assertion sfp; minister dates 19/02/2019..20/06/2019,research/inherited/atlas__7010-261partidogabineteministerio.csv#L665,Atlas do Estado Brasileiro,,,pinned_compilation_inspected,Portfolio party is retained separately and never used as membership; compilation is not independent documentary certification.
ATLAS-608,Minister-party assertion sfp; minister dates 20/02/2018..31/12/2018,research/inherited/atlas__7010-261partidogabineteministerio.csv#L608,Atlas do Estado Brasileiro,,,pinned_compilation_inspected,Portfolio party is retained separately and never used as membership; compilation is not independent documentary certification.
ATLAS-666,Minister-party assertion sfp; minister dates 21/06/2019..31/12/2020,research/inherited/atlas__7010-261partidogabineteministerio.csv#L666,Atlas do Estado Brasileiro,,,pinned_compilation_inspected,Portfolio party is retained separately and never used as membership; compilation is not independent documentary certification.
ATLAS-500,Minister-party assertion sfp; minister dates 21/12/2015..12/05/2016,research/inherited/atlas__7010-261partidogabineteministerio.csv#L500,Atlas do Estado Brasileiro,,,pinned_compilation_inspected,Portfolio party is retained separately and never used as membership; compilation is not independent documentary certification.
ATLAS-517,Minister-party assertion sfp; minister dates 21/12/2015..12/05/2016,research/inherited/atlas__7010-261partidogabineteministerio.csv#L517,Atlas do Estado Brasileiro,,,pinned_compilation_inspected,Portfolio party is retained separately and never used as membership; compilation is not independent documentary certification.
ATLAS-549,Minister-party assertion sfp; minister dates 22/04/2016..11/05/2016,research/inherited/atlas__7010-261partidogabineteministerio.csv#L549,Atlas do Estado Brasileiro,,,pinned_compilation_inspected,Portfolio party is retained separately and never used as membership; compilation is not independent documentary certification.
ATLAS-580,Minister-party assertion sfp; minister dates 22/04/2016..11/05/2016,research/inherited/atlas__7010-261partidogabineteministerio.csv#L580,Atlas do Estado Brasileiro,,,pinned_compilation_inspected,Portfolio party is retained separately and never used as membership; compilation is not independent documentary certification.
ATLAS-594,Minister-party assertion sfp; minister dates 22/05/2017..24/07/2017,research/inherited/atlas__7010-261partidogabineteministerio.csv#L594,Atlas do Estado Brasileiro,,,pinned_compilation_inspected,Portfolio party is retained separately and never used as membership; compilation is not independent documentary certification.
ATLAS-641,Minister-party assertion sfp; minister dates 23/03/2021..31/12/2022,research/inherited/atlas__7010-261partidogabineteministerio.csv#L641,Atlas do Estado Brasileiro,,,pinned_compilation_inspected,Portfolio party is retained separately and never used as membership; compilation is not independent documentary certification.
ATLAS-585,Minister-party assertion sfp; minister dates 23/05/2016..06/04/2018,research/inherited/atlas__7010-261partidogabineteministerio.csv#L585,Atlas do Estado Brasileiro,,,pinned_compilation_inspected,Portfolio party is retained separately and never used as membership; compilation is not independent documentary certification.
ATLAS-650,Minister-party assertion sfp; minister dates 23/06/2021..31/12/2022,research/inherited/atlas__7010-261partidogabineteministerio.csv#L650,Atlas do Estado Brasileiro,,,pinned_compilation_inspected,Portfolio party is retained separately and never used as membership; compilation is not independent documentary certification.
ATLAS-595,Minister-party assertion sfp; minister dates 25/07/2017..31/12/2018,research/inherited/atlas__7010-261partidogabineteministerio.csv#L595,Atlas do Estado Brasileiro,,,pinned_compilation_inspected,Portfolio party is retained separately and never used as membership; compilation is not independent documentary certification.
ATLAS-562,Minister-party assertion sfp; minister dates 27/02/2018..31/12/2018,research/inherited/atlas__7010-261partidogabineteministerio.csv#L562,Atlas do Estado Brasileiro,,,pinned_compilation_inspected,Portfolio party is retained separately and never used as membership; compilation is not independent documentary certification.
ATLAS-620,Minister-party assertion sfp; minister dates 28/04/2020..30/03/2021,research/inherited/atlas__7010-261partidogabineteministerio.csv#L620,Atlas do Estado Brasileiro,,,pinned_compilation_inspected,Portfolio party is retained separately and never used as membership; compilation is not independent documentary certification.
ATLAS-635,Minister-party assertion sfp; minister dates 30/03/2022..31/12/2022,research/inherited/atlas__7010-261partidogabineteministerio.csv#L635,Atlas do Estado Brasileiro,,,pinned_compilation_inspected,Portfolio party is retained separately and never used as membership; compilation is not independent documentary certification.
ATLAS-646,Minister-party assertion sfp; minister dates 31/03/2022..30/12/2022,research/inherited/atlas__7010-261partidogabineteministerio.csv#L646,Atlas do Estado Brasileiro,,,pinned_compilation_inspected,Portfolio party is retained separately and never used as membership; compilation is not independent documentary certification.
ATLAS-624,Minister-party assertion sfp; minister dates 31/03/2022..31/12/2022,research/inherited/atlas__7010-261partidogabineteministerio.csv#L624,Atlas do Estado Brasileiro,,,pinned_compilation_inspected,Portfolio party is retained separately and never used as membership; compilation is not independent documentary certification.
ATLAS-629,Minister-party assertion sfp; minister dates 31/03/2022..31/12/2022,research/inherited/atlas__7010-261partidogabineteministerio.csv#L629,Atlas do Estado Brasileiro,,,pinned_compilation_inspected,Portfolio party is retained separately and never used as membership; compilation is not independent documentary certification.
ATLAS-637,Minister-party assertion sfp; minister dates 31/03/2022..31/12/2022,research/inherited/atlas__7010-261partidogabineteministerio.csv#L637,Atlas do Estado Brasileiro,,,pinned_compilation_inspected,Portfolio party is retained separately and never used as membership; compilation is not independent documentary certification.
ATLAS-653,Minister-party assertion sfp; minister dates 31/03/2022..31/12/2022,research/inherited/atlas__7010-261partidogabineteministerio.csv#L653,Atlas do Estado Brasileiro,,,pinned_compilation_inspected,Portfolio party is retained separately and never used as membership; compilation is not independent documentary certification.
ATLAS-657,Minister-party assertion sfp; minister dates 31/03/2022..31/12/2022,research/inherited/atlas__7010-261partidogabineteministerio.csv#L657,Atlas do Estado Brasileiro,,,pinned_compilation_inspected,Portfolio party is retained separately and never used as membership; compilation is not independent documentary certification.
ATLAS-661,Minister-party assertion sfp; minister dates 31/03/2022..31/12/2022,research/inherited/atlas__7010-261partidogabineteministerio.csv#L661,Atlas do Estado Brasileiro,,,pinned_compilation_inspected,Portfolio party is retained separately and never used as membership; compilation is not independent documentary certification.
ATLAS-672,Minister-party assertion sfp; minister dates 31/03/2022..31/12/2022,research/inherited/atlas__7010-261partidogabineteministerio.csv#L672,Atlas do Estado Brasileiro,,,pinned_compilation_inspected,Portfolio party is retained separately and never used as membership; compilation is not independent documentary certification.
ATLAS-559,Minister-party assertion sfp; minister dates 31/05/2017..31/12/2018,research/inherited/atlas__7010-261partidogabineteministerio.csv#L559,Atlas do Estado Brasileiro,,,pinned_compilation_inspected,Portfolio party is retained separately and never used as membership; compilation is not independent documentary certification.
PINNED-PORTELA,"Completed historical Secom service row expressly says Sem partido/PE, rather than a dash or empty cell. Accepted as an adjudicated historical compilation assertion after targeted search found no contradiction.",research/inherited/audit__office_audit__pinned_source_rows.csv#lula_2023_presente:2:59,Pinned historical cabinet table,2026-03-19,,pinned_historical_row_inspected,
C002,The GSI service row beginning 4 May 2023 explicitly identifies Amaro as Sem partido/SP.,prior/scraping/data/wikipedia_pinned/lula_2023_presente_71991733.json,Wikipedia pinned revision 71991733,,2026-09-10,pinned_historical_row_inspected,"Historical cabinet service-table assertion, not a blank or a generic current biography. September 2023 reporting corroborates status. Targeted searches found no dated contrary personal affiliation; accept historical compilation with declared continuity, without claiming an entry-day certificate."
C004,The January 2026 interim Justice service row explicitly states Sem partido.,prior/scraping/data/wikipedia_pinned/lula_2023_presente_71991733.json,Wikipedia pinned revision 71991733,,2026-09-10,pinned_historical_row_inspected,Accept explicit completed historical service label; endpoint remains separately adjudicated by succession evidence. Searches for membership and affiliation found career/patronage reports but no contrary personal membership.
C003,The concluded 9–24 April 2025 interim service row explicitly states Sem partido.,prior/scraping/data/wikipedia_pinned/lula_2023_presente_71991733.json,Wikipedia pinned revision 71991733,,2026-09-10,pinned_historical_row_inspected,"This explicit historical label covers the recorded service, unlike a blank or later current status. SouGov confirms identity and service career only. Targeted full-name affiliation searches found no contradiction; no inference from the technical career."
AFF-010,Prior audit records announced withdrawal from PRP before cabinet entry.,https://noticias.uol.com.br/politica/eleicoes/2018/noticias/2018/07/18/general-diz-que-vai-se-desfiliar-de-partido.htm,UOL,2018-07-18,,prior_audit_source_not_refetched,
AFF-016,Prior audit profile reports no previous party affiliation before joining Republicanos in 2022.,"https://www.terra.com.br/noticias/eleicoes/quem-e-tarcisio-freitas,8710301adfdd6d9c50df849f14a2e946i5unsj1q.html",Terra,2022-10-24,,prior_audit_source_reused,
AFF-042,Prior audit reports party leader confirmation of January 5 withdrawal despite a stale electoral record.,https://noticias.uol.com.br/ultimas-noticias/agencia-estado/2021/03/20/novo-ministro-da-saude-teve-passagem-relampago-pelo-republicanos-do-centrao.htm,UOL / Agência Estado,2021-03-20,,prior_audit_source_reused,
AFF-013,Prior audit source reports PP membership since 1995 and a possible candidacy.,https://ultimosegundo.ig.com.br/politica/2020-08-26/pp-convida-damares-alves-para-se-candidatar-a-senadora-pelo-partido.html,iG Último Segundo,2020-08-26,,prior_audit_source_reused,
AFF-032,Reports departure from PSC and PL signature that night.,https://www.correiobraziliense.com.br/politica/2022/03/4997151-ministro-do-turismo-deixa-psc-e-assina-carta-de-filiacao-ao-pl.html,Correio Braziliense,2022-03-30,,prior_audit_source_reused,
V5W5E003,Maria Estella Telebras eligibility declarations do not supply personal party state,https://www.telebras.com.br/wp-content/uploads/2022/04/Proposta-da-Administrac%CC%A7a%CC%83o-AGO-2022-Reapresentac%CC%A7a%CC%83o-assinada.pdf,Telebras,2022-04,2026-09-10,retained_original_nominee_dossier_and_committee_minutes_reviewed,"Telebras 57th eligibility committee minutes of February 11 2022 review her Form C signed December 14 2021 and state that requirements/impediments were answered yes/no. Those are fiscal-council eligibility assertions, not an explicit personal non-affiliation declaration. The original proposal and 283rd board assessment address credentials and eligibility. No named personal party or universal non-affiliation observation is established. Prior PSD byline, Fabio Faria employment, and scoped registry non-matches remain insufficient; retain UNKNOWN."
C026,"Interpret the inspected populated no-party notation for Jose Levi (2017), Marco Aurelio de Queiroz Campos, Joaquim Lima de Oliveira and Pedro Cesar Sousa, preserving blanks as missing.",research/completion/prior/scraping/data/wikipedia_pinned/michel_temer_71604023.json;research/completion/prior/scraping/data/wikipedia_pinned/jair_bolsonaro_71536920.json,"Wikipedia, pinned historical cabinet lists",,2026-09-10,retained_pinned_html_notation_adjudicated,"Reviewed the pinned tables cell by cell. In the Partido column a deliberately populated dash is the tables' no-party notation (e.g. Medina Osorio, Goldfajn, Torquato Jardim, Valter Casimiro; and Guedes, Moro, Mendonca, Vogel). Blank cells are separately present for Bianco and Dantas and are not assigned this meaning. This is an adjudication of source notation, not a rule converting every dash in every source to non-affiliation. Specific contrary cases (Yomura, Sachsida, later biography labels) are adjudicated separately. The row asserts the historical officeholder's status; targeted full-name and variant affiliation/change searches did not establish a contrary dated personal affiliation. Retain weaker compilation basis and notation ambiguity in residual uncertainty; no inference from a technical or military career."
C019,Alberto Alves: explicit retrospective non-affiliation for the recorded cabinet tenure.,https://es.wikipedia.org/wiki/Michel_Temer;https://es.wikipedia.org/wiki/Dilma_Rousseff,Wikipedia historical Spanish cabinet compilation,,2026-09-10,retrieved_explicit_historical_party_field,"The inspected historical cabinet table explicitly labels this named tenure Independiente. It is a retrospective tenure assertion, not a blank cell or a later biographical label. Targeted Portuguese full-name, affiliation, departure and party searches found no specific contradictory personal membership event. Accept a secondary-source primary adjudication; do not infer non-affiliation from profession or political sponsorship. Errors found in other rows are adjudicated individually, not inherited. Evidence strength remains secondary and is recorded separately from exact service dates."
C014,Bruno Bianco Leal: explicit retrospective non-affiliation for the recorded cabinet tenure.,https://es.wikipedia.org/wiki/Jair_Bolsonaro,Wikipedia historical Spanish cabinet compilation,,2026-09-10,retrieved_explicit_historical_party_field,"The inspected historical cabinet table explicitly labels this named tenure Independiente. It is a retrospective tenure assertion, not a blank cell or a later biographical label. Targeted Portuguese full-name, affiliation, departure and party searches found no specific contradictory personal membership event. Accept a secondary-source primary adjudication; do not infer non-affiliation from profession or political sponsorship. Errors found in other rows are adjudicated individually, not inherited. Evidence strength remains secondary and is recorded separately from exact service dates."
C017,Emília Maria Silva Ribeiro Curi: explicit retrospective non-affiliation for the recorded cabinet tenure.,https://es.wikipedia.org/wiki/Dilma_Rousseff,Wikipedia historical Spanish cabinet compilation,,2026-09-10,retrieved_explicit_historical_party_field,"The inspected historical cabinet table explicitly labels this named tenure Independiente. It is a retrospective tenure assertion, not a blank cell or a later biographical label. Targeted Portuguese full-name, affiliation, departure and party searches found no specific contradictory personal membership event. Accept a secondary-source primary adjudication; do not infer non-affiliation from profession or political sponsorship. Errors found in other rows are adjudicated individually, not inherited. Evidence strength remains secondary and is recorded separately from exact service dates."
C020,José Levi do Amaral: explicit non-affiliation for the 2020–2021 AGU tenure.,https://es.wikipedia.org/wiki/Jair_Bolsonaro,Wikipedia historical Spanish cabinet compilation,,2026-09-10,retrieved_explicit_historical_party_field,"The AGU historical row explicitly says Independiente for April 2020 to March 2021. Accept the specific retrospective tenure assertion after Portuguese affiliation searches. Do not project it back to the distinct 2017 Justice tenure, which remains a separate unresolved record."
C016,Josélio de Andrade Moura: explicit retrospective non-affiliation for the recorded cabinet tenure.,https://es.wikipedia.org/wiki/Dilma_Rousseff,Wikipedia historical Spanish cabinet compilation,,2026-09-10,retrieved_explicit_historical_party_field,"The inspected historical cabinet table explicitly labels this named tenure Independiente. It is a retrospective tenure assertion, not a blank cell or a later biographical label. Targeted Portuguese full-name, affiliation, departure and party searches found no specific contradictory personal membership event. Accept a secondary-source primary adjudication; do not infer non-affiliation from profession or political sponsorship. Errors found in other rows are adjudicated individually, not inherited. Evidence strength remains secondary and is recorded separately from exact service dates."
C022,"Victor Godoy non-affiliation describes the ministerial tenure, including its independently recorded opening day.",https://de.wikipedia.org/wiki/Kabinett_Bolsonaro;atlas/7010-261partidogabineteministerio.csv#635,Wikipedia historical German cabinet; Atlas,,2026-09-10,retrieved_explicit_historical_party_field,"The German historical cabinet explicitly labels Victor Godoy parteilos from March 29. Atlas sfp describes the same tenure but its entry is March 30. Retain non-affiliation for the independently supported service interval, rather than fabricate a one-day unknown affiliation. These are retrospective tenure assertions; no personal switch is documented on March 30."
C018,Vitor Pinto Chaves: explicit retrospective non-affiliation for the recorded cabinet tenure.,https://es.wikipedia.org/wiki/Dilma_Rousseff,Wikipedia historical Spanish cabinet compilation,,2026-09-10,retrieved_explicit_historical_party_field,"The inspected historical cabinet table explicitly labels this named tenure Independiente. It is a retrospective tenure assertion, not a blank cell or a later biographical label. Targeted Portuguese full-name, affiliation, departure and party searches found no specific contradictory personal membership event. Accept a secondary-source primary adjudication; do not infer non-affiliation from profession or political sponsorship. Errors found in other rows are adjudicated individually, not inherited. Evidence strength remains secondary and is recorded separately from exact service dates."
C015,Wagner Rosário: explicit retrospective non-affiliation for the recorded cabinet tenure.,https://es.wikipedia.org/wiki/Michel_Temer,Wikipedia historical Spanish cabinet compilation,,2026-09-10,retrieved_explicit_historical_party_field,"The inspected historical cabinet table explicitly labels this named tenure Independiente. It is a retrospective tenure assertion, not a blank cell or a later biographical label. Targeted Portuguese full-name, affiliation, departure and party searches found no specific contradictory personal membership event. Accept a secondary-source primary adjudication; do not infer non-affiliation from profession or political sponsorship. Errors found in other rows are adjudicated individually, not inherited. Evidence strength remains secondary and is recorded separately from exact service dates. The July 11 2018 explicit non-affiliation directory independently corroborates the later part of the same continuing appointment; the earlier portion is supported by the historical table, not backward projection of that July observation."
C001,"Accession report explicitly says Casimiro has no party affiliation, while separately describing PR sponsorship.",https://odia.ig.com.br/brasil/2018/04/5527694-casimiro-avaliaremos-pedidos-de-prorrogacao-de-contratos-do-decreto-dos-portos.html,O Dia / Estadão Conteúdo,2018-04-02,2026-09-10,retrieved_full_html,Specific personal membership statement at accession outweighs Atlas PR and the HiperNoticias shorthand PR label; no evidence of joining or leaving PR was found. July 2018 explicit no-party roster corroborates forward continuity. Not an inferred disaffiliation event.
V5W4E002,"Original MRE/Senate nomination dossier identifies Otávio Brandelli and birthplace Garibaldi/RS but provides no party-state statement; all 39 current TSE party queries in that municipality return no exact name across 3,030 rows.",https://legis.senado.leg.br/sdleg-getter/documento?dm=8953346;https://legis.senado.leg.br/sdleg-getter/documento?dm=8986660;https://filia2-consulta.tse.jus.br/filia-consulta/rest/v1/relacao-filiados,Presidência/MRE; Senado Federal; TSE,2021-04-15;2021-07-02,2026-09-10,retrieved_original_and_scoped_registry,"V5 original-source follow-up: original Senate MSF14/2021 dossier (MRE CV, dm8953346) and committee report dm8986660 establish identity/career, including birthplace Garibaldi/RS; neither states personal affiliation. New scoped Garibaldi public TSE scan:39 party queries,3030 rows,all successful,no exact target. Birthplace does not establish electoral domicile and current municipal regular-record absence is not historical nonaffiliation. The service-sensitivity outgoing state stays UNKNOWN."
V5W6E04,MercoPress June15 2020 expressly says Rogério Marinho belongs to PSDB and distinguishes his personal membership from sponsorship of his appointment.,https://es.mercopress.com/2020/06/15/partido-de-cardoso-se-baja-de-la-iniciativa-de-juicio-politico-a-bolsonaro,"MercoPress, South Atlantic News Agency",2020-06-15,2026-09-10,retrieved_original_or_official_scoped_extract,"Dated present-tense personal affiliation supports June16 lower departure boundary when combined with June19 CNN completed-prior-departure report. This is a report-based adjudication, not registry-certified exit date."
V5W6E02,Official TCU bulletin identifies Adolfo Sachsida by full identifier matching TSE; MME 2022 accountability roll names the minister with matching masked identifier.,https://btcu.apps.tcu.gov.br/api/obterDocumentoPdf/78140553;https://www.gov.br/mme/pt-br/acesso-a-informacao/auditorias/prestacao-contas/ROLDERESPONSVEIS2022.pdf,Tribunal de Contas da Uniao; Ministerio de Minas e Energia,2025-05-23;2022,2026-09-10,retrieved_original_or_official_scoped_extract,TCU PDF p94; MME PDF p1. Only used for identity and office relationship; routine travel segments in accountability roll do not change titular service.
V5W6E07,Official TSE names Damares Regina Alves with historical Republicanos entry March28 2022 and no recorded departure/cancellation.,https://filia2-consulta.tse.jus.br/filia-consulta/rest/v1/relacao-filiados?sgUe=DF&cdMunicipio=1778&sqPartido=51&currentPage=0&pageSize=10000,Tribunal Superior Eleitoral,,2026-09-10,retrieved_original_or_official_scoped_extract,Corroborates existing March28 entry and later event; does not establish earlier PP departure or back-project Republicanos to 2019.
V5W6E08,Official TSE names Rogerio Simonetti Marinho with historical PL entry November30 2021 and no recorded departure/cancellation.,https://filia2-consulta.tse.jus.br/filia-consulta/rest/v1/relacao-filiados?sgUe=RN&cdMunicipio=7220&sqPartido=38&currentPage=0&pageSize=10000,Tribunal Superior Eleitoral,,2026-09-10,retrieved_original_or_official_scoped_extract,Matches existing dated PL entry; no PSDB departure date inferred from current-list non-match.
V5W6E01,"Official TSE record for exact-identity Adolfo Sachsida: historical affiliation 2013-05-27; successor party UNIAO; registration 1/REGULAR; no departure, cancellation, exclusion or pending marker.",https://filia2-consulta.tse.jus.br/filia-consulta/rest/v1/relacao-filiados?sgUe=DF&cdMunicipio=1778&sqPartido=72&currentPage=0&pageSize=10000,Tribunal Superior Eleitoral,,2026-09-10,retrieved_original_or_official_scoped_extract,"The dated membership field belongs to predecessor DEM in 2013; apply organizational merger in 2022, not UNIAO in 2013. Exact identity verified against TCU, with MME office corroboration. Current registry is not a day-by-day 2022 certificate, but directly preserves the historical membership without an intervening exit/re-entry event."
V5W6E10,"Public Filia client supplies geographic and party list filters, not historical snapshot date; retired legacy full-list downloads return403. Current DF PP and RN PSDB non-matches cannot identify withdrawal dates.",https://filia2-consulta.tse.jus.br/main.1e6ec99219486578.js;https://cdn.tse.jus.br/estatistica/sead/eleitorado/filiados/uf/filiados_psdb_rn.zip;https://cdn.tse.jus.br/estatistica/sead/eleitorado/filiados/uf/filiados_pp_df.zip,Tribunal Superior Eleitoral,,2026-09-10,retrieved_original_or_official_scoped_extract,No nonaffiliation inference from incomplete/current geographic lists. Certificate request was not made; no challenge bypass. Registrar history remains unavailable for these two exact withdrawal days.
V5W6E09,"Senado retrospective parliamentary affiliation API gives Marinho PSDB end November29 2021; Damares Republicanos entry October2 2022, unlike the contemporary joining events and TSE historical entries.",https://legis.senado.leg.br/dadosabertos/senador/4694/filiacoes;https://legis.senado.leg.br/dadosabertos/senador/6335/filiacoes,Senado Federal,,2026-09-10,retrieved_original_or_official_scoped_extract,Retain source conflict. Do not privilege later parliamentary chronology over personal and party confirmed 2020 departure; Damares entry coincides with election day and is directly contradicted by TSE March28. This comparison shows why the API is not used as an exact electoral-register certificate.
V5W4E001,Original CMB eligibility minute 57 explicitly reviews Sérgio José Pereira for its Fiscal Council and finds the cited eligibility requirements met; it does not state personal party affiliation or nonaffiliation.,https://www.casadamoeda.gov.br/arquivos/lai/atas-do-comite-de-elegibilidade/57a-ata-de-reuniao-comite-de-elegibilidade-16-04-2021.pdf,Casa da Moeda do Brasil,2021-04-16,2026-09-10,retrieved_original_pdf,"V5 original-source follow-up: CMB committee minute 57 of 2021-04-16 (visually inspected) identifies Sérgio José Pereira and the underlying SEI note 13261/2021/ME. Its favorable fiscal-council eligibility assessment covers professional experience, education and statutory impediments; it contains no explicit personal party declaration. Minute 69 is about successor Thiago Meirelles and cannot be attributed to Sérgio. No new evidence bounds his personal affiliation on March30–31."
V5W1E001,"The public SGIP3 historical query returned four PMDB/MDB governing bodies whose stated validity overlaps 2016-2017. All returned members, including inactive members, were screened: national executive 36; national directory 219; Goias directory 149; Distrito Federal regional directory 127. No Ivani or Ivany name occurred among these 531 entries.",https://sgip3.tse.jus.br/sgip3-consulta/api/v1/orgaoPartidario/comAnotacoesEMembros?idOrgaoPartidario=70945&isMembrosAtivos=false;https://sgip3.tse.jus.br/sgip3-consulta/api/v1/orgaoPartidario/comAnotacoesEMembros?idOrgaoPartidario=70946&isMembrosAtivos=false;https://sgip3.tse.jus.br/sgip3-consulta/api/v1/orgaoPartidario/comAnotacoesEMembros?idOrgaoPartidario=100311&isMembrosAtivos=false;https://sgip3.tse.jus.br/sgip3-consulta/api/v1/orgaoPartidario/comAnotacoesEMembros?idOrgaoPartidario=94158&isMembrosAtivos=false,Tribunal Superior Eleitoral - SGIP3 public consultation,,2026-09-10,retrieved_public_api_scoped_snapshot,"Genuinely new historical party-governance channel. This negative covers returned governing-body membership only, not all formal party affiliates, and does not support UNAFFILIATED or an exhaustive PMDB/non-affiliation alternative set. SGIP3 warns that pre-May-2017 organs can require the separate historical base; validity dates alone do not prove complete historical member coverage."
V5W4E003,A publicly readable mirror of Terracap eligibility minute dated 2019-10-16 names Jonathas and a standard eligibility declaration with unspecified negative TSE certificates. It does not reproduce a negative party-affiliation certificate or declare his party state; original archive returned 403.,https://pt.scribd.com/document/1057191170/Ata-Terracap;https://www.terracap.df.gov.br/index.php/orgao-colegiado/contexto-atas-age,Terracap committee document in third-party mirror; official archive inaccessible,2019-10-16,2026-09-10,retrieved_source_mirror_original_unavailable,"V5 new pre-service personnel channel: public mirror of Terracap eligibility minute dated2019-10-16 names Jonathas and case00111-00010585/2019-82, declaration and unspecified negative certificates including TSE. Neither the certificate type nor an explicit affiliation statement is reproduced. Header says19th meeting while footer says17th; original Terracap archive returns403. This is a source-discovery/limitation record, not a verified original or proof of nonaffiliation. W5 independently reviewed the 2022 Petrobras issuer filing; independence/PEP declarations likewise do not establish the March2021 personal party state."
C053,Alberto Alves again replaced a departed Tourism minister April 6-10 2018,https://pesquisa.in.gov.br/imprensa/servlet/INPDFViewer?captchafield=firstAccess&data=09%2F04%2F2018&jornal=529&pagina=56;https://es.wikipedia.org/wiki/Michel_Temer,Diário Oficial da União; historical cabinet compilation,2018-04-09,2026-09-10,retrieved_source_text,Alberto remained executive secretary between his 2016 acting period and Marx Beltrão departure; official acting-minister acts dated April 6 corroborate vacancy service. Explicit 2016 historical independent status supports a primary continuity inference in that uninterrupted executive-secretary tenure. Retain MDB as a credible alternative from the inherited competing compilation; MDB is independently represented throughout the four-day ministerial spell.
C009,Almeida and Muniz appointments and predecessor dismissals were published 22 April 2016 under decrees signed 20 April.,https://pesquisa.in.gov.br/imprensa/servlet/INPDFViewer?captchafield=firstAccess&data=22%2F04%2F2016&jornal=2&pagina=1 | https://www.gov.br/mme/pt-br/assuntos/noticias/marco-antonio-martins-almeida-e-nomeado-ministro-de-minas-e-energia,Diário Oficial da União; MME,2016-04-22;2016-04-26,2026-09-10,retrieved_source_text,Use published effective appointment/dismissal boundary absent distinct documented entry. Atlas sfp observation belongs to accession; no backward affiliation inference to the decree signature date.
C056,André Mendonça AGU departure April 28 2020; Renato de Lima França designated replacement before Levi possession April 29,https://www.correiobraziliense.com.br/app/noticia/politica/2020/04/28/interna_politica%2C849007/amp.shtml;https://www.gov.br/agu/pt-br/composicao/corregedoria-geral-da-advocacia-da-uniao/orientacoesenormativos/20200429PortariaAGU1562020CelebracaodeTAC.pdf,DOU reported by Estadão/Correio; AGU official bulletin,2020-04-28;2020-04-29,2026-09-10,retrieved_source_text,"Decrees published April 28 supersede compiled April 27 departure. Official Portaria 147 dated April 28 and Portaria 156 dated April 29 identify Renato de Lima França as AGU substitute. Include his vacancy replacement through Levi possession, retaining April 29 closing-state entry for Levi. No contemporaneous personal affiliation has been established for Renato; searches and political-adviser employment cannot establish non-affiliation."
C025,Antonio Paulo Vogel is explicitly labelled parteilos for his 20 June–16 July 2020 interim Education tenure.,https://de.wikipedia.org/wiki/Kabinett_Bolsonaro,"Wikipedia, German historical cabinet table",,2026-09-10,retrieved_source_text,"Accept explicit historical non-affiliation statement, rather than a blank cell or inference from professional career. Portuguese biography and affiliation/departure searches found no specific contrary personal-membership event. This is secondary compilation evidence, not a registry certificate; retain source-specific errors elsewhere without treating the table as an automatic override."
C068,Braga Netto exercised Defense direction March 30 2021 before April 1 signed possession paperwork,https://www.gov.br/defesa/pt-br/centrais-de-conteudo/noticias/substituicao-dos-comandantes-das-forcas;https://www.gov.br/defesa/pt-br/acesso-a-informacao/agenda-de-autoridades/ordinariado-militar-do-brasil/2021-03-30;https://www1.folha.uol.com.br/poder/2021/03/braga-netto-alterou-ordem-do-dia-sobre-golpe-de-1964-e-excluiu-mencao-de-forcas-como-instituicao-de-estado.shtml;https://static.poder360.com.br/2021/03/DOU-ministerio-defesa-exoneracao-fernando-azevedo-nomeacao-braga-netto.pdf,Ministério da Defesa; DOU; Folha de S.Paulo,2021-03-30;2021-03-31,2026-09-10,retrieved_source_text,"Multiple contemporary records establish Braga Netto exercising direction of the Defense Ministry after his published appointment on March30: the official commanders succession meeting, an official ministerial audience, and substantive rewriting and publishing of ministry policy. Therefore select actual effective service March30 under the existing effective-service convention. Retain the signed April1 possession term as a formal-administrative date discrepancy. Do not invent a vacancy occupant from another military post and do not treat the later paperwork as proof no appointed minister exercised the ministry earlier."
C033,"CGU institutional history records Carlos Higino acting May 30 through June 1, 2016; Torquato starts June 2.",https://www.gov.br/cgu/pt-br/composicao/ministro/carlos-higino,CGU,2018-12-19,2026-09-10,retrieved_source_text,Inclusive last day June 1 converts to exclusive June 2; preserve explicit historical non-affiliation with tenure continuity.
C072,Carlos França directing MRE by March31 2021; restrict Brandelli vacancy service to March30,https://exame.com/bussola/itamaraty-mais-pragmatico-busca-novos-mercados-para-o-brasil-no-exterior/;https://exame.com/brasil/novo-chanceler-convida-diplomata-experiente-para-ser-numero-2-do-itamaraty;https://www.gov.br/funag/pt-br/chdd/historia-diplomatica/ministros-de-estado-das-relacoes-exteriores/carlos-alberto-franco-franca;https://www.gov.br/funag/pt-br/acesso-a-informacao/transparencia-e-prestacao-de-contas/rol-de-responsaveis.pdf,Exame; Reuters; FUNAG,2021-03-31;2021-11-19,2026-09-10,retrieved_source_text,"Adjudicate effective service by March31 from contemporaneous observed ministry direction: Exame March31 reports that França had already redirected ministry cadres; Reuters March31 confirms his selection of the secretary-general directly with the selected diplomat. These support actual direction after published appointment, beyond nomination alone. FUNAG separately dates nomination March31 and its responsibility roll uses the signed decree date March29; neither date is mislabeled an exact possession observation. Retain the April6 public possession and legacy start as a contrary administrative-date assertion, not proof that ministry direction remained vacant until then. Choose March31, the latest date established by the earlier management observations, with March30–31 residual effective-entry bounds. Retain Brandelli as the designated vacancy replacement on March30; no new evidence establishes his personal affiliation. The explicit historical unaffiliated classification of França’s ministerial service continues to apply to that service when its effective start is corrected; no affiliation switch is invented."
C074,"Carlos Henrique Menezes Sobral: primary MDB from qualified contemporary January2023 personal party characterization, with non-affiliation alternative",https://www.midianews.com.br/politica/lula-nomeia-ex-assessor-de-cunha-que-atuou-na-gestao-bolsonaro/438098,"Folhapress, Mateus Vargas / Renato Machado / Victoria Azevedo; republication MidiaNews",2023-01-25,2026-09-10,retrieved_source_text,"Folhapress January25 2023 personally characterizes Carlos Henrique Menezes Sobral as a cadre of MDB, in a sentence distinct from the report of his sponsorship. Accept this credible contemporary personal party label as a qualified primary MDB adjudication from that date, with forward continuity through later qualifying vacancy service. Retain UNAFFILIATED as a credible alternative because the qualified cadre description could reflect a party-adjacent professional rather than formal registration. This is not an exact affiliation certificate or a conclusion from his ministry sponsor. Current TSE municipal-list non-matches cannot negate the label or prove non-affiliation. Targeted searches and the original 2021 Alepi biographical proposal yielded no specific competing affiliation event. Do not backproject the 2023 label to his December31 2018 service, which remains a separate unresolved affiliation dependency. The alternative is composition-neutral only where other qualifying MDB ministers independently establish MDB representation."
C034,"Carlos Marun dismissal was published December 31, 2018; December 28 is the signed decree date. Carlos Henrique Menezes Sobral was the designated successor.",https://noticias.uol.com.br/ultimas-noticias/agencia-estado/2018/12/31/marun-e-exonerado-da-secretaria-de-governo-e-assume-posto-na-itaipu.htm;research/completion/orgaos_temer.pdf,Estadão; Presidência responsibility list,2018-12-31,2026-09-10,retrieved_source_text,Use publication date for Marun departure. Add Sobral acting December 31 under documented deputy succession; personal affiliation remains unresolved. Later MDB description is not a dated 2018 certificate.
C036,"Ciro Nogueira dismissed December 30, 2022; Jonathas Assunção Salvador Nery de Castro managed Casa Civil December 30-31.",https://www.gov.br/casacivil/pt-br/acesso-a-informacao/transparencia-e-prestacao-de-contas-pr/2022/rol-de-responsaveis/rol_de_responsaveis_dez2022.pdf,Presidência/Casa Civil,2022-12-30,2026-09-10,retrieved_source_text,Official responsibility roll explicitly separates appointment dates and actual substitution periods. Add vacancy actor; do not infer personal non-affiliation from technical service.
C010,Ciro Nogueira signed possession and began work at Casa Civil on 28 July 2021.,https://www.cnnbrasil.com.br/politica/ciro-assina-termo-de-posse-na-casa-civil-e-ja-despacha-no-planalto/ | https://www.gov.br/secretariageral/pt-br/acesso-a-informacao/transparencia-e-prestacao-de-contas-pr/2021/rol-de-responsaveis-30jul2021_primeiro-envio-da-digep.pdf,CNN Brasil; Presidência responsibility roll,2021-07-28,2026-09-10,retrieved_source_text,"Possession and work preceded the public ceremony; corroborated by official responsibility roll. PP has independent continuous witnesses, so no false transition."
C032,"Consolidate contained same-affiliation evidence slices after October 2015 boundary correction, retaining their source and decision links.",research/completion/prior/scraping/data/cabinet_party_affiliation_spells.csv;research/completion/dou2_2015_10_05.pdf,Retained assertions and DOU,2015-10-05,2026-09-10,retrieved_source_text,"A source-specific record boundary is not a personal affiliation change. Remove only same-state, same-party contained duplicate slices introduced by extending the earlier supported affiliation to October 5; merge all evidence IDs into the covering record. Original rows remain in preservation and raw assertions."
C039,"Célio Faria Júnior decree published December 30, 2022 explicitly sets dismissal effective January 1, 2023.",https://pesquisa.in.gov.br/imprensa/servlet/INPDFViewer?captchafield=firstAccess&data=30%2F12%2F2022&jornal=529&pagina=1,Imprensa Nacional,2022-12-30,2026-09-10,retrieved_source_text,Retain Célio through December 31; news publication date is not the effective date. Do not add Sobral as a cabinet replacement before the handover.
C037,Daniel de Oliveira Duarte Ferreira dismissal signed December 29 was published December 30 without deferred effective clause.,https://static.poder360.com.br/2022/12/dou-comandos-marinha-aeronautica-30dez2022.pdf,Imprensa Nacional DOU Seção 2 page 2,2022-12-30,2026-09-10,retrieved_source_text,Stop Daniel service on publication. Successor personal identity and service through December 31 remain a completion dependency; do not carry Daniel through a documented dismissal.
C052,Dyogo Oliveira dismissed April 6; executive secretary Esteves Colnago covered vacancy before April 10 titular possession,https://noticias.uol.com.br/ultimas-noticias/agencia-estado/2018/04/06/7-ministros-deixam-cargos-hoje-meirelles-ainda-nao-esta-na-lista-de-exoneracoes.htm;https://www.bndes.gov.br/wps/portal/site/home/imprensa/noticias/Agenda/quarta-feira-14-de-junho-de-2017;https://es.wikipedia.org/wiki/Michel_Temer,Diário Oficial reported by Estadão; BNDES; historical cabinet compilation,2018-04-06;2017-06-14,2026-09-10,retrieved_source_text,"Publication April 6 supersedes compiled April 7 end. Colnago was continuing executive secretary and appointed titular April 10. Reconstruct vacancy replacement April 6-10. Historical compilation explicitly identifies his 2018 service as independent and dates it April 8; carry that historical status across this bounded same-office assumption interval, recorded as adjudicated and composition-neutral, not an exact affiliation event."
C042,"Eduardo Pazuello assumed acting Health service May 15, 2020, immediately after Teich departure.",https://economia.uol.com.br/noticias/reuters/2020/09/14/apos-4-meses-como-interino-general-pazuello-devera-ser-efetivado-como-ministro-da-saude.htm;https://www.osaogoncalo.com.br/geral/82332/general-pazuello-assume-interinamente-no-lugar-de-teich-e-ganha-apoio-para-ficar-no-cargo,Reuters; O São Gonçalo,2020-09-14,2026-09-10,retrieved_source_text,Contemporaneous May 15 report corroborates retrospective Reuters start. June designation and September titular ceremony are later status changes during continuing service. Historical explicit non-affiliation extends to the corrected first day.
C012,Eliseu Padilha formally accumulated the Ministry of Labour from 5 July 2018 until Caio Vieira de Mello took office on 10 July.,https://www.gaz.com.br/eliseu-padilha-vai-acumular-ministerios-do-trabalho-e-casa-civil/;https://g1.globo.com/politica/noticia/diario-oficial-publica-nomeacao-de-padilha-como-ministro-interino-do-trabalho.ghtml,Estadão; G1 reporting DOU extra edition,2018-07-05,2026-09-10,retrieved_source_text,"A formal appointment after Helton Yomura left the office qualifies as vacancy replacement. This is simultaneous officeholding by the existing MDB minister, and therefore composition-neutral. The source explicitly distinguishes this appointment from his continuing Casa Civil portfolio."
C055,"Eva Chiavon covered the Casa Civil vacancy between Wagner departure and Lula possession, March 16-17 2016",https://www.gov.br/casacivil/pt-br/assuntos/noticias/2016/marco;https://transparencia.mpf.mp.br/conteudo/diarios-e-boletins/diario-oficial-da-uniao-1/2016/dou2_2016_03_21.pdf,Casa Civil contemporaneous directory; Diário Oficial,2016-03-15;2016-03-16;2016-03-21,2026-09-10,retrieved_source_text,"The official March news archive identifies the continuing executive secretary immediately before Wagner departure; the DOU confirms her designated substitute capacity. Reconstruct her one-day vacancy service before Lula possession March 17; she resumed following the judicial suspension March 18. Her historical PT affiliation supports this bounded earlier start in the same uninterrupted executive-secretary tenure. Retain date adjudication; PT is independently represented, so this succession cannot change the party set."
C031,Eva Chiavon exercised Casa Civil following the 18 March 2016 judicial interruption of Lula's appointment; the 22 March date was a website update.,https://transparencia.mpf.mp.br/conteudo/diarios-e-boletins/diario-oficial-da-uniao-1/2016/dou2_2016_03_21.pdf;https://exame.com/brasil/casa-civil-muda-site-e-coloca-nome-de-ministra-substituta/,Diario Oficial da Uniao; Estadao syndicated by Exame,2016-03-21;2016-03-22,2026-09-10,retrieved_source_text,"Lula is retained for actual service March 17 and excluded after the court interruption March 18. Chiavon, the continuing designated substitute, already signed as minister on March 18; the published signature and succession evidence jointly establish vacancy service. Her historical PT row covers that same continuous interim tenure, not a new affiliation on March 22."
C007,Fernando Coelho Filho signed affiliation to MDB on 21 March 2018; joined DEM on 6 April after leaving the ministry.,https://istoedinheiro.com.br/ministro-de-minas-e-energia-se-filia-ao-mdb-de-temer | https://eixos.com.br/politica/escolha-do-novo-ministro-de-minas-e-energia-passa-pelo-senado/ | https://www.gov.br/mme/pt-br/arquivos/clipping-07-04-2018.pdf,Estadão Conteúdo; eixos; MME press clipping,2018-03-21;2018-04-07,2026-09-10,retrieved_source_text,"Contemporary accession report and photograph identify the minister, separately from his father. Add MDB change without new service. DEM starts at the existing exclusive service end, so does not back-project into cabinet service."
C043,"Floriano Peixoto dismissal and Jorge Oliveira appointment were June 21, 2019; the former remained through June 20.",https://fpagropecuaria.org.br/2019/06/24/boletim-dou-21-de-junho-2/?pdf=22053;https://exame.com/brasil/jorge-oliveira-major-da-pm-sera-novo-secretario-geral-da-presidencia/,FPA DOU summary; Reuters,2019-06-21,2026-09-10,retrieved_source_text,The old table end June 20 is an inclusive last day. Convert it to exclusive June 21; existing explicit unaffiliated status continues through the corrected day.
C066,Gabbardo: primary MDB continuity from an explicitly dated historical PMDB affiliation observation,https://tede2.pucrs.br/tede2/bitstream/tede/10392/2/Rafael_da_Silveira_Velho_Dis.pdf;https://claudemirpereira.com.br/2018/02/sartori-punhado-de-secretarios-fora-do-governo-para-concorrer-fabiano-e-certo-schirmer-duvida/;https://noticias.uol.com.br/saude/ultimas-noticias/redacao/2021/02/16/amigo-de-osmar-terra-gabbardo-e-braco-direito-de-doria-e-nega-candidatura.amp.htm,"Rafael da Silveira Velho, PUCRS dissertation; contemporary reporting; UOL",2021;2018-02-28;2021-02-16,2026-09-10,retrieved_source_text,"After reviewing the dissertation appendix and its distinction between affiliation and political ties, accept its explicit PMDB label for the 2015/17 historical service as a credible dated observation. Apply the same forward-continuity adjudication used for Maria Fernanda Ramos Coelho and Sachsida, with targeted searches for joining, departure, expulsion and denial. The 2018 account of MDB prospective candidates is corroborating context, not a membership certificate. The 2021 personal denial concerns candidacy, not affiliation. No specific contradictory affiliation event was found. Primary MDB on April 16 2020 is an adjudication from historical observation and continuity, not an exact 2020 certificate or affiliation at nomination. This creates a one-day MDB return through actual vacancy service; it is not chosen to preserve an adjacent set. C062 temporary affiliation blocker is superseded, while its underlying sources and reasoning remain inspectable."
C013,Gilson Machado remained personally affiliated to PSC in January and February 2022 before joining PL in March.,https://veja.abril.com.br/coluna/radar/por-que-gilson-machado-so-vai-para-o-pl-se-bolsonaro-mandar/;https://jc.uol.com.br/dinheiro/2022/02/14945451-quais-sao-os-pre-candidatos-e-nomes-cotados-ao-senado-em-pernambuco.html;https://jovempan.com.br/programas/direto-ao-ponto/gilson-machado-ministro-do-turismo-e-o-entrevistado-do-direto-ao-ponto-desta-segunda-feira.html,Veja; Jornal do Commercio; Jovem Pan,2022-01-07,2026-09-10,retrieved_source_text,"The explicit January 7 report says personally affiliated to PSC since 2020, corroborated before and after January. Retain PSC continuity. A January 2022 Gazeta do Povo list calling him sem partido is rejected against these specific dated membership reports. Retain that contradiction as a source assertion, not a hypothetical new departure."
C064,Haddad remains through the observation cutoff; Durigan appointment takes effect with March 20 2026 publication,https://www.poder360.com.br/poder-governo/haddad-deixa-fazenda-e-e-substituido-por-durigan/,Poder360 with DOU decree,2026-03-20,2026-09-10,retrieved_source_text,The signed March 19 announcement and appointment/dismissal decree were published March 20. Retain Haddad through March 19 and exclude Durigan from this window. Clipping at March 20 is not itself a dismissal observation for other continuing incumbents.
C044,"Helder Melillo Lopes Cunha Silva acted as Regional Development minister December 30-31, 2022 after Daniel Ferreira dismissal.",https://www.poder360.com.br/governo/ex-ministro-de-bolsonaro-e-nomeado-no-2-de-ministerio-de-lula/,Poder360,2024-04-16,2026-09-10,retrieved_source_text,"Retrospective source explicitly identifies historical two-day service, not a backward inference from the 2024 appointment. Personal affiliation not established; add named officeholding and retain separate unknown affiliation."
C045,"Henrique Eduardo Alves dismissal published June 17, 2016; June 16 was his request",https://www.regiaonews.com.br/politica/diario-oficial-publica-exoneracao-de-ministro-do-turismo,Agência Brasil / Região News,2016-06-17,2026-09-10,retrieved_source_text,Retain titular through June 16. Publication on June 17 establishes departure and Alberto Alves succession. No new party transition from correcting a request date.
C028,"Identify abbreviated names Joaquim Oliveira, Pedro Cesar Sousa and Maria Estella Dantas using official records, without treating an employment relationship as party affiliation.",https://www.gov.br/secretariageral/pt-br/centrais-de-conteudo/biblioteca-da-pr/galeria-dos-ex-presidentes/itamar-augusto-cautiero-franco/orgaos-da-pr-itamar-franco.pdf;https://www.gov.br/secretariageral/pt-br/centrais-de-conteudo/curriculos/subchefia-para-assuntos-juridicos/curriculo-pedro-cesar-nunes-ferreira-marques-de-sousa.pdf/@@download/file;https://www.camara.leg.br/proposicoesWeb/prop_mostrarintegra?codteor=2269270&filename=Tramitacao-TVR+91%2F2023,Presidency; Chamber of Deputies,,2026-09-10,retrieved_source_text,"Full names establish identity. The unusually named Presidency PDF contains the Temer SG responsibility entries; content, not URL folder title, establishes its temporal relevance. Pedro Cesar Nunes Ferreira Marques de Sousa is the Brazilian officeholder, not a Portuguese homonym. Maria Estella Dantas Antonichelli signs the December 2022 ministerial record; her party field remains unknown."
C035,"Ivani dos Santos was designated deputy and acted after Geddel departure; Imbassahy was formally dismissed for parliamentary service August 2 and October 20-25, 2017.",https://noticias.uol.com.br/politica/ultimas-noticias/2016/11/25/geddel-pede-demissao-do-governo-temer.htm;https://exame.com/brasil/imbassahy-negocia-emenda-por-voto-a-favor-de-temer-no-plenario;research/completion/orgaos_temer.pdf,UOL; Estadão; Presidência,2017-08-02,2026-09-10,retrieved_source_text,"Formal parliamentary interruptions count, unlike routine administrative delegations. Ivani designated deputy covers vacant intervals. The Presidência PDF has an erroneous Itamar header and omits earlier Imbassahy segment; use only its explicit return and interruption dates, cross-checked with contemporaneous report. PMDB employment and homonymous party registrants do not establish Ivani affiliation."
C008,João Batista de Andrade remained Culture minister after the 16 June request and served through 24 July 2017.,https://www.poder360.com.br/governo/com-corte-de-gastos-de-43-cultura-segue-sem-titular-ha-59-dias/ | https://repositorio.enap.gov.br/bitstream/1/7371/1/Relatorio%20Final%20de%20Avaliacao%20Ex%20Post%20do%20Plano%20Nacional%20de%20Cultura%20%281%29.pdf,Poder360; ENAP,2017-07-16,2026-09-10,retrieved_source_text,"Explicit contemporary statement says he continued one month after asking to leave. Institutional history ends tenure 24 July, successor entered 25 July. Correct request-versus-departure confusion."
C062,João Gabbardo dos Reis was the designated Health vacancy replacement April 16-17 2020; personal affiliation at that date remains blocked,https://pesquisa.in.gov.br/imprensa/servlet/INPDFViewer?captchafield=firstAccess&data=10%2F12%2F2019&jornal=529&pagina=37;https://noticias.uol.com.br/saude/ultimas-noticias/redacao/2020/04/29/bolsonaro-exonera-numero-2-de-mandetta-e-nomeia-general-para-o-cargo.htm;https://tede2.pucrs.br/tede2/bitstream/tede/10392/2/Rafael_da_Silveira_Velho_Dis.pdf;https://noticias.uol.com.br/saude/ultimas-noticias/redacao/2021/02/16/amigo-de-osmar-terra-gabbardo-e-braco-direito-de-doria-e-nega-candidatura.amp.htm,"DOU; UOL; Rafael da Silveira Velho dissertation, PUCRS",2019-12-10;2020-04-29;2021,2026-09-10,retrieved_source_text,"Continuing secretary-executive and documented designated minister substitute; Mandetta formally left April 16 and Teich took possession April 17. Retain this one-day vacancy succession. The dissertation appendix labels his 2015/17 state service PMDB, while contemporary accounts say linked to PMDB and later accounts record denials of candidacy. Those are not an explicit dated personal affiliation observation during the 2020 federal tenure. Preserve the positive historical PMDB assertion as a credible possible MDB alternative, without declaring alternatives exhaustive. No-party assertions about Bolsonaro or Ana Pellini in the same articles do not describe Gabbardo."
C059,Jônathas Assunção de Castro was the continuing executive secretary at the March 30-31 2021 Secretaria de Governo vacancy,https://diaoficial.com/linkdopdf/1113984/diario-oficial-da-uniao-secao-2-60--20210330.pdf;https://www.gov.br/secretariageral/pt-br/acesso-a-informacao/transparencia-e-prestacao-de-contas-pr/2021/rol-de-responsaveis-30jul2021_primeiro-envio-da-digep.pdf,DOU; Presidency responsibility roll,2021-03-30;2021-07,2026-09-10,retrieved_source_text,"DOU March 30 identifies the continuing executive secretary Jonathas Assuncao de Castro; the office regulation designates its executive secretary as minister substitute. Reconstruct vacancy replacement between Ramos dismissal March 30 and Flavia actual management start March 31. Keep personal affiliation unresolved, independently of his later Casa Civil replacement. The July roll is a source for Flavia actual start, not for a retroactive appointment of her later executive secretary Rafael Sampaio."
C040,"Luislinda Valois dismissal announced February 19 was published February 20, 2018, with Gustavo Rocha assuming.",https://www.metropoles.com/brasil/politica-brasil/exonerada-luislinda-ira-a-suica-representar-governo-em-evento-da-onu,Estadão,2018-02-21,2026-09-10,retrieved_source_text,Use publication/effective boundary February 20; maintain PSDB affiliation through remaining continuous service February 19.
C060,Luiz Pontel de Souza replaced Moro in the vacant Justice Ministry April 24-29 2020,https://www.stj.jus.br/internet_docs/biblioteca/clippinglegislacao/Prt_201_2020_PR.pdf;https://www.correiobraziliense.com.br/app/noticia/politica/2020/04/28/interna_politica%2C849007/amp.shtml,DOU official clipping at STJ; contemporaneous Estadão,2020-04-24;2020-04-27;2020-04-28,2026-09-10,retrieved_source_text,Interministerial Portaria 201 signed April 24 explicitly identifies Luiz Pontel as interim Justice minister after Moro departure. The successor decree was published April 28 and possession April 29. Include vacancy service through that possession. Party-change reports concerning Guilherme Theophilo are not evidence about Pontel; his personal affiliation remains unresolved.
C049,"March 2021 reshuffle departures were published March 30, not announced March 29; Braga Netto signed Defense term April 1",https://www.poder360.com.br/governo/governo-oficializa-reforma-ministerial-com-a-publicacao-de-mudancas-no-dou/;https://static.poder360.com.br/2021/03/DOU-relacoes-exteriores-exoneracao-ernesto-araujo-nomeacao-carlos-alberto-franco-franca-29-mar-2021.pdf;https://www.camara.leg.br/proposicoesWeb/prop_mostrarintegra?codteor=1990585&filename=REC+9%2F2021,DOU; Câmara dos Deputados signed term annex,2021-03-30;2021-04-01,2026-09-10,retrieved_source_text,"Retain departing ministers until published dismissal March 30. Braga Netto actual Defense possession April 1 is documented by signed term attached to REC 9/2021, superseding both announcement March 29 and collective ceremony April 6. Remaining intervals before actual possession require designated vacancy replacements; they are not silently filled by outgoing titular continuity."
C027,Marcos Bezerra Abbott Galvao: retain personal uncertainty between no party (historical table notation) and PSDB (retrospective description tucano); PSDB representation is independently continuous.,research/completion/prior/scraping/data/wikipedia_pinned/michel_temer_71604023.json;https://piaui.uol.com.br/web/itamaraty-lula-diplomatas-bolsonarismo-cargos/,Wikipedia; revista piaui,,2026-09-10,retrieved_source_text,"The no-party notation has been inspected under C026. Piaui explicitly describes Galvao in his 2016 secretary-general role as tucano, which may describe political alignment rather than formal membership. Do not turn this into a resolved personal party claim. Retain the two evidence-backed alternatives and let the builder prove aggregate neutrality using other PSDB officeholders throughout his qualifying 2017 interim service."
C057,Marcos Paulo Cardoso Coelho da Silva covered the Casa Civil vacancy February 14-18 2020,https://pesquisa.in.gov.br/imprensa/servlet/INPDFViewer?captchafield=firstAccess&data=14%2F02%2F2020&jornal=604&pagina=1;https://www.metropoles.com/brasil/politica-brasil/casa-civil-na-4a-troca-braga-netto-demite-secretario-executivo,DOU extra; Metrópoles,2020-02-14;2020-03-03,2026-09-10,retrieved_source_text,February 14 extra DOU names Marcos Paulo signing as Casa Civil minister substitute. His executive-secretary appointment February 7 and dismissal March 3 bracket the vacancy between Onyx formal departure and Braga possession. Preserve UNKNOWN affiliation: police career and subsequent adviser roles do not determine personal party membership.
C046,Maria Helena Guimarães de Castro acted in vacant Education office April 6-9 2018 and was personally affiliated to PSDB,https://pesquisa.in.gov.br/imprensa/servlet/INPDFViewer?captchafield=firstAccess&data=09%2F04%2F2018&jornal=515&pagina=43;https://www.bnews.com.br/noticias/politica/202442-temer-escolhe-secretario-de-educacao-basica-para-ministro-da-educacao.html,Diário Oficial da União; Folhapress / BNews,2018-04-09,2026-09-10,retrieved_source_text,"Mendonça dismissal April 6 plus designated executive secretary and acting minister acts of April 6/9 establish vacancy service to Rossieli possession April 10. Folhapress expressly describes her personal PSDB affiliation. Signature is corroboration of a separately documented vacancy, not proof that a continuing titular was interrupted."
C041,"Moreira Franco transferred from Secretaria-Geral to MME on April 10, 2018, rather than the April 6 announcement; deputy Paulo Pedrosa covers Coelho Filho formal absences.",https://static.poder360.com.br/2018/04/AP-Moreira-Franco.pdf;research/completion/orgaos_temer.pdf;https://www.escavador.com/diarios/580721/DOU/secao-2/2017-11-16?page=48;https://eixos.com.br/politica/como-a-eleicao-de-pernambuco-mudou-o-xadrez-da-sucessao-no-mme/,DOU decree quoted in original legal document; Presidência; ministerial acts; Brasil Energia,2018-04-10,2026-09-10,retrieved_source_text,"Separate appointment announcement from published and actual transfer April 10. Add designated deputy Paulo Pedrosa only in documented vacancies, not routine travel/signatures. Personal affiliation unknown; do not confuse the energy engineer with a homonymous PCdoB cultural official."
C051,Mário Ramos Ribeiro covered the vacant Integration Ministry April 6-10 2018,https://pesquisa.in.gov.br/imprensa/servlet/INPDFViewer?captchafield=firstAccess&data=12%2F04%2F2018&jornal=529&pagina=39;https://www1.folha.uol.com.br/poder/2018/08/ex-no-2-da-integracao-levanta-irregularidades-em-licitacoes.shtml,Diário Oficial da União; Folha de S.Paulo,2018-04-12;2018-08-02,2026-09-10,retrieved_source_text,Executive secretary identified independently by institutional reporting; acting-minister acts dated April 9 corroborate actual vacant-office replacement after Helder departure April 6 and before Pádua possession April 10. Name/office/party and affiliation searches did not yield a temporally relevant personal affiliation; preserve UNKNOWN rather than infer MDB from patronage.
C030,Nelson Barbosa continued in Planning until the 21 December 2015 published and effective succession; 18 December was the announcement/signature date.,https://guarulhosweb.com.br/barbosa-e-nomeado-ministro-da-fazenda-e-valdir-simao-vai-para-o-planejamento/;https://fetracan.org.br/informe-cnt-presidente-dilma-rousseff-nomeia-nelson-barbosa-a-pasta-da-fazenda-e-valdir-simao-a-do-planejamento/,Estadao syndicated; CNT,2015-12-21,2026-09-10,retrieved_source_text,Publication and possession both occurred December 21. No resignation or separately established interruption before that date. Retain Barbosa through formal succession; his already recorded non-affiliation is continuous across the transfer.
C050,New or reconstituted ministerial offices await first actual ministerial entry,https://www.cjf.jus.br/cjf/noticias/2020/06-junho/douinforme-12-06.2020;https://www.cjf.jus.br/cjf/noticias/2016-1/marco/douinforme-17-03-1.2016;https://noticias.uol.com.br/ultimas-noticias/agencia-estado/2016/05/23/temer-edita-mp-que-recria-ministerio-da-cultura.htm,Diário Oficial / CJF; Estadão,2020-06-10;2016-03-16;2016-05-23,2026-09-10,retrieved_source_text,A newly created office can be legally vacant pending first possession. This differs from omitting a successor to an occupied ministry. Communications creation June 10 and Faria first possession June 17; Gabinete Pessoal ministerial status March 16 and Wagner first possession March 17; Culture recreation May 23 and Calero first possession May 24. No prior titular in those specific new office lifespans is displaced; administrative support and subordinate secretariats do not establish another minister.
C063,"Otávio Brandelli was the continuing designated MRE replacement between Araújo departure and França possession, March 30-April 6 2021",https://www.gov.br/funag/pt-br/chdd/historia-diplomatica/secretarios-gerais-das-relacoes-exteriores/secretarios-gerais-das-relacoes-exteriores;https://pesquisa.in.gov.br/imprensa/servlet/INPDFViewer?captchafield=firstAccess&data=08%2F01%2F2021&jornal=529&pagina=36;https://www1.folha.uol.com.br/mundo/2021/03/novo-chanceler-deve-mudar-abordagem-com-china-mas-manter-conservadorismo-nos-costumes.shtml,FUNAG official succession history; DOU; Folha,2019-01-03/2021-06-04;2021-01-08;2021-03-30,2026-09-10,retrieved_source_text,"FUNAG identifies the immediate minister substitute, Brandelli, serving January 3 2019 through June 4 2021; DOU confirms minister-interim acts. Folha March 30 explicitly says França had not yet taken possession, despite the appointment decree. Include designated vacancy service until the documented April 6 possession. No personal party or explicit non-affiliation observation was established. Reports calling Bolsonaro sem partido are not evidence about Brandelli; diplomatic career does not establish his party state."
C006,PSB accepted Coelho Filho departure request on 25 October 2017.,https://psb40.org.br/reuniao-do-diretorio-nacional-e-cancelada-apos-pedido-de-desfiliacao-de-parlamentares/,PSB nacional,2017-10-25,2026-09-10,retrieved_source_text,Party reports receipt and acceptance that morning. Replaces the broad October–December baseline; later parliamentary notice is not the membership event.
C021,"Padilha dismissal and Guilherme Ramalho interim appointment were published together on 8 December 2015, in decrees signed December 7.",https://transparencia.mpf.mp.br/conteudo/diarios-e-boletins/diario-oficial-da-uniao-1/2015/dou2_2015_12_08.pdf;https://es.wikipedia.org/wiki/Dilma_Rousseff;atlas/7010-261partidogabineteministerio.csv#551,DOU; Wikipedia historical cabinet; Atlas,,2026-09-10,retrieved_source_text,Use publication December 8 absent evidence of an earlier effective possession. December 4 resignation reporting and December 7 signature are not equivalent to this boundary. Atlas sfp describes Ramalho cabinet tenure with a one-day entry-date discrepancy; the explicit historical Independiente tenure corroborates non-affiliation for the corrected tenure. This is not a party change between December 8 and 9.
C011,Paulo Pimenta remained minister for Rio Grande do Sul reconstruction until his return to Secom effective 12 September 2024.,https://noticias.uol.com.br/ultimas-noticias/agencia-estado/2024/09/11/paulo-pimenta-volta-a-secom-e-reconstrucao-do-rs-fica-sob-responsabilidade-da-casa-civil.amp.htm;https://www.camara.leg.br/deputados/74400/biografia;https://www.escavador.com/diarios/5963538/DOU/secao-2/2024-09-12,Estadão; Câmara dos Deputados; DOU,2024-09-11,2026-09-10,retrieved_source_text,The September 10 announcement did not end service that day. The contemporary report specifies return on Thursday 12; the parliamentary licence and DOU agree. The special ministry loses qualifying status September 12. The subsequent subordinate secretariat is outside scope.
C065,Record historical organization lifespans and renames separately from personal affiliation changes,https://www.tse.jus.br/partidos/partidos-registrados-no-tse,Tribunal Superior Eleitoral registry and dated reports AFF-045/048,2015-09-15;2015-09-22;2017-05-16;2018-04-26;2018-05-15;2018-06-28;2018-09-11;2019-03-28;2019-05-07;2019-08-15;2019-09-19,2026-09-10,retrieved_source_text,"Renames preserve stable identity. Merger/incorporation dates terminate predecessor identities, not the personal office appointment. PEN is the earlier name of Patriota; PRP incorporation does not transfer Heleno, whose documented departure predates it. Use contemporaneous May 7 2019 TSE announcement for PR/PL over the contradictory current-registry February date. Label SOLIDARIEDADE as SD before June 28 2018. NOVO and REDE labels begin at registration. PP full-name change does not change its acronym or split composition."
C029,Roberto Bocorny Messias replaced Thomas Traumann at Secom on 25 March 2015 pending Edinho Silva on 31 March; an explicit personal denial of any party affiliation in August 2013 supports continuity.,https://www.viomundo.com.br/denuncias/roberto-messias-desmente-tudo-inclusive-conversa-com-reporter-lemes.html;https://www.noticiasagricolas.com.br/noticias/politica-economia/154019-ministro-da-comunicacao-social-pede-demissao.html;https://www.brasil247.com/midia/planalto-oficializa-a-saida-de-traumann-da-secom,"Secom personal statement via Presidency press secretary, reproduced by Viomundo; contemporary reporting",2013-08-06;2015-03-25,2026-09-10,retrieved_source_text,Direct personal denial covers membership in every party. It precedes the March 2015 vacancy replacement within continuous senior Secom service. Full-name and variant searches found no later affiliation/departure event; the journalist response expressly disclaims alleging formal party membership. Do not confuse Bocorny Messias with former Ibama head Roberto Messias Franco.
C073,"Sabino: six actual parliamentary departures, seven vacancy replacement segments and December19 2025 final departure",https://agenciagov.ebc.com.br/noticias/202412/comunidades-indigenas-terao-apoio-do-governo-federal-para-desenvolver-roteiros-e-experiencias-turisticas-de-forma-sustentavel;https://anvisalegis.datalegis.net/action/ActionDatalegis.php?acao=abrirTextoAto&cod_menu=9373&cod_modulo=630&link=S&numeroAto=29012025&orgao=NI&seqAto=001&tipo=DSN&valorAno=2025;https://biblioteca.mpf.mp.br/repositorio/bitstreams/4a768b27-e766-4c74-adc1-c63c084abb82/download;https://edicao.correiobraziliense.com.br/correiobraziliense/2025/12/18/all.pdf;https://guarulhosweb.com.br/ministro-do-turismo-pede-exonerao-sada-deve-ser-temporria-para-apresentao-de-emendas/;https://portaldocomercio.org.br/publicacoes_posts/boletim-informativo-diario-bid-030-2025-2-2-2-2-2-2-2-2-2-2-2-2-2-2-2-2-2-2-3-2-2-2-2/;https://radardigitalbrasilia.com.br/turismo/ministerio-do-turismo-assina-acordo-interministerial-para-fortalecimento-do-programa-orla-na-cop30/;https://repositorio.cgu.gov.br/bitstream/1/77740/1/Portaria_3845_2023.pdf;https://sintse.tse.jus.br/documentos/2024/Dez/3/para-conhecimento-institucional/decretos-de-2-de-dezembro-de-2024-exonera-a-pedido-carlos-henrique-baqueta-favaro-do-cargo-de;https://sintse.tse.jus.br/documentos/2024/Dez/9/para-conhecimento-institucional/decretos-de-6-de-dezembro-de-2024-nomeia-andre-luiz-carvalho-ribeiro-para-exercer-o-cargo-de;https://sintse.tse.jus.br/documentos/2025/Dez/19/para-conhecimento-institucional/decretos-de-18-de-dezembro-de-2025-exonera-a-pedido-celso-sabino-de-oliveira-do-cargo-de-ministro-de;https://sintse.tse.jus.br/documentos/2025/Nov/13/para-conhecimento-institucional/decretos-de-12-de-novembro-de-2025-exonera-a-pedido-carlos-henrique-baqueta-favaro-do-cargo-de-ministro-de-estado-da-agricultura-e;https://sintse.tse.jus.br/documentos/2025/Nov/14/para-conhecimento-institucional/decretos-de-13-de-novembro-de-2025-nomeia-carlos-henrique-baqueta-favaro-para-exercer-o-cargo-de;https://turismoemfoco.com.br/v1/2025/10/09/na-abertura-da-abav-expo-2025-ana-carla-lopes-emociona-com-discurso-que-reforca-o-turismo-reponsavel/;https://www.camara.leg.br/deputados/204496/biografia;https://www.camara.leg.br/internet/votacao/mostraVotacao.asp?ideVotacao=11877;https://www.cnnbrasil.com.br/politica/apos-indicar-emendas-como-deputado-celso-sabino-volta-ao-ministerio-do-turismo/;https://www.escavador.com/diarios/6020489/DOU/secao-2/2025-01-31?page=2;https://www.escavador.com/diarios/6021154/DOU/secao-2/2025-02-03?page=2;https://www.planalto.gov.br/ccivil_03/_ato2015-2018/2016/decreto/d8851.htm;https://www1.folha.uol.com.br/poder/2025/12/lula-da-posse-a-novo-ministro-do-turismo-em-aceno-a-ala-do-centrao-e-com-presenca-de-motta.shtml;https://www12.senado.leg.br/noticias/materias/2023/12/04/colapso-do-solo-em-maceio-rodrigo-cunha-e-prefeito-pedem-uniao-para-enfrentar-crise,Câmara; DOU; Ministério do Turismo; Senado; Estadão; CNN; Correio Braziliense,2023-11-30;2023-12-04;2024-12-03;2025-01-30;2025-10-08;2025-11-13;2025-12-19,2026-09-10,retrieved_source_text,"Câmara parliamentary licences, dated decrees and actual-service records establish six real departures/interruption episodes in Celso Sabino’s service. Split officeholding only; retain his separate personal affiliation spells. Include seven vacancy segments: expressly designated Carlos Henrique Menezes Sobral November30–December3 2023 and February1–2 2025, and Ana Carla Machado Lopes in the other documented vacancies. Her December2024 identity is an explicit statutory-deputy adjudication from her continuing executive-secretary appointment and Decree8851, with no competing designation found; do not call it a retrieved vacancy-specific nomination. Select latest supported returns December6 2023 and November17 2025 where nomination, ministerial activity and parliamentary service conflict; retain the earlier alternatives and their sources. End Sabino December19 2025 at published dismissal and legislative return, with Ana Carla until Gustavo’s actual possession December23. An isolated substitute signature never establishes a gap by itself: these vacancies are independently established by departure/legislative-service evidence. Ana Carla’s explicit lack of União affiliation does not establish general non-affiliation; the initial UNKNOWN status is superseded by C075 historical PSDB membership and forward continuity. Carlos’s post-January2023 primary is separately adjudicated in C074; his2018 status is not backprojected."
C061,"Sachsida primary DEM-to-UNIAO continuity is an adjudication with a credible unaffiliated alternative, not a certified absence of conflict",https://noticias.uol.com.br/ultimas-noticias/agencia-estado/2017/11/07/um-conselheiro-de-jair-bolsonaro.htm;https://www.teoriaepesquisa.ufscar.br/index.php/tp/article/download/1033/653/2612;research/inherited/atlas__7010-261partidogabineteministerio.csv#L643;https://de.wikipedia.org/wiki/Kabinett_Bolsonaro;https://es.wikipedia.org/wiki/Jair_Bolsonaro,Estadão; Teoria e Pesquisa; Atlas; historical cabinet compilations,2017-11-07;2024,2026-09-10,retrieved_source_text,"Retain the reasoned primary continuity from explicit 2017 personal DEM membership, corroborated by a historical 2024 study explicitly labelling his ministerial service DEM. Apply merger identity at February 8 2022. The study uses legacy labels and is not an independent certificate. Atlas sfp and Spanish/German historical unaffiliated labels remain credible contrary assertions without a known personal departure date. Retain UNAFFILIATED as an alternative for the entire 2022 service. The alternative removes UNIAO because other witnesses had left; the minister cannot mask his own uncertainty."
C058,Sérgio José Pereira covered the Casa Civil vacancy March 30-April 1 2021,https://www.metropoles.com/brasil/governo-exonera-coronel-que-estava-a-frente-da-funarte;https://pesquisa.in.gov.br/imprensa/servlet/INPDFViewer?captchafield=firstAccess&data=25%2F03%2F2021&jornal=529&pagina=5,DOU; Metrópoles,2021-03-25;2021-04-01,2026-09-10,retrieved_source_text,"The March 31 extra DOU dismissal of Funarte president is attributed to executive secretary and acting Casa Civil head Sergio Jose Pereira. Together with designated-substitute acts before the reshuffle, this establishes replacement in the separately documented vacancy after Braga departure March 30 and before Ramos possession April 1. His personal affiliation is not inferred from military service."
C024,"The October 2015 reorganization and ten ministerial appointments took effect on October 5, not the October 2 announcement or signature date.","https://transparencia.mpf.mp.br/conteudo/diarios-e-boletins/diario-oficial-da-uniao-1/2015/dou2_2015_10_05.pdf;https://www.metropoles.com/brasil/politica-brasil/novos-ministros-tomam-posse-nesta-segunda;https://www.correiobraziliense.com.br/app/noticia/politica/2015/10/05/interna_politica,501340/apos-reforma-dez-ministros-tomam-posse-nesta-segunda-feira.shtml;https://www.planalto.gov.br/ccivil_03/_ato2015-2018/2015/mpv/mpv696.htm",DOU; Estadão; Correio Braziliense; Presidency,2015-10-05,2026-09-10,retrieved_source_text,Contemporary reports distinguish Friday announcement from Monday publication and possession. Incumbents continue to the legal replacement/abolition boundary. Remove invented pre-transformation service by incoming ministers at offices to which they were never appointed. Preserve those input assertions as excluded records. The already confirmed non-affiliation of Vitor Chaves and party affiliations of departing ministers continue through the corrected endpoint.
C023,The SRI ministerial post was unoccupied after Pepe Vargas left; political coordination was assigned to the vice presidency before formal abolition in October.,https://atarde.com.br/politica/por-apoio-ao-pl-da-desoneracao-governo-libera-r-4-bilhoes-em-emendas-697842;https://pt.org.br/temer-assume-articulacao-politica-do-governo/;https://www.planalto.gov.br/ccivil_03/_ato2015-2018/2015/mpv/mpv696.htm,Estadão/A Tarde; PT reporting presidency announcement; Presidency,2015-06-10,2026-09-10,retrieved_source_text,"April 7 transfer of functions and June 10 explicit report that the ministerial post was vacant support a vacancy through abolition on October 5. Retain the legal office lifespan, record functions assigned to the vice presidency, and do not add a ministerial appointment for the vice president. This is an adjudicated vacancy, not an unknown substitute inferred from an empty source cell."
C048,Victor Godoy assumed the vacant MEC on March 28 2022 before a formal interim appointment published March 30,https://www.poder360.com.br/educacao/godoy-nega-saber-dos-assuntos-tratados-por-ribeiro-e-pastores/;https://noticias.r7.com/brasilia/bolsonaro-nomeia-victor-godoy-como-ministro-interino-da-educacao-30032022/,Poder360; R7,2022-05-11;2022-03-30,2026-09-10,retrieved_source_text,"Poder360 explicitly dates actual interim assumption March 28. Godoy was the continuing executive secretary when Milton Ribeiro was formally dismissed March 28. Use actual vacancy assumption, distinguishing March 29 signature and March 30 publication. Explicit historical no-party coding supports this tenure; no new affiliation event is invented."
C038,Wallace Nunes da Silva was Tourism executive secretary and acted following Daniela Carneiro dismissal; ministerial act July 17 corroborates service.,https://basedeconhecimento.cgu.gov.br/server/api/core/bitstreams/e09bffb7-e180-493a-a4c6-7f9725caddbe/content;https://pt.wikipedia.org/wiki/Lista_de_membros_do_gabinete_de_Lula_(2023–presente),Imprensa Nacional; pinned historical roster,2023-07-18,2026-09-10,retrieved_source_text,"Designated deputy succession into vacancy July 14 until Sabino actual entry July 18. The blank personal-party field is not evidence of non-affiliation; affiliation remains a blocker. Signature is corroboration of succession, not proof of departure of a still-appointed incumbent."
C054,"Welington Coimbra (Lelo Coimbra), rather than executive secretary Ana Pellini, was the designated Cidadania minister substitute; MDB continuity February 14-18 2020",https://pesquisa.in.gov.br/imprensa/servlet/INPDFViewer?captchafield=firstAccess&data=10%2F01%2F2020&jornal=529&pagina=6;https://www.agazeta.com.br/es/politica/apos-reuniao-com-onyx-e-osmar-terra-lelo-coimbra-segue-em-ministerio-0220;https://tribunaonline.com.br/coluna/plenario/lelo-coimbra-deixa-o-ministerio-da-cidadania-62499;https://www.camara.leg.br/deputados/141562/biografia,DOU; A Gazeta; A Tribuna; Chamber biography,2020-01-10;2020-02-17;2020-02-20,2026-09-10,retrieved_source_text,"DOU minister-substitute acts identify Welington Coimbra and cite his designation of February 14 2019. Contemporary February reporting confirms that Lelo (legal name Welington) remained the ministry deputy and MDB member through Onyx possession February 18, before requesting departure February 20. Reconstruct designated vacancy replacement after Terra dismissal February 14. This is an adjudicated four-day succession, not a separately retrieved four-day term. Pellini was executive secretary but not the designated minister substitute."
C047,Calero dismissal effective November 22 2016; Mariana Ribas vacancy replacement until Freire possession November 23; Ribas first joined a party in 2019,https://www.escavador.com/diarios/388939/DOU/secao-2/2016-11-22?page=1;https://oestadoce.com.br/arte-agenda/freire-e-nomeado-ministro-da-cultura-e-toma-posse-amanha/;https://www.gov.br/secretariageral/pt-br/centrais-de-conteudo/biblioteca-da-pr/galeria-dos-ex-presidentes/michel-miguel-elias-temer-lulia/ministerios-temer.pdf;https://odia.ig.com.br/rio-de-janeiro/2019/11/5821272-mariana-ribas---nunca-vi-o-rio-nessa-situacao--o-grande-problema-e-a-falta-de-gestao.html,DOU; O Estado CE; Presidency historical roll; O Dia interview,2016-11-22;2019-11-05,2026-09-10,retrieved_text_and_search_indexed_official_roll,"November 18 resignation request did not itself dismiss Calero. Decree signed November 21 and published November 22; Freire possessed November 23. Presidency lists Mariana Ribas da Silva designated substitute July 8-December 16 2016. Reconstruct one-day vacancy replacement. Her direct 2019 statement that PSDB was her first affiliation explicitly describes preceding non-affiliation, rather than back-projecting later PSDB membership."
V5W1E002,"Official Filia documentation distinguishes internal, official and excluded records and an elector history containing affiliation records; official-list changes depend on processing. Complete histories and public-list outputs are not interchangeable.",https://www.tre-to.jus.br/partidos/filiacao-partidaria/sistema-filiawb/guia-filiaweb-operacoes;https://www.tse.jus.br/partidos/filiacao-partidaria/arquivos/tse-manual-sistema-filiacao-partidaria-externo/%40%40display-file/file/TSE-manual-filia-externo.pdf,TRE Tocantins; Tribunal Superior Eleitoral,,2026-09-10,retrieved_web_source_text,Source-semantics review does not turn the earlier current or July 2016 municipal-list absence into an exhaustive historical exact-person negative. No authoritative person-specific history covering the three 2016-2017 spells was recovered.
C075,"Ana Carla Machado Lopes: historical PSDB entry2013-10-02 observed2016-07-27, with contextual identity linkage and documented forward continuity",https://belem-pa.filiaweb.com/filiados/psdb,Filiaweb historical TSE compilation; Ministerio do Turismo; Diario Oficial do Para,2016-07-27,2026-09-10,scoped_historical_source_row_and_official_contextual_identity_adjudication,"The explicitly dated July27 2016 Filiaweb historical copy of TSE records lists the exact rare full name Ana Carla Machado Lopes in PSDB at Belem/PA, with entry October2 2013. Identity is adjudicated from full name, Para legal/professional history in the official MTur curriculum, and the official2019 ALEPA roster naming the same person as PSDB leadership chief of staff. The employment is an identity corroborator, not the membership evidence: the historical affiliation row supplies that fact. Apply the declared forward-continuity rule from the positive dated membership through her independently documented vacancy services. Targeted searches found no specific subsequent personal resignation, expulsion, new affiliation or general non-affiliation statement. The2025 statement that she was not affiliated to Uniao is consistent with PSDB and does not imply no party. Current TSE municipal-list non-matches do not establish a departure. This is a historical observation plus continuity and contextual identity adjudication, not a current certificate or an exact identifier match; source age and its own update warning remain explicit. Do not invent a non-affiliation alternative merely from absent current data. The five office interruptions do not create five personal affiliation events; one continuous affiliation spell supports the five service spells. Sabino return-date alternatives remain separately set-changing for PSDB representation."
V5W3E001,"Official TSE current public lists for Londrina, Sananduva and Presidente Prudente contain no exact Luiz Pontel de Souza match across 117 successful scoped queries and 54233 inspected records.",https://filia2-consulta.tse.jus.br/filia-consulta/rest/v1/relacao-filiados,Tribunal Superior Eleitoral,2026-09-10,2026-09-10,scoped_public_api_results_and_response_hashes,"The three municipalities follow the prior documented birth/work biography, supplementing already exhausted DF and Sao Paulo queries. All 39 available party identifiers were checked in each municipality; 37726,2034,14473 rows respectively, with no errors. This is not a national historical 2020 registry and does not establish non-affiliation or a bounded set of alternatives. Retain UNKNOWN for 2020-04-24/2020-04-29 and unchanged vacancy service."
BOL-L03,The report lists Amaro in a named group of eight ministers and states only Esther Dweck and Márcia Lopes among them are party affiliated.,https://noticias.uol.com.br/politica/ultimas-noticias/2025/12/23/ministros-lula-quem-sai-quem-fica-eleicoes.htm,UOL,2025-12-23,,search full text retrieved; direct open body not fully exposed,Corroborates late no-party continuity; not used to infer earlier affiliation or service ends from candidacy speculation.
BOL-L02,A contemporary cabinet roster explicitly names GSI minister Marcos Antonio Amaro among ministers without party affiliation.,https://www.cnnbrasil.com.br/politica/com-filiacao-de-anielle-governo-lula-fica-com-9-ministros-sem-partido-veja-lista/,CNN Brasil / Lucas Schroeder,2024-04-04,,search result full article text retrieved,"Corroborates later no-party continuity; does not establish May 2023 entry state. Dataset agent independently found earlier September 6, 2023 CartaCapital observation."
BOL-E02,"Independent contemporary account describes Damares as having recently left Progressistas. Corroborates 2020 departure, contradicting a later 2021 year.",https://www1.folha.uol.com.br/amp/poder/2020/10/bolsonaro-planeja-disputa-de-2022-com-outro-vice-e-eleicao-no-rs-pode-ser-saida-para-mourao.shtml,Folha de S.Paulo,2020-10-18,,search_index_excerpt_reviewed,selected
AFF-014,Eduardo Gonçalves reports she is then unaffiliated and had left PP in 2021.,https://www2.senado.leg.br/bdsf/bitstream/handle/id/685094/noticia.html?isAllowed=y&sequence=1,"O Globo, preserved by Senado BDSF",2022-01-20,,search_index_full_article_text; direct_open_failed_CacheMiss,A later NGO chart says PP ended in 2020; September 2021 Arko and 2022 annual rosters still list PP.
BOL-E01,The column says Damares had recently disaffiliated from PP and was discussing Republicanos. Establishes completed departure earlier than report date; no exact event date.,https://tribunaonline.com.br/coluna/coluna-do-estadao/guedes-vira-antitese-de-moro-e-de-mandetta-79234,"Estadão column, republished Tribuna Online",2020-09-20,,search_index_full_article_text_reviewed;direct_open_internal_error,selected
BOL-E04,Party confirms its Ethics Commission decided expulsion; confidential decision is appealable. It does not announce an appeal or a stay.,https://novo.org.br/noticias/nota-do-novo-sobre-a-decisao-da-cep-de-expulsao-de-ricardo-salles/,Partido Novo,2020-05-07,,search_index_full_note_reviewed;direct_open_internal_error,selected
BOL-E10,"Incoming cabinet roster expressly labels Heleno and Campos Neto without party, Pontes PSL, plus named other incoming ministers.",https://www.diariodepernambuco.com.br/noticia/politica/2018/11/proximos-cinco-dias-sao-decisivos-para-jair-bolsonaro-definir-ministro.html,Diario de Pernambuco,2018-11-26,,search_index_full_roster_reviewed;direct_open_internal_error,selected
BOL-E23,Party-hosted historical statute located; search exposes TSE 26April2018 adjudication. Direct retrieval returns403; substantive sanction reading used BOL-E03 mirror.,https://novo.org.br/wp-content/uploads/2025/02/estatuto-do-NOVO.pdf,Partido Novo historical statute,2018-04-26,,search_index_metadata_reviewed;direct_HTTP403,locator_corroboration_only
BOL-E08,Table labels Sachsida DEM during 2022 ministry. Label is temporally obsolete after merger and is not independent verification of membership succession.,https://www.teoriaepesquisa.ufscar.br/index.php/tp/article/download/1033/653/2612,"Cristiano Parra Duarte, Teoria & Pesquisa",2024,,search_index_table_reviewed,supporting_only_not_independent
AFF-020,Party note identifies him among its affiliates and says the rule for newly appointed officials was not retroactive.,https://novo.org.br/noticias/esclarecimentos-do-partido-novo-em-relacao-ao-ministro-ricardo-salles/,Partido Novo,,,search_index_text; direct_open_HTTP403,
NEW-COELHO-SERVICE,"Chamber biography gives five parliamentary returns and reappointments during ministry; actual interruptions retained, replacements not assumed unaffiliated.",https://www.camara.leg.br/deputados/141431/biografia,Câmara dos Deputados,,2026-09-10,web_direct_text_reviewed,
V5W1E003,A March 2006 UniCEUB monograph under the exact name Ivani dos Santos describes its author as a federal legislative employee for 28 years. Examined autobiographical material and targeted full-document term search yielded no personal affiliation or explicit non-affiliation observation.,https://repositorio.uniceub.br/jspui/handle/235/10435;https://repositorio.uniceub.br/jspui/bitstream/235/10435/1/50505052.pdf,Centro Universitario de Brasilia - UniCEUB institutional repository,2006-03,2026-09-10,web_extracted_pdf_text_direct_download_http_410,"New firsthand biographical channel; exact name and professional history are compatible with the officeholder, but no unique identity match is claimed. It supplies no party-state observation, even conditional on that identity. The direct PDF request returned HTTP 410; retained web extraction is not labelled a successful original download."
V5W6E03,BBC September 3 2020 report expressly states Damares is affiliated to PP since 1995.,"https://www.terra.com.br/noticias/brasil/politica/como-damares-alves-saiu-de-ministra-periferica-a-figura-de-proa-do-bolsonarismo,c43b61593800e064750998fd6ae73306mx8zt50d.html","BBC News Brasil, Andre Shalders; syndicated Terra",2020-09-03,2026-09-10,web_full_article_text_reviewed,Later contemporary positive observation than August26 O Globo/iG; supports PP at government entry and narrows lower departure boundary to September4 under existing next-day convention. No exact withdrawal day established.
V5W6E06,June20 PSDB/RN president and Marinho personal statements confirm consensual completed party departure; neither gives exact exit day.,https://www.poder360.com.br/governo/ministro-de-bolsonaro-rogerio-marinho-deixa-psdb/,Ezequiel Ferreira and Rogerio Marinho statements reproduced by Poder360,2020-06-20,2026-09-10,web_full_article_text_reviewed,Direct first-person and party statements defeat later stale continuous PSDB labels; June19 CNN supplies latest boundary June18.
V5W6E05,Veja May4 2020 explicitly describes Marinho as affiliated to PSDB while reporting Sudene appointment.,https://veja.abril.com.br/coluna/radar/rogerio-marinho-entrega-diretoria-da-sudene-a-ex-deputado-tucano/,"Veja, Marcela Mattos",2020-05-04,2026-09-10,web_full_article_text_reviewed,"Explicit personal membership, not inferred from appointment of a party colleague. Supports rejection of February/March departure retrospectives."
AFF-052,Certificate records approval of PRD registration after merger of PTB and Patriota.,https://www.tse.jus.br/partidos/partidos-registrados-no-tse/arquivos-1/tse-estatuto-do-partido-renovacao-democratica-prd/%40%40download/file/tse-sstatuto_PRD.pdf,Tribunal Superior Eleitoral,2023-11-09,2026-09-10,web_rendered_text_or_extract_reviewed;original_not_archived,
AFF-043,Completed ceremony report identifies Queiroga as now affiliated.,https://www.poder360.com.br/partidos-politicos/bolsonaro-vai-a-filiacao-de-marcelo-queiroga-ao-pl/,Poder360,2023-06-14,2026-09-10,web_rendered_text_or_extract_reviewed;original_not_archived,
AFF-039,Court proceedings on her request to leave União were still pending.,https://www.poder360.com.br/justica/pge-tem-ate-dia-21-para-se-manifestar-sobre-desfiliacao-de-daniela/,Poder360,2023-06-12,2026-09-10,web_rendered_text_or_extract_reviewed;original_not_archived,
AFF-046,Dated decision report says PR rename to PL approved that day.,https://www.tse.jus.br/comunicacao/noticias/2019/Maio/aprovada-alteracao-do-nome-do-partido-da-republica-pr-para-partido-liberal-pl,Tribunal Superior Eleitoral,2019-05-07,2026-09-10,web_rendered_text_or_extract_reviewed;original_not_archived,"Current TSE registry table gives 09/02/2019, inconsistent with contemporaneous May decision report."
AFF-033,Evening report describes completed PT affiliation with Lula present.,https://www.cartacapital.com.br/politica/anielle-se-filia-ao-pt-e-lula-diz-que-a-ministra-nao-tem-pretensao-de-disputar-cargo-em-2024/,CartaCapital,2024-04-02,2026-09-10,web_rendered_text_or_extract_reviewed;original_not_archived,
AFF-015,Evening report says Damares and Tarcísio joined Republicanos at the event.,https://veja.abril.com.br/coluna/radar/damares-se-filia-ao-republicanos-com-apelo-a-conservadores/,Veja,2022-03-28,2026-09-10,web_rendered_text_or_extract_reviewed;original_not_archived,
AFF-006,Her September 21 statement says she will request immediate withdrawal after learning of old membership.,https://istoe.com.br/chefe-da-agu-diz-que-vai-se-desfiliar-do-psdb,IstoÉ / Agência Estado,2016-09-22,2026-09-10,web_rendered_text_or_extract_reviewed;original_not_archived,Appointment audit interpreted a membership certificate but contains no completed withdrawal act.
AFF-008,"Historical functions list PR first vice-leader April 27 to May 18, 2016.",https://www.camara.leg.br/deputados/74050/biografia,Câmara dos Deputados,,2026-09-10,web_rendered_text_or_extract_reviewed;original_not_archived,Current Filiações Partidárias display is incomplete and repeats PL for 2007.
AFF-007,Identifies the former minister and deputy as PR-AL.,https://diariodopoder.com.br/politica/ex-ministro-de-temer-se-afasta-da-camara-para-disputar-senado-na-chapa-de-renan,Diário do Poder,2018-07-05,2026-09-10,web_rendered_text_or_extract_reviewed;original_not_archived,
AFF-017,In interview Torres denies affiliation and refers to electoral-justice proof.,https://www.correiobraziliense.com.br/politica/2021/05/amp/4921557-a-cpi-vai-investigar-o-que-exatamente--questiona-ministro-da-justica.html,Correio Braziliense,2021-05,2026-09-10,web_rendered_text_or_extract_reviewed;original_not_archived,April 2021 PSL reports and imported PSL/União labels conflict.
AFF-019,In testimony he corrects the questioner and says he is not affiliated to União.,https://www25.senado.leg.br/web/atividade/notas-taquigraficas/-/notas/r/11684,Senado Federal,2023-08-08,2026-09-10,web_rendered_text_or_extract_reviewed;original_not_archived,
AFF-011,"Later profile assigns PRP, Patriota and PRD without a dated re-affiliation act.",https://www.opovo.com.br/noticias/politica/2025/08/29/augusto-heleno-saiba-quem-e-general-da-reserva-e-ex-ministro.html,O Povo,2025-08-29,2026-09-10,web_rendered_text_or_extract_reviewed;original_not_archived,Conflicts with incoming 2018 no-party evidence and prior withdrawal lead.
AFF-054,Later profile describes NOVO expulsion in May 2020 and only a PTB invitation after ministry departure.,https://www.bnews.com.br/noticias/eleicoes/317485-ex-ministro-ricardo-salles-recebe-convite-para-se-filiar-ao-ptb-de-roberto-jefferson.html,BNews,2021,2026-09-10,web_rendered_text_or_extract_reviewed;original_not_archived,
AFF-047,Monocratic urgency order authorizes immediate use of Republicanos name.,https://www.tse.jus.br/partidos/partidos-registrados-no-tse/arquivos/decisao-monocratica-tutela-provisoria-de-urgencia-de-15-de-agosto-de-2019-rpp-no-0025929-56-2005-6-00-0000/%40%40download/file/tse-mudanca-%20nome-PRB-Republicanos-decisao-de-15-08-2019.pdf,Tribunal Superior Eleitoral,2019-08-15,2026-09-10,web_rendered_text_or_extract_reviewed;original_not_archived,
AFF-025,Original report says Marinho joined PL that Tuesday; current page also displays a later 2024 update.,https://noticias.r7.com/brasilia/videos/ministro-de-desenvolvimento-regional-rogerio-marinho-se-filia-ao-pl-10012024,R7,2021-11-30,2026-09-10,web_rendered_text_or_extract_reviewed;original_not_archived,
AFF-026,Party announcement states Faria officially joined that Thursday.,https://progressistas.org.br/noticias-progressistas/fabio-faria-e-neucimar-fraga-chegam-para-fortalecer-o-progressistas/,Progressistas,2022-03-24,2026-09-10,web_rendered_text_or_extract_reviewed;original_not_archived,
AFF-034,Party headline and operative discussion describe suspension of activities and ethics proceedings.,https://uniaobrasil.org.br/2025/10/08/sabino-e-suspenso-e-diretorio-do-para-sofrera-intervencao/,União Brasil,2025-10-08,2026-09-10,web_rendered_text_or_extract_reviewed;original_not_archived,One paragraph uses expulsion despite the announced suspension and pending ethics procedure.
AFF-037,Party note removes him from Executive and state leadership/internal decision activity.,https://www.cnnbrasil.com.br/politica/pp-retira-andre-fufuca-da-executiva-e-do-comando-de-diretorio-do-partido/,CNN Brasil,2025-10-08,2026-09-10,web_rendered_text_or_extract_reviewed;original_not_archived,
AFF-023,Party president describes suspension of affiliation with ethics investigation ongoing.,https://ultimosegundo.ig.com.br/politica/2020-01-25/novo-se-distancia-do-governo-bolsonaro-apos-aprovacao-do-fundo-eleitoral.html,iG / interview with João Amoêdo,2020-01-25,2026-09-10,web_rendered_text_or_extract_reviewed;original_not_archived,
AFF-041,Party story reports his new party status less than a week after leaving the ministry.,https://psd.org.br/noticias/alagoas-marx-beltrao-e-pre-candidato-a-senador-pelo-psd/,PSD,2018-04-12,2026-09-10,web_rendered_text_or_extract_reviewed;original_not_archived,
AFF-024,Published statement confirms he had left the party a few days earlier.,https://www.cnnbrasil.com.br/politica/ministro-de-bolsonaro-marinho-deixa-o-psdb/,CNN Brasil,2020-06-19,2026-09-10,web_rendered_text_or_extract_reviewed;original_not_archived,A February 2021 local retrospective says February 2020; contemporaneous June report does not give exact event day.
AFF-049,"Registry lists PRP into Patriota 2019-03-28, PPL into PCdoB 2019-05-28, PROS into Solidariedade 2023-02-14.",https://www.tse.jus.br/partidos/partidos-registrados-no-tse,Tribunal Superior Eleitoral,,2026-09-10,web_rendered_text_or_extract_reviewed;original_not_archived,
AFF-048,"Registry lists PTN→Podemos 2017-05-16, PPS→Cidadania 2019-09-19, and PP name change 2018-09-11.",https://www.tse.jus.br/partidos/partidos-registrados-no-tse,Tribunal Superior Eleitoral,,2026-09-10,web_rendered_text_or_extract_reviewed;original_not_archived,
AFF-028,Report announces she will join PP at a planned March 20 event.,https://www.poder360.com.br/eleicoes/tereza-cristina-disputara-vaga-no-senado-pelo-pp/,Poder360,2022-03-03,2026-09-10,web_rendered_text_or_extract_reviewed;original_not_archived,March 4 local report says already joined; March 31 report says joined during March but formal event still to be scheduled.
AFF-029,Report calls her already affiliated to PP while describing a future reception event.,https://www.douranews.com.br/politica/bolsonaro-vem-receber-tereza/162779/,Douranews,2022-03-04,2026-09-10,web_rendered_text_or_extract_reviewed;original_not_archived,Conflicts in event tense with March 3 future-affiliation report.
AFF-040,Report distinguishes husband’s completed Republicanos switch from her pending TSE request.,https://www.correiobraziliense.com.br/politica/2023/07/5107056-daniela-carneiro-conta-as-horas-para-deixar-o-ministerio-do-turismo.html,Correio Braziliense,2023-07-06,2026-09-10,web_rendered_text_or_extract_reviewed;original_not_archived,
AFF-018,Report of custody statement says he had never been affiliated to a political party.,https://www.cnnbrasil.com.br/politica/em-audiencia-de-custodia-torres-diz-que-jamais-questionou-resultado-de-eleicoes/,CNN Brasil,2023-01-23,2026-09-10,web_rendered_text_or_extract_reviewed;original_not_archived,
AFF-051,Report published June 16 identifies the approving virtual session as ending June 15.,https://www.tse.jus.br/comunicacao/noticias/2023/Junho/tse-aprova-incorporacao-do-partido-social-cristao-pelo-podemos,Tribunal Superior Eleitoral,2023-06-16,2026-09-10,web_rendered_text_or_extract_reviewed;original_not_archived,
AFF-027,Report says Onyx signed PL membership that day.,https://www.correiodopovo.com.br/colunistas/taline-oppitz/onyx-lorenzoni-filia-se-ao-pl-1.786509,Correio do Povo,2022-03-10,2026-09-10,web_rendered_text_or_extract_reviewed;original_not_archived,March 22 celebration reports are not necessarily initial registration.
AFF-031,Report says PL confirmed a private affiliation on March 28.,https://exame.com/brasil/eleicoes-2022-braga-netto-se-filia-ao-pl-em-ato-secreto/,Exame,2022-04-14,2026-09-10,web_rendered_text_or_extract_reviewed;original_not_archived,
AFF-005,Report says he left the PSDB the previous day and was a minister on leave.,https://www.correiobraziliense.com.br/app/noticia/politica/2017/02/08/interna_politica%2C572009/atuacao-politica-nao-e-motivo-para-discriminacao-diz-alexandre-de-mor.shtml,Correio Braziliense / Agência Estado,2017-02-08,2026-09-10,web_rendered_text_or_extract_reviewed;original_not_archived,
AFF-038,Report says he took leave from PDT and did not enroll in União despite nomination attributed to that party.,https://www1.folha.uol.com.br/poder/2023/03/partidos-de-centro-reclamam-de-espaco-em-ministerios-e-ja-indicam-menos-votos-a-lula.shtml,Folha de S.Paulo,2023-03-27,2026-09-10,web_rendered_text_or_extract_reviewed;original_not_archived,Licença may refer to activities rather than cancellation; exact party instrument not inspected.
AFF-036,Reports Executive decision that day explicitly cancelling affiliation; Sabino acknowledges expulsion.,https://agenciabrasil.ebc.com.br/politica/noticia/2025-12/uniao-brasil-decide-expulsar-ministro-celso-sabino-da-legenda,Agência Brasil,2025-12-08,2026-09-10,web_rendered_text_or_extract_reviewed;original_not_archived,
AFF-001,Reports Hilton left PRB and joined PROS on that Friday.,https://exame.com/brasil/hilton-troca-o-prb-pelo-pros-para-nao-perder-ministerio/,Exame,2016-03-18,2026-09-10,web_rendered_text_or_extract_reviewed;original_not_archived,
AFF-003,Reports Meirelles signed MDB affiliation that day after leaving PSD.,https://www.poder360.com.br/partidos-politicos/com-jingle-meirelles-se-filia-ao-mdb-e-deve-compor-chapa-ao-planalto/,Poder360,2018-04-03,2026-09-10,web_rendered_text_or_extract_reviewed;original_not_archived,
AFF-009,Reports PTB affiliation since December 2014 and interim ministry service.,https://www.metro1.com.br/noticias/politica/50155%2Cptb-decide-indicar-helton-yomura-para-ministerio-do-trabalho,Metro1,2018-02-20,2026-09-10,web_rendered_text_or_extract_reviewed;original_not_archived,
AFF-012,Reports both ministers signed PL affiliation that Sunday; Roma left Republicanos.,https://www.poder360.com.br/governo/ministros-joao-roma-e-marcos-pontes-se-filiam-ao-pl/,Poder360,2022-03-27,2026-09-10,web_rendered_text_or_extract_reviewed;original_not_archived,
AFF-002,Reports completed PP affiliation that Wednesday night with party leaders present.,https://www.jornalopcao.com.br/ultimas-noticias/alexandre-baldy-filia-se-ao-pp-ao-lado-de-wilder-e-lideranca-do-partido-119495/,Jornal Opção,2018-03-14,2026-09-10,web_rendered_text_or_extract_reviewed;original_not_archived,
AFF-030,Reports she joined PP during March and party event still had to be scheduled.,https://www.campograndenews.com.br/politica/tereza-cristina-oficializa-saida-de-ministerio-para-concorrer-ao-senado-por-ms,Campo Grande News,2022-03-31,2026-09-10,web_rendered_text_or_extract_reviewed;original_not_archived,
AFF-004,Reproduces his dated letter announcing departure that day after 26 years.,https://www.agazeta.com.br/es/politica/ministro-jungmann-se-desfilia-do-pps-apos-26-anos-0318,A Gazeta,2018-03-21,2026-09-10,web_rendered_text_or_extract_reviewed;original_not_archived,
AFF-021,"Reproduces party note that Ethics Commission suspended affiliation pending final decision, citing statute articles.",https://www.correiobraziliense.com.br/app/noticia/politica/2019/10/31/interna_politica%2C802735/amp.shtml,Correio Braziliense,2019-10-31,2026-09-10,web_rendered_text_or_extract_reviewed;original_not_archived,Suspension of affiliation may differ from suspension of party activities; legal effect not established by shorthand label.
AFF-035,Reproduces party note: Ethics Council recommended expulsion but Executive still must decide.,https://www.cnnbrasil.com.br/politica/conselho-de-etica-aprova-expulsao-de-sabino-executiva-ainda-vai-decidir/,CNN Brasil,2025-11-25,2026-09-10,web_rendered_text_or_extract_reviewed;original_not_archived,
AFF-055,Retrospective chart labels PP affiliation 1995–2020.,https://sxpolitics.org/ptbr/wp-content/uploads/sites/2/2024/09/Slide-Organograma-compactado.pdf,Sexuality Policy Watch,2024-09,2026-09-10,web_rendered_text_or_extract_reviewed;original_not_archived,O Globo January 2022 archived article says she left in 2021.
AFF-056,Roster lists Damares PP and Torres PSL.,https://paraibaja.com.br/wp-content/uploads/2021/09/Corrida-Eleitoral-2022-1.pdf,Arko Advice; hosted by Paraíba Já,2021-09-28,2026-09-10,web_rendered_text_or_extract_reviewed;original_not_archived,Torres directly denied affiliation; Damares later report dates PP departure to 2021.
AFF-022,"Salles says he was notified of expulsion; party confirms an Ethics Commission decision, confidential and appealable.",https://exame.com/brasil/ricardo-salles-diz-que-foi-expulso-do-partido-novo/,Exame,2020-05-07,2026-09-10,web_rendered_text_or_extract_reviewed;original_not_archived,Appealability does not establish suspensive effect or final cancellation date.
AFF-050,TSE approved incorporation of PHS into Podemos.,https://www.tse.jus.br/comunicacao/noticias/2019/Setembro/plenario-aprova-incorporacao-do-phs-ao-podemos,Tribunal Superior Eleitoral,2019-09-19,2026-09-10,web_rendered_text_or_extract_reviewed;original_not_archived,
AFF-044,TSE approved new União from DEM and PSL and ordered immediate effects; earlier October convention is a different event.,https://www.tse.jus.br/comunicacao/noticias/2022/Fevereiro/tse-aprova-registro-do-partido-uniao-brasil,Tribunal Superior Eleitoral,2022-02-08,2026-09-10,web_rendered_text_or_extract_reviewed;original_not_archived,
AFF-045,TSE approved removal of Partido from organization name.,https://www.tse.jus.br/comunicacao/noticias/2018/Maio/aprovada-mudanca-do-nome-do-partido-do-movimento-democratico-brasileiro-pmdb,Tribunal Superior Eleitoral,2018-05-15,2026-09-10,web_rendered_text_or_extract_reviewed;original_not_archived,
AFF-053,TSE explanation distinguishes federations and notes preservation of party identity and autonomy.,https://www.tse.jus.br/comunicacao/noticias/2025/Setembro/lei-dos-partidos-politicos-fortalece-ha-30-anos-a-democracia,Tribunal Superior Eleitoral,2025-09,2026-09-10,web_rendered_text_or_extract_reviewed;original_not_archived,
BOL-E06,"Contemporaneous end-of-tenure report says expulsion occurred in 2020, inconsistent with uninterrupted NOVO membership through departure.",https://www1.folha.uol.com.br/ambiente/2021/06/gestao-salles-teve-desmate-e-queimada-recordes-fim-do-fundo-amazonia-e-ataques-a-ongs.shtml,Folha de S.Paulo,2021-06-23,2026-09-10,web_search_article_text_reviewed,selected
BOL-E13,Column claims exit was not reported until three months later. Contradicts CNN precision but confirms pre-report departure; no exact date.,https://blog.tribunadonorte.com.br/territoriolivre/pequenas-notas-de-domingo-da-roda-viva-2/,Tribuna do Norte/Cassiano Arruda,2020-06-28,2026-09-10,web_search_full_article_text_reviewed,conflict_retained
BOL-E14,"Explicitly states Tereza and Ovando had already joined PP, separating completed membership from a March20 political reception.",https://www.douranews.com.br/politica/bolsonaro-vem-receber-tereza/162779/,Douranews,2022-03-04,2026-09-10,web_search_full_article_text_reviewed,selected
BOL-E09,Heleno personally states he is withdrawing from PRP and returning to nonpartisan status; a prospective statement alone does not establish completion.,https://noticias.uol.com.br/politica/eleicoes/2018/noticias/2018/07/18/general-diz-que-vai-se-desfiliar-de-partido.htm,UOL/Gustavo Maia and Luis Kawaguti,2018-07-18,2026-09-10,web_search_full_article_text_reviewed,selected
BOL-E15,Party president describes planned March20/21 joining ceremony; future event is not proof of a later registration date.,https://www.gp1.com.br/politica/noticia/2022/3/3/ministra-tereza-cristina-troca-uniao-brasil-pelo-progressistas-520864.html,"Estadão Conteúdo, hosted GP1",2022-03-03,2026-09-10,web_search_full_article_text_reviewed,rejected_as_exact_event_date
BOL-E11,Quoted contemporaneous political column explicitly identifies Heleno without party. Secondary quotation corroborates incoming no-party observation.,https://www.diariodocentrodomundo.com.br/essencial/bolsonaro-rifa-weintraub-e-quer-heleno-senador-e-tarcisio-governador-em-2022/,Diário do Centro do Mundo quoting Thaís Oyama/UOL,2021-04-27,2026-09-10,web_search_full_article_text_reviewed,selected
BOL-E05,Reports Salles was notified of expulsion that day and himself accepted description of being expelled. Party confirms appealable expulsion.,https://exame.com/brasil/ricardo-salles-diz-que-foi-expulso-do-partido-novo/,Exame,2020-05-07,2026-09-10,web_search_full_article_text_reviewed,selected
BOL-E16,States Tereza had joined PP during March while the formal party event was still to be scheduled. Confirms separation of joining and ceremony.,https://www.campograndenews.com.br/politica/tereza-cristina-oficializa-saida-de-ministerio-para-concorrer-ao-senado-por-ms,Campo Grande News/Silvia Frias,2022-03-31,2026-09-10,web_search_full_article_text_reviewed,selected
NEW-OCCHI,April14 contemporary gazette report distinguishes prior-day resignation request from publication dismissal.,https://oestadoce.com.br/nacional/ministros-sao-exonerados-para-votarem-contra-impeachment/,O Estado CE,2016-04-14,2026-09-10,web_search_full_text_reviewed,
NEW-AMARO,"Contemporary cabinet roster explicitly lists Amaro under Sem partido; assertion begins at observed roster date and continues forward, not backward to entry.",https://www.cartacapital.com.br/politica/apos-reforma-confira-a-divisao-da-esplanada-dos-ministerios-por-partidos/,CartaCapital,2023-09-06,2026-09-10,web_search_full_text_reviewed,
NEW-SIDONIO,Interviewee directly denies belonging to any party; targeted later search yielded political association but no contrary membership event.,https://www.bahianoticias.com.br/entrevista/380-sidonio-palmeira-comemora-3a-vitoria-consecutiva-na-corrida-estadual-14102014,Bahia Notícias,2014-10-14,2026-09-10,web_search_full_text_reviewed,
NEW-DILMA-EXIT,Kassab dismissal formalized in April 19 gazette; resignation request April 15 is distinct. Hilton official TCU management ends March 30 with successor March 31.,https://noticias.r7.com/brasil/exoneracao-de-kassab-e-publicada-no-diario-oficial-19042016/;https://pesquisa.apps.tcu.gov.br/doc/acordao-completo/494/2017/Plen%C3%A1rio,R7;TCU,2016-04-19,2026-09-10,web_search_full_text_reviewed,
NEW-COELHO,"March 21 2018 contemporaneous report explicitly says minister is unaffiliated and left PSB the previous year; October 24 2017 report says letter not yet delivered. February 22 Chamber record is notice, not event.",https://www.poder360.com.br/congresso/ministro-de-minas-e-energia-diz-que-deve-se-filiar-ao-mdb-nos-proximos-dias/;https://noticias.uol.com.br/politica/ultimas-noticias/2017/10/24/ministro-e-deputada-deixam-psb-as-vesperas-de-votacao-de-denuncia-de-temer.htm;https://imagem.camara.gov.br/Imagem/d/pdf/DCD0020180223000150000.PDF,Poder360;UOL;Câmara,2018-03-21,2026-09-10,web_search_full_text_reviewed,
NEW-FONSECA,Party directly announces consensual removal completed 2018-05-24.,https://www.podemos.org.br/podemos-desfilia-deputado-federal-ronaldo-fonseca-df/,Podemos,2018-05-24,2026-09-10,web_search_full_text_reviewed,
NEW-MACAE,September10 Agência Brasil report identifies Macaé as PT deputy before ministerial entry; September27 PT report separately confirms functions since September11.,https://auniao.pb.gov.br/servicos/copy_of_jornal-a-uniao/2024/setembro/jornal-em-pdf-10-09-24-cdepc.pdf/@@download/file/Jornal%2520em%2520PDF%252010-09-24%2520CDEPC.pdf;https://pt.org.br/lula-empossa-ministra-dos-direitos-humanos-e-da-cidadania-macae-evaristo/,Agência Brasil;PT,2024-09-10,2026-09-10,web_search_full_text_reviewed,
NEW-CASIMIRO,Specific July11 2018 roster expressly classifies Valter Casimiro as sem partido; selected for this dated state and forward continuity over undated Atlas PR label; earlier affiliation remains UNKNOWN.,https://noticias.uol.com.br/politica/ultimas-noticias/2018/07/11/a-menos-de-seis-meses-de-fim-do-governo-temer-tem-58-ministro.amp.htm,UOL,2018-07-11,2026-09-10,web_search_full_text_reviewed,
NEW-COSTA,The Inep appointment profile expressly identifies this education official as PT-affiliated; reviewed continuity to 2015 ministry.,https://educacao.uol.com.br/noticias/2012/02/07/luiz-claudio-costa-e-o-novo-presidente-do-inep.htm,UOL,2012-02-07,2026-09-10,web_search_full_text_reviewed,
BOL-E21,Official agenda gives March31 10:00 ministerial possession and 15:00 transmission. Supports actual entry March31 alongside published decree.,https://www.gov.br/agricultura/pt-br/acesso-a-informacao/agendas/secretaria-executiva/agenda-do-secretario-executivo/2022-03-31,Ministério da Agricultura,2022-03-31,2026-09-10,web_search_official_text_reviewed,selected
