Paper-oriented Processing runner
running_dir: /home/marcelovmaciel/Sync/Projects/electoral_inversions/processing/Processing/running
processing_root: /home/marcelovmaciel/Sync/Projects/electoral_inversions/processing/Processing/
repo_root: /home/marcelovmaciel/Sync/Projects/electoral_inversions/
data_root: /home/marcelovmaciel/Sync/Projects/electoral_inversions/data/raw/electionsBR
coalition_json_path: /home/marcelovmaciel/Sync/Projects/electoral_inversions/scraping/output/partidos_por_periodo.json
classification_root_dir: /home/marcelovmaciel/Sync/Projects/electoral_inversions/scrape_classification/output
paper_output_root: /home/marcelovmaciel/Sync/Projects/electoral_inversions/processing/Processing/output/paper
ALLOW_OVERWRITE: true
SYNC_REVIEW_ASSETS: true

====================================================================================================
BLOCK 3. PREFLIGHT CHECKS
====================================================================================================
16×5 DataFrame
 Row │ item                              path                                                                                                                                         kind    exists  essential
     │ String                            String                                                                                                                                       String  Bool    Bool
─────┼──────────────────────────────────────────────────────────────────────────────────────────────────────────────────────────────────────────────────────────────────────────────────────────────────────────
   1 │ repo root                         /home/marcelovmaciel/Sync/Projects/electoral_inversions/                                                                                     dir       true       true
   2 │ processing root                   /home/marcelovmaciel/Sync/Projects/electoral_inversions/processing/Processing/                                                               dir       true       true
   3 │ data root                         /home/marcelovmaciel/Sync/Projects/electoral_inversions/data/raw/electionsBR                                                                 dir       true       true
   4 │ coalition JSON                    /home/marcelovmaciel/Sync/Projects/electoral_inversions/scraping/output/partidos_por_periodo.json                                            file      true       true
   5 │ classification root               /home/marcelovmaciel/Sync/Projects/electoral_inversions/scrape_classification/output                                                         dir       true       true
   6 │ party aliases                     /home/marcelovmaciel/Sync/Projects/electoral_inversions/processing/Processing/data/party_aliases.csv                                         file      true       true
   7 │ party lineage events              /home/marcelovmaciel/Sync/Projects/electoral_inversions/processing/Processing/data/party_lineage_events.csv                                  file      true       true
   8 │ cabinet crosswalk                 /home/marcelovmaciel/Sync/Projects/electoral_inversions/processing/Processing/data/cabinet_to_election_party_crosswalk.csv                   file      true       true
   9 │ cabinet period source spells      /home/marcelovmaciel/Sync/Projects/electoral_inversions/processing/Processing/output/paper/diagnostics/cabinet_period_source_spells.csv      file     false      false
  10 │ cabinet period party-set changes  /home/marcelovmaciel/Sync/Projects/electoral_inversions/processing/Processing/output/paper/diagnostics/cabinet_period_party_set_changes.csv  file     false      false
  11 │ 2014 party_mun_zone.csv           /home/marcelovmaciel/Sync/Projects/electoral_inversions/data/raw/electionsBR/2014/party_mun_zone.csv                                         file      true       true
  12 │ 2014 candidate.csv                /home/marcelovmaciel/Sync/Projects/electoral_inversions/data/raw/electionsBR/2014/candidate.csv                                              file      true       true
  13 │ 2018 party_mun_zone.csv           /home/marcelovmaciel/Sync/Projects/electoral_inversions/data/raw/electionsBR/2018/party_mun_zone.csv                                         file      true       true
  14 │ 2018 candidate.csv                /home/marcelovmaciel/Sync/Projects/electoral_inversions/data/raw/electionsBR/2018/candidate.csv                                              file      true       true
  15 │ 2022 party_mun_zone.csv           /home/marcelovmaciel/Sync/Projects/electoral_inversions/data/raw/electionsBR/2022/party_mun_zone.csv                                         file      true       true
  16 │ 2022 candidate.csv                /home/marcelovmaciel/Sync/Projects/electoral_inversions/data/raw/electionsBR/2022/candidate.csv                                              file      true       true

====================================================================================================
BLOCK 4. MAPPING AND VOTE-COLUMN DIAGNOSTICS
====================================================================================================
Vote-column consistency:
5×12 DataFrame
 Row │ election_year  selected_nominal_col       selected_legend_col         selected_total_col  selected_scheme                        check_name                                       lhs_column                                              lhs_sum    rhs_columns                                                rhs_sum    difference  selected_component_sum
     │ Int64          String                     String                      String              String                                 String                                           String                                                  Int64?     String                                                     Int64?     Int64?      Int64
─────┼───────────────────────────────────────────────────────────────────────────────────────────────────────────────────────────────────────────────────────────────────────────────────────────────────────────────────────────────────────────────────────────────────────────────────────────────────────────────────────────────────────────────────────────────
   1 │          2014  QT_VOTOS_NOMINAIS          QT_VOTOS_LEGENDA                                nominal_plus_legend_legacy             selected_components_available                                                                              missing                                                               missing     missing                97355354
   2 │          2018  QT_VOTOS_NOMINAIS_VALIDOS  QT_TOTAL_VOTOS_LEG_VALIDOS                      nominal_valid_plus_total_valid_legend  total_legend_equals_direct_plus_converted        QT_TOTAL_VOTOS_LEG_VALIDOS                                6857812  QT_VOTOS_LEGENDA_VALIDOS + QT_VOTOS_NOMINAIS_CONVR_LEG       6857812           0                98264190
   3 │          2018  QT_VOTOS_NOMINAIS_VALIDOS  QT_TOTAL_VOTOS_LEG_VALIDOS                      nominal_valid_plus_total_valid_legend  selected_components_vs_direct_legend_components  QT_VOTOS_NOMINAIS_VALIDOS + QT_TOTAL_VOTOS_LEG_VALIDOS   98264190  QT_VOTOS_NOMINAIS_VALIDOS + QT_VOTOS_LEGENDA_VALIDOS        98057503      206687                98264190
   4 │          2022  QT_VOTOS_NOMINAIS_VALIDOS  QT_TOTAL_VOTOS_LEG_VALIDOS                      nominal_valid_plus_total_valid_legend  total_legend_equals_direct_plus_converted        QT_TOTAL_VOTOS_LEG_VALIDOS                                4293362  QT_VOTOS_LEGENDA_VALIDOS + QT_VOTOS_NOM_CONVR_LEG_VALIDOS    4293362           0               109413508
   5 │          2022  QT_VOTOS_NOMINAIS_VALIDOS  QT_TOTAL_VOTOS_LEG_VALIDOS                      nominal_valid_plus_total_valid_legend  selected_components_vs_direct_legend_components  QT_VOTOS_NOMINAIS_VALIDOS + QT_TOTAL_VOTOS_LEG_VALIDOS  109413508  QT_VOTOS_NOMINAIS_VALIDOS + QT_VOTOS_LEGENDA_VALIDOS       109290050      123458               109413508

====================================================================================================
BLOCK 5. LOAD IDEOLOGY CLASSIFICATIONS
====================================================================================================
Classification rule: 2014 -> 2023; 2018 -> 2023; 2022 -> 2025.
classification_2023 parties: PSTU, PCO, PCB, PSOL, PCdoB, PT, PDT, PSB, Rede, PPS, PV, PTB, Avante, SDD, PMN, PMB, PHS, MDB, PSD, PSDB, Podemos, PPL, PRTB, Pros, PRP, PR, PRB, PTC, DC, PSL, Novo, Progressistas, PSC, Patriota, DEM
classification_2025 parties: PSTU, PCO, PCB, PSOL, UP, PCdoB, PT, PSB, REDE, PDT, PV, SDD, CDD, AVANTE, MDB, PMN, PSDB, PSD, PMB, PODE, PROS, PRTB, AGIR, PTB, PROGRE, DC, REP, PSC, UNIAO, PATRI, NOVO, PL

====================================================================================================
BLOCK 6. LOAD ELECTION DATA EXPLICITLY BY YEAR
====================================================================================================

Election 2014
number of vote parties: 32
number of seat parties: 28
total valid votes: 97355354
total seats: 513
party list: DEM, PCB, PCO, PCdoB, PDT, PEN, PHS, PMDB, PMN, PP, PPL, PPS, PR, PRB, PROS, PRP, PRTB, PSB, PSC, PSD, PSDB, PSDC, PSL, PSOL, PSTU, PT, PT DO B, PTB, PTC, PTN, PV, SOLIDARIEDADE

Election 2018
number of vote parties: 35
number of seat parties: 30
total valid votes: 98264190
total seats: 513
party list: AVANTE, DC, DEM, MDB, NOVO, PATRIOTA, PCB, PCO, PCdoB, PDT, PHS, PMB, PMN, PODE, PP, PPL, PPS, PR, PRB, PROS, PRP, PRTB, PSB, PSC, PSD, PSDB, PSL, PSOL, PSTU, PT, PTB, PTC, PV, REDE, SOLIDARIEDADE

Election 2022
number of vote parties: 32
number of seat parties: 23
total valid votes: 109413508
total seats: 513
party list: AGIR, AVANTE, CIDADANIA, DC, MDB, NOVO, PATRIOTA, PCB, PCO, PCdoB, PDT, PL, PMB, PMN, PODE, PP, PROS, PRTB, PSB, PSC, PSD, PSDB, PSOL, PSTU, PT, PTB, PV, REDE, REPUBLICANOS, SOLIDARIEDADE, UNIÃO, UP

====================================================================================================
BLOCK 7. COALITION PERIOD LINKAGE
====================================================================================================
24×8 DataFrame
 Row │ election_year  mandate_start  mandate_end  period_label  period_start  period_end  selected_by_overlap  raw_parties
     │ Int64          Date           Date         String        Date          Date        Bool                 String
─────┼────────────────────────────────────────────────────────────────────────────────────────────────────────────────────────────────────────────────────────────────────────────
   1 │          2014  2015-01-01     2018-12-31   2015.1        2015-01-01    2016-03-23                 true  MDB, PCdoB, PDT, PL, PP, PSD, PT, PTB, REPUBLICANOS
   2 │          2014  2015-01-01     2018-12-31   2016.1        2016-03-24    2016-04-13                 true  MDB, PCdoB, PDT, PL, PP, PSD, PT, PTB
   3 │          2014  2015-01-01     2018-12-31   2016.2        2016-04-14    2016-04-15                 true  MDB, PCdoB, PDT, PL, PSD, PT, PTB
   4 │          2014  2015-01-01     2018-12-31   2016.3        2016-04-16    2016-05-11                 true  MDB, PCdoB, PDT, PL, PT, PTB
   5 │          2014  2015-01-01     2018-12-31   2016.4        2016-05-12    2017-12-27                 true  DEM, MDB, PP, PPS, PSB, PSD, PSDB, PTB, PV
   6 │          2014  2015-01-01     2018-12-31   2017.1        2017-12-28    2018-04-06                 true  DEM, MDB, PP, PPS, PSB, PSD, PSDB, PV
   7 │          2014  2015-01-01     2018-12-31   2018.1        2018-04-07    2018-05-27                 true  MDB, PP, PPS, PSD, PSDB
   8 │          2014  2015-01-01     2018-12-31   2018.2        2018-05-28    2018-12-31                 true  MDB, PODE, PP, PPS, PSD, PSDB
   9 │          2018  2019-01-01     2022-12-31   2019.1        2019-01-01    2020-02-10                 true  DEM, MDB, NOVO, PATRIOTA, PL, PSL, REPUBLICANOS
  10 │          2018  2019-01-01     2022-12-31   2020.1        2020-02-11    2020-02-14                 true  DEM, MDB, NOVO, PATRIOTA, PL, PSDB, PSL, REPUBLICANOS
  11 │          2018  2019-01-01     2022-12-31   2020.2        2020-02-15    2020-06-16                 true  DEM, NOVO, PATRIOTA, PL, PSDB, PSL, REPUBLICANOS
  12 │          2018  2019-01-01     2022-12-31   2020.3        2020-06-17    2020-12-08                 true  DEM, NOVO, PATRIOTA, PL, PSD, PSDB, PSL, REPUBLICANOS
  13 │          2018  2019-01-01     2022-12-31   2020.4        2020-12-09    2020-12-09                 true  DEM, NOVO, PATRIOTA, PL, PSC, PSD, PSDB, PSL, REPUBLICANOS
  14 │          2018  2019-01-01     2022-12-31   2020.5        2020-12-10    2021-03-28                 true  DEM, NOVO, PATRIOTA, PL, PSC, PSD, PSDB, REPUBLICANOS
  15 │          2018  2019-01-01     2022-12-31   2021.1        2021-03-29    2021-06-23                 true  DEM, NOVO, PATRIOTA, PL, PSC, PSD, PSDB, PSL, REPUBLICANOS
  16 │          2018  2019-01-01     2022-12-31   2021.2        2021-06-24    2021-08-03                 true  DEM, PATRIOTA, PL, PSC, PSD, PSDB, PSL, REPUBLICANOS
  17 │          2018  2019-01-01     2022-12-31   2021.3        2021-08-04    2022-02-07                 true  DEM, PATRIOTA, PL, PP, PSC, PSD, PSDB, PSL, REPUBLICANOS
  18 │          2018  2019-01-01     2022-12-31   2022.1        2022-02-08    2022-03-29                 true  PATRIOTA, PL, PP, PSC, PSD, PSDB, REPUBLICANOS, UNIÃO
  19 │          2018  2019-01-01     2022-12-31   2022.2        2022-03-30    2022-03-31                 true  PATRIOTA, PL, PP, PSD, PSDB, REPUBLICANOS, UNIÃO
  20 │          2018  2019-01-01     2022-12-31   2022.3        2022-04-01    2022-04-01                 true  PATRIOTA, PL, PP, PSD, REPUBLICANOS, UNIÃO
  21 │          2018  2019-01-01     2022-12-31   2022.4        2022-04-02    2022-12-31                 true  PATRIOTA, PP, PSD, REPUBLICANOS, UNIÃO
  22 │          2022  2023-01-01     2026-03-19   2023.1        2023-01-01    2023-09-12                 true  MDB, PCdoB, PDT, PSB, PSD, PSOL, PT, REDE, UNIÃO
  23 │          2022  2023-01-01     2026-03-19   2023.2        2023-09-13    2025-12-23                 true  MDB, PCdoB, PDT, PP, PSB, PSD, PSOL, PT, REDE, REPUBLICANOS, UNIÃO
  24 │          2022  2023-01-01     2026-03-19   2025.1        2025-12-24    2026-03-19                 true  MDB, PCdoB, PDT, PP, PSB, PSD, PSOL, PT, REDE, REPUBLICANOS
2014 election periods: 2015.1, 2016.1, 2016.2, 2016.3, 2016.4, 2017.1, 2018.1, 2018.2
2018 election periods: 2019.1, 2020.1, 2020.2, 2020.3, 2020.4, 2020.5, 2021.1, 2021.2, 2021.3, 2022.1, 2022.2, 2022.3, 2022.4
2022 election periods: 2023.1, 2023.2, 2025.1

====================================================================================================
BLOCK 8. PARTY-LEVEL SEAT DIFFERENTIALS
====================================================================================================
2014: seats=513, sum(seat_diff)=0.0
2018: seats=513, sum(seat_diff)=7.105427357601002e-15
2022: seats=513, sum(seat_diff)=-5.329070518200751e-15
Party appendix 2014: parties=32, zero-seat parties=4, seats=513, quotas=513.0, differentials=0.0
Party appendix 2018: parties=35, zero-seat parties=5, seats=513, quotas=513.0, differentials=7.105427357601002e-15
Party appendix 2022: parties=32, zero-seat parties=9, seats=513, quotas=512.9999999999999, differentials=-5.329070518200751e-15
Quoted differential 2014/PMDB: 8.13 passed
Quoted differential 2014/PSDB: -4.43 passed
Quoted differential 2018/PP: 8.76 passed
Quoted differential 2018/PSL: -7.70 passed
Quoted differential 2022/PL: 13.78 passed
Quoted differential 2022/PSOL: -6.06 passed
Review manuscript table asset synchronized: /home/marcelovmaciel/Sync/Projects/electoral_inversions/writing/submission_inversions_review/manuscript/table_appendix_party_representation.tex
Review manuscript table asset synchronized: /home/marcelovmaciel/Sync/Projects/electoral_inversions/writing/submission_inversions_review/manuscript/table_01_party_differential_tabular.tex

====================================================================================================
BLOCK 9. OBSERVED CABINET-PERIOD COALITIONS
====================================================================================================
23×12 DataFrame
 Row │ election_year  period         period_start  period_end  period_days  days_overlapping_mandate  parties                                                             vote_share  seats  seat_diff  majority_status  coalition_inversion
     │ Int64          String         Date          Date        Int64        Int64                     String                                                              Float64     Int64  Float64    String           Bool
─────┼───────────────────────────────────────────────────────────────────────────────────────────────────────────────────────────────────────────────────────────────────────────────────────────────────────────────────────────────────────
   1 │          2014  2015.1         2015-01-01    2016-03-23          448                       448  PCdoB, PDT, PMDB, PP, PR, PRB, PSD, PT, PTB                           0.576853    318  22.0743    votes+seats                    false
   2 │          2014  2016.1         2016-03-24    2016-04-13           21                        21  PCdoB, PDT, PMDB, PP, PR, PSD, PT, PTB                                0.531403    297  24.3902    votes+seats                    false
   3 │          2014  2016.2         2016-04-14    2016-04-15            2                         2  PCdoB, PDT, PMDB, PR, PSD, PT, PTB                                    0.465358    259  20.2711    seats_only                      true
   4 │          2014  2016.3         2016-04-16    2016-05-11           26                        26  PCdoB, PDT, PMDB, PR, PT, PTB                                         0.404058    223  15.7184    neither                        false
   5 │          2014  2016.4         2016-05-12    2017-12-27          595                       595  DEM, PMDB, PP, PPS, PSB, PSD, PSDB, PTB, PV                           0.539324    291  14.3266    votes+seats                    false
   6 │          2014  2017.1         2017-12-28    2018-04-06          100                       100  DEM, PMDB, PP, PPS, PSB, PSD, PSDB, PV                                0.499119    266   9.95185   seats_only                      true
   7 │          2014  2018.1         2018-04-07    2018-05-27           51                        51  PMDB, PP, PPS, PSD, PSDB                                              0.372184    203  12.0697    neither                        false
   8 │          2014  2018.2         2018-05-28    2018-12-31          218                       218  PMDB, PP, PPS, PSD, PSDB, PTN                                         0.379612    207  12.2589    neither                        false
   9 │          2018  2019.1         2019-01-01    2020-02-10          406                       406  DEM, MDB, NOVO, PATRIOTA, PR, PRB, PSL                                0.364788    190   2.86389   neither                        false
  10 │          2018  2020.1         2020-02-11    2020-02-14            4                         4  DEM, MDB, NOVO, PATRIOTA, PR, PRB, PSDB, PSL                          0.424747    220   2.10501   neither                        false
  11 │          2018  2020.2         2020-02-15    2020-06-16          123                       123  DEM, NOVO, PATRIOTA, PR, PRB, PSDB, PSL                               0.369387    186  -3.49532   neither                        false
  12 │          2018  2020.3         2020-06-17    2020-12-08          175                       175  DEM, NOVO, PATRIOTA, PR, PRB, PSD, PSDB, PSL                          0.427892    221   1.49129   neither                        false
  13 │          2018  2020.4         2020-12-09    2020-12-09            1                         1  DEM, NOVO, PATRIOTA, PR, PRB, PSC, PSD, PSDB, PSL                     0.445394    228  -0.486894  neither                        false
  14 │          2018  2020.5         2020-12-10    2021-03-28          109                       109  DEM, NOVO, PATRIOTA, PR, PRB, PSC, PSD, PSDB                          0.329024    176   7.2109    neither                        false
  15 │          2018  2021.1         2021-03-29    2021-06-23           87                        87  DEM, NOVO, PATRIOTA, PR, PRB, PSC, PSD, PSDB, PSL                     0.445394    228  -0.486894  neither                        false
  16 │          2018  2021.2         2021-06-24    2021-08-03           41                        41  DEM, PATRIOTA, PR, PRB, PSC, PSD, PSDB, PSL                           0.417427    220   5.85978   neither                        false
  17 │          2018  2021.3/2022.1  2021-08-04    2022-03-29          238                       238  DEM, PATRIOTA, PP, PR, PRB, PSC, PSD, PSDB, PSL                       0.472469    257  14.6237    seats_only                      true
  18 │          2018  2022.2         2022-03-30    2022-03-31            2                         2  DEM, PATRIOTA, PP, PR, PRB, PSD, PSDB, PSL                            0.454967    250  16.6018    neither                        false
  19 │          2018  2022.3         2022-04-01    2022-04-01            1                         1  DEM, PATRIOTA, PP, PR, PRB, PSD, PSL                                  0.395008    220  17.3607    neither                        false
  20 │          2018  2022.4         2022-04-02    2022-12-31          274                       274  DEM, PATRIOTA, PP, PRB, PSD, PSL                                      0.34184     187  11.6363    neither                        false
  21 │          2022  2023.1         2023-01-01    2023-09-12          255                       255  MDB, PCdoB, PDT, PSB, PSD, PSOL, PT, REDE, UNIÃO                      0.48888     263  12.2043    seats_only                      true
  22 │          2022  2023.2         2023-09-13    2025-12-23          833                       833  MDB, PCdoB, PDT, PP, PSB, PSD, PSOL, PT, REDE, REPUBLICANOS, UNIÃO    0.637891    350  22.7617    votes+seats                    false
  23 │          2022  2025.1         2025-12-24    2026-03-19           86                        86  MDB, PCdoB, PDT, PP, PSB, PSD, PSOL, PT, REDE, REPUBLICANOS           0.544526    291  11.6582    votes+seats                    false
Review manuscript table asset synchronized: /home/marcelovmaciel/Sync/Projects/electoral_inversions/writing/submission_inversions_review/manuscript/table_appendix_cabinet_composition.tex
Review manuscript table asset synchronized: /home/marcelovmaciel/Sync/Projects/electoral_inversions/writing/submission_inversions_review/manuscript/table_02_cabinet_inversion_tabular.tex
Observed cabinet pattern validated: 2014/2016.2, 2014/2017.1, 2018/2021.3/2022.1, and 2022/2023.1 inversions.

====================================================================================================
BLOCK 10. IDEOLOGY ORDERING
====================================================================================================
2014 ideology order: PSOL, PCdoB, PT, PDT, PSB, PPS, PV, PTB, PT DO B, SOLIDARIEDADE, PMN, PHS, PMDB, PSD, PSDB, PTN, PRTB, PROS, PRP, PR, PRB, PTC, PSDC, PSL, PP, PSC, PEN, DEM
2018 ideology order: PSOL, PCdoB, PT, PDT, PSB, REDE, PPS, PV, PTB, AVANTE, SOLIDARIEDADE, PMN, PHS, MDB, PSD, PSDB, PODE, PPL, PROS, PRP, PR, PRB, PTC, DC, PSL, NOVO, PP, PSC, PATRIOTA, DEM
2022 ideology order: PSOL, PCdoB, PT, PSB, REDE, PDT, PV, SOLIDARIEDADE, CIDADANIA, AVANTE, MDB, PSDB, PSD, PODE, PROS, PTB, PP, REPUBLICANOS, PSC, UNIÃO, PATRIOTA, NOVO, PL
Review manuscript table asset synchronized: /home/marcelovmaciel/Sync/Projects/electoral_inversions/writing/submission_inversions_review/manuscript/table_appendix_ideology_order.tex

====================================================================================================
BLOCK 11. IDEOLOGICALLY CONTIGUOUS NO-GAP COALITIONS
====================================================================================================

====================================================================================================
BLOCK 11A. NESTED K-GAP IDEOLOGICAL-COALITION ROBUSTNESS
====================================================================================================
Review manuscript table asset synchronized: /home/marcelovmaciel/Sync/Projects/electoral_inversions/writing/submission_inversions_review/manuscript/table_03_ideology_k_gap_summary.tex
Review manuscript table asset synchronized: /home/marcelovmaciel/Sync/Projects/electoral_inversions/writing/submission_inversions_review/manuscript/table_appendix_ideological_universe_comparison.tex
12×23 DataFrame
 Row │ election  ideological_universe  k      minimal_seat_majority_coalitions  minimal_inversions  strongest_inversion_coalition  strongest_inversion_vote_share  strongest_inversion_vote_share_pct  strongest_inversion_seats  strongest_inversion_r_C  strongest_inversion_vote_deficit_pp  diagnostic_admissible_coalitions  diagnostic_exact_strength_tie_count  diagnostic_exact_strength_tied_coalitions  non_inverted_minimal_majorities  inverted_members_median  inverted_members_min   inverted_members_max   non_inverted_members_median  non_inverted_members_min  non_inverted_members_max  ideological_party_count  strongest_region_changed
     │ Int64     String                Int64  Int64                             Int64               String                         Union{Missing, Float64}         Union{Missing, Float64}             Union{Missing, Int64}      Union{Missing, Float64}  Union{Missing, Float64}              Int64                             Int64                                String                                     Union{Missing, Int64}            Union{Missing, Float64}  Union{Missing, Int64}  Union{Missing, Int64}  Union{Missing, Float64}      Union{Missing, Int64}     Union{Missing, Int64}     Int64                    Bool
─────┼───────────────────────────────────────────────────────────────────────────────────────────────────────────────────────────────────────────────────────────────────────────────────────────────────────────────────────────────────────────────────────────────────────────────────────────────────────────────────────────────────────────────────────────────────────────────────────────────────────────────────────────────────────────────────────────────────────────────────────────────────────────────────────────────────────────────────────────────────────────────────────────────────────────────────────────────────────────────────────
   1 │     2014  seat_winning              0                                 8                   4  PTB--PR                                              0.474462                             47.4462                        257                13.6012                              2.55383                                 406                                    0                                                                           4                     14.0                     12                     15                         12.0                        12                        13                       28                     false
   2 │     2014  all_parties               0                                 8                   4  PTB--PR                                              0.475913                             47.5913                        257                12.8569                              2.40874                                 528                                    0                                                                           4                     15.0                     12                     16                         12.0                        12                        14                       32                     false
   3 │     2014  seat_winning              1                                87                  46  PTB--PR                                              0.474462                             47.4462                        257                13.6012                              2.55383                                3682                                    0                                                                          41                     13.0                     11                     18                         13.0                        11                        18                       28                     false
   4 │     2014  all_parties               1                                88                  43  PTB--PR, omitting PPL                                0.474462                             47.4462                        257                13.6012                              2.55383                                5488                                    0                                                                          45                     14.0                     11                     19                         14.0                        11                        19                       32                     false
   5 │     2018  seat_winning              0                                 8                   1  PT--PSDB                                             0.49951                              49.951                         267                 0.751148                            0.0489568                               465                                    0                                                                           7                     14.0                     14                     14                         15.0                        14                        18                       30                      true
   6 │     2018  all_parties               0                                 8                   0  None                                           missing                               missing                         missing           missing                             missing                                       630                                    0                                                                           8                missing                  missing                missing                         16.5                        15                        20                       35                      true
   7 │     2018  seat_winning              1                               108                  42  PCdoB--PODE, omitting PSDB                           0.475912                             47.5912                        257                12.8573                              2.40883                                4525                                    0                                                                          66                     17.0                     13                     18                         15.0                        13                        19                       30                     false
   8 │     2018  all_parties               1                               118                  24  PCdoB--PODE, omitting PSDB                           0.478235                             47.8235                        257                11.6654                              2.1765                                 7175                                    0                                                                          94                     17.0                     14                     19                         17.0                        14                        21                       35                     false
   9 │     2022  seat_winning              0                                 4                   2  PP--PL                                               0.452606                             45.2606                        258                24.8133                              4.73944                                 276                                    0                                                                           2                      8.5                      7                     10                         15.5                        15                        16                       23                     false
  10 │     2022  all_parties               0                                 4                   2  PP--PL                                               0.453499                             45.3499                        258                24.355                               4.65011                                 528                                    0                                                                           2                     11.5                      8                     15                         20.0                        19                        21                       32                     false
  11 │     2022  seat_winning              1                                39                  12  PP--PL                                               0.452606                             45.2606                        258                24.8133                              4.73944                                2047                                    0                                                                          27                      9.0                      7                     11                         14.0                        10                        16                       23                     false
  12 │     2022  all_parties               1                                53                  17  PP--PL, omitting DC                                  0.452606                             45.2606                        258                24.8133                              4.73944                                5488                                    0                                                                          36                     14.0                      7                     16                         19.0                        14                        21                       32                     false
Review manuscript table asset synchronized: /home/marcelovmaciel/Sync/Projects/electoral_inversions/writing/submission_inversions_review/manuscript/table_04_minimal_connected_inversion_tabular.tex
Review manuscript table asset synchronized: /home/marcelovmaciel/Sync/Projects/electoral_inversions/writing/submission_inversions_review/manuscript/table_appendix_minimal_connected_winning_intervals.tex
Endpoint-minimal connected winning interval diagnostic:
3×4 DataFrame
 Row │ election_year  endpoint_minimal_connected_winning_intervals  containing_PT  also_inversions
     │ Int64          Int64                                         Int64          Int64
─────┼─────────────────────────────────────────────────────────────────────────────────────────────
   1 │          2014                                             8              2                4
   2 │          2018                                             8              1                1
   3 │          2022                                             4              1                2
Endpoint-minimal connected winning CSV written: /home/marcelovmaciel/Sync/Projects/electoral_inversions/processing/Processing/output/paper/tables/table_appendix_minimal_connected_winning_intervals.csv
Endpoint-minimal connected winning LaTeX written: /home/marcelovmaciel/Sync/Projects/electoral_inversions/processing/Processing/output/paper/latex/table_appendix_minimal_connected_winning_intervals.tex
PT is part of endpoint-minimal connected winning intervals: YES
PT is part of endpoint-minimal connected winning inversion intervals: YES
Endpoint-minimal connected winning intervals containing PT:
4×10 DataFrame
 Row │ election_year  start_party  end_party  n_parties  vote_share_pct  seats  seat_diff  status       coalition_inversion  parties
     │ Int64          String       String     Int64      Float64         Int64  Float64    String       Bool                 String
─────┼─────────────────────────────────────────────────────────────────────────────────────────────────────────────────────────────────────────────────────────────────────────────────────────────────────────────────────
   1 │          2014  PCdoB        PMDB              12           50.17    265    7.62654  votes+seats                false  PCdoB, PT, PDT, PSB, PPS, PV, PTB, PT DO B, SOLIDARIEDADE, PMN, PHS, PMDB
   2 │          2014  PT           PSD               12           54.34    291   12.2596   votes+seats                false  PT, PDT, PSB, PPS, PV, PTB, PT DO B, SOLIDARIEDADE, PMN, PHS, PMDB, PSD
   3 │          2018  PT           PSDB              14           49.95    267   10.7511   seats only                  true  PT, PDT, PSB, REDE, PPS, PV, PTB, AVANTE, SOLIDARIEDADE, PMN, PHS, MDB, PSD, PSDB
   4 │          2022  PT           PP                15           57.18    284   -9.35763  votes+seats                false  PT, PSB, REDE, PDT, PV, SOLIDARIEDADE, CIDADANIA, AVANTE, MDB, PSDB, PSD, PODE, PROS, PTB, PP
2022 PP-PL minimal ideological inversion present: true
3×5 DataFrame
 Row │ election_year  all_intervals  seat_majority_intervals  coalition_inversions  minimal_inversions
     │ Int64          Int64          Int64                    Int64                 Int64
─────┼─────────────────────────────────────────────────────────────────────────────────────────────────
   1 │          2014            406                      124                     7                   4
   2 │          2018            465                      117                     1                   1
   3 │          2022            276                       60                     4                   2

====================================================================================================
BLOCK 11B. CABINET-TO-IDEOLOGICAL-INTERVAL BRIDGE
====================================================================================================
Review manuscript table asset synchronized: /home/marcelovmaciel/Sync/Projects/electoral_inversions/writing/submission_inversions_review/manuscript/table_appendix_cabinet_interval_bridge.tex
Cabinet-interval bridge CSV written: /home/marcelovmaciel/Sync/Projects/electoral_inversions/processing/Processing/output/paper/tables/table_appendix_cabinet_interval_bridge.csv
Cabinet-interval bridge LaTeX written: /home/marcelovmaciel/Sync/Projects/electoral_inversions/processing/Processing/output/paper/latex/table_appendix_cabinet_interval_bridge.tex
Cabinet periods processed: 23
Cabinet periods with unmapped ideology parties: 0
Cabinet periods whose connected closure is itself an inversion: 0
Observed cabinet inversion bridge diagnostics:
- 2014 2016.2: cabinet=PCdoB, PDT, PMDB, PR, PSD, PT, PTB; closure=PCdoB--PR (19 parties, gaps=12); closest MCW=PCdoB--PMDB; closest MCI=PTB--PR
- 2014 2017.1: cabinet=DEM, PMDB, PP, PPS, PSB, PSD, PSDB, PV; closure=PSB--DEM (24 parties, gaps=16); closest MCW=PSB--PTN; closest MCI=PSB--PTN
- 2018 2021.3/2022.1: cabinet=DEM, PATRIOTA, PP, PR, PRB, PSC, PSD, PSDB, PSL; closure=PSD--DEM (16 parties, gaps=7); closest MCW=PSDB--DEM; closest MCI=PT--PSDB
- 2022 2023.1: cabinet=MDB, PCdoB, PDT, PSB, PSD, PSOL, PT, REDE, UNIÃO; closure=PSOL--UNIÃO (20 parties, gaps=11); closest MCW=PT--PP; closest MCI=MDB--UNIÃO
Impeachment transition 2016.3 -> 2016.4:
- parties entering: DEM, PP, PPS, PSB, PSD, PSDB, PV
- parties leaving: PCdoB, PDT, PR, PT
- entering ideology labels: center-left: 1; center: 2; right: 3; far right: 1
- leaving ideology labels: left: 2; center-left: 1; right: 1
- change in unweighted ideology mean: 1.53
- change in seat-weighted ideology mean: 1.49
- change in span width: 5
Ideological-location checks:
- pre-Temer cabinets have lower unweighted ideology means than post-impeachment Temer cabinets: YES (5.42 vs 6.70)
- pre-Temer cabinets have lower seat-weighted ideology means than post-impeachment Temer cabinets: YES (5.66 vs 6.98)
- 2016.3 to 2016.4 shifts rightward by unweighted mean: YES
- 2016.3 to 2016.4 shifts rightward by seat-weighted mean: YES

====================================================================================================
BLOCK 12. PAPER TABLES
====================================================================================================

====================================================================================================
BLOCK 13. FIGURE-INPUT DATA
====================================================================================================

====================================================================================================
BLOCK 14. DIAGNOSTICS
====================================================================================================
Diagnostics written. Preflight and coalition-period linkage were written in their own blocks.

====================================================================================================
BLOCK 15. ARTIFACT MANIFEST
====================================================================================================
Artifact manifest:
81×5 DataFrame
 Row │ path                                                                       artifact_type  description                                                                                                                              rows   columns
     │ String                                                                     String         String                                                                                                                                   Int64  Int64
─────┼───────────────────────────────────────────────────────────────────────────────────────────────────────────────────────────────────────────────────────────────────────────────────────────────────────────────────────────────────────────────────
   1 │ diagnostics/preflight_checks.csv                                           diagnostic     Required input files and directories for the paper runner.                                                                                  16        5
   2 │ diagnostics/coalition_period_linkage.csv                                   diagnostic     Coalition periods linked to elections by inclusive mandate-window overlap.                                                                  72        8
   3 │ raw/party_seat_differentials_2014.csv                                      raw            Party-level vote shares, seat shares, quotas, and seat differentials for 2014.                                                              32       10
   4 │ raw/party_seat_differentials_2018.csv                                      raw            Party-level vote shares, seat shares, quotas, and seat differentials for 2018.                                                              35       10
   5 │ raw/party_seat_differentials_2022.csv                                      raw            Party-level vote shares, seat shares, quotas, and seat differentials for 2022.                                                              32       10
   6 │ raw/party_seat_differentials_all_years.csv                                 raw            Party-level vote shares, seat shares, quotas, and seat differentials for all elections.                                                     99       10
   7 │ latex/table_appendix_party_representation.tex                              latex          Complete party-level representation diagnostics for all elections.                                                                          99        8
   8 │ tables/table_02_party_over_underrepresentation.csv                         table          Top overrepresented and underrepresented parties by election.                                                                               30        9
   9 │ tables/table_01_selected_party_differentials.csv                           table          Selected large positive and negative party-level seat differentials shown in manuscript Table 1.                                            15        6
  10 │ latex/table_01_party_differential_tabular.tex                              latex          CSV-driven tabular for manuscript Table 1.                                                                                                  15        6
  11 │ diagnostics/cabinet_coalitions_before_coalescing.csv                       diagnostic     Translated historical cabinet rows before adjacent equal-party-set coalescing.                                                              24       22
  12 │ diagnostics/cabinet_period_coalescing.csv                                  diagnostic     Cabinet observation counts and unchanged inversion days after adjacent equal-party-set coalescing; source IDs remain in source_periods.      3        7
  13 │ raw/observed_cabinet_coalitions_2014.csv                                   raw            Observed cabinet-period coalition metrics for the 2014 election.                                                                             8       23
  14 │ raw/observed_cabinet_coalitions_2018.csv                                   raw            Observed cabinet-period coalition metrics for the 2018 election.                                                                            12       23
  15 │ raw/observed_cabinet_coalitions_2022.csv                                   raw            Observed cabinet-period coalition metrics for the 2022 election.                                                                             3       23
  16 │ raw/cabinet_coalition_metrics.csv                                          raw            Full-precision observed cabinet-period coalition accounting metrics for all elections.                                                      23       23
  17 │ raw/cabinet_coalition_focal_cases.csv                                      raw            All four observed cabinet inversions, with Julia-generated display values.                                                                   4       29
  18 │ raw/observed_cabinet_inversions_only.csv                                   raw            Observed cabinet-period coalition inversions only.                                                                                           4       23
  19 │ raw/observed_cabinet_duration_summary.csv                                  raw            Observed cabinet coverage and inversion duration summary.                                                                                    3        6
  20 │ tables/table_03_observed_cabinet_coalitions.csv                            table          Observed cabinet-period coalitions with rounded display columns.                                                                            23       18
  21 │ tables/table_appendix_cabinet_composition.csv                              table          Full cabinet-period composition and party transitions shown in the manuscript appendix.                                                     23       13
  22 │ latex/table_appendix_cabinet_composition.tex                               latex          CSV-driven landscape longtable for the full cabinet-composition appendix.                                                                   23       11
  23 │ tables/table_04_observed_cabinet_inversions_only.csv                       table          Observed cabinet-period coalition inversions with rounded q_C, d_C, and r_C display columns.                                                 4       18
  24 │ latex/table_02_cabinet_inversion_tabular.tex                               latex          CSV-driven tabularx for manuscript Table 2.                                                                                                  4        9
  25 │ raw/ideology_order_2014_all_parties.csv                                    raw            All-party robustness ideological order; original estimates and rank preserved.                                                              32        9
  26 │ raw/ideology_order_2018_all_parties.csv                                    raw            All-party robustness ideological order; original estimates and rank preserved.                                                              35        9
  27 │ raw/ideology_order_2022_all_parties.csv                                    raw            All-party robustness ideological order; original estimates and rank preserved.                                                              32        9
  28 │ raw/ideology_order_all_years_all_parties.csv                               raw            Full all-party robustness order.                                                                                                            99        9
  29 │ raw/ideology_order_2014.csv                                                raw            Ideology order used for 2014 election analysis.                                                                                             28        9
  30 │ raw/ideology_order_2018.csv                                                raw            Ideology order used for 2018 election analysis.                                                                                             30        9
  31 │ raw/ideology_order_2022.csv                                                raw            Ideology order used for 2022 election analysis.                                                                                             23        9
  32 │ raw/ideology_order_all_years.csv                                           raw            Ideology order used for all election analyses.                                                                                              81        9
  33 │ tables/table_appendix_ideology_order.csv                                   table          Full party ideology order, classification, score, and source labels shown in the manuscript appendix.                                       81        7
  34 │ latex/table_appendix_ideology_order.tex                                    latex          CSV-driven longtable for the full ideology-order appendix.                                                                                  81        7
  35 │ raw/ideology_k_gap_coalitions.csv                                          raw            seat_winning k=0/1 ideological domain; all valid votes in V; freshly recomputed minimality.                                              11401       34
  36 │ raw/ideology_k_gap_minimal_majorities.csv                                  raw            seat_winning k=0/1 ideological domain; all valid votes in V; freshly recomputed minimality.                                                254       34
  37 │ raw/ideology_k_gap_inversions.csv                                          raw            seat_winning k=0/1 ideological domain; all valid votes in V; freshly recomputed minimality.                                                167       34
  38 │ tables/ideology_k_gap_summary.csv                                          table          seat_winning domain-minimal counts and strongest inversion.                                                                                  6       22
  39 │ diagnostics/ideology_k_gap_strongest_inversion_ties.csv                    diagnostic     Strongest minimal inversion exact ties in seat_winning.                                                                                      0       10
  40 │ latex/table_03_ideology_k_gap_summary.tex                                  latex          Primary parliamentary ideological summary.                                                                                                   6        5
  41 │ raw/ideology_k_gap_coalitions_all_parties.csv                              raw            all_parties k=0/1 ideological domain; all valid votes in V; freshly recomputed minimality.                                               19837       34
  42 │ raw/ideology_k_gap_minimal_majorities_all_parties.csv                      raw            all_parties k=0/1 ideological domain; all valid votes in V; freshly recomputed minimality.                                                 279       34
  43 │ raw/ideology_k_gap_inversions_all_parties.csv                              raw            all_parties k=0/1 ideological domain; all valid votes in V; freshly recomputed minimality.                                                 165       34
  44 │ tables/ideology_k_gap_summary_all_parties.csv                              table          all_parties domain-minimal counts and strongest inversion.                                                                                   6       22
  45 │ diagnostics/ideology_k_gap_strongest_inversion_ties_all_parties.csv        diagnostic     Strongest minimal inversion exact ties in all_parties.                                                                                       0       10
  46 │ tables/ideological_universe_comparison.csv                                 table          Primary and robustness counts, strongest cases, and endpoint-region sensitivity.                                                            12       23
  47 │ raw/ideology_k_gap_coalitions_both_universes.csv                           raw            Complete k=0/1 enumeration in both explicitly labeled ideological universes.                                                             31238       34
  48 │ diagnostics/ideology_k_gap_checks.csv                                      diagnostic     Both universes: order, domain membership, denominator, minimality, inversion, accounting and nesting checks.                               150        6
  49 │ latex/table_appendix_ideological_universe_comparison.tex                   latex          Compact primary/all-party sensitivity table.                                                                                                12        8
  50 │ raw/ideological_intervals_2014.csv                                         raw            All contiguous ideological intervals for 2014.                                                                                             406       39
  51 │ raw/ideological_intervals_2018.csv                                         raw            All contiguous ideological intervals for 2018.                                                                                             465       39
  52 │ raw/ideological_intervals_2022.csv                                         raw            All contiguous ideological intervals for 2022.                                                                                             276       39
  53 │ raw/ideological_interval_metrics.csv                                       raw            Full-precision metrics and classifications for all contiguous ideological intervals.                                                      1147       39
  54 │ raw/ideological_interval_inversions_only.csv                               raw            Contiguous ideological interval coalition inversions only.                                                                                  12       39
  55 │ raw/minimal_connected_inversion_metrics.csv                                raw            Julia-filtered minimal connected ideological inversions with full-precision and Julia-generated display metrics.                             7       44
  56 │ raw/legacy_first_majority_sweeps.csv                                       raw            Legacy first-seat-majority sweep diagnostic, not the main ideological result.                                                               81       18
  57 │ raw/ideological_interval_metrics_all_parties.csv                           raw            All-party robustness exact-connected results.                                                                                             1686       39
  58 │ raw/ideological_interval_inversions_only_all_parties.csv                   raw            All-party robustness exact-connected results.                                                                                               14       39
  59 │ raw/minimal_connected_inversion_metrics_all_parties.csv                    raw            All-party robustness exact-connected results.                                                                                                6       44
  60 │ tables/table_appendix_minimal_connected_winning_intervals_all_parties.csv  table          Complete all-party robustness minimal winning compositions.                                                                                 20       14
  61 │ tables/table_05_ideological_interval_summary_by_election.csv               table          Legacy exact-connected interval diagnostic retained for baseline auditing; the manuscript summary uses ideology_k_gap_summary.csv.           3        5
  62 │ tables/table_06_minimal_ideological_interval_inversions.csv                table          Endpoint-minimal ideological interval inversions with rounded q_C, d_C, and r_C display columns.                                             7       13
  63 │ latex/table_04_minimal_connected_inversion_tabular.tex                     latex          CSV-driven tabularx for manuscript Table 4.                                                                                                  7       10
  64 │ tables/table_appendix_minimal_connected_winning_intervals.csv              table          Endpoint-minimal connected winning ideological intervals.                                                                                   20       14
  65 │ latex/table_appendix_minimal_connected_winning_intervals.tex               latex          Landscape longtable for endpoint-minimal connected winning ideological intervals.                                                           20       10
  66 │ tables/table_appendix_cabinet_interval_bridge.csv                          table          Observed cabinet coalitions compared with connected ideological closures and nearest minimal connected intervals.                           23       84
  67 │ latex/table_appendix_cabinet_interval_bridge.tex                           latex          Landscape longtable comparing observed cabinet coalitions with connected ideological intervals.                                             23       11
  68 │ tables/table_appendix_cabinet_interval_bridge_all_parties.csv              table          All-party robustness cabinet closures, gaps, and nearest intervals.                                                                         23       84
  69 │ tables/table_01_definitions_classification_rules.csv                       table          Definitions, thresholds, ideology classification rules, and vote-column rules.                                                              10        3
  70 │ tables/table_07_audit_vote_columns_crosswalk.csv                           table          Audit table for selected vote columns and converted legend-vote checks.                                                                      5        7
  71 │ figure_data/party_vote_share_vs_seat_share.csv                             figure_data    Party vote share versus seat share figure input.                                                                                            99       10
  72 │ figure_data/ideological_interval_heatmap.csv                               figure_data    Ideological interval heatmap figure input.                                                                                                1147       15
  73 │ figure_data/observed_coalition_timeline.csv                                figure_data    Observed cabinet coalition timeline used by Figure 2.                                                                                       23       22
  74 │ diagnostics/party_mapping_votes.csv                                        diagnostic     Raw-to-canonical party mapping for vote inputs.                                                                                             99        7
  75 │ diagnostics/party_mapping_seats.csv                                        diagnostic     Raw-to-canonical party mapping for seat inputs.                                                                                             99        7
  76 │ diagnostics/party_mapping_coalitions.csv                                   diagnostic     Raw-to-canonical party mapping for coalition inputs.                                                                                       187        7
  77 │ diagnostics/party_mapping_ideology.csv                                     diagnostic     Raw-to-canonical party mapping for ideology inputs.                                                                                        102       10
  78 │ diagnostics/vote_column_consistency.csv                                    diagnostic     Vote-column selection and consistency checks.                                                                                                5       12
  79 │ diagnostics/cabinet_translation_report.csv                                 diagnostic     Cabinet-party to election-party translation report.                                                                                        191       10
  80 │ diagnostics/audit_appendix_vote_columns_and_crosswalk.csv                  diagnostic     Appendix-ready vote-column and crosswalk audit extract.                                                                                      5        7
  81 │ artifact_manifest.csv                                                      manifest       Manifest of every generated paper-runner artifact.                                                                                          81        5

Validated empirical pattern:
- Total seats are 513 in 2014, 2018, and 2022.
- Party-level sum(seat_diff) is approximately zero by year.
- Observed cabinet inversions include 2014/2016.2, 2014/2017.1, 2018/2021.3/2022.1, and 2022/2023.1.
- Both ideological universes passed independent enumeration and accounting audits.
  Activating project at `~/Sync/Projects/electoral_inversions/processing/Processing`
12×23 DataFrame
 Row │ election  ideological_universe  k      minimal_seat_majority_coalitions  minimal_inversions  strongest_inversion_coalition  strongest_inversion_vote_share  strongest_inversion_vote_share_pct  strongest_inversion_seats  strongest_inversion_r_C  strongest_inversion_vote_deficit_pp  diagnostic_admissible_coalitions  diagnostic_exact_strength_tie_count  diagnostic_exact_strength_tied_coalitions  non_inverted_minimal_majorities  inverted_members_median  inverted_members_min   inverted_members_max   non_inverted_members_median  non_inverted_members_min  non_inverted_members_max  ideological_party_count  strongest_region_changed
     │ Int64     String                Int64  Int64                             Int64               String                         Union{Missing, Float64}         Union{Missing, Float64}             Union{Missing, Int64}      Union{Missing, Float64}  Union{Missing, Float64}              Int64                             Int64                                String                                     Union{Missing, Int64}            Union{Missing, Float64}  Union{Missing, Int64}  Union{Missing, Int64}  Union{Missing, Float64}      Union{Missing, Int64}     Union{Missing, Int64}     Int64                    Bool
─────┼───────────────────────────────────────────────────────────────────────────────────────────────────────────────────────────────────────────────────────────────────────────────────────────────────────────────────────────────────────────────────────────────────────────────────────────────────────────────────────────────────────────────────────────────────────────────────────────────────────────────────────────────────────────────────────────────────────────────────────────────────────────────────────────────────────────────────────────────────────────────────────────────────────────────────────────────────────────────────────
   1 │     2014  seat_winning              0                                 8                   4  PTB--PR                                              0.474462                             47.4462                        257                13.6012                              2.55383                                 406                                    0                                                                           4                     14.0                     12                     15                         12.0                        12                        13                       28                     false
   2 │     2014  all_parties               0                                 8                   4  PTB--PR                                              0.475913                             47.5913                        257                12.8569                              2.40874                                 528                                    0                                                                           4                     15.0                     12                     16                         12.0                        12                        14                       32                     false
   3 │     2014  seat_winning              1                                87                  46  PTB--PR                                              0.474462                             47.4462                        257                13.6012                              2.55383                                3682                                    0                                                                          41                     13.0                     11                     18                         13.0                        11                        18                       28                     false
   4 │     2014  all_parties               1                                88                  43  PTB--PR, omitting PPL                                0.474462                             47.4462                        257                13.6012                              2.55383                                5488                                    0                                                                          45                     14.0                     11                     19                         14.0                        11                        19                       32                     false
   5 │     2018  seat_winning              0                                 8                   1  PT--PSDB                                             0.49951                              49.951                         267                 0.751148                            0.0489568                               465                                    0                                                                           7                     14.0                     14                     14                         15.0                        14                        18                       30                      true
   6 │     2018  all_parties               0                                 8                   0  None                                           missing                               missing                         missing           missing                             missing                                       630                                    0                                                                           8                missing                  missing                missing                         16.5                        15                        20                       35                      true
   7 │     2018  seat_winning              1                               108                  42  PCdoB--PODE, omitting PSDB                           0.475912                             47.5912                        257                12.8573                              2.40883                                4525                                    0                                                                          66                     17.0                     13                     18                         15.0                        13                        19                       30                     false
   8 │     2018  all_parties               1                               118                  24  PCdoB--PODE, omitting PSDB                           0.478235                             47.8235                        257                11.6654                              2.1765                                 7175                                    0                                                                          94                     17.0                     14                     19                         17.0                        14                        21                       35                     false
   9 │     2022  seat_winning              0                                 4                   2  PP--PL                                               0.452606                             45.2606                        258                24.8133                              4.73944                                 276                                    0                                                                           2                      8.5                      7                     10                         15.5                        15                        16                       23                     false
  10 │     2022  all_parties               0                                 4                   2  PP--PL                                               0.453499                             45.3499                        258                24.355                               4.65011                                 528                                    0                                                                           2                     11.5                      8                     15                         20.0                        19                        21                       32                     false
  11 │     2022  seat_winning              1                                39                  12  PP--PL                                               0.452606                             45.2606                        258                24.8133                              4.73944                                2047                                    0                                                                          27                      9.0                      7                     11                         14.0                        10                        16                       23                     false
  12 │     2022  all_parties               1                                53                  17  PP--PL, omitting DC                                  0.452606                             45.2606                        258                24.8133                              4.73944                                5488                                    0                                                                          36                     14.0                      7                     16                         19.0                        14                        21                       32                     false
{
  "checks": {
    "structural": 354409,
    "exact": 604489,
    "party_decimal": 594,
    "district_decimal": 16038,
    "registry_arithmetic": 156190
  },
  "residuals": {
    "party_decimal": 0.0,
    "district_decimal": 0.0,
    "registry_arithmetic": 1.1368683772161603e-13
  },
  "coalition_rows": 31238,
  "member_rows": 475290,
  "member_columns": 25,
  "universes": [
    "seat_winning",
    "all_parties"
  ],
  "national_votes": {
    "2014": 97355354,
    "2018": 98264190,
    "2022": 109413508
  }
}
  Activating project at `~/Sync/Projects/electoral_inversions/processing/Processing`
Coalition decomposition rebuild
Julia version: 1.12.2
Processing root: /home/marcelovmaciel/Sync/Projects/electoral_inversions/processing/Processing/
Output root: /home/marcelovmaciel/Sync/Projects/electoral_inversions/processing/Processing/output/decomposition
ACCOUNTING_ATOL: 1.0e-9
ACCOUNTING_RTOL: 1.0e-12
Recovered inversion cases:
- 2014/2016.2: q_C=238.7289078420895, d_C=20.271092157910495, r_C=18.271092157910495, A_C=15.742022264747815, B_C=4.529069893162678
- 2014/2017.1: q_C=256.04814747014325, d_C=9.951852529856755, r_C=0.9518525298567555, A_C=11.268113712983139, B_C=-1.3162611831263826
- 2018/2021.3/2022.1: q_C=242.3763485762209, d_C=14.6236514237791, r_C=14.6236514237791, A_C=19.06897840875699, B_C=-4.44532698497789
- 2022/2023.1: q_C=250.79566134558084, d_C=12.20433865441916, r_C=6.20433865441916, A_C=13.196247377886202, B_C=-0.9919087234670415
Ideological regression:
3×5 DataFrame
 Row │ election_year  ideological_universe  coalition_inversions  minimal_inversions  status
     │ Int64          String                Int64                 Int64               String
─────┼───────────────────────────────────────────────────────────────────────────────────────
   1 │          2014  seat_winning                             7                   4  PASS
   2 │          2018  seat_winning                             1                   1  PASS
   3 │          2022  seat_winning                             4                   2  PASS
Generated accounting-integration artifacts: 26
Party-size diagnostics: 99 party-elections; 23 unchanged cabinet observations; 22 distinct translated sets.
Focal accounting vectors: 8
Generated decomposition artifacts: 76
Synchronized paper artifacts: 70
Wrote /home/marcelovmaciel/Sync/Projects/electoral_inversions/processing/Processing/output/paper/figure_data/party_representation_profile.csv
Wrote /home/marcelovmaciel/Sync/Projects/electoral_inversions/writing/submission_inversions_review/manuscript/party_representation_profile.pdf
Updated /home/marcelovmaciel/Sync/Projects/electoral_inversions/processing/Processing/output/paper/artifact_manifest.csv
2014: parties=32, representation_ratio_min=0.0, representation_ratio_max=1.215288, zero_seat_parties=4
2018: parties=35, representation_ratio_min=0.0, representation_ratio_max=1.310378, zero_seat_parties=5
2022: parties=32, representation_ratio_min=0.0, representation_ratio_max=1.340582, zero_seat_parties=9
Generated figures:
- writing/submission_inversions_review/manuscript/party_vote_share_vs_seat_share.pdf
- writing/submission_inversions_review/manuscript/observed_coalition_timeline.pdf
- writing/submission_inversions_review/manuscript/inversion_decomposition_components.pdf
- writing/submission_inversions_review/manuscript/accounting_state_weighting_anatomy.pdf
- writing/submission_inversions_review/manuscript/ideological_interval_heatmap_2014.pdf
- writing/submission_inversions_review/manuscript/ideological_interval_heatmap_2018.pdf
- writing/submission_inversions_review/manuscript/ideological_interval_heatmap_2022.pdf
- writing/submission_inversions_review/manuscript/district_electoral_weight_by_magnitude.pdf
- writing/submission_inversions_review/manuscript/cross_domain_components.pdf
{"domains": 12, "coalitions": 31238, "member_rows": 475290, "bridge_rows": 23, "assertions": "passed"}
Rc files read:
  /etc/LatexMk
Latexmk: This is Latexmk, John Collins, 31 Jan. 2024. Version 4.83.
Latexmk: Changing directory to 'processing/Processing/decomposition/report/'
Latexmk: making output directory '../../output/decomposition/report'
No existing .aux file, so I'll make a simple one, and require run of *latex.
Force everything to be remade.
Latexmk: applying rule 'pdflatex'...
Rule 'pdflatex':  Reasons for rerun
Category 'other':
  Rerun of 'pdflatex' forced or previously required:
    Reason or flag: 'go_mode'

------------
Run number 1 of rule 'pdflatex'
------------
------------
Running 'pdflatex  -interaction=nonstopmode -halt-on-error -recorder -output-directory="/home/marcelovmaciel/Sync/Projects/electoral_inversions/processing/Processing/output/decomposition/report"  "intermediate_accounting_report.tex"'
------------
This is pdfTeX, Version 3.141592653-2.6-1.40.25 (TeX Live 2023/Debian) (preloaded format=pdflatex)
 restricted \write18 enabled.
entering extended mode
(./intermediate_accounting_report.tex
LaTeX2e <2023-11-01> patch level 1
L3 programming layer <2024-01-22>
(/usr/share/texlive/texmf-dist/tex/latex/base/article.cls
Document Class: article 2023/05/17 v1.4n Standard LaTeX document class
(/usr/share/texlive/texmf-dist/tex/latex/base/size11.clo))
(/usr/share/texlive/texmf-dist/tex/latex/geometry/geometry.sty
(/usr/share/texlive/texmf-dist/tex/latex/graphics/keyval.sty)
(/usr/share/texlive/texmf-dist/tex/generic/iftex/ifvtex.sty
(/usr/share/texlive/texmf-dist/tex/generic/iftex/iftex.sty)))
(/usr/share/texlive/texmf-dist/tex/latex/base/inputenc.sty)
(/usr/share/texlive/texmf-dist/tex/latex/base/fontenc.sty)
(/usr/share/texlive/texmf-dist/tex/latex/amsmath/amsmath.sty
For additional information on amsmath, use the `?' option.
(/usr/share/texlive/texmf-dist/tex/latex/amsmath/amstext.sty
(/usr/share/texlive/texmf-dist/tex/latex/amsmath/amsgen.sty))
(/usr/share/texlive/texmf-dist/tex/latex/amsmath/amsbsy.sty)
(/usr/share/texlive/texmf-dist/tex/latex/amsmath/amsopn.sty))
(/usr/share/texlive/texmf-dist/tex/latex/amsfonts/amssymb.sty
(/usr/share/texlive/texmf-dist/tex/latex/amsfonts/amsfonts.sty))
(/usr/share/texlive/texmf-dist/tex/latex/mathtools/mathtools.sty
(/usr/share/texlive/texmf-dist/tex/latex/tools/calc.sty)
(/usr/share/texlive/texmf-dist/tex/latex/mathtools/mhsetup.sty))
(/usr/share/texlive/texmf-dist/tex/latex/booktabs/booktabs.sty)
(/usr/share/texlive/texmf-dist/tex/latex/tools/array.sty)
(/usr/share/texlive/texmf-dist/tex/latex/tools/longtable.sty)
(/usr/share/texlive/texmf-dist/tex/latex/tools/tabularx.sty)
(/usr/share/texlive/texmf-dist/tex/latex/graphics/graphicx.sty
(/usr/share/texlive/texmf-dist/tex/latex/graphics/graphics.sty
(/usr/share/texlive/texmf-dist/tex/latex/graphics/trig.sty)
(/usr/share/texlive/texmf-dist/tex/latex/graphics-cfg/graphics.cfg)
(/usr/share/texlive/texmf-dist/tex/latex/graphics-def/pdftex.def)))
(/usr/share/texlive/texmf-dist/tex/latex/enumitem/enumitem.sty)
(/usr/share/texlive/texmf-dist/tex/latex/xcolor/xcolor.sty
(/usr/share/texlive/texmf-dist/tex/latex/graphics-cfg/color.cfg)
(/usr/share/texlive/texmf-dist/tex/latex/graphics/mathcolor.ltx))
(/usr/share/texlive/texmf-dist/tex/latex/microtype/microtype.sty
(/usr/share/texlive/texmf-dist/tex/latex/etoolbox/etoolbox.sty)
(/usr/share/texlive/texmf-dist/tex/latex/microtype/microtype-pdftex.def)
(/usr/share/texlive/texmf-dist/tex/latex/microtype/microtype.cfg))
(/usr/share/texlive/texmf-dist/tex/latex/pdflscape/pdflscape.sty
(/usr/share/texlive/texmf-dist/tex/latex/pdflscape/pdflscape-nometadata.sty
(/usr/share/texlive/texmf-dist/tex/latex/graphics/lscape.sty)))
(/usr/share/texlive/texmf-dist/tex/latex/placeins/placeins.sty)
(/usr/share/texlive/texmf-dist/tex/latex/hyperref/hyperref.sty
(/usr/share/texlive/texmf-dist/tex/latex/kvsetkeys/kvsetkeys.sty)
(/usr/share/texlive/texmf-dist/tex/generic/kvdefinekeys/kvdefinekeys.sty)
(/usr/share/texlive/texmf-dist/tex/generic/pdfescape/pdfescape.sty
(/usr/share/texlive/texmf-dist/tex/generic/ltxcmds/ltxcmds.sty)
(/usr/share/texlive/texmf-dist/tex/generic/pdftexcmds/pdftexcmds.sty
(/usr/share/texlive/texmf-dist/tex/generic/infwarerr/infwarerr.sty)))
(/usr/share/texlive/texmf-dist/tex/latex/hycolor/hycolor.sty)
(/usr/share/texlive/texmf-dist/tex/latex/auxhook/auxhook.sty)
(/usr/share/texlive/texmf-dist/tex/latex/hyperref/nameref.sty
(/usr/share/texlive/texmf-dist/tex/latex/refcount/refcount.sty)
(/usr/share/texlive/texmf-dist/tex/generic/gettitlestring/gettitlestring.sty
(/usr/share/texlive/texmf-dist/tex/latex/kvoptions/kvoptions.sty)))
(/usr/share/texlive/texmf-dist/tex/latex/hyperref/pd1enc.def)
(/usr/share/texlive/texmf-dist/tex/generic/intcalc/intcalc.sty)
(/usr/share/texlive/texmf-dist/tex/latex/hyperref/puenc.def)
(/usr/share/texlive/texmf-dist/tex/latex/url/url.sty)
(/usr/share/texlive/texmf-dist/tex/generic/bitset/bitset.sty
(/usr/share/texlive/texmf-dist/tex/generic/bigintcalc/bigintcalc.sty))
(/usr/share/texlive/texmf-dist/tex/latex/base/atbegshi-ltx.sty))
(/usr/share/texlive/texmf-dist/tex/latex/hyperref/hpdftex.def
(/usr/share/texlive/texmf-dist/tex/latex/base/atveryend-ltx.sty)
(/usr/share/texlive/texmf-dist/tex/latex/rerunfilecheck/rerunfilecheck.sty
(/usr/share/texlive/texmf-dist/tex/generic/uniquecounter/uniquecounter.sty)))
(/usr/share/texlive/texmf-dist/tex/latex/l3backend/l3backend-pdftex.def)
(/home/marcelovmaciel/Sync/Projects/electoral_inversions/processing/Processing/
output/decomposition/report/intermediate_accounting_report.aux)
*geometry* driver: auto-detecting
*geometry* detected driver: pdftex
(/usr/share/texlive/texmf-dist/tex/context/base/mkii/supp-pdf.mkii
[Loading MPS to PDF converter (version 2006.09.02).]
) (/usr/share/texlive/texmf-dist/tex/latex/epstopdf-pkg/epstopdf-base.sty
(/usr/share/texlive/texmf-dist/tex/latex/latexconfig/epstopdf-sys.cfg))
(/usr/share/texlive/texmf-dist/tex/latex/microtype/mt-cmr.cfg)
(/usr/share/texlive/texmf-dist/tex/latex/amsfonts/umsa.fd)
(/usr/share/texlive/texmf-dist/tex/latex/microtype/mt-msa.cfg)
(/usr/share/texlive/texmf-dist/tex/latex/amsfonts/umsb.fd)
(/usr/share/texlive/texmf-dist/tex/latex/microtype/mt-msb.cfg)
No file intermediate_accounting_report.toc.
[1{/var/lib/texmf/fonts/map/pdftex/updmap/pdftex.map}{/usr/share/texmf/fonts/en
c/dvips/cm-super/cm-super-t1.enc}]
(../../output/decomposition/latex/report/generated_interpretation.tex [2]
[3] [4]) (../../output/decomposition/latex/report/party_size_diagnostics.tex

Package longtable Warning: Column widths have changed
(longtable)                in table 1 on input line 29.

[5]

Package longtable Warning: Column widths have changed
(longtable)                in table 2 on input line 55.


Package longtable Warning: Column widths have changed
(longtable)                in table 3 on input line 93.

) [6{/usr/share/texmf/fonts/enc/dvips/cm-super/cm-super-ts1.enc}]
(../../output/decomposition/latex/report/table_year_accounting_closure.tex

Package longtable Warning: Column widths have changed
(longtable)                in table 4 on input line 23.

) (../../output/decomposition/latex/report/table_district_weight_extremes.tex

Package longtable Warning: Column widths have changed
(longtable)                in table 5 on input line 38.

) (../../output/decomposition/latex/report/table_inversion_case_registry.tex
[7]

Package longtable Warning: Column widths have changed
(longtable)                in table 6 on input line 37.

[8])
(../../output/decomposition/latex/report/table_all_inversion_decomposition.tex
[9]

Package longtable Warning: Column widths have changed
(longtable)                in table 7 on input line 37.

[10])
(../../output/decomposition/latex/report/table_case_component_extremes.tex
[11]

Package longtable Warning: Column widths have changed
(longtable)                in table 8 on input line 117.

[12] [13] [14])
(../../output/decomposition/latex/report/table_case_party_vectors.tex [15]

Package longtable Warning: Column widths have changed
(longtable)                in table 9 on input line 200.

[16] [17] [18] [19] [20])
(../../output/decomposition/latex/report/table_case_district_vectors.tex
[21] [22] [23] [24] [25] [26] [27] [28] [29] [30]

Package longtable Warning: Column widths have changed
(longtable)                in table 10 on input line 453.

[31])
(../../output/decomposition/latex/report/table_case_party_district_extremes.tex
[32]

Package longtable Warning: Column widths have changed
(longtable)                in table 11 on input line 69.

[33] [34])
(../../output/decomposition/latex/report/table_party_district_accounting_2014.t
ex [35] [36] [37] [38] [39] [40] [41] [42] [43] [44] [45] [46] [47] [48]

Package longtable Warning: Column widths have changed
(longtable)                in table 12 on input line 885.

[49] [50])
(../../output/decomposition/latex/report/table_party_district_accounting_2018.t
ex [51] [52] [53] [54] [55] [56] [57] [58] [59] [60] [61] [62] [63] [64]

Package longtable Warning: Column widths have changed
(longtable)                in table 13 on input line 966.

[65] [66] [67])
(../../output/decomposition/latex/report/table_party_district_accounting_2022.t
ex [68] [69] [70] [71] [72] [73] [74] [75] [76] [77] [78] [79] [80] [81]

Package longtable Warning: Column widths have changed
(longtable)                in table 14 on input line 885.

[82] [83])

Package longtable Warning: Table widths have changed. Rerun LaTeX.


(/home/marcelovmaciel/Sync/Projects/electoral_inversions/processing/Processing/
output/decomposition/report/intermediate_accounting_report.aux)

LaTeX Warning: Label(s) may have changed. Rerun to get cross-references right.


Package rerunfilecheck Warning: File `intermediate_accounting_report.out' has c
hanged.
(rerunfilecheck)                Rerun to get outlines right
(rerunfilecheck)                or use package `bookmark'.

 )</usr/share/texlive/texmf-dist/fonts/type1/public/amsfonts/cm/cmex10.pfb></us
r/share/texlive/texmf-dist/fonts/type1/public/amsfonts/cmextra/cmex8.pfb></usr/
share/texlive/texmf-dist/fonts/type1/public/amsfonts/cm/cmmi10.pfb></usr/share/
texlive/texmf-dist/fonts/type1/public/amsfonts/cm/cmmi5.pfb></usr/share/texlive
/texmf-dist/fonts/type1/public/amsfonts/cm/cmmi6.pfb></usr/share/texlive/texmf-
dist/fonts/type1/public/amsfonts/cm/cmmi8.pfb></usr/share/texlive/texmf-dist/fo
nts/type1/public/amsfonts/cm/cmmi9.pfb></usr/share/texlive/texmf-dist/fonts/typ
e1/public/amsfonts/cm/cmr10.pfb></usr/share/texlive/texmf-dist/fonts/type1/publ
ic/amsfonts/cm/cmr9.pfb></usr/share/texlive/texmf-dist/fonts/type1/public/amsfo
nts/cm/cmsy10.pfb></usr/share/texlive/texmf-dist/fonts/type1/public/amsfonts/cm
/cmsy8.pfb></usr/share/texlive/texmf-dist/fonts/type1/public/amsfonts/cm/cmsy9.
pfb></usr/share/texmf/fonts/type1/public/cm-super/sfbx1000.pfb></usr/share/texm
f/fonts/type1/public/cm-super/sfbx1095.pfb></usr/share/texmf/fonts/type1/public
/cm-super/sfbx1200.pfb></usr/share/texmf/fonts/type1/public/cm-super/sfbx1440.p
fb></usr/share/texmf/fonts/type1/public/cm-super/sfrm0600.pfb></usr/share/texmf
/fonts/type1/public/cm-super/sfrm0800.pfb></usr/share/texmf/fonts/type1/public/
cm-super/sfrm0900.pfb></usr/share/texmf/fonts/type1/public/cm-super/sfrm1000.pf
b></usr/share/texmf/fonts/type1/public/cm-super/sfrm1095.pfb></usr/share/texmf/
fonts/type1/public/cm-super/sfrm1728.pfb></usr/share/texmf/fonts/type1/public/c
m-super/sfti0900.pfb></usr/share/texmf/fonts/type1/public/cm-super/sfti1095.pfb
>
Output written on /home/marcelovmaciel/Sync/Projects/electoral_inversions/proce
ssing/Processing/output/decomposition/report/intermediate_accounting_report.pdf
 (83 pages, 550971 bytes).
Transcript written on /home/marcelovmaciel/Sync/Projects/electoral_inversions/p
rocessing/Processing/output/decomposition/report/intermediate_accounting_report
.log.
Latexmk: Missing input file 'intermediate_accounting_report.toc' (or dependence on it) from following:
  No file intermediate_accounting_report.toc.
Latexmk: Getting log file '/home/marcelovmaciel/Sync/Projects/electoral_inversions/processing/Processing/output/decomposition/report/intermediate_accounting_report.log'
Latexmk: Examining '/home/marcelovmaciel/Sync/Projects/electoral_inversions/processing/Processing/output/decomposition/report/intermediate_accounting_report.fls'
Latexmk: Examining '/home/marcelovmaciel/Sync/Projects/electoral_inversions/processing/Processing/output/decomposition/report/intermediate_accounting_report.log'
Latexmk: References changed.
Latexmk: References changed.
Latexmk: Log file says output to '/home/marcelovmaciel/Sync/Projects/electoral_inversions/processing/Processing/output/decomposition/report/intermediate_accounting_report.pdf'
Latexmk: applying rule 'pdflatex'...
Rule 'pdflatex':  Reasons for rerun
Changed files or newly in use/created:
  /home/marcelovmaciel/Sync/Projects/electoral_inversions/processing/Processing/output/decomposition/report/intermediate_accounting_report.aux
  /home/marcelovmaciel/Sync/Projects/electoral_inversions/processing/Processing/output/decomposition/report/intermediate_accounting_report.out
  /home/marcelovmaciel/Sync/Projects/electoral_inversions/processing/Processing/output/decomposition/report/intermediate_accounting_report.toc

------------
Run number 2 of rule 'pdflatex'
------------
------------
Running 'pdflatex  -interaction=nonstopmode -halt-on-error -recorder -output-directory="/home/marcelovmaciel/Sync/Projects/electoral_inversions/processing/Processing/output/decomposition/report"  "intermediate_accounting_report.tex"'
------------
This is pdfTeX, Version 3.141592653-2.6-1.40.25 (TeX Live 2023/Debian) (preloaded format=pdflatex)
 restricted \write18 enabled.
entering extended mode
(./intermediate_accounting_report.tex
LaTeX2e <2023-11-01> patch level 1
L3 programming layer <2024-01-22>
(/usr/share/texlive/texmf-dist/tex/latex/base/article.cls
Document Class: article 2023/05/17 v1.4n Standard LaTeX document class
(/usr/share/texlive/texmf-dist/tex/latex/base/size11.clo))
(/usr/share/texlive/texmf-dist/tex/latex/geometry/geometry.sty
(/usr/share/texlive/texmf-dist/tex/latex/graphics/keyval.sty)
(/usr/share/texlive/texmf-dist/tex/generic/iftex/ifvtex.sty
(/usr/share/texlive/texmf-dist/tex/generic/iftex/iftex.sty)))
(/usr/share/texlive/texmf-dist/tex/latex/base/inputenc.sty)
(/usr/share/texlive/texmf-dist/tex/latex/base/fontenc.sty)
(/usr/share/texlive/texmf-dist/tex/latex/amsmath/amsmath.sty
For additional information on amsmath, use the `?' option.
(/usr/share/texlive/texmf-dist/tex/latex/amsmath/amstext.sty
(/usr/share/texlive/texmf-dist/tex/latex/amsmath/amsgen.sty))
(/usr/share/texlive/texmf-dist/tex/latex/amsmath/amsbsy.sty)
(/usr/share/texlive/texmf-dist/tex/latex/amsmath/amsopn.sty))
(/usr/share/texlive/texmf-dist/tex/latex/amsfonts/amssymb.sty
(/usr/share/texlive/texmf-dist/tex/latex/amsfonts/amsfonts.sty))
(/usr/share/texlive/texmf-dist/tex/latex/mathtools/mathtools.sty
(/usr/share/texlive/texmf-dist/tex/latex/tools/calc.sty)
(/usr/share/texlive/texmf-dist/tex/latex/mathtools/mhsetup.sty))
(/usr/share/texlive/texmf-dist/tex/latex/booktabs/booktabs.sty)
(/usr/share/texlive/texmf-dist/tex/latex/tools/array.sty)
(/usr/share/texlive/texmf-dist/tex/latex/tools/longtable.sty)
(/usr/share/texlive/texmf-dist/tex/latex/tools/tabularx.sty)
(/usr/share/texlive/texmf-dist/tex/latex/graphics/graphicx.sty
(/usr/share/texlive/texmf-dist/tex/latex/graphics/graphics.sty
(/usr/share/texlive/texmf-dist/tex/latex/graphics/trig.sty)
(/usr/share/texlive/texmf-dist/tex/latex/graphics-cfg/graphics.cfg)
(/usr/share/texlive/texmf-dist/tex/latex/graphics-def/pdftex.def)))
(/usr/share/texlive/texmf-dist/tex/latex/enumitem/enumitem.sty)
(/usr/share/texlive/texmf-dist/tex/latex/xcolor/xcolor.sty
(/usr/share/texlive/texmf-dist/tex/latex/graphics-cfg/color.cfg)
(/usr/share/texlive/texmf-dist/tex/latex/graphics/mathcolor.ltx))
(/usr/share/texlive/texmf-dist/tex/latex/microtype/microtype.sty
(/usr/share/texlive/texmf-dist/tex/latex/etoolbox/etoolbox.sty)
(/usr/share/texlive/texmf-dist/tex/latex/microtype/microtype-pdftex.def)
(/usr/share/texlive/texmf-dist/tex/latex/microtype/microtype.cfg))
(/usr/share/texlive/texmf-dist/tex/latex/pdflscape/pdflscape.sty
(/usr/share/texlive/texmf-dist/tex/latex/pdflscape/pdflscape-nometadata.sty
(/usr/share/texlive/texmf-dist/tex/latex/graphics/lscape.sty)))
(/usr/share/texlive/texmf-dist/tex/latex/placeins/placeins.sty)
(/usr/share/texlive/texmf-dist/tex/latex/hyperref/hyperref.sty
(/usr/share/texlive/texmf-dist/tex/latex/kvsetkeys/kvsetkeys.sty)
(/usr/share/texlive/texmf-dist/tex/generic/kvdefinekeys/kvdefinekeys.sty)
(/usr/share/texlive/texmf-dist/tex/generic/pdfescape/pdfescape.sty
(/usr/share/texlive/texmf-dist/tex/generic/ltxcmds/ltxcmds.sty)
(/usr/share/texlive/texmf-dist/tex/generic/pdftexcmds/pdftexcmds.sty
(/usr/share/texlive/texmf-dist/tex/generic/infwarerr/infwarerr.sty)))
(/usr/share/texlive/texmf-dist/tex/latex/hycolor/hycolor.sty)
(/usr/share/texlive/texmf-dist/tex/latex/auxhook/auxhook.sty)
(/usr/share/texlive/texmf-dist/tex/latex/hyperref/nameref.sty
(/usr/share/texlive/texmf-dist/tex/latex/refcount/refcount.sty)
(/usr/share/texlive/texmf-dist/tex/generic/gettitlestring/gettitlestring.sty
(/usr/share/texlive/texmf-dist/tex/latex/kvoptions/kvoptions.sty)))
(/usr/share/texlive/texmf-dist/tex/latex/hyperref/pd1enc.def)
(/usr/share/texlive/texmf-dist/tex/generic/intcalc/intcalc.sty)
(/usr/share/texlive/texmf-dist/tex/latex/hyperref/puenc.def)
(/usr/share/texlive/texmf-dist/tex/latex/url/url.sty)
(/usr/share/texlive/texmf-dist/tex/generic/bitset/bitset.sty
(/usr/share/texlive/texmf-dist/tex/generic/bigintcalc/bigintcalc.sty))
(/usr/share/texlive/texmf-dist/tex/latex/base/atbegshi-ltx.sty))
(/usr/share/texlive/texmf-dist/tex/latex/hyperref/hpdftex.def
(/usr/share/texlive/texmf-dist/tex/latex/base/atveryend-ltx.sty)
(/usr/share/texlive/texmf-dist/tex/latex/rerunfilecheck/rerunfilecheck.sty
(/usr/share/texlive/texmf-dist/tex/generic/uniquecounter/uniquecounter.sty)))
(/usr/share/texlive/texmf-dist/tex/latex/l3backend/l3backend-pdftex.def)
(/home/marcelovmaciel/Sync/Projects/electoral_inversions/processing/Processing/
output/decomposition/report/intermediate_accounting_report.aux)
*geometry* driver: auto-detecting
*geometry* detected driver: pdftex
(/usr/share/texlive/texmf-dist/tex/context/base/mkii/supp-pdf.mkii
[Loading MPS to PDF converter (version 2006.09.02).]
) (/usr/share/texlive/texmf-dist/tex/latex/epstopdf-pkg/epstopdf-base.sty
(/usr/share/texlive/texmf-dist/tex/latex/latexconfig/epstopdf-sys.cfg))
(/usr/share/texlive/texmf-dist/tex/latex/microtype/mt-cmr.cfg)
(/home/marcelovmaciel/Sync/Projects/electoral_inversions/processing/Processing/
output/decomposition/report/intermediate_accounting_report.out)
(/home/marcelovmaciel/Sync/Projects/electoral_inversions/processing/Processing/
output/decomposition/report/intermediate_accounting_report.out)
(/usr/share/texlive/texmf-dist/tex/latex/amsfonts/umsa.fd)
(/usr/share/texlive/texmf-dist/tex/latex/microtype/mt-msa.cfg)
(/usr/share/texlive/texmf-dist/tex/latex/amsfonts/umsb.fd)
(/usr/share/texlive/texmf-dist/tex/latex/microtype/mt-msb.cfg)
(/home/marcelovmaciel/Sync/Projects/electoral_inversions/processing/Processing/
output/decomposition/report/intermediate_accounting_report.toc) [1{/var/lib/tex
mf/fonts/map/pdftex/updmap/pdftex.map}{/usr/share/texmf/fonts/enc/dvips/cm-supe
r/cm-super-t1.enc}] [2]
(../../output/decomposition/latex/report/generated_interpretation.tex [3]
[4]) [5] (../../output/decomposition/latex/report/party_size_diagnostics.tex
[6]) (../../output/decomposition/latex/report/table_year_accounting_closure.tex
) (../../output/decomposition/latex/report/table_district_weight_extremes.tex
[7{/usr/share/texmf/fonts/enc/dvips/cm-super/cm-super-ts1.enc}])
(../../output/decomposition/latex/report/table_inversion_case_registry.tex
[8] [9])
(../../output/decomposition/latex/report/table_all_inversion_decomposition.tex
[10] [11])
(../../output/decomposition/latex/report/table_case_component_extremes.tex
[12] [13] [14] [15])
(../../output/decomposition/latex/report/table_case_party_vectors.tex [16]

Package longtable Warning: Column widths have changed
(longtable)                in table 9 on input line 200.

[17] [18] [19] [20] [21])
(../../output/decomposition/latex/report/table_case_district_vectors.tex
[22] [23] [24] [25] [26] [27] [28] [29] [30] [31]

Package longtable Warning: Column widths have changed
(longtable)                in table 10 on input line 453.

[32])
(../../output/decomposition/latex/report/table_case_party_district_extremes.tex
[33] [34] [35])
(../../output/decomposition/latex/report/table_party_district_accounting_2014.t
ex [36] [37] [38] [39] [40] [41] [42] [43] [44] [45] [46] [47] [48] [49]
[50] [51])
(../../output/decomposition/latex/report/table_party_district_accounting_2018.t
ex [52] [53] [54] [55] [56] [57] [58] [59] [60] [61] [62] [63] [64] [65]
[66] [67] [68])
(../../output/decomposition/latex/report/table_party_district_accounting_2022.t
ex [69] [70] [71] [72] [73] [74] [75] [76] [77] [78] [79] [80] [81] [82]
[83] [84])

Package longtable Warning: Table widths have changed. Rerun LaTeX.


(/home/marcelovmaciel/Sync/Projects/electoral_inversions/processing/Processing/
output/decomposition/report/intermediate_accounting_report.aux)

LaTeX Warning: Label(s) may have changed. Rerun to get cross-references right.

 )</usr/share/texlive/texmf-dist/fonts/type1/public/amsfonts/cm/cmex10.pfb></us
r/share/texlive/texmf-dist/fonts/type1/public/amsfonts/cmextra/cmex8.pfb></usr/
share/texlive/texmf-dist/fonts/type1/public/amsfonts/cm/cmmi10.pfb></usr/share/
texlive/texmf-dist/fonts/type1/public/amsfonts/cm/cmmi5.pfb></usr/share/texlive
/texmf-dist/fonts/type1/public/amsfonts/cm/cmmi6.pfb></usr/share/texlive/texmf-
dist/fonts/type1/public/amsfonts/cm/cmmi8.pfb></usr/share/texlive/texmf-dist/fo
nts/type1/public/amsfonts/cm/cmmi9.pfb></usr/share/texlive/texmf-dist/fonts/typ
e1/public/amsfonts/cm/cmr10.pfb></usr/share/texlive/texmf-dist/fonts/type1/publ
ic/amsfonts/cm/cmr9.pfb></usr/share/texlive/texmf-dist/fonts/type1/public/amsfo
nts/cm/cmsy10.pfb></usr/share/texlive/texmf-dist/fonts/type1/public/amsfonts/cm
/cmsy8.pfb></usr/share/texlive/texmf-dist/fonts/type1/public/amsfonts/cm/cmsy9.
pfb></usr/share/texmf/fonts/type1/public/cm-super/sfbx1000.pfb></usr/share/texm
f/fonts/type1/public/cm-super/sfbx1095.pfb></usr/share/texmf/fonts/type1/public
/cm-super/sfbx1200.pfb></usr/share/texmf/fonts/type1/public/cm-super/sfbx1440.p
fb></usr/share/texmf/fonts/type1/public/cm-super/sfrm0600.pfb></usr/share/texmf
/fonts/type1/public/cm-super/sfrm0800.pfb></usr/share/texmf/fonts/type1/public/
cm-super/sfrm0900.pfb></usr/share/texmf/fonts/type1/public/cm-super/sfrm1000.pf
b></usr/share/texmf/fonts/type1/public/cm-super/sfrm1095.pfb></usr/share/texmf/
fonts/type1/public/cm-super/sfrm1728.pfb></usr/share/texmf/fonts/type1/public/c
m-super/sfti0900.pfb></usr/share/texmf/fonts/type1/public/cm-super/sfti1095.pfb
>
Output written on /home/marcelovmaciel/Sync/Projects/electoral_inversions/proce
ssing/Processing/output/decomposition/report/intermediate_accounting_report.pdf
 (84 pages, 557320 bytes).
Transcript written on /home/marcelovmaciel/Sync/Projects/electoral_inversions/p
rocessing/Processing/output/decomposition/report/intermediate_accounting_report
.log.
Latexmk: Getting log file '/home/marcelovmaciel/Sync/Projects/electoral_inversions/processing/Processing/output/decomposition/report/intermediate_accounting_report.log'
Latexmk: Examining '/home/marcelovmaciel/Sync/Projects/electoral_inversions/processing/Processing/output/decomposition/report/intermediate_accounting_report.fls'
Latexmk: Examining '/home/marcelovmaciel/Sync/Projects/electoral_inversions/processing/Processing/output/decomposition/report/intermediate_accounting_report.log'
Latexmk: References changed.
Latexmk: Log file says output to '/home/marcelovmaciel/Sync/Projects/electoral_inversions/processing/Processing/output/decomposition/report/intermediate_accounting_report.pdf'
Latexmk: applying rule 'pdflatex'...
Rule 'pdflatex':  Reasons for rerun
Changed files or newly in use/created:
  /home/marcelovmaciel/Sync/Projects/electoral_inversions/processing/Processing/output/decomposition/report/intermediate_accounting_report.aux
  /home/marcelovmaciel/Sync/Projects/electoral_inversions/processing/Processing/output/decomposition/report/intermediate_accounting_report.toc

------------
Run number 3 of rule 'pdflatex'
------------
------------
Running 'pdflatex  -interaction=nonstopmode -halt-on-error -recorder -output-directory="/home/marcelovmaciel/Sync/Projects/electoral_inversions/processing/Processing/output/decomposition/report"  "intermediate_accounting_report.tex"'
------------
This is pdfTeX, Version 3.141592653-2.6-1.40.25 (TeX Live 2023/Debian) (preloaded format=pdflatex)
 restricted \write18 enabled.
entering extended mode
(./intermediate_accounting_report.tex
LaTeX2e <2023-11-01> patch level 1
L3 programming layer <2024-01-22>
(/usr/share/texlive/texmf-dist/tex/latex/base/article.cls
Document Class: article 2023/05/17 v1.4n Standard LaTeX document class
(/usr/share/texlive/texmf-dist/tex/latex/base/size11.clo))
(/usr/share/texlive/texmf-dist/tex/latex/geometry/geometry.sty
(/usr/share/texlive/texmf-dist/tex/latex/graphics/keyval.sty)
(/usr/share/texlive/texmf-dist/tex/generic/iftex/ifvtex.sty
(/usr/share/texlive/texmf-dist/tex/generic/iftex/iftex.sty)))
(/usr/share/texlive/texmf-dist/tex/latex/base/inputenc.sty)
(/usr/share/texlive/texmf-dist/tex/latex/base/fontenc.sty)
(/usr/share/texlive/texmf-dist/tex/latex/amsmath/amsmath.sty
For additional information on amsmath, use the `?' option.
(/usr/share/texlive/texmf-dist/tex/latex/amsmath/amstext.sty
(/usr/share/texlive/texmf-dist/tex/latex/amsmath/amsgen.sty))
(/usr/share/texlive/texmf-dist/tex/latex/amsmath/amsbsy.sty)
(/usr/share/texlive/texmf-dist/tex/latex/amsmath/amsopn.sty))
(/usr/share/texlive/texmf-dist/tex/latex/amsfonts/amssymb.sty
(/usr/share/texlive/texmf-dist/tex/latex/amsfonts/amsfonts.sty))
(/usr/share/texlive/texmf-dist/tex/latex/mathtools/mathtools.sty
(/usr/share/texlive/texmf-dist/tex/latex/tools/calc.sty)
(/usr/share/texlive/texmf-dist/tex/latex/mathtools/mhsetup.sty))
(/usr/share/texlive/texmf-dist/tex/latex/booktabs/booktabs.sty)
(/usr/share/texlive/texmf-dist/tex/latex/tools/array.sty)
(/usr/share/texlive/texmf-dist/tex/latex/tools/longtable.sty)
(/usr/share/texlive/texmf-dist/tex/latex/tools/tabularx.sty)
(/usr/share/texlive/texmf-dist/tex/latex/graphics/graphicx.sty
(/usr/share/texlive/texmf-dist/tex/latex/graphics/graphics.sty
(/usr/share/texlive/texmf-dist/tex/latex/graphics/trig.sty)
(/usr/share/texlive/texmf-dist/tex/latex/graphics-cfg/graphics.cfg)
(/usr/share/texlive/texmf-dist/tex/latex/graphics-def/pdftex.def)))
(/usr/share/texlive/texmf-dist/tex/latex/enumitem/enumitem.sty)
(/usr/share/texlive/texmf-dist/tex/latex/xcolor/xcolor.sty
(/usr/share/texlive/texmf-dist/tex/latex/graphics-cfg/color.cfg)
(/usr/share/texlive/texmf-dist/tex/latex/graphics/mathcolor.ltx))
(/usr/share/texlive/texmf-dist/tex/latex/microtype/microtype.sty
(/usr/share/texlive/texmf-dist/tex/latex/etoolbox/etoolbox.sty)
(/usr/share/texlive/texmf-dist/tex/latex/microtype/microtype-pdftex.def)
(/usr/share/texlive/texmf-dist/tex/latex/microtype/microtype.cfg))
(/usr/share/texlive/texmf-dist/tex/latex/pdflscape/pdflscape.sty
(/usr/share/texlive/texmf-dist/tex/latex/pdflscape/pdflscape-nometadata.sty
(/usr/share/texlive/texmf-dist/tex/latex/graphics/lscape.sty)))
(/usr/share/texlive/texmf-dist/tex/latex/placeins/placeins.sty)
(/usr/share/texlive/texmf-dist/tex/latex/hyperref/hyperref.sty
(/usr/share/texlive/texmf-dist/tex/latex/kvsetkeys/kvsetkeys.sty)
(/usr/share/texlive/texmf-dist/tex/generic/kvdefinekeys/kvdefinekeys.sty)
(/usr/share/texlive/texmf-dist/tex/generic/pdfescape/pdfescape.sty
(/usr/share/texlive/texmf-dist/tex/generic/ltxcmds/ltxcmds.sty)
(/usr/share/texlive/texmf-dist/tex/generic/pdftexcmds/pdftexcmds.sty
(/usr/share/texlive/texmf-dist/tex/generic/infwarerr/infwarerr.sty)))
(/usr/share/texlive/texmf-dist/tex/latex/hycolor/hycolor.sty)
(/usr/share/texlive/texmf-dist/tex/latex/auxhook/auxhook.sty)
(/usr/share/texlive/texmf-dist/tex/latex/hyperref/nameref.sty
(/usr/share/texlive/texmf-dist/tex/latex/refcount/refcount.sty)
(/usr/share/texlive/texmf-dist/tex/generic/gettitlestring/gettitlestring.sty
(/usr/share/texlive/texmf-dist/tex/latex/kvoptions/kvoptions.sty)))
(/usr/share/texlive/texmf-dist/tex/latex/hyperref/pd1enc.def)
(/usr/share/texlive/texmf-dist/tex/generic/intcalc/intcalc.sty)
(/usr/share/texlive/texmf-dist/tex/latex/hyperref/puenc.def)
(/usr/share/texlive/texmf-dist/tex/latex/url/url.sty)
(/usr/share/texlive/texmf-dist/tex/generic/bitset/bitset.sty
(/usr/share/texlive/texmf-dist/tex/generic/bigintcalc/bigintcalc.sty))
(/usr/share/texlive/texmf-dist/tex/latex/base/atbegshi-ltx.sty))
(/usr/share/texlive/texmf-dist/tex/latex/hyperref/hpdftex.def
(/usr/share/texlive/texmf-dist/tex/latex/base/atveryend-ltx.sty)
(/usr/share/texlive/texmf-dist/tex/latex/rerunfilecheck/rerunfilecheck.sty
(/usr/share/texlive/texmf-dist/tex/generic/uniquecounter/uniquecounter.sty)))
(/usr/share/texlive/texmf-dist/tex/latex/l3backend/l3backend-pdftex.def)
(/home/marcelovmaciel/Sync/Projects/electoral_inversions/processing/Processing/
output/decomposition/report/intermediate_accounting_report.aux)
*geometry* driver: auto-detecting
*geometry* detected driver: pdftex
(/usr/share/texlive/texmf-dist/tex/context/base/mkii/supp-pdf.mkii
[Loading MPS to PDF converter (version 2006.09.02).]
) (/usr/share/texlive/texmf-dist/tex/latex/epstopdf-pkg/epstopdf-base.sty
(/usr/share/texlive/texmf-dist/tex/latex/latexconfig/epstopdf-sys.cfg))
(/usr/share/texlive/texmf-dist/tex/latex/microtype/mt-cmr.cfg)
(/home/marcelovmaciel/Sync/Projects/electoral_inversions/processing/Processing/
output/decomposition/report/intermediate_accounting_report.out)
(/home/marcelovmaciel/Sync/Projects/electoral_inversions/processing/Processing/
output/decomposition/report/intermediate_accounting_report.out)
(/usr/share/texlive/texmf-dist/tex/latex/amsfonts/umsa.fd)
(/usr/share/texlive/texmf-dist/tex/latex/microtype/mt-msa.cfg)
(/usr/share/texlive/texmf-dist/tex/latex/amsfonts/umsb.fd)
(/usr/share/texlive/texmf-dist/tex/latex/microtype/mt-msb.cfg)
(/home/marcelovmaciel/Sync/Projects/electoral_inversions/processing/Processing/
output/decomposition/report/intermediate_accounting_report.toc) [1{/var/lib/tex
mf/fonts/map/pdftex/updmap/pdftex.map}{/usr/share/texmf/fonts/enc/dvips/cm-supe
r/cm-super-t1.enc}] [2]
(../../output/decomposition/latex/report/generated_interpretation.tex [3]
[4]) [5] (../../output/decomposition/latex/report/party_size_diagnostics.tex
[6]) (../../output/decomposition/latex/report/table_year_accounting_closure.tex
) (../../output/decomposition/latex/report/table_district_weight_extremes.tex
[7{/usr/share/texmf/fonts/enc/dvips/cm-super/cm-super-ts1.enc}])
(../../output/decomposition/latex/report/table_inversion_case_registry.tex
[8] [9])
(../../output/decomposition/latex/report/table_all_inversion_decomposition.tex
[10] [11])
(../../output/decomposition/latex/report/table_case_component_extremes.tex
[12] [13] [14] [15])
(../../output/decomposition/latex/report/table_case_party_vectors.tex [16]
[17] [18] [19] [20] [21])
(../../output/decomposition/latex/report/table_case_district_vectors.tex
[22] [23] [24] [25] [26] [27] [28] [29] [30] [31] [32])
(../../output/decomposition/latex/report/table_case_party_district_extremes.tex
[33] [34] [35])
(../../output/decomposition/latex/report/table_party_district_accounting_2014.t
ex [36] [37] [38] [39] [40] [41] [42] [43] [44] [45] [46] [47] [48] [49]
[50] [51])
(../../output/decomposition/latex/report/table_party_district_accounting_2018.t
ex [52] [53] [54] [55] [56] [57] [58] [59] [60] [61] [62] [63] [64] [65]
[66] [67] [68])
(../../output/decomposition/latex/report/table_party_district_accounting_2022.t
ex [69] [70] [71] [72] [73] [74] [75] [76] [77] [78] [79] [80] [81] [82]
[83] [84])
(/home/marcelovmaciel/Sync/Projects/electoral_inversions/processing/Processing/
output/decomposition/report/intermediate_accounting_report.aux) )</usr/share/te
xlive/texmf-dist/fonts/type1/public/amsfonts/cm/cmex10.pfb></usr/share/texlive/
texmf-dist/fonts/type1/public/amsfonts/cmextra/cmex8.pfb></usr/share/texlive/te
xmf-dist/fonts/type1/public/amsfonts/cm/cmmi10.pfb></usr/share/texlive/texmf-di
st/fonts/type1/public/amsfonts/cm/cmmi5.pfb></usr/share/texlive/texmf-dist/font
s/type1/public/amsfonts/cm/cmmi6.pfb></usr/share/texlive/texmf-dist/fonts/type1
/public/amsfonts/cm/cmmi8.pfb></usr/share/texlive/texmf-dist/fonts/type1/public
/amsfonts/cm/cmmi9.pfb></usr/share/texlive/texmf-dist/fonts/type1/public/amsfon
ts/cm/cmr10.pfb></usr/share/texlive/texmf-dist/fonts/type1/public/amsfonts/cm/c
mr9.pfb></usr/share/texlive/texmf-dist/fonts/type1/public/amsfonts/cm/cmsy10.pf
b></usr/share/texlive/texmf-dist/fonts/type1/public/amsfonts/cm/cmsy8.pfb></usr
/share/texlive/texmf-dist/fonts/type1/public/amsfonts/cm/cmsy9.pfb></usr/share/
texmf/fonts/type1/public/cm-super/sfbx1000.pfb></usr/share/texmf/fonts/type1/pu
blic/cm-super/sfbx1095.pfb></usr/share/texmf/fonts/type1/public/cm-super/sfbx12
00.pfb></usr/share/texmf/fonts/type1/public/cm-super/sfbx1440.pfb></usr/share/t
exmf/fonts/type1/public/cm-super/sfrm0600.pfb></usr/share/texmf/fonts/type1/pub
lic/cm-super/sfrm0800.pfb></usr/share/texmf/fonts/type1/public/cm-super/sfrm090
0.pfb></usr/share/texmf/fonts/type1/public/cm-super/sfrm1000.pfb></usr/share/te
xmf/fonts/type1/public/cm-super/sfrm1095.pfb></usr/share/texmf/fonts/type1/publ
ic/cm-super/sfrm1728.pfb></usr/share/texmf/fonts/type1/public/cm-super/sfti0900
.pfb></usr/share/texmf/fonts/type1/public/cm-super/sfti1095.pfb>
Output written on /home/marcelovmaciel/Sync/Projects/electoral_inversions/proce
ssing/Processing/output/decomposition/report/intermediate_accounting_report.pdf
 (84 pages, 557300 bytes).
Transcript written on /home/marcelovmaciel/Sync/Projects/electoral_inversions/p
rocessing/Processing/output/decomposition/report/intermediate_accounting_report
.log.
Latexmk: Getting log file '/home/marcelovmaciel/Sync/Projects/electoral_inversions/processing/Processing/output/decomposition/report/intermediate_accounting_report.log'
Latexmk: Examining '/home/marcelovmaciel/Sync/Projects/electoral_inversions/processing/Processing/output/decomposition/report/intermediate_accounting_report.fls'
Latexmk: Examining '/home/marcelovmaciel/Sync/Projects/electoral_inversions/processing/Processing/output/decomposition/report/intermediate_accounting_report.log'
Latexmk: Log file says output to '/home/marcelovmaciel/Sync/Projects/electoral_inversions/processing/Processing/output/decomposition/report/intermediate_accounting_report.pdf'
Latexmk: All targets (/home/marcelovmaciel/Sync/Projects/electoral_inversions/processing/Processing/output/decomposition/report/intermediate_accounting_report.pdf) are up-to-date
Latexmk: Undoing directory change

Rc files read:
  /etc/LatexMk
Latexmk: This is Latexmk, John Collins, 31 Jan. 2024. Version 4.83.
Force everything to be remade.
Latexmk: applying rule 'biber main_rw_again'...
Rule 'biber main_rw_again':  Reasons for rerun
Category 'other':
  Rerun of 'biber main_rw_again' forced or previously required:
    Reason or flag: 'go_mode'

------------
Run number 1 of rule 'biber main_rw_again'
------------
------------
Running 'biber  "main_rw_again.bcf"'
------------
INFO - This is Biber 2.19
INFO - Logfile is 'main_rw_again.blg'
INFO - Reading 'main_rw_again.bcf'
INFO - Found 36 citekeys in bib section 0
INFO - Processing section 0
INFO - Looking for bibtex file 'refs2.bib' for section 0
INFO - LaTeX decoding ...
INFO - Found BibTeX data source 'refs2.bib'
INFO - Overriding locale 'en-US' defaults 'normalization = NFD' with 'normalization = prenormalized'
INFO - Overriding locale 'en-US' defaults 'level = 4' with 'level = 2'
INFO - Overriding locale 'en-US' defaults 'variable = shifted' with 'variable = non-ignorable'
INFO - Sorting list 'cms/global//global/global' of type 'entry' with template 'cms' and locale 'en-US'
INFO - No sort tailoring available for locale 'en-US'
INFO - Writing 'main_rw_again.bbl' with encoding 'UTF-8'
INFO - Output to main_rw_again.bbl
WARN - Duplicate entry key: 'bochsler2026winners' in file 'refs2.bib', skipping ...
WARN - Duplicate entry key: 'camaraDeputadosNumeroEstados' in file 'refs2.bib', skipping ...
WARN - Duplicate entry key: 'codigoEleitoral1965' in file 'refs2.bib', skipping ...
WARN - Duplicate entry key: 'laakso1979effective' in file 'refs2.bib', skipping ...
WARN - Duplicate entry key: 'nicolau2006openlist' in file 'refs2.bib', skipping ...
WARN - Duplicate entry key: 'pukelsheimLeutgaeb2013apparentements' in file 'refs2.bib', skipping ...
WARN - Duplicate entry key: 'samuelsSnyder2001value' in file 'refs2.bib', skipping ...
WARN - Duplicate entry key: 'tse2022federacoes' in file 'refs2.bib', skipping ...
WARN - BibTeX subsystem: /tmp/biber_tmp_xxM2/fe5db607f198f41d474f25ed24f7e0e6_162437.utf8, line 414, warning: 48 characters of junk seen at toplevel
INFO - WARNINGS: 9
Biber warning: [537] Biber.pm:131> WARN - Duplicate entry key: 'bochsler2026winners' in file 'refs2.bib', skipping ...
Biber warning: [537] Biber.pm:131> WARN - Duplicate entry key: 'camaraDeputadosNumeroEstados' in file 'refs2.bib', skipping ...
Biber warning: [537] Biber.pm:131> WARN - Duplicate entry key: 'codigoEleitoral1965' in file 'refs2.bib', skipping ...
Biber warning: [537] Biber.pm:131> WARN - Duplicate entry key: 'laakso1979effective' in file 'refs2.bib', skipping ...
Biber warning: [537] Biber.pm:131> WARN - Duplicate entry key: 'nicolau2006openlist' in file 'refs2.bib', skipping ...
Biber warning: [537] Biber.pm:131> WARN - Duplicate entry key: 'pukelsheimLeutgaeb2013apparentements' in file 'refs2.bib', skipping ...
Biber warning: [537] Biber.pm:131> WARN - Duplicate entry key: 'samuelsSnyder2001value' in file 'refs2.bib', skipping ...
Biber warning: [537] Biber.pm:131> WARN - Duplicate entry key: 'tse2022federacoes' in file 'refs2.bib', skipping ...
Biber warning: [537] Biber.pm:131> WARN - BibTeX subsystem: /tmp/biber_tmp_xxM2/fe5db607f198f41d474f25ed24f7e0e6_162437.utf8, line 414, warning: 48 characters of junk seen at toplevel
Latexmk: Found biber source file(s) [main_rw_again.bcf, refs2.bib]
Latexmk: applying rule 'pdflatex'...
Rule 'pdflatex':  Reasons for rerun
Category 'other':
  Rerun of 'pdflatex' forced or previously required:
    Reason or flag: 'go_mode'

------------
Run number 1 of rule 'pdflatex'
------------
------------
Running 'pdflatex  -interaction=nonstopmode -halt-on-error -recorder  "main_rw_again.tex"'
------------
This is pdfTeX, Version 3.141592653-2.6-1.40.25 (TeX Live 2023/Debian) (preloaded format=pdflatex)
 restricted \write18 enabled.
entering extended mode
(./main_rw_again.tex
LaTeX2e <2023-11-01> patch level 1
L3 programming layer <2024-01-22>
(/usr/share/texlive/texmf-dist/tex/latex/base/article.cls
Document Class: article 2023/05/17 v1.4n Standard LaTeX document class
(/usr/share/texlive/texmf-dist/tex/latex/base/size11.clo))
(/usr/share/texlive/texmf-dist/tex/latex/geometry/geometry.sty
(/usr/share/texlive/texmf-dist/tex/latex/graphics/keyval.sty)
(/usr/share/texlive/texmf-dist/tex/generic/iftex/ifvtex.sty
(/usr/share/texlive/texmf-dist/tex/generic/iftex/iftex.sty)))
(/usr/share/texlive/texmf-dist/tex/latex/base/inputenc.sty)
(/usr/share/texlive/texmf-dist/tex/latex/base/fontenc.sty)
(/usr/share/texlive/texmf-dist/tex/latex/amsmath/amsmath.sty
For additional information on amsmath, use the `?' option.
(/usr/share/texlive/texmf-dist/tex/latex/amsmath/amstext.sty
(/usr/share/texlive/texmf-dist/tex/latex/amsmath/amsgen.sty))
(/usr/share/texlive/texmf-dist/tex/latex/amsmath/amsbsy.sty)
(/usr/share/texlive/texmf-dist/tex/latex/amsmath/amsopn.sty))
(/usr/share/texlive/texmf-dist/tex/latex/amsfonts/amssymb.sty
(/usr/share/texlive/texmf-dist/tex/latex/amsfonts/amsfonts.sty))
(/usr/share/texlive/texmf-dist/tex/latex/amscls/amsthm.sty)
(/usr/share/texlive/texmf-dist/tex/latex/mathtools/mathtools.sty
(/usr/share/texlive/texmf-dist/tex/latex/tools/calc.sty)
(/usr/share/texlive/texmf-dist/tex/latex/mathtools/mhsetup.sty))
(/usr/share/texlive/texmf-dist/tex/latex/booktabs/booktabs.sty)
(/usr/share/texlive/texmf-dist/tex/latex/tools/array.sty)
(/usr/share/texlive/texmf-dist/tex/latex/tools/longtable.sty)
(/usr/share/texlive/texmf-dist/tex/latex/tools/tabularx.sty)
(/usr/share/texlive/texmf-dist/tex/latex/graphics/graphicx.sty
(/usr/share/texlive/texmf-dist/tex/latex/graphics/graphics.sty
(/usr/share/texlive/texmf-dist/tex/latex/graphics/trig.sty)
(/usr/share/texlive/texmf-dist/tex/latex/graphics-cfg/graphics.cfg)
(/usr/share/texlive/texmf-dist/tex/latex/graphics-def/pdftex.def)))
(/usr/share/texlive/texmf-dist/tex/latex/enumitem/enumitem.sty)
(/usr/share/texlive/texmf-dist/tex/latex/xcolor/xcolor.sty
(/usr/share/texlive/texmf-dist/tex/latex/graphics-cfg/color.cfg)
(/usr/share/texlive/texmf-dist/tex/latex/graphics/mathcolor.ltx))
(/usr/share/texlive/texmf-dist/tex/latex/microtype/microtype.sty
(/usr/share/texlive/texmf-dist/tex/latex/etoolbox/etoolbox.sty)
(/usr/share/texlive/texmf-dist/tex/latex/microtype/microtype-pdftex.def)
(/usr/share/texlive/texmf-dist/tex/latex/microtype/microtype.cfg))
(/usr/share/texlive/texmf-dist/tex/latex/csquotes/csquotes.sty
(/usr/share/texlive/texmf-dist/tex/latex/csquotes/csquotes.def)
(/usr/share/texlive/texmf-dist/tex/latex/csquotes/csquotes.cfg))
(/usr/share/texlive/texmf-dist/tex/latex/pdflscape/pdflscape.sty
(/usr/share/texlive/texmf-dist/tex/latex/pdflscape/pdflscape-nometadata.sty
(/usr/share/texlive/texmf-dist/tex/latex/graphics/lscape.sty)))
(/usr/share/texlive/texmf-dist/tex/latex/placeins/placeins.sty)
(/usr/share/texlive/texmf-dist/tex/latex/biblatex-chicago/biblatex-chicago.sty
(/usr/share/texlive/texmf-dist/tex/latex/hyperref/nameref.sty
(/usr/share/texlive/texmf-dist/tex/latex/refcount/refcount.sty
(/usr/share/texlive/texmf-dist/tex/generic/ltxcmds/ltxcmds.sty)
(/usr/share/texlive/texmf-dist/tex/generic/infwarerr/infwarerr.sty))
(/usr/share/texlive/texmf-dist/tex/generic/gettitlestring/gettitlestring.sty
(/usr/share/texlive/texmf-dist/tex/latex/kvoptions/kvoptions.sty
(/usr/share/texlive/texmf-dist/tex/latex/kvsetkeys/kvsetkeys.sty))))
(/usr/share/texlive/texmf-dist/tex/generic/xstring/xstring.sty
(/usr/share/texlive/texmf-dist/tex/generic/xstring/xstring.tex))
(/usr/share/texlive/texmf-dist/tex/latex/biblatex/biblatex.sty
(/usr/share/texlive/texmf-dist/tex/generic/pdftexcmds/pdftexcmds.sty)
(/usr/share/texlive/texmf-dist/tex/latex/logreq/logreq.sty
(/usr/share/texlive/texmf-dist/tex/latex/logreq/logreq.def))
(/usr/share/texlive/texmf-dist/tex/latex/base/ifthen.sty)
(/usr/share/texlive/texmf-dist/tex/latex/url/url.sty)
(/usr/share/texlive/texmf-dist/tex/latex/biblatex/blx-dm.def)
(/usr/share/texlive/texmf-dist/tex/latex/biblatex/blx-compat.def)
(/usr/share/texlive/texmf-dist/tex/latex/biblatex/biblatex.def)
(/usr/share/texlive/texmf-dist/tex/latex/biblatex-chicago/chicago-authordate.bb
x)
(/usr/share/texlive/texmf-dist/tex/latex/biblatex-chicago/chicago-authordate.cb
x
(/usr/share/texlive/texmf-dist/tex/latex/biblatex-chicago/chicago-dates-common.
cbx)) (/usr/share/texlive/texmf-dist/tex/latex/biblatex/biblatex.cfg)
(/usr/share/texlive/texmf-dist/tex/latex/l3kernel/expl3.sty
(/usr/share/texlive/texmf-dist/tex/latex/l3backend/l3backend-pdftex.def))
(/usr/share/texlive/texmf-dist/tex/latex/biblatex/blx-case-expl3.sty
(/usr/share/texlive/texmf-dist/tex/latex/l3packages/xparse/xparse.sty))))
(/usr/share/texlive/texmf-dist/tex/latex/hyperref/hyperref.sty
(/usr/share/texlive/texmf-dist/tex/generic/kvdefinekeys/kvdefinekeys.sty)
(/usr/share/texlive/texmf-dist/tex/generic/pdfescape/pdfescape.sty)
(/usr/share/texlive/texmf-dist/tex/latex/hycolor/hycolor.sty)
(/usr/share/texlive/texmf-dist/tex/latex/auxhook/auxhook.sty)
(/usr/share/texlive/texmf-dist/tex/latex/hyperref/pd1enc.def)
(/usr/share/texlive/texmf-dist/tex/generic/intcalc/intcalc.sty)
(/usr/share/texlive/texmf-dist/tex/latex/hyperref/puenc.def)
(/usr/share/texlive/texmf-dist/tex/generic/bitset/bitset.sty
(/usr/share/texlive/texmf-dist/tex/generic/bigintcalc/bigintcalc.sty))
(/usr/share/texlive/texmf-dist/tex/latex/base/atbegshi-ltx.sty))
(/usr/share/texlive/texmf-dist/tex/latex/hyperref/hpdftex.def
(/usr/share/texlive/texmf-dist/tex/latex/base/atveryend-ltx.sty)
(/usr/share/texlive/texmf-dist/tex/latex/rerunfilecheck/rerunfilecheck.sty
(/usr/share/texlive/texmf-dist/tex/generic/uniquecounter/uniquecounter.sty)))
(./accounting_numeric_macros.tex) (./main_rw_again.aux)
*geometry* driver: auto-detecting
*geometry* detected driver: pdftex
(/usr/share/texlive/texmf-dist/tex/context/base/mkii/supp-pdf.mkii
[Loading MPS to PDF converter (version 2006.09.02).]
) (/usr/share/texlive/texmf-dist/tex/latex/epstopdf-pkg/epstopdf-base.sty
(/usr/share/texlive/texmf-dist/tex/latex/latexconfig/epstopdf-sys.cfg))
(/usr/share/texlive/texmf-dist/tex/latex/microtype/mt-cmr.cfg)
(/usr/share/texlive/texmf-dist/tex/latex/biblatex-chicago/cms-american.lbx
(/usr/share/texlive/texmf-dist/tex/latex/biblatex/lbx/american.lbx
(/usr/share/texlive/texmf-dist/tex/latex/biblatex/lbx/english.lbx))
(/usr/share/texlive/texmf-dist/tex/latex/biblatex/lbx/english.lbx))
(./main_rw_again.bbl) (./main_rw_again.out) (./main_rw_again.out)
(/usr/share/texlive/texmf-dist/tex/latex/amsfonts/umsa.fd)
(/usr/share/texlive/texmf-dist/tex/latex/microtype/mt-msa.cfg)
(/usr/share/texlive/texmf-dist/tex/latex/amsfonts/umsb.fd)
(/usr/share/texlive/texmf-dist/tex/latex/microtype/mt-msb.cfg) [1{/var/lib/texm
f/fonts/map/pdftex/updmap/pdftex.map}{/usr/share/texmf/fonts/enc/dvips/cm-super
/cm-super-t1.enc}] [2] [3] [4] [5] [6] [7] [8] [9]

LaTeX Warning: Reference `app:ideological-universes' on page 10 undefined on in
put line 665.

(/usr/share/texlive/texmf-dist/tex/latex/base/t1cmtt.fd)
Underfull \hbox (badness 1184) in paragraph at lines 681--681
[][][]\T1/cmr/m/n/9 (+20) For 2014, the vote mea-sure is \T1/cmtt/m/n/9 QT_VOTO
S_NOMINAIS + QT_VOTOS_LEGENDA\T1/cmr/m/n/9 (+20) . For 2018 and 2022, it is
[10] [11] (./table_observed_inversion_decomposition.tex) [12] [13 <./party_repr
esentation_profile.pdf>] [14]

LaTeX Warning: Reference `app:ideological-universes' on page 15 undefined on in
put line 961.

[15 <./observed_coalition_timeline.pdf>] (./table_03_ideology_k_gap_summary.tex
) [16]

LaTeX Warning: Reference `app:ideological-universes' on page 17 undefined on in
put line 1047.

(./table_accounting_minimal_ideological.tex) [17] [18 <./ideological_interval_h
eatmap_2014.pdf> <./ideological_interval_heatmap_2018.pdf> <./ideological_inter
val_heatmap_2022.pdf>] [19] [20 <./cross_domain_components.pdf>] [21] [22]
[23] [24] [25] (./table_coalition_party_contributions.tex) [26] [27] [28]
(./table_appendix_cabinet_composition.tex [29 <./district_electoral_weight_by_m
agnitude.pdf>] [30]) (./table_appendix_minimal_connected_winning_intervals.tex
[31] [32])

LaTeX Warning: Reference `tab:ideological-universe-comparison' on page 33 undef
ined on input line 1496.

(./table_appendix_ideological_universe_comparison.tex)

LaTeX Warning: Reference `tab:all-party-minimal-decomposition' on page 33 undef
ined on input line 1532.

[33] (./table_accounting_minimal_ideological_all_parties.tex)
(./table_appendix_cabinet_interval_bridge.tex [34] [35] [36]) [37] [38]
(./main_rw_again.aux)

LaTeX Warning: There were undefined references.


LaTeX Warning: Label(s) may have changed. Rerun to get cross-references right.


Package rerunfilecheck Warning: File `main_rw_again.out' has changed.
(rerunfilecheck)                Rerun to get outlines right
(rerunfilecheck)                or use package `bookmark'.


Package biblatex Warning: Please rerun LaTeX.
(biblatex)                Page breaks have changed.

 )
(see the transcript file for additional information)</usr/share/texlive/texmf-d
ist/fonts/type1/public/amsfonts/cm/cmex10.pfb></usr/share/texlive/texmf-dist/fo
nts/type1/public/amsfonts/cm/cmmi10.pfb></usr/share/texlive/texmf-dist/fonts/ty
pe1/public/amsfonts/cm/cmmi6.pfb></usr/share/texlive/texmf-dist/fonts/type1/pub
lic/amsfonts/cm/cmmi8.pfb></usr/share/texlive/texmf-dist/fonts/type1/public/ams
fonts/cm/cmmi9.pfb></usr/share/texlive/texmf-dist/fonts/type1/public/amsfonts/c
m/cmr10.pfb></usr/share/texlive/texmf-dist/fonts/type1/public/amsfonts/cm/cmr6.
pfb></usr/share/texlive/texmf-dist/fonts/type1/public/amsfonts/cm/cmr8.pfb></us
r/share/texlive/texmf-dist/fonts/type1/public/amsfonts/cm/cmr9.pfb></usr/share/
texlive/texmf-dist/fonts/type1/public/amsfonts/cm/cmsy10.pfb></usr/share/texliv
e/texmf-dist/fonts/type1/public/amsfonts/cm/cmsy6.pfb></usr/share/texlive/texmf
-dist/fonts/type1/public/amsfonts/cm/cmsy7.pfb></usr/share/texlive/texmf-dist/f
onts/type1/public/amsfonts/cm/cmsy8.pfb></usr/share/texlive/texmf-dist/fonts/ty
pe1/public/amsfonts/cm/cmsy9.pfb></usr/share/texlive/texmf-dist/fonts/type1/pub
lic/amsfonts/symbols/msbm10.pfb></usr/share/texmf/fonts/type1/public/cm-super/s
fbx1000.pfb></usr/share/texmf/fonts/type1/public/cm-super/sfbx1095.pfb></usr/sh
are/texmf/fonts/type1/public/cm-super/sfbx1200.pfb></usr/share/texmf/fonts/type
1/public/cm-super/sfbx1440.pfb></usr/share/texmf/fonts/type1/public/cm-super/sf
rm0600.pfb></usr/share/texmf/fonts/type1/public/cm-super/sfrm0800.pfb></usr/sha
re/texmf/fonts/type1/public/cm-super/sfrm0900.pfb></usr/share/texmf/fonts/type1
/public/cm-super/sfrm1000.pfb></usr/share/texmf/fonts/type1/public/cm-super/sfr
m1095.pfb></usr/share/texmf/fonts/type1/public/cm-super/sfrm1200.pfb></usr/shar
e/texmf/fonts/type1/public/cm-super/sfrm1728.pfb></usr/share/texmf/fonts/type1/
public/cm-super/sfti0900.pfb></usr/share/texmf/fonts/type1/public/cm-super/sfti
1095.pfb></usr/share/texmf/fonts/type1/public/cm-super/sftt0900.pfb></usr/share
/texmf/fonts/type1/public/cm-super/sftt1095.pfb>
Output written on main_rw_again.pdf (38 pages, 750378 bytes).
Transcript written on main_rw_again.log.
Latexmk: Getting log file 'main_rw_again.log'
Latexmk: Examining 'main_rw_again.fls'
Latexmk: Examining 'main_rw_again.log'
Latexmk: Found input bbl file 'main_rw_again.bbl'
Latexmk: References changed.
Latexmk: References changed.
Latexmk: Log file says output to 'main_rw_again.pdf'
Latexmk: Bibliography file(s) from .bcf file:
  refs2.bib
Latexmk: applying rule 'biber main_rw_again'...
Rule 'biber main_rw_again':  Reasons for rerun
Changed files or newly in use/created:
  main_rw_again.bcf

------------
Run number 2 of rule 'biber main_rw_again'
------------
------------
Running 'biber  "main_rw_again.bcf"'
------------
INFO - This is Biber 2.19
INFO - Logfile is 'main_rw_again.blg'
INFO - Reading 'main_rw_again.bcf'
INFO - Found 36 citekeys in bib section 0
INFO - Processing section 0
INFO - Looking for bibtex file 'refs2.bib' for section 0
INFO - LaTeX decoding ...
INFO - Found BibTeX data source 'refs2.bib'
INFO - Overriding locale 'en-US' defaults 'variable = shifted' with 'variable = non-ignorable'
INFO - Overriding locale 'en-US' defaults 'normalization = NFD' with 'normalization = prenormalized'
INFO - Overriding locale 'en-US' defaults 'level = 4' with 'level = 2'
INFO - Sorting list 'cms/global//global/global' of type 'entry' with template 'cms' and locale 'en-US'
INFO - No sort tailoring available for locale 'en-US'
INFO - Writing 'main_rw_again.bbl' with encoding 'UTF-8'
INFO - Output to main_rw_again.bbl
WARN - Duplicate entry key: 'bochsler2026winners' in file 'refs2.bib', skipping ...
WARN - Duplicate entry key: 'camaraDeputadosNumeroEstados' in file 'refs2.bib', skipping ...
WARN - Duplicate entry key: 'codigoEleitoral1965' in file 'refs2.bib', skipping ...
WARN - Duplicate entry key: 'laakso1979effective' in file 'refs2.bib', skipping ...
WARN - Duplicate entry key: 'nicolau2006openlist' in file 'refs2.bib', skipping ...
WARN - Duplicate entry key: 'pukelsheimLeutgaeb2013apparentements' in file 'refs2.bib', skipping ...
WARN - Duplicate entry key: 'samuelsSnyder2001value' in file 'refs2.bib', skipping ...
WARN - Duplicate entry key: 'tse2022federacoes' in file 'refs2.bib', skipping ...
WARN - BibTeX subsystem: /tmp/biber_tmp_6GhI/fe5db607f198f41d474f25ed24f7e0e6_162494.utf8, line 414, warning: 48 characters of junk seen at toplevel
INFO - WARNINGS: 9
Biber warning: [546] Biber.pm:131> WARN - Duplicate entry key: 'bochsler2026winners' in file 'refs2.bib', skipping ...
Biber warning: [546] Biber.pm:131> WARN - Duplicate entry key: 'camaraDeputadosNumeroEstados' in file 'refs2.bib', skipping ...
Biber warning: [546] Biber.pm:131> WARN - Duplicate entry key: 'codigoEleitoral1965' in file 'refs2.bib', skipping ...
Biber warning: [546] Biber.pm:131> WARN - Duplicate entry key: 'laakso1979effective' in file 'refs2.bib', skipping ...
Biber warning: [546] Biber.pm:131> WARN - Duplicate entry key: 'nicolau2006openlist' in file 'refs2.bib', skipping ...
Biber warning: [546] Biber.pm:131> WARN - Duplicate entry key: 'pukelsheimLeutgaeb2013apparentements' in file 'refs2.bib', skipping ...
Biber warning: [546] Biber.pm:131> WARN - Duplicate entry key: 'samuelsSnyder2001value' in file 'refs2.bib', skipping ...
Biber warning: [546] Biber.pm:131> WARN - Duplicate entry key: 'tse2022federacoes' in file 'refs2.bib', skipping ...
Biber warning: [546] Biber.pm:131> WARN - BibTeX subsystem: /tmp/biber_tmp_6GhI/fe5db607f198f41d474f25ed24f7e0e6_162494.utf8, line 414, warning: 48 characters of junk seen at toplevel
Latexmk: Found biber source file(s) [main_rw_again.bcf, refs2.bib]
Latexmk: applying rule 'pdflatex'...
Rule 'pdflatex':  Reasons for rerun
Changed files or newly in use/created:
  main_rw_again.aux
  main_rw_again.out
  main_rw_again.run.xml

------------
Run number 2 of rule 'pdflatex'
------------
------------
Running 'pdflatex  -interaction=nonstopmode -halt-on-error -recorder  "main_rw_again.tex"'
------------
This is pdfTeX, Version 3.141592653-2.6-1.40.25 (TeX Live 2023/Debian) (preloaded format=pdflatex)
 restricted \write18 enabled.
entering extended mode
(./main_rw_again.tex
LaTeX2e <2023-11-01> patch level 1
L3 programming layer <2024-01-22>
(/usr/share/texlive/texmf-dist/tex/latex/base/article.cls
Document Class: article 2023/05/17 v1.4n Standard LaTeX document class
(/usr/share/texlive/texmf-dist/tex/latex/base/size11.clo))
(/usr/share/texlive/texmf-dist/tex/latex/geometry/geometry.sty
(/usr/share/texlive/texmf-dist/tex/latex/graphics/keyval.sty)
(/usr/share/texlive/texmf-dist/tex/generic/iftex/ifvtex.sty
(/usr/share/texlive/texmf-dist/tex/generic/iftex/iftex.sty)))
(/usr/share/texlive/texmf-dist/tex/latex/base/inputenc.sty)
(/usr/share/texlive/texmf-dist/tex/latex/base/fontenc.sty)
(/usr/share/texlive/texmf-dist/tex/latex/amsmath/amsmath.sty
For additional information on amsmath, use the `?' option.
(/usr/share/texlive/texmf-dist/tex/latex/amsmath/amstext.sty
(/usr/share/texlive/texmf-dist/tex/latex/amsmath/amsgen.sty))
(/usr/share/texlive/texmf-dist/tex/latex/amsmath/amsbsy.sty)
(/usr/share/texlive/texmf-dist/tex/latex/amsmath/amsopn.sty))
(/usr/share/texlive/texmf-dist/tex/latex/amsfonts/amssymb.sty
(/usr/share/texlive/texmf-dist/tex/latex/amsfonts/amsfonts.sty))
(/usr/share/texlive/texmf-dist/tex/latex/amscls/amsthm.sty)
(/usr/share/texlive/texmf-dist/tex/latex/mathtools/mathtools.sty
(/usr/share/texlive/texmf-dist/tex/latex/tools/calc.sty)
(/usr/share/texlive/texmf-dist/tex/latex/mathtools/mhsetup.sty))
(/usr/share/texlive/texmf-dist/tex/latex/booktabs/booktabs.sty)
(/usr/share/texlive/texmf-dist/tex/latex/tools/array.sty)
(/usr/share/texlive/texmf-dist/tex/latex/tools/longtable.sty)
(/usr/share/texlive/texmf-dist/tex/latex/tools/tabularx.sty)
(/usr/share/texlive/texmf-dist/tex/latex/graphics/graphicx.sty
(/usr/share/texlive/texmf-dist/tex/latex/graphics/graphics.sty
(/usr/share/texlive/texmf-dist/tex/latex/graphics/trig.sty)
(/usr/share/texlive/texmf-dist/tex/latex/graphics-cfg/graphics.cfg)
(/usr/share/texlive/texmf-dist/tex/latex/graphics-def/pdftex.def)))
(/usr/share/texlive/texmf-dist/tex/latex/enumitem/enumitem.sty)
(/usr/share/texlive/texmf-dist/tex/latex/xcolor/xcolor.sty
(/usr/share/texlive/texmf-dist/tex/latex/graphics-cfg/color.cfg)
(/usr/share/texlive/texmf-dist/tex/latex/graphics/mathcolor.ltx))
(/usr/share/texlive/texmf-dist/tex/latex/microtype/microtype.sty
(/usr/share/texlive/texmf-dist/tex/latex/etoolbox/etoolbox.sty)
(/usr/share/texlive/texmf-dist/tex/latex/microtype/microtype-pdftex.def)
(/usr/share/texlive/texmf-dist/tex/latex/microtype/microtype.cfg))
(/usr/share/texlive/texmf-dist/tex/latex/csquotes/csquotes.sty
(/usr/share/texlive/texmf-dist/tex/latex/csquotes/csquotes.def)
(/usr/share/texlive/texmf-dist/tex/latex/csquotes/csquotes.cfg))
(/usr/share/texlive/texmf-dist/tex/latex/pdflscape/pdflscape.sty
(/usr/share/texlive/texmf-dist/tex/latex/pdflscape/pdflscape-nometadata.sty
(/usr/share/texlive/texmf-dist/tex/latex/graphics/lscape.sty)))
(/usr/share/texlive/texmf-dist/tex/latex/placeins/placeins.sty)
(/usr/share/texlive/texmf-dist/tex/latex/biblatex-chicago/biblatex-chicago.sty
(/usr/share/texlive/texmf-dist/tex/latex/hyperref/nameref.sty
(/usr/share/texlive/texmf-dist/tex/latex/refcount/refcount.sty
(/usr/share/texlive/texmf-dist/tex/generic/ltxcmds/ltxcmds.sty)
(/usr/share/texlive/texmf-dist/tex/generic/infwarerr/infwarerr.sty))
(/usr/share/texlive/texmf-dist/tex/generic/gettitlestring/gettitlestring.sty
(/usr/share/texlive/texmf-dist/tex/latex/kvoptions/kvoptions.sty
(/usr/share/texlive/texmf-dist/tex/latex/kvsetkeys/kvsetkeys.sty))))
(/usr/share/texlive/texmf-dist/tex/generic/xstring/xstring.sty
(/usr/share/texlive/texmf-dist/tex/generic/xstring/xstring.tex))
(/usr/share/texlive/texmf-dist/tex/latex/biblatex/biblatex.sty
(/usr/share/texlive/texmf-dist/tex/generic/pdftexcmds/pdftexcmds.sty)
(/usr/share/texlive/texmf-dist/tex/latex/logreq/logreq.sty
(/usr/share/texlive/texmf-dist/tex/latex/logreq/logreq.def))
(/usr/share/texlive/texmf-dist/tex/latex/base/ifthen.sty)
(/usr/share/texlive/texmf-dist/tex/latex/url/url.sty)
(/usr/share/texlive/texmf-dist/tex/latex/biblatex/blx-dm.def)
(/usr/share/texlive/texmf-dist/tex/latex/biblatex/blx-compat.def)
(/usr/share/texlive/texmf-dist/tex/latex/biblatex/biblatex.def)
(/usr/share/texlive/texmf-dist/tex/latex/biblatex-chicago/chicago-authordate.bb
x)
(/usr/share/texlive/texmf-dist/tex/latex/biblatex-chicago/chicago-authordate.cb
x
(/usr/share/texlive/texmf-dist/tex/latex/biblatex-chicago/chicago-dates-common.
cbx)) (/usr/share/texlive/texmf-dist/tex/latex/biblatex/biblatex.cfg)
(/usr/share/texlive/texmf-dist/tex/latex/l3kernel/expl3.sty
(/usr/share/texlive/texmf-dist/tex/latex/l3backend/l3backend-pdftex.def))
(/usr/share/texlive/texmf-dist/tex/latex/biblatex/blx-case-expl3.sty
(/usr/share/texlive/texmf-dist/tex/latex/l3packages/xparse/xparse.sty))))
(/usr/share/texlive/texmf-dist/tex/latex/hyperref/hyperref.sty
(/usr/share/texlive/texmf-dist/tex/generic/kvdefinekeys/kvdefinekeys.sty)
(/usr/share/texlive/texmf-dist/tex/generic/pdfescape/pdfescape.sty)
(/usr/share/texlive/texmf-dist/tex/latex/hycolor/hycolor.sty)
(/usr/share/texlive/texmf-dist/tex/latex/auxhook/auxhook.sty)
(/usr/share/texlive/texmf-dist/tex/latex/hyperref/pd1enc.def)
(/usr/share/texlive/texmf-dist/tex/generic/intcalc/intcalc.sty)
(/usr/share/texlive/texmf-dist/tex/latex/hyperref/puenc.def)
(/usr/share/texlive/texmf-dist/tex/generic/bitset/bitset.sty
(/usr/share/texlive/texmf-dist/tex/generic/bigintcalc/bigintcalc.sty))
(/usr/share/texlive/texmf-dist/tex/latex/base/atbegshi-ltx.sty))
(/usr/share/texlive/texmf-dist/tex/latex/hyperref/hpdftex.def
(/usr/share/texlive/texmf-dist/tex/latex/base/atveryend-ltx.sty)
(/usr/share/texlive/texmf-dist/tex/latex/rerunfilecheck/rerunfilecheck.sty
(/usr/share/texlive/texmf-dist/tex/generic/uniquecounter/uniquecounter.sty)))
(./accounting_numeric_macros.tex) (./main_rw_again.aux)
*geometry* driver: auto-detecting
*geometry* detected driver: pdftex
(/usr/share/texlive/texmf-dist/tex/context/base/mkii/supp-pdf.mkii
[Loading MPS to PDF converter (version 2006.09.02).]
) (/usr/share/texlive/texmf-dist/tex/latex/epstopdf-pkg/epstopdf-base.sty
(/usr/share/texlive/texmf-dist/tex/latex/latexconfig/epstopdf-sys.cfg))
(/usr/share/texlive/texmf-dist/tex/latex/microtype/mt-cmr.cfg)
(/usr/share/texlive/texmf-dist/tex/latex/biblatex-chicago/cms-american.lbx
(/usr/share/texlive/texmf-dist/tex/latex/biblatex/lbx/american.lbx
(/usr/share/texlive/texmf-dist/tex/latex/biblatex/lbx/english.lbx))
(/usr/share/texlive/texmf-dist/tex/latex/biblatex/lbx/english.lbx))
(./main_rw_again.bbl) (./main_rw_again.out) (./main_rw_again.out)
(/usr/share/texlive/texmf-dist/tex/latex/amsfonts/umsa.fd)
(/usr/share/texlive/texmf-dist/tex/latex/microtype/mt-msa.cfg)
(/usr/share/texlive/texmf-dist/tex/latex/amsfonts/umsb.fd)
(/usr/share/texlive/texmf-dist/tex/latex/microtype/mt-msb.cfg) [1{/var/lib/texm
f/fonts/map/pdftex/updmap/pdftex.map}{/usr/share/texmf/fonts/enc/dvips/cm-super
/cm-super-t1.enc}] [2] [3] [4] [5] [6] [7] [8] [9]
(/usr/share/texlive/texmf-dist/tex/latex/base/t1cmtt.fd)
Underfull \hbox (badness 1184) in paragraph at lines 681--681
[][][]\T1/cmr/m/n/9 (+20) For 2014, the vote mea-sure is \T1/cmtt/m/n/9 QT_VOTO
S_NOMINAIS + QT_VOTOS_LEGENDA\T1/cmr/m/n/9 (+20) . For 2018 and 2022, it is
[10] [11] (./table_observed_inversion_decomposition.tex) [12] [13 <./party_repr
esentation_profile.pdf>] [14] [15 <./observed_coalition_timeline.pdf>]
(./table_03_ideology_k_gap_summary.tex) [16]
(./table_accounting_minimal_ideological.tex) [17] [18 <./ideological_interval_h
eatmap_2014.pdf> <./ideological_interval_heatmap_2018.pdf> <./ideological_inter
val_heatmap_2022.pdf>] [19] [20 <./cross_domain_components.pdf>] [21] [22]
[23] [24] [25] (./table_coalition_party_contributions.tex) [26] [27] [28]
(./table_appendix_cabinet_composition.tex [29 <./district_electoral_weight_by_m
agnitude.pdf>] [30]) (./table_appendix_minimal_connected_winning_intervals.tex
[31] [32]) (./table_appendix_ideological_universe_comparison.tex) [33]
(./table_accounting_minimal_ideological_all_parties.tex)
(./table_appendix_cabinet_interval_bridge.tex [34] [35] [36]) [37] [38]
(./main_rw_again.aux) )
(see the transcript file for additional information)</usr/share/texlive/texmf-d
ist/fonts/type1/public/amsfonts/cm/cmex10.pfb></usr/share/texlive/texmf-dist/fo
nts/type1/public/amsfonts/cm/cmmi10.pfb></usr/share/texlive/texmf-dist/fonts/ty
pe1/public/amsfonts/cm/cmmi6.pfb></usr/share/texlive/texmf-dist/fonts/type1/pub
lic/amsfonts/cm/cmmi8.pfb></usr/share/texlive/texmf-dist/fonts/type1/public/ams
fonts/cm/cmmi9.pfb></usr/share/texlive/texmf-dist/fonts/type1/public/amsfonts/c
m/cmr10.pfb></usr/share/texlive/texmf-dist/fonts/type1/public/amsfonts/cm/cmr6.
pfb></usr/share/texlive/texmf-dist/fonts/type1/public/amsfonts/cm/cmr8.pfb></us
r/share/texlive/texmf-dist/fonts/type1/public/amsfonts/cm/cmr9.pfb></usr/share/
texlive/texmf-dist/fonts/type1/public/amsfonts/cm/cmsy10.pfb></usr/share/texliv
e/texmf-dist/fonts/type1/public/amsfonts/cm/cmsy6.pfb></usr/share/texlive/texmf
-dist/fonts/type1/public/amsfonts/cm/cmsy7.pfb></usr/share/texlive/texmf-dist/f
onts/type1/public/amsfonts/cm/cmsy8.pfb></usr/share/texlive/texmf-dist/fonts/ty
pe1/public/amsfonts/cm/cmsy9.pfb></usr/share/texlive/texmf-dist/fonts/type1/pub
lic/amsfonts/symbols/msbm10.pfb></usr/share/texmf/fonts/type1/public/cm-super/s
fbx1000.pfb></usr/share/texmf/fonts/type1/public/cm-super/sfbx1095.pfb></usr/sh
are/texmf/fonts/type1/public/cm-super/sfbx1200.pfb></usr/share/texmf/fonts/type
1/public/cm-super/sfbx1440.pfb></usr/share/texmf/fonts/type1/public/cm-super/sf
rm0600.pfb></usr/share/texmf/fonts/type1/public/cm-super/sfrm0800.pfb></usr/sha
re/texmf/fonts/type1/public/cm-super/sfrm0900.pfb></usr/share/texmf/fonts/type1
/public/cm-super/sfrm1000.pfb></usr/share/texmf/fonts/type1/public/cm-super/sfr
m1095.pfb></usr/share/texmf/fonts/type1/public/cm-super/sfrm1200.pfb></usr/shar
e/texmf/fonts/type1/public/cm-super/sfrm1728.pfb></usr/share/texmf/fonts/type1/
public/cm-super/sfti0900.pfb></usr/share/texmf/fonts/type1/public/cm-super/sfti
1095.pfb></usr/share/texmf/fonts/type1/public/cm-super/sftt0900.pfb></usr/share
/texmf/fonts/type1/public/cm-super/sftt1095.pfb>
Output written on main_rw_again.pdf (38 pages, 750331 bytes).
Transcript written on main_rw_again.log.
Latexmk: Getting log file 'main_rw_again.log'
Latexmk: Examining 'main_rw_again.fls'
Latexmk: Examining 'main_rw_again.log'
Latexmk: Found input bbl file 'main_rw_again.bbl'
Latexmk: Log file says output to 'main_rw_again.pdf'
Latexmk: Bibliography file(s) from .bcf file:
  refs2.bib
Latexmk: applying rule 'pdflatex'...
Rule 'pdflatex':  Reasons for rerun
Changed files or newly in use/created:
  main_rw_again.run.xml

------------
Run number 3 of rule 'pdflatex'
------------
------------
Running 'pdflatex  -interaction=nonstopmode -halt-on-error -recorder  "main_rw_again.tex"'
------------
This is pdfTeX, Version 3.141592653-2.6-1.40.25 (TeX Live 2023/Debian) (preloaded format=pdflatex)
 restricted \write18 enabled.
entering extended mode
(./main_rw_again.tex
LaTeX2e <2023-11-01> patch level 1
L3 programming layer <2024-01-22>
(/usr/share/texlive/texmf-dist/tex/latex/base/article.cls
Document Class: article 2023/05/17 v1.4n Standard LaTeX document class
(/usr/share/texlive/texmf-dist/tex/latex/base/size11.clo))
(/usr/share/texlive/texmf-dist/tex/latex/geometry/geometry.sty
(/usr/share/texlive/texmf-dist/tex/latex/graphics/keyval.sty)
(/usr/share/texlive/texmf-dist/tex/generic/iftex/ifvtex.sty
(/usr/share/texlive/texmf-dist/tex/generic/iftex/iftex.sty)))
(/usr/share/texlive/texmf-dist/tex/latex/base/inputenc.sty)
(/usr/share/texlive/texmf-dist/tex/latex/base/fontenc.sty)
(/usr/share/texlive/texmf-dist/tex/latex/amsmath/amsmath.sty
For additional information on amsmath, use the `?' option.
(/usr/share/texlive/texmf-dist/tex/latex/amsmath/amstext.sty
(/usr/share/texlive/texmf-dist/tex/latex/amsmath/amsgen.sty))
(/usr/share/texlive/texmf-dist/tex/latex/amsmath/amsbsy.sty)
(/usr/share/texlive/texmf-dist/tex/latex/amsmath/amsopn.sty))
(/usr/share/texlive/texmf-dist/tex/latex/amsfonts/amssymb.sty
(/usr/share/texlive/texmf-dist/tex/latex/amsfonts/amsfonts.sty))
(/usr/share/texlive/texmf-dist/tex/latex/amscls/amsthm.sty)
(/usr/share/texlive/texmf-dist/tex/latex/mathtools/mathtools.sty
(/usr/share/texlive/texmf-dist/tex/latex/tools/calc.sty)
(/usr/share/texlive/texmf-dist/tex/latex/mathtools/mhsetup.sty))
(/usr/share/texlive/texmf-dist/tex/latex/booktabs/booktabs.sty)
(/usr/share/texlive/texmf-dist/tex/latex/tools/array.sty)
(/usr/share/texlive/texmf-dist/tex/latex/tools/longtable.sty)
(/usr/share/texlive/texmf-dist/tex/latex/tools/tabularx.sty)
(/usr/share/texlive/texmf-dist/tex/latex/graphics/graphicx.sty
(/usr/share/texlive/texmf-dist/tex/latex/graphics/graphics.sty
(/usr/share/texlive/texmf-dist/tex/latex/graphics/trig.sty)
(/usr/share/texlive/texmf-dist/tex/latex/graphics-cfg/graphics.cfg)
(/usr/share/texlive/texmf-dist/tex/latex/graphics-def/pdftex.def)))
(/usr/share/texlive/texmf-dist/tex/latex/enumitem/enumitem.sty)
(/usr/share/texlive/texmf-dist/tex/latex/xcolor/xcolor.sty
(/usr/share/texlive/texmf-dist/tex/latex/graphics-cfg/color.cfg)
(/usr/share/texlive/texmf-dist/tex/latex/graphics/mathcolor.ltx))
(/usr/share/texlive/texmf-dist/tex/latex/microtype/microtype.sty
(/usr/share/texlive/texmf-dist/tex/latex/etoolbox/etoolbox.sty)
(/usr/share/texlive/texmf-dist/tex/latex/microtype/microtype-pdftex.def)
(/usr/share/texlive/texmf-dist/tex/latex/microtype/microtype.cfg))
(/usr/share/texlive/texmf-dist/tex/latex/csquotes/csquotes.sty
(/usr/share/texlive/texmf-dist/tex/latex/csquotes/csquotes.def)
(/usr/share/texlive/texmf-dist/tex/latex/csquotes/csquotes.cfg))
(/usr/share/texlive/texmf-dist/tex/latex/pdflscape/pdflscape.sty
(/usr/share/texlive/texmf-dist/tex/latex/pdflscape/pdflscape-nometadata.sty
(/usr/share/texlive/texmf-dist/tex/latex/graphics/lscape.sty)))
(/usr/share/texlive/texmf-dist/tex/latex/placeins/placeins.sty)
(/usr/share/texlive/texmf-dist/tex/latex/biblatex-chicago/biblatex-chicago.sty
(/usr/share/texlive/texmf-dist/tex/latex/hyperref/nameref.sty
(/usr/share/texlive/texmf-dist/tex/latex/refcount/refcount.sty
(/usr/share/texlive/texmf-dist/tex/generic/ltxcmds/ltxcmds.sty)
(/usr/share/texlive/texmf-dist/tex/generic/infwarerr/infwarerr.sty))
(/usr/share/texlive/texmf-dist/tex/generic/gettitlestring/gettitlestring.sty
(/usr/share/texlive/texmf-dist/tex/latex/kvoptions/kvoptions.sty
(/usr/share/texlive/texmf-dist/tex/latex/kvsetkeys/kvsetkeys.sty))))
(/usr/share/texlive/texmf-dist/tex/generic/xstring/xstring.sty
(/usr/share/texlive/texmf-dist/tex/generic/xstring/xstring.tex))
(/usr/share/texlive/texmf-dist/tex/latex/biblatex/biblatex.sty
(/usr/share/texlive/texmf-dist/tex/generic/pdftexcmds/pdftexcmds.sty)
(/usr/share/texlive/texmf-dist/tex/latex/logreq/logreq.sty
(/usr/share/texlive/texmf-dist/tex/latex/logreq/logreq.def))
(/usr/share/texlive/texmf-dist/tex/latex/base/ifthen.sty)
(/usr/share/texlive/texmf-dist/tex/latex/url/url.sty)
(/usr/share/texlive/texmf-dist/tex/latex/biblatex/blx-dm.def)
(/usr/share/texlive/texmf-dist/tex/latex/biblatex/blx-compat.def)
(/usr/share/texlive/texmf-dist/tex/latex/biblatex/biblatex.def)
(/usr/share/texlive/texmf-dist/tex/latex/biblatex-chicago/chicago-authordate.bb
x)
(/usr/share/texlive/texmf-dist/tex/latex/biblatex-chicago/chicago-authordate.cb
x
(/usr/share/texlive/texmf-dist/tex/latex/biblatex-chicago/chicago-dates-common.
cbx)) (/usr/share/texlive/texmf-dist/tex/latex/biblatex/biblatex.cfg)
(/usr/share/texlive/texmf-dist/tex/latex/l3kernel/expl3.sty
(/usr/share/texlive/texmf-dist/tex/latex/l3backend/l3backend-pdftex.def))
(/usr/share/texlive/texmf-dist/tex/latex/biblatex/blx-case-expl3.sty
(/usr/share/texlive/texmf-dist/tex/latex/l3packages/xparse/xparse.sty))))
(/usr/share/texlive/texmf-dist/tex/latex/hyperref/hyperref.sty
(/usr/share/texlive/texmf-dist/tex/generic/kvdefinekeys/kvdefinekeys.sty)
(/usr/share/texlive/texmf-dist/tex/generic/pdfescape/pdfescape.sty)
(/usr/share/texlive/texmf-dist/tex/latex/hycolor/hycolor.sty)
(/usr/share/texlive/texmf-dist/tex/latex/auxhook/auxhook.sty)
(/usr/share/texlive/texmf-dist/tex/latex/hyperref/pd1enc.def)
(/usr/share/texlive/texmf-dist/tex/generic/intcalc/intcalc.sty)
(/usr/share/texlive/texmf-dist/tex/latex/hyperref/puenc.def)
(/usr/share/texlive/texmf-dist/tex/generic/bitset/bitset.sty
(/usr/share/texlive/texmf-dist/tex/generic/bigintcalc/bigintcalc.sty))
(/usr/share/texlive/texmf-dist/tex/latex/base/atbegshi-ltx.sty))
(/usr/share/texlive/texmf-dist/tex/latex/hyperref/hpdftex.def
(/usr/share/texlive/texmf-dist/tex/latex/base/atveryend-ltx.sty)
(/usr/share/texlive/texmf-dist/tex/latex/rerunfilecheck/rerunfilecheck.sty
(/usr/share/texlive/texmf-dist/tex/generic/uniquecounter/uniquecounter.sty)))
(./accounting_numeric_macros.tex) (./main_rw_again.aux)
*geometry* driver: auto-detecting
*geometry* detected driver: pdftex
(/usr/share/texlive/texmf-dist/tex/context/base/mkii/supp-pdf.mkii
[Loading MPS to PDF converter (version 2006.09.02).]
) (/usr/share/texlive/texmf-dist/tex/latex/epstopdf-pkg/epstopdf-base.sty
(/usr/share/texlive/texmf-dist/tex/latex/latexconfig/epstopdf-sys.cfg))
(/usr/share/texlive/texmf-dist/tex/latex/microtype/mt-cmr.cfg)
(/usr/share/texlive/texmf-dist/tex/latex/biblatex-chicago/cms-american.lbx
(/usr/share/texlive/texmf-dist/tex/latex/biblatex/lbx/american.lbx
(/usr/share/texlive/texmf-dist/tex/latex/biblatex/lbx/english.lbx))
(/usr/share/texlive/texmf-dist/tex/latex/biblatex/lbx/english.lbx))
(./main_rw_again.bbl) (./main_rw_again.out) (./main_rw_again.out)
(/usr/share/texlive/texmf-dist/tex/latex/amsfonts/umsa.fd)
(/usr/share/texlive/texmf-dist/tex/latex/microtype/mt-msa.cfg)
(/usr/share/texlive/texmf-dist/tex/latex/amsfonts/umsb.fd)
(/usr/share/texlive/texmf-dist/tex/latex/microtype/mt-msb.cfg) [1{/var/lib/texm
f/fonts/map/pdftex/updmap/pdftex.map}{/usr/share/texmf/fonts/enc/dvips/cm-super
/cm-super-t1.enc}] [2] [3] [4] [5] [6] [7] [8] [9]
(/usr/share/texlive/texmf-dist/tex/latex/base/t1cmtt.fd)
Underfull \hbox (badness 1184) in paragraph at lines 681--681
[][][]\T1/cmr/m/n/9 (+20) For 2014, the vote mea-sure is \T1/cmtt/m/n/9 QT_VOTO
S_NOMINAIS + QT_VOTOS_LEGENDA\T1/cmr/m/n/9 (+20) . For 2018 and 2022, it is
[10] [11] (./table_observed_inversion_decomposition.tex) [12] [13 <./party_repr
esentation_profile.pdf>] [14] [15 <./observed_coalition_timeline.pdf>]
(./table_03_ideology_k_gap_summary.tex) [16]
(./table_accounting_minimal_ideological.tex) [17] [18 <./ideological_interval_h
eatmap_2014.pdf> <./ideological_interval_heatmap_2018.pdf> <./ideological_inter
val_heatmap_2022.pdf>] [19] [20 <./cross_domain_components.pdf>] [21] [22]
[23] [24] [25] (./table_coalition_party_contributions.tex) [26] [27] [28]
(./table_appendix_cabinet_composition.tex [29 <./district_electoral_weight_by_m
agnitude.pdf>] [30]) (./table_appendix_minimal_connected_winning_intervals.tex
[31] [32]) (./table_appendix_ideological_universe_comparison.tex) [33]
(./table_accounting_minimal_ideological_all_parties.tex)
(./table_appendix_cabinet_interval_bridge.tex [34] [35] [36]) [37] [38]
(./main_rw_again.aux) )
(see the transcript file for additional information)</usr/share/texlive/texmf-d
ist/fonts/type1/public/amsfonts/cm/cmex10.pfb></usr/share/texlive/texmf-dist/fo
nts/type1/public/amsfonts/cm/cmmi10.pfb></usr/share/texlive/texmf-dist/fonts/ty
pe1/public/amsfonts/cm/cmmi6.pfb></usr/share/texlive/texmf-dist/fonts/type1/pub
lic/amsfonts/cm/cmmi8.pfb></usr/share/texlive/texmf-dist/fonts/type1/public/ams
fonts/cm/cmmi9.pfb></usr/share/texlive/texmf-dist/fonts/type1/public/amsfonts/c
m/cmr10.pfb></usr/share/texlive/texmf-dist/fonts/type1/public/amsfonts/cm/cmr6.
pfb></usr/share/texlive/texmf-dist/fonts/type1/public/amsfonts/cm/cmr8.pfb></us
r/share/texlive/texmf-dist/fonts/type1/public/amsfonts/cm/cmr9.pfb></usr/share/
texlive/texmf-dist/fonts/type1/public/amsfonts/cm/cmsy10.pfb></usr/share/texliv
e/texmf-dist/fonts/type1/public/amsfonts/cm/cmsy6.pfb></usr/share/texlive/texmf
-dist/fonts/type1/public/amsfonts/cm/cmsy7.pfb></usr/share/texlive/texmf-dist/f
onts/type1/public/amsfonts/cm/cmsy8.pfb></usr/share/texlive/texmf-dist/fonts/ty
pe1/public/amsfonts/cm/cmsy9.pfb></usr/share/texlive/texmf-dist/fonts/type1/pub
lic/amsfonts/symbols/msbm10.pfb></usr/share/texmf/fonts/type1/public/cm-super/s
fbx1000.pfb></usr/share/texmf/fonts/type1/public/cm-super/sfbx1095.pfb></usr/sh
are/texmf/fonts/type1/public/cm-super/sfbx1200.pfb></usr/share/texmf/fonts/type
1/public/cm-super/sfbx1440.pfb></usr/share/texmf/fonts/type1/public/cm-super/sf
rm0600.pfb></usr/share/texmf/fonts/type1/public/cm-super/sfrm0800.pfb></usr/sha
re/texmf/fonts/type1/public/cm-super/sfrm0900.pfb></usr/share/texmf/fonts/type1
/public/cm-super/sfrm1000.pfb></usr/share/texmf/fonts/type1/public/cm-super/sfr
m1095.pfb></usr/share/texmf/fonts/type1/public/cm-super/sfrm1200.pfb></usr/shar
e/texmf/fonts/type1/public/cm-super/sfrm1728.pfb></usr/share/texmf/fonts/type1/
public/cm-super/sfti0900.pfb></usr/share/texmf/fonts/type1/public/cm-super/sfti
1095.pfb></usr/share/texmf/fonts/type1/public/cm-super/sftt0900.pfb></usr/share
/texmf/fonts/type1/public/cm-super/sftt1095.pfb>
Output written on main_rw_again.pdf (38 pages, 750331 bytes).
Transcript written on main_rw_again.log.
Latexmk: Getting log file 'main_rw_again.log'
Latexmk: Examining 'main_rw_again.fls'
Latexmk: Examining 'main_rw_again.log'
Latexmk: Found input bbl file 'main_rw_again.bbl'
Latexmk: Log file says output to 'main_rw_again.pdf'
Latexmk: Bibliography file(s) from .bcf file:
  refs2.bib
Latexmk: All targets (main_rw_again.pdf) are up-to-date

writing/submission_inversions_review/manuscript/figures.zip: 8 files, sha256=9674716b6e1f0f225fc02f3f4486792979d4805a029155bf49de62b361cd4b61
writing/submission_inversions_review/manuscript/tables.zip: 10 files, sha256=c66415ba054c9e741ad14a82e114881819af8b39a92c7db8768d207a775075f7
writing/submission_inversions_review/manuscript/manuscript.zip: 21 files, sha256=4388b3f0ca5b28f4ff7e4897247760c9136153f10ea5b073be7669640d672600
writing/submission_inversions_review/manuscript.zip: 21 files, sha256=4388b3f0ca5b28f4ff7e4897247760c9136153f10ea5b073be7669640d672600
Wrote processing/Processing/output/decomposition/audit/publication_artifact_manifest.csv
