election,domain,ideological_universe,k,gap_count,case_identifier,case,case_order,cabinet_period,source_periods,period_start,period_end,period_days,coalition_start_party,coalition_end_party,minimal_ideological_inversion,coalition_parties,coalition_party_count,party_order,party,party_vote_total,national_vote_total,party_vote_share,party_seats,chamber_seats,party_quota_q_i,party_differential_d_i,coalition_vote_total,coalition_vote_share,coalition_seats,coalition_quota_q_C,coalition_differential_d_C,contribution_sign,rank_among_positive_contributors,rank_among_negative_contributors,A_i,B_i,A_C,B_C,party_quota_q_i_exact,party_differential_d_i_exact,coalition_quota_q_C_exact,coalition_differential_d_C_exact,A_i_exact,B_i_exact,A_C_exact,B_C_exact,contribution_vector_group,contribution_vector_repeated,accounting_qualification
2014,cabinet,not_applicable,,,cabinet/2014/2016.2,Cabinet 2014/2016.2,1,2016.2,"[""2016.2""]",2016-04-14,2016-04-15,2,,,,"PCdoB, PDT, PMDB, PR, PSD, PT, PTB",7,1,PCdoB,1913015,97355354,0.01964981812916011,10,513,10.080356700259134,-0.0803567002591352,45305141,0.4653584948188879,259,238.7289078420895,20.271092157910495,negative,,2,-0.5688758702547635,0.4885191699956283,15.742022264747815,4.529069893162678,51651405//5123966,-411745//5123966,1223238807//5123966,103868387//5123966,-78303200466327161423989624153050023739930160089457542306947291059794163952175357751014164998183608869845176690019358237411248969214991066417//137645494492955235128179214524576466409524975836614432553358928421358409259009176781859287749477029033520641017359456578099915563122186239800,172274046375321333362591133914292690390402560748545297846338355599818522434510712829993197267337227143489077143979530750782709001127458170658999411//352645416917544932159397968565317989141274026168816953756352167513737081428624107759118203606268407274386312435577632642330155974154468069201523400,156809229134562928813399523283499884240476286195819201320895447051775796982795316155461584816935572490790366513578714139824186443362830099234//9961187101463865700065601051120665332268254830281307618993080346282516459533558846055606350291100785320572705203644883941441257857526635775,231167278262547196950160273644546282577386366252631248920198459481667007589955744769541269003599521392336013662613231039621328595460300375234102881//51040784027539398075702337555506551059921240629697190675261497929619840733090331386188161048275690526555913641991499461389890996259199325805483650,2014:PCdoB|PDT|PMDB|PR|PSD|PT|PTB,false,accounting attribution; not an independent causal effect
2014,cabinet,not_applicable,,,cabinet/2014/2016.2,Cabinet 2014/2016.2,1,2016.2,"[""2016.2""]",2016-04-14,2016-04-15,2,,,,"PCdoB, PDT, PMDB, PR, PSD, PT, PTB",7,2,PDT,3528346,97355354,0.03624193077249763,20,513,18.592110486291283,1.407889513708717,45305141,0.4653584948188879,259,238.7289078420895,20.271092157910495,positive,5,,-0.15563789039051862,1.5635274040992357,15.742022264747815,4.529069893162678,47632671//2561983,3606989//2561983,1223238807//5123966,103868387//5123966,-2120862584079686717877215341699272910232760173779641157555877069287986379963583074395025952422716618733747506992710838557394961820388486160319//13626903954802568277689742237933070174542972607824828822782533913714482516641908501404069487198225874318543460718586201231891640749096437740200,54585706554777588965903067457832695164181439832025957882418027820500730787917921359258754970225450339195711398041578815695010013843426965806558810377//34911896274836948283780398887966480924986128590712878421878864583859971061433786668152702157020572320164244931122185631590685441441292338850950816600,156809229134562928813399523283499884240476286195819201320895447051775796982795316155461584816935572490790366513578714139824186443362830099234//9961187101463865700065601051120665332268254830281307618993080346282516459533558846055606350291100785320572705203644883941441257857526635775,231167278262547196950160273644546282577386366252631248920198459481667007589955744769541269003599521392336013662613231039621328595460300375234102881//51040784027539398075702337555506551059921240629697190675261497929619840733090331386188161048275690526555913641991499461389890996259199325805483650,2014:PCdoB|PDT|PMDB|PR|PSD|PT|PTB,false,accounting attribution; not an independent causal effect
2014,cabinet,not_applicable,,,cabinet/2014/2016.2,Cabinet 2014/2016.2,1,2016.2,"[""2016.2""]",2016-04-14,2016-04-15,2,,,,"PCdoB, PDT, PMDB, PR, PSD, PT, PTB",7,3,PMDB,10791949,97355354,0.11085110943153675,65,513,56.86661913837836,8.133380861621642,45305141,0.4653584948188879,259,238.7289078420895,20.271092157910495,positive,1,,3.9086952162479633,4.224685645373679,15.742022264747815,4.529069893162678,291382623//5123966,41675167//5123966,1223238807//5123966,103868387//5123966,1183158165631686216544067255830149040749674192654009893964425573012712486817105396842347796764954889674007591813996908847862935404232088757//302699008281189041665328140697789110456772237945373602176519034913023291053398829388335099009245765567518402877039988476429242541852068900,3276284753766903786866035126396436124666742111550292643880336206515709889656852930263337816186656488922906615638561750195857696471853990901578019//775509713333265544532862385889343838575372708488002097425004766623572150282859893112814921965004494205967500358127540796807620095101789036628700,156809229134562928813399523283499884240476286195819201320895447051775796982795316155461584816935572490790366513578714139824186443362830099234//9961187101463865700065601051120665332268254830281307618993080346282516459533558846055606350291100785320572705203644883941441257857526635775,231167278262547196950160273644546282577386366252631248920198459481667007589955744769541269003599521392336013662613231039621328595460300375234102881//51040784027539398075702337555506551059921240629697190675261497929619840733090331386188161048275690526555913641991499461389890996259199325805483650,2014:PCdoB|PDT|PMDB|PR|PSD|PT|PTB,false,accounting attribution; not an independent causal effect
2014,cabinet,not_applicable,,,cabinet/2014/2016.2,Cabinet 2014/2016.2,1,2016.2,"[""2016.2""]",2016-04-14,2016-04-15,2,,,,"PCdoB, PDT, PMDB, PR, PSD, PT, PTB",7,4,PR,5635519,97355354,0.05788607167922167,34,513,29.695554771440715,4.304445228559284,45305141,0.4653584948188879,259,238.7289078420895,20.271092157910495,positive,4,,5.0428381901786,-0.7383929616193156,15.742022264747815,4.529069893162678,152159013//5123966,22055831//5123966,1223238807//5123966,103868387//5123966,9816895953882026159527461959986922936440415183207278138032845694655528726270359153695031642984978682434598029379102761438611264936347502277781//1946700564971795468241391748276152882077567515403546974683219130530640359520272643057724212456889410616934780102655171604555948678442348248600,-3682671212303314719215643772246492136837545206903667628824624271855283407037126311058814016510960826631479139119599271965735187327219494821002406423//4987413753548135469111485555423782989283732655816125488839837797694281580204826666878957451002938902880606418731740804512955063063041762692992973800,156809229134562928813399523283499884240476286195819201320895447051775796982795316155461584816935572490790366513578714139824186443362830099234//9961187101463865700065601051120665332268254830281307618993080346282516459533558846055606350291100785320572705203644883941441257857526635775,231167278262547196950160273644546282577386366252631248920198459481667007589955744769541269003599521392336013662613231039621328595460300375234102881//51040784027539398075702337555506551059921240629697190675261497929619840733090331386188161048275690526555913641991499461389890996259199325805483650,2014:PCdoB|PDT|PMDB|PR|PSD|PT|PTB,false,accounting attribution; not an independent causal effect
2014,cabinet,not_applicable,,,cabinet/2014/2016.2,Cabinet 2014/2016.2,1,2016.2,"[""2016.2""]",2016-04-14,2016-04-15,2,,,,"PCdoB, PDT, PMDB, PR, PSD, PT, PTB",7,5,PSD,5967953,97355354,0.061300716959028265,36,513,31.4472677999815,4.552732200018501,45305141,0.4653584948188879,259,238.7289078420895,20.271092157910495,positive,2,,4.645941310001025,-0.09320910998252392,15.742022264747815,4.529069893162678,161134731//5123966,23328045//5123966,1223238807//5123966,103868387//5123966,21103265337011198466142554182088011234328362409810590661602192615974560104308636776646597675962152499198463544639119365927723160924444107637319//4542301318267522759229914079311023391514324202608276274260844637904827505547302833801356495732741958106181153572862067077297213583032145913400,-1084702259859914796963498896937827949508894340256273345788907519326090536394339107170597556906687160309422863135346410691502028574897520059800792077//11637298758278982761260132962655493641662042863570959473959621527953323687144595556050900719006857440054748310374061877196895147147097446283650272200,156809229134562928813399523283499884240476286195819201320895447051775796982795316155461584816935572490790366513578714139824186443362830099234//9961187101463865700065601051120665332268254830281307618993080346282516459533558846055606350291100785320572705203644883941441257857526635775,231167278262547196950160273644546282577386366252631248920198459481667007589955744769541269003599521392336013662613231039621328595460300375234102881//51040784027539398075702337555506551059921240629697190675261497929619840733090331386188161048275690526555913641991499461389890996259199325805483650,2014:PCdoB|PDT|PMDB|PR|PSD|PT|PTB,false,accounting attribution; not an independent causal effect
2014,cabinet,not_applicable,,,cabinet/2014/2016.2,Cabinet 2014/2016.2,1,2016.2,"[""2016.2""]",2016-04-14,2016-04-15,2,,,,"PCdoB, PDT, PMDB, PR, PSD, PT, PTB",7,6,PT,13554166,97355354,0.13922363222057618,69,513,71.42172332915558,-2.4217233291555798,45305141,0.4653584948188879,259,238.7289078420895,20.271092157910495,negative,,1,-1.215411226585322,-1.2063121025702577,15.742022264747815,4.529069893162678,182981241//2561983,-6204414//2561983,1223238807//5123966,103868387//5123966,-188207864207579163962835372191020634738137514106631233550137823712428601277137747468036878085587033610952490564733015370472595486126351987746//154851181304574639519201616340148524710715597816191236622528794474028210416385323879591698718161657662710721144529388650362405008512459519775,-478575488636514868250890921891378649946192042305696927553647615829544299916561735201669524782397717934040781584707777435860119107152373374303826532//396726094032238048679322714635982737783933279439919072975896188452954216607202121229007979057051958183684601490024836722621425470923776577851713825,156809229134562928813399523283499884240476286195819201320895447051775796982795316155461584816935572490790366513578714139824186443362830099234//9961187101463865700065601051120665332268254830281307618993080346282516459533558846055606350291100785320572705203644883941441257857526635775,231167278262547196950160273644546282577386366252631248920198459481667007589955744769541269003599521392336013662613231039621328595460300375234102881//51040784027539398075702337555506551059921240629697190675261497929619840733090331386188161048275690526555913641991499461389890996259199325805483650,2014:PCdoB|PDT|PMDB|PR|PSD|PT|PTB,false,accounting attribution; not an independent causal effect
2014,cabinet,not_applicable,,,cabinet/2014/2016.2,Cabinet 2014/2016.2,1,2016.2,"[""2016.2""]",2016-04-14,2016-04-15,2,,,,"PCdoB, PDT, PMDB, PR, PSD, PT, PTB",7,7,PTB,3914193,97355354,0.040205215626867324,25,513,20.625275616582936,4.374724383417064,45305141,0.4653584948188879,259,238.7289078420895,20.271092157910495,positive,3,,4.084472535550831,0.2902518478662325,15.742022264747815,4.529069893162678,105683211//5123966,22415939//5123966,1223238807//5123966,103868387//5123966,302493016021630978982671373632362711868895002516952268738118210768108389498533601134512467091284611543648967128930561573780663607155750771143//74059260623927001509183381727897120513820503303395808819470293009317839764358198377196029821729488447383388373470577180608106743201611074675,110143939198757205428839916960733416429434608531441094715927484452373855664384526902321887574207841664885919889267862510344691880592554895828731687//379477133422140742215004335738766097010718789029487808933465919389782294146019420306007632141527960001785270990458539473811798276535786291858161050,156809229134562928813399523283499884240476286195819201320895447051775796982795316155461584816935572490790366513578714139824186443362830099234//9961187101463865700065601051120665332268254830281307618993080346282516459533558846055606350291100785320572705203644883941441257857526635775,231167278262547196950160273644546282577386366252631248920198459481667007589955744769541269003599521392336013662613231039621328595460300375234102881//51040784027539398075702337555506551059921240629697190675261497929619840733090331386188161048275690526555913641991499461389890996259199325805483650,2014:PCdoB|PDT|PMDB|PR|PSD|PT|PTB,false,accounting attribution; not an independent causal effect
2014,cabinet,not_applicable,,,cabinet/2014/2017.1,Cabinet 2014/2017.1,2,2017.1,"[""2017.1""]",2017-12-28,2018-04-06,100,,,,"DEM, PMDB, PP, PPS, PSB, PSD, PSDB, PV",8,1,DEM,4085487,97355354,0.0419646874274629,21,513,21.527884650288467,-0.527884650288468,48591926,0.49911919584823244,266,256.04814747014325,9.951852529856755,negative,,3,-0.249641001967012,-0.278243648321456,11.268113712983139,-1.3162611831263826,110308149//5123966,-2704863//5123966,655991001//2561983,25496477//2561983,-1700916978492575772988274816182777534958735586439357342206722608802101600234084584300609744847499200003430172878750843755056046379966567377361//6813451977401284138844871118966535087271486303912414411391266956857241258320954250702034743599112937159271730359293100615945820374548218870100,-4857006694665440053216358036342188560535020855277058449360702447896239416780374913168099845404233165349331560594993584069564774895194923279664181287//17455948137418474141890199443983240462493064295356439210939432291929985530716893334076351078510286160082122465561092815795342720720646169425475408300,15354950331861497703533097637204554465480962876193159307979269023447224076144746179259302959521993105606395253884051020032546184469822042498751//1362690395480256827768974223793307017454297260782482882278253391371448251664190850140406948719822587431854346071858620123189164074909643774020,-4595317389590243307686223473319330938674225051734402052433456397224260675027291516361954235469898418144025929760439029233413082841388076344583455693//3491189627483694828378039888796648092498612859071287842187886458385997106143378666815270215702057232016424493112218563159068544144129233885095081660,2014:DEM|PMDB|PP|PPS|PSB|PSD|PSDB|PV,false,accounting attribution; not an independent causal effect
2014,cabinet,not_applicable,,,cabinet/2014/2017.1,Cabinet 2014/2017.1,2,2017.1,"[""2017.1""]",2017-12-28,2018-04-06,100,,,,"DEM, PMDB, PP, PPS, PSB, PSD, PSDB, PV",8,2,PMDB,10791949,97355354,0.11085110943153675,65,513,56.86661913837836,8.133380861621642,48591926,0.49911919584823244,266,256.04814747014325,9.951852529856755,positive,1,,3.9086952162479633,4.224685645373679,11.268113712983139,-1.3162611831263826,291382623//5123966,41675167//5123966,655991001//2561983,25496477//2561983,1183158165631686216544067255830149040749674192654009893964425573012712486817105396842347796764954889674007591813996908847862935404232088757//302699008281189041665328140697789110456772237945373602176519034913023291053398829388335099009245765567518402877039988476429242541852068900,3276284753766903786866035126396436124666742111550292643880336206515709889656852930263337816186656488922906615638561750195857696471853990901578019//775509713333265544532862385889343838575372708488002097425004766623572150282859893112814921965004494205967500358127540796807620095101789036628700,15354950331861497703533097637204554465480962876193159307979269023447224076144746179259302959521993105606395253884051020032546184469822042498751//1362690395480256827768974223793307017454297260782482882278253391371448251664190850140406948719822587431854346071858620123189164074909643774020,-4595317389590243307686223473319330938674225051734402052433456397224260675027291516361954235469898418144025929760439029233413082841388076344583455693//3491189627483694828378039888796648092498612859071287842187886458385997106143378666815270215702057232016424493112218563159068544144129233885095081660,2014:DEM|PMDB|PP|PPS|PSB|PSD|PSDB|PV,false,accounting attribution; not an independent causal effect
2014,cabinet,not_applicable,,,cabinet/2014/2017.1,Cabinet 2014/2017.1,2,2017.1,"[""2017.1""]",2017-12-28,2018-04-06,100,,,,"DEM, PMDB, PP, PPS, PSB, PSD, PSDB, PV",8,3,PP,6429791,97355354,0.06604455467338756,38,513,33.88085654744782,4.1191434525521835,48591926,0.49911919584823244,266,256.04814747014325,9.951852529856755,positive,3,,2.644600533192068,1.4745429193601152,11.268113712983139,-1.3162611831263826,173604357//5123966,21106351//5123966,655991001//2561983,25496477//2561983,360377174646279733698175424864244584148543926331827676849413507044604154725654198779967810863183220048463183325176173195832890693412411550145//136269039548025682776897422379330701745429726078248288227825339137144825166419085014040694871982258743185434607185862012318916407490964377402,257395447267478008936336637173366267813518604102643025612566911121325911380770794774846572573644036876911734324210567601002575010350425679248201258//174559481374184741418901994439832404624930642953564392109394322919299855307168933340763510785102861600821224655610928157953427207206461694254754083,15354950331861497703533097637204554465480962876193159307979269023447224076144746179259302959521993105606395253884051020032546184469822042498751//1362690395480256827768974223793307017454297260782482882278253391371448251664190850140406948719822587431854346071858620123189164074909643774020,-4595317389590243307686223473319330938674225051734402052433456397224260675027291516361954235469898418144025929760439029233413082841388076344583455693//3491189627483694828378039888796648092498612859071287842187886458385997106143378666815270215702057232016424493112218563159068544144129233885095081660,2014:DEM|PMDB|PP|PPS|PSB|PSD|PSDB|PV,false,accounting attribution; not an independent causal effect
2014,cabinet,not_applicable,,,cabinet/2014/2017.1,Cabinet 2014/2017.1,2,2017.1,"[""2017.1""]",2017-12-28,2018-04-06,100,,,,"DEM, PMDB, PP, PPS, PSB, PSD, PSDB, PV",8,4,PPS,1955689,97355354,0.020088150467821215,10,513,10.305221189992283,-0.3052211899922833,48591926,0.49911919584823244,266,256.04814747014325,9.951852529856755,negative,,4,0.4917271627390606,-0.7969483527313439,11.268113712983139,-1.3162611831263826,52803603//5123966,-1563943//5123966,655991001//2561983,25496477//2561983,3850987826788937172246270918469438260379761696010437194508101743731265419394109401168222991323757253860509864666055443194115172939471745847//7831553997012970274534334619501764468128145176910821162518697651560047423357418678967856027125417169148588195815279425995340023419020941230,-7995108685907714754198021675213405428215695442718314052791969905173373098344757153226840136647958366201092939485351249092751902117996787892684773//10032154101964640311431149105737494518674174882388758167206570282718382488917754789699052343971428827633403715839708514824909609609566764037629545,15354950331861497703533097637204554465480962876193159307979269023447224076144746179259302959521993105606395253884051020032546184469822042498751//1362690395480256827768974223793307017454297260782482882278253391371448251664190850140406948719822587431854346071858620123189164074909643774020,-4595317389590243307686223473319330938674225051734402052433456397224260675027291516361954235469898418144025929760439029233413082841388076344583455693//3491189627483694828378039888796648092498612859071287842187886458385997106143378666815270215702057232016424493112218563159068544144129233885095081660,2014:DEM|PMDB|PP|PPS|PSB|PSD|PSDB|PV,false,accounting attribution; not an independent causal effect
2014,cabinet,not_applicable,,,cabinet/2014/2017.1,Cabinet 2014/2017.1,2,2017.1,"[""2017.1""]",2017-12-28,2018-04-06,100,,,,"DEM, PMDB, PP, PPS, PSB, PSD, PSDB, PV",8,5,PSB,6267878,97355354,0.06438144120969454,34,513,33.0276793405733,0.9723206594267019,48591926,0.49911919584823244,266,256.04814747014325,9.951852529856755,positive,4,,0.6493641207763222,0.32295653865037965,11.268113712983139,-1.3162611831263826,84616353//2561983,2491069//2561983,655991001//2561983,25496477//2561983,26814613653071994116353640541307325311051439454135022894382095667717751972598121556315431029781307283430552435948118624922133244676875044831//41293648347886570538453764357372939922857492750984329766007678526407522777702753034557786324843108710056192305207836973429974668936655871940,34166742965583104682457431269016486858309191602678575005861257134032932006316366039829153286468394993325711888034112442531351871976372048276443987//105793625075263479647819390569595396742382207850645086126905650254121124428587232327735461081880522182315893730673289792699046792246340420760457020,15354950331861497703533097637204554465480962876193159307979269023447224076144746179259302959521993105606395253884051020032546184469822042498751//1362690395480256827768974223793307017454297260782482882278253391371448251664190850140406948719822587431854346071858620123189164074909643774020,-4595317389590243307686223473319330938674225051734402052433456397224260675027291516361954235469898418144025929760439029233413082841388076344583455693//3491189627483694828378039888796648092498612859071287842187886458385997106143378666815270215702057232016424493112218563159068544144129233885095081660,2014:DEM|PMDB|PP|PPS|PSB|PSD|PSDB|PV,false,accounting attribution; not an independent causal effect
2014,cabinet,not_applicable,,,cabinet/2014/2017.1,Cabinet 2014/2017.1,2,2017.1,"[""2017.1""]",2017-12-28,2018-04-06,100,,,,"DEM, PMDB, PP, PPS, PSB, PSD, PSDB, PV",8,6,PSD,5967953,97355354,0.061300716959028265,36,513,31.4472677999815,4.552732200018501,48591926,0.49911919584823244,266,256.04814747014325,9.951852529856755,positive,2,,4.645941310001025,-0.09320910998252392,11.268113712983139,-1.3162611831263826,161134731//5123966,23328045//5123966,655991001//2561983,25496477//2561983,21103265337011198466142554182088011234328362409810590661602192615974560104308636776646597675962152499198463544639119365927723160924444107637319//4542301318267522759229914079311023391514324202608276274260844637904827505547302833801356495732741958106181153572862067077297213583032145913400,-1084702259859914796963498896937827949508894340256273345788907519326090536394339107170597556906687160309422863135346410691502028574897520059800792077//11637298758278982761260132962655493641662042863570959473959621527953323687144595556050900719006857440054748310374061877196895147147097446283650272200,15354950331861497703533097637204554465480962876193159307979269023447224076144746179259302959521993105606395253884051020032546184469822042498751//1362690395480256827768974223793307017454297260782482882278253391371448251664190850140406948719822587431854346071858620123189164074909643774020,-4595317389590243307686223473319330938674225051734402052433456397224260675027291516361954235469898418144025929760439029233413082841388076344583455693//3491189627483694828378039888796648092498612859071287842187886458385997106143378666815270215702057232016424493112218563159068544144129233885095081660,2014:DEM|PMDB|PP|PPS|PSB|PSD|PSDB|PV,false,accounting attribution; not an independent causal effect
2014,cabinet,not_applicable,,,cabinet/2014/2017.1,Cabinet 2014/2017.1,2,2017.1,"[""2017.1""]",2017-12-28,2018-04-06,100,,,,"DEM, PMDB, PP, PPS, PSB, PSD, PSDB, PV",8,7,PSDB,11088715,97355354,0.11389938554380892,54,513,58.43038478397398,-4.4303847839739765,48591926,0.49911919584823244,266,256.04814747014325,9.951852529856755,negative,,1,0.580946490325171,-5.011331274299147,11.268113712983139,-1.3162611831263826,299395305//5123966,-22701141//5123966,655991001//2561983,25496477//2561983,42791902846166185780693443196532892775312130593901325734832374339573303593547606358574459981672335487843547172040801278321686026804163920939//73658940296230098798322931015854433375907960042296372015040723857916121711577883791373348579449869590911045733613979466118333193238359122920,-945703122417180003777308039943075294001968800246623052661049847427931953634353313396150155579345431097593858342576301897166930384351930823680687897//188712952836956477209623777772791788783708803193042586064210078831675519250993441449474065713624715244131053681741543954544245629412391020815950360,15354950331861497703533097637204554465480962876193159307979269023447224076144746179259302959521993105606395253884051020032546184469822042498751//1362690395480256827768974223793307017454297260782482882278253391371448251664190850140406948719822587431854346071858620123189164074909643774020,-4595317389590243307686223473319330938674225051734402052433456397224260675027291516361954235469898418144025929760439029233413082841388076344583455693//3491189627483694828378039888796648092498612859071287842187886458385997106143378666815270215702057232016424493112218563159068544144129233885095081660,2014:DEM|PMDB|PP|PPS|PSB|PSD|PSDB|PV,false,accounting attribution; not an independent causal effect
2014,cabinet,not_applicable,,,cabinet/2014/2017.1,Cabinet 2014/2017.1,2,2017.1,"[""2017.1""]",2017-12-28,2018-04-06,100,,,,"DEM, PMDB, PP, PPS, PSB, PSD, PSDB, PV",8,8,PV,2004464,97355354,0.02058915013549229,8,513,10.562234019507546,-2.5622340195075455,48591926,0.49911919584823244,266,256.04814747014325,9.951852529856755,negative,,2,-1.4035201183314603,-1.1587139011760854,11.268113712983139,-1.3162611831263826,27060264//2561983,-6564400//2561983,655991001//2561983,25496477//2561983,-108546392678445623305069481006445955067866899299351647047765830037080737068847515413384617172002233355078946653090939134146854692003164//77338679553441876872241152805491981525391787037598774924334655160671501502209065815515985644849119523084033001905325899171874038717175,-229588015307111703208147999319034136222643004561962567354926165800821786463244027558043774510869762379587601254581437816804888715372681455788//198140382258365680034775005388072763304367826729948422176971672832502655433134089065233091450347481783109400122320412563138055365334744158025,15354950331861497703533097637204554465480962876193159307979269023447224076144746179259302959521993105606395253884051020032546184469822042498751//1362690395480256827768974223793307017454297260782482882278253391371448251664190850140406948719822587431854346071858620123189164074909643774020,-4595317389590243307686223473319330938674225051734402052433456397224260675027291516361954235469898418144025929760439029233413082841388076344583455693//3491189627483694828378039888796648092498612859071287842187886458385997106143378666815270215702057232016424493112218563159068544144129233885095081660,2014:DEM|PMDB|PP|PPS|PSB|PSD|PSDB|PV,false,accounting attribution; not an independent causal effect
2018,cabinet,not_applicable,,,cabinet/2018/2021.3/2022.1,Cabinet 2018/2021.3/2022.1,3,2021.3/2022.1,"[""2021.3"",""2022.1""]",2021-08-04,2022-03-29,238,,,,"DEM, PATRIOTA, PP, PR, PRB, PSC, PSD, PSDB, PSL",9,1,DEM,4581164,98264190,0.046620890071958056,29,513,23.91651660691448,5.083483393085518,46426736,0.47246851574312065,257,242.3763485762209,14.6236514237791,positive,3,,4.575529227412437,0.5079541656730813,19.06897840875699,-4.44532698497789,391689522//16377365,83254063//16377365,3969485928//16377365,239496877//16377365,97606793445802670758448696481744319990504855114461441663557722840954852014336143872434681461703593618147394435361477921846927052418590423655153771797//21332350553249876686123866243041127831273288870758795519305605250205868622065841104026595183515015144031453569712185291896732962619621211577312051630,35492554831366406276569289989195360578917043076339962283618910043723117854284892906248698425360471550215641401501867058743079419655440246217755893043419557//69873538263705033338728198534692652100884213317370924236006488745707567113123866758529303805533477198866137318345880694604867607270578548748773037688670990,3073495220371231634874373197353913911386487408178985947239965425794066801902088940324673264231814150346235575268153949593002860852798680492794060994751//161177759735665734961824767169644076947398182579066455034753461890444340700053021674867608053224558866015426971158733316553093495348249154139691056760,-2346836590245361388923518608180039334980920469697803326307055155581982221829302482523258207371706664854364039747488881617178200281115112422904115380890094519//527933400214660251892613055595455593651125167286802538672049026078679395965824771064443628752919605502544148627502209692570110810488815701657396284758847480,2018:DEM|PATRIOTA|PP|PR|PRB|PSC|PSD|PSDB|PSL,false,accounting attribution; not an independent causal effect
2018,cabinet,not_applicable,,,cabinet/2018/2021.3/2022.1,Cabinet 2018/2021.3/2022.1,3,2021.3/2022.1,"[""2021.3"",""2022.1""]",2021-08-04,2022-03-29,238,,,,"DEM, PATRIOTA, PP, PR, PRB, PSC, PSD, PSDB, PSL",9,2,PATRIOTA,1432304,98264190,0.014576052578258673,5,513,7.4775149726466985,-2.4775149726466985,46426736,0.47246851574312065,257,242.3763485762209,14.6236514237791,negative,,2,-2.764922573613393,0.28740760096669427,19.06897840875699,-4.44532698497789,122461992//16377365,-40575167//16377365,3969485928//16377365,239496877//16377365,-4858626573371534865731800241315132644900701933760521199846618079054076948123603845979230917809848170812431418116940981433449696680770248767072638013//1757237840849172155852723082406779760783263044471954082753217634178072763537828219350464533590576656322397144446309630344007076266667767882807049680,1654256387926065014168283637139231324590647098204782911216476600429452559761486896709583436448425326278933179147323870295494864595696325967403220941695837//5755785102279760468847386432900182123392036954065684855297930023874154529003540811120524117233526892214291141910987143831775890120411073670401655436498640,3073495220371231634874373197353913911386487408178985947239965425794066801902088940324673264231814150346235575268153949593002860852798680492794060994751//161177759735665734961824767169644076947398182579066455034753461890444340700053021674867608053224558866015426971158733316553093495348249154139691056760,-2346836590245361388923518608180039334980920469697803326307055155581982221829302482523258207371706664854364039747488881617178200281115112422904115380890094519//527933400214660251892613055595455593651125167286802538672049026078679395965824771064443628752919605502544148627502209692570110810488815701657396284758847480,2018:DEM|PATRIOTA|PP|PR|PRB|PSC|PSD|PSDB|PSL,false,accounting attribution; not an independent causal effect
2018,cabinet,not_applicable,,,cabinet/2018/2021.3/2022.1,Cabinet 2018/2021.3/2022.1,3,2021.3/2022.1,"[""2021.3"",""2022.1""]",2021-08-04,2022-03-29,238,,,,"DEM, PATRIOTA, PP, PR, PRB, PSC, PSD, PSDB, PSL",9,3,PP,5408578,98264190,0.05504119048862052,37,513,28.236130720662327,8.763869279337671,46426736,0.47246851574312065,257,242.3763485762209,14.6236514237791,positive,1,,7.318776629343754,1.4450926499939176,19.06897840875699,-4.44532698497789,462433419//16377365,143529086//16377365,3969485928//16377365,239496877//16377365,624506834712373952054504212075674854756566390240862491077581901294499069506885069539776192450353147408447641703379794392156030592848041386810928418819//85329402212999506744495464972164511325093155483035182077222421000823474488263364416106380734060060576125814278848741167586931850478484846309248206520,403894946295795658439830848679810606891399110325777051640102678012282957434026325005075156691594337917804086576687265129806540814645365865741621545016641757//279494153054820133354912794138770608403536853269483696944025954982830268452495467034117215222133908795464549273383522778419470429082314194995092150754683960,3073495220371231634874373197353913911386487408178985947239965425794066801902088940324673264231814150346235575268153949593002860852798680492794060994751//161177759735665734961824767169644076947398182579066455034753461890444340700053021674867608053224558866015426971158733316553093495348249154139691056760,-2346836590245361388923518608180039334980920469697803326307055155581982221829302482523258207371706664854364039747488881617178200281115112422904115380890094519//527933400214660251892613055595455593651125167286802538672049026078679395965824771064443628752919605502544148627502209692570110810488815701657396284758847480,2018:DEM|PATRIOTA|PP|PR|PRB|PSC|PSD|PSDB|PSL,false,accounting attribution; not an independent causal effect
2018,cabinet,not_applicable,,,cabinet/2018/2021.3/2022.1,Cabinet 2018/2021.3/2022.1,3,2021.3/2022.1,"[""2021.3"",""2022.1""]",2021-08-04,2022-03-29,238,,,,"DEM, PATRIOTA, PP, PR, PRB, PSC, PSD, PSDB, PSL",9,4,PR,5224591,98264190,0.053168819689044404,33,513,27.27560450047978,5.724395499520222,46426736,0.47246851574312065,257,242.3763485762209,14.6236514237791,positive,2,,6.3683808514567275,-0.6439853519365057,19.06897840875699,-4.44532698497789,893405061//32754730,187501029//32754730,3969485928//16377365,239496877//16377365,3079324076343920528077659933816730637595945893689179979046944411628456886248576728691605959335323764222735494160422630134644627636956520936106615532441//483533279206997204885474301508932230842194547737199365104260385671333022100159065024602824159673676598046280913476199949659280486044747462419073170280,-1019944129608822412249091147800383554300604252348329159989280693058716818025327787678586661817463469335246391174137247837928513366603857575280439432511897781//1583800200643980755677839166786366780953375501860407616016147078236038187897474313193330886258758816507632445882506629077710332431466447104972188854276542440,3073495220371231634874373197353913911386487408178985947239965425794066801902088940324673264231814150346235575268153949593002860852798680492794060994751//161177759735665734961824767169644076947398182579066455034753461890444340700053021674867608053224558866015426971158733316553093495348249154139691056760,-2346836590245361388923518608180039334980920469697803326307055155581982221829302482523258207371706664854364039747488881617178200281115112422904115380890094519//527933400214660251892613055595455593651125167286802538672049026078679395965824771064443628752919605502544148627502209692570110810488815701657396284758847480,2018:DEM|PATRIOTA|PP|PR|PRB|PSC|PSD|PSDB|PSL,false,accounting attribution; not an independent causal effect
2018,cabinet,not_applicable,,,cabinet/2018/2021.3/2022.1,Cabinet 2018/2021.3/2022.1,3,2021.3/2022.1,"[""2021.3"",""2022.1""]",2021-08-04,2022-03-29,238,,,,"DEM, PATRIOTA, PP, PR, PRB, PSC, PSD, PSDB, PSL",9,5,PRB,4984528,98264190,0.05072578321767065,29,513,26.022326790665044,2.977673209334957,46426736,0.47246851574312065,257,242.3763485762209,14.6236514237791,positive,5,,4.381372818202917,-1.4036996088679599,19.06897840875699,-4.44532698497789,426177144//16377365,48766441//16377365,3969485928//16377365,239496877//16377365,4597192548746602375196182568783192011567222756314566141660279870009271334668606738412660634255018037240615472061171015141613402994978597636256454317//1049258472058583446406092516836742634738939344095188495705447491511030066040128170035304500888984470013843647551847088498356485684003068634544100912,-24121298974708341425715455772739425109339593190072996358913650959923741467132912559979018968688824770626776989031154560117849233664577370291663726932240513//17184088976245722484750515372003979540181289351107496737969046056810540917513283687450244697201723144748272468887956192524886066164192916147980349232656880,3073495220371231634874373197353913911386487408178985947239965425794066801902088940324673264231814150346235575268153949593002860852798680492794060994751//161177759735665734961824767169644076947398182579066455034753461890444340700053021674867608053224558866015426971158733316553093495348249154139691056760,-2346836590245361388923518608180039334980920469697803326307055155581982221829302482523258207371706664854364039747488881617178200281115112422904115380890094519//527933400214660251892613055595455593651125167286802538672049026078679395965824771064443628752919605502544148627502209692570110810488815701657396284758847480,2018:DEM|PATRIOTA|PP|PR|PRB|PSC|PSD|PSDB|PSL,false,accounting attribution; not an independent causal effect
2018,cabinet,not_applicable,,,cabinet/2018/2021.3/2022.1,Cabinet 2018/2021.3/2022.1,3,2021.3/2022.1,"[""2021.3"",""2022.1""]",2021-08-04,2022-03-29,238,,,,"DEM, PATRIOTA, PP, PR, PRB, PSC, PSD, PSDB, PSL",9,6,PSC,1719754,98264190,0.01750132983338081,7,513,8.978182204524353,-1.9781822045243542,46426736,0.47246851574312065,257,242.3763485762209,14.6236514237791,negative,,3,-3.073116754686265,1.0949345501619112,19.06897840875699,-4.44532698497789,147038967//16377365,-32397412//16377365,3969485928//16377365,239496877//16377365,-1768993121165970367020336180007554381823824022294571090075787025131309504756865552717494437336288345899905173830086817020394237548795914052890790855//575634856198806196292231311320157417669279223496665910838405221037301216785903648838812885904373424521483667754138333273403905340529461264784610917,10322366429990844030443717850550017103390412962224762120831962403943113799058187109046805630173043549975591261701845495979433908507202740219553655833250271//9427382146690361640939518849918849886627235130121473904858018322833560642246870911865064799159278669688288368348253744510180550187300280386739219370693705,3073495220371231634874373197353913911386487408178985947239965425794066801902088940324673264231814150346235575268153949593002860852798680492794060994751//161177759735665734961824767169644076947398182579066455034753461890444340700053021674867608053224558866015426971158733316553093495348249154139691056760,-2346836590245361388923518608180039334980920469697803326307055155581982221829302482523258207371706664854364039747488881617178200281115112422904115380890094519//527933400214660251892613055595455593651125167286802538672049026078679395965824771064443628752919605502544148627502209692570110810488815701657396284758847480,2018:DEM|PATRIOTA|PP|PR|PRB|PSC|PSD|PSDB|PSL,false,accounting attribution; not an independent causal effect
2018,cabinet,not_applicable,,,cabinet/2018/2021.3/2022.1,Cabinet 2018/2021.3/2022.1,3,2021.3/2022.1,"[""2021.3"",""2022.1""]",2021-08-04,2022-03-29,238,,,,"DEM, PATRIOTA, PP, PR, PRB, PSC, PSD, PSDB, PSL",9,7,PSD,5749010,98264190,0.058505646868915316,35,513,30.013396843753558,4.986603156246441,46426736,0.47246851574312065,257,242.3763485762209,14.6236514237791,positive,4,,4.2634970812796755,0.7231060749667654,19.06897840875699,-4.44532698497789,98308071//3275473,16333484//3275473,3969485928//16377365,239496877//16377365,3092314086900934820851741195936392706210034807308643553435052113095816029700998421116581601767130750588919318652497709253076546317387811768937992116201//725299918810495807328211452263398346263291821605799047656390578506999533150238597536904236239510514897069421370214299924488920729067121193628609755420,1717883319928866620602709213883616647730035415129508426210322561756528944464073327641471863265276101879305713415000715167538600509632950963955167531567245207//2375700300965971133516758750179550171430063252790611424024220617354057281846211469789996329388138224761448668823759943616565498647199670657458283281414813660,3073495220371231634874373197353913911386487408178985947239965425794066801902088940324673264231814150346235575268153949593002860852798680492794060994751//161177759735665734961824767169644076947398182579066455034753461890444340700053021674867608053224558866015426971158733316553093495348249154139691056760,-2346836590245361388923518608180039334980920469697803326307055155581982221829302482523258207371706664854364039747488881617178200281115112422904115380890094519//527933400214660251892613055595455593651125167286802538672049026078679395965824771064443628752919605502544148627502209692570110810488815701657396284758847480,2018:DEM|PATRIOTA|PP|PR|PRB|PSC|PSD|PSDB|PSL,false,accounting attribution; not an independent causal effect
2018,cabinet,not_applicable,,,cabinet/2018/2021.3/2022.1,Cabinet 2018/2021.3/2022.1,3,2021.3/2022.1,"[""2021.3"",""2022.1""]",2021-08-04,2022-03-29,238,,,,"DEM, PATRIOTA, PP, PR, PRB, PSC, PSD, PSDB, PSL",9,8,PSDB,5891806,98264190,0.059958831391171086,30,513,30.758880503670767,-0.7588805036707675,46426736,0.47246851574312065,257,242.3763485762209,14.6236514237791,negative,,4,0.42071662555200234,-1.1795971292227698,19.06897840875699,-4.44532698497789,503749413//16377365,-12428463//16377365,3969485928//16377365,239496877//16377365,11624599404003544697890286672576509576426350406354651757488159788810060104464343740233826227838303760743886079502582641624933061648261180478489303567//27630473097542697422027102943367556048125402727839963720243450609790458405723375144263018523409924377031216052198639997123387456345414140709661324016,-533784619983453318641023188720255753503682523385826510298663152935773420051322643134867145466395940623305812392189680219123849287034169835513913481176428363//452514343041137358765096904796104794558107286245830747433184879496010910827849803769523110359645376145037841680716179736488666408990413458563482529793297840,3073495220371231634874373197353913911386487408178985947239965425794066801902088940324673264231814150346235575268153949593002860852798680492794060994751//161177759735665734961824767169644076947398182579066455034753461890444340700053021674867608053224558866015426971158733316553093495348249154139691056760,-2346836590245361388923518608180039334980920469697803326307055155581982221829302482523258207371706664854364039747488881617178200281115112422904115380890094519//527933400214660251892613055595455593651125167286802538672049026078679395965824771064443628752919605502544148627502209692570110810488815701657396284758847480,2018:DEM|PATRIOTA|PP|PR|PRB|PSC|PSD|PSDB|PSL,false,accounting attribution; not an independent causal effect
2018,cabinet,not_applicable,,,cabinet/2018/2021.3/2022.1,Cabinet 2018/2021.3/2022.1,3,2021.3/2022.1,"[""2021.3"",""2022.1""]",2021-08-04,2022-03-29,238,,,,"DEM, PATRIOTA, PP, PR, PRB, PSC, PSD, PSDB, PSL",9,9,PSL,11435001,98264190,0.11636997160410115,52,513,59.69779543290389,-7.697795432903889,46426736,0.47246851574312065,257,242.3763485762209,14.6236514237791,negative,,1,-2.4212554961908648,-5.276539936713024,19.06897840875699,-4.44532698497789,1955385171//32754730,-252139211//32754730,3969485928//16377365,239496877//16377365,-7024545659226803664726601124022378162275964556777742821882329771464241845242442450803026827170700799916678817052031447958376199314975987464255004750547//2901199675241983229312845809053593385053167286423196190625562314027998132600954390147616944958042059588277685480857199697955682916268484774514439021680,-50141910062832392271304267082438018215887938810293106346234107485508073476786003076221488312521818439734848331679080390612632055648589138933652623128112275717//9502801203863884534067035000718200685720253011162445696096882469416229127384845879159985317552552899045794675295039774466261994588798682629833133125659254640,3073495220371231634874373197353913911386487408178985947239965425794066801902088940324673264231814150346235575268153949593002860852798680492794060994751//161177759735665734961824767169644076947398182579066455034753461890444340700053021674867608053224558866015426971158733316553093495348249154139691056760,-2346836590245361388923518608180039334980920469697803326307055155581982221829302482523258207371706664854364039747488881617178200281115112422904115380890094519//527933400214660251892613055595455593651125167286802538672049026078679395965824771064443628752919605502544148627502209692570110810488815701657396284758847480,2018:DEM|PATRIOTA|PP|PR|PRB|PSC|PSD|PSDB|PSL,false,accounting attribution; not an independent causal effect
2022,cabinet,not_applicable,,,cabinet/2022/2023.1,Cabinet 2022/2023.1,4,2023.1,"[""2023.1""]",2023-01-01,2023-09-12,255,,,,"MDB, PCdoB, PDT, PSB, PSD, PSOL, PT, REDE, UNIÃO",9,1,MDB,7950895,109413508,0.0726683125816604,42,513,37.27884435439178,4.721155645608219,53490123,0.48888043147286714,263,250.79566134558084,12.20433865441916,positive,3,,5.119561127195656,-0.3984054815874375,13.196247377886202,-0.9919087234670415,4078809135//109413508,516558201//109413508,27440433099//109413508,1335319505//109413508,19962380190803625382655852792963004145363348615090330142367971645519694908795346962475103476846022825555752170910220810588651959797648329//3899236613224779577337957953189012317622001073494015341616556588702771871420922451123703889899480639187164052413652792986409737633367700,-10623212156550565321436455093545098875317777128739838038923143831615096340402746883035907765096396461204708086952288584838920274485078571420027//26664322273435145380206455075931851545389584714421627220755365453155214985993004373337686534196746506971867971629601198415055357489148619430725,10497487268074346792160899000840248410623615841056399283426289338360898340882412403622135690913235639511058447948596679249499892666036156185733268203//795490336568383810430275798306058116106485073201320908094873835108126063543250118510510096546683857514751193534681368057738706123762929289374450650,-43166572363286509472550572054050582048605050788637235552479576699515170429576631121182046488300368470720107817100720813128065010845452413539741612395078937//43518694152023777294791732250083138067540916704296655394202871558296815959248952593825322266295683308830544915908204070718169192190992126953202885594690100,2022:MDB|PCdoB|PDT|PSB|PSD|PSOL|PT|REDE|UNIÃO,false,accounting attribution; not an independent causal effect
2022,cabinet,not_applicable,,,cabinet/2022/2023.1,Cabinet 2022/2023.1,4,2023.1,"[""2023.1""]",2023-01-01,2023-09-12,255,,,,"MDB, PCdoB, PDT, PSB, PSD, PSOL, PT, REDE, UNIÃO",9,2,PCdoB,1154712,109413508,0.010553651199996256,6,513,5.414023065598079,0.5859769344019204,53490123,0.48888043147286714,263,250.79566134558084,12.20433865441916,positive,5,,0.17628181135851972,0.4096951230434007,13.196247377886202,-0.9919087234670415,148091814//27353377,16028448//27353377,27440433099//109413508,1335319505//109413508,560921909793892832128129877105602735603273907909860528977920954530173161411827953728109935706391029867488031432503278483315921693422484374735533519//3181961346273535241721103193224232464425940292805283632379495340432504254173000474042040386186735430059004774138725472230954824495051717157497802600,35658793510603010463295684201795341956775360197012565760293360784901007588411138824694647575071331981074734787273193787839174778585399070390911015447021137//87037388304047554589583464500166276135081833408593310788405743116593631918497905187650644532591366617661089831816408141436338384381984253906405771189380200,10497487268074346792160899000840248410623615841056399283426289338360898340882412403622135690913235639511058447948596679249499892666036156185733268203//795490336568383810430275798306058116106485073201320908094873835108126063543250118510510096546683857514751193534681368057738706123762929289374450650,-43166572363286509472550572054050582048605050788637235552479576699515170429576631121182046488300368470720107817100720813128065010845452413539741612395078937//43518694152023777294791732250083138067540916704296655394202871558296815959248952593825322266295683308830544915908204070718169192190992126953202885594690100,2022:MDB|PCdoB|PDT|PSB|PSD|PSOL|PT|REDE|UNIÃO,false,accounting attribution; not an independent causal effect
2022,cabinet,not_applicable,,,cabinet/2022/2023.1,Cabinet 2022/2023.1,4,2023.1,"[""2023.1""]",2023-01-01,2023-09-12,255,,,,"MDB, PCdoB, PDT, PSB, PSD, PSOL, PT, REDE, UNIÃO",9,3,PDT,3828367,109413508,0.034989893569631274,17,513,17.949815401220842,-0.9498154012208437,53490123,0.48888043147286714,263,250.79566134558084,12.20433865441916,negative,,4,-1.9742011739935168,1.024385772772673,13.196247377886202,-0.9919087234670415,1963952271//109413508,-103922635//109413508,27440433099//109413508,1335319505//109413508,-241608916362123262135027425050234237986749328342426506689597035000572183922795349137323692417075301163239463999076712732488577624576852603959330891//122383128702828278527734738200932017862536165107895524322288282324327086698961556693924630237951362694577106697643287393498262480578912198365300100,857306368057278611342550354754824340480954716861321696050968198565211824911543973741551428321039074210334828842715824073451221433241473619397525197457008//836897964461995717207533312501598808991171475082627988350055222274938768447095242188948505121070832862125863767465462898426330619057540902946209338359425,10497487268074346792160899000840248410623615841056399283426289338360898340882412403622135690913235639511058447948596679249499892666036156185733268203//795490336568383810430275798306058116106485073201320908094873835108126063543250118510510096546683857514751193534681368057738706123762929289374450650,-43166572363286509472550572054050582048605050788637235552479576699515170429576631121182046488300368470720107817100720813128065010845452413539741612395078937//43518694152023777294791732250083138067540916704296655394202871558296815959248952593825322266295683308830544915908204070718169192190992126953202885594690100,2022:MDB|PCdoB|PDT|PSB|PSD|PSOL|PT|REDE|UNIÃO,false,accounting attribution; not an independent causal effect
2022,cabinet,not_applicable,,,cabinet/2022/2023.1,Cabinet 2022/2023.1,4,2023.1,"[""2023.1""]",2023-01-01,2023-09-12,255,,,,"MDB, PCdoB, PDT, PSB, PSD, PSOL, PT, REDE, UNIÃO",9,4,PSB,4174899,109413508,0.0381570710629258,14,513,19.574577455280934,-5.574577455280933,53490123,0.48888043147286714,263,250.79566134558084,12.20433865441916,negative,,2,-5.545916698920125,-0.02866075636080796,13.196247377886202,-0.9919087234670415,2141723187//109413508,-609934075//109413508,27440433099//109413508,1335319505//109413508,-37481961504642815682245952895297778872062490161984785663208215455498235703078699666214774244277814114813728986977965034027413477711559//6758478992650778225654272811176302946214823506197828784224899818858791086914504953723631292393066023692353589046455451529741078185400,-5298434461363866075659282951295327104668220675696456118717868894356110282689063118338331618083673175259728970358616195805320687403286291507//184867223832556966149712395864955227954024790353491047316355337532476222364612220767570040549824767131947879738490766479398234423991722095800,10497487268074346792160899000840248410623615841056399283426289338360898340882412403622135690913235639511058447948596679249499892666036156185733268203//795490336568383810430275798306058116106485073201320908094873835108126063543250118510510096546683857514751193534681368057738706123762929289374450650,-43166572363286509472550572054050582048605050788637235552479576699515170429576631121182046488300368470720107817100720813128065010845452413539741612395078937//43518694152023777294791732250083138067540916704296655394202871558296815959248952593825322266295683308830544915908204070718169192190992126953202885594690100,2022:MDB|PCdoB|PDT|PSB|PSD|PSOL|PT|REDE|UNIÃO,false,accounting attribution; not an independent causal effect
2022,cabinet,not_applicable,,,cabinet/2022/2023.1,Cabinet 2022/2023.1,4,2023.1,"[""2023.1""]",2023-01-01,2023-09-12,255,,,,"MDB, PCdoB, PDT, PSB, PSD, PSOL, PT, REDE, UNIÃO",9,5,PSD,8293956,109413508,0.07580376638687063,42,513,38.88733215646463,3.1126678435353705,53490123,0.48888043147286714,263,250.79566134558084,12.20433865441916,positive,4,,2.351878855613102,0.7607889879222685,13.196247377886202,-0.9919087234670415,1063699857//27353377,85141977//27353377,27440433099//109413508,1335319505//109413508,1129075772443228503250922040368491135597952955168479938472286043936663676831830177522501565370173461123333455346892278404979555180102690996363//480073950130775006238035262663270873841149761326312224213174635498068328263678837495112130944210026615460888530623262178472121877961624872040,9990409955127752226725458691056610532184147021412834614807713700921791474867377071645663364612419131761575314857679314464078845940953666199834855229//13131643745806288047806330278922472265296407535018638288611494171616245754756162648925537774990342825192735712733114135337589233717832316657486879080,10497487268074346792160899000840248410623615841056399283426289338360898340882412403622135690913235639511058447948596679249499892666036156185733268203//795490336568383810430275798306058116106485073201320908094873835108126063543250118510510096546683857514751193534681368057738706123762929289374450650,-43166572363286509472550572054050582048605050788637235552479576699515170429576631121182046488300368470720107817100720813128065010845452413539741612395078937//43518694152023777294791732250083138067540916704296655394202871558296815959248952593825322266295683308830544915908204070718169192190992126953202885594690100,2022:MDB|PCdoB|PDT|PSB|PSD|PSOL|PT|REDE|UNIÃO,false,accounting attribution; not an independent causal effect
2022,cabinet,not_applicable,,,cabinet/2022/2023.1,Cabinet 2022/2023.1,4,2023.1,"[""2023.1""]",2023-01-01,2023-09-12,255,,,,"MDB, PCdoB, PDT, PSB, PSD, PSOL, PT, REDE, UNIÃO",9,6,PSOL,3852246,109413508,0.035208139016984996,12,513,18.0617753157133,-6.0617753157133025,53490123,0.48888043147286714,263,250.79566134558084,12.20433865441916,negative,,1,-3.4020788280282557,-2.6596964876850473,13.196247377886202,-0.9919087234670415,31874229//1764734,-10697421//1764734,27440433099//109413508,1335319505//109413508,-2071683804786752281992149885730025362845791060042659579797701986909160510979208475707944700615535483903114380271021624374692113306960741024639//608946444073854358550013002604460838436037416176562861734656370798252798933852431852389050349064404247941962630046278622400741097026272312120,-1429092815577215332242652003945061744043484786019790227022845835297432894720694062614415722039041245852072452533335608318936423171122913316007880747//537314247018114648790699323069090296628291026799465242620223537932141927436866568736296969189352911183043805739986044729211874719559780821228388040,10497487268074346792160899000840248410623615841056399283426289338360898340882412403622135690913235639511058447948596679249499892666036156185733268203//795490336568383810430275798306058116106485073201320908094873835108126063543250118510510096546683857514751193534681368057738706123762929289374450650,-43166572363286509472550572054050582048605050788637235552479576699515170429576631121182046488300368470720107817100720813128065010845452413539741612395078937//43518694152023777294791732250083138067540916704296655394202871558296815959248952593825322266295683308830544915908204070718169192190992126953202885594690100,2022:MDB|PCdoB|PDT|PSB|PSD|PSOL|PT|REDE|UNIÃO,false,accounting attribution; not an independent causal effect
2022,cabinet,not_applicable,,,cabinet/2022/2023.1,Cabinet 2022/2023.1,4,2023.1,"[""2023.1""]",2023-01-01,2023-09-12,255,,,,"MDB, PCdoB, PDT, PSB, PSD, PSOL, PT, REDE, UNIÃO",9,7,PT,13236698,109413508,0.1209786455251942,69,513,62.062045154424624,6.937954845575375,53490123,0.48888043147286714,263,250.79566134558084,12.20433865441916,positive,2,,9.068253408506147,-2.130298562930772,13.196247377886202,-0.9919087234670415,3395213037//54706754,379552989//54706754,27440433099//109413508,1335319505//109413508,801523106224438693530399268054721330297303735508917221104094566784387508834906089502206402412480370091487601613649455603237670856919557373971976973//88387815174264867825586199811784235122942785911257878677208203900902895949250013167834455171853761946083465948297929784193189569306992143263827850,-2575216989241112483539442865883938622783906363290595654892892472975226132552549811339565499085241529723383342842931274454398702157093974117867217776657998//1208852615333993813744214784724531612987247686230462649838968654397133776645804238717370062952657869689737358775227890853282477560860892415366746822074725,10497487268074346792160899000840248410623615841056399283426289338360898340882412403622135690913235639511058447948596679249499892666036156185733268203//795490336568383810430275798306058116106485073201320908094873835108126063543250118510510096546683857514751193534681368057738706123762929289374450650,-43166572363286509472550572054050582048605050788637235552479576699515170429576631121182046488300368470720107817100720813128065010845452413539741612395078937//43518694152023777294791732250083138067540916704296655394202871558296815959248952593825322266295683308830544915908204070718169192190992126953202885594690100,2022:MDB|PCdoB|PDT|PSB|PSD|PSOL|PT|REDE|UNIÃO,false,accounting attribution; not an independent causal effect
2022,cabinet,not_applicable,,,cabinet/2022/2023.1,Cabinet 2022/2023.1,4,2023.1,"[""2023.1""]",2023-01-01,2023-09-12,255,,,,"MDB, PCdoB, PDT, PSB, PSD, PSOL, PT, REDE, UNIÃO",9,8,REDE,782917,109413508,0.007155578998527311,2,513,3.6708120262445108,-1.670812026244511,53490123,0.48888043147286714,263,250.79566134558084,12.20433865441916,negative,,3,-1.9541934416370335,0.2833814153925225,13.196247377886202,-0.9919087234670415,401636421//109413508,-182809405//109413508,27440433099//109413508,1335319505//109413508,-63315669924212517774722937830482355050323924976586249166280991553713242311853297138259249330912994373983568151360040583792233816632782288943//32399898891878790747375603732654540734264147231381603989405606761993013614873755183125703524562623340887680182218811864687283969573984185740,62786457455854039912346932888539258498647831238490689537250832736638552143870555382526848825634218690938571240979027156540834468135206597436522334//221561662287860700404269162375476715866546009200871811196728891918636043193443658232435351724397549088075057669914964356716066381453429706146060995,10497487268074346792160899000840248410623615841056399283426289338360898340882412403622135690913235639511058447948596679249499892666036156185733268203//795490336568383810430275798306058116106485073201320908094873835108126063543250118510510096546683857514751193534681368057738706123762929289374450650,-43166572363286509472550572054050582048605050788637235552479576699515170429576631121182046488300368470720107817100720813128065010845452413539741612395078937//43518694152023777294791732250083138067540916704296655394202871558296815959248952593825322266295683308830544915908204070718169192190992126953202885594690100,2022:MDB|PCdoB|PDT|PSB|PSD|PSOL|PT|REDE|UNIÃO,false,accounting attribution; not an independent causal effect
2022,cabinet,not_applicable,,,cabinet/2022/2023.1,Cabinet 2022/2023.1,4,2023.1,"[""2023.1""]",2023-01-01,2023-09-12,255,,,,"MDB, PCdoB, PDT, PSB, PSD, PSOL, PT, REDE, UNIÃO",9,9,UNIÃO,10215433,109413508,0.09336537313107629,59,513,47.89643641624213,11.103563583757866,53490123,0.48888043147286714,263,250.79566134558084,12.20433865441916,positive,1,,9.356662317791708,1.7469012659661585,13.196247377886202,-0.9919087234670415,5240517129//109413508,1214879843//109413508,27440433099//109413508,1335319505//109413508,4778898527343075495806018122834522093667485210561655676900661006037613327463678155124742904053593417025860282506398089419341895841789372033401509//510748209674724757900658618495061390758577896116417918519983200711477408374478406748321089275559459078491938064000878367729506339494657649678620,6101353283095055340099338856436069556779913931969669542258005940850794254917465153882760420129348976246056885316441478461339940798249137093047412117068//3492672082826948418522610934998646714890924294084803803708095630681927444562516259536542718001258692522515643331316538580912455232021840044398305424935,10497487268074346792160899000840248410623615841056399283426289338360898340882412403622135690913235639511058447948596679249499892666036156185733268203//795490336568383810430275798306058116106485073201320908094873835108126063543250118510510096546683857514751193534681368057738706123762929289374450650,-43166572363286509472550572054050582048605050788637235552479576699515170429576631121182046488300368470720107817100720813128065010845452413539741612395078937//43518694152023777294791732250083138067540916704296655394202871558296815959248952593825322266295683308830544915908204070718169192190992126953202885594690100,2022:MDB|PCdoB|PDT|PSB|PSD|PSOL|PT|REDE|UNIÃO,false,accounting attribution; not an independent causal effect
2014,ideological,seat_winning,0,0,ideological/2014/05-16,Ideological 2014/PSB-PTN,1,,,,,,PSB,PTN,true,"PSB, PPS, PV, PTB, PT DO B, SOLIDARIEDADE, PMN, PHS, PMDB, PSD, PSDB, PTN",12,1,PSB,6267878,97355354,0.06438144120969454,34,513,33.0276793405733,0.9723206594267019,47627762,0.4892156419050153,260,250.96762429727286,9.032375702727146,positive,4,,0.6493641207763222,0.32295653865037965,10.508783851460613,-1.476408148733468,84616353//2561983,2491069//2561983,642974787//2561983,23140793//2561983,26814613653071994116353640541307325311051439454135022894382095667717751972598121556315431029781307283430552435948118624922133244676875044831//41293648347886570538453764357372939922857492750984329766007678526407522777702753034557786324843108710056192305207836973429974668936655871940,34166742965583104682457431269016486858309191602678575005861257134032932006316366039829153286468394993325711888034112442531351871976372048276443987//105793625075263479647819390569595396742382207850645086126905650254121124428587232327735461081880522182315893730673289792699046792246340420760457020,1403943021819941147185345877176847436867696425702929237711885136510778228177627213415344748292227914382569137203610477334016818982730940970157//133597097596103610565585708215030099750421300076714008066495430526612573692567730405922249874492410532534739810966531384626388634795063115100,-505335373999087021438522188884760099754760523945544776353707624431070578344246413304232425824062096569191446565881948851993770212488811371081467031//342273492890558316507650969489867460048883613634439984528224162586862461386605751648555903500201689413374950305119466976379269033738160184813243300,2014:PHS|PMDB|PMN|PPS|PSB|PSD|PSDB|PT DO B|PTB|PTN|PV|SOLIDARIEDADE,false,accounting attribution; not an independent causal effect
2014,ideological,seat_winning,0,0,ideological/2014/05-16,Ideological 2014/PSB-PTN,1,,,,,,PSB,PTN,true,"PSB, PPS, PV, PTB, PT DO B, SOLIDARIEDADE, PMN, PHS, PMDB, PSD, PSDB, PTN",12,2,PPS,1955689,97355354,0.020088150467821215,10,513,10.305221189992283,-0.3052211899922833,47627762,0.4892156419050153,260,250.96762429727286,9.032375702727146,negative,,4,0.4917271627390606,-0.7969483527313439,10.508783851460613,-1.476408148733468,52803603//5123966,-1563943//5123966,642974787//2561983,23140793//2561983,3850987826788937172246270918469438260379761696010437194508101743731265419394109401168222991323757253860509864666055443194115172939471745847//7831553997012970274534334619501764468128145176910821162518697651560047423357418678967856027125417169148588195815279425995340023419020941230,-7995108685907714754198021675213405428215695442718314052791969905173373098344757153226840136647958366201092939485351249092751902117996787892684773//10032154101964640311431149105737494518674174882388758167206570282718382488917754789699052343971428827633403715839708514824909609609566764037629545,1403943021819941147185345877176847436867696425702929237711885136510778228177627213415344748292227914382569137203610477334016818982730940970157//133597097596103610565585708215030099750421300076714008066495430526612573692567730405922249874492410532534739810966531384626388634795063115100,-505335373999087021438522188884760099754760523945544776353707624431070578344246413304232425824062096569191446565881948851993770212488811371081467031//342273492890558316507650969489867460048883613634439984528224162586862461386605751648555903500201689413374950305119466976379269033738160184813243300,2014:PHS|PMDB|PMN|PPS|PSB|PSD|PSDB|PT DO B|PTB|PTN|PV|SOLIDARIEDADE,false,accounting attribution; not an independent causal effect
2014,ideological,seat_winning,0,0,ideological/2014/05-16,Ideological 2014/PSB-PTN,1,,,,,,PSB,PTN,true,"PSB, PPS, PV, PTB, PT DO B, SOLIDARIEDADE, PMN, PHS, PMDB, PSD, PSDB, PTN",12,3,PV,2004464,97355354,0.02058915013549229,8,513,10.562234019507546,-2.5622340195075455,47627762,0.4892156419050153,260,250.96762429727286,9.032375702727146,negative,,3,-1.4035201183314603,-1.1587139011760854,10.508783851460613,-1.476408148733468,27060264//2561983,-6564400//2561983,642974787//2561983,23140793//2561983,-108546392678445623305069481006445955067866899299351647047765830037080737068847515413384617172002233355078946653090939134146854692003164//77338679553441876872241152805491981525391787037598774924334655160671501502209065815515985644849119523084033001905325899171874038717175,-229588015307111703208147999319034136222643004561962567354926165800821786463244027558043774510869762379587601254581437816804888715372681455788//198140382258365680034775005388072763304367826729948422176971672832502655433134089065233091450347481783109400122320412563138055365334744158025,1403943021819941147185345877176847436867696425702929237711885136510778228177627213415344748292227914382569137203610477334016818982730940970157//133597097596103610565585708215030099750421300076714008066495430526612573692567730405922249874492410532534739810966531384626388634795063115100,-505335373999087021438522188884760099754760523945544776353707624431070578344246413304232425824062096569191446565881948851993770212488811371081467031//342273492890558316507650969489867460048883613634439984528224162586862461386605751648555903500201689413374950305119466976379269033738160184813243300,2014:PHS|PMDB|PMN|PPS|PSB|PSD|PSDB|PT DO B|PTB|PTN|PV|SOLIDARIEDADE,false,accounting attribution; not an independent causal effect
2014,ideological,seat_winning,0,0,ideological/2014/05-16,Ideological 2014/PSB-PTN,1,,,,,,PSB,PTN,true,"PSB, PPS, PV, PTB, PT DO B, SOLIDARIEDADE, PMN, PHS, PMDB, PSD, PSDB, PTN",12,4,PTB,3914193,97355354,0.040205215626867324,25,513,20.625275616582936,4.374724383417064,47627762,0.4892156419050153,260,250.96762429727286,9.032375702727146,positive,3,,4.084472535550831,0.2902518478662325,10.508783851460613,-1.476408148733468,105683211//5123966,22415939//5123966,642974787//2561983,23140793//2561983,302493016021630978982671373632362711868895002516952268738118210768108389498533601134512467091284611543648967128930561573780663607155750771143//74059260623927001509183381727897120513820503303395808819470293009317839764358198377196029821729488447383388373470577180608106743201611074675,110143939198757205428839916960733416429434608531441094715927484452373855664384526902321887574207841664885919889267862510344691880592554895828731687//379477133422140742215004335738766097010718789029487808933465919389782294146019420306007632141527960001785270990458539473811798276535786291858161050,1403943021819941147185345877176847436867696425702929237711885136510778228177627213415344748292227914382569137203610477334016818982730940970157//133597097596103610565585708215030099750421300076714008066495430526612573692567730405922249874492410532534739810966531384626388634795063115100,-505335373999087021438522188884760099754760523945544776353707624431070578344246413304232425824062096569191446565881948851993770212488811371081467031//342273492890558316507650969489867460048883613634439984528224162586862461386605751648555903500201689413374950305119466976379269033738160184813243300,2014:PHS|PMDB|PMN|PPS|PSB|PSD|PSDB|PT DO B|PTB|PTN|PV|SOLIDARIEDADE,false,accounting attribution; not an independent causal effect
2014,ideological,seat_winning,0,0,ideological/2014/05-16,Ideological 2014/PSB-PTN,1,,,,,,PSB,PTN,true,"PSB, PPS, PV, PTB, PT DO B, SOLIDARIEDADE, PMN, PHS, PMDB, PSD, PSDB, PTN",12,5,PT DO B,812497,97355354,0.008345683792593471,1,513,4.281335785600451,-3.281335785600451,47627762,0.4892156419050153,260,250.96762429727286,9.032375702727146,negative,,2,-3.614965224246245,0.33362943864579403,10.508783851460613,-1.476408148733468,21937419//5123966,-16813453//5123966,642974787//2561983,23140793//2561983,-6876156324784325557183196191550121719608250221934308790977865793382851042965592374523965882254275777627501219781005420792909821589857536231//1902136230430285912575340904234096897619063736435626580511241473159475504835553950503080609603325778101415893455972389898365667329577950550,812928277235764880072537451128705450392566855029764360373804149309787705504093855293048795263511456347572889260349968776179260608250394770665749//2436620343023237596578754807926192136026390884332277946808965981564766266152553508385866984716678693478799897482006255694492283741017053241970325,1403943021819941147185345877176847436867696425702929237711885136510778228177627213415344748292227914382569137203610477334016818982730940970157//133597097596103610565585708215030099750421300076714008066495430526612573692567730405922249874492410532534739810966531384626388634795063115100,-505335373999087021438522188884760099754760523945544776353707624431070578344246413304232425824062096569191446565881948851993770212488811371081467031//342273492890558316507650969489867460048883613634439984528224162586862461386605751648555903500201689413374950305119466976379269033738160184813243300,2014:PHS|PMDB|PMN|PPS|PSB|PSD|PSDB|PT DO B|PTB|PTN|PV|SOLIDARIEDADE,false,accounting attribution; not an independent causal effect
2014,ideological,seat_winning,0,0,ideological/2014/05-16,Ideological 2014/PSB-PTN,1,,,,,,PSB,PTN,true,"PSB, PPS, PV, PTB, PT DO B, SOLIDARIEDADE, PMN, PHS, PMDB, PSD, PSDB, PTN",12,6,SOLIDARIEDADE,2689701,97355354,0.02762766390844822,15,513,14.172991585033937,0.8270084149660634,47627762,0.4892156419050153,260,250.96762429727286,9.032375702727146,positive,5,,0.6928057918334442,0.1342026231326193,10.508783851460613,-1.476408148733468,72621927//5123966,4237563//5123966,642974787//2561983,23140793//2561983,2305445173295551744816746837908491248364226487200299404383843585229725022069910780967115113614326825307907659654155599014807928855953269351//3327693273456060629472464526967782704406098316929140127663622445351521982085936141979015747789554548063136376243854994195822134493063843160,1144143604057884778763769085120278956157683532733714244459788720177959171269276675452039474502200186794204996358786926353960653860253824334626507//8525493595808778579677753086194500836382448984301069211692030423409028342230472934835824702569126329710438322618360349594794979594943184090586280,1403943021819941147185345877176847436867696425702929237711885136510778228177627213415344748292227914382569137203610477334016818982730940970157//133597097596103610565585708215030099750421300076714008066495430526612573692567730405922249874492410532534739810966531384626388634795063115100,-505335373999087021438522188884760099754760523945544776353707624431070578344246413304232425824062096569191446565881948851993770212488811371081467031//342273492890558316507650969489867460048883613634439984528224162586862461386605751648555903500201689413374950305119466976379269033738160184813243300,2014:PHS|PMDB|PMN|PPS|PSB|PSD|PSDB|PT DO B|PTB|PTN|PV|SOLIDARIEDADE,false,accounting attribution; not an independent causal effect
2014,ideological,seat_winning,0,0,ideological/2014/05-16,Ideological 2014/PSB-PTN,1,,,,,,PSB,PTN,true,"PSB, PPS, PV, PTB, PT DO B, SOLIDARIEDADE, PMN, PHS, PMDB, PSD, PSDB, PTN",12,7,PMN,468473,97355354,0.004811990103800557,3,513,2.468550923249686,0.5314490767503142,47627762,0.4892156419050153,260,250.96762429727286,9.032375702727146,positive,6,,0.1733140509435868,0.3581350258067273,10.508783851460613,-1.476408148733468,12648771//5123966,2723127//5123966,642974787//2561983,23140793//2561983,1318667742169746924455636317828125251050733166684908378937568602947467890820337605522098616030922015579160576262911438048782599575178594169//7608544921721143650301363616936387590476254945742506322044965892637902019342215802012322438413303112405663573823889559593462669318311802200,6981112715438591637749476200590313349982705840234575383220062096075523476785094045534882003779801754048404164742380817586999418348968451269862573//19492962744185900772630038463409537088211127074658223574471727852518130129220428067086935877733429547830399179856050045555938269928136425935762600,1403943021819941147185345877176847436867696425702929237711885136510778228177627213415344748292227914382569137203610477334016818982730940970157//133597097596103610565585708215030099750421300076714008066495430526612573692567730405922249874492410532534739810966531384626388634795063115100,-505335373999087021438522188884760099754760523945544776353707624431070578344246413304232425824062096569191446565881948851993770212488811371081467031//342273492890558316507650969489867460048883613634439984528224162586862461386605751648555903500201689413374950305119466976379269033738160184813243300,2014:PHS|PMDB|PMN|PPS|PSB|PSD|PSDB|PT DO B|PTB|PTN|PV|SOLIDARIEDADE,false,accounting attribution; not an independent causal effect
2014,ideological,seat_winning,0,0,ideological/2014/05-16,Ideological 2014/PSB-PTN,1,,,,,,PSB,PTN,true,"PSB, PPS, PV, PTB, PT DO B, SOLIDARIEDADE, PMN, PHS, PMDB, PSD, PSDB, PTN",12,8,PHS,943068,97355354,0.009686863241234786,5,513,4.969360842753446,0.030639157246554718,47627762,0.4892156419050153,260,250.96762429727286,9.032375702727146,positive,8,,-0.09207556833931149,0.12271472558586621,10.508783851460613,-1.476408148733468,12731418//2561983,78497//2561983,642974787//2561983,23140793//2561983,-177392169516470456594308007821000655732859316541671689733683638465269349557453577490218433919666053295764178798339871247407599709227373//1926593261556151502481846567606209051410581394696073963886129280976313709424638950513769292004606476989870640193990547684246237623858600,605707513886688754287172522818655314885014518110839378622141499294963861235959472517601642103293388845115673733614854379617341440605501284859//4935899184021413694782948714815458284160035553327631662218877153663539126212864772354118192037837715737939752376120485327728228606286127603800,1403943021819941147185345877176847436867696425702929237711885136510778228177627213415344748292227914382569137203610477334016818982730940970157//133597097596103610565585708215030099750421300076714008066495430526612573692567730405922249874492410532534739810966531384626388634795063115100,-505335373999087021438522188884760099754760523945544776353707624431070578344246413304232425824062096569191446565881948851993770212488811371081467031//342273492890558316507650969489867460048883613634439984528224162586862461386605751648555903500201689413374950305119466976379269033738160184813243300,2014:PHS|PMDB|PMN|PPS|PSB|PSD|PSDB|PT DO B|PTB|PTN|PV|SOLIDARIEDADE,false,accounting attribution; not an independent causal effect
2014,ideological,seat_winning,0,0,ideological/2014/05-16,Ideological 2014/PSB-PTN,1,,,,,,PSB,PTN,true,"PSB, PPS, PV, PTB, PT DO B, SOLIDARIEDADE, PMN, PHS, PMDB, PSD, PSDB, PTN",12,9,PMDB,10791949,97355354,0.11085110943153675,65,513,56.86661913837836,8.133380861621642,47627762,0.4892156419050153,260,250.96762429727286,9.032375702727146,positive,1,,3.9086952162479633,4.224685645373679,10.508783851460613,-1.476408148733468,291382623//5123966,41675167//5123966,642974787//2561983,23140793//2561983,1183158165631686216544067255830149040749674192654009893964425573012712486817105396842347796764954889674007591813996908847862935404232088757//302699008281189041665328140697789110456772237945373602176519034913023291053398829388335099009245765567518402877039988476429242541852068900,3276284753766903786866035126396436124666742111550292643880336206515709889656852930263337816186656488922906615638561750195857696471853990901578019//775509713333265544532862385889343838575372708488002097425004766623572150282859893112814921965004494205967500358127540796807620095101789036628700,1403943021819941147185345877176847436867696425702929237711885136510778228177627213415344748292227914382569137203610477334016818982730940970157//133597097596103610565585708215030099750421300076714008066495430526612573692567730405922249874492410532534739810966531384626388634795063115100,-505335373999087021438522188884760099754760523945544776353707624431070578344246413304232425824062096569191446565881948851993770212488811371081467031//342273492890558316507650969489867460048883613634439984528224162586862461386605751648555903500201689413374950305119466976379269033738160184813243300,2014:PHS|PMDB|PMN|PPS|PSB|PSD|PSDB|PT DO B|PTB|PTN|PV|SOLIDARIEDADE,false,accounting attribution; not an independent causal effect
2014,ideological,seat_winning,0,0,ideological/2014/05-16,Ideological 2014/PSB-PTN,1,,,,,,PSB,PTN,true,"PSB, PPS, PV, PTB, PT DO B, SOLIDARIEDADE, PMN, PHS, PMDB, PSD, PSDB, PTN",12,10,PSD,5967953,97355354,0.061300716959028265,36,513,31.4472677999815,4.552732200018501,47627762,0.4892156419050153,260,250.96762429727286,9.032375702727146,positive,2,,4.645941310001025,-0.09320910998252392,10.508783851460613,-1.476408148733468,161134731//5123966,23328045//5123966,642974787//2561983,23140793//2561983,21103265337011198466142554182088011234328362409810590661602192615974560104308636776646597675962152499198463544639119365927723160924444107637319//4542301318267522759229914079311023391514324202608276274260844637904827505547302833801356495732741958106181153572862067077297213583032145913400,-1084702259859914796963498896937827949508894340256273345788907519326090536394339107170597556906687160309422863135346410691502028574897520059800792077//11637298758278982761260132962655493641662042863570959473959621527953323687144595556050900719006857440054748310374061877196895147147097446283650272200,1403943021819941147185345877176847436867696425702929237711885136510778228177627213415344748292227914382569137203610477334016818982730940970157//133597097596103610565585708215030099750421300076714008066495430526612573692567730405922249874492410532534739810966531384626388634795063115100,-505335373999087021438522188884760099754760523945544776353707624431070578344246413304232425824062096569191446565881948851993770212488811371081467031//342273492890558316507650969489867460048883613634439984528224162586862461386605751648555903500201689413374950305119466976379269033738160184813243300,2014:PHS|PMDB|PMN|PPS|PSB|PSD|PSDB|PT DO B|PTB|PTN|PV|SOLIDARIEDADE,false,accounting attribution; not an independent causal effect
2014,ideological,seat_winning,0,0,ideological/2014/05-16,Ideological 2014/PSB-PTN,1,,,,,,PSB,PTN,true,"PSB, PPS, PV, PTB, PT DO B, SOLIDARIEDADE, PMN, PHS, PMDB, PSD, PSDB, PTN",12,11,PSDB,11088715,97355354,0.11389938554380892,54,513,58.43038478397398,-4.4303847839739765,47627762,0.4892156419050153,260,250.96762429727286,9.032375702727146,negative,,1,0.580946490325171,-5.011331274299147,10.508783851460613,-1.476408148733468,299395305//5123966,-22701141//5123966,642974787//2561983,23140793//2561983,42791902846166185780693443196532892775312130593901325734832374339573303593547606358574459981672335487843547172040801278321686026804163920939//73658940296230098798322931015854433375907960042296372015040723857916121711577883791373348579449869590911045733613979466118333193238359122920,-945703122417180003777308039943075294001968800246623052661049847427931953634353313396150155579345431097593858342576301897166930384351930823680687897//188712952836956477209623777772791788783708803193042586064210078831675519250993441449474065713624715244131053681741543954544245629412391020815950360,1403943021819941147185345877176847436867696425702929237711885136510778228177627213415344748292227914382569137203610477334016818982730940970157//133597097596103610565585708215030099750421300076714008066495430526612573692567730405922249874492410532534739810966531384626388634795063115100,-505335373999087021438522188884760099754760523945544776353707624431070578344246413304232425824062096569191446565881948851993770212488811371081467031//342273492890558316507650969489867460048883613634439984528224162586862461386605751648555903500201689413374950305119466976379269033738160184813243300,2014:PHS|PMDB|PMN|PPS|PSB|PSD|PSDB|PT DO B|PTB|PTN|PV|SOLIDARIEDADE,false,accounting attribution; not an independent causal effect
2014,ideological,seat_winning,0,0,ideological/2014/05-16,Ideological 2014/PSB-PTN,1,,,,,,PSB,PTN,true,"PSB, PPS, PV, PTB, PT DO B, SOLIDARIEDADE, PMN, PHS, PMDB, PSD, PSDB, PTN",12,12,PTN,723182,97355354,0.007428271484688967,4,513,3.81070327164544,0.18929672835455974,47627762,0.4892156419050153,260,250.96762429727286,9.032375702727146,positive,7,,0.39207808396022525,-0.20278135560566551,10.508783851460613,-1.476408148733468,9762957//2561983,484975//2561983,642974787//2561983,23140793//2561983,205231572527406122871746767819366368570503809916163891795865168485545716115680018460325002791482399594805921227896492813//523445662798704264954625637142278536358453696099316699511908927410945522677815987032187329768901437507825212724024208600,-271941739562679919996956831085087173878923981174677199649057999880980565550524432424103781372057477905742125944376299780743179//1341058889514012748841246653722686191415240275693615695765618969575076443026679035904684391683319411570610561970333714021653800,1403943021819941147185345877176847436867696425702929237711885136510778228177627213415344748292227914382569137203610477334016818982730940970157//133597097596103610565585708215030099750421300076714008066495430526612573692567730405922249874492410532534739810966531384626388634795063115100,-505335373999087021438522188884760099754760523945544776353707624431070578344246413304232425824062096569191446565881948851993770212488811371081467031//342273492890558316507650969489867460048883613634439984528224162586862461386605751648555903500201689413374950305119466976379269033738160184813243300,2014:PHS|PMDB|PMN|PPS|PSB|PSD|PSDB|PT DO B|PTB|PTN|PV|SOLIDARIEDADE,false,accounting attribution; not an independent causal effect
2014,ideological,seat_winning,0,0,ideological/2014/05-17,Ideological 2014/PSB-PRTB,2,,,,,,PSB,PRTB,false,"PSB, PPS, PV, PTB, PT DO B, SOLIDARIEDADE, PMN, PHS, PMDB, PSD, PSDB, PTN, PRTB",13,1,PSB,6267878,97355354,0.06438144120969454,34,513,33.0276793405733,0.9723206594267019,48081952,0.49388092204975187,261,253.3609130115227,7.639086988477285,positive,4,,0.6493641207763222,0.32295653865037965,8.596445795970947,-0.9573588074936628,84616353//2561983,2491069//2561983,649106352//2561983,19571211//2561983,26814613653071994116353640541307325311051439454135022894382095667717751972598121556315431029781307283430552435948118624922133244676875044831//41293648347886570538453764357372939922857492750984329766007678526407522777702753034557786324843108710056192305207836973429974668936655871940,34166742965583104682457431269016486858309191602678575005861257134032932006316366039829153286468394993325711888034112442531351871976372048276443987//105793625075263479647819390569595396742382207850645086126905650254121124428587232327735461081880522182315893730673289792699046792246340420760457020,117142941214362419998874475329947942170861456929741686530868589653462940906333389534429921449284326405531080611273298054043554364876479390551843//13626903954802568277689742237933070174542972607824828822782533913714482516641908501404069487198225874318543460718586201231891640749096437740200,-33423211385020348771403887055045698462942802534270419353855723586186014643020933595914533251783529005474039215318135802394856312152572856082365002469//34911896274836948283780398887966480924986128590712878421878864583859971061433786668152702157020572320164244931122185631590685441441292338850950816600,2014:PHS|PMDB|PMN|PPS|PRTB|PSB|PSD|PSDB|PT DO B|PTB|PTN|PV|SOLIDARIEDADE,false,accounting attribution; not an independent causal effect
2014,ideological,seat_winning,0,0,ideological/2014/05-17,Ideological 2014/PSB-PRTB,2,,,,,,PSB,PRTB,false,"PSB, PPS, PV, PTB, PT DO B, SOLIDARIEDADE, PMN, PHS, PMDB, PSD, PSDB, PTN, PRTB",13,2,PPS,1955689,97355354,0.020088150467821215,10,513,10.305221189992283,-0.3052211899922833,48081952,0.49388092204975187,261,253.3609130115227,7.639086988477285,negative,,5,0.4917271627390606,-0.7969483527313439,8.596445795970947,-0.9573588074936628,52803603//5123966,-1563943//5123966,649106352//2561983,19571211//2561983,3850987826788937172246270918469438260379761696010437194508101743731265419394109401168222991323757253860509864666055443194115172939471745847//7831553997012970274534334619501764468128145176910821162518697651560047423357418678967856027125417169148588195815279425995340023419020941230,-7995108685907714754198021675213405428215695442718314052791969905173373098344757153226840136647958366201092939485351249092751902117996787892684773//10032154101964640311431149105737494518674174882388758167206570282718382488917754789699052343971428827633403715839708514824909609609566764037629545,117142941214362419998874475329947942170861456929741686530868589653462940906333389534429921449284326405531080611273298054043554364876479390551843//13626903954802568277689742237933070174542972607824828822782533913714482516641908501404069487198225874318543460718586201231891640749096437740200,-33423211385020348771403887055045698462942802534270419353855723586186014643020933595914533251783529005474039215318135802394856312152572856082365002469//34911896274836948283780398887966480924986128590712878421878864583859971061433786668152702157020572320164244931122185631590685441441292338850950816600,2014:PHS|PMDB|PMN|PPS|PRTB|PSB|PSD|PSDB|PT DO B|PTB|PTN|PV|SOLIDARIEDADE,false,accounting attribution; not an independent causal effect
2014,ideological,seat_winning,0,0,ideological/2014/05-17,Ideological 2014/PSB-PRTB,2,,,,,,PSB,PRTB,false,"PSB, PPS, PV, PTB, PT DO B, SOLIDARIEDADE, PMN, PHS, PMDB, PSD, PSDB, PTN, PRTB",13,3,PV,2004464,97355354,0.02058915013549229,8,513,10.562234019507546,-2.5622340195075455,48081952,0.49388092204975187,261,253.3609130115227,7.639086988477285,negative,,3,-1.4035201183314603,-1.1587139011760854,8.596445795970947,-0.9573588074936628,27060264//2561983,-6564400//2561983,649106352//2561983,19571211//2561983,-108546392678445623305069481006445955067866899299351647047765830037080737068847515413384617172002233355078946653090939134146854692003164//77338679553441876872241152805491981525391787037598774924334655160671501502209065815515985644849119523084033001905325899171874038717175,-229588015307111703208147999319034136222643004561962567354926165800821786463244027558043774510869762379587601254581437816804888715372681455788//198140382258365680034775005388072763304367826729948422176971672832502655433134089065233091450347481783109400122320412563138055365334744158025,117142941214362419998874475329947942170861456929741686530868589653462940906333389534429921449284326405531080611273298054043554364876479390551843//13626903954802568277689742237933070174542972607824828822782533913714482516641908501404069487198225874318543460718586201231891640749096437740200,-33423211385020348771403887055045698462942802534270419353855723586186014643020933595914533251783529005474039215318135802394856312152572856082365002469//34911896274836948283780398887966480924986128590712878421878864583859971061433786668152702157020572320164244931122185631590685441441292338850950816600,2014:PHS|PMDB|PMN|PPS|PRTB|PSB|PSD|PSDB|PT DO B|PTB|PTN|PV|SOLIDARIEDADE,false,accounting attribution; not an independent causal effect
2014,ideological,seat_winning,0,0,ideological/2014/05-17,Ideological 2014/PSB-PRTB,2,,,,,,PSB,PRTB,false,"PSB, PPS, PV, PTB, PT DO B, SOLIDARIEDADE, PMN, PHS, PMDB, PSD, PSDB, PTN, PRTB",13,4,PTB,3914193,97355354,0.040205215626867324,25,513,20.625275616582936,4.374724383417064,48081952,0.49388092204975187,261,253.3609130115227,7.639086988477285,positive,3,,4.084472535550831,0.2902518478662325,8.596445795970947,-0.9573588074936628,105683211//5123966,22415939//5123966,649106352//2561983,19571211//2561983,302493016021630978982671373632362711868895002516952268738118210768108389498533601134512467091284611543648967128930561573780663607155750771143//74059260623927001509183381727897120513820503303395808819470293009317839764358198377196029821729488447383388373470577180608106743201611074675,110143939198757205428839916960733416429434608531441094715927484452373855664384526902321887574207841664885919889267862510344691880592554895828731687//379477133422140742215004335738766097010718789029487808933465919389782294146019420306007632141527960001785270990458539473811798276535786291858161050,117142941214362419998874475329947942170861456929741686530868589653462940906333389534429921449284326405531080611273298054043554364876479390551843//13626903954802568277689742237933070174542972607824828822782533913714482516641908501404069487198225874318543460718586201231891640749096437740200,-33423211385020348771403887055045698462942802534270419353855723586186014643020933595914533251783529005474039215318135802394856312152572856082365002469//34911896274836948283780398887966480924986128590712878421878864583859971061433786668152702157020572320164244931122185631590685441441292338850950816600,2014:PHS|PMDB|PMN|PPS|PRTB|PSB|PSD|PSDB|PT DO B|PTB|PTN|PV|SOLIDARIEDADE,false,accounting attribution; not an independent causal effect
2014,ideological,seat_winning,0,0,ideological/2014/05-17,Ideological 2014/PSB-PRTB,2,,,,,,PSB,PRTB,false,"PSB, PPS, PV, PTB, PT DO B, SOLIDARIEDADE, PMN, PHS, PMDB, PSD, PSDB, PTN, PRTB",13,5,PT DO B,812497,97355354,0.008345683792593471,1,513,4.281335785600451,-3.281335785600451,48081952,0.49388092204975187,261,253.3609130115227,7.639086988477285,negative,,2,-3.614965224246245,0.33362943864579403,8.596445795970947,-0.9573588074936628,21937419//5123966,-16813453//5123966,649106352//2561983,19571211//2561983,-6876156324784325557183196191550121719608250221934308790977865793382851042965592374523965882254275777627501219781005420792909821589857536231//1902136230430285912575340904234096897619063736435626580511241473159475504835553950503080609603325778101415893455972389898365667329577950550,812928277235764880072537451128705450392566855029764360373804149309787705504093855293048795263511456347572889260349968776179260608250394770665749//2436620343023237596578754807926192136026390884332277946808965981564766266152553508385866984716678693478799897482006255694492283741017053241970325,117142941214362419998874475329947942170861456929741686530868589653462940906333389534429921449284326405531080611273298054043554364876479390551843//13626903954802568277689742237933070174542972607824828822782533913714482516641908501404069487198225874318543460718586201231891640749096437740200,-33423211385020348771403887055045698462942802534270419353855723586186014643020933595914533251783529005474039215318135802394856312152572856082365002469//34911896274836948283780398887966480924986128590712878421878864583859971061433786668152702157020572320164244931122185631590685441441292338850950816600,2014:PHS|PMDB|PMN|PPS|PRTB|PSB|PSD|PSDB|PT DO B|PTB|PTN|PV|SOLIDARIEDADE,false,accounting attribution; not an independent causal effect
2014,ideological,seat_winning,0,0,ideological/2014/05-17,Ideological 2014/PSB-PRTB,2,,,,,,PSB,PRTB,false,"PSB, PPS, PV, PTB, PT DO B, SOLIDARIEDADE, PMN, PHS, PMDB, PSD, PSDB, PTN, PRTB",13,6,SOLIDARIEDADE,2689701,97355354,0.02762766390844822,15,513,14.172991585033937,0.8270084149660634,48081952,0.49388092204975187,261,253.3609130115227,7.639086988477285,positive,5,,0.6928057918334442,0.1342026231326193,8.596445795970947,-0.9573588074936628,72621927//5123966,4237563//5123966,649106352//2561983,19571211//2561983,2305445173295551744816746837908491248364226487200299404383843585229725022069910780967115113614326825307907659654155599014807928855953269351//3327693273456060629472464526967782704406098316929140127663622445351521982085936141979015747789554548063136376243854994195822134493063843160,1144143604057884778763769085120278956157683532733714244459788720177959171269276675452039474502200186794204996358786926353960653860253824334626507//8525493595808778579677753086194500836382448984301069211692030423409028342230472934835824702569126329710438322618360349594794979594943184090586280,117142941214362419998874475329947942170861456929741686530868589653462940906333389534429921449284326405531080611273298054043554364876479390551843//13626903954802568277689742237933070174542972607824828822782533913714482516641908501404069487198225874318543460718586201231891640749096437740200,-33423211385020348771403887055045698462942802534270419353855723586186014643020933595914533251783529005474039215318135802394856312152572856082365002469//34911896274836948283780398887966480924986128590712878421878864583859971061433786668152702157020572320164244931122185631590685441441292338850950816600,2014:PHS|PMDB|PMN|PPS|PRTB|PSB|PSD|PSDB|PT DO B|PTB|PTN|PV|SOLIDARIEDADE,false,accounting attribution; not an independent causal effect
2014,ideological,seat_winning,0,0,ideological/2014/05-17,Ideological 2014/PSB-PRTB,2,,,,,,PSB,PRTB,false,"PSB, PPS, PV, PTB, PT DO B, SOLIDARIEDADE, PMN, PHS, PMDB, PSD, PSDB, PTN, PRTB",13,7,PMN,468473,97355354,0.004811990103800557,3,513,2.468550923249686,0.5314490767503142,48081952,0.49388092204975187,261,253.3609130115227,7.639086988477285,positive,6,,0.1733140509435868,0.3581350258067273,8.596445795970947,-0.9573588074936628,12648771//5123966,2723127//5123966,649106352//2561983,19571211//2561983,1318667742169746924455636317828125251050733166684908378937568602947467890820337605522098616030922015579160576262911438048782599575178594169//7608544921721143650301363616936387590476254945742506322044965892637902019342215802012322438413303112405663573823889559593462669318311802200,6981112715438591637749476200590313349982705840234575383220062096075523476785094045534882003779801754048404164742380817586999418348968451269862573//19492962744185900772630038463409537088211127074658223574471727852518130129220428067086935877733429547830399179856050045555938269928136425935762600,117142941214362419998874475329947942170861456929741686530868589653462940906333389534429921449284326405531080611273298054043554364876479390551843//13626903954802568277689742237933070174542972607824828822782533913714482516641908501404069487198225874318543460718586201231891640749096437740200,-33423211385020348771403887055045698462942802534270419353855723586186014643020933595914533251783529005474039215318135802394856312152572856082365002469//34911896274836948283780398887966480924986128590712878421878864583859971061433786668152702157020572320164244931122185631590685441441292338850950816600,2014:PHS|PMDB|PMN|PPS|PRTB|PSB|PSD|PSDB|PT DO B|PTB|PTN|PV|SOLIDARIEDADE,false,accounting attribution; not an independent causal effect
2014,ideological,seat_winning,0,0,ideological/2014/05-17,Ideological 2014/PSB-PRTB,2,,,,,,PSB,PRTB,false,"PSB, PPS, PV, PTB, PT DO B, SOLIDARIEDADE, PMN, PHS, PMDB, PSD, PSDB, PTN, PRTB",13,8,PHS,943068,97355354,0.009686863241234786,5,513,4.969360842753446,0.030639157246554718,48081952,0.49388092204975187,261,253.3609130115227,7.639086988477285,positive,8,,-0.09207556833931149,0.12271472558586621,8.596445795970947,-0.9573588074936628,12731418//2561983,78497//2561983,649106352//2561983,19571211//2561983,-177392169516470456594308007821000655732859316541671689733683638465269349557453577490218433919666053295764178798339871247407599709227373//1926593261556151502481846567606209051410581394696073963886129280976313709424638950513769292004606476989870640193990547684246237623858600,605707513886688754287172522818655314885014518110839378622141499294963861235959472517601642103293388845115673733614854379617341440605501284859//4935899184021413694782948714815458284160035553327631662218877153663539126212864772354118192037837715737939752376120485327728228606286127603800,117142941214362419998874475329947942170861456929741686530868589653462940906333389534429921449284326405531080611273298054043554364876479390551843//13626903954802568277689742237933070174542972607824828822782533913714482516641908501404069487198225874318543460718586201231891640749096437740200,-33423211385020348771403887055045698462942802534270419353855723586186014643020933595914533251783529005474039215318135802394856312152572856082365002469//34911896274836948283780398887966480924986128590712878421878864583859971061433786668152702157020572320164244931122185631590685441441292338850950816600,2014:PHS|PMDB|PMN|PPS|PRTB|PSB|PSD|PSDB|PT DO B|PTB|PTN|PV|SOLIDARIEDADE,false,accounting attribution; not an independent causal effect
2014,ideological,seat_winning,0,0,ideological/2014/05-17,Ideological 2014/PSB-PRTB,2,,,,,,PSB,PRTB,false,"PSB, PPS, PV, PTB, PT DO B, SOLIDARIEDADE, PMN, PHS, PMDB, PSD, PSDB, PTN, PRTB",13,9,PMDB,10791949,97355354,0.11085110943153675,65,513,56.86661913837836,8.133380861621642,48081952,0.49388092204975187,261,253.3609130115227,7.639086988477285,positive,1,,3.9086952162479633,4.224685645373679,8.596445795970947,-0.9573588074936628,291382623//5123966,41675167//5123966,649106352//2561983,19571211//2561983,1183158165631686216544067255830149040749674192654009893964425573012712486817105396842347796764954889674007591813996908847862935404232088757//302699008281189041665328140697789110456772237945373602176519034913023291053398829388335099009245765567518402877039988476429242541852068900,3276284753766903786866035126396436124666742111550292643880336206515709889656852930263337816186656488922906615638561750195857696471853990901578019//775509713333265544532862385889343838575372708488002097425004766623572150282859893112814921965004494205967500358127540796807620095101789036628700,117142941214362419998874475329947942170861456929741686530868589653462940906333389534429921449284326405531080611273298054043554364876479390551843//13626903954802568277689742237933070174542972607824828822782533913714482516641908501404069487198225874318543460718586201231891640749096437740200,-33423211385020348771403887055045698462942802534270419353855723586186014643020933595914533251783529005474039215318135802394856312152572856082365002469//34911896274836948283780398887966480924986128590712878421878864583859971061433786668152702157020572320164244931122185631590685441441292338850950816600,2014:PHS|PMDB|PMN|PPS|PRTB|PSB|PSD|PSDB|PT DO B|PTB|PTN|PV|SOLIDARIEDADE,false,accounting attribution; not an independent causal effect
2014,ideological,seat_winning,0,0,ideological/2014/05-17,Ideological 2014/PSB-PRTB,2,,,,,,PSB,PRTB,false,"PSB, PPS, PV, PTB, PT DO B, SOLIDARIEDADE, PMN, PHS, PMDB, PSD, PSDB, PTN, PRTB",13,10,PSD,5967953,97355354,0.061300716959028265,36,513,31.4472677999815,4.552732200018501,48081952,0.49388092204975187,261,253.3609130115227,7.639086988477285,positive,2,,4.645941310001025,-0.09320910998252392,8.596445795970947,-0.9573588074936628,161134731//5123966,23328045//5123966,649106352//2561983,19571211//2561983,21103265337011198466142554182088011234328362409810590661602192615974560104308636776646597675962152499198463544639119365927723160924444107637319//4542301318267522759229914079311023391514324202608276274260844637904827505547302833801356495732741958106181153572862067077297213583032145913400,-1084702259859914796963498896937827949508894340256273345788907519326090536394339107170597556906687160309422863135346410691502028574897520059800792077//11637298758278982761260132962655493641662042863570959473959621527953323687144595556050900719006857440054748310374061877196895147147097446283650272200,117142941214362419998874475329947942170861456929741686530868589653462940906333389534429921449284326405531080611273298054043554364876479390551843//13626903954802568277689742237933070174542972607824828822782533913714482516641908501404069487198225874318543460718586201231891640749096437740200,-33423211385020348771403887055045698462942802534270419353855723586186014643020933595914533251783529005474039215318135802394856312152572856082365002469//34911896274836948283780398887966480924986128590712878421878864583859971061433786668152702157020572320164244931122185631590685441441292338850950816600,2014:PHS|PMDB|PMN|PPS|PRTB|PSB|PSD|PSDB|PT DO B|PTB|PTN|PV|SOLIDARIEDADE,false,accounting attribution; not an independent causal effect
2014,ideological,seat_winning,0,0,ideological/2014/05-17,Ideological 2014/PSB-PRTB,2,,,,,,PSB,PRTB,false,"PSB, PPS, PV, PTB, PT DO B, SOLIDARIEDADE, PMN, PHS, PMDB, PSD, PSDB, PTN, PRTB",13,11,PSDB,11088715,97355354,0.11389938554380892,54,513,58.43038478397398,-4.4303847839739765,48081952,0.49388092204975187,261,253.3609130115227,7.639086988477285,negative,,1,0.580946490325171,-5.011331274299147,8.596445795970947,-0.9573588074936628,299395305//5123966,-22701141//5123966,649106352//2561983,19571211//2561983,42791902846166185780693443196532892775312130593901325734832374339573303593547606358574459981672335487843547172040801278321686026804163920939//73658940296230098798322931015854433375907960042296372015040723857916121711577883791373348579449869590911045733613979466118333193238359122920,-945703122417180003777308039943075294001968800246623052661049847427931953634353313396150155579345431097593858342576301897166930384351930823680687897//188712952836956477209623777772791788783708803193042586064210078831675519250993441449474065713624715244131053681741543954544245629412391020815950360,117142941214362419998874475329947942170861456929741686530868589653462940906333389534429921449284326405531080611273298054043554364876479390551843//13626903954802568277689742237933070174542972607824828822782533913714482516641908501404069487198225874318543460718586201231891640749096437740200,-33423211385020348771403887055045698462942802534270419353855723586186014643020933595914533251783529005474039215318135802394856312152572856082365002469//34911896274836948283780398887966480924986128590712878421878864583859971061433786668152702157020572320164244931122185631590685441441292338850950816600,2014:PHS|PMDB|PMN|PPS|PRTB|PSB|PSD|PSDB|PT DO B|PTB|PTN|PV|SOLIDARIEDADE,false,accounting attribution; not an independent causal effect
2014,ideological,seat_winning,0,0,ideological/2014/05-17,Ideological 2014/PSB-PRTB,2,,,,,,PSB,PRTB,false,"PSB, PPS, PV, PTB, PT DO B, SOLIDARIEDADE, PMN, PHS, PMDB, PSD, PSDB, PTN, PRTB",13,12,PTN,723182,97355354,0.007428271484688967,4,513,3.81070327164544,0.18929672835455974,48081952,0.49388092204975187,261,253.3609130115227,7.639086988477285,positive,7,,0.39207808396022525,-0.20278135560566551,8.596445795970947,-0.9573588074936628,9762957//2561983,484975//2561983,649106352//2561983,19571211//2561983,205231572527406122871746767819366368570503809916163891795865168485545716115680018460325002791482399594805921227896492813//523445662798704264954625637142278536358453696099316699511908927410945522677815987032187329768901437507825212724024208600,-271941739562679919996956831085087173878923981174677199649057999880980565550524432424103781372057477905742125944376299780743179//1341058889514012748841246653722686191415240275693615695765618969575076443026679035904684391683319411570610561970333714021653800,117142941214362419998874475329947942170861456929741686530868589653462940906333389534429921449284326405531080611273298054043554364876479390551843//13626903954802568277689742237933070174542972607824828822782533913714482516641908501404069487198225874318543460718586201231891640749096437740200,-33423211385020348771403887055045698462942802534270419353855723586186014643020933595914533251783529005474039215318135802394856312152572856082365002469//34911896274836948283780398887966480924986128590712878421878864583859971061433786668152702157020572320164244931122185631590685441441292338850950816600,2014:PHS|PMDB|PMN|PPS|PRTB|PSB|PSD|PSDB|PT DO B|PTB|PTN|PV|SOLIDARIEDADE,false,accounting attribution; not an independent causal effect
2014,ideological,seat_winning,0,0,ideological/2014/05-17,Ideological 2014/PSB-PRTB,2,,,,,,PSB,PRTB,false,"PSB, PPS, PV, PTB, PT DO B, SOLIDARIEDADE, PMN, PHS, PMDB, PSD, PSDB, PTN, PRTB",13,13,PRTB,454190,97355354,0.00466528014473657,1,513,2.3932887142498602,-1.3932887142498604,48081952,0.49388092204975187,261,253.3609130115227,7.639086988477285,negative,,4,-1.9123380554896656,0.5190493412398052,8.596445795970947,-0.9573588074936628,6131565//2561983,-3569582//2561983,649106352//2561983,19571211//2561983,-2485460507526819704168873766080379106793052608933630600011969361383663200638406920905974033448168541079856297944749175568996061774279//1299697247770558386564503717475317955071894481550907248086798562097735211152017356660701517259532880021077651824873479566734434649800,1728331666363758779515989409010927488457542054950159129070294715495843747266747258419829828753321286449995071221046802133000200626550251657//3329802253934958486885686927608567520488957439527238004175160440518841949472878883469654055293129826555040585655244831800820987087398553400,117142941214362419998874475329947942170861456929741686530868589653462940906333389534429921449284326405531080611273298054043554364876479390551843//13626903954802568277689742237933070174542972607824828822782533913714482516641908501404069487198225874318543460718586201231891640749096437740200,-33423211385020348771403887055045698462942802534270419353855723586186014643020933595914533251783529005474039215318135802394856312152572856082365002469//34911896274836948283780398887966480924986128590712878421878864583859971061433786668152702157020572320164244931122185631590685441441292338850950816600,2014:PHS|PMDB|PMN|PPS|PRTB|PSB|PSD|PSDB|PT DO B|PTB|PTN|PV|SOLIDARIEDADE,false,accounting attribution; not an independent causal effect
2014,ideological,seat_winning,0,0,ideological/2014/07-20,Ideological 2014/PV-PR,3,,,,,,PV,PR,false,"PV, PTB, PT DO B, SOLIDARIEDADE, PMN, PHS, PMDB, PSD, PSDB, PTN, PRTB, PROS, PRP, PR",14,1,PV,2004464,97355354,0.02058915013549229,8,513,10.562234019507546,-2.5622340195075455,48195846,0.4950508012122271,265,253.96106102187252,11.03893897812749,negative,,3,-1.4035201183314603,-1.1587139011760854,11.103553161298816,-0.0646141831713266,27060264//2561983,-6564400//2561983,650643921//2561983,28281574//2561983,-108546392678445623305069481006445955067866899299351647047765830037080737068847515413384617172002233355078946653090939134146854692003164//77338679553441876872241152805491981525391787037598774924334655160671501502209065815515985644849119523084033001905325899171874038717175,-229588015307111703208147999319034136222643004561962567354926165800821786463244027558043774510869762379587601254581437816804888715372681455788//198140382258365680034775005388072763304367826729948422176971672832502655433134089065233091450347481783109400122320412563138055365334744158025,2480443483378088469856476029184639966561882108835190644829441180084896108610235273342771560686830684168049196118909942168463491994853505683341//223391868111517512749012167834968363517097911603685718406271047765811188797408336088591303068823374988828581323255511495604780995886826848200,-36980387881322443161172975153473894984405558574811915961949501431118581023701530998168417865773164040606487611644581095789314122483779918567958403//572326168439949971865252440786335752868625058864145547899653517768196246908750601117257412410173316724004015264298125108044023630185120309031980600,2014:PHS|PMDB|PMN|PR|PROS|PRP|PRTB|PSD|PSDB|PT DO B|PTB|PTN|PV|SOLIDARIEDADE,false,accounting attribution; not an independent causal effect
2014,ideological,seat_winning,0,0,ideological/2014/07-20,Ideological 2014/PV-PR,3,,,,,,PV,PR,false,"PV, PTB, PT DO B, SOLIDARIEDADE, PMN, PHS, PMDB, PSD, PSDB, PTN, PRTB, PROS, PRP, PR",14,2,PTB,3914193,97355354,0.040205215626867324,25,513,20.625275616582936,4.374724383417064,48195846,0.4950508012122271,265,253.96106102187252,11.03893897812749,positive,3,,4.084472535550831,0.2902518478662325,11.103553161298816,-0.0646141831713266,105683211//5123966,22415939//5123966,650643921//2561983,28281574//2561983,302493016021630978982671373632362711868895002516952268738118210768108389498533601134512467091284611543648967128930561573780663607155750771143//74059260623927001509183381727897120513820503303395808819470293009317839764358198377196029821729488447383388373470577180608106743201611074675,110143939198757205428839916960733416429434608531441094715927484452373855664384526902321887574207841664885919889267862510344691880592554895828731687//379477133422140742215004335738766097010718789029487808933465919389782294146019420306007632141527960001785270990458539473811798276535786291858161050,2480443483378088469856476029184639966561882108835190644829441180084896108610235273342771560686830684168049196118909942168463491994853505683341//223391868111517512749012167834968363517097911603685718406271047765811188797408336088591303068823374988828581323255511495604780995886826848200,-36980387881322443161172975153473894984405558574811915961949501431118581023701530998168417865773164040606487611644581095789314122483779918567958403//572326168439949971865252440786335752868625058864145547899653517768196246908750601117257412410173316724004015264298125108044023630185120309031980600,2014:PHS|PMDB|PMN|PR|PROS|PRP|PRTB|PSD|PSDB|PT DO B|PTB|PTN|PV|SOLIDARIEDADE,false,accounting attribution; not an independent causal effect
2014,ideological,seat_winning,0,0,ideological/2014/07-20,Ideological 2014/PV-PR,3,,,,,,PV,PR,false,"PV, PTB, PT DO B, SOLIDARIEDADE, PMN, PHS, PMDB, PSD, PSDB, PTN, PRTB, PROS, PRP, PR",14,3,PT DO B,812497,97355354,0.008345683792593471,1,513,4.281335785600451,-3.281335785600451,48195846,0.4950508012122271,265,253.96106102187252,11.03893897812749,negative,,2,-3.614965224246245,0.33362943864579403,11.103553161298816,-0.0646141831713266,21937419//5123966,-16813453//5123966,650643921//2561983,28281574//2561983,-6876156324784325557183196191550121719608250221934308790977865793382851042965592374523965882254275777627501219781005420792909821589857536231//1902136230430285912575340904234096897619063736435626580511241473159475504835553950503080609603325778101415893455972389898365667329577950550,812928277235764880072537451128705450392566855029764360373804149309787705504093855293048795263511456347572889260349968776179260608250394770665749//2436620343023237596578754807926192136026390884332277946808965981564766266152553508385866984716678693478799897482006255694492283741017053241970325,2480443483378088469856476029184639966561882108835190644829441180084896108610235273342771560686830684168049196118909942168463491994853505683341//223391868111517512749012167834968363517097911603685718406271047765811188797408336088591303068823374988828581323255511495604780995886826848200,-36980387881322443161172975153473894984405558574811915961949501431118581023701530998168417865773164040606487611644581095789314122483779918567958403//572326168439949971865252440786335752868625058864145547899653517768196246908750601117257412410173316724004015264298125108044023630185120309031980600,2014:PHS|PMDB|PMN|PR|PROS|PRP|PRTB|PSD|PSDB|PT DO B|PTB|PTN|PV|SOLIDARIEDADE,false,accounting attribution; not an independent causal effect
2014,ideological,seat_winning,0,0,ideological/2014/07-20,Ideological 2014/PV-PR,3,,,,,,PV,PR,false,"PV, PTB, PT DO B, SOLIDARIEDADE, PMN, PHS, PMDB, PSD, PSDB, PTN, PRTB, PROS, PRP, PR",14,4,SOLIDARIEDADE,2689701,97355354,0.02762766390844822,15,513,14.172991585033937,0.8270084149660634,48195846,0.4950508012122271,265,253.96106102187252,11.03893897812749,positive,5,,0.6928057918334442,0.1342026231326193,11.103553161298816,-0.0646141831713266,72621927//5123966,4237563//5123966,650643921//2561983,28281574//2561983,2305445173295551744816746837908491248364226487200299404383843585229725022069910780967115113614326825307907659654155599014807928855953269351//3327693273456060629472464526967782704406098316929140127663622445351521982085936141979015747789554548063136376243854994195822134493063843160,1144143604057884778763769085120278956157683532733714244459788720177959171269276675452039474502200186794204996358786926353960653860253824334626507//8525493595808778579677753086194500836382448984301069211692030423409028342230472934835824702569126329710438322618360349594794979594943184090586280,2480443483378088469856476029184639966561882108835190644829441180084896108610235273342771560686830684168049196118909942168463491994853505683341//223391868111517512749012167834968363517097911603685718406271047765811188797408336088591303068823374988828581323255511495604780995886826848200,-36980387881322443161172975153473894984405558574811915961949501431118581023701530998168417865773164040606487611644581095789314122483779918567958403//572326168439949971865252440786335752868625058864145547899653517768196246908750601117257412410173316724004015264298125108044023630185120309031980600,2014:PHS|PMDB|PMN|PR|PROS|PRP|PRTB|PSD|PSDB|PT DO B|PTB|PTN|PV|SOLIDARIEDADE,false,accounting attribution; not an independent causal effect
2014,ideological,seat_winning,0,0,ideological/2014/07-20,Ideological 2014/PV-PR,3,,,,,,PV,PR,false,"PV, PTB, PT DO B, SOLIDARIEDADE, PMN, PHS, PMDB, PSD, PSDB, PTN, PRTB, PROS, PRP, PR",14,5,PMN,468473,97355354,0.004811990103800557,3,513,2.468550923249686,0.5314490767503142,48195846,0.4950508012122271,265,253.96106102187252,11.03893897812749,positive,7,,0.1733140509435868,0.3581350258067273,11.103553161298816,-0.0646141831713266,12648771//5123966,2723127//5123966,650643921//2561983,28281574//2561983,1318667742169746924455636317828125251050733166684908378937568602947467890820337605522098616030922015579160576262911438048782599575178594169//7608544921721143650301363616936387590476254945742506322044965892637902019342215802012322438413303112405663573823889559593462669318311802200,6981112715438591637749476200590313349982705840234575383220062096075523476785094045534882003779801754048404164742380817586999418348968451269862573//19492962744185900772630038463409537088211127074658223574471727852518130129220428067086935877733429547830399179856050045555938269928136425935762600,2480443483378088469856476029184639966561882108835190644829441180084896108610235273342771560686830684168049196118909942168463491994853505683341//223391868111517512749012167834968363517097911603685718406271047765811188797408336088591303068823374988828581323255511495604780995886826848200,-36980387881322443161172975153473894984405558574811915961949501431118581023701530998168417865773164040606487611644581095789314122483779918567958403//572326168439949971865252440786335752868625058864145547899653517768196246908750601117257412410173316724004015264298125108044023630185120309031980600,2014:PHS|PMDB|PMN|PR|PROS|PRP|PRTB|PSD|PSDB|PT DO B|PTB|PTN|PV|SOLIDARIEDADE,false,accounting attribution; not an independent causal effect
2014,ideological,seat_winning,0,0,ideological/2014/07-20,Ideological 2014/PV-PR,3,,,,,,PV,PR,false,"PV, PTB, PT DO B, SOLIDARIEDADE, PMN, PHS, PMDB, PSD, PSDB, PTN, PRTB, PROS, PRP, PR",14,6,PHS,943068,97355354,0.009686863241234786,5,513,4.969360842753446,0.030639157246554718,48195846,0.4950508012122271,265,253.96106102187252,11.03893897812749,positive,9,,-0.09207556833931149,0.12271472558586621,11.103553161298816,-0.0646141831713266,12731418//2561983,78497//2561983,650643921//2561983,28281574//2561983,-177392169516470456594308007821000655732859316541671689733683638465269349557453577490218433919666053295764178798339871247407599709227373//1926593261556151502481846567606209051410581394696073963886129280976313709424638950513769292004606476989870640193990547684246237623858600,605707513886688754287172522818655314885014518110839378622141499294963861235959472517601642103293388845115673733614854379617341440605501284859//4935899184021413694782948714815458284160035553327631662218877153663539126212864772354118192037837715737939752376120485327728228606286127603800,2480443483378088469856476029184639966561882108835190644829441180084896108610235273342771560686830684168049196118909942168463491994853505683341//223391868111517512749012167834968363517097911603685718406271047765811188797408336088591303068823374988828581323255511495604780995886826848200,-36980387881322443161172975153473894984405558574811915961949501431118581023701530998168417865773164040606487611644581095789314122483779918567958403//572326168439949971865252440786335752868625058864145547899653517768196246908750601117257412410173316724004015264298125108044023630185120309031980600,2014:PHS|PMDB|PMN|PR|PROS|PRP|PRTB|PSD|PSDB|PT DO B|PTB|PTN|PV|SOLIDARIEDADE,false,accounting attribution; not an independent causal effect
2014,ideological,seat_winning,0,0,ideological/2014/07-20,Ideological 2014/PV-PR,3,,,,,,PV,PR,false,"PV, PTB, PT DO B, SOLIDARIEDADE, PMN, PHS, PMDB, PSD, PSDB, PTN, PRTB, PROS, PRP, PR",14,7,PMDB,10791949,97355354,0.11085110943153675,65,513,56.86661913837836,8.133380861621642,48195846,0.4950508012122271,265,253.96106102187252,11.03893897812749,positive,1,,3.9086952162479633,4.224685645373679,11.103553161298816,-0.0646141831713266,291382623//5123966,41675167//5123966,650643921//2561983,28281574//2561983,1183158165631686216544067255830149040749674192654009893964425573012712486817105396842347796764954889674007591813996908847862935404232088757//302699008281189041665328140697789110456772237945373602176519034913023291053398829388335099009245765567518402877039988476429242541852068900,3276284753766903786866035126396436124666742111550292643880336206515709889656852930263337816186656488922906615638561750195857696471853990901578019//775509713333265544532862385889343838575372708488002097425004766623572150282859893112814921965004494205967500358127540796807620095101789036628700,2480443483378088469856476029184639966561882108835190644829441180084896108610235273342771560686830684168049196118909942168463491994853505683341//223391868111517512749012167834968363517097911603685718406271047765811188797408336088591303068823374988828581323255511495604780995886826848200,-36980387881322443161172975153473894984405558574811915961949501431118581023701530998168417865773164040606487611644581095789314122483779918567958403//572326168439949971865252440786335752868625058864145547899653517768196246908750601117257412410173316724004015264298125108044023630185120309031980600,2014:PHS|PMDB|PMN|PR|PROS|PRP|PRTB|PSD|PSDB|PT DO B|PTB|PTN|PV|SOLIDARIEDADE,false,accounting attribution; not an independent causal effect
2014,ideological,seat_winning,0,0,ideological/2014/07-20,Ideological 2014/PV-PR,3,,,,,,PV,PR,false,"PV, PTB, PT DO B, SOLIDARIEDADE, PMN, PHS, PMDB, PSD, PSDB, PTN, PRTB, PROS, PRP, PR",14,8,PSD,5967953,97355354,0.061300716959028265,36,513,31.4472677999815,4.552732200018501,48195846,0.4950508012122271,265,253.96106102187252,11.03893897812749,positive,2,,4.645941310001025,-0.09320910998252392,11.103553161298816,-0.0646141831713266,161134731//5123966,23328045//5123966,650643921//2561983,28281574//2561983,21103265337011198466142554182088011234328362409810590661602192615974560104308636776646597675962152499198463544639119365927723160924444107637319//4542301318267522759229914079311023391514324202608276274260844637904827505547302833801356495732741958106181153572862067077297213583032145913400,-1084702259859914796963498896937827949508894340256273345788907519326090536394339107170597556906687160309422863135346410691502028574897520059800792077//11637298758278982761260132962655493641662042863570959473959621527953323687144595556050900719006857440054748310374061877196895147147097446283650272200,2480443483378088469856476029184639966561882108835190644829441180084896108610235273342771560686830684168049196118909942168463491994853505683341//223391868111517512749012167834968363517097911603685718406271047765811188797408336088591303068823374988828581323255511495604780995886826848200,-36980387881322443161172975153473894984405558574811915961949501431118581023701530998168417865773164040606487611644581095789314122483779918567958403//572326168439949971865252440786335752868625058864145547899653517768196246908750601117257412410173316724004015264298125108044023630185120309031980600,2014:PHS|PMDB|PMN|PR|PROS|PRP|PRTB|PSD|PSDB|PT DO B|PTB|PTN|PV|SOLIDARIEDADE,false,accounting attribution; not an independent causal effect
2014,ideological,seat_winning,0,0,ideological/2014/07-20,Ideological 2014/PV-PR,3,,,,,,PV,PR,false,"PV, PTB, PT DO B, SOLIDARIEDADE, PMN, PHS, PMDB, PSD, PSDB, PTN, PRTB, PROS, PRP, PR",14,9,PSDB,11088715,97355354,0.11389938554380892,54,513,58.43038478397398,-4.4303847839739765,48195846,0.4950508012122271,265,253.96106102187252,11.03893897812749,negative,,1,0.580946490325171,-5.011331274299147,11.103553161298816,-0.0646141831713266,299395305//5123966,-22701141//5123966,650643921//2561983,28281574//2561983,42791902846166185780693443196532892775312130593901325734832374339573303593547606358574459981672335487843547172040801278321686026804163920939//73658940296230098798322931015854433375907960042296372015040723857916121711577883791373348579449869590911045733613979466118333193238359122920,-945703122417180003777308039943075294001968800246623052661049847427931953634353313396150155579345431097593858342576301897166930384351930823680687897//188712952836956477209623777772791788783708803193042586064210078831675519250993441449474065713624715244131053681741543954544245629412391020815950360,2480443483378088469856476029184639966561882108835190644829441180084896108610235273342771560686830684168049196118909942168463491994853505683341//223391868111517512749012167834968363517097911603685718406271047765811188797408336088591303068823374988828581323255511495604780995886826848200,-36980387881322443161172975153473894984405558574811915961949501431118581023701530998168417865773164040606487611644581095789314122483779918567958403//572326168439949971865252440786335752868625058864145547899653517768196246908750601117257412410173316724004015264298125108044023630185120309031980600,2014:PHS|PMDB|PMN|PR|PROS|PRP|PRTB|PSD|PSDB|PT DO B|PTB|PTN|PV|SOLIDARIEDADE,false,accounting attribution; not an independent causal effect
2014,ideological,seat_winning,0,0,ideological/2014/07-20,Ideological 2014/PV-PR,3,,,,,,PV,PR,false,"PV, PTB, PT DO B, SOLIDARIEDADE, PMN, PHS, PMDB, PSD, PSDB, PTN, PRTB, PROS, PRP, PR",14,10,PTN,723182,97355354,0.007428271484688967,4,513,3.81070327164544,0.18929672835455974,48195846,0.4950508012122271,265,253.96106102187252,11.03893897812749,positive,8,,0.39207808396022525,-0.20278135560566551,11.103553161298816,-0.0646141831713266,9762957//2561983,484975//2561983,650643921//2561983,28281574//2561983,205231572527406122871746767819366368570503809916163891795865168485545716115680018460325002791482399594805921227896492813//523445662798704264954625637142278536358453696099316699511908927410945522677815987032187329768901437507825212724024208600,-271941739562679919996956831085087173878923981174677199649057999880980565550524432424103781372057477905742125944376299780743179//1341058889514012748841246653722686191415240275693615695765618969575076443026679035904684391683319411570610561970333714021653800,2480443483378088469856476029184639966561882108835190644829441180084896108610235273342771560686830684168049196118909942168463491994853505683341//223391868111517512749012167834968363517097911603685718406271047765811188797408336088591303068823374988828581323255511495604780995886826848200,-36980387881322443161172975153473894984405558574811915961949501431118581023701530998168417865773164040606487611644581095789314122483779918567958403//572326168439949971865252440786335752868625058864145547899653517768196246908750601117257412410173316724004015264298125108044023630185120309031980600,2014:PHS|PMDB|PMN|PR|PROS|PRP|PRTB|PSD|PSDB|PT DO B|PTB|PTN|PV|SOLIDARIEDADE,false,accounting attribution; not an independent causal effect
2014,ideological,seat_winning,0,0,ideological/2014/07-20,Ideological 2014/PV-PR,3,,,,,,PV,PR,false,"PV, PTB, PT DO B, SOLIDARIEDADE, PMN, PHS, PMDB, PSD, PSDB, PTN, PRTB, PROS, PRP, PR",14,11,PRTB,454190,97355354,0.00466528014473657,1,513,2.3932887142498602,-1.3932887142498604,48195846,0.4950508012122271,265,253.96106102187252,11.03893897812749,negative,,4,-1.9123380554896656,0.5190493412398052,11.103553161298816,-0.0646141831713266,6131565//2561983,-3569582//2561983,650643921//2561983,28281574//2561983,-2485460507526819704168873766080379106793052608933630600011969361383663200638406920905974033448168541079856297944749175568996061774279//1299697247770558386564503717475317955071894481550907248086798562097735211152017356660701517259532880021077651824873479566734434649800,1728331666363758779515989409010927488457542054950159129070294715495843747266747258419829828753321286449995071221046802133000200626550251657//3329802253934958486885686927608567520488957439527238004175160440518841949472878883469654055293129826555040585655244831800820987087398553400,2480443483378088469856476029184639966561882108835190644829441180084896108610235273342771560686830684168049196118909942168463491994853505683341//223391868111517512749012167834968363517097911603685718406271047765811188797408336088591303068823374988828581323255511495604780995886826848200,-36980387881322443161172975153473894984405558574811915961949501431118581023701530998168417865773164040606487611644581095789314122483779918567958403//572326168439949971865252440786335752868625058864145547899653517768196246908750601117257412410173316724004015264298125108044023630185120309031980600,2014:PHS|PMDB|PMN|PR|PROS|PRP|PRTB|PSD|PSDB|PT DO B|PTB|PTN|PV|SOLIDARIEDADE,false,accounting attribution; not an independent causal effect
2014,ideological,seat_winning,0,0,ideological/2014/07-20,Ideological 2014/PV-PR,3,,,,,,PV,PR,false,"PV, PTB, PT DO B, SOLIDARIEDADE, PMN, PHS, PMDB, PSD, PSDB, PTN, PRTB, PROS, PRP, PR",14,12,PROS,1977117,97355354,0.020308251357187813,11,513,10.418132946237348,0.5818670537626518,48195846,0.4950508012122271,265,253.96106102187252,11.03893897812749,positive,6,,-0.1816975019025609,0.7635645556652128,11.103553161298816,-0.0646141831713266,53382159//5123966,2981467//5123966,650643921//2561983,28281574//2561983,-825324802417918069201669131175304360098812448649503465530893903211638481078802729984672986210193070088668194013168984927476846069182076162259//4542301318267522759229914079311023391514324202608276274260844637904827505547302833801356495732741958106181153572862067077297213583032145913400,8885828855508623127883967005846499279413054632317345656427064994851959364910514423566936924861154556089457208402150889782825958267742354522406278497//11637298758278982761260132962655493641662042863570959473959621527953323687144595556050900719006857440054748310374061877196895147147097446283650272200,2480443483378088469856476029184639966561882108835190644829441180084896108610235273342771560686830684168049196118909942168463491994853505683341//223391868111517512749012167834968363517097911603685718406271047765811188797408336088591303068823374988828581323255511495604780995886826848200,-36980387881322443161172975153473894984405558574811915961949501431118581023701530998168417865773164040606487611644581095789314122483779918567958403//572326168439949971865252440786335752868625058864145547899653517768196246908750601117257412410173316724004015264298125108044023630185120309031980600,2014:PHS|PMDB|PMN|PR|PROS|PRP|PRTB|PSD|PSDB|PT DO B|PTB|PTN|PV|SOLIDARIEDADE,false,accounting attribution; not an independent causal effect
2014,ideological,seat_winning,0,0,ideological/2014/07-20,Ideological 2014/PV-PR,3,,,,,,PV,PR,false,"PV, PTB, PT DO B, SOLIDARIEDADE, PMN, PHS, PMDB, PSD, PSDB, PTN, PRTB, PROS, PRP, PR",14,13,PRP,724825,97355354,0.007445147803581506,3,513,3.8193608232373126,-0.8193608232373126,48195846,0.4950508012122271,265,253.96106102187252,11.03893897812749,negative,,5,-1.2129420394327874,0.39358121619547476,11.103553161298816,-0.0646141831713266,19570275//5123966,-4198377//5123966,650643921//2561983,28281574//2561983,-2574849628305314580921160004788586695062232482089817666430979370039939759633268550456587800680133400424112632698534122074558882258384717//2122813411191025310010481297695573010145236637307883615164496051996362592957186772039680157699996522081892767914366876404855577062719700,2140535474856563131989199052960654342968359482346537090204104098746868588238612796486602052627871060424463998419880613944950417314058279450361//5438611871643416596816582906513997227250923795759963588029981088781797024992232237790535889464710189632933879219553393112341105889877805165100,2480443483378088469856476029184639966561882108835190644829441180084896108610235273342771560686830684168049196118909942168463491994853505683341//223391868111517512749012167834968363517097911603685718406271047765811188797408336088591303068823374988828581323255511495604780995886826848200,-36980387881322443161172975153473894984405558574811915961949501431118581023701530998168417865773164040606487611644581095789314122483779918567958403//572326168439949971865252440786335752868625058864145547899653517768196246908750601117257412410173316724004015264298125108044023630185120309031980600,2014:PHS|PMDB|PMN|PR|PROS|PRP|PRTB|PSD|PSDB|PT DO B|PTB|PTN|PV|SOLIDARIEDADE,false,accounting attribution; not an independent causal effect
2014,ideological,seat_winning,0,0,ideological/2014/07-20,Ideological 2014/PV-PR,3,,,,,,PV,PR,false,"PV, PTB, PT DO B, SOLIDARIEDADE, PMN, PHS, PMDB, PSD, PSDB, PTN, PRTB, PROS, PRP, PR",14,14,PR,5635519,97355354,0.05788607167922167,34,513,29.695554771440715,4.304445228559284,48195846,0.4950508012122271,265,253.96106102187252,11.03893897812749,positive,4,,5.0428381901786,-0.7383929616193156,11.103553161298816,-0.0646141831713266,152159013//5123966,22055831//5123966,650643921//2561983,28281574//2561983,9816895953882026159527461959986922936440415183207278138032845694655528726270359153695031642984978682434598029379102761438611264936347502277781//1946700564971795468241391748276152882077567515403546974683219130530640359520272643057724212456889410616934780102655171604555948678442348248600,-3682671212303314719215643772246492136837545206903667628824624271855283407037126311058814016510960826631479139119599271965735187327219494821002406423//4987413753548135469111485555423782989283732655816125488839837797694281580204826666878957451002938902880606418731740804512955063063041762692992973800,2480443483378088469856476029184639966561882108835190644829441180084896108610235273342771560686830684168049196118909942168463491994853505683341//223391868111517512749012167834968363517097911603685718406271047765811188797408336088591303068823374988828581323255511495604780995886826848200,-36980387881322443161172975153473894984405558574811915961949501431118581023701530998168417865773164040606487611644581095789314122483779918567958403//572326168439949971865252440786335752868625058864145547899653517768196246908750601117257412410173316724004015264298125108044023630185120309031980600,2014:PHS|PMDB|PMN|PR|PROS|PRP|PRTB|PSD|PSDB|PT DO B|PTB|PTN|PV|SOLIDARIEDADE,false,accounting attribution; not an independent causal effect
2014,ideological,seat_winning,0,0,ideological/2014/08-20,Ideological 2014/PTB-PR,4,,,,,,PTB,PR,true,"PTB, PT DO B, SOLIDARIEDADE, PMN, PHS, PMDB, PSD, PSDB, PTN, PRTB, PROS, PRP, PR",13,1,PTB,3914193,97355354,0.040205215626867324,25,513,20.625275616582936,4.374724383417064,46191382,0.4744616510767348,257,243.39882700236495,13.601172997635034,positive,3,,4.084472535550831,0.2902518478662325,12.507073279630276,1.0940997180047587,105683211//5123966,22415939//5123966,623583657//2561983,34845974//2561983,302493016021630978982671373632362711868895002516952268738118210768108389498533601134512467091284611543648967128930561573780663607155750771143//74059260623927001509183381727897120513820503303395808819470293009317839764358198377196029821729488447383388373470577180608106743201611074675,110143939198757205428839916960733416429434608531441094715927484452373855664384526902321887574207841664885919889267862510344691880592554895828731687//379477133422140742215004335738766097010718789029487808933465919389782294146019420306007632141527960001785270990458539473811798276535786291858161050,15493880576109030913827003299966264087181502354767594743742035762602993302349267211241207153390164735860617864416576972562893412635183987679307//1238809450436597116153612930721188197685724782529529892980230355792225683331082591036733589745293261301685769156235109202899240068099676158200,3472463260846408410264528794516856020794098995805106198655437482765740973754454701461270086727161185219355130056595431273788290049432966510463101019//3173808752257904389434581717087861902271466235519352583807169507623633732857616969832063832456415665469476811920198693780971403767390212622813710600,2014:PHS|PMDB|PMN|PR|PROS|PRP|PRTB|PSD|PSDB|PT DO B|PTB|PTN|SOLIDARIEDADE,false,accounting attribution; not an independent causal effect
2014,ideological,seat_winning,0,0,ideological/2014/08-20,Ideological 2014/PTB-PR,4,,,,,,PTB,PR,true,"PTB, PT DO B, SOLIDARIEDADE, PMN, PHS, PMDB, PSD, PSDB, PTN, PRTB, PROS, PRP, PR",13,2,PT DO B,812497,97355354,0.008345683792593471,1,513,4.281335785600451,-3.281335785600451,46191382,0.4744616510767348,257,243.39882700236495,13.601172997635034,negative,,2,-3.614965224246245,0.33362943864579403,12.507073279630276,1.0940997180047587,21937419//5123966,-16813453//5123966,623583657//2561983,34845974//2561983,-6876156324784325557183196191550121719608250221934308790977865793382851042965592374523965882254275777627501219781005420792909821589857536231//1902136230430285912575340904234096897619063736435626580511241473159475504835553950503080609603325778101415893455972389898365667329577950550,812928277235764880072537451128705450392566855029764360373804149309787705504093855293048795263511456347572889260349968776179260608250394770665749//2436620343023237596578754807926192136026390884332277946808965981564766266152553508385866984716678693478799897482006255694492283741017053241970325,15493880576109030913827003299966264087181502354767594743742035762602993302349267211241207153390164735860617864416576972562893412635183987679307//1238809450436597116153612930721188197685724782529529892980230355792225683331082591036733589745293261301685769156235109202899240068099676158200,3472463260846408410264528794516856020794098995805106198655437482765740973754454701461270086727161185219355130056595431273788290049432966510463101019//3173808752257904389434581717087861902271466235519352583807169507623633732857616969832063832456415665469476811920198693780971403767390212622813710600,2014:PHS|PMDB|PMN|PR|PROS|PRP|PRTB|PSD|PSDB|PT DO B|PTB|PTN|SOLIDARIEDADE,false,accounting attribution; not an independent causal effect
2014,ideological,seat_winning,0,0,ideological/2014/08-20,Ideological 2014/PTB-PR,4,,,,,,PTB,PR,true,"PTB, PT DO B, SOLIDARIEDADE, PMN, PHS, PMDB, PSD, PSDB, PTN, PRTB, PROS, PRP, PR",13,3,SOLIDARIEDADE,2689701,97355354,0.02762766390844822,15,513,14.172991585033937,0.8270084149660634,46191382,0.4744616510767348,257,243.39882700236495,13.601172997635034,positive,5,,0.6928057918334442,0.1342026231326193,12.507073279630276,1.0940997180047587,72621927//5123966,4237563//5123966,623583657//2561983,34845974//2561983,2305445173295551744816746837908491248364226487200299404383843585229725022069910780967115113614326825307907659654155599014807928855953269351//3327693273456060629472464526967782704406098316929140127663622445351521982085936141979015747789554548063136376243854994195822134493063843160,1144143604057884778763769085120278956157683532733714244459788720177959171269276675452039474502200186794204996358786926353960653860253824334626507//8525493595808778579677753086194500836382448984301069211692030423409028342230472934835824702569126329710438322618360349594794979594943184090586280,15493880576109030913827003299966264087181502354767594743742035762602993302349267211241207153390164735860617864416576972562893412635183987679307//1238809450436597116153612930721188197685724782529529892980230355792225683331082591036733589745293261301685769156235109202899240068099676158200,3472463260846408410264528794516856020794098995805106198655437482765740973754454701461270086727161185219355130056595431273788290049432966510463101019//3173808752257904389434581717087861902271466235519352583807169507623633732857616969832063832456415665469476811920198693780971403767390212622813710600,2014:PHS|PMDB|PMN|PR|PROS|PRP|PRTB|PSD|PSDB|PT DO B|PTB|PTN|SOLIDARIEDADE,false,accounting attribution; not an independent causal effect
2014,ideological,seat_winning,0,0,ideological/2014/08-20,Ideological 2014/PTB-PR,4,,,,,,PTB,PR,true,"PTB, PT DO B, SOLIDARIEDADE, PMN, PHS, PMDB, PSD, PSDB, PTN, PRTB, PROS, PRP, PR",13,4,PMN,468473,97355354,0.004811990103800557,3,513,2.468550923249686,0.5314490767503142,46191382,0.4744616510767348,257,243.39882700236495,13.601172997635034,positive,7,,0.1733140509435868,0.3581350258067273,12.507073279630276,1.0940997180047587,12648771//5123966,2723127//5123966,623583657//2561983,34845974//2561983,1318667742169746924455636317828125251050733166684908378937568602947467890820337605522098616030922015579160576262911438048782599575178594169//7608544921721143650301363616936387590476254945742506322044965892637902019342215802012322438413303112405663573823889559593462669318311802200,6981112715438591637749476200590313349982705840234575383220062096075523476785094045534882003779801754048404164742380817586999418348968451269862573//19492962744185900772630038463409537088211127074658223574471727852518130129220428067086935877733429547830399179856050045555938269928136425935762600,15493880576109030913827003299966264087181502354767594743742035762602993302349267211241207153390164735860617864416576972562893412635183987679307//1238809450436597116153612930721188197685724782529529892980230355792225683331082591036733589745293261301685769156235109202899240068099676158200,3472463260846408410264528794516856020794098995805106198655437482765740973754454701461270086727161185219355130056595431273788290049432966510463101019//3173808752257904389434581717087861902271466235519352583807169507623633732857616969832063832456415665469476811920198693780971403767390212622813710600,2014:PHS|PMDB|PMN|PR|PROS|PRP|PRTB|PSD|PSDB|PT DO B|PTB|PTN|SOLIDARIEDADE,false,accounting attribution; not an independent causal effect
2014,ideological,seat_winning,0,0,ideological/2014/08-20,Ideological 2014/PTB-PR,4,,,,,,PTB,PR,true,"PTB, PT DO B, SOLIDARIEDADE, PMN, PHS, PMDB, PSD, PSDB, PTN, PRTB, PROS, PRP, PR",13,5,PHS,943068,97355354,0.009686863241234786,5,513,4.969360842753446,0.030639157246554718,46191382,0.4744616510767348,257,243.39882700236495,13.601172997635034,positive,9,,-0.09207556833931149,0.12271472558586621,12.507073279630276,1.0940997180047587,12731418//2561983,78497//2561983,623583657//2561983,34845974//2561983,-177392169516470456594308007821000655732859316541671689733683638465269349557453577490218433919666053295764178798339871247407599709227373//1926593261556151502481846567606209051410581394696073963886129280976313709424638950513769292004606476989870640193990547684246237623858600,605707513886688754287172522818655314885014518110839378622141499294963861235959472517601642103293388845115673733614854379617341440605501284859//4935899184021413694782948714815458284160035553327631662218877153663539126212864772354118192037837715737939752376120485327728228606286127603800,15493880576109030913827003299966264087181502354767594743742035762602993302349267211241207153390164735860617864416576972562893412635183987679307//1238809450436597116153612930721188197685724782529529892980230355792225683331082591036733589745293261301685769156235109202899240068099676158200,3472463260846408410264528794516856020794098995805106198655437482765740973754454701461270086727161185219355130056595431273788290049432966510463101019//3173808752257904389434581717087861902271466235519352583807169507623633732857616969832063832456415665469476811920198693780971403767390212622813710600,2014:PHS|PMDB|PMN|PR|PROS|PRP|PRTB|PSD|PSDB|PT DO B|PTB|PTN|SOLIDARIEDADE,false,accounting attribution; not an independent causal effect
2014,ideological,seat_winning,0,0,ideological/2014/08-20,Ideological 2014/PTB-PR,4,,,,,,PTB,PR,true,"PTB, PT DO B, SOLIDARIEDADE, PMN, PHS, PMDB, PSD, PSDB, PTN, PRTB, PROS, PRP, PR",13,6,PMDB,10791949,97355354,0.11085110943153675,65,513,56.86661913837836,8.133380861621642,46191382,0.4744616510767348,257,243.39882700236495,13.601172997635034,positive,1,,3.9086952162479633,4.224685645373679,12.507073279630276,1.0940997180047587,291382623//5123966,41675167//5123966,623583657//2561983,34845974//2561983,1183158165631686216544067255830149040749674192654009893964425573012712486817105396842347796764954889674007591813996908847862935404232088757//302699008281189041665328140697789110456772237945373602176519034913023291053398829388335099009245765567518402877039988476429242541852068900,3276284753766903786866035126396436124666742111550292643880336206515709889656852930263337816186656488922906615638561750195857696471853990901578019//775509713333265544532862385889343838575372708488002097425004766623572150282859893112814921965004494205967500358127540796807620095101789036628700,15493880576109030913827003299966264087181502354767594743742035762602993302349267211241207153390164735860617864416576972562893412635183987679307//1238809450436597116153612930721188197685724782529529892980230355792225683331082591036733589745293261301685769156235109202899240068099676158200,3472463260846408410264528794516856020794098995805106198655437482765740973754454701461270086727161185219355130056595431273788290049432966510463101019//3173808752257904389434581717087861902271466235519352583807169507623633732857616969832063832456415665469476811920198693780971403767390212622813710600,2014:PHS|PMDB|PMN|PR|PROS|PRP|PRTB|PSD|PSDB|PT DO B|PTB|PTN|SOLIDARIEDADE,false,accounting attribution; not an independent causal effect
2014,ideological,seat_winning,0,0,ideological/2014/08-20,Ideological 2014/PTB-PR,4,,,,,,PTB,PR,true,"PTB, PT DO B, SOLIDARIEDADE, PMN, PHS, PMDB, PSD, PSDB, PTN, PRTB, PROS, PRP, PR",13,7,PSD,5967953,97355354,0.061300716959028265,36,513,31.4472677999815,4.552732200018501,46191382,0.4744616510767348,257,243.39882700236495,13.601172997635034,positive,2,,4.645941310001025,-0.09320910998252392,12.507073279630276,1.0940997180047587,161134731//5123966,23328045//5123966,623583657//2561983,34845974//2561983,21103265337011198466142554182088011234328362409810590661602192615974560104308636776646597675962152499198463544639119365927723160924444107637319//4542301318267522759229914079311023391514324202608276274260844637904827505547302833801356495732741958106181153572862067077297213583032145913400,-1084702259859914796963498896937827949508894340256273345788907519326090536394339107170597556906687160309422863135346410691502028574897520059800792077//11637298758278982761260132962655493641662042863570959473959621527953323687144595556050900719006857440054748310374061877196895147147097446283650272200,15493880576109030913827003299966264087181502354767594743742035762602993302349267211241207153390164735860617864416576972562893412635183987679307//1238809450436597116153612930721188197685724782529529892980230355792225683331082591036733589745293261301685769156235109202899240068099676158200,3472463260846408410264528794516856020794098995805106198655437482765740973754454701461270086727161185219355130056595431273788290049432966510463101019//3173808752257904389434581717087861902271466235519352583807169507623633732857616969832063832456415665469476811920198693780971403767390212622813710600,2014:PHS|PMDB|PMN|PR|PROS|PRP|PRTB|PSD|PSDB|PT DO B|PTB|PTN|SOLIDARIEDADE,false,accounting attribution; not an independent causal effect
2014,ideological,seat_winning,0,0,ideological/2014/08-20,Ideological 2014/PTB-PR,4,,,,,,PTB,PR,true,"PTB, PT DO B, SOLIDARIEDADE, PMN, PHS, PMDB, PSD, PSDB, PTN, PRTB, PROS, PRP, PR",13,8,PSDB,11088715,97355354,0.11389938554380892,54,513,58.43038478397398,-4.4303847839739765,46191382,0.4744616510767348,257,243.39882700236495,13.601172997635034,negative,,1,0.580946490325171,-5.011331274299147,12.507073279630276,1.0940997180047587,299395305//5123966,-22701141//5123966,623583657//2561983,34845974//2561983,42791902846166185780693443196532892775312130593901325734832374339573303593547606358574459981672335487843547172040801278321686026804163920939//73658940296230098798322931015854433375907960042296372015040723857916121711577883791373348579449869590911045733613979466118333193238359122920,-945703122417180003777308039943075294001968800246623052661049847427931953634353313396150155579345431097593858342576301897166930384351930823680687897//188712952836956477209623777772791788783708803193042586064210078831675519250993441449474065713624715244131053681741543954544245629412391020815950360,15493880576109030913827003299966264087181502354767594743742035762602993302349267211241207153390164735860617864416576972562893412635183987679307//1238809450436597116153612930721188197685724782529529892980230355792225683331082591036733589745293261301685769156235109202899240068099676158200,3472463260846408410264528794516856020794098995805106198655437482765740973754454701461270086727161185219355130056595431273788290049432966510463101019//3173808752257904389434581717087861902271466235519352583807169507623633732857616969832063832456415665469476811920198693780971403767390212622813710600,2014:PHS|PMDB|PMN|PR|PROS|PRP|PRTB|PSD|PSDB|PT DO B|PTB|PTN|SOLIDARIEDADE,false,accounting attribution; not an independent causal effect
2014,ideological,seat_winning,0,0,ideological/2014/08-20,Ideological 2014/PTB-PR,4,,,,,,PTB,PR,true,"PTB, PT DO B, SOLIDARIEDADE, PMN, PHS, PMDB, PSD, PSDB, PTN, PRTB, PROS, PRP, PR",13,9,PTN,723182,97355354,0.007428271484688967,4,513,3.81070327164544,0.18929672835455974,46191382,0.4744616510767348,257,243.39882700236495,13.601172997635034,positive,8,,0.39207808396022525,-0.20278135560566551,12.507073279630276,1.0940997180047587,9762957//2561983,484975//2561983,623583657//2561983,34845974//2561983,205231572527406122871746767819366368570503809916163891795865168485545716115680018460325002791482399594805921227896492813//523445662798704264954625637142278536358453696099316699511908927410945522677815987032187329768901437507825212724024208600,-271941739562679919996956831085087173878923981174677199649057999880980565550524432424103781372057477905742125944376299780743179//1341058889514012748841246653722686191415240275693615695765618969575076443026679035904684391683319411570610561970333714021653800,15493880576109030913827003299966264087181502354767594743742035762602993302349267211241207153390164735860617864416576972562893412635183987679307//1238809450436597116153612930721188197685724782529529892980230355792225683331082591036733589745293261301685769156235109202899240068099676158200,3472463260846408410264528794516856020794098995805106198655437482765740973754454701461270086727161185219355130056595431273788290049432966510463101019//3173808752257904389434581717087861902271466235519352583807169507623633732857616969832063832456415665469476811920198693780971403767390212622813710600,2014:PHS|PMDB|PMN|PR|PROS|PRP|PRTB|PSD|PSDB|PT DO B|PTB|PTN|SOLIDARIEDADE,false,accounting attribution; not an independent causal effect
2014,ideological,seat_winning,0,0,ideological/2014/08-20,Ideological 2014/PTB-PR,4,,,,,,PTB,PR,true,"PTB, PT DO B, SOLIDARIEDADE, PMN, PHS, PMDB, PSD, PSDB, PTN, PRTB, PROS, PRP, PR",13,10,PRTB,454190,97355354,0.00466528014473657,1,513,2.3932887142498602,-1.3932887142498604,46191382,0.4744616510767348,257,243.39882700236495,13.601172997635034,negative,,3,-1.9123380554896656,0.5190493412398052,12.507073279630276,1.0940997180047587,6131565//2561983,-3569582//2561983,623583657//2561983,34845974//2561983,-2485460507526819704168873766080379106793052608933630600011969361383663200638406920905974033448168541079856297944749175568996061774279//1299697247770558386564503717475317955071894481550907248086798562097735211152017356660701517259532880021077651824873479566734434649800,1728331666363758779515989409010927488457542054950159129070294715495843747266747258419829828753321286449995071221046802133000200626550251657//3329802253934958486885686927608567520488957439527238004175160440518841949472878883469654055293129826555040585655244831800820987087398553400,15493880576109030913827003299966264087181502354767594743742035762602993302349267211241207153390164735860617864416576972562893412635183987679307//1238809450436597116153612930721188197685724782529529892980230355792225683331082591036733589745293261301685769156235109202899240068099676158200,3472463260846408410264528794516856020794098995805106198655437482765740973754454701461270086727161185219355130056595431273788290049432966510463101019//3173808752257904389434581717087861902271466235519352583807169507623633732857616969832063832456415665469476811920198693780971403767390212622813710600,2014:PHS|PMDB|PMN|PR|PROS|PRP|PRTB|PSD|PSDB|PT DO B|PTB|PTN|SOLIDARIEDADE,false,accounting attribution; not an independent causal effect
2014,ideological,seat_winning,0,0,ideological/2014/08-20,Ideological 2014/PTB-PR,4,,,,,,PTB,PR,true,"PTB, PT DO B, SOLIDARIEDADE, PMN, PHS, PMDB, PSD, PSDB, PTN, PRTB, PROS, PRP, PR",13,11,PROS,1977117,97355354,0.020308251357187813,11,513,10.418132946237348,0.5818670537626518,46191382,0.4744616510767348,257,243.39882700236495,13.601172997635034,positive,6,,-0.1816975019025609,0.7635645556652128,12.507073279630276,1.0940997180047587,53382159//5123966,2981467//5123966,623583657//2561983,34845974//2561983,-825324802417918069201669131175304360098812448649503465530893903211638481078802729984672986210193070088668194013168984927476846069182076162259//4542301318267522759229914079311023391514324202608276274260844637904827505547302833801356495732741958106181153572862067077297213583032145913400,8885828855508623127883967005846499279413054632317345656427064994851959364910514423566936924861154556089457208402150889782825958267742354522406278497//11637298758278982761260132962655493641662042863570959473959621527953323687144595556050900719006857440054748310374061877196895147147097446283650272200,15493880576109030913827003299966264087181502354767594743742035762602993302349267211241207153390164735860617864416576972562893412635183987679307//1238809450436597116153612930721188197685724782529529892980230355792225683331082591036733589745293261301685769156235109202899240068099676158200,3472463260846408410264528794516856020794098995805106198655437482765740973754454701461270086727161185219355130056595431273788290049432966510463101019//3173808752257904389434581717087861902271466235519352583807169507623633732857616969832063832456415665469476811920198693780971403767390212622813710600,2014:PHS|PMDB|PMN|PR|PROS|PRP|PRTB|PSD|PSDB|PT DO B|PTB|PTN|SOLIDARIEDADE,false,accounting attribution; not an independent causal effect
2014,ideological,seat_winning,0,0,ideological/2014/08-20,Ideological 2014/PTB-PR,4,,,,,,PTB,PR,true,"PTB, PT DO B, SOLIDARIEDADE, PMN, PHS, PMDB, PSD, PSDB, PTN, PRTB, PROS, PRP, PR",13,12,PRP,724825,97355354,0.007445147803581506,3,513,3.8193608232373126,-0.8193608232373126,46191382,0.4744616510767348,257,243.39882700236495,13.601172997635034,negative,,4,-1.2129420394327874,0.39358121619547476,12.507073279630276,1.0940997180047587,19570275//5123966,-4198377//5123966,623583657//2561983,34845974//2561983,-2574849628305314580921160004788586695062232482089817666430979370039939759633268550456587800680133400424112632698534122074558882258384717//2122813411191025310010481297695573010145236637307883615164496051996362592957186772039680157699996522081892767914366876404855577062719700,2140535474856563131989199052960654342968359482346537090204104098746868588238612796486602052627871060424463998419880613944950417314058279450361//5438611871643416596816582906513997227250923795759963588029981088781797024992232237790535889464710189632933879219553393112341105889877805165100,15493880576109030913827003299966264087181502354767594743742035762602993302349267211241207153390164735860617864416576972562893412635183987679307//1238809450436597116153612930721188197685724782529529892980230355792225683331082591036733589745293261301685769156235109202899240068099676158200,3472463260846408410264528794516856020794098995805106198655437482765740973754454701461270086727161185219355130056595431273788290049432966510463101019//3173808752257904389434581717087861902271466235519352583807169507623633732857616969832063832456415665469476811920198693780971403767390212622813710600,2014:PHS|PMDB|PMN|PR|PROS|PRP|PRTB|PSD|PSDB|PT DO B|PTB|PTN|SOLIDARIEDADE,false,accounting attribution; not an independent causal effect
2014,ideological,seat_winning,0,0,ideological/2014/08-20,Ideological 2014/PTB-PR,4,,,,,,PTB,PR,true,"PTB, PT DO B, SOLIDARIEDADE, PMN, PHS, PMDB, PSD, PSDB, PTN, PRTB, PROS, PRP, PR",13,13,PR,5635519,97355354,0.05788607167922167,34,513,29.695554771440715,4.304445228559284,46191382,0.4744616510767348,257,243.39882700236495,13.601172997635034,positive,4,,5.0428381901786,-0.7383929616193156,12.507073279630276,1.0940997180047587,152159013//5123966,22055831//5123966,623583657//2561983,34845974//2561983,9816895953882026159527461959986922936440415183207278138032845694655528726270359153695031642984978682434598029379102761438611264936347502277781//1946700564971795468241391748276152882077567515403546974683219130530640359520272643057724212456889410616934780102655171604555948678442348248600,-3682671212303314719215643772246492136837545206903667628824624271855283407037126311058814016510960826631479139119599271965735187327219494821002406423//4987413753548135469111485555423782989283732655816125488839837797694281580204826666878957451002938902880606418731740804512955063063041762692992973800,15493880576109030913827003299966264087181502354767594743742035762602993302349267211241207153390164735860617864416576972562893412635183987679307//1238809450436597116153612930721188197685724782529529892980230355792225683331082591036733589745293261301685769156235109202899240068099676158200,3472463260846408410264528794516856020794098995805106198655437482765740973754454701461270086727161185219355130056595431273788290049432966510463101019//3173808752257904389434581717087861902271466235519352583807169507623633732857616969832063832456415665469476811920198693780971403767390212622813710600,2014:PHS|PMDB|PMN|PR|PROS|PRP|PRTB|PSD|PSDB|PT DO B|PTB|PTN|SOLIDARIEDADE,false,accounting attribution; not an independent causal effect
2014,ideological,seat_winning,0,0,ideological/2014/09-23,Ideological 2014/PT DO B-PSDC,5,,,,,,PT DO B,PSDC,true,"PT DO B, SOLIDARIEDADE, PMN, PHS, PMDB, PSD, PSDB, PTN, PRTB, PROS, PRP, PR, PRB, PTC, PSDC",15,1,PT DO B,812497,97355354,0.008345683792593471,1,513,4.281335785600451,-3.281335785600451,47550066,0.4884175758839108,257,250.55821642844626,6.441783571553754,negative,,2,-3.614965224246245,0.33362943864579403,7.153118077830786,-0.7113345062770328,21937419//5123966,-16813453//5123966,641925891//2561983,16503740//2561983,-6876156324784325557183196191550121719608250221934308790977865793382851042965592374523965882254275777627501219781005420792909821589857536231//1902136230430285912575340904234096897619063736435626580511241473159475504835553950503080609603325778101415893455972389898365667329577950550,812928277235764880072537451128705450392566855029764360373804149309787705504093855293048795263511456347572889260349968776179260608250394770665749//2436620343023237596578754807926192136026390884332277946808965981564766266152553508385866984716678693478799897482006255694492283741017053241970325,1433453720940618915751225342159070167370870120165152965373014279419599789823925556632176254610129971836920559401337377493709884375768517453601//200395646394155415848378562322545149625631950115071012099743145789918860538851595608883374811738615798802109716449797076939582952192594672650,-365206419115531168879552341635639776928796902678977024454236297731349032903003636843019909099341552533346915324955364392896457951265541248528339783//513410239335837474761476454234801190073325420451659976792336243880293692079908627472833855250302534120062425457679200464568903550607240277219864950,2014:PHS|PMDB|PMN|PR|PRB|PROS|PRP|PRTB|PSD|PSDB|PSDC|PT DO B|PTC|PTN|SOLIDARIEDADE,false,accounting attribution; not an independent causal effect
2014,ideological,seat_winning,0,0,ideological/2014/09-23,Ideological 2014/PT DO B-PSDC,5,,,,,,PT DO B,PSDC,true,"PT DO B, SOLIDARIEDADE, PMN, PHS, PMDB, PSD, PSDB, PTN, PRTB, PROS, PRP, PR, PRB, PTC, PSDC",15,2,SOLIDARIEDADE,2689701,97355354,0.02762766390844822,15,513,14.172991585033937,0.8270084149660634,47550066,0.4884175758839108,257,250.55821642844626,6.441783571553754,positive,4,,0.6928057918334442,0.1342026231326193,7.153118077830786,-0.7113345062770328,72621927//5123966,4237563//5123966,641925891//2561983,16503740//2561983,2305445173295551744816746837908491248364226487200299404383843585229725022069910780967115113614326825307907659654155599014807928855953269351//3327693273456060629472464526967782704406098316929140127663622445351521982085936141979015747789554548063136376243854994195822134493063843160,1144143604057884778763769085120278956157683532733714244459788720177959171269276675452039474502200186794204996358786926353960653860253824334626507//8525493595808778579677753086194500836382448984301069211692030423409028342230472934835824702569126329710438322618360349594794979594943184090586280,1433453720940618915751225342159070167370870120165152965373014279419599789823925556632176254610129971836920559401337377493709884375768517453601//200395646394155415848378562322545149625631950115071012099743145789918860538851595608883374811738615798802109716449797076939582952192594672650,-365206419115531168879552341635639776928796902678977024454236297731349032903003636843019909099341552533346915324955364392896457951265541248528339783//513410239335837474761476454234801190073325420451659976792336243880293692079908627472833855250302534120062425457679200464568903550607240277219864950,2014:PHS|PMDB|PMN|PR|PRB|PROS|PRP|PRTB|PSD|PSDB|PSDC|PT DO B|PTC|PTN|SOLIDARIEDADE,false,accounting attribution; not an independent causal effect
2014,ideological,seat_winning,0,0,ideological/2014/09-23,Ideological 2014/PT DO B-PSDC,5,,,,,,PT DO B,PSDC,true,"PT DO B, SOLIDARIEDADE, PMN, PHS, PMDB, PSD, PSDB, PTN, PRTB, PROS, PRP, PR, PRB, PTC, PSDC",15,3,PMN,468473,97355354,0.004811990103800557,3,513,2.468550923249686,0.5314490767503142,47550066,0.4884175758839108,257,250.55821642844626,6.441783571553754,positive,6,,0.1733140509435868,0.3581350258067273,7.153118077830786,-0.7113345062770328,12648771//5123966,2723127//5123966,641925891//2561983,16503740//2561983,1318667742169746924455636317828125251050733166684908378937568602947467890820337605522098616030922015579160576262911438048782599575178594169//7608544921721143650301363616936387590476254945742506322044965892637902019342215802012322438413303112405663573823889559593462669318311802200,6981112715438591637749476200590313349982705840234575383220062096075523476785094045534882003779801754048404164742380817586999418348968451269862573//19492962744185900772630038463409537088211127074658223574471727852518130129220428067086935877733429547830399179856050045555938269928136425935762600,1433453720940618915751225342159070167370870120165152965373014279419599789823925556632176254610129971836920559401337377493709884375768517453601//200395646394155415848378562322545149625631950115071012099743145789918860538851595608883374811738615798802109716449797076939582952192594672650,-365206419115531168879552341635639776928796902678977024454236297731349032903003636843019909099341552533346915324955364392896457951265541248528339783//513410239335837474761476454234801190073325420451659976792336243880293692079908627472833855250302534120062425457679200464568903550607240277219864950,2014:PHS|PMDB|PMN|PR|PRB|PROS|PRP|PRTB|PSD|PSDB|PSDC|PT DO B|PTC|PTN|SOLIDARIEDADE,false,accounting attribution; not an independent causal effect
2014,ideological,seat_winning,0,0,ideological/2014/09-23,Ideological 2014/PT DO B-PSDC,5,,,,,,PT DO B,PSDC,true,"PT DO B, SOLIDARIEDADE, PMN, PHS, PMDB, PSD, PSDB, PTN, PRTB, PROS, PRP, PR, PRB, PTC, PSDC",15,4,PHS,943068,97355354,0.009686863241234786,5,513,4.969360842753446,0.030639157246554718,47550066,0.4884175758839108,257,250.55821642844626,6.441783571553754,positive,9,,-0.09207556833931149,0.12271472558586621,7.153118077830786,-0.7113345062770328,12731418//2561983,78497//2561983,641925891//2561983,16503740//2561983,-177392169516470456594308007821000655732859316541671689733683638465269349557453577490218433919666053295764178798339871247407599709227373//1926593261556151502481846567606209051410581394696073963886129280976313709424638950513769292004606476989870640193990547684246237623858600,605707513886688754287172522818655314885014518110839378622141499294963861235959472517601642103293388845115673733614854379617341440605501284859//4935899184021413694782948714815458284160035553327631662218877153663539126212864772354118192037837715737939752376120485327728228606286127603800,1433453720940618915751225342159070167370870120165152965373014279419599789823925556632176254610129971836920559401337377493709884375768517453601//200395646394155415848378562322545149625631950115071012099743145789918860538851595608883374811738615798802109716449797076939582952192594672650,-365206419115531168879552341635639776928796902678977024454236297731349032903003636843019909099341552533346915324955364392896457951265541248528339783//513410239335837474761476454234801190073325420451659976792336243880293692079908627472833855250302534120062425457679200464568903550607240277219864950,2014:PHS|PMDB|PMN|PR|PRB|PROS|PRP|PRTB|PSD|PSDB|PSDC|PT DO B|PTC|PTN|SOLIDARIEDADE,false,accounting attribution; not an independent causal effect
2014,ideological,seat_winning,0,0,ideological/2014/09-23,Ideological 2014/PT DO B-PSDC,5,,,,,,PT DO B,PSDC,true,"PT DO B, SOLIDARIEDADE, PMN, PHS, PMDB, PSD, PSDB, PTN, PRTB, PROS, PRP, PR, PRB, PTC, PSDC",15,5,PMDB,10791949,97355354,0.11085110943153675,65,513,56.86661913837836,8.133380861621642,47550066,0.4884175758839108,257,250.55821642844626,6.441783571553754,positive,1,,3.9086952162479633,4.224685645373679,7.153118077830786,-0.7113345062770328,291382623//5123966,41675167//5123966,641925891//2561983,16503740//2561983,1183158165631686216544067255830149040749674192654009893964425573012712486817105396842347796764954889674007591813996908847862935404232088757//302699008281189041665328140697789110456772237945373602176519034913023291053398829388335099009245765567518402877039988476429242541852068900,3276284753766903786866035126396436124666742111550292643880336206515709889656852930263337816186656488922906615638561750195857696471853990901578019//775509713333265544532862385889343838575372708488002097425004766623572150282859893112814921965004494205967500358127540796807620095101789036628700,1433453720940618915751225342159070167370870120165152965373014279419599789823925556632176254610129971836920559401337377493709884375768517453601//200395646394155415848378562322545149625631950115071012099743145789918860538851595608883374811738615798802109716449797076939582952192594672650,-365206419115531168879552341635639776928796902678977024454236297731349032903003636843019909099341552533346915324955364392896457951265541248528339783//513410239335837474761476454234801190073325420451659976792336243880293692079908627472833855250302534120062425457679200464568903550607240277219864950,2014:PHS|PMDB|PMN|PR|PRB|PROS|PRP|PRTB|PSD|PSDB|PSDC|PT DO B|PTC|PTN|SOLIDARIEDADE,false,accounting attribution; not an independent causal effect
2014,ideological,seat_winning,0,0,ideological/2014/09-23,Ideological 2014/PT DO B-PSDC,5,,,,,,PT DO B,PSDC,true,"PT DO B, SOLIDARIEDADE, PMN, PHS, PMDB, PSD, PSDB, PTN, PRTB, PROS, PRP, PR, PRB, PTC, PSDC",15,6,PSD,5967953,97355354,0.061300716959028265,36,513,31.4472677999815,4.552732200018501,47550066,0.4884175758839108,257,250.55821642844626,6.441783571553754,positive,2,,4.645941310001025,-0.09320910998252392,7.153118077830786,-0.7113345062770328,161134731//5123966,23328045//5123966,641925891//2561983,16503740//2561983,21103265337011198466142554182088011234328362409810590661602192615974560104308636776646597675962152499198463544639119365927723160924444107637319//4542301318267522759229914079311023391514324202608276274260844637904827505547302833801356495732741958106181153572862067077297213583032145913400,-1084702259859914796963498896937827949508894340256273345788907519326090536394339107170597556906687160309422863135346410691502028574897520059800792077//11637298758278982761260132962655493641662042863570959473959621527953323687144595556050900719006857440054748310374061877196895147147097446283650272200,1433453720940618915751225342159070167370870120165152965373014279419599789823925556632176254610129971836920559401337377493709884375768517453601//200395646394155415848378562322545149625631950115071012099743145789918860538851595608883374811738615798802109716449797076939582952192594672650,-365206419115531168879552341635639776928796902678977024454236297731349032903003636843019909099341552533346915324955364392896457951265541248528339783//513410239335837474761476454234801190073325420451659976792336243880293692079908627472833855250302534120062425457679200464568903550607240277219864950,2014:PHS|PMDB|PMN|PR|PRB|PROS|PRP|PRTB|PSD|PSDB|PSDC|PT DO B|PTC|PTN|SOLIDARIEDADE,false,accounting attribution; not an independent causal effect
2014,ideological,seat_winning,0,0,ideological/2014/09-23,Ideological 2014/PT DO B-PSDC,5,,,,,,PT DO B,PSDC,true,"PT DO B, SOLIDARIEDADE, PMN, PHS, PMDB, PSD, PSDB, PTN, PRTB, PROS, PRP, PR, PRB, PTC, PSDC",15,7,PSDB,11088715,97355354,0.11389938554380892,54,513,58.43038478397398,-4.4303847839739765,47550066,0.4884175758839108,257,250.55821642844626,6.441783571553754,negative,,1,0.580946490325171,-5.011331274299147,7.153118077830786,-0.7113345062770328,299395305//5123966,-22701141//5123966,641925891//2561983,16503740//2561983,42791902846166185780693443196532892775312130593901325734832374339573303593547606358574459981672335487843547172040801278321686026804163920939//73658940296230098798322931015854433375907960042296372015040723857916121711577883791373348579449869590911045733613979466118333193238359122920,-945703122417180003777308039943075294001968800246623052661049847427931953634353313396150155579345431097593858342576301897166930384351930823680687897//188712952836956477209623777772791788783708803193042586064210078831675519250993441449474065713624715244131053681741543954544245629412391020815950360,1433453720940618915751225342159070167370870120165152965373014279419599789823925556632176254610129971836920559401337377493709884375768517453601//200395646394155415848378562322545149625631950115071012099743145789918860538851595608883374811738615798802109716449797076939582952192594672650,-365206419115531168879552341635639776928796902678977024454236297731349032903003636843019909099341552533346915324955364392896457951265541248528339783//513410239335837474761476454234801190073325420451659976792336243880293692079908627472833855250302534120062425457679200464568903550607240277219864950,2014:PHS|PMDB|PMN|PR|PRB|PROS|PRP|PRTB|PSD|PSDB|PSDC|PT DO B|PTC|PTN|SOLIDARIEDADE,false,accounting attribution; not an independent causal effect
2014,ideological,seat_winning,0,0,ideological/2014/09-23,Ideological 2014/PT DO B-PSDC,5,,,,,,PT DO B,PSDC,true,"PT DO B, SOLIDARIEDADE, PMN, PHS, PMDB, PSD, PSDB, PTN, PRTB, PROS, PRP, PR, PRB, PTC, PSDC",15,8,PTN,723182,97355354,0.007428271484688967,4,513,3.81070327164544,0.18929672835455974,47550066,0.4884175758839108,257,250.55821642844626,6.441783571553754,positive,8,,0.39207808396022525,-0.20278135560566551,7.153118077830786,-0.7113345062770328,9762957//2561983,484975//2561983,641925891//2561983,16503740//2561983,205231572527406122871746767819366368570503809916163891795865168485545716115680018460325002791482399594805921227896492813//523445662798704264954625637142278536358453696099316699511908927410945522677815987032187329768901437507825212724024208600,-271941739562679919996956831085087173878923981174677199649057999880980565550524432424103781372057477905742125944376299780743179//1341058889514012748841246653722686191415240275693615695765618969575076443026679035904684391683319411570610561970333714021653800,1433453720940618915751225342159070167370870120165152965373014279419599789823925556632176254610129971836920559401337377493709884375768517453601//200395646394155415848378562322545149625631950115071012099743145789918860538851595608883374811738615798802109716449797076939582952192594672650,-365206419115531168879552341635639776928796902678977024454236297731349032903003636843019909099341552533346915324955364392896457951265541248528339783//513410239335837474761476454234801190073325420451659976792336243880293692079908627472833855250302534120062425457679200464568903550607240277219864950,2014:PHS|PMDB|PMN|PR|PRB|PROS|PRP|PRTB|PSD|PSDB|PSDC|PT DO B|PTC|PTN|SOLIDARIEDADE,false,accounting attribution; not an independent causal effect
2014,ideological,seat_winning,0,0,ideological/2014/09-23,Ideological 2014/PT DO B-PSDC,5,,,,,,PT DO B,PSDC,true,"PT DO B, SOLIDARIEDADE, PMN, PHS, PMDB, PSD, PSDB, PTN, PRTB, PROS, PRP, PR, PRB, PTC, PSDC",15,9,PRTB,454190,97355354,0.00466528014473657,1,513,2.3932887142498602,-1.3932887142498604,47550066,0.4884175758839108,257,250.55821642844626,6.441783571553754,negative,,4,-1.9123380554896656,0.5190493412398052,7.153118077830786,-0.7113345062770328,6131565//2561983,-3569582//2561983,641925891//2561983,16503740//2561983,-2485460507526819704168873766080379106793052608933630600011969361383663200638406920905974033448168541079856297944749175568996061774279//1299697247770558386564503717475317955071894481550907248086798562097735211152017356660701517259532880021077651824873479566734434649800,1728331666363758779515989409010927488457542054950159129070294715495843747266747258419829828753321286449995071221046802133000200626550251657//3329802253934958486885686927608567520488957439527238004175160440518841949472878883469654055293129826555040585655244831800820987087398553400,1433453720940618915751225342159070167370870120165152965373014279419599789823925556632176254610129971836920559401337377493709884375768517453601//200395646394155415848378562322545149625631950115071012099743145789918860538851595608883374811738615798802109716449797076939582952192594672650,-365206419115531168879552341635639776928796902678977024454236297731349032903003636843019909099341552533346915324955364392896457951265541248528339783//513410239335837474761476454234801190073325420451659976792336243880293692079908627472833855250302534120062425457679200464568903550607240277219864950,2014:PHS|PMDB|PMN|PR|PRB|PROS|PRP|PRTB|PSD|PSDB|PSDC|PT DO B|PTC|PTN|SOLIDARIEDADE,false,accounting attribution; not an independent causal effect
2014,ideological,seat_winning,0,0,ideological/2014/09-23,Ideological 2014/PT DO B-PSDC,5,,,,,,PT DO B,PSDC,true,"PT DO B, SOLIDARIEDADE, PMN, PHS, PMDB, PSD, PSDB, PTN, PRTB, PROS, PRP, PR, PRB, PTC, PSDC",15,10,PROS,1977117,97355354,0.020308251357187813,11,513,10.418132946237348,0.5818670537626518,47550066,0.4884175758839108,257,250.55821642844626,6.441783571553754,positive,5,,-0.1816975019025609,0.7635645556652128,7.153118077830786,-0.7113345062770328,53382159//5123966,2981467//5123966,641925891//2561983,16503740//2561983,-825324802417918069201669131175304360098812448649503465530893903211638481078802729984672986210193070088668194013168984927476846069182076162259//4542301318267522759229914079311023391514324202608276274260844637904827505547302833801356495732741958106181153572862067077297213583032145913400,8885828855508623127883967005846499279413054632317345656427064994851959364910514423566936924861154556089457208402150889782825958267742354522406278497//11637298758278982761260132962655493641662042863570959473959621527953323687144595556050900719006857440054748310374061877196895147147097446283650272200,1433453720940618915751225342159070167370870120165152965373014279419599789823925556632176254610129971836920559401337377493709884375768517453601//200395646394155415848378562322545149625631950115071012099743145789918860538851595608883374811738615798802109716449797076939582952192594672650,-365206419115531168879552341635639776928796902678977024454236297731349032903003636843019909099341552533346915324955364392896457951265541248528339783//513410239335837474761476454234801190073325420451659976792336243880293692079908627472833855250302534120062425457679200464568903550607240277219864950,2014:PHS|PMDB|PMN|PR|PRB|PROS|PRP|PRTB|PSD|PSDB|PSDC|PT DO B|PTC|PTN|SOLIDARIEDADE,false,accounting attribution; not an independent causal effect
2014,ideological,seat_winning,0,0,ideological/2014/09-23,Ideological 2014/PT DO B-PSDC,5,,,,,,PT DO B,PSDC,true,"PT DO B, SOLIDARIEDADE, PMN, PHS, PMDB, PSD, PSDB, PTN, PRTB, PROS, PRP, PR, PRB, PTC, PSDC",15,11,PRP,724825,97355354,0.007445147803581506,3,513,3.8193608232373126,-0.8193608232373126,47550066,0.4884175758839108,257,250.55821642844626,6.441783571553754,negative,,5,-1.2129420394327874,0.39358121619547476,7.153118077830786,-0.7113345062770328,19570275//5123966,-4198377//5123966,641925891//2561983,16503740//2561983,-2574849628305314580921160004788586695062232482089817666430979370039939759633268550456587800680133400424112632698534122074558882258384717//2122813411191025310010481297695573010145236637307883615164496051996362592957186772039680157699996522081892767914366876404855577062719700,2140535474856563131989199052960654342968359482346537090204104098746868588238612796486602052627871060424463998419880613944950417314058279450361//5438611871643416596816582906513997227250923795759963588029981088781797024992232237790535889464710189632933879219553393112341105889877805165100,1433453720940618915751225342159070167370870120165152965373014279419599789823925556632176254610129971836920559401337377493709884375768517453601//200395646394155415848378562322545149625631950115071012099743145789918860538851595608883374811738615798802109716449797076939582952192594672650,-365206419115531168879552341635639776928796902678977024454236297731349032903003636843019909099341552533346915324955364392896457951265541248528339783//513410239335837474761476454234801190073325420451659976792336243880293692079908627472833855250302534120062425457679200464568903550607240277219864950,2014:PHS|PMDB|PMN|PR|PRB|PROS|PRP|PRTB|PSD|PSDB|PSDC|PT DO B|PTC|PTN|SOLIDARIEDADE,false,accounting attribution; not an independent causal effect
2014,ideological,seat_winning,0,0,ideological/2014/09-23,Ideological 2014/PT DO B-PSDC,5,,,,,,PT DO B,PSDC,true,"PT DO B, SOLIDARIEDADE, PMN, PHS, PMDB, PSD, PSDB, PTN, PRTB, PROS, PRP, PR, PRB, PTC, PSDC",15,12,PR,5635519,97355354,0.05788607167922167,34,513,29.695554771440715,4.304445228559284,47550066,0.4884175758839108,257,250.55821642844626,6.441783571553754,positive,3,,5.0428381901786,-0.7383929616193156,7.153118077830786,-0.7113345062770328,152159013//5123966,22055831//5123966,641925891//2561983,16503740//2561983,9816895953882026159527461959986922936440415183207278138032845694655528726270359153695031642984978682434598029379102761438611264936347502277781//1946700564971795468241391748276152882077567515403546974683219130530640359520272643057724212456889410616934780102655171604555948678442348248600,-3682671212303314719215643772246492136837545206903667628824624271855283407037126311058814016510960826631479139119599271965735187327219494821002406423//4987413753548135469111485555423782989283732655816125488839837797694281580204826666878957451002938902880606418731740804512955063063041762692992973800,1433453720940618915751225342159070167370870120165152965373014279419599789823925556632176254610129971836920559401337377493709884375768517453601//200395646394155415848378562322545149625631950115071012099743145789918860538851595608883374811738615798802109716449797076939582952192594672650,-365206419115531168879552341635639776928796902678977024454236297731349032903003636843019909099341552533346915324955364392896457951265541248528339783//513410239335837474761476454234801190073325420451659976792336243880293692079908627472833855250302534120062425457679200464568903550607240277219864950,2014:PHS|PMDB|PMN|PR|PRB|PROS|PRP|PRTB|PSD|PSDB|PSDC|PT DO B|PTC|PTN|SOLIDARIEDADE,false,accounting attribution; not an independent causal effect
2014,ideological,seat_winning,0,0,ideological/2014/09-23,Ideological 2014/PT DO B-PSDC,5,,,,,,PT DO B,PSDC,true,"PT DO B, SOLIDARIEDADE, PMN, PHS, PMDB, PSD, PSDB, PTN, PRTB, PROS, PRP, PR, PRB, PTC, PSDC",15,13,PRB,4424824,97355354,0.04545023789857515,21,513,23.315972041969054,-2.315972041969053,47550066,0.4884175758839108,257,250.55821642844626,6.441783571553754,negative,,3,-0.14155684335101232,-2.1744151986180404,7.153118077830786,-0.7113345062770328,59735124//2561983,-5933481//2561983,641925891//2561983,16503740//2561983,-74191596480356818042438934974390442236911906021799491385146583541458682348491110900421080302918931212276157573923934334758553315551784037603//524111690569329549141913162997425775943960484916339570107020535142864712178534942361694980276854841319943979258407161585841986182657555297700,-2919729148945462060813286226352635142100296326276439502440782312338723115902571386561218792690379788585881614984438620474755571318023827541342046951//1342765241339882626299246111075633881730235715027418400841494791686921963901299487236642390654637396929394035812391755061180209286203551494267339100,1433453720940618915751225342159070167370870120165152965373014279419599789823925556632176254610129971836920559401337377493709884375768517453601//200395646394155415848378562322545149625631950115071012099743145789918860538851595608883374811738615798802109716449797076939582952192594672650,-365206419115531168879552341635639776928796902678977024454236297731349032903003636843019909099341552533346915324955364392896457951265541248528339783//513410239335837474761476454234801190073325420451659976792336243880293692079908627472833855250302534120062425457679200464568903550607240277219864950,2014:PHS|PMDB|PMN|PR|PRB|PROS|PRP|PRTB|PSD|PSDB|PSDC|PT DO B|PTC|PTN|SOLIDARIEDADE,false,accounting attribution; not an independent causal effect
2014,ideological,seat_winning,0,0,ideological/2014/09-23,Ideological 2014/PT DO B-PSDC,5,,,,,,PT DO B,PSDC,true,"PT DO B, SOLIDARIEDADE, PMN, PHS, PMDB, PSD, PSDB, PTN, PRTB, PROS, PRP, PR, PRB, PTC, PSDC",15,14,PTC,338117,97355354,0.0034730190596400073,2,513,1.7816587775953237,0.21834122240467638,47550066,0.4884175758839108,257,250.55821642844626,6.441783571553754,positive,7,,0.13564898317681648,0.08269223922785991,7.153118077830786,-0.7113345062770328,9129159//5123966,1118773//5123966,641925891//2561983,16503740//2561983,714524802983033391627002364315717741278310680994153702767257283420283522487442480596729777770504362592048477087890580084783338099204444827//5267454176576176373285559427109806793406638039360196684492668694903162936467687862931607841978440616280844012647308156641628001835754324600,1115942357424448447054180190136284451886532096179117776773192100152499914167436927971140303855062893412520215805668272127858571355482085326645959//13495128053667162073359257397745064137992318743994154782326580820974090089460296354137109453815451225421045586054188493077188033027171371801681800,1433453720940618915751225342159070167370870120165152965373014279419599789823925556632176254610129971836920559401337377493709884375768517453601//200395646394155415848378562322545149625631950115071012099743145789918860538851595608883374811738615798802109716449797076939582952192594672650,-365206419115531168879552341635639776928796902678977024454236297731349032903003636843019909099341552533346915324955364392896457951265541248528339783//513410239335837474761476454234801190073325420451659976792336243880293692079908627472833855250302534120062425457679200464568903550607240277219864950,2014:PHS|PMDB|PMN|PR|PRB|PROS|PRP|PRTB|PSD|PSDB|PSDC|PT DO B|PTC|PTN|SOLIDARIEDADE,false,accounting attribution; not an independent causal effect
2014,ideological,seat_winning,0,0,ideological/2014/09-23,Ideological 2014/PT DO B-PSDC,5,,,,,,PT DO B,PSDC,true,"PT DO B, SOLIDARIEDADE, PMN, PHS, PMDB, PSD, PSDB, PTN, PRTB, PROS, PRP, PR, PRB, PTC, PSDC",15,15,PSDC,509936,97355354,0.00523788347582815,2,513,2.687034223099841,-0.687034223099841,47550066,0.4884175758839108,257,250.55821642844626,6.441783571553754,negative,,6,-1.2635748060744627,0.5765405829746216,7.153118077830786,-0.7113345062770328,6884136//2561983,-1760170//2561983,641925891//2561983,16503740//2561983,-1428913896873357904956469158539259779117748703550443828673121810292100109889314944442996762694692522795593762613047229209717531401//1130850259125182149610261681716520364419248320711553109312338024564601626501076050630067909865245276073500976078753169235969403275,1670364411648924241134595419894920736843598860101422295097152614199710670916157737271375542171327656043129481656123613538323485688771433//2897219139424311539204947054109135992795919070441546969655351709188091768868106323421373273920290688130616251197172280778676599710694325,1433453720940618915751225342159070167370870120165152965373014279419599789823925556632176254610129971836920559401337377493709884375768517453601//200395646394155415848378562322545149625631950115071012099743145789918860538851595608883374811738615798802109716449797076939582952192594672650,-365206419115531168879552341635639776928796902678977024454236297731349032903003636843019909099341552533346915324955364392896457951265541248528339783//513410239335837474761476454234801190073325420451659976792336243880293692079908627472833855250302534120062425457679200464568903550607240277219864950,2014:PHS|PMDB|PMN|PR|PRB|PROS|PRP|PRTB|PSD|PSDB|PSDC|PT DO B|PTC|PTN|SOLIDARIEDADE,false,accounting attribution; not an independent causal effect
2014,ideological,seat_winning,0,0,ideological/2014/09-24,Ideological 2014/PT DO B-PSL,6,,,,,,PT DO B,PSL,false,"PT DO B, SOLIDARIEDADE, PMN, PHS, PMDB, PSD, PSDB, PTN, PRTB, PROS, PRP, PR, PRB, PTC, PSDC, PSL",16,1,PT DO B,812497,97355354,0.008345683792593471,1,513,4.281335785600451,-3.281335785600451,48358776,0.49672436094269656,258,254.81959716360336,3.1804028363966506,negative,,2,-3.614965224246245,0.33362943864579403,3.857780426893247,-0.6773775904965965,21937419//5123966,-16813453//5123966,652843476//2561983,8148138//2561983,-6876156324784325557183196191550121719608250221934308790977865793382851042965592374523965882254275777627501219781005420792909821589857536231//1902136230430285912575340904234096897619063736435626580511241473159475504835553950503080609603325778101415893455972389898365667329577950550,812928277235764880072537451128705450392566855029764360373804149309787705504093855293048795263511456347572889260349968776179260608250394770665749//2436620343023237596578754807926192136026390884332277946808965981564766266152553508385866984716678693478799897482006255694492283741017053241970325,5841067039554614312498389080375490307516997680581665602538055786422151615209250736974896859425310855860801300518439310012125787962408136853847//1514100439422507586409971359770341130504774734202758758086948212634942501849100944600452165244247319368727051190954022359099071194344048637800,-2627615130924017320062189135851251946094406075492259043786185742462328134456912158332318075792105318084362400869174972945771274857954157901723082201//3879099586092994253753377654218497880554014287856986491319873842651107895714865185350300239668952480018249436791353959065631715715699148761216757400,2014:PHS|PMDB|PMN|PR|PRB|PROS|PRP|PRTB|PSD|PSDB|PSDC|PSL|PT DO B|PTC|PTN|SOLIDARIEDADE,false,accounting attribution; not an independent causal effect
2014,ideological,seat_winning,0,0,ideological/2014/09-24,Ideological 2014/PT DO B-PSL,6,,,,,,PT DO B,PSL,false,"PT DO B, SOLIDARIEDADE, PMN, PHS, PMDB, PSD, PSDB, PTN, PRTB, PROS, PRP, PR, PRB, PTC, PSDC, PSL",16,2,SOLIDARIEDADE,2689701,97355354,0.02762766390844822,15,513,14.172991585033937,0.8270084149660634,48358776,0.49672436094269656,258,254.81959716360336,3.1804028363966506,positive,4,,0.6928057918334442,0.1342026231326193,3.857780426893247,-0.6773775904965965,72621927//5123966,4237563//5123966,652843476//2561983,8148138//2561983,2305445173295551744816746837908491248364226487200299404383843585229725022069910780967115113614326825307907659654155599014807928855953269351//3327693273456060629472464526967782704406098316929140127663622445351521982085936141979015747789554548063136376243854994195822134493063843160,1144143604057884778763769085120278956157683532733714244459788720177959171269276675452039474502200186794204996358786926353960653860253824334626507//8525493595808778579677753086194500836382448984301069211692030423409028342230472934835824702569126329710438322618360349594794979594943184090586280,5841067039554614312498389080375490307516997680581665602538055786422151615209250736974896859425310855860801300518439310012125787962408136853847//1514100439422507586409971359770341130504774734202758758086948212634942501849100944600452165244247319368727051190954022359099071194344048637800,-2627615130924017320062189135851251946094406075492259043786185742462328134456912158332318075792105318084362400869174972945771274857954157901723082201//3879099586092994253753377654218497880554014287856986491319873842651107895714865185350300239668952480018249436791353959065631715715699148761216757400,2014:PHS|PMDB|PMN|PR|PRB|PROS|PRP|PRTB|PSD|PSDB|PSDC|PSL|PT DO B|PTC|PTN|SOLIDARIEDADE,false,accounting attribution; not an independent causal effect
2014,ideological,seat_winning,0,0,ideological/2014/09-24,Ideological 2014/PT DO B-PSL,6,,,,,,PT DO B,PSL,false,"PT DO B, SOLIDARIEDADE, PMN, PHS, PMDB, PSD, PSDB, PTN, PRTB, PROS, PRP, PR, PRB, PTC, PSDC, PSL",16,3,PMN,468473,97355354,0.004811990103800557,3,513,2.468550923249686,0.5314490767503142,48358776,0.49672436094269656,258,254.81959716360336,3.1804028363966506,positive,6,,0.1733140509435868,0.3581350258067273,3.857780426893247,-0.6773775904965965,12648771//5123966,2723127//5123966,652843476//2561983,8148138//2561983,1318667742169746924455636317828125251050733166684908378937568602947467890820337605522098616030922015579160576262911438048782599575178594169//7608544921721143650301363616936387590476254945742506322044965892637902019342215802012322438413303112405663573823889559593462669318311802200,6981112715438591637749476200590313349982705840234575383220062096075523476785094045534882003779801754048404164742380817586999418348968451269862573//19492962744185900772630038463409537088211127074658223574471727852518130129220428067086935877733429547830399179856050045555938269928136425935762600,5841067039554614312498389080375490307516997680581665602538055786422151615209250736974896859425310855860801300518439310012125787962408136853847//1514100439422507586409971359770341130504774734202758758086948212634942501849100944600452165244247319368727051190954022359099071194344048637800,-2627615130924017320062189135851251946094406075492259043786185742462328134456912158332318075792105318084362400869174972945771274857954157901723082201//3879099586092994253753377654218497880554014287856986491319873842651107895714865185350300239668952480018249436791353959065631715715699148761216757400,2014:PHS|PMDB|PMN|PR|PRB|PROS|PRP|PRTB|PSD|PSDB|PSDC|PSL|PT DO B|PTC|PTN|SOLIDARIEDADE,false,accounting attribution; not an independent causal effect
2014,ideological,seat_winning,0,0,ideological/2014/09-24,Ideological 2014/PT DO B-PSL,6,,,,,,PT DO B,PSL,false,"PT DO B, SOLIDARIEDADE, PMN, PHS, PMDB, PSD, PSDB, PTN, PRTB, PROS, PRP, PR, PRB, PTC, PSDC, PSL",16,4,PHS,943068,97355354,0.009686863241234786,5,513,4.969360842753446,0.030639157246554718,48358776,0.49672436094269656,258,254.81959716360336,3.1804028363966506,positive,9,,-0.09207556833931149,0.12271472558586621,3.857780426893247,-0.6773775904965965,12731418//2561983,78497//2561983,652843476//2561983,8148138//2561983,-177392169516470456594308007821000655732859316541671689733683638465269349557453577490218433919666053295764178798339871247407599709227373//1926593261556151502481846567606209051410581394696073963886129280976313709424638950513769292004606476989870640193990547684246237623858600,605707513886688754287172522818655314885014518110839378622141499294963861235959472517601642103293388845115673733614854379617341440605501284859//4935899184021413694782948714815458284160035553327631662218877153663539126212864772354118192037837715737939752376120485327728228606286127603800,5841067039554614312498389080375490307516997680581665602538055786422151615209250736974896859425310855860801300518439310012125787962408136853847//1514100439422507586409971359770341130504774734202758758086948212634942501849100944600452165244247319368727051190954022359099071194344048637800,-2627615130924017320062189135851251946094406075492259043786185742462328134456912158332318075792105318084362400869174972945771274857954157901723082201//3879099586092994253753377654218497880554014287856986491319873842651107895714865185350300239668952480018249436791353959065631715715699148761216757400,2014:PHS|PMDB|PMN|PR|PRB|PROS|PRP|PRTB|PSD|PSDB|PSDC|PSL|PT DO B|PTC|PTN|SOLIDARIEDADE,false,accounting attribution; not an independent causal effect
2014,ideological,seat_winning,0,0,ideological/2014/09-24,Ideological 2014/PT DO B-PSL,6,,,,,,PT DO B,PSL,false,"PT DO B, SOLIDARIEDADE, PMN, PHS, PMDB, PSD, PSDB, PTN, PRTB, PROS, PRP, PR, PRB, PTC, PSDC, PSL",16,5,PMDB,10791949,97355354,0.11085110943153675,65,513,56.86661913837836,8.133380861621642,48358776,0.49672436094269656,258,254.81959716360336,3.1804028363966506,positive,1,,3.9086952162479633,4.224685645373679,3.857780426893247,-0.6773775904965965,291382623//5123966,41675167//5123966,652843476//2561983,8148138//2561983,1183158165631686216544067255830149040749674192654009893964425573012712486817105396842347796764954889674007591813996908847862935404232088757//302699008281189041665328140697789110456772237945373602176519034913023291053398829388335099009245765567518402877039988476429242541852068900,3276284753766903786866035126396436124666742111550292643880336206515709889656852930263337816186656488922906615638561750195857696471853990901578019//775509713333265544532862385889343838575372708488002097425004766623572150282859893112814921965004494205967500358127540796807620095101789036628700,5841067039554614312498389080375490307516997680581665602538055786422151615209250736974896859425310855860801300518439310012125787962408136853847//1514100439422507586409971359770341130504774734202758758086948212634942501849100944600452165244247319368727051190954022359099071194344048637800,-2627615130924017320062189135851251946094406075492259043786185742462328134456912158332318075792105318084362400869174972945771274857954157901723082201//3879099586092994253753377654218497880554014287856986491319873842651107895714865185350300239668952480018249436791353959065631715715699148761216757400,2014:PHS|PMDB|PMN|PR|PRB|PROS|PRP|PRTB|PSD|PSDB|PSDC|PSL|PT DO B|PTC|PTN|SOLIDARIEDADE,false,accounting attribution; not an independent causal effect
2014,ideological,seat_winning,0,0,ideological/2014/09-24,Ideological 2014/PT DO B-PSL,6,,,,,,PT DO B,PSL,false,"PT DO B, SOLIDARIEDADE, PMN, PHS, PMDB, PSD, PSDB, PTN, PRTB, PROS, PRP, PR, PRB, PTC, PSDC, PSL",16,6,PSD,5967953,97355354,0.061300716959028265,36,513,31.4472677999815,4.552732200018501,48358776,0.49672436094269656,258,254.81959716360336,3.1804028363966506,positive,2,,4.645941310001025,-0.09320910998252392,3.857780426893247,-0.6773775904965965,161134731//5123966,23328045//5123966,652843476//2561983,8148138//2561983,21103265337011198466142554182088011234328362409810590661602192615974560104308636776646597675962152499198463544639119365927723160924444107637319//4542301318267522759229914079311023391514324202608276274260844637904827505547302833801356495732741958106181153572862067077297213583032145913400,-1084702259859914796963498896937827949508894340256273345788907519326090536394339107170597556906687160309422863135346410691502028574897520059800792077//11637298758278982761260132962655493641662042863570959473959621527953323687144595556050900719006857440054748310374061877196895147147097446283650272200,5841067039554614312498389080375490307516997680581665602538055786422151615209250736974896859425310855860801300518439310012125787962408136853847//1514100439422507586409971359770341130504774734202758758086948212634942501849100944600452165244247319368727051190954022359099071194344048637800,-2627615130924017320062189135851251946094406075492259043786185742462328134456912158332318075792105318084362400869174972945771274857954157901723082201//3879099586092994253753377654218497880554014287856986491319873842651107895714865185350300239668952480018249436791353959065631715715699148761216757400,2014:PHS|PMDB|PMN|PR|PRB|PROS|PRP|PRTB|PSD|PSDB|PSDC|PSL|PT DO B|PTC|PTN|SOLIDARIEDADE,false,accounting attribution; not an independent causal effect
2014,ideological,seat_winning,0,0,ideological/2014/09-24,Ideological 2014/PT DO B-PSL,6,,,,,,PT DO B,PSL,false,"PT DO B, SOLIDARIEDADE, PMN, PHS, PMDB, PSD, PSDB, PTN, PRTB, PROS, PRP, PR, PRB, PTC, PSDC, PSL",16,7,PSDB,11088715,97355354,0.11389938554380892,54,513,58.43038478397398,-4.4303847839739765,48358776,0.49672436094269656,258,254.81959716360336,3.1804028363966506,negative,,1,0.580946490325171,-5.011331274299147,3.857780426893247,-0.6773775904965965,299395305//5123966,-22701141//5123966,652843476//2561983,8148138//2561983,42791902846166185780693443196532892775312130593901325734832374339573303593547606358574459981672335487843547172040801278321686026804163920939//73658940296230098798322931015854433375907960042296372015040723857916121711577883791373348579449869590911045733613979466118333193238359122920,-945703122417180003777308039943075294001968800246623052661049847427931953634353313396150155579345431097593858342576301897166930384351930823680687897//188712952836956477209623777772791788783708803193042586064210078831675519250993441449474065713624715244131053681741543954544245629412391020815950360,5841067039554614312498389080375490307516997680581665602538055786422151615209250736974896859425310855860801300518439310012125787962408136853847//1514100439422507586409971359770341130504774734202758758086948212634942501849100944600452165244247319368727051190954022359099071194344048637800,-2627615130924017320062189135851251946094406075492259043786185742462328134456912158332318075792105318084362400869174972945771274857954157901723082201//3879099586092994253753377654218497880554014287856986491319873842651107895714865185350300239668952480018249436791353959065631715715699148761216757400,2014:PHS|PMDB|PMN|PR|PRB|PROS|PRP|PRTB|PSD|PSDB|PSDC|PSL|PT DO B|PTC|PTN|SOLIDARIEDADE,false,accounting attribution; not an independent causal effect
2014,ideological,seat_winning,0,0,ideological/2014/09-24,Ideological 2014/PT DO B-PSL,6,,,,,,PT DO B,PSL,false,"PT DO B, SOLIDARIEDADE, PMN, PHS, PMDB, PSD, PSDB, PTN, PRTB, PROS, PRP, PR, PRB, PTC, PSDC, PSL",16,8,PTN,723182,97355354,0.007428271484688967,4,513,3.81070327164544,0.18929672835455974,48358776,0.49672436094269656,258,254.81959716360336,3.1804028363966506,positive,8,,0.39207808396022525,-0.20278135560566551,3.857780426893247,-0.6773775904965965,9762957//2561983,484975//2561983,652843476//2561983,8148138//2561983,205231572527406122871746767819366368570503809916163891795865168485545716115680018460325002791482399594805921227896492813//523445662798704264954625637142278536358453696099316699511908927410945522677815987032187329768901437507825212724024208600,-271941739562679919996956831085087173878923981174677199649057999880980565550524432424103781372057477905742125944376299780743179//1341058889514012748841246653722686191415240275693615695765618969575076443026679035904684391683319411570610561970333714021653800,5841067039554614312498389080375490307516997680581665602538055786422151615209250736974896859425310855860801300518439310012125787962408136853847//1514100439422507586409971359770341130504774734202758758086948212634942501849100944600452165244247319368727051190954022359099071194344048637800,-2627615130924017320062189135851251946094406075492259043786185742462328134456912158332318075792105318084362400869174972945771274857954157901723082201//3879099586092994253753377654218497880554014287856986491319873842651107895714865185350300239668952480018249436791353959065631715715699148761216757400,2014:PHS|PMDB|PMN|PR|PRB|PROS|PRP|PRTB|PSD|PSDB|PSDC|PSL|PT DO B|PTC|PTN|SOLIDARIEDADE,false,accounting attribution; not an independent causal effect
2014,ideological,seat_winning,0,0,ideological/2014/09-24,Ideological 2014/PT DO B-PSL,6,,,,,,PT DO B,PSL,false,"PT DO B, SOLIDARIEDADE, PMN, PHS, PMDB, PSD, PSDB, PTN, PRTB, PROS, PRP, PR, PRB, PTC, PSDC, PSL",16,9,PRTB,454190,97355354,0.00466528014473657,1,513,2.3932887142498602,-1.3932887142498604,48358776,0.49672436094269656,258,254.81959716360336,3.1804028363966506,negative,,5,-1.9123380554896656,0.5190493412398052,3.857780426893247,-0.6773775904965965,6131565//2561983,-3569582//2561983,652843476//2561983,8148138//2561983,-2485460507526819704168873766080379106793052608933630600011969361383663200638406920905974033448168541079856297944749175568996061774279//1299697247770558386564503717475317955071894481550907248086798562097735211152017356660701517259532880021077651824873479566734434649800,1728331666363758779515989409010927488457542054950159129070294715495843747266747258419829828753321286449995071221046802133000200626550251657//3329802253934958486885686927608567520488957439527238004175160440518841949472878883469654055293129826555040585655244831800820987087398553400,5841067039554614312498389080375490307516997680581665602538055786422151615209250736974896859425310855860801300518439310012125787962408136853847//1514100439422507586409971359770341130504774734202758758086948212634942501849100944600452165244247319368727051190954022359099071194344048637800,-2627615130924017320062189135851251946094406075492259043786185742462328134456912158332318075792105318084362400869174972945771274857954157901723082201//3879099586092994253753377654218497880554014287856986491319873842651107895714865185350300239668952480018249436791353959065631715715699148761216757400,2014:PHS|PMDB|PMN|PR|PRB|PROS|PRP|PRTB|PSD|PSDB|PSDC|PSL|PT DO B|PTC|PTN|SOLIDARIEDADE,false,accounting attribution; not an independent causal effect
2014,ideological,seat_winning,0,0,ideological/2014/09-24,Ideological 2014/PT DO B-PSL,6,,,,,,PT DO B,PSL,false,"PT DO B, SOLIDARIEDADE, PMN, PHS, PMDB, PSD, PSDB, PTN, PRTB, PROS, PRP, PR, PRB, PTC, PSDC, PSL",16,10,PROS,1977117,97355354,0.020308251357187813,11,513,10.418132946237348,0.5818670537626518,48358776,0.49672436094269656,258,254.81959716360336,3.1804028363966506,positive,5,,-0.1816975019025609,0.7635645556652128,3.857780426893247,-0.6773775904965965,53382159//5123966,2981467//5123966,652843476//2561983,8148138//2561983,-825324802417918069201669131175304360098812448649503465530893903211638481078802729984672986210193070088668194013168984927476846069182076162259//4542301318267522759229914079311023391514324202608276274260844637904827505547302833801356495732741958106181153572862067077297213583032145913400,8885828855508623127883967005846499279413054632317345656427064994851959364910514423566936924861154556089457208402150889782825958267742354522406278497//11637298758278982761260132962655493641662042863570959473959621527953323687144595556050900719006857440054748310374061877196895147147097446283650272200,5841067039554614312498389080375490307516997680581665602538055786422151615209250736974896859425310855860801300518439310012125787962408136853847//1514100439422507586409971359770341130504774734202758758086948212634942501849100944600452165244247319368727051190954022359099071194344048637800,-2627615130924017320062189135851251946094406075492259043786185742462328134456912158332318075792105318084362400869174972945771274857954157901723082201//3879099586092994253753377654218497880554014287856986491319873842651107895714865185350300239668952480018249436791353959065631715715699148761216757400,2014:PHS|PMDB|PMN|PR|PRB|PROS|PRP|PRTB|PSD|PSDB|PSDC|PSL|PT DO B|PTC|PTN|SOLIDARIEDADE,false,accounting attribution; not an independent causal effect
2014,ideological,seat_winning,0,0,ideological/2014/09-24,Ideological 2014/PT DO B-PSL,6,,,,,,PT DO B,PSL,false,"PT DO B, SOLIDARIEDADE, PMN, PHS, PMDB, PSD, PSDB, PTN, PRTB, PROS, PRP, PR, PRB, PTC, PSDC, PSL",16,11,PRP,724825,97355354,0.007445147803581506,3,513,3.8193608232373126,-0.8193608232373126,48358776,0.49672436094269656,258,254.81959716360336,3.1804028363966506,negative,,6,-1.2129420394327874,0.39358121619547476,3.857780426893247,-0.6773775904965965,19570275//5123966,-4198377//5123966,652843476//2561983,8148138//2561983,-2574849628305314580921160004788586695062232482089817666430979370039939759633268550456587800680133400424112632698534122074558882258384717//2122813411191025310010481297695573010145236637307883615164496051996362592957186772039680157699996522081892767914366876404855577062719700,2140535474856563131989199052960654342968359482346537090204104098746868588238612796486602052627871060424463998419880613944950417314058279450361//5438611871643416596816582906513997227250923795759963588029981088781797024992232237790535889464710189632933879219553393112341105889877805165100,5841067039554614312498389080375490307516997680581665602538055786422151615209250736974896859425310855860801300518439310012125787962408136853847//1514100439422507586409971359770341130504774734202758758086948212634942501849100944600452165244247319368727051190954022359099071194344048637800,-2627615130924017320062189135851251946094406075492259043786185742462328134456912158332318075792105318084362400869174972945771274857954157901723082201//3879099586092994253753377654218497880554014287856986491319873842651107895714865185350300239668952480018249436791353959065631715715699148761216757400,2014:PHS|PMDB|PMN|PR|PRB|PROS|PRP|PRTB|PSD|PSDB|PSDC|PSL|PT DO B|PTC|PTN|SOLIDARIEDADE,false,accounting attribution; not an independent causal effect
2014,ideological,seat_winning,0,0,ideological/2014/09-24,Ideological 2014/PT DO B-PSL,6,,,,,,PT DO B,PSL,false,"PT DO B, SOLIDARIEDADE, PMN, PHS, PMDB, PSD, PSDB, PTN, PRTB, PROS, PRP, PR, PRB, PTC, PSDC, PSL",16,12,PR,5635519,97355354,0.05788607167922167,34,513,29.695554771440715,4.304445228559284,48358776,0.49672436094269656,258,254.81959716360336,3.1804028363966506,positive,3,,5.0428381901786,-0.7383929616193156,3.857780426893247,-0.6773775904965965,152159013//5123966,22055831//5123966,652843476//2561983,8148138//2561983,9816895953882026159527461959986922936440415183207278138032845694655528726270359153695031642984978682434598029379102761438611264936347502277781//1946700564971795468241391748276152882077567515403546974683219130530640359520272643057724212456889410616934780102655171604555948678442348248600,-3682671212303314719215643772246492136837545206903667628824624271855283407037126311058814016510960826631479139119599271965735187327219494821002406423//4987413753548135469111485555423782989283732655816125488839837797694281580204826666878957451002938902880606418731740804512955063063041762692992973800,5841067039554614312498389080375490307516997680581665602538055786422151615209250736974896859425310855860801300518439310012125787962408136853847//1514100439422507586409971359770341130504774734202758758086948212634942501849100944600452165244247319368727051190954022359099071194344048637800,-2627615130924017320062189135851251946094406075492259043786185742462328134456912158332318075792105318084362400869174972945771274857954157901723082201//3879099586092994253753377654218497880554014287856986491319873842651107895714865185350300239668952480018249436791353959065631715715699148761216757400,2014:PHS|PMDB|PMN|PR|PRB|PROS|PRP|PRTB|PSD|PSDB|PSDC|PSL|PT DO B|PTC|PTN|SOLIDARIEDADE,false,accounting attribution; not an independent causal effect
2014,ideological,seat_winning,0,0,ideological/2014/09-24,Ideological 2014/PT DO B-PSL,6,,,,,,PT DO B,PSL,false,"PT DO B, SOLIDARIEDADE, PMN, PHS, PMDB, PSD, PSDB, PTN, PRTB, PROS, PRP, PR, PRB, PTC, PSDC, PSL",16,13,PRB,4424824,97355354,0.04545023789857515,21,513,23.315972041969054,-2.315972041969053,48358776,0.49672436094269656,258,254.81959716360336,3.1804028363966506,negative,,4,-0.14155684335101232,-2.1744151986180404,3.857780426893247,-0.6773775904965965,59735124//2561983,-5933481//2561983,652843476//2561983,8148138//2561983,-74191596480356818042438934974390442236911906021799491385146583541458682348491110900421080302918931212276157573923934334758553315551784037603//524111690569329549141913162997425775943960484916339570107020535142864712178534942361694980276854841319943979258407161585841986182657555297700,-2919729148945462060813286226352635142100296326276439502440782312338723115902571386561218792690379788585881614984438620474755571318023827541342046951//1342765241339882626299246111075633881730235715027418400841494791686921963901299487236642390654637396929394035812391755061180209286203551494267339100,5841067039554614312498389080375490307516997680581665602538055786422151615209250736974896859425310855860801300518439310012125787962408136853847//1514100439422507586409971359770341130504774734202758758086948212634942501849100944600452165244247319368727051190954022359099071194344048637800,-2627615130924017320062189135851251946094406075492259043786185742462328134456912158332318075792105318084362400869174972945771274857954157901723082201//3879099586092994253753377654218497880554014287856986491319873842651107895714865185350300239668952480018249436791353959065631715715699148761216757400,2014:PHS|PMDB|PMN|PR|PRB|PROS|PRP|PRTB|PSD|PSDB|PSDC|PSL|PT DO B|PTC|PTN|SOLIDARIEDADE,false,accounting attribution; not an independent causal effect
2014,ideological,seat_winning,0,0,ideological/2014/09-24,Ideological 2014/PT DO B-PSL,6,,,,,,PT DO B,PSL,false,"PT DO B, SOLIDARIEDADE, PMN, PHS, PMDB, PSD, PSDB, PTN, PRTB, PROS, PRP, PR, PRB, PTC, PSDC, PSL",16,14,PTC,338117,97355354,0.0034730190596400073,2,513,1.7816587775953237,0.21834122240467638,48358776,0.49672436094269656,258,254.81959716360336,3.1804028363966506,positive,7,,0.13564898317681648,0.08269223922785991,3.857780426893247,-0.6773775904965965,9129159//5123966,1118773//5123966,652843476//2561983,8148138//2561983,714524802983033391627002364315717741278310680994153702767257283420283522487442480596729777770504362592048477087890580084783338099204444827//5267454176576176373285559427109806793406638039360196684492668694903162936467687862931607841978440616280844012647308156641628001835754324600,1115942357424448447054180190136284451886532096179117776773192100152499914167436927971140303855062893412520215805668272127858571355482085326645959//13495128053667162073359257397745064137992318743994154782326580820974090089460296354137109453815451225421045586054188493077188033027171371801681800,5841067039554614312498389080375490307516997680581665602538055786422151615209250736974896859425310855860801300518439310012125787962408136853847//1514100439422507586409971359770341130504774734202758758086948212634942501849100944600452165244247319368727051190954022359099071194344048637800,-2627615130924017320062189135851251946094406075492259043786185742462328134456912158332318075792105318084362400869174972945771274857954157901723082201//3879099586092994253753377654218497880554014287856986491319873842651107895714865185350300239668952480018249436791353959065631715715699148761216757400,2014:PHS|PMDB|PMN|PR|PRB|PROS|PRP|PRTB|PSD|PSDB|PSDC|PSL|PT DO B|PTC|PTN|SOLIDARIEDADE,false,accounting attribution; not an independent causal effect
2014,ideological,seat_winning,0,0,ideological/2014/09-24,Ideological 2014/PT DO B-PSL,6,,,,,,PT DO B,PSL,false,"PT DO B, SOLIDARIEDADE, PMN, PHS, PMDB, PSD, PSDB, PTN, PRTB, PROS, PRP, PR, PRB, PTC, PSDC, PSL",16,15,PSDC,509936,97355354,0.00523788347582815,2,513,2.687034223099841,-0.687034223099841,48358776,0.49672436094269656,258,254.81959716360336,3.1804028363966506,negative,,7,-1.2635748060744627,0.5765405829746216,3.857780426893247,-0.6773775904965965,6884136//2561983,-1760170//2561983,652843476//2561983,8148138//2561983,-1428913896873357904956469158539259779117748703550443828673121810292100109889314944442996762694692522795593762613047229209717531401//1130850259125182149610261681716520364419248320711553109312338024564601626501076050630067909865245276073500976078753169235969403275,1670364411648924241134595419894920736843598860101422295097152614199710670916157737271375542171327656043129481656123613538323485688771433//2897219139424311539204947054109135992795919070441546969655351709188091768868106323421373273920290688130616251197172280778676599710694325,5841067039554614312498389080375490307516997680581665602538055786422151615209250736974896859425310855860801300518439310012125787962408136853847//1514100439422507586409971359770341130504774734202758758086948212634942501849100944600452165244247319368727051190954022359099071194344048637800,-2627615130924017320062189135851251946094406075492259043786185742462328134456912158332318075792105318084362400869174972945771274857954157901723082201//3879099586092994253753377654218497880554014287856986491319873842651107895714865185350300239668952480018249436791353959065631715715699148761216757400,2014:PHS|PMDB|PMN|PR|PRB|PROS|PRP|PRTB|PSD|PSDB|PSDC|PSL|PT DO B|PTC|PTN|SOLIDARIEDADE,false,accounting attribution; not an independent causal effect
2014,ideological,seat_winning,0,0,ideological/2014/09-24,Ideological 2014/PT DO B-PSL,6,,,,,,PT DO B,PSL,false,"PT DO B, SOLIDARIEDADE, PMN, PHS, PMDB, PSD, PSDB, PTN, PRTB, PROS, PRP, PR, PRB, PTC, PSDC, PSL",16,16,PSL,808710,97355354,0.008306785058785775,1,513,4.261380735157103,-3.2613807351571027,48358776,0.49672436094269656,258,254.81959716360336,3.1804028363966506,negative,,3,-3.295337650937539,0.03395691578043623,3.857780426893247,-0.6773775904965965,10917585//2561983,-8355602//2561983,652843476//2561983,8148138//2561983,-1805312785031202049183724002208959622158573014702881124848706173973779072154422483668655684829115017276042193607580640575175560034309//547838484629210006494373801643561659271109821994305893529358930262929304112306064014243980080272430855173270868935725922937481657640,47660327087797730889462044590769912327683597052265180297564253293071809316011004887328468938866095507578914886309182889561739209838975467//1403552884365797340068475275456177030504375755082437796022027580231810407337558226801404834817996603219629382020608557907225138069685500120,5841067039554614312498389080375490307516997680581665602538055786422151615209250736974896859425310855860801300518439310012125787962408136853847//1514100439422507586409971359770341130504774734202758758086948212634942501849100944600452165244247319368727051190954022359099071194344048637800,-2627615130924017320062189135851251946094406075492259043786185742462328134456912158332318075792105318084362400869174972945771274857954157901723082201//3879099586092994253753377654218497880554014287856986491319873842651107895714865185350300239668952480018249436791353959065631715715699148761216757400,2014:PHS|PMDB|PMN|PR|PRB|PROS|PRP|PRTB|PSD|PSDB|PSDC|PSL|PT DO B|PTC|PTN|SOLIDARIEDADE,false,accounting attribution; not an independent causal effect
2014,ideological,seat_winning,0,0,ideological/2014/10-24,Ideological 2014/SOLIDARIEDADE-PSL,7,,,,,,SOLIDARIEDADE,PSL,true,"SOLIDARIEDADE, PMN, PHS, PMDB, PSD, PSDB, PTN, PRTB, PROS, PRP, PR, PRB, PTC, PSDC, PSL",15,1,SOLIDARIEDADE,2689701,97355354,0.02762766390844822,15,513,14.172991585033937,0.8270084149660634,47546279,0.48837867715010314,257,250.5382613780029,6.461738621997101,positive,4,,0.6928057918334442,0.1342026231326193,7.472745651139492,-1.0110070291423905,72621927//5123966,4237563//5123966,1283749533//5123966,33109729//5123966,2305445173295551744816746837908491248364226487200299404383843585229725022069910780967115113614326825307907659654155599014807928855953269351//3327693273456060629472464526967782704406098316929140127663622445351521982085936141979015747789554548063136376243854994195822134493063843160,1144143604057884778763769085120278956157683532733714244459788720177959171269276675452039474502200186794204996358786926353960653860253824334626507//8525493595808778579677753086194500836382448984301069211692030423409028342230472934835824702569126329710438322618360349594794979594943184090586280,11314487474082937456016213248849387196325164857241375400156436957954901045409862267095973701699714374852292271464119624963282005947934735693723//1514100439422507586409971359770341130504774734202758758086948212634942501849100944600452165244247319368727051190954022359099071194344048637800,-3921796948283355009137668758048151023119372508699643905501281948163510161619429575958851757851615556589698440571652123237448657746288786376622954609//3879099586092994253753377654218497880554014287856986491319873842651107895714865185350300239668952480018249436791353959065631715715699148761216757400,2014:PHS|PMDB|PMN|PR|PRB|PROS|PRP|PRTB|PSD|PSDB|PSDC|PSL|PTC|PTN|SOLIDARIEDADE,false,accounting attribution; not an independent causal effect
2014,ideological,seat_winning,0,0,ideological/2014/10-24,Ideological 2014/SOLIDARIEDADE-PSL,7,,,,,,SOLIDARIEDADE,PSL,true,"SOLIDARIEDADE, PMN, PHS, PMDB, PSD, PSDB, PTN, PRTB, PROS, PRP, PR, PRB, PTC, PSDC, PSL",15,2,PMN,468473,97355354,0.004811990103800557,3,513,2.468550923249686,0.5314490767503142,47546279,0.48837867715010314,257,250.5382613780029,6.461738621997101,positive,6,,0.1733140509435868,0.3581350258067273,7.472745651139492,-1.0110070291423905,12648771//5123966,2723127//5123966,1283749533//5123966,33109729//5123966,1318667742169746924455636317828125251050733166684908378937568602947467890820337605522098616030922015579160576262911438048782599575178594169//7608544921721143650301363616936387590476254945742506322044965892637902019342215802012322438413303112405663573823889559593462669318311802200,6981112715438591637749476200590313349982705840234575383220062096075523476785094045534882003779801754048404164742380817586999418348968451269862573//19492962744185900772630038463409537088211127074658223574471727852518130129220428067086935877733429547830399179856050045555938269928136425935762600,11314487474082937456016213248849387196325164857241375400156436957954901045409862267095973701699714374852292271464119624963282005947934735693723//1514100439422507586409971359770341130504774734202758758086948212634942501849100944600452165244247319368727051190954022359099071194344048637800,-3921796948283355009137668758048151023119372508699643905501281948163510161619429575958851757851615556589698440571652123237448657746288786376622954609//3879099586092994253753377654218497880554014287856986491319873842651107895714865185350300239668952480018249436791353959065631715715699148761216757400,2014:PHS|PMDB|PMN|PR|PRB|PROS|PRP|PRTB|PSD|PSDB|PSDC|PSL|PTC|PTN|SOLIDARIEDADE,false,accounting attribution; not an independent causal effect
2014,ideological,seat_winning,0,0,ideological/2014/10-24,Ideological 2014/SOLIDARIEDADE-PSL,7,,,,,,SOLIDARIEDADE,PSL,true,"SOLIDARIEDADE, PMN, PHS, PMDB, PSD, PSDB, PTN, PRTB, PROS, PRP, PR, PRB, PTC, PSDC, PSL",15,3,PHS,943068,97355354,0.009686863241234786,5,513,4.969360842753446,0.030639157246554718,47546279,0.48837867715010314,257,250.5382613780029,6.461738621997101,positive,9,,-0.09207556833931149,0.12271472558586621,7.472745651139492,-1.0110070291423905,12731418//2561983,78497//2561983,1283749533//5123966,33109729//5123966,-177392169516470456594308007821000655732859316541671689733683638465269349557453577490218433919666053295764178798339871247407599709227373//1926593261556151502481846567606209051410581394696073963886129280976313709424638950513769292004606476989870640193990547684246237623858600,605707513886688754287172522818655314885014518110839378622141499294963861235959472517601642103293388845115673733614854379617341440605501284859//4935899184021413694782948714815458284160035553327631662218877153663539126212864772354118192037837715737939752376120485327728228606286127603800,11314487474082937456016213248849387196325164857241375400156436957954901045409862267095973701699714374852292271464119624963282005947934735693723//1514100439422507586409971359770341130504774734202758758086948212634942501849100944600452165244247319368727051190954022359099071194344048637800,-3921796948283355009137668758048151023119372508699643905501281948163510161619429575958851757851615556589698440571652123237448657746288786376622954609//3879099586092994253753377654218497880554014287856986491319873842651107895714865185350300239668952480018249436791353959065631715715699148761216757400,2014:PHS|PMDB|PMN|PR|PRB|PROS|PRP|PRTB|PSD|PSDB|PSDC|PSL|PTC|PTN|SOLIDARIEDADE,false,accounting attribution; not an independent causal effect
2014,ideological,seat_winning,0,0,ideological/2014/10-24,Ideological 2014/SOLIDARIEDADE-PSL,7,,,,,,SOLIDARIEDADE,PSL,true,"SOLIDARIEDADE, PMN, PHS, PMDB, PSD, PSDB, PTN, PRTB, PROS, PRP, PR, PRB, PTC, PSDC, PSL",15,4,PMDB,10791949,97355354,0.11085110943153675,65,513,56.86661913837836,8.133380861621642,47546279,0.48837867715010314,257,250.5382613780029,6.461738621997101,positive,1,,3.9086952162479633,4.224685645373679,7.472745651139492,-1.0110070291423905,291382623//5123966,41675167//5123966,1283749533//5123966,33109729//5123966,1183158165631686216544067255830149040749674192654009893964425573012712486817105396842347796764954889674007591813996908847862935404232088757//302699008281189041665328140697789110456772237945373602176519034913023291053398829388335099009245765567518402877039988476429242541852068900,3276284753766903786866035126396436124666742111550292643880336206515709889656852930263337816186656488922906615638561750195857696471853990901578019//775509713333265544532862385889343838575372708488002097425004766623572150282859893112814921965004494205967500358127540796807620095101789036628700,11314487474082937456016213248849387196325164857241375400156436957954901045409862267095973701699714374852292271464119624963282005947934735693723//1514100439422507586409971359770341130504774734202758758086948212634942501849100944600452165244247319368727051190954022359099071194344048637800,-3921796948283355009137668758048151023119372508699643905501281948163510161619429575958851757851615556589698440571652123237448657746288786376622954609//3879099586092994253753377654218497880554014287856986491319873842651107895714865185350300239668952480018249436791353959065631715715699148761216757400,2014:PHS|PMDB|PMN|PR|PRB|PROS|PRP|PRTB|PSD|PSDB|PSDC|PSL|PTC|PTN|SOLIDARIEDADE,false,accounting attribution; not an independent causal effect
2014,ideological,seat_winning,0,0,ideological/2014/10-24,Ideological 2014/SOLIDARIEDADE-PSL,7,,,,,,SOLIDARIEDADE,PSL,true,"SOLIDARIEDADE, PMN, PHS, PMDB, PSD, PSDB, PTN, PRTB, PROS, PRP, PR, PRB, PTC, PSDC, PSL",15,5,PSD,5967953,97355354,0.061300716959028265,36,513,31.4472677999815,4.552732200018501,47546279,0.48837867715010314,257,250.5382613780029,6.461738621997101,positive,2,,4.645941310001025,-0.09320910998252392,7.472745651139492,-1.0110070291423905,161134731//5123966,23328045//5123966,1283749533//5123966,33109729//5123966,21103265337011198466142554182088011234328362409810590661602192615974560104308636776646597675962152499198463544639119365927723160924444107637319//4542301318267522759229914079311023391514324202608276274260844637904827505547302833801356495732741958106181153572862067077297213583032145913400,-1084702259859914796963498896937827949508894340256273345788907519326090536394339107170597556906687160309422863135346410691502028574897520059800792077//11637298758278982761260132962655493641662042863570959473959621527953323687144595556050900719006857440054748310374061877196895147147097446283650272200,11314487474082937456016213248849387196325164857241375400156436957954901045409862267095973701699714374852292271464119624963282005947934735693723//1514100439422507586409971359770341130504774734202758758086948212634942501849100944600452165244247319368727051190954022359099071194344048637800,-3921796948283355009137668758048151023119372508699643905501281948163510161619429575958851757851615556589698440571652123237448657746288786376622954609//3879099586092994253753377654218497880554014287856986491319873842651107895714865185350300239668952480018249436791353959065631715715699148761216757400,2014:PHS|PMDB|PMN|PR|PRB|PROS|PRP|PRTB|PSD|PSDB|PSDC|PSL|PTC|PTN|SOLIDARIEDADE,false,accounting attribution; not an independent causal effect
2014,ideological,seat_winning,0,0,ideological/2014/10-24,Ideological 2014/SOLIDARIEDADE-PSL,7,,,,,,SOLIDARIEDADE,PSL,true,"SOLIDARIEDADE, PMN, PHS, PMDB, PSD, PSDB, PTN, PRTB, PROS, PRP, PR, PRB, PTC, PSDC, PSL",15,6,PSDB,11088715,97355354,0.11389938554380892,54,513,58.43038478397398,-4.4303847839739765,47546279,0.48837867715010314,257,250.5382613780029,6.461738621997101,negative,,1,0.580946490325171,-5.011331274299147,7.472745651139492,-1.0110070291423905,299395305//5123966,-22701141//5123966,1283749533//5123966,33109729//5123966,42791902846166185780693443196532892775312130593901325734832374339573303593547606358574459981672335487843547172040801278321686026804163920939//73658940296230098798322931015854433375907960042296372015040723857916121711577883791373348579449869590911045733613979466118333193238359122920,-945703122417180003777308039943075294001968800246623052661049847427931953634353313396150155579345431097593858342576301897166930384351930823680687897//188712952836956477209623777772791788783708803193042586064210078831675519250993441449474065713624715244131053681741543954544245629412391020815950360,11314487474082937456016213248849387196325164857241375400156436957954901045409862267095973701699714374852292271464119624963282005947934735693723//1514100439422507586409971359770341130504774734202758758086948212634942501849100944600452165244247319368727051190954022359099071194344048637800,-3921796948283355009137668758048151023119372508699643905501281948163510161619429575958851757851615556589698440571652123237448657746288786376622954609//3879099586092994253753377654218497880554014287856986491319873842651107895714865185350300239668952480018249436791353959065631715715699148761216757400,2014:PHS|PMDB|PMN|PR|PRB|PROS|PRP|PRTB|PSD|PSDB|PSDC|PSL|PTC|PTN|SOLIDARIEDADE,false,accounting attribution; not an independent causal effect
2014,ideological,seat_winning,0,0,ideological/2014/10-24,Ideological 2014/SOLIDARIEDADE-PSL,7,,,,,,SOLIDARIEDADE,PSL,true,"SOLIDARIEDADE, PMN, PHS, PMDB, PSD, PSDB, PTN, PRTB, PROS, PRP, PR, PRB, PTC, PSDC, PSL",15,7,PTN,723182,97355354,0.007428271484688967,4,513,3.81070327164544,0.18929672835455974,47546279,0.48837867715010314,257,250.5382613780029,6.461738621997101,positive,8,,0.39207808396022525,-0.20278135560566551,7.472745651139492,-1.0110070291423905,9762957//2561983,484975//2561983,1283749533//5123966,33109729//5123966,205231572527406122871746767819366368570503809916163891795865168485545716115680018460325002791482399594805921227896492813//523445662798704264954625637142278536358453696099316699511908927410945522677815987032187329768901437507825212724024208600,-271941739562679919996956831085087173878923981174677199649057999880980565550524432424103781372057477905742125944376299780743179//1341058889514012748841246653722686191415240275693615695765618969575076443026679035904684391683319411570610561970333714021653800,11314487474082937456016213248849387196325164857241375400156436957954901045409862267095973701699714374852292271464119624963282005947934735693723//1514100439422507586409971359770341130504774734202758758086948212634942501849100944600452165244247319368727051190954022359099071194344048637800,-3921796948283355009137668758048151023119372508699643905501281948163510161619429575958851757851615556589698440571652123237448657746288786376622954609//3879099586092994253753377654218497880554014287856986491319873842651107895714865185350300239668952480018249436791353959065631715715699148761216757400,2014:PHS|PMDB|PMN|PR|PRB|PROS|PRP|PRTB|PSD|PSDB|PSDC|PSL|PTC|PTN|SOLIDARIEDADE,false,accounting attribution; not an independent causal effect
2014,ideological,seat_winning,0,0,ideological/2014/10-24,Ideological 2014/SOLIDARIEDADE-PSL,7,,,,,,SOLIDARIEDADE,PSL,true,"SOLIDARIEDADE, PMN, PHS, PMDB, PSD, PSDB, PTN, PRTB, PROS, PRP, PR, PRB, PTC, PSDC, PSL",15,8,PRTB,454190,97355354,0.00466528014473657,1,513,2.3932887142498602,-1.3932887142498604,47546279,0.48837867715010314,257,250.5382613780029,6.461738621997101,negative,,4,-1.9123380554896656,0.5190493412398052,7.472745651139492,-1.0110070291423905,6131565//2561983,-3569582//2561983,1283749533//5123966,33109729//5123966,-2485460507526819704168873766080379106793052608933630600011969361383663200638406920905974033448168541079856297944749175568996061774279//1299697247770558386564503717475317955071894481550907248086798562097735211152017356660701517259532880021077651824873479566734434649800,1728331666363758779515989409010927488457542054950159129070294715495843747266747258419829828753321286449995071221046802133000200626550251657//3329802253934958486885686927608567520488957439527238004175160440518841949472878883469654055293129826555040585655244831800820987087398553400,11314487474082937456016213248849387196325164857241375400156436957954901045409862267095973701699714374852292271464119624963282005947934735693723//1514100439422507586409971359770341130504774734202758758086948212634942501849100944600452165244247319368727051190954022359099071194344048637800,-3921796948283355009137668758048151023119372508699643905501281948163510161619429575958851757851615556589698440571652123237448657746288786376622954609//3879099586092994253753377654218497880554014287856986491319873842651107895714865185350300239668952480018249436791353959065631715715699148761216757400,2014:PHS|PMDB|PMN|PR|PRB|PROS|PRP|PRTB|PSD|PSDB|PSDC|PSL|PTC|PTN|SOLIDARIEDADE,false,accounting attribution; not an independent causal effect
2014,ideological,seat_winning,0,0,ideological/2014/10-24,Ideological 2014/SOLIDARIEDADE-PSL,7,,,,,,SOLIDARIEDADE,PSL,true,"SOLIDARIEDADE, PMN, PHS, PMDB, PSD, PSDB, PTN, PRTB, PROS, PRP, PR, PRB, PTC, PSDC, PSL",15,9,PROS,1977117,97355354,0.020308251357187813,11,513,10.418132946237348,0.5818670537626518,47546279,0.48837867715010314,257,250.5382613780029,6.461738621997101,positive,5,,-0.1816975019025609,0.7635645556652128,7.472745651139492,-1.0110070291423905,53382159//5123966,2981467//5123966,1283749533//5123966,33109729//5123966,-825324802417918069201669131175304360098812448649503465530893903211638481078802729984672986210193070088668194013168984927476846069182076162259//4542301318267522759229914079311023391514324202608276274260844637904827505547302833801356495732741958106181153572862067077297213583032145913400,8885828855508623127883967005846499279413054632317345656427064994851959364910514423566936924861154556089457208402150889782825958267742354522406278497//11637298758278982761260132962655493641662042863570959473959621527953323687144595556050900719006857440054748310374061877196895147147097446283650272200,11314487474082937456016213248849387196325164857241375400156436957954901045409862267095973701699714374852292271464119624963282005947934735693723//1514100439422507586409971359770341130504774734202758758086948212634942501849100944600452165244247319368727051190954022359099071194344048637800,-3921796948283355009137668758048151023119372508699643905501281948163510161619429575958851757851615556589698440571652123237448657746288786376622954609//3879099586092994253753377654218497880554014287856986491319873842651107895714865185350300239668952480018249436791353959065631715715699148761216757400,2014:PHS|PMDB|PMN|PR|PRB|PROS|PRP|PRTB|PSD|PSDB|PSDC|PSL|PTC|PTN|SOLIDARIEDADE,false,accounting attribution; not an independent causal effect
2014,ideological,seat_winning,0,0,ideological/2014/10-24,Ideological 2014/SOLIDARIEDADE-PSL,7,,,,,,SOLIDARIEDADE,PSL,true,"SOLIDARIEDADE, PMN, PHS, PMDB, PSD, PSDB, PTN, PRTB, PROS, PRP, PR, PRB, PTC, PSDC, PSL",15,10,PRP,724825,97355354,0.007445147803581506,3,513,3.8193608232373126,-0.8193608232373126,47546279,0.48837867715010314,257,250.5382613780029,6.461738621997101,negative,,5,-1.2129420394327874,0.39358121619547476,7.472745651139492,-1.0110070291423905,19570275//5123966,-4198377//5123966,1283749533//5123966,33109729//5123966,-2574849628305314580921160004788586695062232482089817666430979370039939759633268550456587800680133400424112632698534122074558882258384717//2122813411191025310010481297695573010145236637307883615164496051996362592957186772039680157699996522081892767914366876404855577062719700,2140535474856563131989199052960654342968359482346537090204104098746868588238612796486602052627871060424463998419880613944950417314058279450361//5438611871643416596816582906513997227250923795759963588029981088781797024992232237790535889464710189632933879219553393112341105889877805165100,11314487474082937456016213248849387196325164857241375400156436957954901045409862267095973701699714374852292271464119624963282005947934735693723//1514100439422507586409971359770341130504774734202758758086948212634942501849100944600452165244247319368727051190954022359099071194344048637800,-3921796948283355009137668758048151023119372508699643905501281948163510161619429575958851757851615556589698440571652123237448657746288786376622954609//3879099586092994253753377654218497880554014287856986491319873842651107895714865185350300239668952480018249436791353959065631715715699148761216757400,2014:PHS|PMDB|PMN|PR|PRB|PROS|PRP|PRTB|PSD|PSDB|PSDC|PSL|PTC|PTN|SOLIDARIEDADE,false,accounting attribution; not an independent causal effect
2014,ideological,seat_winning,0,0,ideological/2014/10-24,Ideological 2014/SOLIDARIEDADE-PSL,7,,,,,,SOLIDARIEDADE,PSL,true,"SOLIDARIEDADE, PMN, PHS, PMDB, PSD, PSDB, PTN, PRTB, PROS, PRP, PR, PRB, PTC, PSDC, PSL",15,11,PR,5635519,97355354,0.05788607167922167,34,513,29.695554771440715,4.304445228559284,47546279,0.48837867715010314,257,250.5382613780029,6.461738621997101,positive,3,,5.0428381901786,-0.7383929616193156,7.472745651139492,-1.0110070291423905,152159013//5123966,22055831//5123966,1283749533//5123966,33109729//5123966,9816895953882026159527461959986922936440415183207278138032845694655528726270359153695031642984978682434598029379102761438611264936347502277781//1946700564971795468241391748276152882077567515403546974683219130530640359520272643057724212456889410616934780102655171604555948678442348248600,-3682671212303314719215643772246492136837545206903667628824624271855283407037126311058814016510960826631479139119599271965735187327219494821002406423//4987413753548135469111485555423782989283732655816125488839837797694281580204826666878957451002938902880606418731740804512955063063041762692992973800,11314487474082937456016213248849387196325164857241375400156436957954901045409862267095973701699714374852292271464119624963282005947934735693723//1514100439422507586409971359770341130504774734202758758086948212634942501849100944600452165244247319368727051190954022359099071194344048637800,-3921796948283355009137668758048151023119372508699643905501281948163510161619429575958851757851615556589698440571652123237448657746288786376622954609//3879099586092994253753377654218497880554014287856986491319873842651107895714865185350300239668952480018249436791353959065631715715699148761216757400,2014:PHS|PMDB|PMN|PR|PRB|PROS|PRP|PRTB|PSD|PSDB|PSDC|PSL|PTC|PTN|SOLIDARIEDADE,false,accounting attribution; not an independent causal effect
2014,ideological,seat_winning,0,0,ideological/2014/10-24,Ideological 2014/SOLIDARIEDADE-PSL,7,,,,,,SOLIDARIEDADE,PSL,true,"SOLIDARIEDADE, PMN, PHS, PMDB, PSD, PSDB, PTN, PRTB, PROS, PRP, PR, PRB, PTC, PSDC, PSL",15,12,PRB,4424824,97355354,0.04545023789857515,21,513,23.315972041969054,-2.315972041969053,47546279,0.48837867715010314,257,250.5382613780029,6.461738621997101,negative,,3,-0.14155684335101232,-2.1744151986180404,7.472745651139492,-1.0110070291423905,59735124//2561983,-5933481//2561983,1283749533//5123966,33109729//5123966,-74191596480356818042438934974390442236911906021799491385146583541458682348491110900421080302918931212276157573923934334758553315551784037603//524111690569329549141913162997425775943960484916339570107020535142864712178534942361694980276854841319943979258407161585841986182657555297700,-2919729148945462060813286226352635142100296326276439502440782312338723115902571386561218792690379788585881614984438620474755571318023827541342046951//1342765241339882626299246111075633881730235715027418400841494791686921963901299487236642390654637396929394035812391755061180209286203551494267339100,11314487474082937456016213248849387196325164857241375400156436957954901045409862267095973701699714374852292271464119624963282005947934735693723//1514100439422507586409971359770341130504774734202758758086948212634942501849100944600452165244247319368727051190954022359099071194344048637800,-3921796948283355009137668758048151023119372508699643905501281948163510161619429575958851757851615556589698440571652123237448657746288786376622954609//3879099586092994253753377654218497880554014287856986491319873842651107895714865185350300239668952480018249436791353959065631715715699148761216757400,2014:PHS|PMDB|PMN|PR|PRB|PROS|PRP|PRTB|PSD|PSDB|PSDC|PSL|PTC|PTN|SOLIDARIEDADE,false,accounting attribution; not an independent causal effect
2014,ideological,seat_winning,0,0,ideological/2014/10-24,Ideological 2014/SOLIDARIEDADE-PSL,7,,,,,,SOLIDARIEDADE,PSL,true,"SOLIDARIEDADE, PMN, PHS, PMDB, PSD, PSDB, PTN, PRTB, PROS, PRP, PR, PRB, PTC, PSDC, PSL",15,13,PTC,338117,97355354,0.0034730190596400073,2,513,1.7816587775953237,0.21834122240467638,47546279,0.48837867715010314,257,250.5382613780029,6.461738621997101,positive,7,,0.13564898317681648,0.08269223922785991,7.472745651139492,-1.0110070291423905,9129159//5123966,1118773//5123966,1283749533//5123966,33109729//5123966,714524802983033391627002364315717741278310680994153702767257283420283522487442480596729777770504362592048477087890580084783338099204444827//5267454176576176373285559427109806793406638039360196684492668694903162936467687862931607841978440616280844012647308156641628001835754324600,1115942357424448447054180190136284451886532096179117776773192100152499914167436927971140303855062893412520215805668272127858571355482085326645959//13495128053667162073359257397745064137992318743994154782326580820974090089460296354137109453815451225421045586054188493077188033027171371801681800,11314487474082937456016213248849387196325164857241375400156436957954901045409862267095973701699714374852292271464119624963282005947934735693723//1514100439422507586409971359770341130504774734202758758086948212634942501849100944600452165244247319368727051190954022359099071194344048637800,-3921796948283355009137668758048151023119372508699643905501281948163510161619429575958851757851615556589698440571652123237448657746288786376622954609//3879099586092994253753377654218497880554014287856986491319873842651107895714865185350300239668952480018249436791353959065631715715699148761216757400,2014:PHS|PMDB|PMN|PR|PRB|PROS|PRP|PRTB|PSD|PSDB|PSDC|PSL|PTC|PTN|SOLIDARIEDADE,false,accounting attribution; not an independent causal effect
2014,ideological,seat_winning,0,0,ideological/2014/10-24,Ideological 2014/SOLIDARIEDADE-PSL,7,,,,,,SOLIDARIEDADE,PSL,true,"SOLIDARIEDADE, PMN, PHS, PMDB, PSD, PSDB, PTN, PRTB, PROS, PRP, PR, PRB, PTC, PSDC, PSL",15,14,PSDC,509936,97355354,0.00523788347582815,2,513,2.687034223099841,-0.687034223099841,47546279,0.48837867715010314,257,250.5382613780029,6.461738621997101,negative,,6,-1.2635748060744627,0.5765405829746216,7.472745651139492,-1.0110070291423905,6884136//2561983,-1760170//2561983,1283749533//5123966,33109729//5123966,-1428913896873357904956469158539259779117748703550443828673121810292100109889314944442996762694692522795593762613047229209717531401//1130850259125182149610261681716520364419248320711553109312338024564601626501076050630067909865245276073500976078753169235969403275,1670364411648924241134595419894920736843598860101422295097152614199710670916157737271375542171327656043129481656123613538323485688771433//2897219139424311539204947054109135992795919070441546969655351709188091768868106323421373273920290688130616251197172280778676599710694325,11314487474082937456016213248849387196325164857241375400156436957954901045409862267095973701699714374852292271464119624963282005947934735693723//1514100439422507586409971359770341130504774734202758758086948212634942501849100944600452165244247319368727051190954022359099071194344048637800,-3921796948283355009137668758048151023119372508699643905501281948163510161619429575958851757851615556589698440571652123237448657746288786376622954609//3879099586092994253753377654218497880554014287856986491319873842651107895714865185350300239668952480018249436791353959065631715715699148761216757400,2014:PHS|PMDB|PMN|PR|PRB|PROS|PRP|PRTB|PSD|PSDB|PSDC|PSL|PTC|PTN|SOLIDARIEDADE,false,accounting attribution; not an independent causal effect
2014,ideological,seat_winning,0,0,ideological/2014/10-24,Ideological 2014/SOLIDARIEDADE-PSL,7,,,,,,SOLIDARIEDADE,PSL,true,"SOLIDARIEDADE, PMN, PHS, PMDB, PSD, PSDB, PTN, PRTB, PROS, PRP, PR, PRB, PTC, PSDC, PSL",15,15,PSL,808710,97355354,0.008306785058785775,1,513,4.261380735157103,-3.2613807351571027,47546279,0.48837867715010314,257,250.5382613780029,6.461738621997101,negative,,2,-3.295337650937539,0.03395691578043623,7.472745651139492,-1.0110070291423905,10917585//2561983,-8355602//2561983,1283749533//5123966,33109729//5123966,-1805312785031202049183724002208959622158573014702881124848706173973779072154422483668655684829115017276042193607580640575175560034309//547838484629210006494373801643561659271109821994305893529358930262929304112306064014243980080272430855173270868935725922937481657640,47660327087797730889462044590769912327683597052265180297564253293071809316011004887328468938866095507578914886309182889561739209838975467//1403552884365797340068475275456177030504375755082437796022027580231810407337558226801404834817996603219629382020608557907225138069685500120,11314487474082937456016213248849387196325164857241375400156436957954901045409862267095973701699714374852292271464119624963282005947934735693723//1514100439422507586409971359770341130504774734202758758086948212634942501849100944600452165244247319368727051190954022359099071194344048637800,-3921796948283355009137668758048151023119372508699643905501281948163510161619429575958851757851615556589698440571652123237448657746288786376622954609//3879099586092994253753377654218497880554014287856986491319873842651107895714865185350300239668952480018249436791353959065631715715699148761216757400,2014:PHS|PMDB|PMN|PR|PRB|PROS|PRP|PRTB|PSD|PSDB|PSDC|PSL|PTC|PTN|SOLIDARIEDADE,false,accounting attribution; not an independent causal effect
2018,ideological,seat_winning,0,0,ideological/2018/03-16,Ideological 2018/PT-PSDB,8,,,,,,PT,PSDB,true,"PT, PDT, PSB, REDE, PPS, PV, PTB, AVANTE, SOLIDARIEDADE, PMN, PHS, MDB, PSD, PSDB",14,1,PT,10126611,98264190,0.10305494809451948,56,513,52.86718837248849,3.1328116275115074,49083988,0.4995104320302238,267,256.2488516315048,10.751148368495176,positive,5,,4.883103752831889,-1.7502921253203811,6.567768298801865,4.183380069693311,1731650481//32754730,102614399//32754730,4196680974//16377365,176075481//16377365,90323944160724184809665839686858107857057609381836980351332896353685944655247744060740375117222657257360293190592787180158760634089128983790621383//18497240429991285851081295604281892218771189941810042976349659307137608037240297045794363511479754277077864678382206635200074487017555451397968944,-530226596818769952532397660295796837278409207676927331620461328263142781469300119941495248872660951268676178001593428934346836731839230352429943461583467//302936058014724235202494022784220111757475629161351834489364738098639712052817937427396006170185625906015323258473007570093467901074267035284297654552560,302450908818231149991672699167352328703189911406390417697464864277381175593711589616762450273966396380351772891897130555544534183573184123314572239633//46050788495904495703378504905612593413542337879733272867072417682984097342872291907105030872349873961718693420331066661872312427242356901182768873360,631013161309552082650286564303534362834956242523687393728036669683639539633950862246399372387551197368658943525724578434285232225924090869939547780270595823//150838114347045786255032301598701598186035762081943582477728293165336970275949934589841036786548458715012613893572059912162888802996804486187827509931099280,2018:AVANTE|MDB|PDT|PHS|PMN|PPS|PSB|PSD|PSDB|PT|PTB|PV|REDE|SOLIDARIEDADE,false,accounting attribution; not an independent causal effect
2018,ideological,seat_winning,0,0,ideological/2018/03-16,Ideological 2018/PT-PSDB,8,,,,,,PT,PSDB,true,"PT, PDT, PSB, REDE, PPS, PV, PTB, AVANTE, SOLIDARIEDADE, PMN, PHS, MDB, PSD, PSDB",14,2,PDT,4561885,98264190,0.046424694489416746,28,513,23.81586827307079,4.18413172692921,49083988,0.4995104320302238,267,256.2488516315048,10.751148368495176,positive,3,,3.1025656409100697,1.0815660860191403,6.567768298801865,4.183380069693311,156016467//6550946,27410021//6550946,4196680974//16377365,176075481//16377365,1401802832899619009356827085595003200678497908273305030212436753060751956388502503544182770921525389728646166162209820921582481087891050734259949//451820523767687607360390418490567534585121860335737663528471114681474146790131023628947873367214486849638169070918979516224890983611223248998960,1600637691865444444158993484977500293712206660575130956678142826798146944389569514419103735231703365155745184499887970155668517215349378923676223358203//1479925926446919030343560085224554714210132855239479651970591867419072168009110834358980777621730136884844882561230202592947692344762004249068370508080,302450908818231149991672699167352328703189911406390417697464864277381175593711589616762450273966396380351772891897130555544534183573184123314572239633//46050788495904495703378504905612593413542337879733272867072417682984097342872291907105030872349873961718693420331066661872312427242356901182768873360,631013161309552082650286564303534362834956242523687393728036669683639539633950862246399372387551197368658943525724578434285232225924090869939547780270595823//150838114347045786255032301598701598186035762081943582477728293165336970275949934589841036786548458715012613893572059912162888802996804486187827509931099280,2018:AVANTE|MDB|PDT|PHS|PMN|PPS|PSB|PSD|PSDB|PT|PTB|PV|REDE|SOLIDARIEDADE,false,accounting attribution; not an independent causal effect
2018,ideological,seat_winning,0,0,ideological/2018/03-16,Ideological 2018/PT-PSDB,8,,,,,,PT,PSDB,true,"PT, PDT, PSB, REDE, PPS, PV, PTB, AVANTE, SOLIDARIEDADE, PMN, PHS, MDB, PSD, PSDB",14,3,PSB,5421998,98264190,0.0551777610948607,32,513,28.30619144166354,3.69380855833646,49083988,0.4995104320302238,267,256.2488516315048,10.751148368495176,positive,4,,3.5798849571377858,0.11392360119867416,6.567768298801865,4.183380069693311,463580829//16377365,60494851//16377365,4196680974//16377365,176075481//16377365,259649026876295140703160809093777670623343481060190124938081114277389387492335537825120219894415492438471733302525802928940339031350282678698617505385//72529991881049580732821145226339834626329182160579904765639057850699953315023859753690423623951051489706942137021429992448892072906712119362860975542,135324166827408743022464765892673430436150842062818766884967916330956675410910651811098867166694909843557879766612494714801855525402664278525505768048323717//1187850150482985566758379375089775085715031626395305712012110308677028640923105734894998164694069112380724334411879971808282749323599835328729141640707406830,302450908818231149991672699167352328703189911406390417697464864277381175593711589616762450273966396380351772891897130555544534183573184123314572239633//46050788495904495703378504905612593413542337879733272867072417682984097342872291907105030872349873961718693420331066661872312427242356901182768873360,631013161309552082650286564303534362834956242523687393728036669683639539633950862246399372387551197368658943525724578434285232225924090869939547780270595823//150838114347045786255032301598701598186035762081943582477728293165336970275949934589841036786548458715012613893572059912162888802996804486187827509931099280,2018:AVANTE|MDB|PDT|PHS|PMN|PPS|PSB|PSD|PSDB|PT|PTB|PV|REDE|SOLIDARIEDADE,false,accounting attribution; not an independent causal effect
2018,ideological,seat_winning,0,0,ideological/2018/03-16,Ideological 2018/PT-PSDB,8,,,,,,PT,PSDB,true,"PT, PDT, PSB, REDE, PPS, PV, PTB, AVANTE, SOLIDARIEDADE, PMN, PHS, MDB, PSD, PSDB",14,4,REDE,816784,98264190,0.008312122656279973,1,513,4.264118922671626,-3.2641189226716265,49083988,0.4995104320302238,267,256.2488516315048,10.751148368495176,negative,,2,-3.941560240068624,0.6774413173969976,6.567768298801865,4.183380069693311,69835032//16377365,-53457667//16377365,4196680974//16377365,176075481//16377365,-238234443509037609973231269125345225408125233682565083529048393343308791268392539665215116074240952526030197586493343290716574191144885274620748335208//60441659900874650610684287688616528855274318467149920638032548208916627762519883128075353019959209574755785114184524993707410060755593432802384146285,26823292360447186246877657219549896690999808298432464506653685725329074584781383689385407472671495937438487197539489579023144984705490876298100142426437993//39595005016099518891945979169659169523834387546510190400403676955900954697436857829833272156468970412690811147062665726942758310786661177624304721356913561,302450908818231149991672699167352328703189911406390417697464864277381175593711589616762450273966396380351772891897130555544534183573184123314572239633//46050788495904495703378504905612593413542337879733272867072417682984097342872291907105030872349873961718693420331066661872312427242356901182768873360,631013161309552082650286564303534362834956242523687393728036669683639539633950862246399372387551197368658943525724578434285232225924090869939547780270595823//150838114347045786255032301598701598186035762081943582477728293165336970275949934589841036786548458715012613893572059912162888802996804486187827509931099280,2018:AVANTE|MDB|PDT|PHS|PMN|PPS|PSB|PSD|PSDB|PT|PTB|PV|REDE|SOLIDARIEDADE,false,accounting attribution; not an independent causal effect
2018,ideological,seat_winning,0,0,ideological/2018/03-16,Ideological 2018/PT-PSDB,8,,,,,,PT,PSDB,true,"PT, PDT, PSB, REDE, PPS, PV, PTB, AVANTE, SOLIDARIEDADE, PMN, PHS, MDB, PSD, PSDB",14,5,PPS,1590361,98264190,0.016184542914361784,8,513,8.302670515067595,-0.3026705150675948,49083988,0.4995104320302238,267,256.2488516315048,10.751148368495176,negative,,8,-0.015174568217124965,-0.28749594685046986,6.567768298801865,4.183380069693311,271951731//32754730,-9913891//32754730,4196680974//16377365,176075481//16377365,-13332662744839573148809239953731898682595714040360368473015835047872082312102857804774912465308637970133077087230928735264352269479198055066928769//878618920424586077926361541203389880391631522235977041376608817089036381768914109675232266795288328161198572223154815172003538133333883941403524840,-827382443923874098487495786989271527096989391106233969467604379954205685322069683205850312411658899558289607031454899536756399145653721909148254852172507//2877892551139880234423693216450091061696018477032842427648965011937077264501770405560262058616763446107145570955493571915887945060205536835200827718249320,302450908818231149991672699167352328703189911406390417697464864277381175593711589616762450273966396380351772891897130555544534183573184123314572239633//46050788495904495703378504905612593413542337879733272867072417682984097342872291907105030872349873961718693420331066661872312427242356901182768873360,631013161309552082650286564303534362834956242523687393728036669683639539633950862246399372387551197368658943525724578434285232225924090869939547780270595823//150838114347045786255032301598701598186035762081943582477728293165336970275949934589841036786548458715012613893572059912162888802996804486187827509931099280,2018:AVANTE|MDB|PDT|PHS|PMN|PPS|PSB|PSD|PSDB|PT|PTB|PV|REDE|SOLIDARIEDADE,false,accounting attribution; not an independent causal effect
2018,ideological,seat_winning,0,0,ideological/2018/03-16,Ideological 2018/PT-PSDB,8,,,,,,PT,PSDB,true,"PT, PDT, PSB, REDE, PPS, PV, PTB, AVANTE, SOLIDARIEDADE, PMN, PHS, MDB, PSD, PSDB",14,6,PV,1592833,98264190,0.016209699586390524,4,513,8.315575887818339,-4.31557588781834,49083988,0.4995104320302238,267,256.2488516315048,10.751148368495176,negative,,1,-4.00916402990572,-0.3064118579126199,6.567768298801865,4.183380069693311,272374443//32754730,-141355523//32754730,4196680974//16377365,176075481//16377365,-415406620769796946091844092117890813673956027247734313635202923175315318911684234251048819422739560827674731497780348558917097139027145059209429622141//103614274115785115332601636037628335180470260229399863950912939786714219021462656790986319462787216413867060195744899989212702961295303027661229965060,-20798364087501528187846295466759184553678706326014743801075093744006018909985822750190331529935516773346007768194235924092747523298794356665954956141950989//67877151456170603814764535719415719183716092936874612114977731924401636624177470565428466553946806421755676252107426960473299961348562018784522379468994676,302450908818231149991672699167352328703189911406390417697464864277381175593711589616762450273966396380351772891897130555544534183573184123314572239633//46050788495904495703378504905612593413542337879733272867072417682984097342872291907105030872349873961718693420331066661872312427242356901182768873360,631013161309552082650286564303534362834956242523687393728036669683639539633950862246399372387551197368658943525724578434285232225924090869939547780270595823//150838114347045786255032301598701598186035762081943582477728293165336970275949934589841036786548458715012613893572059912162888802996804486187827509931099280,2018:AVANTE|MDB|PDT|PHS|PMN|PPS|PSB|PSD|PSDB|PT|PTB|PV|REDE|SOLIDARIEDADE,false,accounting attribution; not an independent causal effect
2018,ideological,seat_winning,0,0,ideological/2018/03-16,Ideological 2018/PT-PSDB,8,,,,,,PT,PSDB,true,"PT, PDT, PSB, REDE, PPS, PV, PTB, AVANTE, SOLIDARIEDADE, PMN, PHS, MDB, PSD, PSDB",14,7,PTB,2022719,98264190,0.020584497770754533,10,513,10.559847356397077,-0.5598473563970761,49083988,0.4995104320302238,267,256.2488516315048,10.751148368495176,negative,,6,-1.0318891594981308,0.4720418031010546,6.567768298801865,4.183380069693311,345884949//32754730,-18337649//32754730,4196680974//16377365,176075481//16377365,-68209535074543169905256011410777568948000073533295470994960119320187127355215595034929121955512887932862142449950074848718557230396408433102851101//66101610281202625411548093165951091024223451502009482584314475143039374176371710871442628046435225782371330268417799036180352766376588853372395512,511018388560353180457668377770214251289433148675433238179989159154116034584866189834222461018405892064140880522165915535776789172594631492775747427613221//1082570198663008035323198336832786589851931306808207529744461434200983040258013884616083996075706641495305841341426267312173843083709123106611202224385880,302450908818231149991672699167352328703189911406390417697464864277381175593711589616762450273966396380351772891897130555544534183573184123314572239633//46050788495904495703378504905612593413542337879733272867072417682984097342872291907105030872349873961718693420331066661872312427242356901182768873360,631013161309552082650286564303534362834956242523687393728036669683639539633950862246399372387551197368658943525724578434285232225924090869939547780270595823//150838114347045786255032301598701598186035762081943582477728293165336970275949934589841036786548458715012613893572059912162888802996804486187827509931099280,2018:AVANTE|MDB|PDT|PHS|PMN|PPS|PSB|PSD|PSDB|PT|PTB|PV|REDE|SOLIDARIEDADE,false,accounting attribution; not an independent causal effect
2018,ideological,seat_winning,0,0,ideological/2018/03-16,Ideological 2018/PT-PSDB,8,,,,,,PT,PSDB,true,"PT, PDT, PSB, REDE, PPS, PV, PTB, AVANTE, SOLIDARIEDADE, PMN, PHS, MDB, PSD, PSDB",14,8,AVANTE,1854015,98264190,0.018867656671265495,7,513,9.679107872359198,-2.6791078723591983,49083988,0.4995104320302238,267,256.2488516315048,10.751148368495176,negative,,3,-3.174030012110914,0.494922139751716,6.567768298801865,4.183380069693311,63407313//6550946,-17550691//6550946,4196680974//16377365,176075481//16377365,-60872803181242700977013700207491396911895724023265419691500203259848858276393656131811439698680114897564243370045897122090424754301366239019//19178395588250519782576479363114133236009155476264060986214714051584789694986736972055644204550559944083713741392881451091625433359221890805,62180351663801043701177018149571986476368884772446139292144784571571134493611446367241377408302032512148351840388317620629049013862722552082265719//125636633865267389567590257177875078665901233030610145261399336157373171713214584620140034179223672463455428199322731170502879266162861208681451530,302450908818231149991672699167352328703189911406390417697464864277381175593711589616762450273966396380351772891897130555544534183573184123314572239633//46050788495904495703378504905612593413542337879733272867072417682984097342872291907105030872349873961718693420331066661872312427242356901182768873360,631013161309552082650286564303534362834956242523687393728036669683639539633950862246399372387551197368658943525724578434285232225924090869939547780270595823//150838114347045786255032301598701598186035762081943582477728293165336970275949934589841036786548458715012613893572059912162888802996804486187827509931099280,2018:AVANTE|MDB|PDT|PHS|PMN|PPS|PSB|PSD|PSDB|PT|PTB|PV|REDE|SOLIDARIEDADE,false,accounting attribution; not an independent causal effect
2018,ideological,seat_winning,0,0,ideological/2018/03-16,Ideological 2018/PT-PSDB,8,,,,,,PT,PSDB,true,"PT, PDT, PSB, REDE, PPS, PV, PTB, AVANTE, SOLIDARIEDADE, PMN, PHS, MDB, PSD, PSDB",14,9,SOLIDARIEDADE,1953070,98264190,0.01987570446568582,13,513,10.196236390896827,2.8037636091031737,49083988,0.4995104320302238,267,256.2488516315048,10.751148368495176,positive,6,,0.9929191917389991,1.8108444173641747,6.567768298801865,4.183380069693311,33397497//3275473,9183652//3275473,4196680974//16377365,176075481//16377365,240054736384559734096783052722953183626057230067804322245166756262544970214070881075087210233169446318358175523152223457074511637762389971925675836257//241766639603498602442737150754466115421097273868599682552130192835666511050079532512301412079836838299023140456738099974829640243022373731209536585140,1434007875778206121399255643948944616587998267816031985071892459060107464316091607868002757885747513877768853646457782486429953419436419792856613870781906719//791900100321990377838919583393183390476687750930203808008073539118019093948737156596665443129379408253816222941253314538855166215733223552486094427138271220,302450908818231149991672699167352328703189911406390417697464864277381175593711589616762450273966396380351772891897130555544534183573184123314572239633//46050788495904495703378504905612593413542337879733272867072417682984097342872291907105030872349873961718693420331066661872312427242356901182768873360,631013161309552082650286564303534362834956242523687393728036669683639539633950862246399372387551197368658943525724578434285232225924090869939547780270595823//150838114347045786255032301598701598186035762081943582477728293165336970275949934589841036786548458715012613893572059912162888802996804486187827509931099280,2018:AVANTE|MDB|PDT|PHS|PMN|PPS|PSB|PSD|PSDB|PT|PTB|PV|REDE|SOLIDARIEDADE,false,accounting attribution; not an independent causal effect
2018,ideological,seat_winning,0,0,ideological/2018/03-16,Ideological 2018/PT-PSDB,8,,,,,,PT,PSDB,true,"PT, PDT, PSB, REDE, PPS, PV, PTB, AVANTE, SOLIDARIEDADE, PMN, PHS, MDB, PSD, PSDB",14,10,PMN,634455,98264190,0.006456624737862287,3,513,3.3122484905233534,-0.3122484905233534,49083988,0.4995104320302238,267,256.2488516315048,10.751148368495176,negative,,7,-0.648914910332002,0.3366664198086486,6.567768298801865,4.183380069693311,21698361//6550946,-2045523//6550946,4196680974//16377365,176075481//16377365,-2471624879039835805533582023518697338447783940866133484287194976059776158198968513065373913642818139823449436917561139996624537792701482014489631//3808858202649847090727356260688085547097625681599789142974725303240914552225362794897212471291827022767918105969632583645953754527737350990175160,4200187028793786520175551531105120720979689919589094098626086876588810563418609602242514116084246517355283323550014364209552633766052856693708363216123//12475812203608102599806005793264785631208501284186706143506852413182428111121265749890357224979654533746701022314670347652563082204231444259842001850680,302450908818231149991672699167352328703189911406390417697464864277381175593711589616762450273966396380351772891897130555544534183573184123314572239633//46050788495904495703378504905612593413542337879733272867072417682984097342872291907105030872349873961718693420331066661872312427242356901182768873360,631013161309552082650286564303534362834956242523687393728036669683639539633950862246399372387551197368658943525724578434285232225924090869939547780270595823//150838114347045786255032301598701598186035762081943582477728293165336970275949934589841036786548458715012613893572059912162888802996804486187827509931099280,2018:AVANTE|MDB|PDT|PHS|PMN|PPS|PSB|PSD|PSDB|PT|PTB|PV|REDE|SOLIDARIEDADE,false,accounting attribution; not an independent causal effect
2018,ideological,seat_winning,0,0,ideological/2018/03-16,Ideological 2018/PT-PSDB,8,,,,,,PT,PSDB,true,"PT, PDT, PSB, REDE, PPS, PV, PTB, AVANTE, SOLIDARIEDADE, PMN, PHS, MDB, PSD, PSDB",14,11,PHS,1428537,98264190,0.01453771714802717,6,513,7.457848896937938,-1.4578488969379384,49083988,0.4995104320302238,267,256.2488516315048,10.751148368495176,negative,,4,-2.1924681493454483,0.73461925240751,6.567768298801865,4.183380069693311,244279827//32754730,-47751447//32754730,4196680974//16377365,176075481//16377365,-374163993109376877542211011930200571625059151063533171274507881024805852968780005591602213425790989562371426772812255784824759142049009796875602195281//170658804425999013488990929944329022650186310966070364154444842001646948976526728832212761468120121152251628557697482335173863700956969692618496413040,82128714307760855549326996481663165875646051177868281578971776771492416392955343532732823923911574894259433438433180183227641894227527502126735416137335205//111797661221928053341965117655508243361414741307793478777610381993132107380998186813646886088853563518185819709353409111367788171632925677998036860301873584,302450908818231149991672699167352328703189911406390417697464864277381175593711589616762450273966396380351772891897130555544534183573184123314572239633//46050788495904495703378504905612593413542337879733272867072417682984097342872291907105030872349873961718693420331066661872312427242356901182768873360,631013161309552082650286564303534362834956242523687393728036669683639539633950862246399372387551197368658943525724578434285232225924090869939547780270595823//150838114347045786255032301598701598186035762081943582477728293165336970275949934589841036786548458715012613893572059912162888802996804486187827509931099280,2018:AVANTE|MDB|PDT|PHS|PMN|PPS|PSB|PSD|PSDB|PT|PTB|PV|REDE|SOLIDARIEDADE,false,accounting attribution; not an independent causal effect
2018,ideological,seat_winning,0,0,ideological/2018/03-16,Ideological 2018/PT-PSDB,8,,,,,,PT,PSDB,true,"PT, PDT, PSB, REDE, PPS, PV, PTB, AVANTE, SOLIDARIEDADE, PMN, PHS, MDB, PSD, PSDB",14,12,MDB,5439904,98264190,0.05535998414071291,34,513,28.399671864185724,5.600328135814278,49083988,0.4995104320302238,267,256.2488516315048,10.751148368495176,positive,1,,4.338282118829407,1.2620460169848708,6.567768298801865,4.183380069693311,465111792//16377365,91718618//16377365,4196680974//16377365,176075481//16377365,246788679887372125568976025020957787871278617369869877702740771659213512164592056974370524810285211140799520642722162879938813950564512337972760040173//56886268141999671162996976648109674216728770322023454718148280667215649658842242944070920489373373717417209519232494111724621233652323230872832137680,235156321755597080851116479665106658005618472282741448138198540805708398605943561936074878242722573280817769025910665109262144477711840923793569235733488419//186329435369880088903275196092513738935691235512989131296017303321886845634996978022744810148089272530309699515589015185612980286054876129996728100503122640,302450908818231149991672699167352328703189911406390417697464864277381175593711589616762450273966396380351772891897130555544534183573184123314572239633//46050788495904495703378504905612593413542337879733272867072417682984097342872291907105030872349873961718693420331066661872312427242356901182768873360,631013161309552082650286564303534362834956242523687393728036669683639539633950862246399372387551197368658943525724578434285232225924090869939547780270595823//150838114347045786255032301598701598186035762081943582477728293165336970275949934589841036786548458715012613893572059912162888802996804486187827509931099280,2018:AVANTE|MDB|PDT|PHS|PMN|PPS|PSB|PSD|PSDB|PT|PTB|PV|REDE|SOLIDARIEDADE,false,accounting attribution; not an independent causal effect
2018,ideological,seat_winning,0,0,ideological/2018/03-16,Ideological 2018/PT-PSDB,8,,,,,,PT,PSDB,true,"PT, PDT, PSB, REDE, PPS, PV, PTB, AVANTE, SOLIDARIEDADE, PMN, PHS, MDB, PSD, PSDB",14,13,PSD,5749010,98264190,0.058505646868915316,35,513,30.013396843753558,4.986603156246441,49083988,0.4995104320302238,267,256.2488516315048,10.751148368495176,positive,2,,4.2634970812796755,0.7231060749667654,6.567768298801865,4.183380069693311,98308071//3275473,16333484//3275473,4196680974//16377365,176075481//16377365,3092314086900934820851741195936392706210034807308643553435052113095816029700998421116581601767130750588919318652497709253076546317387811768937992116201//725299918810495807328211452263398346263291821605799047656390578506999533150238597536904236239510514897069421370214299924488920729067121193628609755420,1717883319928866620602709213883616647730035415129508426210322561756528944464073327641471863265276101879305713415000715167538600509632950963955167531567245207//2375700300965971133516758750179550171430063252790611424024220617354057281846211469789996329388138224761448668823759943616565498647199670657458283281414813660,302450908818231149991672699167352328703189911406390417697464864277381175593711589616762450273966396380351772891897130555544534183573184123314572239633//46050788495904495703378504905612593413542337879733272867072417682984097342872291907105030872349873961718693420331066661872312427242356901182768873360,631013161309552082650286564303534362834956242523687393728036669683639539633950862246399372387551197368658943525724578434285232225924090869939547780270595823//150838114347045786255032301598701598186035762081943582477728293165336970275949934589841036786548458715012613893572059912162888802996804486187827509931099280,2018:AVANTE|MDB|PDT|PHS|PMN|PPS|PSB|PSD|PSDB|PT|PTB|PV|REDE|SOLIDARIEDADE,false,accounting attribution; not an independent causal effect
2018,ideological,seat_winning,0,0,ideological/2018/03-16,Ideological 2018/PT-PSDB,8,,,,,,PT,PSDB,true,"PT, PDT, PSB, REDE, PPS, PV, PTB, AVANTE, SOLIDARIEDADE, PMN, PHS, MDB, PSD, PSDB",14,14,PSDB,5891806,98264190,0.059958831391171086,30,513,30.758880503670767,-0.7588805036707675,49083988,0.4995104320302238,267,256.2488516315048,10.751148368495176,negative,,5,0.42071662555200234,-1.1795971292227698,6.567768298801865,4.183380069693311,503749413//16377365,-12428463//16377365,4196680974//16377365,176075481//16377365,11624599404003544697890286672576509576426350406354651757488159788810060104464343740233826227838303760743886079502582641624933061648261180478489303567//27630473097542697422027102943367556048125402727839963720243450609790458405723375144263018523409924377031216052198639997123387456345414140709661324016,-533784619983453318641023188720255753503682523385826510298663152935773420051322643134867145466395940623305812392189680219123849287034169835513913481176428363//452514343041137358765096904796104794558107286245830747433184879496010910827849803769523110359645376145037841680716179736488666408990413458563482529793297840,302450908818231149991672699167352328703189911406390417697464864277381175593711589616762450273966396380351772891897130555544534183573184123314572239633//46050788495904495703378504905612593413542337879733272867072417682984097342872291907105030872349873961718693420331066661872312427242356901182768873360,631013161309552082650286564303534362834956242523687393728036669683639539633950862246399372387551197368658943525724578434285232225924090869939547780270595823//150838114347045786255032301598701598186035762081943582477728293165336970275949934589841036786548458715012613893572059912162888802996804486187827509931099280,2018:AVANTE|MDB|PDT|PHS|PMN|PPS|PSB|PSD|PSDB|PT|PTB|PV|REDE|SOLIDARIEDADE,false,accounting attribution; not an independent causal effect
2022,ideological,seat_winning,0,0,ideological/2022/11-20,Ideological 2022/MDB-UNIÃO,9,,,,,,MDB,UNIÃO,true,"MDB, PSDB, PSD, PODE, PROS, PTB, PP, REPUBLICANOS, PSC, UNIÃO",10,1,MDB,7950895,109413508,0.0726683125816604,42,513,37.27884435439178,4.721155645608219,53852214,0.492189812614362,265,252.4933738711677,12.506626128832282,positive,3,,5.119561127195656,-0.3984054815874375,2.953163469827912,9.55346265900437,4078809135//109413508,516558201//109413508,13813092891//54706754,684196919//54706754,19962380190803625382655852792963004145363348615090330142367971645519694908795346962475103476846022825555752170910220810588651959797648329//3899236613224779577337957953189012317622001073494015341616556588702771871420922451123703889899480639187164052413652792986409737633367700,-10623212156550565321436455093545098875317777128739838038923143831615096340402746883035907765096396461204708086952288584838920274485078571420027//26664322273435145380206455075931851545389584714421627220755365453155214985993004373337686534196746506971867971629601198415055357489148619430725,16118099502949311198708642387509960609040706836209830050840284749281654399145261750720097281391047606029956337362700351433230873429166659394848601//5457909684860266280825219885461805256305214910472184618146647239163815187260721224771938912841741732519733746378602868320677228979505518280442200,1426258043053142446321502703181509980476776620251640042981000290073417671741067933422306698496700204399177098996862616563999377621670316445230479957715323//149292261241934055899800110634933578276298170512166913873766283218857001575468104953088584103930302946245437104316308990456841139591739715105327223309400,2022:MDB|PODE|PP|PROS|PSC|PSD|PSDB|PTB|REPUBLICANOS|UNIÃO,false,accounting attribution; not an independent causal effect
2022,ideological,seat_winning,0,0,ideological/2022/11-20,Ideological 2022/MDB-UNIÃO,9,,,,,,MDB,UNIÃO,true,"MDB, PSDB, PSD, PODE, PROS, PTB, PP, REPUBLICANOS, PSC, UNIÃO",10,2,PSDB,3309061,109413508,0.030243624032235582,13,513,15.514979128536853,-2.514979128536853,53852214,0.492189812614362,265,252.4933738711677,12.506626128832282,negative,,4,-1.9794931239386324,-0.5354860045982207,2.953163469827912,9.55346265900437,1697548293//109413508,-275172689//109413508,13813092891//54706754,684196919//54706754,-456557741779282144097116830421963133245760406667962260881980028049614357162385207115643428033043332417493548076447866274657759238191097959813207//230643762414724212940062568369399279822118026442830069033016478720825185138663415050887241677785983622717075539194365919901045556324421365431850,-6756640086053686880349283832072919244112793395299156345581082688037020814613679313823302495014214882082464749962712667801966190987698190670063904072247//12617771572056763495155619672392907529005774631573399650392250379326418080385315335988785812205185070696011863122123534566010203592633263831024321714900,16118099502949311198708642387509960609040706836209830050840284749281654399145261750720097281391047606029956337362700351433230873429166659394848601//5457909684860266280825219885461805256305214910472184618146647239163815187260721224771938912841741732519733746378602868320677228979505518280442200,1426258043053142446321502703181509980476776620251640042981000290073417671741067933422306698496700204399177098996862616563999377621670316445230479957715323//149292261241934055899800110634933578276298170512166913873766283218857001575468104953088584103930302946245437104316308990456841139591739715105327223309400,2022:MDB|PODE|PP|PROS|PSC|PSD|PSDB|PTB|REPUBLICANOS|UNIÃO,false,accounting attribution; not an independent causal effect
2022,ideological,seat_winning,0,0,ideological/2022/11-20,Ideological 2022/MDB-UNIÃO,9,,,,,,MDB,UNIÃO,true,"MDB, PSDB, PSD, PODE, PROS, PTB, PP, REPUBLICANOS, PSC, UNIÃO",10,3,PSD,8293956,109413508,0.07580376638687063,42,513,38.88733215646463,3.1126678435353705,53852214,0.492189812614362,265,252.4933738711677,12.506626128832282,positive,5,,2.351878855613102,0.7607889879222685,2.953163469827912,9.55346265900437,1063699857//27353377,85141977//27353377,13813092891//54706754,684196919//54706754,1129075772443228503250922040368491135597952955168479938472286043936663676831830177522501565370173461123333455346892278404979555180102690996363//480073950130775006238035262663270873841149761326312224213174635498068328263678837495112130944210026615460888530623262178472121877961624872040,9990409955127752226725458691056610532184147021412834614807713700921791474867377071645663364612419131761575314857679314464078845940953666199834855229//13131643745806288047806330278922472265296407535018638288611494171616245754756162648925537774990342825192735712733114135337589233717832316657486879080,16118099502949311198708642387509960609040706836209830050840284749281654399145261750720097281391047606029956337362700351433230873429166659394848601//5457909684860266280825219885461805256305214910472184618146647239163815187260721224771938912841741732519733746378602868320677228979505518280442200,1426258043053142446321502703181509980476776620251640042981000290073417671741067933422306698496700204399177098996862616563999377621670316445230479957715323//149292261241934055899800110634933578276298170512166913873766283218857001575468104953088584103930302946245437104316308990456841139591739715105327223309400,2022:MDB|PODE|PP|PROS|PSC|PSD|PSDB|PTB|REPUBLICANOS|UNIÃO,false,accounting attribution; not an independent causal effect
2022,ideological,seat_winning,0,0,ideological/2022/11-20,Ideological 2022/MDB-UNIÃO,9,,,,,,MDB,UNIÃO,true,"MDB, PSDB, PSD, PODE, PROS, PTB, PP, REPUBLICANOS, PSC, UNIÃO",10,4,PODE,3612066,109413508,0.03301298044479115,12,513,16.935658968177858,-4.93565896817786,53852214,0.492189812614362,265,252.4933738711677,12.506626128832282,negative,,2,-5.660581199864246,0.7249222316863858,2.953163469827912,9.55346265900437,926494929//54706754,-270013881//54706754,13813092891//54706754,684196919//54706754,-279773509791450408804807908132953793264458073015268167344882259596100694108479107539609566706991857447146579186455127982844137482318778906259//49424873509130132965880924235613881929158885964811635315422134016947349679698239215815002007334936508986897451923055134099913183814156321800,980049330871576340760255655379519892158803439382547394746758687734973186071193685390180275931348475841986175176082894230338724531333028007598633743//1351937198272549469075869057725183338841770300695501394769255545910085244939615183506372112162389283601382494062790702074820480984138915807128718600,16118099502949311198708642387509960609040706836209830050840284749281654399145261750720097281391047606029956337362700351433230873429166659394848601//5457909684860266280825219885461805256305214910472184618146647239163815187260721224771938912841741732519733746378602868320677228979505518280442200,1426258043053142446321502703181509980476776620251640042981000290073417671741067933422306698496700204399177098996862616563999377621670316445230479957715323//149292261241934055899800110634933578276298170512166913873766283218857001575468104953088584103930302946245437104316308990456841139591739715105327223309400,2022:MDB|PODE|PP|PROS|PSC|PSD|PSDB|PTB|REPUBLICANOS|UNIÃO,false,accounting attribution; not an independent causal effect
2022,ideological,seat_winning,0,0,ideological/2022/11-20,Ideological 2022/MDB-UNIÃO,9,,,,,,MDB,UNIÃO,true,"MDB, PSDB, PSD, PODE, PROS, PTB, PP, REPUBLICANOS, PSC, UNIÃO",10,5,PROS,799661,109413508,0.0073086131193234385,3,513,3.749318530212924,-0.7493185302129239,53852214,0.492189812614362,265,252.4933738711677,12.506626128832282,negative,,5,-1.025547842826308,0.27622931261338407,2.953163469827912,9.55346265900437,410226093//109413508,-81985569//109413508,13813092891//54706754,684196919//54706754,-15651049054381379308067561561745472252828351725864511369883448612558458100751174869478426656244649113686007124405921348387//15261159353861680515880961638222596911116712490440887862632213344551190997394243364404419310473007299632250859047969402602,230620673846963627791785217649839482941533392623243634700868907527665656162579459017953063748360001577986636282228850466098380529//834888490526509906008892861625680606457621855503277003842606287915879246301461512752604923730896433981185838212225936307674573908,16118099502949311198708642387509960609040706836209830050840284749281654399145261750720097281391047606029956337362700351433230873429166659394848601//5457909684860266280825219885461805256305214910472184618146647239163815187260721224771938912841741732519733746378602868320677228979505518280442200,1426258043053142446321502703181509980476776620251640042981000290073417671741067933422306698496700204399177098996862616563999377621670316445230479957715323//149292261241934055899800110634933578276298170512166913873766283218857001575468104953088584103930302946245437104316308990456841139591739715105327223309400,2022:MDB|PODE|PP|PROS|PSC|PSD|PSDB|PTB|REPUBLICANOS|UNIÃO,false,accounting attribution; not an independent causal effect
2022,ideological,seat_winning,0,0,ideological/2022/11-20,Ideological 2022/MDB-UNIÃO,9,,,,,,MDB,UNIÃO,true,"MDB, PSDB, PSD, PODE, PROS, PTB, PP, REPUBLICANOS, PSC, UNIÃO",10,6,PTB,1422652,109413508,0.013002526159749854,1,513,6.670295919951675,-5.670295919951675,53852214,0.492189812614362,265,252.4933738711677,12.506626128832282,negative,,1,-5.944989995326506,0.2746940753748311,2.953163469827912,9.55346265900437,5885649//882367,-5003282//882367,13813092891//54706754,684196919//54706754,-21780768778928215431971884141780553469610784699112824812990469645073480521033509202704661824849960272437810381104346195260879165572643531425943//3663718323504426269618290712124305951168950235007338616405062648309285432884747456024529924015188645857374357964971424758095884766543601492100,888015664096679790954394703791759895343571592894098724399607072156373547688309393389582213120823817287557740076200479267220672162314951333117974881//3232744145955630094244282320784987469215093112012720352941485913800719259558215958529996395463509959879233840114477941149526791553800778017779800700,16118099502949311198708642387509960609040706836209830050840284749281654399145261750720097281391047606029956337362700351433230873429166659394848601//5457909684860266280825219885461805256305214910472184618146647239163815187260721224771938912841741732519733746378602868320677228979505518280442200,1426258043053142446321502703181509980476776620251640042981000290073417671741067933422306698496700204399177098996862616563999377621670316445230479957715323//149292261241934055899800110634933578276298170512166913873766283218857001575468104953088584103930302946245437104316308990456841139591739715105327223309400,2022:MDB|PODE|PP|PROS|PSC|PSD|PSDB|PTB|REPUBLICANOS|UNIÃO,false,accounting attribution; not an independent causal effect
2022,ideological,seat_winning,0,0,ideological/2022/11-20,Ideological 2022/MDB-UNIÃO,9,,,,,,MDB,UNIÃO,true,"MDB, PSDB, PSD, PODE, PROS, PTB, PP, REPUBLICANOS, PSC, UNIÃO",10,7,PP,8692918,109413508,0.07945013516978178,47,513,40.757919342098056,6.242080657901948,53852214,0.492189812614362,265,252.4933738711677,12.506626128832282,positive,2,,3.074500419421968,3.1675802384799794,2.953163469827912,9.55346265900437,2229733467//54706754,341483971//54706754,13813092891//54706754,684196919//54706754,1237421621109488515737046927070894987036095281538855721105968731297290895326078754005282898439683013636744933030601315316829124047977294906937//402478924150589058425813099927830233342702734816201204514332236149535797048612312974302304831619015811846630916869443994409601590993939868450,17436195260608239591036477835362972220026470017472355269125114774720059976441668123491511445751756353384281489103091998664722400623087588288567065613//5504578873422733643598146126932306582310459052179288627467315779325640515833089961814041128014098229935200980824492780679735862369128520968521627825,16118099502949311198708642387509960609040706836209830050840284749281654399145261750720097281391047606029956337362700351433230873429166659394848601//5457909684860266280825219885461805256305214910472184618146647239163815187260721224771938912841741732519733746378602868320677228979505518280442200,1426258043053142446321502703181509980476776620251640042981000290073417671741067933422306698496700204399177098996862616563999377621670316445230479957715323//149292261241934055899800110634933578276298170512166913873766283218857001575468104953088584103930302946245437104316308990456841139591739715105327223309400,2022:MDB|PODE|PP|PROS|PSC|PSD|PSDB|PTB|REPUBLICANOS|UNIÃO,false,accounting attribution; not an independent causal effect
2022,ideological,seat_winning,0,0,ideological/2022/11-20,Ideological 2022/MDB-UNIÃO,9,,,,,,MDB,UNIÃO,true,"MDB, PSDB, PSD, PODE, PROS, PTB, PP, REPUBLICANOS, PSC, UNIÃO",10,8,REPUBLICANOS,7610894,109413508,0.06956082607277339,40,513,35.68470377533275,4.31529622466725,53852214,0.492189812614362,265,252.4933738711677,12.506626128832282,positive,4,,1.3735534569599896,2.9417427677072605,2.953163469827912,9.55346265900437,1952194311//54706754,236075849//54706754,13813092891//54706754,684196919//54706754,565041242028064275143151350817813354352573232489557626194308063489970731137773692704746048044494274354631640288866624279431781828422055438082829//411371861185977406815915086389687455000121563387884115369036243106981804030122879643444135253618025864124728395439621490750462119592982179379160,33101694578352994906220422498697998394660970041605511112161605986844458479204277435840377415613188228024930995974150509201129621878048603706622966089887//11252409606211707122118094958004689868788860169178191440000742484368924617776070483212753010031204475457154470823065047373799403281445928106839789423320,16118099502949311198708642387509960609040706836209830050840284749281654399145261750720097281391047606029956337362700351433230873429166659394848601//5457909684860266280825219885461805256305214910472184618146647239163815187260721224771938912841741732519733746378602868320677228979505518280442200,1426258043053142446321502703181509980476776620251640042981000290073417671741067933422306698496700204399177098996862616563999377621670316445230479957715323//149292261241934055899800110634933578276298170512166913873766283218857001575468104953088584103930302946245437104316308990456841139591739715105327223309400,2022:MDB|PODE|PP|PROS|PSC|PSD|PSDB|PTB|REPUBLICANOS|UNIÃO,false,accounting attribution; not an independent causal effect
2022,ideological,seat_winning,0,0,ideological/2022/11-20,Ideological 2022/MDB-UNIÃO,9,,,,,,MDB,UNIÃO,true,"MDB, PSDB, PSD, PODE, PROS, PTB, PP, REPUBLICANOS, PSC, UNIÃO",10,9,PSC,1944678,109413508,0.01777365551609953,6,513,9.117885279759058,-3.117885279759059,53852214,0.492189812614362,265,252.4933738711677,12.506626128832282,negative,,3,-3.7123805451988194,0.5944952654397607,2.953163469827912,9.55346265900437,498809907//54706754,-170569383//54706754,13813092891//54706754,684196919//54706754,-5524840553436950185790618370286035898221374488036426208412946844162727619406113633958600404042846155873674528038814805211//1488220425188405109661789501882714805934700763667784048399306687742545405640675010792323962222353891776358667620135789300,24200626676857585007621440339553536352959562055220984755043967031333521577120614187327079557945188990642247779408452021558546597//40707854349278740993305270739640107870213707370792799830452482368443123420107310104681506044801803829175938322631267035915466100,16118099502949311198708642387509960609040706836209830050840284749281654399145261750720097281391047606029956337362700351433230873429166659394848601//5457909684860266280825219885461805256305214910472184618146647239163815187260721224771938912841741732519733746378602868320677228979505518280442200,1426258043053142446321502703181509980476776620251640042981000290073417671741067933422306698496700204399177098996862616563999377621670316445230479957715323//149292261241934055899800110634933578276298170512166913873766283218857001575468104953088584103930302946245437104316308990456841139591739715105327223309400,2022:MDB|PODE|PP|PROS|PSC|PSD|PSDB|PTB|REPUBLICANOS|UNIÃO,false,accounting attribution; not an independent causal effect
2022,ideological,seat_winning,0,0,ideological/2022/11-20,Ideological 2022/MDB-UNIÃO,9,,,,,,MDB,UNIÃO,true,"MDB, PSDB, PSD, PODE, PROS, PTB, PP, REPUBLICANOS, PSC, UNIÃO",10,10,UNIÃO,10215433,109413508,0.09336537313107629,59,513,47.89643641624213,11.103563583757866,53852214,0.492189812614362,265,252.4933738711677,12.506626128832282,positive,1,,9.356662317791708,1.7469012659661585,2.953163469827912,9.55346265900437,5240517129//109413508,1214879843//109413508,13813092891//54706754,684196919//54706754,4778898527343075495806018122834522093667485210561655676900661006037613327463678155124742904053593417025860282506398089419341895841789372033401509//510748209674724757900658618495061390758577896116417918519983200711477408374478406748321089275559459078491938064000878367729506339494657649678620,6101353283095055340099338856436069556779913931969669542258005940850794254917465153882760420129348976246056885316441478461339940798249137093047412117068//3492672082826948418522610934998646714890924294084803803708095630681927444562516259536542718001258692522515643331316538580912455232021840044398305424935,16118099502949311198708642387509960609040706836209830050840284749281654399145261750720097281391047606029956337362700351433230873429166659394848601//5457909684860266280825219885461805256305214910472184618146647239163815187260721224771938912841741732519733746378602868320677228979505518280442200,1426258043053142446321502703181509980476776620251640042981000290073417671741067933422306698496700204399177098996862616563999377621670316445230479957715323//149292261241934055899800110634933578276298170512166913873766283218857001575468104953088584103930302946245437104316308990456841139591739715105327223309400,2022:MDB|PODE|PP|PROS|PSC|PSD|PSDB|PTB|REPUBLICANOS|UNIÃO,false,accounting attribution; not an independent causal effect
2022,ideological,seat_winning,0,0,ideological/2022/15-23,Ideological 2022/PROS-PL,10,,,,,,PROS,PL,false,"PROS, PTB, PP, REPUBLICANOS, PSC, UNIÃO, PATRIOTA, NOVO, PL",9,1,PROS,799661,109413508,0.0073086131193234385,3,513,3.749318530212924,-0.7493185302129239,51743481,0.4729167535694039,262,242.60629458110418,19.39370541889581,negative,,5,-1.025547842826308,0.27622931261338407,16.35057546336421,3.0431299555315996,410226093//109413508,-81985569//109413508,26544405753//109413508,2121933343//109413508,-15651049054381379308067561561745472252828351725864511369883448612558458100751174869478426656244649113686007124405921348387//15261159353861680515880961638222596911116712490440887862632213344551190997394243364404419310473007299632250859047969402602,230620673846963627791785217649839482941533392623243634700868907527665656162579459017953063748360001577986636282228850466098380529//834888490526509906008892861625680606457621855503277003842606287915879246301461512752604923730896433981185838212225936307674573908,52026899113753412936168000220804811835009052189128501712440213474109964267404484545700403242548252757002398639174150015669579329920690950463644217119//3181961346273535241721103193224232464425940292805283632379495340432504254173000474042040386186735430059004774138725472230954824495051717157497802600,264866083599282817893713147735810373925051612415771377744028648976407112416915471786936010855112834986835672028668927729404998862962804617954557381817162087//87037388304047554589583464500166276135081833408593310788405743116593631918497905187650644532591366617661089831816408141436338384381984253906405771189380200,2022:NOVO|PATRIOTA|PL|PP|PROS|PSC|PTB|REPUBLICANOS|UNIÃO,false,accounting attribution; not an independent causal effect
2022,ideological,seat_winning,0,0,ideological/2022/15-23,Ideological 2022/PROS-PL,10,,,,,,PROS,PL,false,"PROS, PTB, PP, REPUBLICANOS, PSC, UNIÃO, PATRIOTA, NOVO, PL",9,2,PTB,1422652,109413508,0.013002526159749854,1,513,6.670295919951675,-5.670295919951675,51743481,0.4729167535694039,262,242.60629458110418,19.39370541889581,negative,,1,-5.944989995326506,0.2746940753748311,16.35057546336421,3.0431299555315996,5885649//882367,-5003282//882367,26544405753//109413508,2121933343//109413508,-21780768778928215431971884141780553469610784699112824812990469645073480521033509202704661824849960272437810381104346195260879165572643531425943//3663718323504426269618290712124305951168950235007338616405062648309285432884747456024529924015188645857374357964971424758095884766543601492100,888015664096679790954394703791759895343571592894098724399607072156373547688309393389582213120823817287557740076200479267220672162314951333117974881//3232744145955630094244282320784987469215093112012720352941485913800719259558215958529996395463509959879233840114477941149526791553800778017779800700,52026899113753412936168000220804811835009052189128501712440213474109964267404484545700403242548252757002398639174150015669579329920690950463644217119//3181961346273535241721103193224232464425940292805283632379495340432504254173000474042040386186735430059004774138725472230954824495051717157497802600,264866083599282817893713147735810373925051612415771377744028648976407112416915471786936010855112834986835672028668927729404998862962804617954557381817162087//87037388304047554589583464500166276135081833408593310788405743116593631918497905187650644532591366617661089831816408141436338384381984253906405771189380200,2022:NOVO|PATRIOTA|PL|PP|PROS|PSC|PTB|REPUBLICANOS|UNIÃO,false,accounting attribution; not an independent causal effect
2022,ideological,seat_winning,0,0,ideological/2022/15-23,Ideological 2022/PROS-PL,10,,,,,,PROS,PL,false,"PROS, PTB, PP, REPUBLICANOS, PSC, UNIÃO, PATRIOTA, NOVO, PL",9,3,PP,8692918,109413508,0.07945013516978178,47,513,40.757919342098056,6.242080657901948,51743481,0.4729167535694039,262,242.60629458110418,19.39370541889581,positive,3,,3.074500419421968,3.1675802384799794,16.35057546336421,3.0431299555315996,2229733467//54706754,341483971//54706754,26544405753//109413508,2121933343//109413508,1237421621109488515737046927070894987036095281538855721105968731297290895326078754005282898439683013636744933030601315316829124047977294906937//402478924150589058425813099927830233342702734816201204514332236149535797048612312974302304831619015811846630916869443994409601590993939868450,17436195260608239591036477835362972220026470017472355269125114774720059976441668123491511445751756353384281489103091998664722400623087588288567065613//5504578873422733643598146126932306582310459052179288627467315779325640515833089961814041128014098229935200980824492780679735862369128520968521627825,52026899113753412936168000220804811835009052189128501712440213474109964267404484545700403242548252757002398639174150015669579329920690950463644217119//3181961346273535241721103193224232464425940292805283632379495340432504254173000474042040386186735430059004774138725472230954824495051717157497802600,264866083599282817893713147735810373925051612415771377744028648976407112416915471786936010855112834986835672028668927729404998862962804617954557381817162087//87037388304047554589583464500166276135081833408593310788405743116593631918497905187650644532591366617661089831816408141436338384381984253906405771189380200,2022:NOVO|PATRIOTA|PL|PP|PROS|PSC|PTB|REPUBLICANOS|UNIÃO,false,accounting attribution; not an independent causal effect
2022,ideological,seat_winning,0,0,ideological/2022/15-23,Ideological 2022/PROS-PL,10,,,,,,PROS,PL,false,"PROS, PTB, PP, REPUBLICANOS, PSC, UNIÃO, PATRIOTA, NOVO, PL",9,4,REPUBLICANOS,7610894,109413508,0.06956082607277339,40,513,35.68470377533275,4.31529622466725,51743481,0.4729167535694039,262,242.60629458110418,19.39370541889581,positive,4,,1.3735534569599896,2.9417427677072605,16.35057546336421,3.0431299555315996,1952194311//54706754,236075849//54706754,26544405753//109413508,2121933343//109413508,565041242028064275143151350817813354352573232489557626194308063489970731137773692704746048044494274354631640288866624279431781828422055438082829//411371861185977406815915086389687455000121563387884115369036243106981804030122879643444135253618025864124728395439621490750462119592982179379160,33101694578352994906220422498697998394660970041605511112161605986844458479204277435840377415613188228024930995974150509201129621878048603706622966089887//11252409606211707122118094958004689868788860169178191440000742484368924617776070483212753010031204475457154470823065047373799403281445928106839789423320,52026899113753412936168000220804811835009052189128501712440213474109964267404484545700403242548252757002398639174150015669579329920690950463644217119//3181961346273535241721103193224232464425940292805283632379495340432504254173000474042040386186735430059004774138725472230954824495051717157497802600,264866083599282817893713147735810373925051612415771377744028648976407112416915471786936010855112834986835672028668927729404998862962804617954557381817162087//87037388304047554589583464500166276135081833408593310788405743116593631918497905187650644532591366617661089831816408141436338384381984253906405771189380200,2022:NOVO|PATRIOTA|PL|PP|PROS|PSC|PTB|REPUBLICANOS|UNIÃO,false,accounting attribution; not an independent causal effect
2022,ideological,seat_winning,0,0,ideological/2022/15-23,Ideological 2022/PROS-PL,10,,,,,,PROS,PL,false,"PROS, PTB, PP, REPUBLICANOS, PSC, UNIÃO, PATRIOTA, NOVO, PL",9,5,PSC,1944678,109413508,0.01777365551609953,6,513,9.117885279759058,-3.117885279759059,51743481,0.4729167535694039,262,242.60629458110418,19.39370541889581,negative,,4,-3.7123805451988194,0.5944952654397607,16.35057546336421,3.0431299555315996,498809907//54706754,-170569383//54706754,26544405753//109413508,2121933343//109413508,-5524840553436950185790618370286035898221374488036426208412946844162727619406113633958600404042846155873674528038814805211//1488220425188405109661789501882714805934700763667784048399306687742545405640675010792323962222353891776358667620135789300,24200626676857585007621440339553536352959562055220984755043967031333521577120614187327079557945188990642247779408452021558546597//40707854349278740993305270739640107870213707370792799830452482368443123420107310104681506044801803829175938322631267035915466100,52026899113753412936168000220804811835009052189128501712440213474109964267404484545700403242548252757002398639174150015669579329920690950463644217119//3181961346273535241721103193224232464425940292805283632379495340432504254173000474042040386186735430059004774138725472230954824495051717157497802600,264866083599282817893713147735810373925051612415771377744028648976407112416915471786936010855112834986835672028668927729404998862962804617954557381817162087//87037388304047554589583464500166276135081833408593310788405743116593631918497905187650644532591366617661089831816408141436338384381984253906405771189380200,2022:NOVO|PATRIOTA|PL|PP|PROS|PSC|PTB|REPUBLICANOS|UNIÃO,false,accounting attribution; not an independent causal effect
2022,ideological,seat_winning,0,0,ideological/2022/15-23,Ideological 2022/PROS-PL,10,,,,,,PROS,PL,false,"PROS, PTB, PP, REPUBLICANOS, PSC, UNIÃO, PATRIOTA, NOVO, PL",9,6,UNIÃO,10215433,109413508,0.09336537313107629,59,513,47.89643641624213,11.103563583757866,51743481,0.4729167535694039,262,242.60629458110418,19.39370541889581,positive,2,,9.356662317791708,1.7469012659661585,16.35057546336421,3.0431299555315996,5240517129//109413508,1214879843//109413508,26544405753//109413508,2121933343//109413508,4778898527343075495806018122834522093667485210561655676900661006037613327463678155124742904053593417025860282506398089419341895841789372033401509//510748209674724757900658618495061390758577896116417918519983200711477408374478406748321089275559459078491938064000878367729506339494657649678620,6101353283095055340099338856436069556779913931969669542258005940850794254917465153882760420129348976246056885316441478461339940798249137093047412117068//3492672082826948418522610934998646714890924294084803803708095630681927444562516259536542718001258692522515643331316538580912455232021840044398305424935,52026899113753412936168000220804811835009052189128501712440213474109964267404484545700403242548252757002398639174150015669579329920690950463644217119//3181961346273535241721103193224232464425940292805283632379495340432504254173000474042040386186735430059004774138725472230954824495051717157497802600,264866083599282817893713147735810373925051612415771377744028648976407112416915471786936010855112834986835672028668927729404998862962804617954557381817162087//87037388304047554589583464500166276135081833408593310788405743116593631918497905187650644532591366617661089831816408141436338384381984253906405771189380200,2022:NOVO|PATRIOTA|PL|PP|PROS|PSC|PTB|REPUBLICANOS|UNIÃO,false,accounting attribution; not an independent causal effect
2022,ideological,seat_winning,0,0,ideological/2022/15-23,Ideological 2022/PROS-PL,10,,,,,,PROS,PL,false,"PROS, PTB, PP, REPUBLICANOS, PSC, UNIÃO, PATRIOTA, NOVO, PL",9,7,PATRIOTA,1526570,109413508,0.013952299198742444,4,513,7.157529488954874,-3.1575294889548737,51743481,0.4729167535694039,262,242.60629458110418,19.39370541889581,negative,,3,-3.0340148588879687,-0.12351463006690526,16.35057546336421,3.0431299555315996,391565205//54706754,-172738189//54706754,26544405753//109413508,2121933343//109413508,-18725752745112666507178190956824659017935882024649871006871437344306286420867318919240866385084282467827976492940254247158988817373996493992849//6171938377380279509034188906328219338120310216030715818508466327288376275907618565001154849621155206271721382939727772374430610422307148164200,-20852154518282348906069201961498003016790582569901094779078561060949043385458739733311163778225288092660284642259422878090686714841854890954657315827//168823357257251057775987075044013469294295316696039613363525657142124343992757107780675594037065765532663159426511742035127985647221496633530220503400,52026899113753412936168000220804811835009052189128501712440213474109964267404484545700403242548252757002398639174150015669579329920690950463644217119//3181961346273535241721103193224232464425940292805283632379495340432504254173000474042040386186735430059004774138725472230954824495051717157497802600,264866083599282817893713147735810373925051612415771377744028648976407112416915471786936010855112834986835672028668927729404998862962804617954557381817162087//87037388304047554589583464500166276135081833408593310788405743116593631918497905187650644532591366617661089831816408141436338384381984253906405771189380200,2022:NOVO|PATRIOTA|PL|PP|PROS|PSC|PTB|REPUBLICANOS|UNIÃO,false,accounting attribution; not an independent causal effect
2022,ideological,seat_winning,0,0,ideological/2022/15-23,Ideological 2022/PROS-PL,10,,,,,,PROS,PL,false,"PROS, PTB, PP, REPUBLICANOS, PSC, UNIÃO, PATRIOTA, NOVO, PL",9,8,NOVO,1354754,109413508,0.012381962929111093,3,513,6.351946982633991,-3.3519469826339905,51743481,0.4729167535694039,262,242.60629458110418,19.39370541889581,negative,,2,-2.8067474522995584,-0.5451995303344321,16.35057546336421,3.0431299555315996,347494401//54706754,-183374139//54706754,26544405753//109413508,2121933343//109413508,-69557848215071082550273556676634319244045660363094672563534390935795489936147327194321//24782367988998289656031068480460381030093594015034324214112303608883011290691029572284,-369580650646245016277897621020384722081936992835550663782935014060560642455729363131943809721//677881454555802069316618139858849935879798422378177538168842560952237556729528322408833003068,52026899113753412936168000220804811835009052189128501712440213474109964267404484545700403242548252757002398639174150015669579329920690950463644217119//3181961346273535241721103193224232464425940292805283632379495340432504254173000474042040386186735430059004774138725472230954824495051717157497802600,264866083599282817893713147735810373925051612415771377744028648976407112416915471786936010855112834986835672028668927729404998862962804617954557381817162087//87037388304047554589583464500166276135081833408593310788405743116593631918497905187650644532591366617661089831816408141436338384381984253906405771189380200,2022:NOVO|PATRIOTA|PL|PP|PROS|PSC|PTB|REPUBLICANOS|UNIÃO,false,accounting attribution; not an independent causal effect
2022,ideological,seat_winning,0,0,ideological/2022/15-23,Ideological 2022/PROS-PL,10,,,,,,PROS,PL,false,"PROS, PTB, PP, REPUBLICANOS, PSC, UNIÃO, PATRIOTA, NOVO, PL",9,9,PL,18175921,109413508,0.16612136227274607,99,513,85.22025884591874,13.779741154081268,51743481,0.4729167535694039,262,242.60629458110418,19.39370541889581,positive,1,,19.069539963729706,-5.289798809648437,16.35057546336421,3.0431299555315996,9324247473//109413508,1507689819//109413508,26544405753//109413508,2121933343//109413508,16929243746295852744496254452223400106589253649816361458753427892346042221152010908805610395435948031022306978891109642517719432134184291//887763615613973967097224910450332591939351738561462454975078227052407991428145034998853239142187860003495197787925080646487929464506680,-128453945282368317575808977959806862829665518809786253470384627767785230305474943865880054529016333366794104673278072693756461467385546675827977//24283332864772116390195988629339187162704249240477120202278840349056114547346819553001827217927421139498825462782680778678788060592059337058360,52026899113753412936168000220804811835009052189128501712440213474109964267404484545700403242548252757002398639174150015669579329920690950463644217119//3181961346273535241721103193224232464425940292805283632379495340432504254173000474042040386186735430059004774138725472230954824495051717157497802600,264866083599282817893713147735810373925051612415771377744028648976407112416915471786936010855112834986835672028668927729404998862962804617954557381817162087//87037388304047554589583464500166276135081833408593310788405743116593631918497905187650644532591366617661089831816408141436338384381984253906405771189380200,2022:NOVO|PATRIOTA|PL|PP|PROS|PSC|PTB|REPUBLICANOS|UNIÃO,false,accounting attribution; not an independent causal effect
2022,ideological,seat_winning,0,0,ideological/2022/16-23,Ideological 2022/PTB-PL,11,,,,,,PTB,PL,false,"PTB, PP, REPUBLICANOS, PSC, UNIÃO, PATRIOTA, NOVO, PL",8,1,PTB,1422652,109413508,0.013002526159749854,1,513,6.670295919951675,-5.670295919951675,50943820,0.4656081404500804,259,238.85697605089126,20.143023949108734,negative,,1,-5.944989995326506,0.2746940753748311,17.376123306190518,2.7669006429182157,5885649//882367,-5003282//882367,6533544915//27353377,550979728//27353377,-21780768778928215431971884141780553469610784699112824812990469645073480521033509202704661824849960272437810381104346195260879165572643531425943//3663718323504426269618290712124305951168950235007338616405062648309285432884747456024529924015188645857374357964971424758095884766543601492100,888015664096679790954394703791759895343571592894098724399607072156373547688309393389582213120823817287557740076200479267220672162314951333117974881//3232744145955630094244282320784987469215093112012720352941485913800719259558215958529996395463509959879233840114477941149526791553800778017779800700,55290152708380931949784921854021514469626060338615384284557403220390416385905481748956264199061718951414092388867498980499268411482183407406026390219//3181961346273535241721103193224232464425940292805283632379495340432504254173000474042040386186735430059004774138725472230954824495051717157497802600,240823805656391569848095652874029594859537581207201268395932407020415449732432537485734421397644199715799122180133092295770905297108040939449440513536273237//87037388304047554589583464500166276135081833408593310788405743116593631918497905187650644532591366617661089831816408141436338384381984253906405771189380200,2022:NOVO|PATRIOTA|PL|PP|PSC|PTB|REPUBLICANOS|UNIÃO,false,accounting attribution; not an independent causal effect
2022,ideological,seat_winning,0,0,ideological/2022/16-23,Ideological 2022/PTB-PL,11,,,,,,PTB,PL,false,"PTB, PP, REPUBLICANOS, PSC, UNIÃO, PATRIOTA, NOVO, PL",8,2,PP,8692918,109413508,0.07945013516978178,47,513,40.757919342098056,6.242080657901948,50943820,0.4656081404500804,259,238.85697605089126,20.143023949108734,positive,3,,3.074500419421968,3.1675802384799794,17.376123306190518,2.7669006429182157,2229733467//54706754,341483971//54706754,6533544915//27353377,550979728//27353377,1237421621109488515737046927070894987036095281538855721105968731297290895326078754005282898439683013636744933030601315316829124047977294906937//402478924150589058425813099927830233342702734816201204514332236149535797048612312974302304831619015811846630916869443994409601590993939868450,17436195260608239591036477835362972220026470017472355269125114774720059976441668123491511445751756353384281489103091998664722400623087588288567065613//5504578873422733643598146126932306582310459052179288627467315779325640515833089961814041128014098229935200980824492780679735862369128520968521627825,55290152708380931949784921854021514469626060338615384284557403220390416385905481748956264199061718951414092388867498980499268411482183407406026390219//3181961346273535241721103193224232464425940292805283632379495340432504254173000474042040386186735430059004774138725472230954824495051717157497802600,240823805656391569848095652874029594859537581207201268395932407020415449732432537485734421397644199715799122180133092295770905297108040939449440513536273237//87037388304047554589583464500166276135081833408593310788405743116593631918497905187650644532591366617661089831816408141436338384381984253906405771189380200,2022:NOVO|PATRIOTA|PL|PP|PSC|PTB|REPUBLICANOS|UNIÃO,false,accounting attribution; not an independent causal effect
2022,ideological,seat_winning,0,0,ideological/2022/16-23,Ideological 2022/PTB-PL,11,,,,,,PTB,PL,false,"PTB, PP, REPUBLICANOS, PSC, UNIÃO, PATRIOTA, NOVO, PL",8,3,REPUBLICANOS,7610894,109413508,0.06956082607277339,40,513,35.68470377533275,4.31529622466725,50943820,0.4656081404500804,259,238.85697605089126,20.143023949108734,positive,4,,1.3735534569599896,2.9417427677072605,17.376123306190518,2.7669006429182157,1952194311//54706754,236075849//54706754,6533544915//27353377,550979728//27353377,565041242028064275143151350817813354352573232489557626194308063489970731137773692704746048044494274354631640288866624279431781828422055438082829//411371861185977406815915086389687455000121563387884115369036243106981804030122879643444135253618025864124728395439621490750462119592982179379160,33101694578352994906220422498697998394660970041605511112161605986844458479204277435840377415613188228024930995974150509201129621878048603706622966089887//11252409606211707122118094958004689868788860169178191440000742484368924617776070483212753010031204475457154470823065047373799403281445928106839789423320,55290152708380931949784921854021514469626060338615384284557403220390416385905481748956264199061718951414092388867498980499268411482183407406026390219//3181961346273535241721103193224232464425940292805283632379495340432504254173000474042040386186735430059004774138725472230954824495051717157497802600,240823805656391569848095652874029594859537581207201268395932407020415449732432537485734421397644199715799122180133092295770905297108040939449440513536273237//87037388304047554589583464500166276135081833408593310788405743116593631918497905187650644532591366617661089831816408141436338384381984253906405771189380200,2022:NOVO|PATRIOTA|PL|PP|PSC|PTB|REPUBLICANOS|UNIÃO,false,accounting attribution; not an independent causal effect
2022,ideological,seat_winning,0,0,ideological/2022/16-23,Ideological 2022/PTB-PL,11,,,,,,PTB,PL,false,"PTB, PP, REPUBLICANOS, PSC, UNIÃO, PATRIOTA, NOVO, PL",8,4,PSC,1944678,109413508,0.01777365551609953,6,513,9.117885279759058,-3.117885279759059,50943820,0.4656081404500804,259,238.85697605089126,20.143023949108734,negative,,4,-3.7123805451988194,0.5944952654397607,17.376123306190518,2.7669006429182157,498809907//54706754,-170569383//54706754,6533544915//27353377,550979728//27353377,-5524840553436950185790618370286035898221374488036426208412946844162727619406113633958600404042846155873674528038814805211//1488220425188405109661789501882714805934700763667784048399306687742545405640675010792323962222353891776358667620135789300,24200626676857585007621440339553536352959562055220984755043967031333521577120614187327079557945188990642247779408452021558546597//40707854349278740993305270739640107870213707370792799830452482368443123420107310104681506044801803829175938322631267035915466100,55290152708380931949784921854021514469626060338615384284557403220390416385905481748956264199061718951414092388867498980499268411482183407406026390219//3181961346273535241721103193224232464425940292805283632379495340432504254173000474042040386186735430059004774138725472230954824495051717157497802600,240823805656391569848095652874029594859537581207201268395932407020415449732432537485734421397644199715799122180133092295770905297108040939449440513536273237//87037388304047554589583464500166276135081833408593310788405743116593631918497905187650644532591366617661089831816408141436338384381984253906405771189380200,2022:NOVO|PATRIOTA|PL|PP|PSC|PTB|REPUBLICANOS|UNIÃO,false,accounting attribution; not an independent causal effect
2022,ideological,seat_winning,0,0,ideological/2022/16-23,Ideological 2022/PTB-PL,11,,,,,,PTB,PL,false,"PTB, PP, REPUBLICANOS, PSC, UNIÃO, PATRIOTA, NOVO, PL",8,5,UNIÃO,10215433,109413508,0.09336537313107629,59,513,47.89643641624213,11.103563583757866,50943820,0.4656081404500804,259,238.85697605089126,20.143023949108734,positive,2,,9.356662317791708,1.7469012659661585,17.376123306190518,2.7669006429182157,5240517129//109413508,1214879843//109413508,6533544915//27353377,550979728//27353377,4778898527343075495806018122834522093667485210561655676900661006037613327463678155124742904053593417025860282506398089419341895841789372033401509//510748209674724757900658618495061390758577896116417918519983200711477408374478406748321089275559459078491938064000878367729506339494657649678620,6101353283095055340099338856436069556779913931969669542258005940850794254917465153882760420129348976246056885316441478461339940798249137093047412117068//3492672082826948418522610934998646714890924294084803803708095630681927444562516259536542718001258692522515643331316538580912455232021840044398305424935,55290152708380931949784921854021514469626060338615384284557403220390416385905481748956264199061718951414092388867498980499268411482183407406026390219//3181961346273535241721103193224232464425940292805283632379495340432504254173000474042040386186735430059004774138725472230954824495051717157497802600,240823805656391569848095652874029594859537581207201268395932407020415449732432537485734421397644199715799122180133092295770905297108040939449440513536273237//87037388304047554589583464500166276135081833408593310788405743116593631918497905187650644532591366617661089831816408141436338384381984253906405771189380200,2022:NOVO|PATRIOTA|PL|PP|PSC|PTB|REPUBLICANOS|UNIÃO,false,accounting attribution; not an independent causal effect
2022,ideological,seat_winning,0,0,ideological/2022/16-23,Ideological 2022/PTB-PL,11,,,,,,PTB,PL,false,"PTB, PP, REPUBLICANOS, PSC, UNIÃO, PATRIOTA, NOVO, PL",8,6,PATRIOTA,1526570,109413508,0.013952299198742444,4,513,7.157529488954874,-3.1575294889548737,50943820,0.4656081404500804,259,238.85697605089126,20.143023949108734,negative,,3,-3.0340148588879687,-0.12351463006690526,17.376123306190518,2.7669006429182157,391565205//54706754,-172738189//54706754,6533544915//27353377,550979728//27353377,-18725752745112666507178190956824659017935882024649871006871437344306286420867318919240866385084282467827976492940254247158988817373996493992849//6171938377380279509034188906328219338120310216030715818508466327288376275907618565001154849621155206271721382939727772374430610422307148164200,-20852154518282348906069201961498003016790582569901094779078561060949043385458739733311163778225288092660284642259422878090686714841854890954657315827//168823357257251057775987075044013469294295316696039613363525657142124343992757107780675594037065765532663159426511742035127985647221496633530220503400,55290152708380931949784921854021514469626060338615384284557403220390416385905481748956264199061718951414092388867498980499268411482183407406026390219//3181961346273535241721103193224232464425940292805283632379495340432504254173000474042040386186735430059004774138725472230954824495051717157497802600,240823805656391569848095652874029594859537581207201268395932407020415449732432537485734421397644199715799122180133092295770905297108040939449440513536273237//87037388304047554589583464500166276135081833408593310788405743116593631918497905187650644532591366617661089831816408141436338384381984253906405771189380200,2022:NOVO|PATRIOTA|PL|PP|PSC|PTB|REPUBLICANOS|UNIÃO,false,accounting attribution; not an independent causal effect
2022,ideological,seat_winning,0,0,ideological/2022/16-23,Ideological 2022/PTB-PL,11,,,,,,PTB,PL,false,"PTB, PP, REPUBLICANOS, PSC, UNIÃO, PATRIOTA, NOVO, PL",8,7,NOVO,1354754,109413508,0.012381962929111093,3,513,6.351946982633991,-3.3519469826339905,50943820,0.4656081404500804,259,238.85697605089126,20.143023949108734,negative,,2,-2.8067474522995584,-0.5451995303344321,17.376123306190518,2.7669006429182157,347494401//54706754,-183374139//54706754,6533544915//27353377,550979728//27353377,-69557848215071082550273556676634319244045660363094672563534390935795489936147327194321//24782367988998289656031068480460381030093594015034324214112303608883011290691029572284,-369580650646245016277897621020384722081936992835550663782935014060560642455729363131943809721//677881454555802069316618139858849935879798422378177538168842560952237556729528322408833003068,55290152708380931949784921854021514469626060338615384284557403220390416385905481748956264199061718951414092388867498980499268411482183407406026390219//3181961346273535241721103193224232464425940292805283632379495340432504254173000474042040386186735430059004774138725472230954824495051717157497802600,240823805656391569848095652874029594859537581207201268395932407020415449732432537485734421397644199715799122180133092295770905297108040939449440513536273237//87037388304047554589583464500166276135081833408593310788405743116593631918497905187650644532591366617661089831816408141436338384381984253906405771189380200,2022:NOVO|PATRIOTA|PL|PP|PSC|PTB|REPUBLICANOS|UNIÃO,false,accounting attribution; not an independent causal effect
2022,ideological,seat_winning,0,0,ideological/2022/16-23,Ideological 2022/PTB-PL,11,,,,,,PTB,PL,false,"PTB, PP, REPUBLICANOS, PSC, UNIÃO, PATRIOTA, NOVO, PL",8,8,PL,18175921,109413508,0.16612136227274607,99,513,85.22025884591874,13.779741154081268,50943820,0.4656081404500804,259,238.85697605089126,20.143023949108734,positive,1,,19.069539963729706,-5.289798809648437,17.376123306190518,2.7669006429182157,9324247473//109413508,1507689819//109413508,6533544915//27353377,550979728//27353377,16929243746295852744496254452223400106589253649816361458753427892346042221152010908805610395435948031022306978891109642517719432134184291//887763615613973967097224910450332591939351738561462454975078227052407991428145034998853239142187860003495197787925080646487929464506680,-128453945282368317575808977959806862829665518809786253470384627767785230305474943865880054529016333366794104673278072693756461467385546675827977//24283332864772116390195988629339187162704249240477120202278840349056114547346819553001827217927421139498825462782680778678788060592059337058360,55290152708380931949784921854021514469626060338615384284557403220390416385905481748956264199061718951414092388867498980499268411482183407406026390219//3181961346273535241721103193224232464425940292805283632379495340432504254173000474042040386186735430059004774138725472230954824495051717157497802600,240823805656391569848095652874029594859537581207201268395932407020415449732432537485734421397644199715799122180133092295770905297108040939449440513536273237//87037388304047554589583464500166276135081833408593310788405743116593631918497905187650644532591366617661089831816408141436338384381984253906405771189380200,2022:NOVO|PATRIOTA|PL|PP|PSC|PTB|REPUBLICANOS|UNIÃO,false,accounting attribution; not an independent causal effect
2022,ideological,seat_winning,0,0,ideological/2022/17-23,Ideological 2022/PP-PL,12,,,,,,PP,PL,true,"PP, REPUBLICANOS, PSC, UNIÃO, PATRIOTA, NOVO, PL",7,1,PP,8692918,109413508,0.07945013516978178,47,513,40.757919342098056,6.242080657901948,49521168,0.4526056142903306,258,232.18668013093958,25.813319869060408,positive,3,,3.074500419421968,3.1675802384799794,23.321113301517023,2.4922065675433847,2229733467//54706754,341483971//54706754,6351089796//27353377,706081470//27353377,1237421621109488515737046927070894987036095281538855721105968731297290895326078754005282898439683013636744933030601315316829124047977294906937//402478924150589058425813099927830233342702734816201204514332236149535797048612312974302304831619015811846630916869443994409601590993939868450,17436195260608239591036477835362972220026470017472355269125114774720059976441668123491511445751756353384281489103091998664722400623087588288567065613//5504578873422733643598146126932306582310459052179288627467315779325640515833089961814041128014098229935200980824492780679735862369128520968521627825,74206881077492760621745095062462775841303844514503067311588504049954604659306210692560479221914858547787965331718910277160513532057017750310646441377//3181961346273535241721103193224232464425940292805283632379495340432504254173000474042040386186735430059004774138725472230954824495051717157497802600,216915150753171089513893889549077242049914397521600723087196847686297905435766469507262834220394059197827545879451854518930745827100932156651290756884341871//87037388304047554589583464500166276135081833408593310788405743116593631918497905187650644532591366617661089831816408141436338384381984253906405771189380200,2022:NOVO|PATRIOTA|PL|PP|PSC|REPUBLICANOS|UNIÃO,false,accounting attribution; not an independent causal effect
2022,ideological,seat_winning,0,0,ideological/2022/17-23,Ideological 2022/PP-PL,12,,,,,,PP,PL,true,"PP, REPUBLICANOS, PSC, UNIÃO, PATRIOTA, NOVO, PL",7,2,REPUBLICANOS,7610894,109413508,0.06956082607277339,40,513,35.68470377533275,4.31529622466725,49521168,0.4526056142903306,258,232.18668013093958,25.813319869060408,positive,4,,1.3735534569599896,2.9417427677072605,23.321113301517023,2.4922065675433847,1952194311//54706754,236075849//54706754,6351089796//27353377,706081470//27353377,565041242028064275143151350817813354352573232489557626194308063489970731137773692704746048044494274354631640288866624279431781828422055438082829//411371861185977406815915086389687455000121563387884115369036243106981804030122879643444135253618025864124728395439621490750462119592982179379160,33101694578352994906220422498697998394660970041605511112161605986844458479204277435840377415613188228024930995974150509201129621878048603706622966089887//11252409606211707122118094958004689868788860169178191440000742484368924617776070483212753010031204475457154470823065047373799403281445928106839789423320,74206881077492760621745095062462775841303844514503067311588504049954604659306210692560479221914858547787965331718910277160513532057017750310646441377//3181961346273535241721103193224232464425940292805283632379495340432504254173000474042040386186735430059004774138725472230954824495051717157497802600,216915150753171089513893889549077242049914397521600723087196847686297905435766469507262834220394059197827545879451854518930745827100932156651290756884341871//87037388304047554589583464500166276135081833408593310788405743116593631918497905187650644532591366617661089831816408141436338384381984253906405771189380200,2022:NOVO|PATRIOTA|PL|PP|PSC|REPUBLICANOS|UNIÃO,false,accounting attribution; not an independent causal effect
2022,ideological,seat_winning,0,0,ideological/2022/17-23,Ideological 2022/PP-PL,12,,,,,,PP,PL,true,"PP, REPUBLICANOS, PSC, UNIÃO, PATRIOTA, NOVO, PL",7,3,PSC,1944678,109413508,0.01777365551609953,6,513,9.117885279759058,-3.117885279759059,49521168,0.4526056142903306,258,232.18668013093958,25.813319869060408,negative,,3,-3.7123805451988194,0.5944952654397607,23.321113301517023,2.4922065675433847,498809907//54706754,-170569383//54706754,6351089796//27353377,706081470//27353377,-5524840553436950185790618370286035898221374488036426208412946844162727619406113633958600404042846155873674528038814805211//1488220425188405109661789501882714805934700763667784048399306687742545405640675010792323962222353891776358667620135789300,24200626676857585007621440339553536352959562055220984755043967031333521577120614187327079557945188990642247779408452021558546597//40707854349278740993305270739640107870213707370792799830452482368443123420107310104681506044801803829175938322631267035915466100,74206881077492760621745095062462775841303844514503067311588504049954604659306210692560479221914858547787965331718910277160513532057017750310646441377//3181961346273535241721103193224232464425940292805283632379495340432504254173000474042040386186735430059004774138725472230954824495051717157497802600,216915150753171089513893889549077242049914397521600723087196847686297905435766469507262834220394059197827545879451854518930745827100932156651290756884341871//87037388304047554589583464500166276135081833408593310788405743116593631918497905187650644532591366617661089831816408141436338384381984253906405771189380200,2022:NOVO|PATRIOTA|PL|PP|PSC|REPUBLICANOS|UNIÃO,false,accounting attribution; not an independent causal effect
2022,ideological,seat_winning,0,0,ideological/2022/17-23,Ideological 2022/PP-PL,12,,,,,,PP,PL,true,"PP, REPUBLICANOS, PSC, UNIÃO, PATRIOTA, NOVO, PL",7,4,UNIÃO,10215433,109413508,0.09336537313107629,59,513,47.89643641624213,11.103563583757866,49521168,0.4526056142903306,258,232.18668013093958,25.813319869060408,positive,2,,9.356662317791708,1.7469012659661585,23.321113301517023,2.4922065675433847,5240517129//109413508,1214879843//109413508,6351089796//27353377,706081470//27353377,4778898527343075495806018122834522093667485210561655676900661006037613327463678155124742904053593417025860282506398089419341895841789372033401509//510748209674724757900658618495061390758577896116417918519983200711477408374478406748321089275559459078491938064000878367729506339494657649678620,6101353283095055340099338856436069556779913931969669542258005940850794254917465153882760420129348976246056885316441478461339940798249137093047412117068//3492672082826948418522610934998646714890924294084803803708095630681927444562516259536542718001258692522515643331316538580912455232021840044398305424935,74206881077492760621745095062462775841303844514503067311588504049954604659306210692560479221914858547787965331718910277160513532057017750310646441377//3181961346273535241721103193224232464425940292805283632379495340432504254173000474042040386186735430059004774138725472230954824495051717157497802600,216915150753171089513893889549077242049914397521600723087196847686297905435766469507262834220394059197827545879451854518930745827100932156651290756884341871//87037388304047554589583464500166276135081833408593310788405743116593631918497905187650644532591366617661089831816408141436338384381984253906405771189380200,2022:NOVO|PATRIOTA|PL|PP|PSC|REPUBLICANOS|UNIÃO,false,accounting attribution; not an independent causal effect
2022,ideological,seat_winning,0,0,ideological/2022/17-23,Ideological 2022/PP-PL,12,,,,,,PP,PL,true,"PP, REPUBLICANOS, PSC, UNIÃO, PATRIOTA, NOVO, PL",7,5,PATRIOTA,1526570,109413508,0.013952299198742444,4,513,7.157529488954874,-3.1575294889548737,49521168,0.4526056142903306,258,232.18668013093958,25.813319869060408,negative,,2,-3.0340148588879687,-0.12351463006690526,23.321113301517023,2.4922065675433847,391565205//54706754,-172738189//54706754,6351089796//27353377,706081470//27353377,-18725752745112666507178190956824659017935882024649871006871437344306286420867318919240866385084282467827976492940254247158988817373996493992849//6171938377380279509034188906328219338120310216030715818508466327288376275907618565001154849621155206271721382939727772374430610422307148164200,-20852154518282348906069201961498003016790582569901094779078561060949043385458739733311163778225288092660284642259422878090686714841854890954657315827//168823357257251057775987075044013469294295316696039613363525657142124343992757107780675594037065765532663159426511742035127985647221496633530220503400,74206881077492760621745095062462775841303844514503067311588504049954604659306210692560479221914858547787965331718910277160513532057017750310646441377//3181961346273535241721103193224232464425940292805283632379495340432504254173000474042040386186735430059004774138725472230954824495051717157497802600,216915150753171089513893889549077242049914397521600723087196847686297905435766469507262834220394059197827545879451854518930745827100932156651290756884341871//87037388304047554589583464500166276135081833408593310788405743116593631918497905187650644532591366617661089831816408141436338384381984253906405771189380200,2022:NOVO|PATRIOTA|PL|PP|PSC|REPUBLICANOS|UNIÃO,false,accounting attribution; not an independent causal effect
2022,ideological,seat_winning,0,0,ideological/2022/17-23,Ideological 2022/PP-PL,12,,,,,,PP,PL,true,"PP, REPUBLICANOS, PSC, UNIÃO, PATRIOTA, NOVO, PL",7,6,NOVO,1354754,109413508,0.012381962929111093,3,513,6.351946982633991,-3.3519469826339905,49521168,0.4526056142903306,258,232.18668013093958,25.813319869060408,negative,,1,-2.8067474522995584,-0.5451995303344321,23.321113301517023,2.4922065675433847,347494401//54706754,-183374139//54706754,6351089796//27353377,706081470//27353377,-69557848215071082550273556676634319244045660363094672563534390935795489936147327194321//24782367988998289656031068480460381030093594015034324214112303608883011290691029572284,-369580650646245016277897621020384722081936992835550663782935014060560642455729363131943809721//677881454555802069316618139858849935879798422378177538168842560952237556729528322408833003068,74206881077492760621745095062462775841303844514503067311588504049954604659306210692560479221914858547787965331718910277160513532057017750310646441377//3181961346273535241721103193224232464425940292805283632379495340432504254173000474042040386186735430059004774138725472230954824495051717157497802600,216915150753171089513893889549077242049914397521600723087196847686297905435766469507262834220394059197827545879451854518930745827100932156651290756884341871//87037388304047554589583464500166276135081833408593310788405743116593631918497905187650644532591366617661089831816408141436338384381984253906405771189380200,2022:NOVO|PATRIOTA|PL|PP|PSC|REPUBLICANOS|UNIÃO,false,accounting attribution; not an independent causal effect
2022,ideological,seat_winning,0,0,ideological/2022/17-23,Ideological 2022/PP-PL,12,,,,,,PP,PL,true,"PP, REPUBLICANOS, PSC, UNIÃO, PATRIOTA, NOVO, PL",7,7,PL,18175921,109413508,0.16612136227274607,99,513,85.22025884591874,13.779741154081268,49521168,0.4526056142903306,258,232.18668013093958,25.813319869060408,positive,1,,19.069539963729706,-5.289798809648437,23.321113301517023,2.4922065675433847,9324247473//109413508,1507689819//109413508,6351089796//27353377,706081470//27353377,16929243746295852744496254452223400106589253649816361458753427892346042221152010908805610395435948031022306978891109642517719432134184291//887763615613973967097224910450332591939351738561462454975078227052407991428145034998853239142187860003495197787925080646487929464506680,-128453945282368317575808977959806862829665518809786253470384627767785230305474943865880054529016333366794104673278072693756461467385546675827977//24283332864772116390195988629339187162704249240477120202278840349056114547346819553001827217927421139498825462782680778678788060592059337058360,74206881077492760621745095062462775841303844514503067311588504049954604659306210692560479221914858547787965331718910277160513532057017750310646441377//3181961346273535241721103193224232464425940292805283632379495340432504254173000474042040386186735430059004774138725472230954824495051717157497802600,216915150753171089513893889549077242049914397521600723087196847686297905435766469507262834220394059197827545879451854518930745827100932156651290756884341871//87037388304047554589583464500166276135081833408593310788405743116593631918497905187650644532591366617661089831816408141436338384381984253906405771189380200,2022:NOVO|PATRIOTA|PL|PP|PSC|REPUBLICANOS|UNIÃO,false,accounting attribution; not an independent causal effect
