election_year,ideological_universe,ideological_party_count,left_original_ordinal_position,right_original_ordinal_position,k,gap_count,coalition_id,q_C,d_C,R_C,minimal_seat_majority,inversion,start_index,end_index,start_party,end_party,parties,interval_size,votes,national_vote_total,vote_share,seats,seat_share,quota,seat_diff,required_diff,representation_ratio,vote_majority,seat_majority,majority_status,coalition_inversion,left_removed_seats,right_removed_seats,minimal_connected_winning,minimal_connected_inversion,endpoint_minimal_connected_winning,minimal_ideological_interval_inversion,old_sweep_equivalent
2014,seat_winning,28,4,4,0,0,PSOL,9.197502481476263,-4.197502481476263,0.5436258386523931,false,false,1,1,PSOL,PSOL,PSOL,1,1745470,97355354,0.01792885473971981,5,0.009746588693957114,9.197502481476263,-4.197502481476263,247.80249751852375,0.5436258386523931,false,false,neither,false,0,0,false,false,false,false,false
2014,seat_winning,28,4,5,0,0,PSOL|PCdoB,19.277859181735398,-4.277859181735398,0.7780946970611545,false,false,1,2,PSOL,PCdoB,"PSOL, PCdoB",2,3658485,97355354,0.03757867286887992,15,0.029239766081871343,19.277859181735398,-4.277859181735398,237.7221408182646,0.7780946970611545,false,false,neither,false,10,5,false,false,false,false,false
2014,seat_winning,28,4,6,0,0,PSOL|PCdoB|PT,90.69958251089098,-6.699582510890977,0.9261343621941533,false,false,1,3,PSOL,PT,"PSOL, PCdoB, PT",3,17212651,97355354,0.1768023050894561,84,0.16374269005847952,90.69958251089098,-6.699582510890977,166.300417489109,0.9261343621941533,false,false,neither,false,79,15,false,false,false,false,false
2014,seat_winning,28,4,7,0,0,PSOL|PCdoB|PT|PDT,109.29169299718227,-5.291692997182267,0.9515819285797074,false,false,1,4,PSOL,PDT,"PSOL, PCdoB, PT, PDT",4,20740997,97355354,0.21304423586195373,104,0.20272904483430798,109.29169299718227,-5.291692997182267,147.70830700281772,0.9515819285797074,false,false,neither,false,99,84,false,false,false,false,false
2014,seat_winning,28,4,8,0,0,PSOL|PCdoB|PT|PDT|PSB,142.31937233775557,-4.319372337755567,0.9696501448340797,false,false,1,5,PSOL,PSB,"PSOL, PCdoB, PT, PDT, PSB",5,27008875,97355354,0.2774256770716483,138,0.26900584795321636,142.31937233775557,-4.319372337755567,114.68062766224443,0.9696501448340797,false,false,neither,false,133,104,false,false,false,false,false
2014,seat_winning,28,4,10,0,0,PSOL|PCdoB|PT|PDT|PSB|PPS,152.62459352774783,-4.624593527747834,0.9696995522094081,false,false,1,6,PSOL,PPS,"PSOL, PCdoB, PT, PDT, PSB, PPS",6,28964564,97355354,0.2975138275394695,148,0.2884990253411306,152.62459352774783,-4.624593527747834,104.37540647225217,0.9696995522094081,false,false,neither,false,143,138,false,false,false,false,false
2014,seat_winning,28,4,11,0,0,PSOL|PCdoB|PT|PDT|PSB|PPS|PV,163.18682754725538,-7.186827547255376,0.9559595118351435,false,false,1,7,PSOL,PV,"PSOL, PCdoB, PT, PDT, PSB, PPS, PV",7,30969028,97355354,0.31810297767496176,156,0.30409356725146197,163.18682754725538,-7.186827547255376,93.81317245274462,0.9559595118351435,false,false,neither,false,151,148,false,false,false,false,false
2014,seat_winning,28,4,12,0,0,PSOL|PCdoB|PT|PDT|PSB|PPS|PV|PTB,183.81210316383834,-2.8121031638383442,0.9847012078343296,false,false,1,8,PSOL,PTB,"PSOL, PCdoB, PT, PDT, PSB, PPS, PV, PTB",8,34883221,97355354,0.3583081933018291,181,0.35282651072124754,183.81210316383834,-2.8121031638383442,73.18789683616166,0.9847012078343296,false,false,neither,false,176,156,false,false,false,false,false
2014,seat_winning,28,4,13,0,0,PSOL|PCdoB|PT|PDT|PSB|PPS|PV|PTB|PT DO B,188.09343894943876,-6.093438949438763,0.9676041919193326,false,false,1,9,PSOL,PT DO B,"PSOL, PCdoB, PT, PDT, PSB, PPS, PV, PTB, PT DO B",9,35695718,97355354,0.36665387709442254,182,0.35477582846003897,188.09343894943876,-6.093438949438763,68.90656105056124,0.9676041919193326,false,false,neither,false,177,181,false,false,false,false,false
2014,seat_winning,28,4,14,0,0,PSOL|PCdoB|PT|PDT|PSB|PPS|PV|PTB|PT DO B|SOLIDARIEDADE,202.2664305344727,-5.266430534472704,0.9739629036782991,false,false,1,10,PSOL,SOLIDARIEDADE,"PSOL, PCdoB, PT, PDT, PSB, PPS, PV, PTB, PT DO B, SOLIDARIEDADE",10,38385419,97355354,0.3942815410028708,197,0.3840155945419103,202.2664305344727,-5.266430534472704,54.733569465527296,0.9739629036782991,false,false,neither,false,192,182,false,false,false,false,false
2014,seat_winning,28,4,15,0,0,PSOL|PCdoB|PT|PDT|PSB|PPS|PV|PTB|PT DO B|SOLIDARIEDADE|PMN,204.7349814577224,-4.734981457722398,0.9768726310276382,false,false,1,11,PSOL,PMN,"PSOL, PCdoB, PT, PDT, PSB, PPS, PV, PTB, PT DO B, SOLIDARIEDADE, PMN",11,38853892,97355354,0.39909353110667134,200,0.3898635477582846,204.7349814577224,-4.734981457722398,52.2650185422776,0.9768726310276382,false,false,neither,false,195,197,false,false,false,false,false
2014,seat_winning,28,4,17,0,0,PSOL|PCdoB|PT|PDT|PSB|PPS|PV|PTB|PT DO B|SOLIDARIEDADE|PMN|PHS,209.70434230047584,-4.704342300475844,0.9775667864152512,false,false,1,12,PSOL,PHS,"PSOL, PCdoB, PT, PDT, PSB, PPS, PV, PTB, PT DO B, SOLIDARIEDADE, PMN, PHS",12,39796960,97355354,0.40878039434790614,205,0.3996101364522417,209.70434230047584,-4.704342300475844,47.295657699524156,0.9775667864152512,false,false,neither,false,200,200,false,false,false,false,false
2014,seat_winning,28,4,18,0,0,PSOL|PCdoB|PT|PDT|PSB|PPS|PV|PTB|PT DO B|SOLIDARIEDADE|PMN|PHS|PMDB,266.5709614388542,3.4290385611457737,1.0128635112490763,false,false,1,13,PSOL,PMDB,"PSOL, PCdoB, PT, PDT, PSB, PPS, PV, PTB, PT DO B, SOLIDARIEDADE, PMN, PHS, PMDB",13,50588909,97355354,0.5196315037794429,270,0.5263157894736842,266.5709614388542,3.4290385611457737,-9.570961438854226,1.0128635112490763,true,true,votes+seats,false,265,205,false,false,false,false,true
2014,seat_winning,28,4,19,0,0,PSOL|PCdoB|PT|PDT|PSB|PPS|PV|PTB|PT DO B|SOLIDARIEDADE|PMN|PHS|PMDB|PSD,298.0182292388357,7.9817707611642845,1.026782827283923,false,false,1,14,PSOL,PSD,"PSOL, PCdoB, PT, PDT, PSB, PPS, PV, PTB, PT DO B, SOLIDARIEDADE, PMN, PHS, PMDB, PSD",14,56556862,97355354,0.5809322207384712,306,0.5964912280701754,298.0182292388357,7.9817707611642845,-41.018229238835715,1.026782827283923,true,true,votes+seats,false,301,270,false,false,false,false,false
2014,seat_winning,28,4,20,0,0,PSOL|PCdoB|PT|PDT|PSB|PPS|PV|PTB|PT DO B|SOLIDARIEDADE|PMN|PHS|PMDB|PSD|PSDB,356.44861402280964,3.551385977190364,1.009963248102188,false,false,1,15,PSOL,PSDB,"PSOL, PCdoB, PT, PDT, PSB, PPS, PV, PTB, PT DO B, SOLIDARIEDADE, PMN, PHS, PMDB, PSD, PSDB",15,67645577,97355354,0.69483160628228,360,0.7017543859649122,356.44861402280964,3.551385977190364,-99.44861402280964,1.009963248102188,true,true,votes+seats,false,355,306,false,false,false,false,false
2014,seat_winning,28,4,21,0,0,PSOL|PCdoB|PT|PDT|PSB|PPS|PV|PTB|PT DO B|SOLIDARIEDADE|PMN|PHS|PMDB|PSD|PSDB|PTN,360.2593172944551,3.7406827055448844,1.0103833059298435,false,false,1,16,PSOL,PTN,"PSOL, PCdoB, PT, PDT, PSB, PPS, PV, PTB, PT DO B, SOLIDARIEDADE, PMN, PHS, PMDB, PSD, PSDB, PTN",16,68368759,97355354,0.7022598777669691,364,0.7095516569200779,360.2593172944551,3.7406827055448844,-103.25931729445512,1.0103833059298435,true,true,votes+seats,false,359,360,false,false,false,false,false
2014,seat_winning,28,4,23,0,0,PSOL|PCdoB|PT|PDT|PSB|PPS|PV|PTB|PT DO B|SOLIDARIEDADE|PMN|PHS|PMDB|PSD|PSDB|PTN|PRTB,362.652606008705,2.3473939912950073,1.006472844679458,false,false,1,17,PSOL,PRTB,"PSOL, PCdoB, PT, PDT, PSB, PPS, PV, PTB, PT DO B, SOLIDARIEDADE, PMN, PHS, PMDB, PSD, PSDB, PTN, PRTB",17,68822949,97355354,0.7069251579117056,365,0.7115009746588694,362.652606008705,2.3473939912950073,-105.65260600870499,1.006472844679458,true,true,votes+seats,false,360,364,false,false,false,false,false
2014,seat_winning,28,4,24,0,0,PSOL|PCdoB|PT|PDT|PSB|PPS|PV|PTB|PT DO B|SOLIDARIEDADE|PMN|PHS|PMDB|PSD|PSDB|PTN|PRTB|PROS,373.0707389549423,2.9292610450576717,1.0078517576941661,false,false,1,18,PSOL,PROS,"PSOL, PCdoB, PT, PDT, PSB, PPS, PV, PTB, PT DO B, SOLIDARIEDADE, PMN, PHS, PMDB, PSD, PSDB, PTN, PRTB, PROS",18,70800066,97355354,0.7272334092688935,376,0.732943469785575,373.0707389549423,2.9292610450576717,-116.07073895494233,1.0078517576941661,true,true,votes+seats,false,371,365,false,false,false,false,false
2014,seat_winning,28,4,25,0,0,PSOL|PCdoB|PT|PDT|PSB|PPS|PV|PTB|PT DO B|SOLIDARIEDADE|PMN|PHS|PMDB|PSD|PSDB|PTN|PRTB|PROS|PRP,376.89009977817966,2.1099002218203395,1.0055981842533463,false,false,1,19,PSOL,PRP,"PSOL, PCdoB, PT, PDT, PSB, PPS, PV, PTB, PT DO B, SOLIDARIEDADE, PMN, PHS, PMDB, PSD, PSDB, PTN, PRTB, PROS, PRP",19,71524891,97355354,0.734678557072475,379,0.7387914230019493,376.89009977817966,2.1099002218203395,-119.89009977817966,1.0055981842533463,true,true,votes+seats,false,374,376,false,false,false,false,false
2014,seat_winning,28,4,26,0,0,PSOL|PCdoB|PT|PDT|PSB|PPS|PV|PTB|PT DO B|SOLIDARIEDADE|PMN|PHS|PMDB|PSD|PSDB|PTN|PRTB|PROS|PRP|PR,406.58565454962036,6.414345450379642,1.0157761233791804,false,false,1,20,PSOL,PR,"PSOL, PCdoB, PT, PDT, PSB, PPS, PV, PTB, PT DO B, SOLIDARIEDADE, PMN, PHS, PMDB, PSD, PSDB, PTN, PRTB, PROS, PRP, PR",20,77160410,97355354,0.7925646287516966,413,0.8050682261208577,406.58565454962036,6.414345450379642,-149.58565454962036,1.0157761233791804,true,true,votes+seats,false,408,379,false,false,false,false,false
2014,seat_winning,28,4,27,0,0,PSOL|PCdoB|PT|PDT|PSB|PPS|PV|PTB|PT DO B|SOLIDARIEDADE|PMN|PHS|PMDB|PSD|PSDB|PTN|PRTB|PROS|PRP|PR|PRB,429.9016265915894,4.098373408410623,1.0095332819298777,false,false,1,21,PSOL,PRB,"PSOL, PCdoB, PT, PDT, PSB, PPS, PV, PTB, PT DO B, SOLIDARIEDADE, PMN, PHS, PMDB, PSD, PSDB, PTN, PRTB, PROS, PRP, PR, PRB",21,81585234,97355354,0.8380148666502717,434,0.8460038986354775,429.9016265915894,4.098373408410623,-172.90162659158938,1.0095332819298777,true,true,votes+seats,false,429,413,false,false,false,false,false
2014,seat_winning,28,4,28,0,0,PSOL|PCdoB|PT|PDT|PSB|PPS|PV|PTB|PT DO B|SOLIDARIEDADE|PMN|PHS|PMDB|PSD|PSDB|PTN|PRTB|PROS|PRP|PR|PRB|PTC,431.6832853691847,4.316714630815284,1.0099997261351539,false,false,1,22,PSOL,PTC,"PSOL, PCdoB, PT, PDT, PSB, PPS, PV, PTB, PT DO B, SOLIDARIEDADE, PMN, PHS, PMDB, PSD, PSDB, PTN, PRTB, PROS, PRP, PR, PRB, PTC",22,81923351,97355354,0.8414878857099117,436,0.8499025341130604,431.6832853691847,4.316714630815284,-174.68328536918472,1.0099997261351539,true,true,votes+seats,false,431,434,false,false,false,false,false
2014,seat_winning,28,4,29,0,0,PSOL|PCdoB|PT|PDT|PSB|PPS|PV|PTB|PT DO B|SOLIDARIEDADE|PMN|PHS|PMDB|PSD|PSDB|PTN|PRTB|PROS|PRP|PR|PRB|PTC|PSDC,434.3703195922846,3.629680407715398,1.0083561888186152,false,false,1,23,PSOL,PSDC,"PSOL, PCdoB, PT, PDT, PSB, PPS, PV, PTB, PT DO B, SOLIDARIEDADE, PMN, PHS, PMDB, PSD, PSDB, PTN, PRTB, PROS, PRP, PR, PRB, PTC, PSDC",23,82433287,97355354,0.8467257691857399,438,0.8538011695906432,434.3703195922846,3.629680407715398,-177.3703195922846,1.0083561888186152,true,true,votes+seats,false,433,436,false,false,false,false,false
2014,seat_winning,28,4,30,0,0,PSOL|PCdoB|PT|PDT|PSB|PPS|PV|PTB|PT DO B|SOLIDARIEDADE|PMN|PHS|PMDB|PSD|PSDB|PTN|PRTB|PROS|PRP|PR|PRB|PTC|PSDC|PSL,438.6317003274417,0.3682996725582939,1.0008396558485932,false,false,1,24,PSOL,PSL,"PSOL, PCdoB, PT, PDT, PSB, PPS, PV, PTB, PT DO B, SOLIDARIEDADE, PMN, PHS, PMDB, PSD, PSDB, PTN, PRTB, PROS, PRP, PR, PRB, PTC, PSDC, PSL",24,83241997,97355354,0.8550325542445257,439,0.8557504873294347,438.6317003274417,0.3682996725582939,-181.6317003274417,1.0008396558485932,true,true,votes+seats,false,434,438,false,false,false,false,false
2014,seat_winning,28,4,32,0,0,PSOL|PCdoB|PT|PDT|PSB|PPS|PV|PTB|PT DO B|SOLIDARIEDADE|PMN|PHS|PMDB|PSD|PSDB|PTN|PRTB|PROS|PRP|PR|PRB|PTC|PSDC|PSL|PP,472.5125568748895,4.487443125110474,1.0094969817411616,false,false,1,25,PSOL,PP,"PSOL, PCdoB, PT, PDT, PSB, PPS, PV, PTB, PT DO B, SOLIDARIEDADE, PMN, PHS, PMDB, PSD, PSDB, PTN, PRTB, PROS, PRP, PR, PRB, PTC, PSDC, PSL, PP",25,89671788,97355354,0.9210771089179133,477,0.9298245614035088,472.5125568748895,4.487443125110474,-215.51255687488953,1.0094969817411616,true,true,votes+seats,false,472,439,false,false,false,false,false
2014,seat_winning,28,4,33,0,0,PSOL|PCdoB|PT|PDT|PSB|PPS|PV|PTB|PT DO B|SOLIDARIEDADE|PMN|PHS|PMDB|PSD|PSDB|PTN|PRTB|PROS|PRP|PR|PRB|PTC|PSDC|PSL|PP|PSC,485.7935519088144,4.206448091185621,1.0086589212118138,false,false,1,26,PSOL,PSC,"PSOL, PCdoB, PT, PDT, PSB, PPS, PV, PTB, PT DO B, SOLIDARIEDADE, PMN, PHS, PMDB, PSD, PSDB, PTN, PRTB, PROS, PRP, PR, PRB, PTC, PSDC, PSL, PP, PSC",26,92192209,97355354,0.9469659881263438,490,0.9551656920077972,485.7935519088144,4.206448091185621,-228.79355190881438,1.0086589212118138,true,true,votes+seats,false,485,477,false,false,false,false,false
2014,seat_winning,28,4,34,0,0,PSOL|PCdoB|PT|PDT|PSB|PPS|PV|PTB|PT DO B|SOLIDARIEDADE|PMN|PHS|PMDB|PSD|PSDB|PTN|PRTB|PROS|PRP|PR|PRB|PTC|PSDC|PSL|PP|PSC|PEN,489.31339200923657,2.6866079907634344,1.0054905670570993,false,false,1,27,PSOL,PEN,"PSOL, PCdoB, PT, PDT, PSB, PPS, PV, PTB, PT DO B, SOLIDARIEDADE, PMN, PHS, PMDB, PSD, PSDB, PTN, PRTB, PROS, PRP, PR, PRB, PTC, PSDC, PSL, PP, PSC, PEN",27,92860192,97355354,0.9538272748718062,492,0.9590643274853801,489.31339200923657,2.6866079907634344,-232.31339200923657,1.0054905670570993,true,true,votes+seats,false,487,490,false,false,false,false,false
2014,seat_winning,28,4,35,0,0,PSOL|PCdoB|PT|PDT|PSB|PPS|PV|PTB|PT DO B|SOLIDARIEDADE|PMN|PHS|PMDB|PSD|PSDB|PTN|PRTB|PROS|PRP|PR|PRB|PTC|PSDC|PSL|PP|PSC|PEN|DEM,510.8412766595251,2.1587233404749213,1.0042258201110748,false,false,1,28,PSOL,DEM,"PSOL, PCdoB, PT, PDT, PSB, PPS, PV, PTB, PT DO B, SOLIDARIEDADE, PMN, PHS, PMDB, PSD, PSDB, PTN, PRTB, PROS, PRP, PR, PRB, PTC, PSDC, PSL, PP, PSC, PEN, DEM",28,96945679,97355354,0.9957919622992691,513,1.0,510.8412766595251,2.1587233404749213,-253.84127665952508,1.0042258201110748,true,true,votes+seats,false,508,492,false,false,false,false,false
2014,seat_winning,28,5,5,0,0,PCdoB,10.080356700259136,-0.0803567002591361,0.9920283872239293,false,false,2,2,PCdoB,PCdoB,PCdoB,1,1913015,97355354,0.01964981812916011,10,0.01949317738791423,10.080356700259136,-0.0803567002591361,246.91964329974087,0.9920283872239293,false,false,neither,false,0,0,false,false,false,false,false
2014,seat_winning,28,5,6,0,0,PCdoB|PT,81.50208002941471,-2.5020800294147136,0.9693004150506135,false,false,2,3,PCdoB,PT,"PCdoB, PT",2,15467181,97355354,0.1588734503497363,79,0.1539961013645224,81.50208002941471,-2.5020800294147136,175.4979199705853,0.9693004150506135,false,false,neither,false,69,10,false,false,false,false,false
2014,seat_winning,28,5,7,0,0,PCdoB|PT|PDT,100.094190515706,-1.0941905157060035,0.9890683913814727,false,false,2,4,PCdoB,PDT,"PCdoB, PT, PDT",3,18995527,97355354,0.19511538112223392,99,0.19298245614035087,100.094190515706,-1.0941905157060035,156.905809484294,0.9890683913814727,false,false,neither,false,89,79,false,false,false,false,false
2014,seat_winning,28,5,8,0,0,PCdoB|PT|PDT|PSB,133.1218698562793,-0.12186985627928948,0.9990845241551154,false,false,2,5,PCdoB,PSB,"PCdoB, PT, PDT, PSB",4,25263405,97355354,0.25949682233192845,133,0.25925925925925924,133.1218698562793,-0.12186985627928948,123.87813014372071,0.9990845241551154,false,false,neither,false,123,99,false,false,false,false,false
2014,seat_winning,28,5,10,0,0,PCdoB|PT|PDT|PSB|PPS,143.42709104627156,-0.42709104627155625,0.9970222428471776,false,false,2,6,PCdoB,PPS,"PCdoB, PT, PDT, PSB, PPS",5,27219094,97355354,0.27958497279974964,143,0.2787524366471735,143.42709104627156,-0.42709104627155625,113.57290895372844,0.9970222428471776,false,false,neither,false,133,133,false,false,false,false,false
2014,seat_winning,28,5,11,0,0,PCdoB|PT|PDT|PSB|PPS|PV,153.98932506577913,-2.989325065779127,0.9805874526399658,false,false,2,7,PCdoB,PV,"PCdoB, PT, PDT, PSB, PPS, PV",6,29223558,97355354,0.300174122935242,151,0.29434697855750486,153.98932506577913,-2.989325065779127,103.01067493422087,0.9805874526399658,false,false,neither,false,141,143,false,false,false,false,false
2014,seat_winning,28,5,12,0,0,PCdoB|PT|PDT|PSB|PPS|PV|PTB,174.61460068236207,1.3853993176379333,1.0079340405225223,false,false,2,8,PCdoB,PTB,"PCdoB, PT, PDT, PSB, PPS, PV, PTB",7,33137751,97355354,0.3403793385621093,176,0.34307992202729043,174.61460068236207,1.3853993176379333,82.38539931763793,1.0079340405225223,false,false,neither,false,166,151,false,false,false,false,false
2014,seat_winning,28,5,13,0,0,PCdoB|PT|PDT|PSB|PPS|PV|PTB|PT DO B,178.8959364679625,-1.895936467962514,0.9894020149065709,false,false,2,9,PCdoB,PT DO B,"PCdoB, PT, PDT, PSB, PPS, PV, PTB, PT DO B",8,33950248,97355354,0.34872502235470276,177,0.34502923976608185,178.8959364679625,-1.895936467962514,78.10406353203749,0.9894020149065709,false,false,neither,false,167,176,false,false,false,false,false
2014,seat_winning,28,5,14,0,0,PCdoB|PT|PDT|PSB|PPS|PV|PTB|PT DO B|SOLIDARIEDADE,193.06892805299645,-1.0689280529964549,0.9944634899889068,false,false,2,10,PCdoB,SOLIDARIEDADE,"PCdoB, PT, PDT, PSB, PPS, PV, PTB, PT DO B, SOLIDARIEDADE",9,36639949,97355354,0.376352686263151,192,0.3742690058479532,193.06892805299645,-1.0689280529964549,63.931071947003545,0.9944634899889068,false,false,neither,false,182,177,false,false,false,false,false
2014,seat_winning,28,5,15,0,0,PCdoB|PT|PDT|PSB|PPS|PV|PTB|PT DO B|SOLIDARIEDADE|PMN,195.53747897624612,-0.5374789762461205,0.9972512738782348,false,false,2,11,PCdoB,PMN,"PCdoB, PT, PDT, PSB, PPS, PV, PTB, PT DO B, SOLIDARIEDADE, PMN",10,37108422,97355354,0.3811646763669515,195,0.38011695906432746,195.53747897624612,-0.5374789762461205,61.46252102375388,0.9972512738782348,false,false,neither,false,185,192,false,false,false,false,false
2014,seat_winning,28,5,17,0,0,PCdoB|PT|PDT|PSB|PPS|PV|PTB|PT DO B|SOLIDARIEDADE|PMN|PHS,200.50683981899957,-0.5068398189995662,0.9974722068361503,false,false,2,12,PCdoB,PHS,"PCdoB, PT, PDT, PSB, PPS, PV, PTB, PT DO B, SOLIDARIEDADE, PMN, PHS",11,38051490,97355354,0.3908515396081863,200,0.3898635477582846,200.50683981899957,-0.5068398189995662,56.493160181000434,0.9974722068361503,false,false,neither,false,190,195,false,false,false,false,false
2014,seat_winning,28,5,18,0,0,PCdoB|PT|PDT|PSB|PPS|PV|PTB|PT DO B|SOLIDARIEDADE|PMN|PHS|PMDB,257.3734589573779,7.62654104262208,1.0296321970164184,true,false,2,13,PCdoB,PMDB,"PCdoB, PT, PDT, PSB, PPS, PV, PTB, PT DO B, SOLIDARIEDADE, PMN, PHS, PMDB",12,48843439,97355354,0.5017026490397231,265,0.5165692007797271,257.3734589573779,7.62654104262208,-0.37345895737792034,1.0296321970164184,true,true,votes+seats,false,255,200,true,false,true,false,true
2014,seat_winning,28,5,19,0,0,PCdoB|PT|PDT|PSB|PPS|PV|PTB|PT DO B|SOLIDARIEDADE|PMN|PHS|PMDB|PSD,288.8207267573594,12.17927324264059,1.0421689723565875,false,false,2,14,PCdoB,PSD,"PCdoB, PT, PDT, PSB, PPS, PV, PTB, PT DO B, SOLIDARIEDADE, PMN, PHS, PMDB, PSD",13,54811392,97355354,0.5630033659987513,301,0.5867446393762183,288.8207267573594,12.17927324264059,-31.82072675735941,1.0421689723565875,true,true,votes+seats,false,291,265,false,false,false,false,false
2014,seat_winning,28,5,20,0,0,PCdoB|PT|PDT|PSB|PPS|PV|PTB|PT DO B|SOLIDARIEDADE|PMN|PHS|PMDB|PSD|PSDB,347.25111154133344,7.748888458666556,1.0223149421301254,false,false,2,15,PCdoB,PSDB,"PCdoB, PT, PDT, PSB, PPS, PV, PTB, PT DO B, SOLIDARIEDADE, PMN, PHS, PMDB, PSD, PSDB",14,65900107,97355354,0.6769027515425603,355,0.6920077972709552,347.25111154133344,7.748888458666556,-90.25111154133344,1.0223149421301254,true,true,votes+seats,false,345,301,false,false,false,false,false
2014,seat_winning,28,5,21,0,0,PCdoB|PT|PDT|PSB|PPS|PV|PTB|PT DO B|SOLIDARIEDADE|PMN|PHS|PMDB|PSD|PSDB|PTN,351.06181481297887,7.9381851870211335,1.0226119300136645,false,false,2,16,PCdoB,PTN,"PCdoB, PT, PDT, PSB, PPS, PV, PTB, PT DO B, SOLIDARIEDADE, PMN, PHS, PMDB, PSD, PSDB, PTN",15,66623289,97355354,0.6843310230272492,359,0.6998050682261209,351.06181481297887,7.9381851870211335,-94.06181481297887,1.0226119300136645,true,true,votes+seats,false,349,355,false,false,false,false,false
2014,seat_winning,28,5,23,0,0,PCdoB|PT|PDT|PSB|PPS|PV|PTB|PT DO B|SOLIDARIEDADE|PMN|PHS|PMDB|PSD|PSDB|PTN|PRTB,353.4551035272287,6.544896472771313,1.0185169103726555,false,false,2,17,PCdoB,PRTB,"PCdoB, PT, PDT, PSB, PPS, PV, PTB, PT DO B, SOLIDARIEDADE, PMN, PHS, PMDB, PSD, PSDB, PTN, PRTB",16,67077479,97355354,0.6889963031719858,360,0.7017543859649122,353.4551035272287,6.544896472771313,-96.45510352722869,1.0185169103726555,true,true,votes+seats,false,350,359,false,false,false,false,false
2014,seat_winning,28,5,24,0,0,PCdoB|PT|PDT|PSB|PPS|PV|PTB|PT DO B|SOLIDARIEDADE|PMN|PHS|PMDB|PSD|PSDB|PTN|PRTB|PROS,363.8732364734661,7.126763526533921,1.019585841474916,false,false,2,18,PCdoB,PROS,"PCdoB, PT, PDT, PSB, PPS, PV, PTB, PT DO B, SOLIDARIEDADE, PMN, PHS, PMDB, PSD, PSDB, PTN, PRTB, PROS",17,69054596,97355354,0.7093045545291736,371,0.723196881091618,363.8732364734661,7.126763526533921,-106.87323647346608,1.019585841474916,true,true,votes+seats,false,361,360,false,false,false,false,false
2014,seat_winning,28,5,25,0,0,PCdoB|PT|PDT|PSB|PPS|PV|PTB|PT DO B|SOLIDARIEDADE|PMN|PHS|PMDB|PSD|PSDB|PTN|PRTB|PROS|PRP,367.6925972967034,6.307402703296589,1.0171540105775014,false,false,2,19,PCdoB,PRP,"PCdoB, PT, PDT, PSB, PPS, PV, PTB, PT DO B, SOLIDARIEDADE, PMN, PHS, PMDB, PSD, PSDB, PTN, PRTB, PROS, PRP",18,69779421,97355354,0.7167497023327551,374,0.7290448343079922,367.6925972967034,6.307402703296589,-110.69259729670341,1.0171540105775014,true,true,votes+seats,false,364,371,false,false,false,false,false
2014,seat_winning,28,5,26,0,0,PCdoB|PT|PDT|PSB|PPS|PV|PTB|PT DO B|SOLIDARIEDADE|PMN|PHS|PMDB|PSD|PSDB|PTN|PRTB|PROS|PRP|PR,397.3881520681441,10.611847931855891,1.026703986710797,false,false,2,20,PCdoB,PR,"PCdoB, PT, PDT, PSB, PPS, PV, PTB, PT DO B, SOLIDARIEDADE, PMN, PHS, PMDB, PSD, PSDB, PTN, PRTB, PROS, PRP, PR",19,75414940,97355354,0.7746357740119768,408,0.7953216374269005,397.3881520681441,10.611847931855891,-140.3881520681441,1.026703986710797,true,true,votes+seats,false,398,374,false,false,false,false,false
2014,seat_winning,28,5,27,0,0,PCdoB|PT|PDT|PSB|PPS|PV|PTB|PT DO B|SOLIDARIEDADE|PMN|PHS|PMDB|PSD|PSDB|PTN|PRTB|PROS|PRP|PR|PRB,420.7041241101132,8.295875889886815,1.019719026780245,false,false,2,21,PCdoB,PRB,"PCdoB, PT, PDT, PSB, PPS, PV, PTB, PT DO B, SOLIDARIEDADE, PMN, PHS, PMDB, PSD, PSDB, PTN, PRTB, PROS, PRP, PR, PRB",20,79839764,97355354,0.820086011910552,429,0.8362573099415205,420.7041241101132,8.295875889886815,-163.70412411011318,1.019719026780245,true,true,votes+seats,false,419,408,false,false,false,false,false
2014,seat_winning,28,5,28,0,0,PCdoB|PT|PDT|PSB|PPS|PV|PTB|PT DO B|SOLIDARIEDADE|PMN|PHS|PMDB|PSD|PSDB|PTN|PRTB|PROS|PRP|PR|PRB|PTC,422.48578288770847,8.514217112291533,1.0201526713019702,false,false,2,22,PCdoB,PTC,"PCdoB, PT, PDT, PSB, PPS, PV, PTB, PT DO B, SOLIDARIEDADE, PMN, PHS, PMDB, PSD, PSDB, PTN, PRTB, PROS, PRP, PR, PRB, PTC",21,80177881,97355354,0.8235590309701919,431,0.8401559454191033,422.48578288770847,8.514217112291533,-165.48578288770847,1.0201526713019702,true,true,votes+seats,false,421,429,false,false,false,false,false
2014,seat_winning,28,5,29,0,0,PCdoB|PT|PDT|PSB|PPS|PV|PTB|PT DO B|SOLIDARIEDADE|PMN|PHS|PMDB|PSD|PSDB|PTN|PRTB|PROS|PRP|PR|PRB|PTC|PSDC,425.1728171108083,7.827182889191704,1.0184094151229612,false,false,2,23,PCdoB,PSDC,"PCdoB, PT, PDT, PSB, PPS, PV, PTB, PT DO B, SOLIDARIEDADE, PMN, PHS, PMDB, PSD, PSDB, PTN, PRTB, PROS, PRP, PR, PRB, PTC, PSDC",22,80687817,97355354,0.8287969144460201,433,0.8440545808966862,425.1728171108083,7.827182889191704,-168.1728171108083,1.0184094151229612,true,true,votes+seats,false,423,431,false,false,false,false,false
2014,seat_winning,28,5,30,0,0,PCdoB|PT|PDT|PSB|PPS|PV|PTB|PT DO B|SOLIDARIEDADE|PMN|PHS|PMDB|PSD|PSDB|PTN|PRTB|PROS|PRP|PR|PRB|PTC|PSDC|PSL,429.4341978459654,4.5658021540346,1.0106321345084686,false,false,2,24,PCdoB,PSL,"PCdoB, PT, PDT, PSB, PPS, PV, PTB, PT DO B, SOLIDARIEDADE, PMN, PHS, PMDB, PSD, PSDB, PTN, PRTB, PROS, PRP, PR, PRB, PTC, PSDC, PSL",23,81496527,97355354,0.8371036995048059,434,0.8460038986354775,429.4341978459654,4.5658021540346,-172.4341978459654,1.0106321345084686,true,true,votes+seats,false,424,433,false,false,false,false,false
2014,seat_winning,28,5,32,0,0,PCdoB|PT|PDT|PSB|PPS|PV|PTB|PT DO B|SOLIDARIEDADE|PMN|PHS|PMDB|PSD|PSDB|PTN|PRTB|PROS|PRP|PR|PRB|PTC|PSDC|PSL|PP,463.3150543934132,8.68494560658678,1.018745226437672,false,false,2,25,PCdoB,PP,"PCdoB, PT, PDT, PSB, PPS, PV, PTB, PT DO B, SOLIDARIEDADE, PMN, PHS, PMDB, PSD, PSDB, PTN, PRTB, PROS, PRP, PR, PRB, PTC, PSDC, PSL, PP",24,87926318,97355354,0.9031482541781934,472,0.9200779727095516,463.3150543934132,8.68494560658678,-206.31505439341322,1.018745226437672,true,true,votes+seats,false,462,434,false,false,false,false,false
2014,seat_winning,28,5,33,0,0,PCdoB|PT|PDT|PSB|PPS|PV|PTB|PT DO B|SOLIDARIEDADE|PMN|PHS|PMDB|PSD|PSDB|PTN|PRTB|PROS|PRP|PR|PRB|PTC|PSDC|PSL|PP|PSC,476.5960494273381,8.403950572661927,1.017633277872865,false,false,2,26,PCdoB,PSC,"PCdoB, PT, PDT, PSB, PPS, PV, PTB, PT DO B, SOLIDARIEDADE, PMN, PHS, PMDB, PSD, PSDB, PTN, PRTB, PROS, PRP, PR, PRB, PTC, PSDC, PSL, PP, PSC",25,90446739,97355354,0.929037133386624,485,0.9454191033138402,476.5960494273381,8.403950572661927,-219.59604942733807,1.017633277872865,true,true,votes+seats,false,475,472,false,false,false,false,false
2014,seat_winning,28,5,34,0,0,PCdoB|PT|PDT|PSB|PPS|PV|PTB|PT DO B|SOLIDARIEDADE|PMN|PHS|PMDB|PSD|PSDB|PTN|PRTB|PROS|PRP|PR|PRB|PTC|PSDC|PSL|PP|PSC|PEN,480.1158895277604,6.884110472239627,1.0143384349953732,false,false,2,27,PCdoB,PEN,"PCdoB, PT, PDT, PSB, PPS, PV, PTB, PT DO B, SOLIDARIEDADE, PMN, PHS, PMDB, PSD, PSDB, PTN, PRTB, PROS, PRP, PR, PRB, PTC, PSDC, PSL, PP, PSC, PEN",26,91114722,97355354,0.9358984201320865,487,0.949317738791423,480.1158895277604,6.884110472239627,-223.11588952776037,1.0143384349953732,true,true,votes+seats,false,477,485,false,false,false,false,false
2014,seat_winning,28,5,35,0,0,PCdoB|PT|PDT|PSB|PPS|PV|PTB|PT DO B|SOLIDARIEDADE|PMN|PHS|PMDB|PSD|PSDB|PTN|PRTB|PROS|PRP|PR|PRB|PTC|PSDC|PSL|PP|PSC|PEN|DEM,501.6437741780488,6.356225821951227,1.0126707957900325,false,false,2,28,PCdoB,DEM,"PCdoB, PT, PDT, PSB, PPS, PV, PTB, PT DO B, SOLIDARIEDADE, PMN, PHS, PMDB, PSD, PSDB, PTN, PRTB, PROS, PRP, PR, PRB, PTC, PSDC, PSL, PP, PSC, PEN, DEM",27,95200209,97355354,0.9778631075595493,508,0.9902534113060428,501.6437741780488,6.356225821951227,-244.64377417804877,1.0126707957900325,true,true,votes+seats,false,498,487,false,false,false,false,false
2014,seat_winning,28,6,6,0,0,PT,71.42172332915558,-2.421723329155583,0.9660926225765405,false,false,3,3,PT,PT,PT,1,13554166,97355354,0.13922363222057618,69,0.13450292397660818,71.42172332915558,-2.421723329155583,185.57827667084442,0.9660926225765405,false,false,neither,false,0,0,false,false,false,false,false
2014,seat_winning,28,6,7,0,0,PT|PDT,90.01383381544686,-1.0138338154468585,0.9887369110671866,false,false,3,4,PT,PDT,"PT, PDT",2,17082512,97355354,0.1754655629930738,89,0.17348927875243664,90.01383381544686,-1.0138338154468585,166.98616618455316,0.9887369110671866,false,false,neither,false,20,69,false,false,false,false,false
2014,seat_winning,28,6,8,0,0,PT|PDT|PSB,123.04151315602016,-0.041513156020158704,0.9996626085379207,false,false,3,5,PT,PSB,"PT, PDT, PSB",3,23350390,97355354,0.23984700420276833,123,0.23976608187134502,123.04151315602016,-0.041513156020158704,133.95848684397984,0.9996626085379207,false,false,neither,false,54,89,false,false,false,false,false
2014,seat_winning,28,6,10,0,0,PT|PDT|PSB|PPS,133.34673434601245,-0.3467343460124539,0.9973997537494039,false,false,3,6,PT,PPS,"PT, PDT, PSB, PPS",4,25306079,97355354,0.2599351546705896,133,0.25925925925925924,133.34673434601245,-0.3467343460124539,123.65326565398755,0.9973997537494039,false,false,neither,false,64,123,false,false,false,false,false
2014,seat_winning,28,6,11,0,0,PT|PDT|PSB|PPS|PV,143.90896836552,-2.9089683655199963,0.9797860522623483,false,false,3,7,PT,PV,"PT, PDT, PSB, PPS, PV",5,27310543,97355354,0.28052430480608187,141,0.27485380116959063,143.90896836552,-2.9089683655199963,113.09103163448,0.9797860522623483,false,false,neither,false,72,133,false,false,false,false,false
2014,seat_winning,28,6,12,0,0,PT|PDT|PSB|PPS|PV|PTB,164.53424398210294,1.4657560178970641,1.0089085164426714,false,false,3,8,PT,PTB,"PT, PDT, PSB, PPS, PV, PTB",6,31224736,97355354,0.32072952043294917,166,0.3235867446393762,164.53424398210294,1.4657560178970641,92.46575601789706,1.0089085164426714,false,false,neither,false,97,141,false,false,false,false,false
2014,seat_winning,28,6,13,0,0,PT|PDT|PSB|PPS|PV|PTB|PT DO B,168.81557976770338,-1.8155797677033831,0.9892451883279867,false,false,3,9,PT,PT DO B,"PT, PDT, PSB, PPS, PV, PTB, PT DO B",7,32037233,97355354,0.32907520422554265,167,0.3255360623781676,168.81557976770338,-1.8155797677033831,88.18442023229662,0.9892451883279867,false,false,neither,false,98,166,false,false,false,false,false
2014,seat_winning,28,6,14,0,0,PT|PDT|PSB|PPS|PV|PTB|PT DO B|SOLIDARIEDADE,182.98857135273732,-0.9885713527373241,0.9945976333634973,false,false,3,10,PT,SOLIDARIEDADE,"PT, PDT, PSB, PPS, PV, PTB, PT DO B, SOLIDARIEDADE",8,34726934,97355354,0.3567028681339909,182,0.35477582846003897,182.98857135273732,-0.9885713527373241,74.01142864726268,0.9945976333634973,false,false,neither,false,113,167,false,false,false,false,false
2014,seat_winning,28,6,15,0,0,PT|PDT|PSB|PPS|PV|PTB|PT DO B|SOLIDARIEDADE|PMN,185.45712227598702,-0.45712227598701816,0.9975351592304622,false,false,3,11,PT,PMN,"PT, PDT, PSB, PPS, PV, PTB, PT DO B, SOLIDARIEDADE, PMN",9,35195407,97355354,0.36151485823779145,185,0.36062378167641324,185.45712227598702,-0.45712227598701816,71.54287772401298,0.9975351592304622,false,false,neither,false,116,182,false,false,false,false,false
2014,seat_winning,28,6,17,0,0,PT|PDT|PSB|PPS|PV|PTB|PT DO B|SOLIDARIEDADE|PMN|PHS,190.42648311874044,-0.42648311874043543,0.9977603791670379,false,false,3,12,PT,PHS,"PT, PDT, PSB, PPS, PV, PTB, PT DO B, SOLIDARIEDADE, PMN, PHS",10,36138475,97355354,0.3712017214790262,190,0.37037037037037035,190.42648311874044,-0.42648311874043543,66.57351688125956,0.9977603791670379,false,false,neither,false,121,185,false,false,false,false,false
2014,seat_winning,28,6,18,0,0,PT|PDT|PSB|PPS|PV|PTB|PT DO B|SOLIDARIEDADE|PMN|PHS|PMDB,247.2931022571188,7.70689774288121,1.0311650332036681,false,false,3,13,PT,PMDB,"PT, PDT, PSB, PPS, PV, PTB, PT DO B, SOLIDARIEDADE, PMN, PHS, PMDB",11,46930424,97355354,0.48205283091056295,255,0.49707602339181284,247.2931022571188,7.70689774288121,9.70689774288121,1.0311650332036681,false,false,neither,false,186,190,false,false,false,false,false
2014,seat_winning,28,6,19,0,0,PT|PDT|PSB|PPS|PV|PTB|PT DO B|SOLIDARIEDADE|PMN|PHS|PMDB|PSD,278.7403700571003,12.259629942899721,1.0439822546708548,true,false,3,14,PT,PSD,"PT, PDT, PSB, PPS, PV, PTB, PT DO B, SOLIDARIEDADE, PMN, PHS, PMDB, PSD",12,52898377,97355354,0.5433535478695912,291,0.5672514619883041,278.7403700571003,12.259629942899721,-21.74037005710028,1.0439822546708548,true,true,votes+seats,false,222,255,true,false,true,false,true
2014,seat_winning,28,6,20,0,0,PT|PDT|PSB|PPS|PV|PTB|PT DO B|SOLIDARIEDADE|PMN|PHS|PMDB|PSD|PSDB,337.1707548410743,7.829245158925687,1.023220415906522,false,false,3,15,PT,PSDB,"PT, PDT, PSB, PPS, PV, PTB, PT DO B, SOLIDARIEDADE, PMN, PHS, PMDB, PSD, PSDB",13,63987092,97355354,0.6572529334134002,345,0.672514619883041,337.1707548410743,7.829245158925687,-80.17075484107431,1.023220415906522,true,true,votes+seats,false,276,291,false,false,false,false,false
2014,seat_winning,28,6,21,0,0,PT|PDT|PSB|PPS|PV|PTB|PT DO B|SOLIDARIEDADE|PMN|PHS|PMDB|PSD|PSDB|PTN,340.98145811271974,8.018541887280264,1.0235160642800394,false,false,3,16,PT,PTN,"PT, PDT, PSB, PPS, PV, PTB, PT DO B, SOLIDARIEDADE, PMN, PHS, PMDB, PSD, PSDB, PTN",14,64710274,97355354,0.6646812048980891,349,0.6803118908382066,340.98145811271974,8.018541887280264,-83.98145811271974,1.0235160642800394,true,true,votes+seats,false,280,345,false,false,false,false,false
2014,seat_winning,28,6,23,0,0,PT|PDT|PSB|PPS|PV|PTB|PT DO B|SOLIDARIEDADE|PMN|PHS|PMDB|PSD|PSDB|PTN|PRTB,343.37474682696956,6.625253173030444,1.0192945265610025,false,false,3,17,PT,PRTB,"PT, PDT, PSB, PPS, PV, PTB, PT DO B, SOLIDARIEDADE, PMN, PHS, PMDB, PSD, PSDB, PTN, PRTB",15,65164464,97355354,0.6693464850428257,350,0.682261208576998,343.37474682696956,6.625253173030444,-86.37474682696956,1.0192945265610025,true,true,votes+seats,false,281,349,false,false,false,false,false
2014,seat_winning,28,6,24,0,0,PT|PDT|PSB|PPS|PV|PTB|PT DO B|SOLIDARIEDADE|PMN|PHS|PMDB|PSD|PSDB|PTN|PRTB|PROS,353.79287977320695,7.207120226793052,1.0203710154693137,false,false,3,18,PT,PROS,"PT, PDT, PSB, PPS, PV, PTB, PT DO B, SOLIDARIEDADE, PMN, PHS, PMDB, PSD, PSDB, PTN, PRTB, PROS",16,67141581,97355354,0.6896547364000135,361,0.7037037037037037,353.79287977320695,7.207120226793052,-96.79287977320695,1.0203710154693137,true,true,votes+seats,false,292,350,false,false,false,false,false
2014,seat_winning,28,6,25,0,0,PT|PDT|PSB|PPS|PV|PTB|PT DO B|SOLIDARIEDADE|PMN|PHS|PMDB|PSD|PSDB|PTN|PRTB|PROS|PRP,357.6122405964442,6.387759403555776,1.0178622504445092,false,false,3,19,PT,PRP,"PT, PDT, PSB, PPS, PV, PTB, PT DO B, SOLIDARIEDADE, PMN, PHS, PMDB, PSD, PSDB, PTN, PRTB, PROS, PRP",17,67866406,97355354,0.697099884203595,364,0.7095516569200779,357.6122405964442,6.387759403555776,-100.61224059644422,1.0178622504445092,true,true,votes+seats,false,295,361,false,false,false,false,false
2014,seat_winning,28,6,26,0,0,PT|PDT|PSB|PPS|PV|PTB|PT DO B|SOLIDARIEDADE|PMN|PHS|PMDB|PSD|PSDB|PTN|PRTB|PROS|PRP|PR,387.307795367885,10.692204632115022,1.0276064792911255,false,false,3,20,PT,PR,"PT, PDT, PSB, PPS, PV, PTB, PT DO B, SOLIDARIEDADE, PMN, PHS, PMDB, PSD, PSDB, PTN, PRTB, PROS, PRP, PR",18,73501925,97355354,0.7549859558828167,398,0.7758284600389863,387.307795367885,10.692204632115022,-130.30779536788498,1.0276064792911255,true,true,votes+seats,false,329,364,false,false,false,false,false
2014,seat_winning,28,6,27,0,0,PT|PDT|PSB|PPS|PV|PTB|PT DO B|SOLIDARIEDADE|PMN|PHS|PMDB|PSD|PSDB|PTN|PRTB|PROS|PRP|PR|PRB,410.623767409854,8.376232590146003,1.0203988011774912,false,false,3,21,PT,PRB,"PT, PDT, PSB, PPS, PV, PTB, PT DO B, SOLIDARIEDADE, PMN, PHS, PMDB, PSD, PSDB, PTN, PRTB, PROS, PRP, PR, PRB",19,77926749,97355354,0.8004361937813919,419,0.8167641325536062,410.623767409854,8.376232590146003,-153.623767409854,1.0203988011774912,true,true,votes+seats,false,350,398,false,false,false,false,false
2014,seat_winning,28,6,28,0,0,PT|PDT|PSB|PPS|PV|PTB|PT DO B|SOLIDARIEDADE|PMN|PHS|PMDB|PSD|PSDB|PTN|PRTB|PROS|PRP|PR|PRB|PTC,412.4054261874493,8.59457381255072,1.0208401084631806,false,false,3,22,PT,PTC,"PT, PDT, PSB, PPS, PV, PTB, PT DO B, SOLIDARIEDADE, PMN, PHS, PMDB, PSD, PSDB, PTN, PRTB, PROS, PRP, PR, PRB, PTC",20,78264866,97355354,0.8039092128410318,421,0.8206627680311891,412.4054261874493,8.59457381255072,-155.40542618744928,1.0208401084631806,true,true,votes+seats,false,352,419,false,false,false,false,false
2014,seat_winning,28,6,29,0,0,PT|PDT|PSB|PPS|PV|PTB|PT DO B|SOLIDARIEDADE|PMN|PHS|PMDB|PSD|PSDB|PTN|PRTB|PROS|PRP|PR|PRB|PTC|PSDC,415.09246041054917,7.907539589450835,1.0190500679815524,false,false,3,23,PT,PSDC,"PT, PDT, PSB, PPS, PV, PTB, PT DO B, SOLIDARIEDADE, PMN, PHS, PMDB, PSD, PSDB, PTN, PRTB, PROS, PRP, PR, PRB, PTC, PSDC",21,78774802,97355354,0.80914709631686,423,0.8245614035087719,415.09246041054917,7.907539589450835,-158.09246041054917,1.0190500679815524,true,true,votes+seats,false,354,421,false,false,false,false,false
2014,seat_winning,28,6,30,0,0,PT|PDT|PSB|PPS|PV|PTB|PT DO B|SOLIDARIEDADE|PMN|PHS|PMDB|PSD|PSDB|PTN|PRTB|PROS|PRP|PR|PRB|PTC|PSDC|PSL,419.35384114570627,4.646158854293731,1.0110793282388926,false,false,3,24,PT,PSL,"PT, PDT, PSB, PPS, PV, PTB, PT DO B, SOLIDARIEDADE, PMN, PHS, PMDB, PSD, PSDB, PTN, PRTB, PROS, PRP, PR, PRB, PTC, PSDC, PSL",22,79583512,97355354,0.8174538813756458,424,0.8265107212475633,419.35384114570627,4.646158854293731,-162.35384114570627,1.0110793282388926,true,true,votes+seats,false,355,423,false,false,false,false,false
2014,seat_winning,28,6,32,0,0,PT|PDT|PSB|PPS|PV|PTB|PT DO B|SOLIDARIEDADE|PMN|PHS|PMDB|PSD|PSDB|PTN|PRTB|PROS|PRP|PR|PRB|PTC|PSDC|PSL|PP,453.2346976931541,8.76530230684591,1.019339433524086,false,false,3,25,PT,PP,"PT, PDT, PSB, PPS, PV, PTB, PT DO B, SOLIDARIEDADE, PMN, PHS, PMDB, PSD, PSDB, PTN, PRTB, PROS, PRP, PR, PRB, PTC, PSDC, PSL, PP",23,86013303,97355354,0.8834984360490333,462,0.9005847953216374,453.2346976931541,8.76530230684591,-196.2346976931541,1.019339433524086,true,true,votes+seats,false,393,424,false,false,false,false,false
2014,seat_winning,28,6,33,0,0,PT|PDT|PSB|PPS|PV|PTB|PT DO B|SOLIDARIEDADE|PMN|PHS|PMDB|PSD|PSDB|PTN|PRTB|PROS|PRP|PR|PRB|PTC|PSDC|PSL|PP|PSC,466.51569272707894,8.484307272921058,1.0181865420717682,false,false,3,26,PT,PSC,"PT, PDT, PSB, PPS, PV, PTB, PT DO B, SOLIDARIEDADE, PMN, PHS, PMDB, PSD, PSDB, PTN, PRTB, PROS, PRP, PR, PRB, PTC, PSDC, PSL, PP, PSC",24,88533724,97355354,0.9093873152574639,475,0.9259259259259259,466.51569272707894,8.484307272921058,-209.51569272707894,1.0181865420717682,true,true,votes+seats,false,406,462,false,false,false,false,false
2014,seat_winning,28,6,34,0,0,PT|PDT|PSB|PPS|PV|PTB|PT DO B|SOLIDARIEDADE|PMN|PHS|PMDB|PSD|PSDB|PTN|PRTB|PROS|PRP|PR|PRB|PTC|PSDC|PSL|PP|PSC|PEN,470.03553282750124,6.9644671724987575,1.0148168950772807,false,false,3,27,PT,PEN,"PT, PDT, PSB, PPS, PV, PTB, PT DO B, SOLIDARIEDADE, PMN, PHS, PMDB, PSD, PSDB, PTN, PRTB, PROS, PRP, PR, PRB, PTC, PSDC, PSL, PP, PSC, PEN",25,89201707,97355354,0.9162486020029263,477,0.9298245614035088,470.03553282750124,6.9644671724987575,-213.03553282750124,1.0148168950772807,true,true,votes+seats,false,408,475,false,false,false,false,false
2014,seat_winning,28,6,35,0,0,PT|PDT|PSB|PPS|PV|PTB|PT DO B|SOLIDARIEDADE|PMN|PHS|PMDB|PSD|PSDB|PTN|PRTB|PROS|PRP|PR|PRB|PTC|PSDC|PSL|PP|PSC|PEN|DEM,491.56341747778964,6.436582522210358,1.0130941040227046,false,false,3,28,PT,DEM,"PT, PDT, PSB, PPS, PV, PTB, PT DO B, SOLIDARIEDADE, PMN, PHS, PMDB, PSD, PSDB, PTN, PRTB, PROS, PRP, PR, PRB, PTC, PSDC, PSL, PP, PSC, PEN, DEM",26,93287194,97355354,0.9582132894303892,498,0.9707602339181286,491.56341747778964,6.436582522210358,-234.56341747778964,1.0130941040227046,true,true,votes+seats,false,429,477,false,false,false,false,false
2014,seat_winning,28,7,7,0,0,PDT,18.592110486291283,1.4078895137087173,1.075725104729063,false,false,4,4,PDT,PDT,PDT,1,3528346,97355354,0.03624193077249763,20,0.03898635477582846,18.592110486291283,1.4078895137087173,238.4078895137087,1.075725104729063,false,false,neither,false,0,0,false,false,false,false,false
2014,seat_winning,28,7,8,0,0,PDT|PSB,51.61978982686458,2.380210173135417,1.046110419688239,false,false,4,5,PDT,PSB,"PDT, PSB",2,9796224,97355354,0.10062337198219216,54,0.10526315789473684,51.61978982686458,2.380210173135417,205.38021017313542,1.046110419688239,false,false,neither,false,34,20,false,false,false,false,false
2014,seat_winning,28,7,10,0,0,PDT|PSB|PPS,61.925011016856864,2.074988983143136,1.0335080922727378,false,false,4,6,PDT,PPS,"PDT, PSB, PPS",3,11751913,97355354,0.12071152245001338,64,0.12475633528265107,61.925011016856864,2.074988983143136,195.07498898314313,1.0335080922727378,false,false,neither,false,44,54,false,false,false,false,false
2014,seat_winning,28,7,11,0,0,PDT|PSB|PPS|PV,72.4872450363644,-0.4872450363643992,0.993278196238249,false,false,4,7,PDT,PV,"PDT, PSB, PPS, PV",4,13756377,97355354,0.14130067258550566,72,0.14035087719298245,72.4872450363644,-0.4872450363643992,184.5127549636356,0.993278196238249,false,false,neither,false,52,64,false,false,false,false,false
2014,seat_winning,28,7,12,0,0,PDT|PSB|PPS|PV|PTB,93.11252065294734,3.887479347052661,1.0417503394795016,false,false,4,8,PDT,PTB,"PDT, PSB, PPS, PV, PTB",5,17670570,97355354,0.18150588821237298,97,0.18908382066276802,93.11252065294734,3.887479347052661,163.88747934705265,1.0417503394795016,false,false,neither,false,77,72,false,false,false,false,false
2014,seat_winning,28,7,13,0,0,PDT|PSB|PPS|PV|PTB|PT DO B,97.3938564385478,0.6061435614521997,1.0062236324098601,false,false,4,9,PDT,PT DO B,"PDT, PSB, PPS, PV, PTB, PT DO B",6,18483067,97355354,0.18985157200496647,98,0.19103313840155944,97.3938564385478,0.6061435614521997,159.6061435614522,1.0062236324098601,false,false,neither,false,78,97,false,false,false,false,false
2014,seat_winning,28,7,14,0,0,PDT|PSB|PPS|PV|PTB|PT DO B|SOLIDARIEDADE,111.56684802358174,1.4331519764182588,1.0128456795347964,false,false,4,10,PDT,SOLIDARIEDADE,"PDT, PSB, PPS, PV, PTB, PT DO B, SOLIDARIEDADE",7,21172768,97355354,0.2174792359134147,113,0.2202729044834308,111.56684802358174,1.4331519764182588,145.43315197641826,1.0128456795347964,false,false,neither,false,93,98,false,false,false,false,false
2014,seat_winning,28,7,15,0,0,PDT|PSB|PPS|PV|PTB|PT DO B|SOLIDARIEDADE|PMN,114.03539894683142,1.964601053168579,1.0172279929856216,false,false,4,11,PDT,PMN,"PDT, PSB, PPS, PV, PTB, PT DO B, SOLIDARIEDADE, PMN",8,21641241,97355354,0.22229122601721524,116,0.22612085769980506,114.03539894683142,1.964601053168579,142.96460105316856,1.0172279929856216,false,false,neither,false,96,113,false,false,false,false,false
2014,seat_winning,28,7,17,0,0,PDT|PSB|PPS|PV|PTB|PT DO B|SOLIDARIEDADE|PMN|PHS,119.00475978958487,1.9952402104151332,1.0167660538447618,false,false,4,12,PDT,PHS,"PDT, PSB, PPS, PV, PTB, PT DO B, SOLIDARIEDADE, PMN, PHS",9,22584309,97355354,0.23197808925845004,121,0.23586744639376217,119.00475978958487,1.9952402104151332,137.99524021041515,1.0167660538447618,false,false,neither,false,101,116,false,false,false,false,false
2014,seat_winning,28,7,18,0,0,PDT|PSB|PPS|PV|PTB|PT DO B|SOLIDARIEDADE|PMN|PHS|PMDB,175.87137892796324,10.128621072036765,1.057591071007554,false,false,4,13,PDT,PMDB,"PDT, PSB, PPS, PV, PTB, PT DO B, SOLIDARIEDADE, PMN, PHS, PMDB",10,33376258,97355354,0.3428291986899868,186,0.36257309941520466,175.87137892796324,10.128621072036765,81.12862107203676,1.057591071007554,false,false,neither,false,166,121,false,false,false,false,false
2014,seat_winning,28,7,19,0,0,PDT|PSB|PPS|PV|PTB|PT DO B|SOLIDARIEDADE|PMN|PHS|PMDB|PSD,207.31864672794472,14.681353272055276,1.0708154018163207,false,false,4,14,PDT,PSD,"PDT, PSB, PPS, PV, PTB, PT DO B, SOLIDARIEDADE, PMN, PHS, PMDB, PSD",11,39344211,97355354,0.40412991564901507,222,0.4327485380116959,207.31864672794472,14.681353272055276,49.681353272055276,1.0708154018163207,false,false,neither,false,202,186,false,false,false,false,false
2014,seat_winning,28,7,20,0,0,PDT|PSB|PPS|PV|PTB|PT DO B|SOLIDARIEDADE|PMN|PHS|PMDB|PSD|PSDB,265.7490315119187,10.250968488081298,1.0385738696008062,true,false,4,15,PDT,PSDB,"PDT, PSB, PPS, PV, PTB, PT DO B, SOLIDARIEDADE, PMN, PHS, PMDB, PSD, PSDB",12,50432926,97355354,0.518029301192824,276,0.5380116959064327,265.7490315119187,10.250968488081298,-8.749031511918702,1.0385738696008062,true,true,votes+seats,false,256,222,true,false,true,false,true
2014,seat_winning,28,7,21,0,0,PDT|PSB|PPS|PV|PTB|PT DO B|SOLIDARIEDADE|PMN|PHS|PMDB|PSD|PSDB|PTN,269.5597347835641,10.440265216435876,1.0387308038599259,false,false,4,16,PDT,PTN,"PDT, PSB, PPS, PV, PTB, PT DO B, SOLIDARIEDADE, PMN, PHS, PMDB, PSD, PSDB, PTN",13,51156108,97355354,0.5254575726775129,280,0.5458089668615984,269.5597347835641,10.440265216435876,-12.559734783564124,1.0387308038599259,true,true,votes+seats,false,260,276,false,false,false,false,false
2014,seat_winning,28,7,23,0,0,PDT|PSB|PPS|PV|PTB|PT DO B|SOLIDARIEDADE|PMN|PHS|PMDB|PSD|PSDB|PTN|PRTB,271.953023497814,9.046976502185998,1.0332666884369415,false,false,4,17,PDT,PRTB,"PDT, PSB, PPS, PV, PTB, PT DO B, SOLIDARIEDADE, PMN, PHS, PMDB, PSD, PSDB, PTN, PRTB",14,51610298,97355354,0.5301228528222495,281,0.5477582846003899,271.953023497814,9.046976502185998,-14.953023497814002,1.0332666884369415,true,true,votes+seats,false,261,280,false,false,false,false,false
2014,seat_winning,28,7,24,0,0,PDT|PSB|PPS|PV|PTB|PT DO B|SOLIDARIEDADE|PMN|PHS|PMDB|PSD|PSDB|PTN|PRTB|PROS,282.37115644405134,9.628843555948663,1.0340999543905487,false,false,4,18,PDT,PROS,"PDT, PSB, PPS, PV, PTB, PT DO B, SOLIDARIEDADE, PMN, PHS, PMDB, PSD, PSDB, PTN, PRTB, PROS",15,53587415,97355354,0.5504311041794373,292,0.5692007797270955,282.37115644405134,9.628843555948663,-25.371156444051337,1.0340999543905487,true,true,votes+seats,false,272,281,false,false,false,false,false
2014,seat_winning,28,7,25,0,0,PDT|PSB|PPS|PV|PTB|PT DO B|SOLIDARIEDADE|PMN|PHS|PMDB|PSD|PSDB|PTN|PRTB|PROS|PRP,286.19051726728867,8.80948273271133,1.0307818820023436,false,false,4,19,PDT,PRP,"PDT, PSB, PPS, PV, PTB, PT DO B, SOLIDARIEDADE, PMN, PHS, PMDB, PSD, PSDB, PTN, PRTB, PROS, PRP",16,54312240,97355354,0.5578762519830188,295,0.5750487329434698,286.19051726728867,8.80948273271133,-29.19051726728867,1.0307818820023436,true,true,votes+seats,false,275,292,false,false,false,false,false
2014,seat_winning,28,7,26,0,0,PDT|PSB|PPS|PV|PTB|PT DO B|SOLIDARIEDADE|PMN|PHS|PMDB|PSD|PSDB|PTN|PRTB|PROS|PRP|PR,315.88607203872937,13.113927961270633,1.0415147394015611,false,false,4,20,PDT,PR,"PDT, PSB, PPS, PV, PTB, PT DO B, SOLIDARIEDADE, PMN, PHS, PMDB, PSD, PSDB, PTN, PRTB, PROS, PRP, PR",17,59947759,97355354,0.6157623236622405,329,0.6413255360623782,315.88607203872937,13.113927961270633,-58.88607203872937,1.0415147394015611,true,true,votes+seats,false,309,295,false,false,false,false,false
2014,seat_winning,28,7,27,0,0,PDT|PSB|PPS|PV|PTB|PT DO B|SOLIDARIEDADE|PMN|PHS|PMDB|PSD|PSDB|PTN|PRTB|PROS|PRP|PR|PRB,339.20204408069844,10.797955919301558,1.0318334046263373,false,false,4,21,PDT,PRB,"PDT, PSB, PPS, PV, PTB, PT DO B, SOLIDARIEDADE, PMN, PHS, PMDB, PSD, PSDB, PTN, PRTB, PROS, PRP, PR, PRB",18,64372583,97355354,0.6612125615608156,350,0.682261208576998,339.20204408069844,10.797955919301558,-82.20204408069844,1.0318334046263373,true,true,votes+seats,false,330,329,false,false,false,false,false
2014,seat_winning,28,7,28,0,0,PDT|PSB|PPS|PV|PTB|PT DO B|SOLIDARIEDADE|PMN|PHS|PMDB|PSD|PSDB|PTN|PRTB|PROS|PRP|PR|PRB|PTC,340.9837028582938,11.016297141706218,1.0323074007624475,false,false,4,22,PDT,PTC,"PDT, PSB, PPS, PV, PTB, PT DO B, SOLIDARIEDADE, PMN, PHS, PMDB, PSD, PSDB, PTN, PRTB, PROS, PRP, PR, PRB, PTC",19,64710700,97355354,0.6646855806204557,352,0.6861598440545809,340.9837028582938,11.016297141706218,-83.98370285829378,1.0323074007624475,true,true,votes+seats,false,332,350,false,false,false,false,false
2014,seat_winning,28,7,29,0,0,PDT|PSB|PPS|PV|PTB|PT DO B|SOLIDARIEDADE|PMN|PHS|PMDB|PSD|PSDB|PTN|PRTB|PROS|PRP|PR|PRB|PTC|PSDC,343.67073708139355,10.329262918606446,1.0300556951875717,false,false,4,23,PDT,PSDC,"PDT, PSB, PPS, PV, PTB, PT DO B, SOLIDARIEDADE, PMN, PHS, PMDB, PSD, PSDB, PTN, PRTB, PROS, PRP, PR, PRB, PTC, PSDC",20,65220636,97355354,0.6699234640962838,354,0.6900584795321637,343.67073708139355,10.329262918606446,-86.67073708139355,1.0300556951875717,true,true,votes+seats,false,334,352,false,false,false,false,false
2014,seat_winning,28,7,30,0,0,PDT|PSB|PPS|PV|PTB|PT DO B|SOLIDARIEDADE|PMN|PHS|PMDB|PSD|PSDB|PTN|PRTB|PROS|PRP|PR|PRB|PTC|PSDC|PSL,347.9321178165507,7.067882183449285,1.0203139687931193,false,false,4,24,PDT,PSL,"PDT, PSB, PPS, PV, PTB, PT DO B, SOLIDARIEDADE, PMN, PHS, PMDB, PSD, PSDB, PTN, PRTB, PROS, PRP, PR, PRB, PTC, PSDC, PSL",21,66029346,97355354,0.6782302491550696,355,0.6920077972709552,347.9321178165507,7.067882183449285,-90.93211781655071,1.0203139687931193,true,true,votes+seats,false,335,354,false,false,false,false,false
2014,seat_winning,28,7,32,0,0,PDT|PSB|PPS|PV|PTB|PT DO B|SOLIDARIEDADE|PMN|PHS|PMDB|PSD|PSDB|PTN|PRTB|PROS|PRP|PR|PRB|PTC|PSDC|PSL|PP,381.8129743639985,11.187025636001522,1.0292997524629335,false,false,4,25,PDT,PP,"PDT, PSB, PPS, PV, PTB, PT DO B, SOLIDARIEDADE, PMN, PHS, PMDB, PSD, PSDB, PTN, PRTB, PROS, PRP, PR, PRB, PTC, PSDC, PSL, PP",22,72459137,97355354,0.7442748038284571,393,0.7660818713450293,381.8129743639985,11.187025636001522,-124.81297436399848,1.0292997524629335,true,true,votes+seats,false,373,355,false,false,false,false,false
2014,seat_winning,28,7,33,0,0,PDT|PSB|PPS|PV|PTB|PT DO B|SOLIDARIEDADE|PMN|PHS|PMDB|PSD|PSDB|PTN|PRTB|PROS|PRP|PR|PRB|PTC|PSDC|PSL|PP|PSC,395.09396939792344,10.906030602076555,1.0276036372276096,false,false,4,26,PDT,PSC,"PDT, PSB, PPS, PV, PTB, PT DO B, SOLIDARIEDADE, PMN, PHS, PMDB, PSD, PSDB, PTN, PRTB, PROS, PRP, PR, PRB, PTC, PSDC, PSL, PP, PSC",23,74979558,97355354,0.7701636830368878,406,0.7914230019493177,395.09396939792344,10.906030602076555,-138.09396939792344,1.0276036372276096,true,true,votes+seats,false,386,393,false,false,false,false,false
2014,seat_winning,28,7,34,0,0,PDT|PSB|PPS|PV|PTB|PT DO B|SOLIDARIEDADE|PMN|PHS|PMDB|PSD|PSDB|PTN|PRTB|PROS|PRP|PR|PRB|PTC|PSDC|PSL|PP|PSC|PEN,398.61380949834563,9.386190501654369,1.0235470780941254,false,false,4,27,PDT,PEN,"PDT, PSB, PPS, PV, PTB, PT DO B, SOLIDARIEDADE, PMN, PHS, PMDB, PSD, PSDB, PTN, PRTB, PROS, PRP, PR, PRB, PTC, PSDC, PSL, PP, PSC, PEN",24,75647541,97355354,0.7770249697823501,408,0.7953216374269005,398.61380949834563,9.386190501654369,-141.61380949834563,1.0235470780941254,true,true,votes+seats,false,388,406,false,false,false,false,false
2014,seat_winning,28,7,35,0,0,PDT|PSB|PPS|PV|PTB|PT DO B|SOLIDARIEDADE|PMN|PHS|PMDB|PSD|PSDB|PTN|PRTB|PROS|PRP|PR|PRB|PTC|PSDC|PSL|PP|PSC|PEN|DEM,420.1416941486341,8.858305851365913,1.0210840913309407,false,false,4,28,PDT,DEM,"PDT, PSB, PPS, PV, PTB, PT DO B, SOLIDARIEDADE, PMN, PHS, PMDB, PSD, PSDB, PTN, PRTB, PROS, PRP, PR, PRB, PTC, PSDC, PSL, PP, PSC, PEN, DEM",25,79733028,97355354,0.818989657209813,429,0.8362573099415205,420.1416941486341,8.858305851365913,-163.1416941486341,1.0210840913309407,true,true,votes+seats,false,409,408,false,false,false,false,false
2014,seat_winning,28,8,8,0,0,PSB,33.0276793405733,0.9723206594266998,1.0294395694411456,false,false,5,5,PSB,PSB,PSB,1,6267878,97355354,0.06438144120969454,34,0.06627680311890838,33.0276793405733,0.9723206594266998,223.9723206594267,1.0294395694411456,false,false,neither,false,0,0,false,false,false,false,false
2014,seat_winning,28,8,10,0,0,PSB|PPS,43.33290053056558,0.6670994694344188,1.0153947568998727,false,false,5,6,PSB,PPS,"PSB, PPS",2,8223567,97355354,0.08446959167751575,44,0.08576998050682261,43.33290053056558,0.6670994694344188,213.66709946943442,1.0153947568998727,false,false,neither,false,10,34,false,false,false,false,false
2014,seat_winning,28,8,11,0,0,PSB|PPS|PV,53.89513455007313,-1.8951345500731307,0.96483663013565,false,false,5,7,PSB,PV,"PSB, PPS, PV",3,10228031,97355354,0.10505874181300805,52,0.10136452241715399,53.89513455007313,-1.8951345500731307,203.10486544992688,0.96483663013565,false,false,neither,false,18,44,false,false,false,false,false
2014,seat_winning,28,8,12,0,0,PSB|PPS|PV|PTB,74.52041016665606,2.479589833343937,1.0332739692092223,false,false,5,8,PSB,PTB,"PSB, PPS, PV, PTB",4,14142224,97355354,0.14526395743987536,77,0.15009746588693956,74.52041016665606,2.479589833343937,182.47958983334394,1.0332739692092223,false,false,neither,false,43,52,false,false,false,false,false
2014,seat_winning,28,8,13,0,0,PSB|PPS|PV|PTB|PT DO B,78.80174595225651,-0.8017459522565105,0.9898257844091137,false,false,5,9,PSB,PT DO B,"PSB, PPS, PV, PTB, PT DO B",5,14954721,97355354,0.15360964123246884,78,0.15204678362573099,78.80174595225651,-0.8017459522565105,178.1982540477435,0.9898257844091137,false,false,neither,false,44,77,false,false,false,false,false
2014,seat_winning,28,8,14,0,0,PSB|PPS|PV|PTB|PT DO B|SOLIDARIEDADE,92.97473753729045,0.025262462709548572,1.0002717131919778,false,false,5,10,PSB,SOLIDARIEDADE,"PSB, PPS, PV, PTB, PT DO B, SOLIDARIEDADE",6,17644422,97355354,0.18123730514091707,93,0.18128654970760233,92.97473753729045,0.025262462709548572,164.02526246270955,1.0002717131919778,false,false,neither,false,59,78,false,false,false,false,false
2014,seat_winning,28,8,15,0,0,PSB|PPS|PV|PTB|PT DO B|SOLIDARIEDADE|PMN,95.44328846054013,0.5567115394598687,1.0058329040044554,false,false,5,11,PSB,PMN,"PSB, PPS, PV, PTB, PT DO B, SOLIDARIEDADE, PMN",7,18112895,97355354,0.1860492952447176,96,0.1871345029239766,95.44328846054013,0.5567115394598687,161.55671153945985,1.0058329040044554,false,false,neither,false,62,93,false,false,false,false,false
2014,seat_winning,28,8,17,0,0,PSB|PPS|PV|PTB|PT DO B|SOLIDARIEDADE|PMN|PHS,100.41264930329359,0.5873506967064088,1.0058493695842277,false,false,5,12,PSB,PHS,"PSB, PPS, PV, PTB, PT DO B, SOLIDARIEDADE, PMN, PHS",8,19055963,97355354,0.1957361584859524,101,0.1968810916179337,100.41264930329359,0.5873506967064088,156.5873506967064,1.0058493695842277,false,false,neither,false,67,96,false,false,false,false,false
2014,seat_winning,28,8,18,0,0,PSB|PPS|PV|PTB|PT DO B|SOLIDARIEDADE|PMN|PHS|PMDB,157.27926844167192,8.720731558328083,1.055447432104265,false,false,5,13,PSB,PMDB,"PSB, PPS, PV, PTB, PT DO B, SOLIDARIEDADE, PMN, PHS, PMDB",9,29847912,97355354,0.30658726791748914,166,0.3235867446393762,157.27926844167192,8.720731558328083,99.72073155832808,1.055447432104265,false,false,neither,false,132,101,false,false,false,false,false
2014,seat_winning,28,8,19,0,0,PSB|PPS|PV|PTB|PT DO B|SOLIDARIEDADE|PMN|PHS|PMDB|PSD,188.72653624165343,13.273463758346566,1.070331729828129,false,false,5,14,PSB,PSD,"PSB, PPS, PV, PTB, PT DO B, SOLIDARIEDADE, PMN, PHS, PMDB, PSD",10,35815865,97355354,0.3678879848765174,202,0.3937621832358674,188.72653624165343,13.273463758346566,68.27346375834657,1.070331729828129,false,false,neither,false,168,166,false,false,false,false,false
2014,seat_winning,28,8,20,0,0,PSB|PPS|PV|PTB|PT DO B|SOLIDARIEDADE|PMN|PHS|PMDB|PSD|PSDB,247.1569210256274,8.843078974372588,1.035779208357494,false,false,5,15,PSB,PSDB,"PSB, PPS, PV, PTB, PT DO B, SOLIDARIEDADE, PMN, PHS, PMDB, PSD, PSDB",11,46904580,97355354,0.4817873704203263,256,0.49902534113060426,247.1569210256274,8.843078974372588,9.843078974372588,1.035779208357494,false,false,neither,false,222,202,false,false,false,false,false
2014,seat_winning,28,8,21,0,0,PSB|PPS|PV|PTB|PT DO B|SOLIDARIEDADE|PMN|PHS|PMDB|PSD|PSDB|PTN,250.96762429727286,9.032375702727137,1.0359902028320125,true,true,5,16,PSB,PTN,"PSB, PPS, PV, PTB, PT DO B, SOLIDARIEDADE, PMN, PHS, PMDB, PSD, PSDB, PTN",12,47627762,97355354,0.4892156419050153,260,0.50682261208577,250.96762429727286,9.032375702727137,6.032375702727137,1.0359902028320125,false,true,seats_only,true,226,256,true,true,true,true,true
2014,seat_winning,28,8,23,0,0,PSB|PPS|PV|PTB|PT DO B|SOLIDARIEDADE|PMN|PHS|PMDB|PSD|PSDB|PTN|PRTB,253.3609130115227,7.639086988477288,1.0301510082896246,false,true,5,17,PSB,PRTB,"PSB, PPS, PV, PTB, PT DO B, SOLIDARIEDADE, PMN, PHS, PMDB, PSD, PSDB, PTN, PRTB",13,48081952,97355354,0.49388092204975187,261,0.5087719298245614,253.3609130115227,7.639086988477288,3.6390869884772883,1.0301510082896246,false,true,seats_only,true,227,260,false,false,false,false,false
2014,seat_winning,28,8,24,0,0,PSB|PPS|PV|PTB|PT DO B|SOLIDARIEDADE|PMN|PHS|PMDB|PSD|PSDB|PTN|PRTB|PROS,263.77904595776005,8.220954042239953,1.0311660617786766,false,false,5,18,PSB,PROS,"PSB, PPS, PV, PTB, PT DO B, SOLIDARIEDADE, PMN, PHS, PMDB, PSD, PSDB, PTN, PRTB, PROS",14,50059069,97355354,0.5141891734069397,272,0.530214424951267,263.77904595776005,8.220954042239953,-6.779045957760047,1.0311660617786766,true,true,votes+seats,false,238,261,false,false,false,false,false
2014,seat_winning,28,8,25,0,0,PSB|PPS|PV|PTB|PT DO B|SOLIDARIEDADE|PMN|PHS|PMDB|PSD|PSDB|PTN|PRTB|PROS|PRP,267.5984067809974,7.401593219002621,1.027659332161346,false,false,5,19,PSB,PRP,"PSB, PPS, PV, PTB, PT DO B, SOLIDARIEDADE, PMN, PHS, PMDB, PSD, PSDB, PTN, PRTB, PROS, PRP",15,50783894,97355354,0.5216343212105212,275,0.5360623781676414,267.5984067809974,7.401593219002621,-10.59840678099738,1.027659332161346,true,true,votes+seats,false,241,272,false,false,false,false,false
2014,seat_winning,28,8,26,0,0,PSB|PPS|PV|PTB|PT DO B|SOLIDARIEDADE|PMN|PHS|PMDB|PSD|PSDB|PTN|PRTB|PROS|PRP|PR,297.2939615524381,11.706038447561923,1.0393752983963556,false,false,5,20,PSB,PR,"PSB, PPS, PV, PTB, PT DO B, SOLIDARIEDADE, PMN, PHS, PMDB, PSD, PSDB, PTN, PRTB, PROS, PRP, PR",16,56419413,97355354,0.5795203928897429,309,0.6023391812865497,297.2939615524381,11.706038447561923,-40.29396155243808,1.0393752983963556,true,true,votes+seats,false,275,275,false,false,false,false,false
2014,seat_winning,28,8,27,0,0,PSB|PPS|PV|PTB|PT DO B|SOLIDARIEDADE|PMN|PHS|PMDB|PSD|PSDB|PTN|PRTB|PROS|PRP|PR|PRB,320.60993359440715,9.390066405592847,1.0292881330915713,false,false,5,21,PSB,PRB,"PSB, PPS, PV, PTB, PT DO B, SOLIDARIEDADE, PMN, PHS, PMDB, PSD, PSDB, PTN, PRTB, PROS, PRP, PR, PRB",17,60844237,97355354,0.624970630788318,330,0.6432748538011696,320.60993359440715,9.390066405592847,-63.60993359440715,1.0292881330915713,true,true,votes+seats,false,296,309,false,false,false,false,false
2014,seat_winning,28,8,28,0,0,PSB|PPS|PV|PTB|PT DO B|SOLIDARIEDADE|PMN|PHS|PMDB|PSD|PSDB|PTN|PRTB|PROS|PRP|PR|PRB|PTC,322.39159237200244,9.608407627997565,1.0298035304125133,false,false,5,22,PSB,PTC,"PSB, PPS, PV, PTB, PT DO B, SOLIDARIEDADE, PMN, PHS, PMDB, PSD, PSDB, PTN, PRTB, PROS, PRP, PR, PRB, PTC",18,61182354,97355354,0.628443649847958,332,0.6471734892787524,322.39159237200244,9.608407627997565,-65.39159237200244,1.0298035304125133,true,true,votes+seats,false,298,330,false,false,false,false,false
2014,seat_winning,28,8,29,0,0,PSB|PPS|PV|PTB|PT DO B|SOLIDARIEDADE|PMN|PHS|PMDB|PSD|PSDB|PTN|PRTB|PROS|PRP|PR|PRB|PTC|PSDC,325.0786265951023,8.921373404897679,1.027443740298588,false,false,5,23,PSB,PSDC,"PSB, PPS, PV, PTB, PT DO B, SOLIDARIEDADE, PMN, PHS, PMDB, PSD, PSDB, PTN, PRTB, PROS, PRP, PR, PRB, PTC, PSDC",19,61692290,97355354,0.6336815333237862,334,0.6510721247563352,325.0786265951023,8.921373404897679,-68.07862659510232,1.027443740298588,true,true,votes+seats,false,300,332,false,false,false,false,false
2014,seat_winning,28,8,30,0,0,PSB|PPS|PV|PTB|PT DO B|SOLIDARIEDADE|PMN|PHS|PMDB|PSD|PSDB|PTN|PRTB|PROS|PRP|PR|PRB|PTC|PSDC|PSL,329.3400073302594,5.659992669740575,1.0171858642854306,false,false,5,24,PSB,PSL,"PSB, PPS, PV, PTB, PT DO B, SOLIDARIEDADE, PMN, PHS, PMDB, PSD, PSDB, PTN, PRTB, PROS, PRP, PR, PRB, PTC, PSDC, PSL",20,62501000,97355354,0.641988318382572,335,0.6530214424951267,329.3400073302594,5.659992669740575,-72.34000733025943,1.0171858642854306,true,true,votes+seats,false,301,334,false,false,false,false,false
2014,seat_winning,28,8,32,0,0,PSB|PPS|PV|PTB|PT DO B|SOLIDARIEDADE|PMN|PHS|PMDB|PSD|PSDB|PTN|PRTB|PROS|PRP|PR|PRB|PTC|PSDC|PSL|PP,363.22086387770725,9.779136122292755,1.0269233876542545,false,false,5,25,PSB,PP,"PSB, PPS, PV, PTB, PT DO B, SOLIDARIEDADE, PMN, PHS, PMDB, PSD, PSDB, PTN, PRTB, PROS, PRP, PR, PRB, PTC, PSDC, PSL, PP",21,68930791,97355354,0.7080328730559595,373,0.7270955165692008,363.22086387770725,9.779136122292755,-106.22086387770725,1.0269233876542545,true,true,votes+seats,false,339,335,false,false,false,false,false
2014,seat_winning,28,8,33,0,0,PSB|PPS|PV|PTB|PT DO B|SOLIDARIEDADE|PMN|PHS|PMDB|PSD|PSDB|PTN|PRTB|PROS|PRP|PR|PRB|PTC|PSDC|PSL|PP|PSC,376.5018589116321,9.498141088367902,1.025227341813994,false,false,5,26,PSB,PSC,"PSB, PPS, PV, PTB, PT DO B, SOLIDARIEDADE, PMN, PHS, PMDB, PSD, PSDB, PTN, PRTB, PROS, PRP, PR, PRB, PTC, PSDC, PSL, PP, PSC",22,71451212,97355354,0.73392175226439,386,0.7524366471734892,376.5018589116321,9.498141088367902,-119.5018589116321,1.025227341813994,true,true,votes+seats,false,352,373,false,false,false,false,false
2014,seat_winning,28,8,34,0,0,PSB|PPS|PV|PTB|PT DO B|SOLIDARIEDADE|PMN|PHS|PMDB|PSD|PSDB|PTN|PRTB|PROS|PRP|PR|PRB|PTC|PSDC|PSL|PP|PSC|PEN,380.02169901205434,7.978300987945659,1.0209943300834845,false,false,5,27,PSB,PEN,"PSB, PPS, PV, PTB, PT DO B, SOLIDARIEDADE, PMN, PHS, PMDB, PSD, PSDB, PTN, PRTB, PROS, PRP, PR, PRB, PTC, PSDC, PSL, PP, PSC, PEN",23,72119195,97355354,0.7407830390098525,388,0.7563352826510721,380.02169901205434,7.978300987945659,-123.02169901205434,1.0209943300834845,true,true,votes+seats,false,354,386,false,false,false,false,false
2014,seat_winning,28,8,35,0,0,PSB|PPS|PV|PTB|PT DO B|SOLIDARIEDADE|PMN|PHS|PMDB|PSD|PSDB|PTN|PRTB|PROS|PRP|PR|PRB|PTC|PSDC|PSL|PP|PSC|PEN|DEM,401.5495836623428,7.450416337657202,1.01855416277538,false,false,5,28,PSB,DEM,"PSB, PPS, PV, PTB, PT DO B, SOLIDARIEDADE, PMN, PHS, PMDB, PSD, PSDB, PTN, PRTB, PROS, PRP, PR, PRB, PTC, PSDC, PSL, PP, PSC, PEN, DEM",24,76204682,97355354,0.7827477264373154,409,0.797270955165692,401.5495836623428,7.450416337657202,-144.5495836623428,1.01855416277538,true,true,votes+seats,false,375,388,false,false,false,false,false
2014,seat_winning,28,10,10,0,0,PPS,10.305221189992283,-0.30522118999228276,0.9703818885237813,false,false,6,6,PPS,PPS,PPS,1,1955689,97355354,0.020088150467821215,10,0.01949317738791423,10.305221189992283,-0.30522118999228276,246.6947788100077,0.9703818885237813,false,false,neither,false,0,0,false,false,false,false,false
2014,seat_winning,28,10,11,0,0,PPS|PV,20.86745520949983,-2.8674552094998305,0.8625872114873675,false,false,6,7,PPS,PV,"PPS, PV",2,3960153,97355354,0.04067730060331351,18,0.03508771929824561,20.86745520949983,-2.8674552094998305,236.13254479050016,0.8625872114873675,false,false,neither,false,8,10,false,false,false,false,false
2014,seat_winning,28,10,12,0,0,PPS|PV|PTB,41.49273082608277,1.50726917391723,1.0363261020402577,false,false,6,8,PPS,PTB,"PPS, PV, PTB",3,7874346,97355354,0.08088251623018083,43,0.08382066276803118,41.49273082608277,1.50726917391723,215.50726917391722,1.0363261020402577,false,false,neither,false,33,18,false,false,false,false,false
2014,seat_winning,28,10,13,0,0,PPS|PV|PTB|PT DO B,45.77406661168322,-1.7740666116832173,0.961242975706458,false,false,6,9,PPS,PT DO B,"PPS, PV, PTB, PT DO B",4,8686843,97355354,0.0892282000227743,44,0.08576998050682261,45.77406661168322,-1.7740666116832173,211.22593338831678,0.961242975706458,false,false,neither,false,34,43,false,false,false,false,false
2014,seat_winning,28,10,14,0,0,PPS|PV|PTB|PT DO B|SOLIDARIEDADE,59.94705819671715,-0.9470581967171512,0.9842017569301005,false,false,6,10,PPS,SOLIDARIEDADE,"PPS, PV, PTB, PT DO B, SOLIDARIEDADE",5,11376544,97355354,0.11685586393122252,59,0.11500974658869395,59.94705819671715,-0.9470581967171512,197.05294180328286,0.9842017569301005,false,false,neither,false,49,44,false,false,false,false,false
2014,seat_winning,28,10,15,0,0,PPS|PV|PTB|PT DO B|SOLIDARIEDADE|PMN,62.41560911996684,-0.41560911996683814,0.9933412630938518,false,false,6,11,PPS,PMN,"PPS, PV, PTB, PT DO B, SOLIDARIEDADE, PMN",6,11845017,97355354,0.12166785403502307,62,0.12085769980506822,62.41560911996684,-0.41560911996683814,194.58439088003317,0.9933412630938518,false,false,neither,false,52,59,false,false,false,false,false
2014,seat_winning,28,10,17,0,0,PPS|PV|PTB|PT DO B|SOLIDARIEDADE|PMN|PHS,67.38496996272028,-0.3849699627202767,0.9942870055008817,false,false,6,12,PPS,PHS,"PPS, PV, PTB, PT DO B, SOLIDARIEDADE, PMN, PHS",7,12788085,97355354,0.13135471727625786,67,0.13060428849902533,67.38496996272028,-0.3849699627202767,189.61503003727972,0.9942870055008817,false,false,neither,false,57,62,false,false,false,false,false
2014,seat_winning,28,10,18,0,0,PPS|PV|PTB|PT DO B|SOLIDARIEDADE|PMN|PHS|PMDB,124.25158910109863,7.748410898901369,1.0623606583622587,false,false,6,13,PPS,PMDB,"PPS, PV, PTB, PT DO B, SOLIDARIEDADE, PMN, PHS, PMDB",8,23580034,97355354,0.2422058267077946,132,0.2573099415204678,124.25158910109863,7.748410898901369,132.74841089890137,1.0623606583622587,false,false,neither,false,122,67,false,false,false,false,false
2014,seat_winning,28,10,19,0,0,PPS|PV|PTB|PT DO B|SOLIDARIEDADE|PMN|PHS|PMDB|PSD,155.69885690108015,12.301143098919852,1.0790059949299122,false,false,6,14,PPS,PSD,"PPS, PV, PTB, PT DO B, SOLIDARIEDADE, PMN, PHS, PMDB, PSD",9,29547987,97355354,0.3035065436668229,168,0.32748538011695905,155.69885690108015,12.301143098919852,101.30114309891985,1.0790059949299122,false,false,neither,false,158,132,false,false,false,false,false
2014,seat_winning,28,10,20,0,0,PPS|PV|PTB|PT DO B|SOLIDARIEDADE|PMN|PHS|PMDB|PSD|PSDB,214.12924168505413,7.870758314945874,1.0367570456655442,false,false,6,15,PPS,PSDB,"PPS, PV, PTB, PT DO B, SOLIDARIEDADE, PMN, PHS, PMDB, PSD, PSDB",10,40636702,97355354,0.4174059292106318,222,0.4327485380116959,214.12924168505413,7.870758314945874,42.870758314945874,1.0367570456655442,false,false,neither,false,212,168,false,false,false,false,false
2014,seat_winning,28,10,21,0,0,PPS|PV|PTB|PT DO B|SOLIDARIEDADE|PMN|PHS|PMDB|PSD|PSDB|PTN,217.93994495669958,8.060055043300423,1.0369829176790046,false,false,6,16,PPS,PTN,"PPS, PV, PTB, PT DO B, SOLIDARIEDADE, PMN, PHS, PMDB, PSD, PSDB, PTN",11,41359884,97355354,0.4248342006953208,226,0.4405458089668616,217.93994495669958,8.060055043300423,39.06005504330042,1.0369829176790046,false,false,neither,false,216,222,false,false,false,false,false
2014,seat_winning,28,10,23,0,0,PPS|PV|PTB|PT DO B|SOLIDARIEDADE|PMN|PHS|PMDB|PSD|PSDB|PTN|PRTB,220.33323367094943,6.666766329050574,1.030257652093496,false,false,6,17,PPS,PRTB,"PPS, PV, PTB, PT DO B, SOLIDARIEDADE, PMN, PHS, PMDB, PSD, PSDB, PTN, PRTB",12,41814074,97355354,0.42949948084005735,227,0.442495126705653,220.33323367094943,6.666766329050574,36.666766329050574,1.030257652093496,false,false,neither,false,217,226,false,false,false,false,false
2014,seat_winning,28,10,24,0,0,PPS|PV|PTB|PT DO B|SOLIDARIEDADE|PMN|PHS|PMDB|PSD|PSDB|PTN|PRTB|PROS,230.7513666171868,7.24863338281321,1.031413176394481,false,false,6,18,PPS,PROS,"PPS, PV, PTB, PT DO B, SOLIDARIEDADE, PMN, PHS, PMDB, PSD, PSDB, PTN, PRTB, PROS",13,43791191,97355354,0.4498077321972452,238,0.46393762183235865,230.7513666171868,7.24863338281321,26.24863338281321,1.031413176394481,false,false,neither,false,228,227,false,false,false,false,false
2014,seat_winning,28,10,25,0,0,PPS|PV|PTB|PT DO B|SOLIDARIEDADE|PMN|PHS|PMDB|PSD|PSDB|PTN|PRTB|PROS|PRP,234.57072744042406,6.429272559575935,1.0274086738346704,false,false,6,19,PPS,PRP,"PPS, PV, PTB, PT DO B, SOLIDARIEDADE, PMN, PHS, PMDB, PSD, PSDB, PTN, PRTB, PROS, PRP",14,44516016,97355354,0.45725288000082664,241,0.4697855750487329,234.57072744042406,6.429272559575935,22.429272559575935,1.0274086738346704,false,false,neither,false,231,238,false,false,false,false,false
2014,seat_winning,28,10,26,0,0,PPS|PV|PTB|PT DO B|SOLIDARIEDADE|PMN|PHS|PMDB|PSD|PSDB|PTN|PRTB|PROS|PRP|PR,264.2662822118648,10.733717788135209,1.0406170537470607,false,false,6,20,PPS,PR,"PPS, PV, PTB, PT DO B, SOLIDARIEDADE, PMN, PHS, PMDB, PSD, PSDB, PTN, PRTB, PROS, PRP, PR",15,50151535,97355354,0.5151389516800483,275,0.5360623781676414,264.2662822118648,10.733717788135209,-7.266282211864791,1.0406170537470607,true,true,votes+seats,false,265,241,false,false,false,false,true
2014,seat_winning,28,10,27,0,0,PPS|PV|PTB|PT DO B|SOLIDARIEDADE|PMN|PHS|PMDB|PSD|PSDB|PTN|PRTB|PROS|PRP|PR|PRB,287.58225425383387,8.417745746166133,1.0292707412284774,false,false,6,21,PPS,PRB,"PPS, PV, PTB, PT DO B, SOLIDARIEDADE, PMN, PHS, PMDB, PSD, PSDB, PTN, PRTB, PROS, PRP, PR, PRB",16,54576359,97355354,0.5605891895786235,296,0.5769980506822612,287.58225425383387,8.417745746166133,-30.582254253833867,1.0292707412284774,true,true,votes+seats,false,286,275,false,false,false,false,false
2014,seat_winning,28,10,28,0,0,PPS|PV|PTB|PT DO B|SOLIDARIEDADE|PMN|PHS|PMDB|PSD|PSDB|PTN|PRTB|PROS|PRP|PR|PRB|PTC,289.3639130314292,8.636086968570794,1.029845072518192,false,false,6,22,PPS,PTC,"PPS, PV, PTB, PT DO B, SOLIDARIEDADE, PMN, PHS, PMDB, PSD, PSDB, PTN, PRTB, PROS, PRP, PR, PRB, PTC",17,54914476,97355354,0.5640622086382635,298,0.580896686159844,289.3639130314292,8.636086968570794,-32.363913031429206,1.029845072518192,true,true,votes+seats,false,288,296,false,false,false,false,false
2014,seat_winning,28,10,29,0,0,PPS|PV|PTB|PT DO B|SOLIDARIEDADE|PMN|PHS|PMDB|PSD|PSDB|PTN|PRTB|PROS|PRP|PR|PRB|PTC|PSDC,292.050947254529,7.949052745471022,1.02721803445665,false,false,6,23,PPS,PSDC,"PPS, PV, PTB, PT DO B, SOLIDARIEDADE, PMN, PHS, PMDB, PSD, PSDB, PTN, PRTB, PROS, PRP, PR, PRB, PTC, PSDC",18,55424412,97355354,0.5693000921140916,300,0.5847953216374269,292.050947254529,7.949052745471022,-35.05094725452898,1.02721803445665,true,true,votes+seats,false,290,298,false,false,false,false,false
2014,seat_winning,28,10,30,0,0,PPS|PV|PTB|PT DO B|SOLIDARIEDADE|PMN|PHS|PMDB|PSD|PSDB|PTN|PRTB|PROS|PRP|PR|PRB|PTC|PSDC|PSL,296.3123279896861,4.687672010313918,1.015820037060615,false,false,6,24,PPS,PSL,"PPS, PV, PTB, PT DO B, SOLIDARIEDADE, PMN, PHS, PMDB, PSD, PSDB, PTN, PRTB, PROS, PRP, PR, PRB, PTC, PSDC, PSL",19,56233122,97355354,0.5776068771728774,301,0.5867446393762183,296.3123279896861,4.687672010313918,-39.31232798968608,1.015820037060615,true,true,votes+seats,false,291,300,false,false,false,false,false
2014,seat_winning,28,10,32,0,0,PPS|PV|PTB|PT DO B|SOLIDARIEDADE|PMN|PHS|PMDB|PSD|PSDB|PTN|PRTB|PROS|PRP|PR|PRB|PTC|PSDC|PSL|PP,330.1931845371339,8.806815462866098,1.0266717057628294,false,false,6,25,PPS,PP,"PPS, PV, PTB, PT DO B, SOLIDARIEDADE, PMN, PHS, PMDB, PSD, PSDB, PTN, PRTB, PROS, PRP, PR, PRB, PTC, PSDC, PSL, PP",20,62662913,97355354,0.6436514318462649,339,0.6608187134502924,330.1931845371339,8.806815462866098,-73.1931845371339,1.0266717057628294,true,true,votes+seats,false,329,301,false,false,false,false,false
2014,seat_winning,28,10,33,0,0,PPS|PV|PTB|PT DO B|SOLIDARIEDADE|PMN|PHS|PMDB|PSD|PSDB|PTN|PRTB|PROS|PRP|PR|PRB|PTC|PSDC|PSL|PP|PSC,343.4741795710588,8.525820428941188,1.0248223037888569,false,false,6,26,PPS,PSC,"PPS, PV, PTB, PT DO B, SOLIDARIEDADE, PMN, PHS, PMDB, PSD, PSDB, PTN, PRTB, PROS, PRP, PR, PRB, PTC, PSDC, PSL, PP, PSC",21,65183334,97355354,0.6695403110546956,352,0.6861598440545809,343.4741795710588,8.525820428941188,-86.47417957105881,1.0248223037888569,true,true,votes+seats,false,342,339,false,false,false,false,false
2014,seat_winning,28,10,34,0,0,PPS|PV|PTB|PT DO B|SOLIDARIEDADE|PMN|PHS|PMDB|PSD|PSDB|PTN|PRTB|PROS|PRP|PR|PRB|PTC|PSDC|PSL|PP|PSC|PEN,346.99401967148106,7.005980328518945,1.0201904930095105,false,false,6,27,PPS,PEN,"PPS, PV, PTB, PT DO B, SOLIDARIEDADE, PMN, PHS, PMDB, PSD, PSDB, PTN, PRTB, PROS, PRP, PR, PRB, PTC, PSDC, PSL, PP, PSC, PEN",22,65851317,97355354,0.676401597800158,354,0.6900584795321637,346.99401967148106,7.005980328518945,-89.99401967148106,1.0201904930095105,true,true,votes+seats,false,344,352,false,false,false,false,false
2014,seat_winning,28,10,35,0,0,PPS|PV|PTB|PT DO B|SOLIDARIEDADE|PMN|PHS|PMDB|PSD|PSDB|PTN|PRTB|PROS|PRP|PR|PRB|PTC|PSDC|PSL|PP|PSC|PEN|DEM,368.5219043217695,6.478095678230488,1.017578590586502,false,false,6,28,PPS,DEM,"PPS, PV, PTB, PT DO B, SOLIDARIEDADE, PMN, PHS, PMDB, PSD, PSDB, PTN, PRTB, PROS, PRP, PR, PRB, PTC, PSDC, PSL, PP, PSC, PEN, DEM",23,69936804,97355354,0.7183662852276209,375,0.7309941520467836,368.5219043217695,6.478095678230488,-111.52190432176951,1.017578590586502,true,true,votes+seats,false,365,354,false,false,false,false,false
2014,seat_winning,28,11,11,0,0,PV,10.562234019507546,-2.562234019507546,0.7574155226275693,false,false,7,7,PV,PV,PV,1,2004464,97355354,0.02058915013549229,8,0.015594541910331383,10.562234019507546,-2.562234019507546,246.43776598049246,0.7574155226275693,false,false,neither,false,0,0,false,false,false,false,false
2014,seat_winning,28,11,12,0,0,PV|PTB,31.187509636090482,1.812490363909518,1.0581159055358522,false,false,7,8,PV,PTB,"PV, PTB",2,5918657,97355354,0.060794365762359616,33,0.06432748538011696,31.187509636090482,1.812490363909518,225.81249036390952,1.0581159055358522,false,false,neither,false,25,8,false,false,false,false,false
2014,seat_winning,28,11,13,0,0,PV|PTB|PT DO B,35.46884542169093,-1.4688454216909292,0.9585877294784267,false,false,7,9,PV,PT DO B,"PV, PTB, PT DO B",3,6731154,97355354,0.06914004955495308,34,0.06627680311890838,35.46884542169093,-1.4688454216909292,221.53115457830907,0.9585877294784267,false,false,neither,false,26,33,false,false,false,false,false
2014,seat_winning,28,11,14,0,0,PV|PTB|PT DO B|SOLIDARIEDADE,49.64183700672487,-0.6418370067248702,0.9870706435251797,false,false,7,10,PV,SOLIDARIEDADE,"PV, PTB, PT DO B, SOLIDARIEDADE",4,9420855,97355354,0.09676771346340131,49,0.09551656920077972,49.64183700672487,-0.6418370067248702,207.35816299327513,0.9870706435251797,false,false,neither,false,41,34,false,false,false,false,false
2014,seat_winning,28,11,15,0,0,PV|PTB|PT DO B|SOLIDARIEDADE|PMN,52.11038792997456,-0.11038792997455715,0.9978816521166011,false,false,7,11,PV,PMN,"PV, PTB, PT DO B, SOLIDARIEDADE, PMN",5,9889328,97355354,0.10157970356720186,52,0.10136452241715399,52.11038792997456,-0.11038792997455715,204.88961207002544,0.9978816521166011,false,false,neither,false,44,49,false,false,false,false,false
2014,seat_winning,28,11,17,0,0,PV|PTB|PT DO B|SOLIDARIEDADE|PMN|PHS,57.079748772728,-0.07974877272800285,0.9986028534735579,false,false,7,12,PV,PHS,"PV, PTB, PT DO B, SOLIDARIEDADE, PMN, PHS",6,10832396,97355354,0.11126656680843665,57,0.1111111111111111,57.079748772728,-0.07974877272800285,199.920251227272,0.9986028534735579,false,false,neither,false,49,52,false,false,false,false,false
2014,seat_winning,28,11,18,0,0,PV|PTB|PT DO B|SOLIDARIEDADE|PMN|PHS|PMDB,113.94636791110636,8.053632088893636,1.07067914701043,false,false,7,13,PV,PMDB,"PV, PTB, PT DO B, SOLIDARIEDADE, PMN, PHS, PMDB",7,21624345,97355354,0.22211767623997342,122,0.2378167641325536,113.94636791110636,8.053632088893636,143.05363208889364,1.07067914701043,false,false,neither,false,114,57,false,false,false,false,false
2014,seat_winning,28,11,19,0,0,PV|PTB|PT DO B|SOLIDARIEDADE|PMN|PHS|PMDB|PSD,145.39363571108788,12.606364288912118,1.0867050626202255,false,false,7,14,PV,PSD,"PV, PTB, PT DO B, SOLIDARIEDADE, PMN, PHS, PMDB, PSD",8,27592298,97355354,0.2834183931990017,158,0.3079922027290448,145.39363571108788,12.606364288912118,111.60636428891212,1.0867050626202255,false,false,neither,false,150,122,false,false,false,false,false
2014,seat_winning,28,11,20,0,0,PV|PTB|PT DO B|SOLIDARIEDADE|PMN|PHS|PMDB|PSD|PSDB,203.82402049506183,8.17597950493817,1.0401129341138486,false,false,7,15,PV,PSDB,"PV, PTB, PT DO B, SOLIDARIEDADE, PMN, PHS, PMDB, PSD, PSDB",9,38681013,97355354,0.3973177787428106,212,0.41325536062378165,203.82402049506183,8.17597950493817,53.17597950493817,1.0401129341138486,false,false,neither,false,204,158,false,false,false,false,false
2014,seat_winning,28,11,21,0,0,PV|PTB|PT DO B|SOLIDARIEDADE|PMN|PHS|PMDB|PSD|PSDB|PTN,207.63472376670725,8.365276233292747,1.0402884261434602,false,false,7,16,PV,PTN,"PV, PTB, PT DO B, SOLIDARIEDADE, PMN, PHS, PMDB, PSD, PSDB, PTN",10,39404195,97355354,0.40474605022749954,216,0.42105263157894735,207.63472376670725,8.365276233292747,49.36527623329275,1.0402884261434602,false,false,neither,false,208,212,false,false,false,false,false
2014,seat_winning,28,11,23,0,0,PV|PTB|PT DO B|SOLIDARIEDADE|PMN|PHS|PMDB|PSD|PSDB|PTN|PRTB,210.02801248095713,6.9719875190428695,1.033195512525621,false,false,7,17,PV,PRTB,"PV, PTB, PT DO B, SOLIDARIEDADE, PMN, PHS, PMDB, PSD, PSDB, PTN, PRTB",11,39858385,97355354,0.40941133037223615,217,0.42300194931773877,210.02801248095713,6.9719875190428695,46.97198751904287,1.033195512525621,false,false,neither,false,209,216,false,false,false,false,false
2014,seat_winning,28,11,24,0,0,PV|PTB|PT DO B|SOLIDARIEDADE|PMN|PHS|PMDB|PSD|PSDB|PTN|PRTB|PROS,220.44614542719447,7.553854572805534,1.0342662129935054,false,false,7,18,PV,PROS,"PV, PTB, PT DO B, SOLIDARIEDADE, PMN, PHS, PMDB, PSD, PSDB, PTN, PRTB, PROS",12,41835502,97355354,0.4297195817294239,228,0.4444444444444444,220.44614542719447,7.553854572805534,36.553854572805534,1.0342662129935054,false,false,neither,false,220,217,false,false,false,false,false
2014,seat_winning,28,11,25,0,0,PV|PTB|PT DO B|SOLIDARIEDADE|PMN|PHS|PMDB|PSD|PSDB|PTN|PRTB|PROS|PRP,224.2655062504318,6.734493749568202,1.0300291108613375,false,false,7,19,PV,PRP,"PV, PTB, PT DO B, SOLIDARIEDADE, PMN, PHS, PMDB, PSD, PSDB, PTN, PRTB, PROS, PRP",13,42560327,97355354,0.43716472953300545,231,0.4502923976608187,224.2655062504318,6.734493749568202,32.7344937495682,1.0300291108613375,false,false,neither,false,223,228,false,false,false,false,false
2014,seat_winning,28,11,26,0,0,PV|PTB|PT DO B|SOLIDARIEDADE|PMN|PHS|PMDB|PSD|PSDB|PTN|PRTB|PROS|PRP|PR,253.9610610218725,11.038938978127504,1.043467053310101,false,true,7,20,PV,PR,"PV, PTB, PT DO B, SOLIDARIEDADE, PMN, PHS, PMDB, PSD, PSDB, PTN, PRTB, PROS, PRP, PR",14,48195846,97355354,0.4950508012122271,265,0.5165692007797271,253.9610610218725,11.038938978127504,3.0389389781275042,1.043467053310101,false,true,seats_only,true,257,231,false,false,false,false,true
2014,seat_winning,28,11,27,0,0,PV|PTB|PT DO B|SOLIDARIEDADE|PMN|PHS|PMDB|PSD|PSDB|PTN|PRTB|PROS|PRP|PR|PRB,277.27703306384154,8.722966936158457,1.0314593922178548,false,false,7,21,PV,PRB,"PV, PTB, PT DO B, SOLIDARIEDADE, PMN, PHS, PMDB, PSD, PSDB, PTN, PRTB, PROS, PRP, PR, PRB",15,52620670,97355354,0.5405010391108023,286,0.557504873294347,277.27703306384154,8.722966936158457,-20.277033063841543,1.0314593922178548,true,true,votes+seats,false,278,265,false,false,false,false,false
2014,seat_winning,28,11,28,0,0,PV|PTB|PT DO B|SOLIDARIEDADE|PMN|PHS|PMDB|PSD|PSDB|PTN|PRTB|PROS|PRP|PR|PRB|PTC,279.0586918414369,8.941308158563118,1.0320409591959372,false,false,7,22,PV,PTC,"PV, PTB, PT DO B, SOLIDARIEDADE, PMN, PHS, PMDB, PSD, PSDB, PTN, PRTB, PROS, PRP, PR, PRB, PTC",16,52958787,97355354,0.5439740581704423,288,0.5614035087719298,279.0586918414369,8.941308158563118,-22.058691841436882,1.0320409591959372,true,true,votes+seats,false,280,286,false,false,false,false,false
2014,seat_winning,28,11,29,0,0,PV|PTB|PT DO B|SOLIDARIEDADE|PMN|PHS|PMDB|PSD|PSDB|PTN|PRTB|PROS|PRP|PR|PRB|PTC|PSDC,281.7457260645367,8.254273935463289,1.0292968913877067,false,false,7,23,PV,PSDC,"PV, PTB, PT DO B, SOLIDARIEDADE, PMN, PHS, PMDB, PSD, PSDB, PTN, PRTB, PROS, PRP, PR, PRB, PTC, PSDC",17,53468723,97355354,0.5492119416462704,290,0.5653021442495126,281.7457260645367,8.254273935463289,-24.74572606453671,1.0292968913877067,true,true,votes+seats,false,282,288,false,false,false,false,false
2014,seat_winning,28,11,30,0,0,PV|PTB|PT DO B|SOLIDARIEDADE|PMN|PHS|PMDB|PSD|PSDB|PTN|PRTB|PROS|PRP|PR|PRB|PTC|PSDC|PSL,286.0071067996938,4.9928932003061846,1.0174572347385864,false,false,7,24,PV,PSL,"PV, PTB, PT DO B, SOLIDARIEDADE, PMN, PHS, PMDB, PSD, PSDB, PTN, PRTB, PROS, PRP, PR, PRB, PTC, PSDC, PSL",18,54277433,97355354,0.5575187267050562,291,0.5672514619883041,286.0071067996938,4.9928932003061846,-29.007106799693815,1.0174572347385864,true,true,votes+seats,false,283,290,false,false,false,false,false
2014,seat_winning,28,11,32,0,0,PV|PTB|PT DO B|SOLIDARIEDADE|PMN|PHS|PMDB|PSD|PSDB|PTN|PRTB|PROS|PRP|PR|PRB|PTC|PSDC|PSL|PP,319.88796334714164,9.112036652858365,1.0284850875835239,false,false,7,25,PV,PP,"PV, PTB, PT DO B, SOLIDARIEDADE, PMN, PHS, PMDB, PSD, PSDB, PTN, PRTB, PROS, PRP, PR, PRB, PTC, PSDC, PSL, PP",19,60707224,97355354,0.6235632813784437,329,0.6413255360623782,319.88796334714164,9.112036652858365,-62.887963347141635,1.0284850875835239,true,true,votes+seats,false,321,291,false,false,false,false,false
2014,seat_winning,28,11,33,0,0,PV|PTB|PT DO B|SOLIDARIEDADE|PMN|PHS|PMDB|PSD|PSDB|PTN|PRTB|PROS|PRP|PR|PRB|PTC|PSDC|PSL|PP|PSC,333.16895838106655,8.831041618933455,1.0265061957207695,false,false,7,26,PV,PSC,"PV, PTB, PT DO B, SOLIDARIEDADE, PMN, PHS, PMDB, PSD, PSDB, PTN, PRTB, PROS, PRP, PR, PRB, PTC, PSDC, PSL, PP, PSC",20,63227645,97355354,0.6494521605868744,342,0.6666666666666666,333.16895838106655,8.831041618933455,-76.16895838106655,1.0265061957207695,true,true,votes+seats,false,334,329,false,false,false,false,false
2014,seat_winning,28,11,34,0,0,PV|PTB|PT DO B|SOLIDARIEDADE|PMN|PHS|PMDB|PSD|PSDB|PTN|PRTB|PROS|PRP|PR|PRB|PTC|PSDC|PSL|PP|PSC|PEN,336.68879848148873,7.311201518511268,1.021715012651106,false,false,7,27,PV,PEN,"PV, PTB, PT DO B, SOLIDARIEDADE, PMN, PHS, PMDB, PSD, PSDB, PTN, PRTB, PROS, PRP, PR, PRB, PTC, PSDC, PSL, PP, PSC, PEN",21,63895628,97355354,0.6563134473323368,344,0.6705653021442495,336.68879848148873,7.311201518511268,-79.68879848148873,1.021715012651106,true,true,votes+seats,false,336,342,false,false,false,false,false
2014,seat_winning,28,11,35,0,0,PV|PTB|PT DO B|SOLIDARIEDADE|PMN|PHS|PMDB|PSD|PSDB|PTN|PRTB|PROS|PRP|PR|PRB|PTC|PSDC|PSL|PP|PSC|PEN|DEM,358.2166831317772,6.783316868222812,1.0189363510624865,false,false,7,28,PV,DEM,"PV, PTB, PT DO B, SOLIDARIEDADE, PMN, PHS, PMDB, PSD, PSDB, PTN, PRTB, PROS, PRP, PR, PRB, PTC, PSDC, PSL, PP, PSC, PEN, DEM",22,67981115,97355354,0.6982781347597996,365,0.7115009746588694,358.2166831317772,6.783316868222812,-101.21668313177719,1.0189363510624865,true,true,votes+seats,false,357,344,false,false,false,false,false
2014,seat_winning,28,12,12,0,0,PTB,20.625275616582936,4.374724383417064,1.2121050144852241,false,false,8,8,PTB,PTB,PTB,1,3914193,97355354,0.040205215626867324,25,0.04873294346978557,20.625275616582936,4.374724383417064,236.37472438341706,1.2121050144852241,false,false,neither,false,0,0,false,false,false,false,false
2014,seat_winning,28,12,13,0,0,PTB|PT DO B,24.906611402183387,1.0933885978166131,1.0438995325442288,false,false,8,9,PTB,PT DO B,"PTB, PT DO B",2,4726690,97355354,0.048550899419460794,26,0.050682261208576995,24.906611402183387,1.0933885978166131,232.0933885978166,1.0438995325442288,false,false,neither,false,1,25,false,false,false,false,false
2014,seat_winning,28,12,14,0,0,PTB|PT DO B|SOLIDARIEDADE,39.07960298721732,1.9203970127826793,1.0491406479592649,false,false,8,10,PTB,SOLIDARIEDADE,"PTB, PT DO B, SOLIDARIEDADE",3,7416391,97355354,0.07617856332790901,41,0.07992202729044834,39.07960298721732,1.9203970127826793,217.92039701278267,1.0491406479592649,false,false,neither,false,16,26,false,false,false,false,false
2014,seat_winning,28,12,15,0,0,PTB|PT DO B|SOLIDARIEDADE|PMN,41.54815391046701,2.4518460895329923,1.0590121547834959,false,false,8,11,PTB,PMN,"PTB, PT DO B, SOLIDARIEDADE, PMN",4,7884864,97355354,0.08099055343170956,44,0.08576998050682261,41.54815391046701,2.4518460895329923,215.45184608953298,1.0590121547834959,false,false,neither,false,19,41,false,false,false,false,false
2014,seat_winning,28,12,17,0,0,PTB|PT DO B|SOLIDARIEDADE|PMN|PHS,46.51751475322045,2.4824852467795466,1.0533666783350175,false,false,8,12,PTB,PHS,"PTB, PT DO B, SOLIDARIEDADE, PMN, PHS",5,8827932,97355354,0.09067741667294435,49,0.09551656920077972,46.51751475322045,2.4824852467795466,210.48248524677956,1.0533666783350175,false,false,neither,false,24,44,false,false,false,false,false
2014,seat_winning,28,12,18,0,0,PTB|PT DO B|SOLIDARIEDADE|PMN|PHS|PMDB,103.38413389159881,10.615866108401192,1.1026837069557716,false,false,8,13,PTB,PMDB,"PTB, PT DO B, SOLIDARIEDADE, PMN, PHS, PMDB",6,19619881,97355354,0.2015285261044811,114,0.2222222222222222,103.38413389159881,10.615866108401192,153.61586610840118,1.1026837069557716,false,false,neither,false,89,49,false,false,false,false,false
2014,seat_winning,28,12,19,0,0,PTB|PT DO B|SOLIDARIEDADE|PMN|PHS|PMDB|PSD,134.8314016915803,15.16859830841969,1.1125004866679133,false,false,8,14,PTB,PSD,"PTB, PT DO B, SOLIDARIEDADE, PMN, PHS, PMDB, PSD",7,25587834,97355354,0.26282924306350935,150,0.29239766081871343,134.8314016915803,15.16859830841969,122.16859830841969,1.1125004866679133,false,false,neither,false,125,114,false,false,false,false,false
2014,seat_winning,28,12,20,0,0,PTB|PT DO B|SOLIDARIEDADE|PMN|PHS|PMDB|PSD|PSDB,193.2617864755543,10.738213524445712,1.0555630459609975,false,false,8,15,PTB,PSDB,"PTB, PT DO B, SOLIDARIEDADE, PMN, PHS, PMDB, PSD, PSDB",8,36676549,97355354,0.3767286286073183,204,0.39766081871345027,193.2617864755543,10.738213524445712,63.73821352444571,1.0555630459609975,false,false,neither,false,179,150,false,false,false,false,false
2014,seat_winning,28,12,21,0,0,PTB|PT DO B|SOLIDARIEDADE|PMN|PHS|PMDB|PSD|PSDB|PTN,197.0724897471997,10.927510252800289,1.0554491916493158,false,false,8,16,PTB,PTN,"PTB, PT DO B, SOLIDARIEDADE, PMN, PHS, PMDB, PSD, PSDB, PTN",9,37399731,97355354,0.38415690009200726,208,0.40545808966861596,197.0724897471997,10.927510252800289,59.92751025280029,1.0554491916493158,false,false,neither,false,183,204,false,false,false,false,false
2014,seat_winning,28,12,23,0,0,PTB|PT DO B|SOLIDARIEDADE|PMN|PHS|PMDB|PSD|PSDB|PTN|PRTB,199.4657784614496,9.534221538550412,1.0477987833907714,false,false,8,17,PTB,PRTB,"PTB, PT DO B, SOLIDARIEDADE, PMN, PHS, PMDB, PSD, PSDB, PTN, PRTB",10,37853921,97355354,0.38882218023674386,209,0.4074074074074074,199.4657784614496,9.534221538550412,57.53422153855041,1.0477987833907714,false,false,neither,false,184,208,false,false,false,false,false
2014,seat_winning,28,12,24,0,0,PTB|PT DO B|SOLIDARIEDADE|PMN|PHS|PMDB|PSD|PSDB|PTN|PRTB|PROS,209.88391140768692,10.116088592313076,1.0481984947034038,false,false,8,18,PTB,PROS,"PTB, PT DO B, SOLIDARIEDADE, PMN, PHS, PMDB, PSD, PSDB, PTN, PRTB, PROS",11,39831038,97355354,0.40913043159393164,220,0.42884990253411304,209.88391140768692,10.116088592313076,47.116088592313076,1.0481984947034038,false,false,neither,false,195,209,false,false,false,false,false
2014,seat_winning,28,12,25,0,0,PTB|PT DO B|SOLIDARIEDADE|PMN|PHS|PMDB|PSD|PSDB|PTN|PRTB|PROS|PRP,213.70327223092426,9.296727769075744,1.0435029734080528,false,false,8,19,PTB,PRP,"PTB, PT DO B, SOLIDARIEDADE, PMN, PHS, PMDB, PSD, PSDB, PTN, PRTB, PROS, PRP",12,40555863,97355354,0.41657557939751316,223,0.4346978557504873,213.70327223092426,9.296727769075744,43.296727769075744,1.0435029734080528,false,false,neither,false,198,220,false,false,false,false,false
2014,seat_winning,28,12,26,0,0,PTB|PT DO B|SOLIDARIEDADE|PMN|PHS|PMDB|PSD|PSDB|PTN|PRTB|PROS|PRP|PR,243.39882700236495,13.601172997635047,1.0558801912282958,true,true,8,20,PTB,PR,"PTB, PT DO B, SOLIDARIEDADE, PMN, PHS, PMDB, PSD, PSDB, PTN, PRTB, PROS, PRP, PR",13,46191382,97355354,0.4744616510767348,257,0.5009746588693957,243.39882700236495,13.601172997635047,13.601172997635047,1.0558801912282958,false,true,seats_only,true,232,223,true,true,true,true,true
2014,seat_winning,28,12,27,0,0,PTB|PT DO B|SOLIDARIEDADE|PMN|PHS|PMDB|PSD|PSDB|PTN|PRTB|PROS|PRP|PR|PRB,266.714799044334,11.285200955666028,1.0423118664434896,false,false,8,21,PTB,PRB,"PTB, PT DO B, SOLIDARIEDADE, PMN, PHS, PMDB, PSD, PSDB, PTN, PRTB, PROS, PRP, PR, PRB",14,50616206,97355354,0.5199118889753099,278,0.5419103313840156,266.714799044334,11.285200955666028,-9.714799044333972,1.0423118664434896,true,true,votes+seats,false,253,257,false,false,false,false,false
2014,seat_winning,28,12,28,0,0,PTB|PT DO B|SOLIDARIEDADE|PMN|PHS|PMDB|PSD|PSDB|PTN|PRTB|PROS|PRP|PR|PRB|PTC,268.4964578219293,11.503542178070688,1.0428442977288737,false,false,8,22,PTB,PTC,"PTB, PT DO B, SOLIDARIEDADE, PMN, PHS, PMDB, PSD, PSDB, PTN, PRTB, PROS, PRP, PR, PRB, PTC",15,50954323,97355354,0.52338490803495,280,0.5458089668615984,268.4964578219293,11.503542178070688,-11.496457821929312,1.0428442977288737,true,true,votes+seats,false,255,278,false,false,false,false,false
2014,seat_winning,28,12,29,0,0,PTB|PT DO B|SOLIDARIEDADE|PMN|PHS|PMDB|PSD|PSDB|PTN|PRTB|PROS|PRP|PR|PRB|PTC|PSDC,271.1834920450292,10.816507954970803,1.039886306771117,false,false,8,23,PTB,PSDC,"PTB, PT DO B, SOLIDARIEDADE, PMN, PHS, PMDB, PSD, PSDB, PTN, PRTB, PROS, PRP, PR, PRB, PTC, PSDC",16,51464259,97355354,0.5286227915107782,282,0.5497076023391813,271.1834920450292,10.816507954970803,-14.183492045029197,1.039886306771117,true,true,votes+seats,false,257,280,false,false,false,false,false
2014,seat_winning,28,12,30,0,0,PTB|PT DO B|SOLIDARIEDADE|PMN|PHS|PMDB|PSD|PSDB|PTN|PRTB|PROS|PRP|PR|PRB|PTC|PSDC|PSL,275.44487278018624,7.555127219813755,1.0274288177650814,false,false,8,24,PTB,PSL,"PTB, PT DO B, SOLIDARIEDADE, PMN, PHS, PMDB, PSD, PSDB, PTN, PRTB, PROS, PRP, PR, PRB, PTC, PSDC, PSL",17,52272969,97355354,0.5369295765695639,283,0.5516569200779727,275.44487278018624,7.555127219813755,-18.444872780186245,1.0274288177650814,true,true,votes+seats,false,258,282,false,false,false,false,false
2014,seat_winning,28,12,32,0,0,PTB|PT DO B|SOLIDARIEDADE|PMN|PHS|PMDB|PSD|PSDB|PTN|PRTB|PROS|PRP|PR|PRB|PTC|PSDC|PSL|PP,309.3257293276341,11.674270672365878,1.0377410269030696,false,false,8,25,PTB,PP,"PTB, PT DO B, SOLIDARIEDADE, PMN, PHS, PMDB, PSD, PSDB, PTN, PRTB, PROS, PRP, PR, PRB, PTC, PSDC, PSL, PP",18,58702760,97355354,0.6029741312429515,321,0.6257309941520468,309.3257293276341,11.674270672365878,-52.32572932763412,1.0377410269030696,true,true,votes+seats,false,296,283,false,false,false,false,false
2014,seat_winning,28,12,33,0,0,PTB|PT DO B|SOLIDARIEDADE|PMN|PHS|PMDB|PSD|PSDB|PTN|PRTB|PROS|PRP|PR|PRB|PTC|PSDC|PSL|PP|PSC,322.606724361559,11.393275638441025,1.0353162993145553,false,false,8,26,PTB,PSC,"PTB, PT DO B, SOLIDARIEDADE, PMN, PHS, PMDB, PSD, PSDB, PTN, PRTB, PROS, PRP, PR, PRB, PTC, PSDC, PSL, PP, PSC",19,61223181,97355354,0.628863010451382,334,0.6510721247563352,322.606724361559,11.393275638441025,-65.60672436155897,1.0353162993145553,true,true,votes+seats,false,309,321,false,false,false,false,false
2014,seat_winning,28,12,34,0,0,PTB|PT DO B|SOLIDARIEDADE|PMN|PHS|PMDB|PSD|PSDB|PTN|PRTB|PROS|PRP|PR|PRB|PTC|PSDC|PSL|PP|PSC|PEN,326.12656446198116,9.873435538018839,1.0302748583339332,false,false,8,27,PTB,PEN,"PTB, PT DO B, SOLIDARIEDADE, PMN, PHS, PMDB, PSD, PSDB, PTN, PRTB, PROS, PRP, PR, PRB, PTC, PSDC, PSL, PP, PSC, PEN",20,61891164,97355354,0.6357242971968444,336,0.6549707602339181,326.12656446198116,9.873435538018839,-69.12656446198116,1.0302748583339332,true,true,votes+seats,false,311,334,false,false,false,false,false
2014,seat_winning,28,12,35,0,0,PTB|PT DO B|SOLIDARIEDADE|PMN|PHS|PMDB|PSD|PSDB|PTN|PRTB|PROS|PRP|PR|PRB|PTC|PSDC|PSL|PP|PSC|PEN|DEM,347.6544491122697,9.345550887730326,1.0268817238254653,false,false,8,28,PTB,DEM,"PTB, PT DO B, SOLIDARIEDADE, PMN, PHS, PMDB, PSD, PSDB, PTN, PRTB, PROS, PRP, PR, PRB, PTC, PSDC, PSL, PP, PSC, PEN, DEM",21,65976651,97355354,0.6776889846243074,357,0.695906432748538,347.6544491122697,9.345550887730326,-90.65444911226967,1.0268817238254653,true,true,votes+seats,false,332,336,false,false,false,false,false
2014,seat_winning,28,13,13,0,0,PT DO B,4.281335785600451,-3.281335785600451,0.23357196213465223,false,false,9,9,PT DO B,PT DO B,PT DO B,1,812497,97355354,0.008345683792593471,1,0.001949317738791423,4.281335785600451,-3.281335785600451,252.71866421439955,0.23357196213465223,false,false,neither,false,0,0,false,false,false,false,false
2014,seat_winning,28,13,14,0,0,PT DO B|SOLIDARIEDADE,18.454327370634388,-2.454327370634388,0.8670053196010894,false,false,9,10,PT DO B,SOLIDARIEDADE,"PT DO B, SOLIDARIEDADE",2,3502198,97355354,0.03597334770104169,16,0.031189083820662766,18.454327370634388,-2.454327370634388,238.5456726293656,0.8670053196010894,false,false,neither,false,15,1,false,false,false,false,false
2014,seat_winning,28,13,15,0,0,PT DO B|SOLIDARIEDADE|PMN,20.92287829388407,-1.9228782938840716,0.9080968561363689,false,false,9,11,PT DO B,PMN,"PT DO B, SOLIDARIEDADE, PMN",3,3970671,97355354,0.040785337804842246,19,0.037037037037037035,20.92287829388407,-1.9228782938840716,236.07712170611592,0.9080968561363689,false,false,neither,false,18,16,false,false,false,false,false
2014,seat_winning,28,13,17,0,0,PT DO B|SOLIDARIEDADE|PMN|PHS,25.892239136637517,-1.8922391366375173,0.9269186752581781,false,false,9,12,PT DO B,PHS,"PT DO B, SOLIDARIEDADE, PMN, PHS",4,4913739,97355354,0.05047220104607703,24,0.04678362573099415,25.892239136637517,-1.8922391366375173,231.10776086336247,0.9269186752581781,false,false,neither,false,23,19,false,false,false,false,false
2014,seat_winning,28,13,18,0,0,PT DO B|SOLIDARIEDADE|PMN|PHS|PMDB,82.75885827501588,6.241141724984118,1.0754135793445119,false,false,9,13,PT DO B,PMDB,"PT DO B, SOLIDARIEDADE, PMN, PHS, PMDB",5,15705688,97355354,0.1613233104776138,89,0.17348927875243664,82.75885827501588,6.241141724984118,174.24114172498412,1.0754135793445119,false,false,neither,false,88,24,false,false,false,false,false
2014,seat_winning,28,13,19,0,0,PT DO B|SOLIDARIEDADE|PMN|PHS|PMDB|PSD,114.20612607499737,10.793873925002629,1.0945122148518938,false,false,9,14,PT DO B,PSD,"PT DO B, SOLIDARIEDADE, PMN, PHS, PMDB, PSD",6,21673641,97355354,0.22262402743664206,125,0.24366471734892786,114.20612607499737,10.793873925002629,142.79387392500263,1.0945122148518938,false,false,neither,false,124,89,false,false,false,false,false
2014,seat_winning,28,13,20,0,0,PT DO B|SOLIDARIEDADE|PMN|PHS|PMDB|PSD|PSDB,172.63651085897135,6.363489141028651,1.03686062183119,false,false,9,15,PT DO B,PSDB,"PT DO B, SOLIDARIEDADE, PMN, PHS, PMDB, PSD, PSDB",7,32762356,97355354,0.33652341298045096,179,0.3489278752436647,172.63651085897135,6.363489141028651,84.36348914102865,1.03686062183119,false,false,neither,false,178,125,false,false,false,false,false
2014,seat_winning,28,13,21,0,0,PT DO B|SOLIDARIEDADE|PMN|PHS|PMDB|PSD|PSDB|PTN,176.4472141306168,6.5527858693832,1.0371373722258512,false,false,9,16,PT DO B,PTN,"PT DO B, SOLIDARIEDADE, PMN, PHS, PMDB, PSD, PSDB, PTN",8,33485538,97355354,0.34395168446513996,183,0.3567251461988304,176.4472141306168,6.5527858693832,80.5527858693832,1.0371373722258512,false,false,neither,false,182,179,false,false,false,false,false
2014,seat_winning,28,13,23,0,0,PT DO B|SOLIDARIEDADE|PMN|PHS|PMDB|PSD|PSDB|PTN|PRTB,178.84050284486665,5.1594971551333515,1.0288497128617946,false,false,9,17,PT DO B,PRTB,"PT DO B, SOLIDARIEDADE, PMN, PHS, PMDB, PSD, PSDB, PTN, PRTB",9,33939728,97355354,0.3486169646098765,184,0.3586744639376218,178.84050284486665,5.1594971551333515,78.15949715513335,1.0288497128617946,false,false,neither,false,183,183,false,false,false,false,false
2014,seat_winning,28,13,24,0,0,PT DO B|SOLIDARIEDADE|PMN|PHS|PMDB|PSD|PSDB|PTN|PRTB|PROS,189.258635791104,5.7413642088959875,1.0303360752068036,false,false,9,18,PT DO B,PROS,"PT DO B, SOLIDARIEDADE, PMN, PHS, PMDB, PSD, PSDB, PTN, PRTB, PROS",10,35916845,97355354,0.36892521596706435,195,0.38011695906432746,189.258635791104,5.7413642088959875,67.74136420889599,1.0303360752068036,false,false,neither,false,194,184,false,false,false,false,false
2014,seat_winning,28,13,25,0,0,PT DO B|SOLIDARIEDADE|PMN|PHS|PMDB|PSD|PSDB|PTN|PRTB|PROS|PRP,193.0779966143413,4.922003385658712,1.025492306073022,false,false,9,19,PT DO B,PRP,"PT DO B, SOLIDARIEDADE, PMN, PHS, PMDB, PSD, PSDB, PTN, PRTB, PROS, PRP",11,36641670,97355354,0.3763703637706458,198,0.38596491228070173,193.0779966143413,4.922003385658712,63.92200338565871,1.025492306073022,false,false,neither,false,197,195,false,false,false,false,false
2014,seat_winning,28,13,26,0,0,PT DO B|SOLIDARIEDADE|PMN|PHS|PMDB|PSD|PSDB|PTN|PRTB|PROS|PRP|PR,222.77355138578204,9.226448614217958,1.0414162657857005,false,false,9,20,PT DO B,PR,"PT DO B, SOLIDARIEDADE, PMN, PHS, PMDB, PSD, PSDB, PTN, PRTB, PROS, PRP, PR",12,42277189,97355354,0.43425643544986753,232,0.4522417153996101,222.77355138578204,9.226448614217958,34.22644861421796,1.0414162657857005,false,false,neither,false,231,198,false,false,false,false,false
2014,seat_winning,28,13,27,0,0,PT DO B|SOLIDARIEDADE|PMN|PHS|PMDB|PSD|PSDB|PTN|PRTB|PROS|PRP|PR|PRB,246.08952342775106,6.910476572248939,1.0280811489899844,false,false,9,21,PT DO B,PRB,"PT DO B, SOLIDARIEDADE, PMN, PHS, PMDB, PSD, PSDB, PTN, PRTB, PROS, PRP, PR, PRB",13,46702013,97355354,0.47970667334844264,253,0.49317738791423,246.08952342775106,6.910476572248939,10.910476572248939,1.0280811489899844,false,false,neither,false,252,232,false,false,false,false,false
2014,seat_winning,28,13,28,0,0,PT DO B|SOLIDARIEDADE|PMN|PHS|PMDB|PSD|PSDB|PTN|PRTB|PROS|PRP|PR|PRB|PTC,247.8711822053464,7.1288177946535995,1.028760171840984,false,false,9,22,PT DO B,PTC,"PT DO B, SOLIDARIEDADE, PMN, PHS, PMDB, PSD, PSDB, PTN, PRTB, PROS, PRP, PR, PRB, PTC",14,47040130,97355354,0.4831796924080827,255,0.49707602339181284,247.8711822053464,7.1288177946535995,9.1288177946536,1.028760171840984,false,false,neither,false,254,253,false,false,false,false,false
2014,seat_winning,28,13,29,0,0,PT DO B|SOLIDARIEDADE|PMN|PHS|PMDB|PSD|PSDB|PTN|PRTB|PROS|PRP|PR|PRB|PTC|PSDC,250.55821642844626,6.441783571553742,1.0257097279162402,true,true,9,23,PT DO B,PSDC,"PT DO B, SOLIDARIEDADE, PMN, PHS, PMDB, PSD, PSDB, PTN, PRTB, PROS, PRP, PR, PRB, PTC, PSDC",15,47550066,97355354,0.4884175758839108,257,0.5009746588693957,250.55821642844626,6.441783571553742,6.441783571553742,1.0257097279162402,false,true,seats_only,true,256,255,true,true,true,true,true
2014,seat_winning,28,13,30,0,0,PT DO B|SOLIDARIEDADE|PMN|PHS|PMDB|PSD|PSDB|PTN|PRTB|PROS|PRP|PR|PRB|PTC|PSDC|PSL,254.81959716360333,3.1804028363966665,1.0124809978188403,false,true,9,24,PT DO B,PSL,"PT DO B, SOLIDARIEDADE, PMN, PHS, PMDB, PSD, PSDB, PTN, PRTB, PROS, PRP, PR, PRB, PTC, PSDC, PSL",16,48358776,97355354,0.49672436094269656,258,0.5029239766081871,254.81959716360333,3.1804028363966665,2.1804028363966665,1.0124809978188403,false,true,seats_only,true,257,257,false,false,false,false,false
2014,seat_winning,28,13,32,0,0,PT DO B|SOLIDARIEDADE|PMN|PHS|PMDB|PSD|PSDB|PTN|PRTB|PROS|PRP|PR|PRB|PTC|PSDC|PSL|PP,288.7004537110511,7.299546288948875,1.0252841524670921,false,false,9,25,PT DO B,PP,"PT DO B, SOLIDARIEDADE, PMN, PHS, PMDB, PSD, PSDB, PTN, PRTB, PROS, PRP, PR, PRB, PTC, PSDC, PSL, PP",17,54788567,97355354,0.5627689156160841,296,0.5769980506822612,288.7004537110511,7.299546288948875,-31.700453711051125,1.0252841524670921,true,true,votes+seats,false,295,258,false,false,false,false,false
2014,seat_winning,28,13,33,0,0,PT DO B|SOLIDARIEDADE|PMN|PHS|PMDB|PSD|PSDB|PTN|PRTB|PROS|PRP|PR|PRB|PTC|PSDC|PSL|PP|PSC,301.9814487449761,7.018551255023908,1.0232416636326263,false,false,9,26,PT DO B,PSC,"PT DO B, SOLIDARIEDADE, PMN, PHS, PMDB, PSD, PSDB, PTN, PRTB, PROS, PRP, PR, PRB, PTC, PSDC, PSL, PP, PSC",18,57308988,97355354,0.5886577948245147,309,0.6023391812865497,301.9814487449761,7.018551255023908,-44.98144874497609,1.0232416636326263,true,true,votes+seats,false,308,296,false,false,false,false,false
2014,seat_winning,28,13,34,0,0,PT DO B|SOLIDARIEDADE|PMN|PHS|PMDB|PSD|PSDB|PTN|PRTB|PROS|PRP|PR|PRB|PTC|PSDC|PSL|PP|PSC|PEN,305.5012888453983,5.498711154601722,1.0179989785816728,false,false,9,27,PT DO B,PEN,"PT DO B, SOLIDARIEDADE, PMN, PHS, PMDB, PSD, PSDB, PTN, PRTB, PROS, PRP, PR, PRB, PTC, PSDC, PSL, PP, PSC, PEN",19,57976971,97355354,0.5955190815699771,311,0.6062378167641326,305.5012888453983,5.498711154601722,-48.50128884539828,1.0179989785816728,true,true,votes+seats,false,310,309,false,false,false,false,false
2014,seat_winning,28,13,35,0,0,PT DO B|SOLIDARIEDADE|PMN|PHS|PMDB|PSD|PSDB|PTN|PRTB|PROS|PRP|PR|PRB|PTC|PSDC|PSL|PP|PSC|PEN|DEM,327.02917349568673,4.970826504313266,1.0151999482222915,false,false,9,28,PT DO B,DEM,"PT DO B, SOLIDARIEDADE, PMN, PHS, PMDB, PSD, PSDB, PTN, PRTB, PROS, PRP, PR, PRB, PTC, PSDC, PSL, PP, PSC, PEN, DEM",20,62062458,97355354,0.6374837689974401,332,0.6471734892787524,327.02917349568673,4.970826504313266,-70.02917349568673,1.0151999482222915,true,true,votes+seats,false,331,311,false,false,false,false,false
2014,seat_winning,28,14,14,0,0,SOLIDARIEDADE,14.172991585033937,0.8270084149660626,1.0583510129110179,false,false,10,10,SOLIDARIEDADE,SOLIDARIEDADE,SOLIDARIEDADE,1,2689701,97355354,0.02762766390844822,15,0.029239766081871343,14.172991585033937,0.8270084149660626,242.82700841496606,1.0583510129110179,false,false,neither,false,0,0,false,false,false,false,false
2014,seat_winning,28,14,15,0,0,SOLIDARIEDADE|PMN,16.64154250828362,1.3584574917163792,1.081630503364708,false,false,10,11,SOLIDARIEDADE,PMN,"SOLIDARIEDADE, PMN",2,3158174,97355354,0.03243965401224878,18,0.03508771929824561,16.64154250828362,1.3584574917163792,240.35845749171636,1.081630503364708,false,false,neither,false,3,15,false,false,false,false,false
2014,seat_winning,28,14,17,0,0,SOLIDARIEDADE|PMN|PHS,21.610903351037066,1.3890966489629335,1.0642775836992613,false,false,10,12,SOLIDARIEDADE,PHS,"SOLIDARIEDADE, PMN, PHS",3,4101242,97355354,0.04212651725348356,23,0.04483430799220273,21.610903351037066,1.3890966489629335,235.38909664896295,1.0642775836992613,false,false,neither,false,8,18,false,false,false,false,false
2014,seat_winning,28,14,18,0,0,SOLIDARIEDADE|PMN|PHS|PMDB,78.47752248941542,9.52247751058458,1.1213401902674605,false,false,10,13,SOLIDARIEDADE,PMDB,"SOLIDARIEDADE, PMN, PHS, PMDB",4,14893191,97355354,0.15297762668502032,88,0.17153996101364521,78.47752248941542,9.52247751058458,178.52247751058457,1.1213401902674605,false,false,neither,false,73,23,false,false,false,false,false
2014,seat_winning,28,14,19,0,0,SOLIDARIEDADE|PMN|PHS|PMDB|PSD,109.92479028939692,14.075209710603076,1.1280439987517605,false,false,10,14,SOLIDARIEDADE,PSD,"SOLIDARIEDADE, PMN, PHS, PMDB, PSD",5,20861144,97355354,0.21427834364404857,124,0.24171539961013644,109.92479028939692,14.075209710603076,147.07520971060308,1.1280439987517605,false,false,neither,false,109,88,false,false,false,false,false
2014,seat_winning,28,14,20,0,0,SOLIDARIEDADE|PMN|PHS|PMDB|PSD|PSDB,168.3551750733709,9.644824926629099,1.057288556306189,false,false,10,15,SOLIDARIEDADE,PSDB,"SOLIDARIEDADE, PMN, PHS, PMDB, PSD, PSDB",6,31949859,97355354,0.3281777291878575,178,0.3469785575048733,168.3551750733709,9.644824926629099,88.6448249266291,1.057288556306189,false,false,neither,false,163,124,false,false,false,false,false
2014,seat_winning,28,14,21,0,0,SOLIDARIEDADE|PMN|PHS|PMDB|PSD|PSDB|PTN,172.16587834501635,9.834121654983647,1.0571200388225377,false,false,10,16,SOLIDARIEDADE,PTN,"SOLIDARIEDADE, PMN, PHS, PMDB, PSD, PSDB, PTN",7,32673041,97355354,0.3356060006725465,182,0.35477582846003897,172.16587834501635,9.834121654983647,84.83412165498365,1.0571200388225377,false,false,neither,false,167,178,false,false,false,false,false
2014,seat_winning,28,14,23,0,0,SOLIDARIEDADE|PMN|PHS|PMDB|PSD|PSDB|PTN|PRTB,174.5591670592662,8.440832940733799,1.0483551398814133,false,false,10,17,SOLIDARIEDADE,PRTB,"SOLIDARIEDADE, PMN, PHS, PMDB, PSD, PSDB, PTN, PRTB",8,33127231,97355354,0.34027128081728303,183,0.3567251461988304,174.5591670592662,8.440832940733799,82.4408329407338,1.0483551398814133,false,false,neither,false,168,182,false,false,false,false,false
2014,seat_winning,28,14,24,0,0,SOLIDARIEDADE|PMN|PHS|PMDB|PSD|PSDB|PTN|PRTB|PROS,184.97730000550357,9.022699994496435,1.048777336431162,false,false,10,18,SOLIDARIEDADE,PROS,"SOLIDARIEDADE, PMN, PHS, PMDB, PSD, PSDB, PTN, PRTB, PROS",9,35104348,97355354,0.36057953217447086,194,0.37816764132553604,184.97730000550357,9.022699994496435,72.02269999449643,1.048777336431162,false,false,neither,false,179,183,false,false,false,false,false
2014,seat_winning,28,14,25,0,0,SOLIDARIEDADE|PMN|PHS|PMDB|PSD|PSDB|PTN|PRTB|PROS|PRP,188.79666082874087,8.203339171259131,1.0434506581591527,false,false,10,19,SOLIDARIEDADE,PRP,"SOLIDARIEDADE, PMN, PHS, PMDB, PSD, PSDB, PTN, PRTB, PROS, PRP",10,35829173,97355354,0.3680246799780524,197,0.3840155945419103,188.79666082874087,8.203339171259131,68.20333917125913,1.0434506581591527,false,false,neither,false,182,194,false,false,false,false,false
2014,seat_winning,28,14,26,0,0,SOLIDARIEDADE|PMN|PHS|PMDB|PSD|PSDB|PTN|PRTB|PROS|PRP|PR,218.4922156001816,12.507784399818405,1.0572459040037672,false,false,10,20,SOLIDARIEDADE,PR,"SOLIDARIEDADE, PMN, PHS, PMDB, PSD, PSDB, PTN, PRTB, PROS, PRP, PR",11,41464692,97355354,0.42591075165727404,231,0.4502923976608187,218.4922156001816,12.507784399818405,38.507784399818405,1.0572459040037672,false,false,neither,false,216,197,false,false,false,false,false
2014,seat_winning,28,14,27,0,0,SOLIDARIEDADE|PMN|PHS|PMDB|PSD|PSDB|PTN|PRTB|PROS|PRP|PR|PRB,241.80818764215064,10.191812357849358,1.0421483344184033,false,false,10,21,SOLIDARIEDADE,PRB,"SOLIDARIEDADE, PMN, PHS, PMDB, PSD, PSDB, PTN, PRTB, PROS, PRP, PR, PRB",12,45889516,97355354,0.4713609895558492,252,0.49122807017543857,241.80818764215064,10.191812357849358,15.191812357849358,1.0421483344184033,false,false,neither,false,237,231,false,false,false,false,false
2014,seat_winning,28,14,28,0,0,SOLIDARIEDADE|PMN|PHS|PMDB|PSD|PSDB|PTN|PRTB|PROS|PRP|PR|PRB|PTC,243.58984641974595,10.410153580254047,1.042736401920118,false,false,10,22,SOLIDARIEDADE,PTC,"SOLIDARIEDADE, PMN, PHS, PMDB, PSD, PSDB, PTN, PRTB, PROS, PRP, PR, PRB, PTC",13,46227633,97355354,0.4748340086154892,254,0.4951267056530214,243.58984641974595,10.410153580254047,13.410153580254047,1.042736401920118,false,false,neither,false,239,252,false,false,false,false,false
2014,seat_winning,28,14,29,0,0,SOLIDARIEDADE|PMN|PHS|PMDB|PSD|PSDB|PTN|PRTB|PROS|PRP|PR|PRB|PTC|PSDC,246.2768806428458,9.72311935715419,1.0394804389749226,false,false,10,23,SOLIDARIEDADE,PSDC,"SOLIDARIEDADE, PMN, PHS, PMDB, PSD, PSDB, PTN, PRTB, PROS, PRP, PR, PRB, PTC, PSDC",14,46737569,97355354,0.48007189209131734,256,0.49902534113060426,246.2768806428458,9.72311935715419,10.72311935715419,1.0394804389749226,false,false,neither,false,241,254,false,false,false,false,false
2014,seat_winning,28,14,30,0,0,SOLIDARIEDADE|PMN|PHS|PMDB|PSD|PSDB|PTN|PRTB|PROS|PRP|PR|PRB|PTC|PSDC|PSL,250.53826137800291,6.461738621997085,1.025791424377484,true,true,10,24,SOLIDARIEDADE,PSL,"SOLIDARIEDADE, PMN, PHS, PMDB, PSD, PSDB, PTN, PRTB, PROS, PRP, PR, PRB, PTC, PSDC, PSL",15,47546279,97355354,0.48837867715010314,257,0.5009746588693957,250.53826137800291,6.461738621997085,6.461738621997085,1.025791424377484,false,true,seats_only,true,242,256,true,true,true,true,true
2014,seat_winning,28,14,32,0,0,SOLIDARIEDADE|PMN|PHS|PMDB|PSD|PSDB|PTN|PRTB|PROS|PRP|PR|PRB|PTC|PSDC|PSL|PP,284.4191179254507,10.580882074549322,1.037201725930824,false,false,10,25,SOLIDARIEDADE,PP,"SOLIDARIEDADE, PMN, PHS, PMDB, PSD, PSDB, PTN, PRTB, PROS, PRP, PR, PRB, PTC, PSDC, PSL, PP",16,53976070,97355354,0.5544232318234906,295,0.5750487329434698,284.4191179254507,10.580882074549322,-27.419117925450678,1.037201725930824,true,true,votes+seats,false,280,257,false,false,false,false,false
2014,seat_winning,28,14,33,0,0,SOLIDARIEDADE|PMN|PHS|PMDB|PSD|PSDB|PTN|PRTB|PROS|PRP|PR|PRB|PTC|PSDC|PSL|PP|PSC,297.7001129593756,10.299887040624412,1.034598196615498,false,false,10,26,SOLIDARIEDADE,PSC,"SOLIDARIEDADE, PMN, PHS, PMDB, PSD, PSDB, PTN, PRTB, PROS, PRP, PR, PRB, PTC, PSDC, PSL, PP, PSC",17,56496491,97355354,0.5803121110319213,308,0.6003898635477583,297.7001129593756,10.299887040624412,-40.70011295937559,1.034598196615498,true,true,votes+seats,false,293,295,false,false,false,false,false
2014,seat_winning,28,14,34,0,0,SOLIDARIEDADE|PMN|PHS|PMDB|PSD|PSDB|PTN|PRTB|PROS|PRP|PR|PRB|PTC|PSDC|PSL|PP|PSC|PEN,301.21995305979783,8.780046940202169,1.0291482913101018,false,false,10,27,SOLIDARIEDADE,PEN,"SOLIDARIEDADE, PMN, PHS, PMDB, PSD, PSDB, PTN, PRTB, PROS, PRP, PR, PRB, PTC, PSDC, PSL, PP, PSC, PEN",18,57164474,97355354,0.5871733977773836,310,0.6042884990253411,301.21995305979783,8.780046940202169,-44.21995305979783,1.0291482913101018,true,true,votes+seats,false,295,308,false,false,false,false,false
2014,seat_winning,28,14,35,0,0,SOLIDARIEDADE|PMN|PHS|PMDB|PSD|PSDB|PTN|PRTB|PROS|PRP|PR|PRB|PTC|PSDC|PSL|PP|PSC|PEN|DEM,322.7478377100863,8.252162289913713,1.0255684510497831,false,false,10,28,SOLIDARIEDADE,DEM,"SOLIDARIEDADE, PMN, PHS, PMDB, PSD, PSDB, PTN, PRTB, PROS, PRP, PR, PRB, PTC, PSDC, PSL, PP, PSC, PEN, DEM",19,61249961,97355354,0.6291380852048466,331,0.645224171539961,322.7478377100863,8.252162289913713,-65.74783771008629,1.0255684510497831,true,true,votes+seats,false,316,310,false,false,false,false,false
2014,seat_winning,28,15,15,0,0,PMN,2.4685509232496856,0.5314490767503144,1.2152878726320526,false,false,11,11,PMN,PMN,PMN,1,468473,97355354,0.004811990103800557,3,0.005847953216374269,2.4685509232496856,0.5314490767503144,254.5314490767503,1.2152878726320526,false,false,neither,false,0,0,false,false,false,false,false
2014,seat_winning,28,15,17,0,0,PMN|PHS,7.437911766003131,0.5620882339968691,1.0755707047461947,false,false,11,12,PMN,PHS,"PMN, PHS",2,1411541,97355354,0.014498853345035343,8,0.015594541910331383,7.437911766003131,0.5620882339968691,249.56208823399686,1.0755707047461947,false,false,neither,false,5,3,false,false,false,false,false
2014,seat_winning,28,15,18,0,0,PMN|PHS|PMDB,64.30453090438148,8.69546909561852,1.135223272346833,false,false,11,13,PMN,PMDB,"PMN, PHS, PMDB",3,12203490,97355354,0.1253499627765721,73,0.14230019493177387,64.30453090438148,8.69546909561852,192.69546909561853,1.135223272346833,false,false,neither,false,70,8,false,false,false,false,false
2014,seat_winning,28,15,19,0,0,PMN|PHS|PMDB|PSD,95.751798704363,13.248201295637003,1.1383598164723912,false,false,11,14,PMN,PSD,"PMN, PHS, PMDB, PSD",4,18171443,97355354,0.18665067973560037,109,0.2124756335282651,95.751798704363,13.248201295637003,161.248201295637,1.1383598164723912,false,false,neither,false,106,73,false,false,false,false,false
2014,seat_winning,28,15,20,0,0,PMN|PHS|PMDB|PSD|PSDB,154.18218348833696,8.81781651166304,1.0571908913997838,false,false,11,15,PMN,PSDB,"PMN, PHS, PMDB, PSD, PSDB",5,29260158,97355354,0.3005500652794093,163,0.31773879142300193,154.18218348833696,8.81781651166304,102.81781651166304,1.0571908913997838,false,false,neither,false,160,109,false,false,false,false,false
2014,seat_winning,28,15,21,0,0,PMN|PHS|PMDB|PSD|PSDB|PTN,157.9928867599824,9.007113240017588,1.0570096124245194,false,false,11,16,PMN,PTN,"PMN, PHS, PMDB, PSD, PSDB, PTN",6,29983340,97355354,0.30797833676409825,167,0.3255360623781676,157.9928867599824,9.007113240017588,99.00711324001759,1.0570096124245194,false,false,neither,false,164,163,false,false,false,false,false
2014,seat_winning,28,15,23,0,0,PMN|PHS|PMDB|PSD|PSDB|PTN|PRTB,160.38617547423226,7.61382452576774,1.047471825444151,false,false,11,17,PMN,PRTB,"PMN, PHS, PMDB, PSD, PSDB, PTN, PRTB",7,30437530,97355354,0.3126436169088348,168,0.32748538011695905,160.38617547423226,7.61382452576774,96.61382452576774,1.047471825444151,false,false,neither,false,165,167,false,false,false,false,false
2014,seat_winning,28,15,24,0,0,PMN|PHS|PMDB|PSD|PSDB|PTN|PRTB|PROS,170.80430842046962,8.195691579530376,1.0479829323705057,false,false,11,18,PMN,PROS,"PMN, PHS, PMDB, PSD, PSDB, PTN, PRTB, PROS",8,32414647,97355354,0.33295186826602263,179,0.3489278752436647,170.80430842046962,8.195691579530376,86.19569157953038,1.0479829323705057,false,false,neither,false,176,168,false,false,false,false,false
2014,seat_winning,28,15,25,0,0,PMN|PHS|PMDB|PSD|PSDB|PTN|PRTB|PROS|PRP,174.62366924370693,7.376330756293072,1.04224129975186,false,false,11,19,PMN,PRP,"PMN, PHS, PMDB, PSD, PSDB, PTN, PRTB, PROS, PRP",9,33139472,97355354,0.34039701606960415,182,0.35477582846003897,174.62366924370693,7.376330756293072,82.37633075629307,1.04224129975186,false,false,neither,false,179,179,false,false,false,false,false
2014,seat_winning,28,15,26,0,0,PMN|PHS|PMDB|PSD|PSDB|PTN|PRTB|PROS|PRP|PR,204.31922401514765,11.680775984852346,1.05716924602252,false,false,11,20,PMN,PR,"PMN, PHS, PMDB, PSD, PSDB, PTN, PRTB, PROS, PRP, PR",10,38774991,97355354,0.3982830877488258,216,0.42105263157894735,204.31922401514765,11.680775984852346,52.680775984852346,1.05716924602252,false,false,neither,false,213,182,false,false,false,false,false
2014,seat_winning,28,15,27,0,0,PMN|PHS|PMDB|PSD|PSDB|PTN|PRTB|PROS|PRP|PR|PRB,227.6351960571167,9.364803942883299,1.0411395254560438,false,false,11,21,PMN,PRB,"PMN, PHS, PMDB, PSD, PSDB, PTN, PRTB, PROS, PRP, PR, PRB",11,43199815,97355354,0.443733325647401,237,0.4619883040935672,227.6351960571167,9.364803942883299,29.3648039428833,1.0411395254560438,false,false,neither,false,234,216,false,false,false,false,false
2014,seat_winning,28,15,28,0,0,PMN|PHS|PMDB|PSD|PSDB|PTN|PRTB|PROS|PRP|PR|PRB|PTC,229.416854834712,9.583145165287988,1.0417717572328866,false,false,11,22,PMN,PTC,"PMN, PHS, PMDB, PSD, PSDB, PTN, PRTB, PROS, PRP, PR, PRB, PTC",12,43537932,97355354,0.44720634470704096,239,0.46588693957115007,229.416854834712,9.583145165287988,27.583145165287988,1.0417717572328866,false,false,neither,false,236,237,false,false,false,false,false
2014,seat_winning,28,15,29,0,0,PMN|PHS|PMDB|PSD|PSDB|PTN|PRTB|PROS|PRP|PR|PRB|PTC|PSDC,232.10388905781184,8.896110942188159,1.0383281425326412,false,false,11,23,PMN,PSDC,"PMN, PHS, PMDB, PSD, PSDB, PTN, PRTB, PROS, PRP, PR, PRB, PTC, PSDC",13,44047868,97355354,0.4524442281828691,241,0.4697855750487329,232.10388905781184,8.896110942188159,24.89611094218816,1.0383281425326412,false,false,neither,false,238,239,false,false,false,false,false
2014,seat_winning,28,15,30,0,0,PMN|PHS|PMDB|PSD|PSDB|PTN|PRTB|PROS|PRP|PR|PRB|PTC|PSDC|PSL,236.36526979296897,5.634730207031026,1.023839078439766,false,false,11,24,PMN,PSL,"PMN, PHS, PMDB, PSD, PSDB, PTN, PRTB, PROS, PRP, PR, PRB, PTC, PSDC, PSL",14,44856578,97355354,0.4607510132416549,242,0.47173489278752434,236.36526979296897,5.634730207031026,20.634730207031026,1.023839078439766,false,false,neither,false,239,241,false,false,false,false,false
2014,seat_winning,28,15,32,0,0,PMN|PHS|PMDB|PSD|PSDB|PTN|PRTB|PROS|PRP|PR|PRB|PTC|PSDC|PSL|PP,270.24612634041677,9.753873659583235,1.0360925567802468,false,false,11,25,PMN,PP,"PMN, PHS, PMDB, PSD, PSDB, PTN, PRTB, PROS, PRP, PR, PRB, PTC, PSDC, PSL, PP",15,51286369,97355354,0.5267955679150425,280,0.5458089668615984,270.24612634041677,9.753873659583235,-13.246126340416765,1.0360925567802468,true,true,votes+seats,false,277,242,false,false,false,false,true
2014,seat_winning,28,15,33,0,0,PMN|PHS|PMDB|PSD|PSDB|PTN|PRTB|PROS|PRP|PR|PRB|PTC|PSDC|PSL|PP|PSC,283.5271213743417,9.472878625658325,1.0334108376642785,false,false,11,26,PMN,PSC,"PMN, PHS, PMDB, PSD, PSDB, PTN, PRTB, PROS, PRP, PR, PRB, PTC, PSDC, PSL, PP, PSC",16,53806790,97355354,0.5526844471234731,293,0.571150097465887,283.5271213743417,9.472878625658325,-26.527121374341675,1.0334108376642785,true,true,votes+seats,false,290,280,false,false,false,false,false
2014,seat_winning,28,15,34,0,0,PMN|PHS|PMDB|PSD|PSDB|PTN|PRTB|PROS|PRP|PR|PRB|PTC|PSDC|PSL|PP|PSC|PEN,287.0469614747639,7.953038525236082,1.0277064020617939,false,false,11,27,PMN,PEN,"PMN, PHS, PMDB, PSD, PSDB, PTN, PRTB, PROS, PRP, PR, PRB, PTC, PSDC, PSL, PP, PSC, PEN",17,54474773,97355354,0.5595457338689355,295,0.5750487329434698,287.0469614747639,7.953038525236082,-30.04696147476392,1.0277064020617939,true,true,votes+seats,false,292,293,false,false,false,false,false
2014,seat_winning,28,15,35,0,0,PMN|PHS|PMDB|PSD|PSDB|PTN|PRTB|PROS|PRP|PR|PRB|PTC|PSDC|PSL|PP|PSC|PEN|DEM,308.5748461250523,7.425153874947682,1.0240627321643014,false,false,11,28,PMN,DEM,"PMN, PHS, PMDB, PSD, PSDB, PTN, PRTB, PROS, PRP, PR, PRB, PTC, PSDC, PSL, PP, PSC, PEN, DEM",18,58560260,97355354,0.6015104212963983,316,0.6159844054580896,308.5748461250523,7.425153874947682,-51.57484612505232,1.0240627321643014,true,true,votes+seats,false,313,295,false,false,false,false,false
2014,seat_winning,28,17,17,0,0,PHS,4.969360842753445,0.030639157246555193,1.0061656132883234,false,false,12,12,PHS,PHS,PHS,1,943068,97355354,0.009686863241234786,5,0.009746588693957114,4.969360842753445,0.030639157246555193,252.03063915724655,1.0061656132883234,false,false,neither,false,0,0,false,false,false,false,false
2014,seat_winning,28,17,18,0,0,PHS|PMDB,61.8359799811318,8.1640200188682,1.1320270176256495,false,false,12,13,PHS,PMDB,"PHS, PMDB",2,11735017,97355354,0.12053797267277154,70,0.1364522417153996,61.8359799811318,8.1640200188682,195.1640200188682,1.1320270176256495,false,false,neither,false,65,5,false,false,false,false,false
2014,seat_winning,28,17,19,0,0,PHS|PMDB|PSD,93.2832477811133,12.716752218886697,1.1363240723428307,false,false,12,14,PHS,PSD,"PHS, PMDB, PSD",3,17702970,97355354,0.1818386896317998,106,0.20662768031189083,93.2832477811133,12.716752218886697,163.7167522188867,1.1363240723428307,false,false,neither,false,101,70,false,false,false,false,false
2014,seat_winning,28,17,20,0,0,PHS|PMDB|PSD|PSDB,151.7136325650873,8.286367434912705,1.0546184762358632,false,false,12,15,PHS,PSDB,"PHS, PMDB, PSD, PSDB",4,28791685,97355354,0.29573807517560874,160,0.31189083820662766,151.7136325650873,8.286367434912705,105.2863674349127,1.0546184762358632,false,false,neither,false,155,106,false,false,false,false,false
2014,seat_winning,28,17,21,0,0,PHS|PMDB|PSD|PSDB|PTN,155.52433583673272,8.475664163267282,1.0544973499977837,false,false,12,16,PHS,PTN,"PHS, PMDB, PSD, PSDB, PTN",5,29514867,97355354,0.3031663466602977,164,0.31968810916179335,155.52433583673272,8.475664163267282,101.47566416326728,1.0544973499977837,false,false,neither,false,159,160,false,false,false,false,false
2014,seat_winning,28,17,23,0,0,PHS|PMDB|PSD|PSDB|PTN|PRTB,157.9176245509826,7.082375449017405,1.0448485434678694,false,false,12,17,PHS,PRTB,"PHS, PMDB, PSD, PSDB, PTN, PRTB",6,29969057,97355354,0.3078316268050343,165,0.3216374269005848,157.9176245509826,7.082375449017405,99.0823754490174,1.0448485434678694,false,false,neither,false,160,164,false,false,false,false,false
2014,seat_winning,28,17,24,0,0,PHS|PMDB|PSD|PSDB|PTN|PRTB|PROS,168.33575749721993,7.66424250278007,1.0455294978127665,false,false,12,18,PHS,PROS,"PHS, PMDB, PSD, PSDB, PTN, PRTB, PROS",7,31946174,97355354,0.32813987816222207,176,0.34307992202729043,168.33575749721993,7.66424250278007,88.66424250278007,1.0455294978127665,false,false,neither,false,171,165,false,false,false,false,false
2014,seat_winning,28,17,25,0,0,PHS|PMDB|PSD|PSDB|PTN|PRTB|PROS|PRP,172.15511832045723,6.844881679542766,1.0397599661649408,false,false,12,19,PHS,PRP,"PHS, PMDB, PSD, PSDB, PTN, PRTB, PROS, PRP",8,32670999,97355354,0.3355850259658036,179,0.3489278752436647,172.15511832045723,6.844881679542766,84.84488167954277,1.0397599661649408,false,false,neither,false,174,176,false,false,false,false,false
2014,seat_winning,28,17,26,0,0,PHS|PMDB|PSD|PSDB|PTN|PRTB|PROS|PRP|PR,201.85067309189796,11.14932690810204,1.055235520086802,false,false,12,20,PHS,PR,"PHS, PMDB, PSD, PSDB, PTN, PRTB, PROS, PRP, PR",9,38306518,97355354,0.39347109764502525,213,0.4152046783625731,201.85067309189796,11.14932690810204,55.14932690810204,1.055235520086802,false,false,neither,false,208,179,false,false,false,false,false
2014,seat_winning,28,17,27,0,0,PHS|PMDB|PSD|PSDB|PTN|PRTB|PROS|PRP|PR|PRB,225.166645133867,8.833354866132993,1.0392302992340687,false,false,12,21,PHS,PRB,"PHS, PMDB, PSD, PSDB, PTN, PRTB, PROS, PRP, PR, PRB",10,42731342,97355354,0.4389213355436004,234,0.45614035087719296,225.166645133867,8.833354866132993,31.833354866132993,1.0392302992340687,false,false,neither,false,229,213,false,false,false,false,false
2014,seat_winning,28,17,28,0,0,PHS|PMDB|PSD|PSDB|PTN|PRTB|PROS|PRP|PR|PRB|PTC,226.94830391146232,9.051696088537682,1.0398843962811415,false,false,12,22,PHS,PTC,"PHS, PMDB, PSD, PSDB, PTN, PRTB, PROS, PRP, PR, PRB, PTC",11,43069459,97355354,0.4423943546032404,236,0.4600389863547758,226.94830391146232,9.051696088537682,30.051696088537682,1.0398843962811415,false,false,neither,false,231,234,false,false,false,false,false
2014,seat_winning,28,17,29,0,0,PHS|PMDB|PSD|PSDB|PTN|PRTB|PROS|PRP|PR|PRB|PTC|PSDC,229.63533813456218,8.364661865437824,1.0364258477523014,false,false,12,23,PHS,PSDC,"PHS, PMDB, PSD, PSDB, PTN, PRTB, PROS, PRP, PR, PRB, PTC, PSDC",12,43579395,97355354,0.44763223807906855,238,0.46393762183235865,229.63533813456218,8.364661865437824,27.364661865437824,1.0364258477523014,false,false,neither,false,233,236,false,false,false,false,false
2014,seat_winning,28,17,30,0,0,PHS|PMDB|PSD|PSDB|PTN|PRTB|PROS|PRP|PR|PRB|PTC|PSDC|PSL,233.89671886971928,5.10328113028072,1.0218185238123125,false,false,12,24,PHS,PSL,"PHS, PMDB, PSD, PSDB, PTN, PRTB, PROS, PRP, PR, PRB, PTC, PSDC, PSL",13,44388105,97355354,0.45593902313785434,239,0.46588693957115007,233.89671886971928,5.10328113028072,23.10328113028072,1.0218185238123125,false,false,neither,false,234,238,false,false,false,false,false
2014,seat_winning,28,17,32,0,0,PHS|PMDB|PSD|PSDB|PTN|PRTB|PROS|PRP|PR|PRB|PTC|PSDC|PSL|PP,267.7775754171671,9.2224245828329,1.0344406157553163,false,false,12,25,PHS,PP,"PHS, PMDB, PSD, PSDB, PTN, PRTB, PROS, PRP, PR, PRB, PTC, PSDC, PSL, PP",14,50817896,97355354,0.5219835778112419,277,0.5399610136452242,267.7775754171671,9.2224245828329,-10.7775754171671,1.0344406157553163,true,true,votes+seats,false,272,239,false,false,false,false,true
2014,seat_winning,28,17,33,0,0,PHS|PMDB|PSD|PSDB|PTN|PRTB|PROS|PRP|PR|PRB|PTC|PSDC|PSL|PP|PSC,281.05857045109195,8.941429548908047,1.0318134029307744,false,false,12,26,PHS,PSC,"PHS, PMDB, PSD, PSDB, PTN, PRTB, PROS, PRP, PR, PRB, PTC, PSDC, PSL, PP, PSC",15,53338317,97355354,0.5478724570196725,290,0.5653021442495126,281.05857045109195,8.941429548908047,-24.058570451091953,1.0318134029307744,true,true,votes+seats,false,285,277,false,false,false,false,false
2014,seat_winning,28,17,34,0,0,PHS|PMDB|PSD|PSDB|PTN|PRTB|PROS|PRP|PR|PRB|PTC|PSDC|PSL|PP|PSC|PEN,284.5784105515142,7.421589448485804,1.0260792427440393,false,false,12,27,PHS,PEN,"PHS, PMDB, PSD, PSDB, PTN, PRTB, PROS, PRP, PR, PRB, PTC, PSDC, PSL, PP, PSC, PEN",16,54006300,97355354,0.5547337437651348,292,0.5692007797270955,284.5784105515142,7.421589448485804,-27.578410551514196,1.0260792427440393,true,true,votes+seats,false,287,290,false,false,false,false,false
2014,seat_winning,28,17,35,0,0,PHS|PMDB|PSD|PSDB|PTN|PRTB|PROS|PRP|PR|PRB|PTC|PSDC|PSL|PP|PSC|PEN|DEM,306.10629520180265,6.893704798197348,1.0225206240650904,false,false,12,28,PHS,DEM,"PHS, PMDB, PSD, PSDB, PTN, PRTB, PROS, PRP, PR, PRB, PTC, PSDC, PSL, PP, PSC, PEN, DEM",17,58091787,97355354,0.5966984311925978,313,0.6101364522417154,306.10629520180265,6.893704798197348,-49.10629520180265,1.0225206240650904,true,true,votes+seats,false,308,292,false,false,false,false,false
2014,seat_winning,28,18,18,0,0,PMDB,56.866619138378354,8.133380861621646,1.1430255743150477,false,false,13,13,PMDB,PMDB,PMDB,1,10791949,97355354,0.11085110943153675,65,0.1267056530214425,56.866619138378354,8.133380861621646,200.13338086162165,1.1430255743150477,false,false,neither,false,0,0,false,false,false,false,false
2014,seat_winning,28,18,19,0,0,PMDB|PSD,88.31388693835986,12.686113061640143,1.143647998083185,false,false,13,14,PMDB,PSD,"PMDB, PSD",2,16759902,97355354,0.17215182639056503,101,0.1968810916179337,88.31388693835986,12.686113061640143,168.68611306164013,1.143647998083185,false,false,neither,false,36,65,false,false,false,false,false
2014,seat_winning,28,18,20,0,0,PMDB|PSD|PSDB,146.74427172233382,8.25572827766618,1.0562592882213997,false,false,13,15,PMDB,PSDB,"PMDB, PSD, PSDB",3,27848617,97355354,0.28605121193437394,155,0.30214424951267055,146.74427172233382,8.25572827766618,110.25572827766618,1.0562592882213997,false,false,neither,false,90,101,false,false,false,false,false
2014,seat_winning,28,18,21,0,0,PMDB|PSD|PSDB|PTN,150.5549749939793,8.4450250060207,1.0560926333145644,false,false,13,16,PMDB,PTN,"PMDB, PSD, PSDB, PTN",4,28571799,97355354,0.29347948341906294,159,0.30994152046783624,150.5549749939793,8.4450250060207,106.4450250060207,1.0560926333145644,false,false,neither,false,94,155,false,false,false,false,false
2014,seat_winning,28,18,23,0,0,PMDB|PSD|PSDB|PTN|PRTB,152.94826370822915,7.051736291770851,1.046105370017296,false,false,13,17,PMDB,PRTB,"PMDB, PSD, PSDB, PTN, PRTB",5,29025989,97355354,0.2981447635637995,160,0.31189083820662766,152.94826370822915,7.051736291770851,104.05173629177085,1.046105370017296,false,false,neither,false,95,159,false,false,false,false,false
2014,seat_winning,28,18,24,0,0,PMDB|PSD|PSDB|PTN|PRTB|PROS,163.36639665446648,7.6336033455335155,1.0467268881597434,false,false,13,18,PMDB,PROS,"PMDB, PSD, PSDB, PTN, PRTB, PROS",6,31003106,97355354,0.3184530149209873,171,0.3333333333333333,163.36639665446648,7.6336033455335155,93.63360334553352,1.0467268881597434,false,false,neither,false,106,160,false,false,false,false,false
2014,seat_winning,28,18,25,0,0,PMDB|PSD|PSDB|PTN|PRTB|PROS|PRP,167.1857574777038,6.814242522296212,1.0407585109228277,false,false,13,19,PMDB,PRP,"PMDB, PSD, PSDB, PTN, PRTB, PROS, PRP",7,31727931,97355354,0.3258981627245688,174,0.3391812865497076,167.1857574777038,6.814242522296212,89.81424252229621,1.0407585109228277,false,false,neither,false,109,171,false,false,false,false,false
2014,seat_winning,28,18,26,0,0,PMDB|PSD|PSDB|PTN|PRTB|PROS|PRP|PR,196.8813122491445,11.118687750855514,1.0564740636063281,false,false,13,20,PMDB,PR,"PMDB, PSD, PSDB, PTN, PRTB, PROS, PRP, PR",8,37363450,97355354,0.38378423440379045,208,0.40545808966861596,196.8813122491445,11.118687750855514,60.118687750855514,1.0564740636063281,false,false,neither,false,143,174,false,false,false,false,false
2014,seat_winning,28,18,27,0,0,PMDB|PSD|PSDB|PTN|PRTB|PROS|PRP|PR|PRB,220.19728429111356,8.802715708886439,1.0399764953379205,false,false,13,21,PMDB,PRB,"PMDB, PSD, PSDB, PTN, PRTB, PROS, PRP, PR, PRB",9,41788274,97355354,0.4292344723023656,229,0.44639376218323584,220.19728429111356,8.802715708886439,36.80271570888644,1.0399764953379205,false,false,neither,false,164,208,false,false,false,false,false
2014,seat_winning,28,18,28,0,0,PMDB|PSD|PSDB|PTN|PRTB|PROS|PRP|PR|PRB|PTC,221.9789430687089,9.021056931291099,1.0406392462572398,false,false,13,22,PMDB,PTC,"PMDB, PSD, PSDB, PTN, PRTB, PROS, PRP, PR, PRB, PTC",10,42126391,97355354,0.43270749136200565,231,0.4502923976608187,221.9789430687089,9.021056931291099,35.0210569312911,1.0406392462572398,false,false,neither,false,166,229,false,false,false,false,false
2014,seat_winning,28,18,29,0,0,PMDB|PSD|PSDB|PTN|PRTB|PROS|PRP|PR|PRB|PTC|PSDC,224.66597729180873,8.33402270819127,1.0370951703887348,false,false,13,23,PMDB,PSDC,"PMDB, PSD, PSDB, PTN, PRTB, PROS, PRP, PR, PRB, PTC, PSDC",11,42636327,97355354,0.4379453748378338,233,0.45419103313840153,224.66597729180873,8.33402270819127,32.33402270819127,1.0370951703887348,false,false,neither,false,168,231,false,false,false,false,false
2014,seat_winning,28,18,30,0,0,PMDB|PSD|PSDB|PTN|PRTB|PROS|PRP|PR|PRB|PTC|PSDC|PSL,228.92735802696583,5.072641973034166,1.0221583039124431,false,false,13,24,PMDB,PSL,"PMDB, PSD, PSDB, PTN, PRTB, PROS, PRP, PR, PRB, PTC, PSDC, PSL",12,43445037,97355354,0.44625215989661954,234,0.45614035087719296,228.92735802696583,5.072641973034166,28.072641973034166,1.0221583039124431,false,false,neither,false,169,233,false,false,false,false,false
2014,seat_winning,28,18,32,0,0,PMDB|PSD|PSDB|PTN|PRTB|PROS|PRP|PR|PRB|PTC|PSDC|PSL|PP,262.8082145744137,9.191785425586318,1.0349752592036414,true,false,13,25,PMDB,PP,"PMDB, PSD, PSDB, PTN, PRTB, PROS, PRP, PR, PRB, PTC, PSDC, PSL, PP",13,49874828,97355354,0.5122967145700071,272,0.530214424951267,262.8082145744137,9.191785425586318,-5.808214574413682,1.0349752592036414,true,true,votes+seats,false,207,234,true,false,true,false,true
2014,seat_winning,28,18,33,0,0,PMDB|PSD|PSDB|PTN|PRTB|PROS|PRP|PR|PRB|PTC|PSDC|PSL|PP|PSC,276.08920960833854,8.910790391661465,1.0322750403911198,false,false,13,26,PMDB,PSC,"PMDB, PSD, PSDB, PTN, PRTB, PROS, PRP, PR, PRB, PTC, PSDC, PSL, PP, PSC",14,52395249,97355354,0.5381855937784377,285,0.5555555555555556,276.08920960833854,8.910790391661465,-19.089209608338535,1.0322750403911198,true,true,votes+seats,false,220,272,false,false,false,false,false
2014,seat_winning,28,18,34,0,0,PMDB|PSD|PSDB|PTN|PRTB|PROS|PRP|PR|PRB|PTC|PSDC|PSL|PP|PSC|PEN,279.6090497087608,7.390950291239221,1.0264331583650015,false,false,13,27,PMDB,PEN,"PMDB, PSD, PSDB, PTN, PRTB, PROS, PRP, PR, PRB, PTC, PSDC, PSL, PP, PSC, PEN",15,53063232,97355354,0.5450468805239002,287,0.5594541910331384,279.6090497087608,7.390950291239221,-22.60904970876078,1.0264331583650015,true,true,votes+seats,false,222,285,false,false,false,false,false
2014,seat_winning,28,18,35,0,0,PMDB|PSD|PSDB|PTN|PRTB|PROS|PRP|PR|PRB|PTC|PSDC|PSL|PP|PSC|PEN|DEM,301.13693435904923,6.863065640950765,1.0227905144068705,false,false,13,28,PMDB,DEM,"PMDB, PSD, PSDB, PTN, PRTB, PROS, PRP, PR, PRB, PTC, PSDC, PSL, PP, PSC, PEN, DEM",16,57148719,97355354,0.587011567951363,308,0.6003898635477583,301.13693435904923,6.863065640950765,-44.136934359049235,1.0227905144068705,true,true,votes+seats,false,243,287,false,false,false,false,false
2014,seat_winning,28,19,19,0,0,PSD,31.4472677999815,4.5527322000185,1.1447735373697927,false,false,14,14,PSD,PSD,PSD,1,5967953,97355354,0.061300716959028265,36,0.07017543859649122,31.4472677999815,4.5527322000185,225.5527322000185,1.1447735373697927,false,false,neither,false,0,0,false,false,false,false,false
2014,seat_winning,28,19,20,0,0,PSD|PSDB,89.87765258395548,0.12234741604451926,1.0013612662606006,false,false,14,15,PSD,PSDB,"PSD, PSDB",2,17056668,97355354,0.17520010250283719,90,0.17543859649122806,89.87765258395548,0.12234741604451926,167.12234741604453,1.0013612662606006,false,false,neither,false,54,36,false,false,false,false,false
2014,seat_winning,28,19,21,0,0,PSD|PSDB|PTN,93.68835585560092,0.3116441443990823,1.003326391434165,false,false,14,16,PSD,PTN,"PSD, PSDB, PTN",3,17779850,97355354,0.18262837398752615,94,0.18323586744639375,93.68835585560092,0.3116441443990823,163.31164414439908,1.003326391434165,false,false,neither,false,58,90,false,false,false,false,false
2014,seat_winning,28,19,23,0,0,PSD|PSDB|PTN|PRTB,96.08164456985078,-1.0816445698507806,0.9887424432138604,false,false,14,17,PSD,PRTB,"PSD, PSDB, PTN, PRTB",4,18234040,97355354,0.18729365413226273,95,0.18518518518518517,96.08164456985078,-1.0816445698507806,160.91835543014923,0.9887424432138604,false,false,neither,false,59,94,false,false,false,false,false
2014,seat_winning,28,19,24,0,0,PSD|PSDB|PTN|PRTB|PROS,106.49977751608813,-0.49977751608813037,0.9953072435666579,false,false,14,18,PSD,PROS,"PSD, PSDB, PTN, PRTB, PROS",5,20211157,97355354,0.20760190548945054,106,0.20662768031189083,106.49977751608813,-0.49977751608813037,150.50022248391187,0.9953072435666579,false,false,neither,false,70,95,false,false,false,false,false
2014,seat_winning,28,19,25,0,0,PSD|PSDB|PTN|PRTB|PROS|PRP,110.31913833932543,-1.3191383393254341,0.9880425249944578,false,false,14,19,PSD,PRP,"PSD, PSDB, PTN, PRTB, PROS, PRP",6,20935982,97355354,0.21504705329303203,109,0.2124756335282651,110.31913833932543,-1.3191383393254341,146.68086166067457,0.9880425249944578,false,false,neither,false,73,106,false,false,false,false,false
2014,seat_winning,28,19,26,0,0,PSD|PSDB|PTN|PRTB|PROS|PRP|PR,140.01469311076613,2.9853068892338683,1.0213213829413759,false,false,14,20,PSD,PR,"PSD, PSDB, PTN, PRTB, PROS, PRP, PR",7,26571501,97355354,0.2729331249722537,143,0.2787524366471735,140.01469311076613,2.9853068892338683,116.98530688923387,1.0213213829413759,false,false,neither,false,107,109,false,false,false,false,false
2014,seat_winning,28,19,27,0,0,PSD|PSDB|PTN|PRTB|PROS|PRP|PR|PRB,163.3306651527352,0.6693348472647926,1.0040980353973266,false,false,14,21,PSD,PRB,"PSD, PSDB, PTN, PRTB, PROS, PRP, PR, PRB",8,30996325,97355354,0.31838336287082886,164,0.31968810916179335,163.3306651527352,0.6693348472647926,93.66933484726479,1.0040980353973266,false,false,neither,false,128,143,false,false,false,false,false
2014,seat_winning,28,19,28,0,0,PSD|PSDB|PTN|PRTB|PROS|PRP|PR|PRB|PTC,165.11232393033055,0.8876760696694532,1.005376195116992,false,false,14,22,PSD,PTC,"PSD, PSDB, PTN, PRTB, PROS, PRP, PR, PRB, PTC",9,31334442,97355354,0.3218563819304689,166,0.3235867446393762,165.11232393033055,0.8876760696694532,91.88767606966945,1.005376195116992,false,false,neither,false,130,164,false,false,false,false,false
2014,seat_winning,28,19,29,0,0,PSD|PSDB|PTN|PRTB|PROS|PRP|PR|PRB|PTC|PSDC,167.79935815343035,0.20064184656965267,1.0011957247559087,false,false,14,23,PSD,PSDC,"PSD, PSDB, PTN, PRTB, PROS, PRP, PR, PRB, PTC, PSDC",10,31844378,97355354,0.327094265406297,168,0.32748538011695905,167.79935815343035,0.20064184656965267,89.20064184656965,1.0011957247559087,false,false,neither,false,132,166,false,false,false,false,false
2014,seat_winning,28,19,30,0,0,PSD|PSDB|PTN|PRTB|PROS|PRP|PR|PRB|PTC|PSDC|PSL,172.06073888858748,-3.0607388885874798,0.982211288244151,false,false,14,24,PSD,PSL,"PSD, PSDB, PTN, PRTB, PROS, PRP, PR, PRB, PTC, PSDC, PSL",11,32653088,97355354,0.3354010504650828,169,0.32943469785575047,172.06073888858748,-3.0607388885874798,84.93926111141252,0.982211288244151,false,false,neither,false,133,168,false,false,false,false,false
2014,seat_winning,28,19,32,0,0,PSD|PSDB|PTN|PRTB|PROS|PRP|PR|PRB|PTC|PSDC|PSL|PP,205.94159543603527,1.0584045639647286,1.005139343325586,false,false,14,25,PSD,PP,"PSD, PSDB, PTN, PRTB, PROS, PRP, PR, PRB, PTC, PSDC, PSL, PP",12,39082879,97355354,0.40144560513847033,207,0.40350877192982454,205.94159543603527,1.0584045639647286,51.05840456396473,1.005139343325586,false,false,neither,false,171,169,false,false,false,false,false
2014,seat_winning,28,19,33,0,0,PSD|PSDB|PTN|PRTB|PROS|PRP|PR|PRB|PTC|PSDC|PSL|PP|PSC,219.2225904699602,0.7774095300397903,1.0035462108552464,false,false,14,26,PSD,PSC,"PSD, PSDB, PTN, PRTB, PROS, PRP, PR, PRB, PTC, PSDC, PSL, PP, PSC",13,41603300,97355354,0.42733448434690097,220,0.42884990253411304,219.2225904699602,0.7774095300397903,37.77740953003979,1.0035462108552464,false,false,neither,false,184,207,false,false,false,false,false
2014,seat_winning,28,19,34,0,0,PSD|PSDB|PTN|PRTB|PROS|PRP|PR|PRB|PTC|PSDC|PSL|PP|PSC|PEN,222.7424305703824,-0.7424305703823961,0.9966668650939956,false,false,14,27,PSD,PEN,"PSD, PSDB, PTN, PRTB, PROS, PRP, PR, PRB, PTC, PSDC, PSL, PP, PSC, PEN",14,42271283,97355354,0.43419577109236335,222,0.4327485380116959,222.7424305703824,-0.7424305703823961,34.257569429617604,0.9966668650939956,false,false,neither,false,186,220,false,false,false,false,false
2014,seat_winning,28,19,35,0,0,PSD|PSDB|PTN|PRTB|PROS|PRP|PR|PRB|PTC|PSDC|PSL|PP|PSC|PEN|DEM,244.27031522067085,-1.2703152206708523,0.9947995513923856,false,false,14,28,PSD,DEM,"PSD, PSDB, PTN, PRTB, PROS, PRP, PR, PRB, PTC, PSDC, PSL, PP, PSC, PEN, DEM",15,46356770,97355354,0.47616045851982625,243,0.47368421052631576,244.27031522067085,-1.2703152206708523,12.729684779329148,0.9947995513923856,false,false,neither,false,207,222,false,false,false,false,false
2014,seat_winning,28,20,20,0,0,PSDB,58.43038478397398,-4.430384783973977,0.9241766967588219,false,false,15,15,PSDB,PSDB,PSDB,1,11088715,97355354,0.11389938554380892,54,0.10526315789473684,58.43038478397398,-4.430384783973977,198.56961521602602,0.9241766967588219,false,false,neither,false,0,0,false,false,false,false,false
2014,seat_winning,28,20,21,0,0,PSDB|PTN,62.241088055619414,-4.241088055619414,0.931860316261992,false,false,15,16,PSDB,PTN,"PSDB, PTN",2,11811897,97355354,0.12132765702849789,58,0.11306042884990253,62.241088055619414,-4.241088055619414,194.7589119443806,0.931860316261992,false,false,neither,false,4,54,false,false,false,false,false
2014,seat_winning,28,20,23,0,0,PSDB|PTN|PRTB,64.63437676986928,-5.634376769869277,0.9128269343428423,false,false,15,17,PSDB,PRTB,"PSDB, PTN, PRTB",3,12266087,97355354,0.12599293717323445,59,0.11500974658869395,64.63437676986928,-5.634376769869277,192.36562323013072,0.9128269343428423,false,false,neither,false,5,58,false,false,false,false,false
2014,seat_winning,28,20,24,0,0,PSDB|PTN|PRTB|PROS,75.05250971610661,-5.052509716106613,0.9326803362709892,false,false,15,18,PSDB,PROS,"PSDB, PTN, PRTB, PROS",4,14243204,97355354,0.14630118853042226,70,0.1364522417153996,75.05250971610661,-5.052509716106613,181.9474902838934,0.9326803362709892,false,false,neither,false,16,59,false,false,false,false,false
2014,seat_winning,28,20,25,0,0,PSDB|PTN|PRTB|PROS|PRP,78.87187053934394,-5.871870539343945,0.9255517778494317,false,false,15,19,PSDB,PRP,"PSDB, PTN, PRTB, PROS, PRP",5,14968029,97355354,0.15374633633400378,73,0.14230019493177387,78.87187053934394,-5.871870539343945,178.12812946065606,0.9255517778494317,false,false,neither,false,19,70,false,false,false,false,false
2014,seat_winning,28,20,26,0,0,PSDB|PTN|PRTB|PROS|PRP|PR,108.56742531078466,-1.5674253107846567,0.9855626555912351,false,false,15,20,PSDB,PR,"PSDB, PTN, PRTB, PROS, PRP, PR",6,20603548,97355354,0.21163240801322544,107,0.20857699805068225,108.56742531078466,-1.5674253107846567,148.43257468921536,0.9855626555912351,false,false,neither,false,53,73,false,false,false,false,false
2014,seat_winning,28,20,27,0,0,PSDB|PTN|PRTB|PROS|PRP|PR|PRB,131.8833973527537,-3.88339735275369,0.9705543121370568,false,false,15,21,PSDB,PRB,"PSDB, PTN, PRTB, PROS, PRP, PR, PRB",7,25028372,97355354,0.2570826459118006,128,0.24951267056530213,131.8833973527537,-3.88339735275369,125.11660264724631,0.9705543121370568,false,false,neither,false,74,107,false,false,false,false,false
2014,seat_winning,28,20,28,0,0,PSDB|PTN|PRTB|PROS|PRP|PR|PRB|PTC,133.66505613034903,-3.665056130349029,0.9725802970764857,false,false,15,22,PSDB,PTC,"PSDB, PTN, PRTB, PROS, PRP, PR, PRB, PTC",8,25366489,97355354,0.2605556649714406,130,0.253411306042885,133.66505613034903,-3.665056130349029,123.33494386965097,0.9725802970764857,false,false,neither,false,76,128,false,false,false,false,false
2014,seat_winning,28,20,29,0,0,PSDB|PTN|PRTB|PROS|PRP|PR|PRB|PTC|PSDC,136.3520903534489,-4.352090353448887,0.9680819682179607,false,false,15,23,PSDB,PSDC,"PSDB, PTN, PRTB, PROS, PRP, PR, PRB, PTC, PSDC",9,25876425,97355354,0.26579354844726877,132,0.2573099415204678,136.3520903534489,-4.352090353448887,120.64790964655111,0.9680819682179607,false,false,neither,false,78,130,false,false,false,false,false
2014,seat_winning,28,20,30,0,0,PSDB|PTN|PRTB|PROS|PRP|PR|PRB|PTC|PSDC|PSL,140.61347108860596,-7.613471088605962,0.9458553221845407,false,false,15,24,PSDB,PSL,"PSDB, PTN, PRTB, PROS, PRP, PR, PRB, PTC, PSDC, PSL",10,26685135,97355354,0.2741003335060545,133,0.25925925925925924,140.61347108860596,-7.613471088605962,116.38652891139404,0.9458553221845407,false,false,neither,false,79,132,false,false,false,false,false
2014,seat_winning,28,20,32,0,0,PSDB|PTN|PRTB|PROS|PRP|PR|PRB|PTC|PSDC|PSL|PP,174.4943276360538,-3.4943276360538107,0.9799745488383897,false,false,15,25,PSDB,PP,"PSDB, PTN, PRTB, PROS, PRP, PR, PRB, PTC, PSDC, PSL, PP",11,33114926,97355354,0.3401448881794421,171,0.3333333333333333,174.4943276360538,-3.4943276360538107,82.50567236394619,0.9799745488383897,false,false,neither,false,117,133,false,false,false,false,false
2014,seat_winning,28,20,33,0,0,PSDB|PTN|PRTB|PROS|PRP|PR|PRB|PTC|PSDC|PSL|PP|PSC,187.7753226699787,-3.775322669978692,0.9798944684727612,false,false,15,26,PSDB,PSC,"PSDB, PTN, PRTB, PROS, PRP, PR, PRB, PTC, PSDC, PSL, PP, PSC",12,35635347,97355354,0.3660337673878727,184,0.3586744639376218,187.7753226699787,-3.775322669978692,69.22467733002131,0.9798944684727612,false,false,neither,false,130,171,false,false,false,false,false
2014,seat_winning,28,20,34,0,0,PSDB|PTN|PRTB|PROS|PRP|PR|PRB|PTC|PSDC|PSL|PP|PSC|PEN,191.29516277040088,-5.295162770400879,0.9723194110414788,false,false,15,27,PSDB,PEN,"PSDB, PTN, PRTB, PROS, PRP, PR, PRB, PTC, PSDC, PSL, PP, PSC, PEN",13,36303330,97355354,0.37289505413333507,186,0.36257309941520466,191.29516277040088,-5.295162770400879,65.70483722959912,0.9723194110414788,false,false,neither,false,132,184,false,false,false,false,false
2014,seat_winning,28,20,35,0,0,PSDB|PTN|PRTB|PROS|PRP|PR|PRB|PTC|PSDC|PSL|PP|PSC|PEN|DEM,212.82304742068936,-5.823047420689363,0.9726390186999865,false,false,15,28,PSDB,DEM,"PSDB, PTN, PRTB, PROS, PRP, PR, PRB, PTC, PSDC, PSL, PP, PSC, PEN, DEM",14,40388817,97355354,0.41485974156079797,207,0.40350877192982454,212.82304742068936,-5.823047420689363,44.17695257931064,0.9726390186999865,false,false,neither,false,153,186,false,false,false,false,false
2014,seat_winning,28,21,21,0,0,PTN,3.81070327164544,0.1892967283545599,1.049675011372067,false,false,16,16,PTN,PTN,PTN,1,723182,97355354,0.007428271484688967,4,0.007797270955165692,3.81070327164544,0.1892967283545599,253.18929672835455,1.049675011372067,false,false,neither,false,0,0,false,false,false,false,false
2014,seat_winning,28,21,23,0,0,PTN|PRTB,6.203991985895301,-1.2039919858953008,0.8059326980704421,false,false,16,17,PTN,PRTB,"PTN, PRTB",2,1177372,97355354,0.012093551629425537,5,0.009746588693957114,6.203991985895301,-1.2039919858953008,250.7960080141047,0.8059326980704421,false,false,neither,false,1,4,false,false,false,false,false
2014,seat_winning,28,21,24,0,0,PTN|PRTB|PROS,16.62212493213265,-0.6221249321326496,0.9625724788694131,false,false,16,18,PTN,PROS,"PTN, PRTB, PROS",3,3154489,97355354,0.032401802986613354,16,0.031189083820662766,16.62212493213265,-0.6221249321326496,240.37787506786736,0.9625724788694131,false,false,neither,false,12,5,false,false,false,false,false
2014,seat_winning,28,21,25,0,0,PTN|PRTB|PROS|PRP,20.441485755369964,-1.441485755369964,0.9294823393651175,false,false,16,19,PTN,PRP,"PTN, PRTB, PROS, PRP",4,3879314,97355354,0.03984695079019486,19,0.037037037037037035,20.441485755369964,-1.441485755369964,236.55851424463003,0.9294823393651175,false,false,neither,false,15,16,false,false,false,false,false
2014,seat_winning,28,21,26,0,0,PTN|PRTB|PROS|PRP|PR,50.13704052681068,2.8629594731893206,1.057102681831776,false,false,16,20,PTN,PR,"PTN, PRTB, PROS, PRP, PR",5,9514833,97355354,0.09773302246941652,53,0.10331384015594541,50.13704052681068,2.8629594731893206,206.86295947318933,1.057102681831776,false,false,neither,false,49,19,false,false,false,false,false
2014,seat_winning,28,21,27,0,0,PTN|PRTB|PROS|PRP|PR|PRB,73.45301256877973,0.5469874312202734,1.0074467664713969,false,false,16,21,PTN,PRB,"PTN, PRTB, PROS, PRP, PR, PRB",6,13939657,97355354,0.14318326036799167,74,0.1442495126705653,73.45301256877973,0.5469874312202734,183.54698743122026,1.0074467664713969,false,false,neither,false,70,53,false,false,false,false,false
2014,seat_winning,28,21,28,0,0,PTN|PRTB|PROS|PRP|PR|PRB|PTC,75.23467134637505,0.7653286536249482,1.0101725526267196,false,false,16,22,PTN,PTC,"PTN, PRTB, PROS, PRP, PR, PRB, PTC",7,14277774,97355354,0.14665627942763168,76,0.14814814814814814,75.23467134637505,0.7653286536249482,181.76532865362495,1.0101725526267196,false,false,neither,false,72,74,false,false,false,false,false
2014,seat_winning,28,21,29,0,0,PTN|PRTB|PROS|PRP|PR|PRB|PTC|PSDC,77.9217055694749,0.07829443052510499,1.0010047833264546,false,false,16,23,PTN,PSDC,"PTN, PRTB, PROS, PRP, PR, PRB, PTC, PSDC",8,14787710,97355354,0.15189416290345983,78,0.15204678362573099,77.9217055694749,0.07829443052510499,179.0782944305251,1.0010047833264546,false,false,neither,false,74,76,false,false,false,false,false
2014,seat_winning,28,21,30,0,0,PTN|PRTB|PROS|PRP|PR|PRB|PTC|PSDC|PSL,82.183086304632,-3.183086304631999,0.9612683527991015,false,false,16,24,PTN,PSL,"PTN, PRTB, PROS, PRP, PR, PRB, PTC, PSDC, PSL",9,15596420,97355354,0.1602009479622456,79,0.1539961013645224,82.183086304632,-3.183086304631999,174.816913695368,0.9612683527991015,false,false,neither,false,75,78,false,false,false,false,false
2014,seat_winning,28,21,32,0,0,PTN|PRTB|PROS|PRP|PR|PRB|PTC|PSDC|PSL|PP,116.06394285207982,0.9360571479201809,1.0080650124829307,false,false,16,25,PTN,PP,"PTN, PRTB, PROS, PRP, PR, PRB, PTC, PSDC, PSL, PP",10,22026211,97355354,0.22624550263563317,117,0.22807017543859648,116.06394285207982,0.9360571479201809,140.93605714792017,1.0080650124829307,false,false,neither,false,113,79,false,false,false,false,false
2014,seat_winning,28,21,33,0,0,PTN|PRTB|PROS|PRP|PR|PRB|PTC|PSDC|PSL|PP|PSC,129.34493788600471,0.6550621139952852,1.0050644588392985,false,false,16,26,PTN,PSC,"PTN, PRTB, PROS, PRP, PR, PRB, PTC, PSDC, PSL, PP, PSC",11,24546632,97355354,0.2521343818440638,130,0.253411306042885,129.34493788600471,0.6550621139952852,127.65506211399529,1.0050644588392985,false,false,neither,false,126,117,false,false,false,false,false
2014,seat_winning,28,21,34,0,0,PTN|PRTB|PROS|PRP|PR|PRB|PTC|PSDC|PSL|PP|PSC|PEN,132.86477798642693,-0.8647779864269296,0.9934912924287935,false,false,16,27,PTN,PEN,"PTN, PRTB, PROS, PRP, PR, PRB, PTC, PSDC, PSL, PP, PSC, PEN",12,25214615,97355354,0.25899566858952616,132,0.2573099415204678,132.86477798642693,-0.8647779864269296,124.13522201357307,0.9934912924287935,false,false,neither,false,128,130,false,false,false,false,false
2014,seat_winning,28,21,35,0,0,PTN|PRTB|PROS|PRP|PR|PRB|PTC|PSDC|PSL|PP|PSC|PEN|DEM,154.3926626367154,-1.3926626367153858,0.9909797356109318,false,false,16,28,PTN,DEM,"PTN, PRTB, PROS, PRP, PR, PRB, PTC, PSDC, PSL, PP, PSC, PEN, DEM",13,29300102,97355354,0.30096035601698906,153,0.2982456140350877,154.3926626367154,-1.3926626367153858,102.60733736328461,0.9909797356109318,false,false,neither,false,149,132,false,false,false,false,false
2014,seat_winning,28,23,23,0,0,PRTB,2.3932887142498602,-1.3932887142498602,0.4178350877793842,false,false,17,17,PRTB,PRTB,PRTB,1,454190,97355354,0.00466528014473657,1,0.001949317738791423,2.3932887142498602,-1.3932887142498602,254.60671128575015,0.4178350877793842,false,false,neither,false,0,0,false,false,false,false,false
2014,seat_winning,28,23,24,0,0,PRTB|PROS,12.811421660487209,-0.8114216604872091,0.9366641984011983,false,false,17,18,PRTB,PROS,"PRTB, PROS",2,2431307,97355354,0.024973531501924384,12,0.023391812865497075,12.811421660487209,-0.8114216604872091,244.1885783395128,0.9366641984011983,false,false,neither,false,11,1,false,false,false,false,false
2014,seat_winning,28,23,25,0,0,PRTB|PROS|PRP,16.63078248372452,-1.63078248372452,0.9019419269465846,false,false,17,19,PRTB,PRP,"PRTB, PROS, PRP",3,3156132,97355354,0.03241867930550589,15,0.029239766081871343,16.63078248372452,-1.63078248372452,240.36921751627548,0.9019419269465846,false,false,neither,false,14,12,false,false,false,false,false
2014,seat_winning,28,23,26,0,0,PRTB|PROS|PRP|PR,46.326337255165235,2.6736627448347647,1.0577136657730621,false,false,17,20,PRTB,PR,"PRTB, PROS, PRP, PR",4,8791651,97355354,0.09030475098472755,49,0.09551656920077972,46.326337255165235,2.6736627448347647,210.67366274483476,1.0577136657730621,false,false,neither,false,48,15,false,false,false,false,false
2014,seat_winning,28,23,27,0,0,PRTB|PROS|PRP|PR|PRB,69.64230929713429,0.35769070286571036,1.0051361120341313,false,false,17,21,PRTB,PRB,"PRTB, PROS, PRP, PR, PRB",5,13216475,97355354,0.1357549888833027,70,0.1364522417153996,69.64230929713429,0.35769070286571036,187.3576907028657,1.0051361120341313,false,false,neither,false,69,49,false,false,false,false,false
2014,seat_winning,28,23,28,0,0,PRTB|PROS|PRP|PR|PRB|PTC,71.42396807472961,0.5760319252703852,1.0080649667163226,false,false,17,22,PRTB,PTC,"PRTB, PROS, PRP, PR, PRB, PTC",6,13554592,97355354,0.1392280079429427,72,0.14035087719298245,71.42396807472961,0.5760319252703852,185.5760319252704,1.0080649667163226,false,false,neither,false,71,70,false,false,false,false,false
2014,seat_winning,28,23,29,0,0,PRTB|PROS|PRP|PR|PRB|PTC|PSDC,74.11100229782946,-0.11100229782945803,0.9985022156712525,false,false,17,23,PRTB,PSDC,"PRTB, PROS, PRP, PR, PRB, PTC, PSDC",7,14064528,97355354,0.14446589141877086,74,0.1442495126705653,74.11100229782946,-0.11100229782945803,182.88899770217054,0.9985022156712525,false,false,neither,false,73,72,false,false,false,false,false
2014,seat_winning,28,23,30,0,0,PRTB|PROS|PRP|PR|PRB|PTC|PSDC|PSL,78.37238303298655,-3.372383032986548,0.9569697525776761,false,false,17,24,PRTB,PSL,"PRTB, PROS, PRP, PR, PRB, PTC, PSDC, PSL",8,14873238,97355354,0.15277267647755663,75,0.14619883040935672,78.37238303298655,-3.372383032986548,178.62761696701347,0.9569697525776761,false,false,neither,false,74,74,false,false,false,false,false
2014,seat_winning,28,23,32,0,0,PRTB|PROS|PRP|PR|PRB|PTC|PSDC|PSL|PP,112.25323958043438,0.7467604195656179,1.0066524620791057,false,false,17,25,PRTB,PP,"PRTB, PROS, PRP, PR, PRB, PTC, PSDC, PSL, PP",9,21303029,97355354,0.2188172311509442,113,0.2202729044834308,112.25323958043438,0.7467604195656179,144.74676041956562,1.0066524620791057,false,false,neither,false,112,75,false,false,false,false,false
2014,seat_winning,28,23,33,0,0,PRTB|PROS|PRP|PR|PRB|PTC|PSDC|PSL|PP|PSC,125.53423461435926,0.46576538564073644,1.0037102658654953,false,false,17,26,PRTB,PSC,"PRTB, PROS, PRP, PR, PRB, PTC, PSDC, PSL, PP, PSC",10,23823450,97355354,0.24470611035937478,126,0.24561403508771928,125.53423461435926,0.46576538564073644,131.46576538564074,1.0037102658654953,false,false,neither,false,125,113,false,false,false,false,false
2014,seat_winning,28,23,34,0,0,PRTB|PROS|PRP|PR|PRB|PTC|PSDC|PSL|PP|PSC|PEN,129.05407471478148,-1.0540747147814784,0.9918323019469857,false,false,17,27,PRTB,PEN,"PRTB, PROS, PRP, PR, PRB, PTC, PSDC, PSL, PP, PSC, PEN",11,24491433,97355354,0.25156739710483716,128,0.24951267056530213,129.05407471478148,-1.0540747147814784,127.94592528521852,0.9918323019469857,false,false,neither,false,127,126,false,false,false,false,false
2014,seat_winning,28,23,35,0,0,PRTB|PROS|PRP|PR|PRB|PTC|PSDC|PSL|PP|PSC|PEN|DEM,150.58195936506996,-1.581959365069963,0.9894943632574559,false,false,17,28,PRTB,DEM,"PRTB, PROS, PRP, PR, PRB, PTC, PSDC, PSL, PP, PSC, PEN, DEM",12,28576920,97355354,0.2935320845323001,149,0.290448343079922,150.58195936506996,-1.581959365069963,106.41804063493004,0.9894943632574559,false,false,neither,false,148,128,false,false,false,false,false
2014,seat_winning,28,24,24,0,0,PROS,10.418132946237348,0.581867053762652,1.0558513753630685,false,false,18,18,PROS,PROS,PROS,1,1977117,97355354,0.020308251357187813,11,0.021442495126705652,10.418132946237348,0.581867053762652,246.58186705376266,1.0558513753630685,false,false,neither,false,0,0,false,false,false,false,false
2014,seat_winning,28,24,25,0,0,PROS|PRP,14.23749376947466,-0.2374937694746606,0.9833191309285171,false,false,18,19,PROS,PRP,"PROS, PRP",2,2701942,97355354,0.02775339916076932,14,0.02729044834307992,14.23749376947466,-0.2374937694746606,242.76250623052533,0.9833191309285171,false,false,neither,false,3,11,false,false,false,false,false
2014,seat_winning,28,24,26,0,0,PROS|PRP|PR,43.93304854091538,4.0669514590846205,1.092571574114576,false,false,18,20,PROS,PR,"PROS, PRP, PR",3,8337461,97355354,0.08563947083999099,48,0.0935672514619883,43.93304854091538,4.0669514590846205,213.06695145908463,1.092571574114576,false,false,neither,false,37,14,false,false,false,false,false
2014,seat_winning,28,24,27,0,0,PROS|PRP|PR|PRB,67.24902058288444,1.750979417115559,1.0260372478578699,false,false,18,21,PROS,PRB,"PROS, PRP, PR, PRB",4,12762285,97355354,0.13108970873856615,69,0.13450292397660818,67.24902058288444,1.750979417115559,189.75097941711556,1.0260372478578699,false,false,neither,false,58,48,false,false,false,false,false
2014,seat_winning,28,24,28,0,0,PROS|PRP|PR|PRB|PTC,69.03067936047975,1.969320639520248,1.0285281943878375,false,false,18,22,PROS,PTC,"PROS, PRP, PR, PRB, PTC",5,13100402,97355354,0.13456272779820613,71,0.13840155945419103,69.03067936047975,1.969320639520248,187.96932063952025,1.0285281943878375,false,false,neither,false,60,69,false,false,false,false,false
2014,seat_winning,28,24,29,0,0,PROS|PRP|PR|PRB|PTC|PSDC,71.7177135835796,1.2822864164204049,1.0178796332502433,false,false,18,23,PROS,PSDC,"PROS, PRP, PR, PRB, PTC, PSDC",6,13610338,97355354,0.1398006112740343,73,0.14230019493177387,71.7177135835796,1.2822864164204049,185.2822864164204,1.0178796332502433,false,false,neither,false,62,71,false,false,false,false,false
2014,seat_winning,28,24,30,0,0,PROS|PRP|PR|PRB|PTC|PSDC|PSL,75.9790943187367,-1.9790943187366992,0.9739521201656566,false,false,18,24,PROS,PSL,"PROS, PRP, PR, PRB, PTC, PSDC, PSL",7,14419048,97355354,0.14810739633282008,74,0.1442495126705653,75.9790943187367,-1.9790943187366992,181.0209056812633,0.9739521201656566,false,false,neither,false,63,73,false,false,false,false,false
2014,seat_winning,28,24,32,0,0,PROS|PRP|PR|PRB|PTC|PSDC|PSL|PP,109.8599508661845,2.140049133815495,1.0194797932908435,false,false,18,25,PROS,PP,"PROS, PRP, PR, PRB, PTC, PSDC, PSL, PP",8,20848839,97355354,0.21415195100620762,112,0.21832358674463936,109.8599508661845,2.140049133815495,147.1400491338155,1.0194797932908435,false,false,neither,false,101,74,false,false,false,false,false
2014,seat_winning,28,24,33,0,0,PROS|PRP|PR|PRB|PTC|PSDC|PSL|PP|PSC,123.14094590010941,1.8590540998905851,1.015096961342157,false,false,18,26,PROS,PSC,"PROS, PRP, PR, PRB, PTC, PSDC, PSL, PP, PSC",9,23369260,97355354,0.24004083021463823,125,0.24366471734892786,123.14094590010941,1.8590540998905851,133.85905409989059,1.015096961342157,false,false,neither,false,114,112,false,false,false,false,false
2014,seat_winning,28,24,34,0,0,PROS|PRP|PR|PRB|PTC|PSDC|PSL|PP|PSC|PEN,126.66078600053162,0.3392139994683845,1.0026781295946399,false,false,18,27,PROS,PEN,"PROS, PRP, PR, PRB, PTC, PSDC, PSL, PP, PSC, PEN",10,24037243,97355354,0.24690211696010061,127,0.2475633528265107,126.66078600053162,0.3392139994683845,130.33921399946837,1.0026781295946399,false,false,neither,false,116,125,false,false,false,false,false
2014,seat_winning,28,24,35,0,0,PROS|PRP|PR|PRB|PTC|PSDC|PSL|PP|PSC|PEN|DEM,148.1886706508201,-0.18867065082008594,0.9987268213555633,false,false,18,28,PROS,DEM,"PROS, PRP, PR, PRB, PTC, PSDC, PSL, PP, PSC, PEN, DEM",11,28122730,97355354,0.2888668043875635,148,0.2884990253411306,148.1886706508201,-0.18867065082008594,108.81132934917991,0.9987268213555633,false,false,neither,false,137,127,false,false,false,false,false
2014,seat_winning,28,25,25,0,0,PRP,3.8193608232373126,-0.8193608232373126,0.7854717422213024,false,false,19,19,PRP,PRP,PRP,1,724825,97355354,0.007445147803581506,3,0.005847953216374269,3.8193608232373126,-0.8193608232373126,253.1806391767627,0.7854717422213024,false,false,neither,false,0,0,false,false,false,false,false
2014,seat_winning,28,25,26,0,0,PRP|PR,33.51491559467802,3.4850844053219774,1.1039860713799736,false,false,19,20,PRP,PR,"PRP, PR",2,6360344,97355354,0.06533121948280317,37,0.07212475633528265,33.51491559467802,3.4850844053219774,223.48508440532197,1.1039860713799736,false,false,neither,false,34,3,false,false,false,false,false
2014,seat_winning,28,25,27,0,0,PRP|PR|PRB,56.830887636647084,1.169112363352916,1.0205717772847,false,false,19,21,PRP,PRB,"PRP, PR, PRB",3,10785168,97355354,0.11078145738137833,58,0.11306042884990253,56.830887636647084,1.169112363352916,200.16911236335292,1.0205717772847,false,false,neither,false,55,37,false,false,false,false,false
2014,seat_winning,28,25,28,0,0,PRP|PR|PRB|PTC,58.61254641424241,1.3874535857575907,1.0236716141959061,false,false,19,22,PRP,PTC,"PRP, PR, PRB, PTC",4,11123285,97355354,0.11425447644101834,60,0.11695906432748537,58.61254641424241,1.3874535857575907,198.38745358575758,1.0236716141959061,false,false,neither,false,57,58,false,false,false,false,false
2014,seat_winning,28,25,29,0,0,PRP|PR|PRB|PTC|PSDC,61.299580637342245,0.7004193626577546,1.0114261689129904,false,false,19,23,PRP,PSDC,"PRP, PR, PRB, PTC, PSDC",5,11633221,97355354,0.11949235991684648,62,0.12085769980506822,61.299580637342245,0.7004193626577546,195.70041936265775,1.0114261689129904,false,false,neither,false,59,60,false,false,false,false,false
2014,seat_winning,28,25,30,0,0,PRP|PR|PRB|PTC|PSDC|PSL,65.56096137249935,-2.5609613724993494,0.96093770867775,false,false,19,24,PRP,PSL,"PRP, PR, PRB, PTC, PSDC, PSL",6,12441931,97355354,0.12779914497563227,63,0.12280701754385964,65.56096137249935,-2.5609613724993494,191.43903862750065,0.96093770867775,false,false,neither,false,60,62,false,false,false,false,false
2014,seat_winning,28,25,32,0,0,PRP|PR|PRB|PTC|PSDC|PSL|PP,99.44181791994717,1.5581820800528305,1.015669283935529,false,false,19,25,PRP,PP,"PRP, PR, PRB, PTC, PSDC, PSL, PP",7,18871722,97355354,0.19384369964901982,101,0.1968810916179337,99.44181791994717,1.5581820800528305,157.55818208005283,1.015669283935529,false,false,neither,false,98,63,false,false,false,false,false
2014,seat_winning,28,25,33,0,0,PRP|PR|PRB|PTC|PSDC|PSL|PP|PSC,112.72281295387205,1.277187046127949,1.0113303333429995,false,false,19,26,PRP,PSC,"PRP, PR, PRB, PTC, PSDC, PSL, PP, PSC",8,21392143,97355354,0.2197325788574504,114,0.2222222222222222,112.72281295387205,1.277187046127949,144.27718704612795,1.0113303333429995,false,false,neither,false,111,101,false,false,false,false,false
2014,seat_winning,28,25,34,0,0,PRP|PR|PRB|PTC|PSDC|PSL|PP|PSC|PEN,116.24265305429427,-0.24265305429426576,0.9979125299714131,false,false,19,27,PRP,PEN,"PRP, PR, PRB, PTC, PSDC, PSL, PP, PSC, PEN",9,22060126,97355354,0.2265938656029128,116,0.22612085769980506,116.24265305429427,-0.24265305429426576,140.75734694570573,0.9979125299714131,false,false,neither,false,113,114,false,false,false,false,false
2014,seat_winning,28,25,35,0,0,PRP|PR|PRB|PTC|PSDC|PSL|PP|PSC|PEN|DEM,137.77053770458275,-0.7705377045827504,0.9944070937268533,false,false,19,28,PRP,DEM,"PRP, PR, PRB, PTC, PSDC, PSL, PP, PSC, PEN, DEM",10,26145613,97355354,0.26855855303037574,137,0.26705653021442494,137.77053770458275,-0.7705377045827504,119.22946229541725,0.9944070937268533,false,false,neither,false,134,116,false,false,false,false,false
2014,seat_winning,28,26,26,0,0,PR,29.695554771440715,4.304445228559285,1.1449525109629886,false,false,20,20,PR,PR,PR,1,5635519,97355354,0.05788607167922167,34,0.06627680311890838,29.695554771440715,4.304445228559285,227.30444522855927,1.1449525109629886,false,false,neither,false,0,0,false,false,false,false,false
2014,seat_winning,28,26,27,0,0,PR|PRB,53.01152681340977,1.9884731865902268,1.0375102040276876,false,false,20,21,PR,PRB,"PR, PRB",2,10060343,97355354,0.10333630957779683,55,0.10721247563352826,53.01152681340977,1.9884731865902268,203.98847318659023,1.0375102040276876,false,false,neither,false,21,34,false,false,false,false,false
2014,seat_winning,28,26,28,0,0,PR|PRB|PTC,54.7931855910051,2.2068144089949016,1.0402753441909238,false,false,20,22,PR,PTC,"PR, PRB, PTC",3,10398460,97355354,0.10680932863743683,57,0.1111111111111111,54.7931855910051,2.2068144089949016,202.2068144089949,1.0402753441909238,false,false,neither,false,23,55,false,false,false,false,false
2014,seat_winning,28,26,29,0,0,PR|PRB|PTC|PSDC,57.480219814104935,1.5197801858950655,1.0264400552191717,false,false,20,23,PR,PSDC,"PR, PRB, PTC, PSDC",4,10908396,97355354,0.11204721211326497,59,0.11500974658869395,57.480219814104935,1.5197801858950655,199.51978018589506,1.0264400552191717,false,false,neither,false,25,57,false,false,false,false,false
2014,seat_winning,28,26,30,0,0,PR|PRB|PTC|PSDC|PSL,61.74160054926204,-1.7416005492620386,0.9717921055857232,false,false,20,24,PR,PSL,"PR, PRB, PTC, PSDC, PSL",5,11717106,97355354,0.12035399717205075,60,0.11695906432748537,61.74160054926204,-1.7416005492620386,195.25839945073795,0.9717921055857232,false,false,neither,false,26,59,false,false,false,false,false
2014,seat_winning,28,26,32,0,0,PR|PRB|PTC|PSDC|PSL|PP,95.62245709670985,2.3775429032901485,1.0248638549507838,false,false,20,25,PR,PP,"PR, PRB, PTC, PSDC, PSL, PP",6,18146897,97355354,0.1863985518454383,98,0.19103313840155944,95.62245709670985,2.3775429032901485,161.37754290329013,1.0248638549507838,false,false,neither,false,64,60,false,false,false,false,false
2014,seat_winning,28,26,33,0,0,PR|PRB|PTC|PSDC|PSL|PP|PSC,108.90345213063475,2.096547869365253,1.019251436280003,false,false,20,26,PR,PSC,"PR, PRB, PTC, PSDC, PSL, PP, PSC",7,20667318,97355354,0.2122874310538689,111,0.21637426900584794,108.90345213063475,2.096547869365253,148.09654786936525,1.019251436280003,false,false,neither,false,77,98,false,false,false,false,false
2014,seat_winning,28,26,34,0,0,PR|PRB|PTC|PSDC|PSL|PP|PSC|PEN,112.42329223105696,0.576707768943038,1.0051297890098945,false,false,20,27,PR,PEN,"PR, PRB, PTC, PSDC, PSL, PP, PSC, PEN",8,21335301,97355354,0.21914871779933132,113,0.2202729044834308,112.42329223105696,0.576707768943038,144.57670776894304,1.0051297890098945,false,false,neither,false,79,111,false,false,false,false,false
2014,seat_winning,28,26,35,0,0,PR|PRB|PTC|PSDC|PSL|PP|PSC|PEN|DEM,133.95117688134542,0.048823118654581776,1.0003644844322483,false,false,20,28,PR,DEM,"PR, PRB, PTC, PSDC, PSL, PP, PSC, PEN, DEM",9,25420788,97355354,0.2611134052267942,134,0.26120857699805067,133.95117688134542,0.048823118654581776,123.04882311865458,1.0003644844322483,false,false,neither,false,100,113,false,false,false,false,false
2014,seat_winning,28,27,27,0,0,PRB,23.31597204196905,-2.315972041969051,0.9006701484372913,false,false,21,21,PRB,PRB,PRB,1,4424824,97355354,0.04545023789857515,21,0.04093567251461988,23.31597204196905,-2.315972041969051,233.68402795803095,0.9006701484372913,false,false,neither,false,0,0,false,false,false,false,false
2014,seat_winning,28,27,28,0,0,PRB|PTC,25.097630819564376,-2.097630819564376,0.9164211620353739,false,false,21,22,PRB,PTC,"PRB, PTC",2,4762941,97355354,0.04892325695821516,23,0.04483430799220273,25.097630819564376,-2.097630819564376,231.9023691804356,0.9164211620353739,false,false,neither,false,2,21,false,false,false,false,false
2014,seat_winning,28,27,29,0,0,PRB|PTC|PSDC,27.78466504266422,-2.784665042664219,0.8997769079314695,false,false,21,23,PRB,PSDC,"PRB, PTC, PSDC",3,5272877,97355354,0.05416114043404331,25,0.04873294346978557,27.78466504266422,-2.784665042664219,229.21533495733578,0.8997769079314695,false,false,neither,false,4,23,false,false,false,false,false
2014,seat_winning,28,27,30,0,0,PRB|PTC|PSDC|PSL,32.04604577782132,-6.04604577782132,0.8113325488037056,false,false,21,24,PRB,PSL,"PRB, PTC, PSDC, PSL",4,6081587,97355354,0.062467925492829084,26,0.050682261208576995,32.04604577782132,-6.04604577782132,224.95395422217868,0.8113325488037056,false,false,neither,false,5,25,false,false,false,false,false
2014,seat_winning,28,27,32,0,0,PRB|PTC|PSDC|PSL|PP,65.92690232526914,-1.9269023252691397,0.970772139182845,false,false,21,25,PRB,PP,"PRB, PTC, PSDC, PSL, PP",5,12511378,97355354,0.12851248016621664,64,0.12475633528265107,65.92690232526914,-1.9269023252691397,191.07309767473086,0.970772139182845,false,false,neither,false,43,26,false,false,false,false,false
2014,seat_winning,28,27,33,0,0,PRB|PTC|PSDC|PSL|PP|PSC,79.20789735919404,-2.2078973591940354,0.9721252875937155,false,false,21,26,PRB,PSC,"PRB, PTC, PSDC, PSL, PP, PSC",6,15031799,97355354,0.15440135937464725,77,0.15009746588693956,79.20789735919404,-2.2078973591940354,177.79210264080598,0.9721252875937155,false,false,neither,false,56,64,false,false,false,false,false
2014,seat_winning,28,27,34,0,0,PRB|PTC|PSDC|PSL|PP|PSC|PEN,82.72773745961624,-3.727737459616236,0.954939690434107,false,false,21,27,PRB,PEN,"PRB, PTC, PSDC, PSL, PP, PSC, PEN",7,15699782,97355354,0.16126264612010963,79,0.1539961013645224,82.72773745961624,-3.727737459616236,174.27226254038376,0.954939690434107,false,false,neither,false,58,77,false,false,false,false,false
2014,seat_winning,28,27,35,0,0,PRB|PTC|PSDC|PSL|PP|PSC|PEN|DEM,104.2556221099047,-4.2556221099047065,0.9591808861356321,false,false,21,28,PRB,DEM,"PRB, PTC, PSDC, PSL, PP, PSC, PEN, DEM",8,19785269,97355354,0.20322733354757253,100,0.1949317738791423,104.2556221099047,-4.2556221099047065,152.74437789009528,0.9591808861356321,false,false,neither,false,79,79,false,false,false,false,false
2014,seat_winning,28,28,28,0,0,PTC,1.7816587775953237,0.21834122240467635,1.122549404605616,false,false,22,22,PTC,PTC,PTC,1,338117,97355354,0.0034730190596400073,2,0.003898635477582846,1.7816587775953237,0.21834122240467635,255.2183412224047,1.122549404605616,false,false,neither,false,0,0,false,false,false,false,false
2014,seat_winning,28,28,29,0,0,PTC|PSDC,4.468693000695165,-0.46869300069516484,0.8951163123932986,false,false,22,23,PTC,PSDC,"PTC, PSDC",2,848053,97355354,0.008710902535468157,4,0.007797270955165692,4.468693000695165,-0.46869300069516484,252.53130699930483,0.8951163123932986,false,false,neither,false,2,2,false,false,false,false,false
2014,seat_winning,28,28,30,0,0,PTC|PSDC|PSL,8.730073735852269,-3.730073735852269,0.5727328486890355,false,false,22,24,PTC,PSL,"PTC, PSDC, PSL",3,1656763,97355354,0.017017687594253934,5,0.009746588693957114,8.730073735852269,-3.730073735852269,248.26992626414773,0.5727328486890355,false,false,neither,false,3,4,false,false,false,false,false
2014,seat_winning,28,28,32,0,0,PTC|PSDC|PSL|PP,42.610930283300085,0.38906971669991464,1.0091307491789823,false,false,22,25,PTC,PP,"PTC, PSDC, PSL, PP",4,8086554,97355354,0.08306224226764149,43,0.08382066276803118,42.610930283300085,0.38906971669991464,214.3890697166999,1.0091307491789823,false,false,neither,false,41,5,false,false,false,false,false
2014,seat_winning,28,28,33,0,0,PTC|PSDC|PSL|PP|PSC,55.89192531722498,0.10807468277501897,1.0019336367849492,false,false,22,26,PTC,PSC,"PTC, PSDC, PSL, PP, PSC",5,10606975,97355354,0.10895112147607208,56,0.10916179337231968,55.89192531722498,0.10807468277501897,201.10807468277503,1.0019336367849492,false,false,neither,false,54,43,false,false,false,false,false
2014,seat_winning,28,28,34,0,0,PTC|PSDC|PSL|PP|PSC|PEN,59.41176541764719,-1.4117654176471888,0.9762376120668542,false,false,22,27,PTC,PEN,"PTC, PSDC, PSL, PP, PSC, PEN",6,11274958,97355354,0.11581240822153448,58,0.11306042884990253,59.41176541764719,-1.4117654176471888,197.5882345823528,0.9762376120668542,false,false,neither,false,56,56,false,false,false,false,false
2014,seat_winning,28,28,35,0,0,PTC|PSDC|PSL|PP|PSC|PEN|DEM,80.93965006793566,-1.9396500679356592,0.9760358481126662,false,false,22,28,PTC,DEM,"PTC, PSDC, PSL, PP, PSC, PEN, DEM",7,15360445,97355354,0.1577770956489974,79,0.1539961013645224,80.93965006793566,-1.9396500679356592,176.06034993206436,0.9760358481126662,false,false,neither,false,77,58,false,false,false,false,false
2014,seat_winning,28,29,29,0,0,PSDC,2.687034223099841,-0.687034223099841,0.744315045490095,false,false,23,23,PSDC,PSDC,PSDC,1,509936,97355354,0.00523788347582815,2,0.003898635477582846,2.687034223099841,-0.687034223099841,254.31296577690017,0.744315045490095,false,false,neither,false,0,0,false,false,false,false,false
2014,seat_winning,28,29,30,0,0,PSDC|PSL,6.948414958256944,-3.9484149582569437,0.43175314341798754,false,false,23,24,PSDC,PSL,"PSDC, PSL",2,1318646,97355354,0.013544668534613925,3,0.005847953216374269,6.948414958256944,-3.9484149582569437,250.05158504174307,0.43175314341798754,false,false,neither,false,1,2,false,false,false,false,false
2014,seat_winning,28,29,32,0,0,PSDC|PSL|PP,40.82927150570476,0.17072849429523984,1.0041815219326504,false,false,23,25,PSDC,PP,"PSDC, PSL, PP",3,7748437,97355354,0.07958922320800148,41,0.07992202729044834,40.82927150570476,0.17072849429523984,216.17072849429525,1.0041815219326504,false,false,neither,false,39,3,false,false,false,false,false
2014,seat_winning,28,29,33,0,0,PSDC|PSL|PP|PSC,54.110266539629656,-0.11026653962965582,0.9979621882004795,false,false,23,26,PSDC,PSC,"PSDC, PSL, PP, PSC",4,10268858,97355354,0.10547810241643207,54,0.10526315789473684,54.110266539629656,-0.11026653962965582,202.88973346037034,0.9979621882004795,false,false,neither,false,52,41,false,false,false,false,false
2014,seat_winning,28,29,34,0,0,PSDC|PSL|PP|PSC|PEN,57.63010664005187,-1.6301066400518707,0.971714321990878,false,false,23,27,PSDC,PEN,"PSDC, PSL, PP, PSC, PEN",5,10936841,97355354,0.11233938916189448,56,0.10916179337231968,57.63010664005187,-1.6301066400518707,199.36989335994812,0.971714321990878,false,false,neither,false,54,54,false,false,false,false,false
2014,seat_winning,28,29,35,0,0,PSDC|PSL|PP|PSC|PEN|DEM,79.15799129034033,-2.157991290340334,0.9727381751966756,false,false,23,28,PSDC,DEM,"PSDC, PSL, PP, PSC, PEN, DEM",6,15022328,97355354,0.15430407658935738,77,0.15009746588693956,79.15799129034033,-2.157991290340334,177.84200870965967,0.9727381751966756,false,false,neither,false,75,56,false,false,false,false,false
2014,seat_winning,28,30,30,0,0,PSL,4.261380735157103,-3.261380735157103,0.23466572506648675,false,false,24,24,PSL,PSL,PSL,1,808710,97355354,0.008306785058785775,1,0.001949317738791423,4.261380735157103,-3.261380735157103,252.7386192648429,0.23466572506648675,false,false,neither,false,0,0,false,false,false,false,false
2014,seat_winning,28,30,32,0,0,PSL|PP,38.142237282604924,0.8577627173950759,1.022488526591655,false,false,24,25,PSL,PP,"PSL, PP",2,7238501,97355354,0.07435133973217334,39,0.07602339181286549,38.142237282604924,0.8577627173950759,218.85776271739508,1.022488526591655,false,false,neither,false,38,1,false,false,false,false,false
2014,seat_winning,28,30,33,0,0,PSL|PP|PSC,51.42323231652981,0.5767676834701874,1.0112160915891082,false,false,24,26,PSL,PSC,"PSL, PP, PSC",3,9758922,97355354,0.10024021894060392,52,0.10136452241715399,51.42323231652981,0.5767676834701874,205.5767676834702,1.0112160915891082,false,false,neither,false,51,39,false,false,false,false,false
2014,seat_winning,28,30,34,0,0,PSL|PP|PSC|PEN,54.94307241695203,-0.9430724169520275,0.9828354626804406,false,false,24,27,PSL,PEN,"PSL, PP, PSC, PEN",4,10426905,97355354,0.10710150568606633,54,0.10526315789473684,54.94307241695203,-0.9430724169520275,202.05692758304798,0.9828354626804406,false,false,neither,false,53,52,false,false,false,false,false
2014,seat_winning,28,30,35,0,0,PSL|PP|PSC|PEN|DEM,76.47095706724049,-1.4709570672404908,0.9807645003586514,false,false,24,28,PSL,DEM,"PSL, PP, PSC, PEN, DEM",5,14512392,97355354,0.14906619311352923,75,0.14619883040935672,76.47095706724049,-1.4709570672404908,180.52904293275952,0.9807645003586514,false,false,neither,false,74,54,false,false,false,false,false
2014,seat_winning,28,32,32,0,0,PP,33.88085654744782,4.11914345255218,1.1215773115648242,false,false,25,25,PP,PP,PP,1,6429791,97355354,0.06604455467338756,38,0.07407407407407407,33.88085654744782,4.11914345255218,223.11914345255218,1.1215773115648242,false,false,neither,false,0,0,false,false,false,false,false
2014,seat_winning,28,32,33,0,0,PP|PSC,47.161851581372716,3.8381484186272843,1.0813824794814295,false,false,25,26,PP,PSC,"PP, PSC",2,8950212,97355354,0.09193343388181816,51,0.09941520467836257,47.161851581372716,3.8381484186272843,209.83814841862727,1.0813824794814295,false,false,neither,false,13,38,false,false,false,false,false
2014,seat_winning,28,32,34,0,0,PP|PSC|PEN,50.68169168179492,2.3183083182050765,1.0457425204501969,false,false,25,27,PP,PEN,"PP, PSC, PEN",3,9618195,97355354,0.09879472062728055,53,0.10331384015594541,50.68169168179492,2.3183083182050765,206.31830831820508,1.0457425204501969,false,false,neither,false,15,51,false,false,false,false,false
2014,seat_winning,28,32,35,0,0,PP|PSC|PEN|DEM,72.2095763320834,1.790423667916599,1.0247948230534223,false,false,25,28,PP,DEM,"PP, PSC, PEN, DEM",4,13703682,97355354,0.14075940805474346,74,0.1442495126705653,72.2095763320834,1.790423667916599,184.7904236679166,1.0247948230534223,false,false,neither,false,36,53,false,false,false,false,false
2014,seat_winning,28,33,33,0,0,PSC,13.280995033924894,-0.2809950339248939,0.9788423206840209,false,false,26,26,PSC,PSC,PSC,1,2520421,97355354,0.025888879208430592,13,0.025341130604288498,13.280995033924894,-0.2809950339248939,243.71900496607512,0.9788423206840209,false,false,neither,false,0,0,false,false,false,false,false
2014,seat_winning,28,33,34,0,0,PSC|PEN,16.800835134347103,-1.8008351343471034,0.8928127607974956,false,false,26,27,PSC,PEN,"PSC, PEN",2,3188404,97355354,0.03275016595389299,15,0.029239766081871343,16.800835134347103,-1.8008351343471034,240.1991648656529,0.8928127607974956,false,false,neither,false,2,13,false,false,false,false,false
2014,seat_winning,28,33,35,0,0,PSC|PEN|DEM,38.328719784635574,-2.328719784635574,0.939243475969968,false,false,26,28,PSC,DEM,"PSC, PEN, DEM",3,7273891,97355354,0.07471485338135589,36,0.07017543859649122,38.328719784635574,-2.328719784635574,218.67128021536442,0.939243475969968,false,false,neither,false,23,15,false,false,false,false,false
2014,seat_winning,28,34,34,0,0,PEN,3.5198401004222117,-1.5198401004222117,0.5682076295909283,false,false,27,27,PEN,PEN,PEN,1,667983,97355354,0.006861286745462401,2,0.003898635477582846,3.5198401004222117,-1.5198401004222117,253.48015989957779,0.5682076295909283,false,false,neither,false,0,0,false,false,false,false,false
2014,seat_winning,28,34,35,0,0,PEN|DEM,25.047724750710678,-2.047724750710678,0.9182470754892587,false,false,27,28,PEN,DEM,"PEN, DEM",2,4753470,97355354,0.0488259741729253,23,0.04483430799220273,25.047724750710678,-2.047724750710678,231.95227524928933,0.9182470754892587,false,false,neither,false,21,2,false,false,false,false,false
2014,seat_winning,28,35,35,0,0,DEM,21.527884650288467,-0.5278846502884669,0.9754790282991695,false,false,28,28,DEM,DEM,DEM,1,4085487,97355354,0.0419646874274629,21,0.04093567251461988,21.527884650288467,-0.5278846502884669,235.47211534971154,0.9754790282991695,false,false,neither,false,0,0,false,false,false,false,false
