election_year,ideological_universe,ideological_party_count,left_original_ordinal_position,right_original_ordinal_position,k,gap_count,coalition_id,q_C,d_C,R_C,minimal_seat_majority,inversion,start_index,end_index,start_party,end_party,parties,interval_size,votes,national_vote_total,vote_share,seats,seat_share,quota,seat_diff,required_diff,representation_ratio,vote_majority,seat_majority,majority_status,coalition_inversion,left_removed_seats,right_removed_seats,minimal_connected_winning,minimal_connected_inversion,endpoint_minimal_connected_winning,minimal_ideological_interval_inversion,old_sweep_equivalent
2022,seat_winning,23,4,4,0,0,PSOL,18.0617753157133,-6.061775315713302,0.6643865173962326,false,false,1,1,PSOL,PSOL,PSOL,1,3852246,109413508,0.035208139016984996,12,0.023391812865497075,18.0617753157133,-6.061775315713302,238.9382246842867,0.6643865173962326,false,false,neither,false,0,0,false,false,false,false,false
2022,seat_winning,23,4,6,0,0,PSOL|PCdoB,23.47579838131138,-5.475798381311382,0.766747085983216,false,false,1,2,PSOL,PCdoB,"PSOL, PCdoB",2,5006958,109413508,0.04576179021698125,18,0.03508771929824561,23.47579838131138,-5.475798381311382,233.5242016186886,0.766747085983216,false,false,neither,false,6,12,false,false,false,false,false
2022,seat_winning,23,4,7,0,0,PSOL|PCdoB|PT,85.537843535736,1.4621564642639981,1.0170936792865621,false,false,1,3,PSOL,PT,"PSOL, PCdoB, PT",3,18243656,109413508,0.16674043574217545,87,0.1695906432748538,85.537843535736,1.4621564642639981,171.462156464264,1.0170936792865621,false,false,neither,false,75,18,false,false,false,false,false
2022,seat_winning,23,4,8,0,0,PSOL|PCdoB|PT|PSB,105.11242099101693,-4.112420991016933,0.960875974958579,false,false,1,4,PSOL,PSB,"PSOL, PCdoB, PT, PSB",4,22418555,109413508,0.20489750680510124,101,0.1968810916179337,105.11242099101693,-4.112420991016933,151.88757900898307,0.960875974958579,false,false,neither,false,89,87,false,false,false,false,false
2022,seat_winning,23,4,9,0,0,PSOL|PCdoB|PT|PSB|REDE,108.78323301726145,-5.783233017261452,0.9468370919225779,false,false,1,5,PSOL,REDE,"PSOL, PCdoB, PT, PSB, REDE",5,23201472,109413508,0.21205308580362855,103,0.20077972709551656,108.78323301726145,-5.783233017261452,148.21676698273853,0.9468370919225779,false,false,neither,false,91,101,false,false,false,false,false
2022,seat_winning,23,4,10,0,0,PSOL|PCdoB|PT|PSB|REDE|PDT,126.7330484184823,-6.733048418482298,0.946872197090618,false,false,1,6,PSOL,PDT,"PSOL, PCdoB, PT, PSB, REDE, PDT",6,27029839,109413508,0.24704297937325984,120,0.23391812865497075,126.7330484184823,-6.733048418482298,130.2669515815177,0.946872197090618,false,false,neither,false,108,103,false,false,false,false,false
2022,seat_winning,23,4,11,0,0,PSOL|PCdoB|PT|PSB|REDE|PDT|PV,131.20871621262705,-5.208716212627053,0.9603020564259909,false,false,1,7,PSOL,PV,"PSOL, PCdoB, PT, PSB, REDE, PDT, PV",7,27984417,109413508,0.2557674779973237,126,0.24561403508771928,131.20871621262705,-5.208716212627053,125.79128378737295,0.9603020564259909,false,false,neither,false,114,120,false,false,false,false,false
2022,seat_winning,23,4,12,0,0,PSOL|PCdoB|PT|PSB|REDE|PDT|PV|SOLIDARIEDADE,139.1912063362414,-9.191206336241407,0.9339670473575867,false,false,1,8,PSOL,SOLIDARIEDADE,"PSOL, PCdoB, PT, PSB, REDE, PDT, PV, SOLIDARIEDADE",8,29686936,109413508,0.2713278875950125,130,0.253411306042885,139.1912063362414,-9.191206336241407,117.80879366375859,0.9339670473575867,false,false,neither,false,118,126,false,false,false,false,false
2022,seat_winning,23,4,13,0,0,PSOL|PCdoB|PT|PSB|REDE|PDT|PV|SOLIDARIEDADE|CIDADANIA,146.7591601760909,-11.759160176090887,0.9198744380794937,false,false,1,9,PSOL,CIDADANIA,"PSOL, PCdoB, PT, PSB, REDE, PDT, PV, SOLIDARIEDADE, CIDADANIA",9,31301042,109413508,0.28608023426138574,135,0.2631578947368421,146.7591601760909,-11.759160176090887,110.24083982390911,0.9198744380794937,false,false,neither,false,123,130,false,false,false,false,false
2022,seat_winning,23,4,14,0,0,PSOL|PCdoB|PT|PSB|REDE|PDT|PV|SOLIDARIEDADE|CIDADANIA|AVANTE,157.03907674726963,-15.039076747269633,0.9042335381818837,false,false,1,10,PSOL,AVANTE,"PSOL, PCdoB, PT, PSB, REDE, PDT, PV, SOLIDARIEDADE, CIDADANIA, AVANTE",10,33493560,109413508,0.3061190579868804,142,0.27680311890838205,157.03907674726963,-15.039076747269633,99.96092325273037,0.9042335381818837,false,false,neither,false,130,135,false,false,false,false,false
2022,seat_winning,23,4,15,0,0,PSOL|PCdoB|PT|PSB|REDE|PDT|PV|SOLIDARIEDADE|CIDADANIA|AVANTE|MDB,194.31792110166143,-10.317921101661426,0.9469018552526435,false,false,1,11,PSOL,MDB,"PSOL, PCdoB, PT, PSB, REDE, PDT, PV, SOLIDARIEDADE, CIDADANIA, AVANTE, MDB",11,41444455,109413508,0.3787873705685408,184,0.3586744639376218,194.31792110166143,-10.317921101661426,62.682078898338574,0.9469018552526435,false,false,neither,false,172,142,false,false,false,false,false
2022,seat_winning,23,4,17,0,0,PSOL|PCdoB|PT|PSB|REDE|PDT|PV|SOLIDARIEDADE|CIDADANIA|AVANTE|MDB|PSDB,209.83290023019828,-12.832900230198277,0.9388422872861221,false,false,1,12,PSOL,PSDB,"PSOL, PCdoB, PT, PSB, REDE, PDT, PV, SOLIDARIEDADE, CIDADANIA, AVANTE, MDB, PSDB",12,44753516,109413508,0.40903099460077635,197,0.3840155945419103,209.83290023019828,-12.832900230198277,47.16709976980172,0.9388422872861221,false,false,neither,false,185,184,false,false,false,false,false
2022,seat_winning,23,4,18,0,0,PSOL|PCdoB|PT|PSB|REDE|PDT|PV|SOLIDARIEDADE|CIDADANIA|AVANTE|MDB|PSDB|PSD,248.7202323866629,-9.7202323866629,0.9609190121230197,false,false,1,13,PSOL,PSD,"PSOL, PCdoB, PT, PSB, REDE, PDT, PV, SOLIDARIEDADE, CIDADANIA, AVANTE, MDB, PSDB, PSD",13,53047472,109413508,0.484834760987647,239,0.46588693957115007,248.7202323866629,-9.7202323866629,8.2797676133371,0.9609190121230197,false,false,neither,false,227,197,false,false,false,false,false
2022,seat_winning,23,4,20,0,0,PSOL|PCdoB|PT|PSB|REDE|PDT|PV|SOLIDARIEDADE|CIDADANIA|AVANTE|MDB|PSDB|PSD|PODE,265.6558913548408,-14.655891354840776,0.9448312955526943,false,false,1,14,PSOL,PODE,"PSOL, PCdoB, PT, PSB, REDE, PDT, PV, SOLIDARIEDADE, CIDADANIA, AVANTE, MDB, PSDB, PSD, PODE",14,56659538,109413508,0.5178477414324382,251,0.48927875243664715,265.6558913548408,-14.655891354840776,-8.655891354840776,0.9448312955526943,true,false,votes_only,false,239,239,false,false,false,false,false
2022,seat_winning,23,4,21,0,0,PSOL|PCdoB|PT|PSB|REDE|PDT|PV|SOLIDARIEDADE|CIDADANIA|AVANTE|MDB|PSDB|PSD|PODE|PROS,269.4052098850537,-15.405209885053694,0.9428176986939986,false,false,1,15,PSOL,PROS,"PSOL, PCdoB, PT, PSB, REDE, PDT, PV, SOLIDARIEDADE, CIDADANIA, AVANTE, MDB, PSDB, PSD, PODE, PROS",15,57459199,109413508,0.5251563545517616,254,0.4951267056530214,269.4052098850537,-15.405209885053694,-12.405209885053694,0.9428176986939986,true,false,votes_only,false,242,251,false,false,false,false,false
2022,seat_winning,23,4,24,0,0,PSOL|PCdoB|PT|PSB|REDE|PDT|PV|SOLIDARIEDADE|CIDADANIA|AVANTE|MDB|PSDB|PSD|PODE|PROS|PTB,276.0755058050054,-21.075505805005378,0.9236603560915281,false,false,1,16,PSOL,PTB,"PSOL, PCdoB, PT, PSB, REDE, PDT, PV, SOLIDARIEDADE, CIDADANIA, AVANTE, MDB, PSDB, PSD, PODE, PROS, PTB",16,58881851,109413508,0.5381588807115114,255,0.49707602339181284,276.0755058050054,-21.075505805005378,-19.075505805005378,0.9236603560915281,true,false,votes_only,false,243,254,false,false,false,false,false
2022,seat_winning,23,4,25,0,0,PSOL|PCdoB|PT|PSB|REDE|PDT|PV|SOLIDARIEDADE|CIDADANIA|AVANTE|MDB|PSDB|PSD|PODE|PROS|PTB|PP,316.8334251471034,-14.833425147103412,0.9531822592890369,false,false,1,17,PSOL,PP,"PSOL, PCdoB, PT, PSB, REDE, PDT, PV, SOLIDARIEDADE, CIDADANIA, AVANTE, MDB, PSDB, PSD, PODE, PROS, PTB, PP",17,67574769,109413508,0.6176090158812932,302,0.5886939571150097,316.8334251471034,-14.833425147103412,-59.83342514710341,0.9531822592890369,true,true,votes+seats,false,290,255,false,false,false,false,true
2022,seat_winning,23,4,27,0,0,PSOL|PCdoB|PT|PSB|REDE|PDT|PV|SOLIDARIEDADE|CIDADANIA|AVANTE|MDB|PSDB|PSD|PODE|PROS|PTB|PP|REPUBLICANOS,352.5181289224362,-10.518128922436176,0.9701628709008879,false,false,1,18,PSOL,REPUBLICANOS,"PSOL, PCdoB, PT, PSB, REDE, PDT, PV, SOLIDARIEDADE, CIDADANIA, AVANTE, MDB, PSDB, PSD, PODE, PROS, PTB, PP, REPUBLICANOS",18,75185663,109413508,0.6871698419540666,342,0.6666666666666666,352.5181289224362,-10.518128922436176,-95.51812892243618,0.9701628709008879,true,true,votes+seats,false,330,302,false,false,false,false,false
2022,seat_winning,23,4,28,0,0,PSOL|PCdoB|PT|PSB|REDE|PDT|PV|SOLIDARIEDADE|CIDADANIA|AVANTE|MDB|PSDB|PSD|PODE|PROS|PTB|PP|REPUBLICANOS|PSC,361.6360142021952,-13.636014202195213,0.9622935391756332,false,false,1,19,PSOL,PSC,"PSOL, PCdoB, PT, PSB, REDE, PDT, PV, SOLIDARIEDADE, CIDADANIA, AVANTE, MDB, PSDB, PSD, PODE, PROS, PTB, PP, REPUBLICANOS, PSC",19,77130341,109413508,0.7049434974701662,348,0.6783625730994152,361.6360142021952,-13.636014202195213,-104.63601420219521,0.9622935391756332,true,true,votes+seats,false,336,342,false,false,false,false,false
2022,seat_winning,23,4,29,0,0,PSOL|PCdoB|PT|PSB|REDE|PDT|PV|SOLIDARIEDADE|CIDADANIA|AVANTE|MDB|PSDB|PSD|PODE|PROS|PTB|PP|REPUBLICANOS|PSC|UNIÃO,409.5324506184374,-2.5324506184373945,0.9938162394344743,false,false,1,20,PSOL,UNIÃO,"PSOL, PCdoB, PT, PSB, REDE, PDT, PV, SOLIDARIEDADE, CIDADANIA, AVANTE, MDB, PSDB, PSD, PODE, PROS, PTB, PP, REPUBLICANOS, PSC, UNIÃO",20,87345774,109413508,0.7983088706012424,407,0.7933723196881092,409.5324506184374,-2.5324506184373945,-152.5324506184374,0.9938162394344743,true,true,votes+seats,false,395,348,false,false,false,false,false
2022,seat_winning,23,4,30,0,0,PSOL|PCdoB|PT|PSB|REDE|PDT|PV|SOLIDARIEDADE|CIDADANIA|AVANTE|MDB|PSDB|PSD|PODE|PROS|PTB|PP|REPUBLICANOS|PSC|UNIÃO|PATRIOTA,416.6899801073922,-5.689980107392216,0.9863448117808694,false,false,1,21,PSOL,PATRIOTA,"PSOL, PCdoB, PT, PSB, REDE, PDT, PV, SOLIDARIEDADE, CIDADANIA, AVANTE, MDB, PSDB, PSD, PODE, PROS, PTB, PP, REPUBLICANOS, PSC, UNIÃO, PATRIOTA",21,88872344,109413508,0.8122611697999849,411,0.8011695906432749,416.6899801073922,-5.689980107392216,-159.68998010739222,0.9863448117808694,true,true,votes+seats,false,399,407,false,false,false,false,false
2022,seat_winning,23,4,31,0,0,PSOL|PCdoB|PT|PSB|REDE|PDT|PV|SOLIDARIEDADE|CIDADANIA|AVANTE|MDB|PSDB|PSD|PODE|PROS|PTB|PP|REPUBLICANOS|PSC|UNIÃO|PATRIOTA|NOVO,423.0419270900262,-9.041927090026206,0.9786264043561289,false,false,1,22,PSOL,NOVO,"PSOL, PCdoB, PT, PSB, REDE, PDT, PV, SOLIDARIEDADE, CIDADANIA, AVANTE, MDB, PSDB, PSD, PODE, PROS, PTB, PP, REPUBLICANOS, PSC, UNIÃO, PATRIOTA, NOVO",22,90227098,109413508,0.824643132729096,414,0.8070175438596491,423.0419270900262,-9.041927090026206,-166.0419270900262,0.9786264043561289,true,true,votes+seats,false,402,411,false,false,false,false,false
2022,seat_winning,23,4,32,0,0,PSOL|PCdoB|PT|PSB|REDE|PDT|PV|SOLIDARIEDADE|CIDADANIA|AVANTE|MDB|PSDB|PSD|PODE|PROS|PTB|PP|REPUBLICANOS|PSC|UNIÃO|PATRIOTA|NOVO|PL,508.26218593594496,4.737814064055044,1.0093215946319725,false,false,1,23,PSOL,PL,"PSOL, PCdoB, PT, PSB, REDE, PDT, PV, SOLIDARIEDADE, CIDADANIA, AVANTE, MDB, PSDB, PSD, PODE, PROS, PTB, PP, REPUBLICANOS, PSC, UNIÃO, PATRIOTA, NOVO, PL",23,108403019,109413508,0.990764495001842,513,1.0,508.26218593594496,4.737814064055044,-251.26218593594496,1.0093215946319725,true,true,votes+seats,false,501,414,false,false,false,false,false
2022,seat_winning,23,6,6,0,0,PCdoB,5.414023065598079,0.5859769344019208,1.1082331802620773,false,false,2,2,PCdoB,PCdoB,PCdoB,1,1154712,109413508,0.010553651199996256,6,0.011695906432748537,5.414023065598079,0.5859769344019208,251.5859769344019,1.1082331802620773,false,false,neither,false,0,0,false,false,false,false,false
2022,seat_winning,23,6,7,0,0,PCdoB|PT,67.47606822002271,7.523931779977289,1.1115051895946815,false,false,2,3,PCdoB,PT,"PCdoB, PT",2,14391410,109413508,0.13153229672519046,75,0.14619883040935672,67.47606822002271,7.523931779977289,189.5239317799773,1.1115051895946815,false,false,neither,false,69,6,false,false,false,false,false
2022,seat_winning,23,6,8,0,0,PCdoB|PT|PSB,87.05064567530363,1.9493543246963725,1.0223933356217414,false,false,2,4,PCdoB,PSB,"PCdoB, PT, PSB",3,18566309,109413508,0.16968936778811625,89,0.17348927875243664,87.05064567530363,1.9493543246963725,169.94935432469637,1.0223933356217414,false,false,neither,false,83,75,false,false,false,false,false
2022,seat_winning,23,6,9,0,0,PCdoB|PT|PSB|REDE,90.72145770154815,0.2785422984518533,1.0030703022802852,false,false,2,5,PCdoB,REDE,"PCdoB, PT, PSB, REDE",4,19349226,109413508,0.17684494678664356,91,0.17738791423001948,90.72145770154815,0.2785422984518533,166.27854229845184,1.0030703022802852,false,false,neither,false,85,89,false,false,false,false,false
2022,seat_winning,23,6,10,0,0,PCdoB|PT|PSB|REDE|PDT,108.67127310276899,-0.6712731027689927,0.9938229020089405,false,false,2,6,PCdoB,PDT,"PCdoB, PT, PSB, REDE, PDT",5,23177593,109413508,0.21183484035627484,108,0.21052631578947367,108.67127310276899,-0.6712731027689927,148.328726897231,0.9938229020089405,false,false,neither,false,102,91,false,false,false,false,false
2022,seat_winning,23,6,11,0,0,PCdoB|PT|PSB|REDE|PDT|PV,113.14694089691375,0.8530591030862524,1.0075393916647155,false,false,2,7,PCdoB,PV,"PCdoB, PT, PSB, REDE, PDT, PV",6,24132171,109413508,0.2205593389803387,114,0.2222222222222222,113.14694089691375,0.8530591030862524,143.85305910308625,1.0075393916647155,false,false,neither,false,108,108,false,false,false,false,false
2022,seat_winning,23,6,12,0,0,PCdoB|PT|PSB|REDE|PDT|PV|SOLIDARIEDADE,121.12943102052812,-3.1294310205281164,0.9741645693027505,false,false,2,8,PCdoB,SOLIDARIEDADE,"PCdoB, PT, PSB, REDE, PDT, PV, SOLIDARIEDADE",7,25834690,109413508,0.2361197485780275,118,0.2300194931773879,121.12943102052812,-3.1294310205281164,135.8705689794719,0.9741645693027505,false,false,neither,false,112,114,false,false,false,false,false
2022,seat_winning,23,6,13,0,0,PCdoB|PT|PSB|REDE|PDT|PV|SOLIDARIEDADE|CIDADANIA,128.69738486037758,-5.697384860377582,0.9557303758226431,false,false,2,9,PCdoB,CIDADANIA,"PCdoB, PT, PSB, REDE, PDT, PV, SOLIDARIEDADE, CIDADANIA",8,27448796,109413508,0.25087209524440074,123,0.23976608187134502,128.69738486037758,-5.697384860377582,128.30261513962242,0.9557303758226431,false,false,neither,false,117,118,false,false,false,false,false
2022,seat_winning,23,6,14,0,0,PCdoB|PT|PSB|REDE|PDT|PV|SOLIDARIEDADE|CIDADANIA|AVANTE,138.97730143155633,-8.977301431556327,0.9354045492387296,false,false,2,10,PCdoB,AVANTE,"PCdoB, PT, PSB, REDE, PDT, PV, SOLIDARIEDADE, CIDADANIA, AVANTE",9,29641314,109413508,0.2709109189698954,130,0.253411306042885,138.97730143155633,-8.977301431556327,118.02269856844367,0.9354045492387296,false,false,neither,false,124,123,false,false,false,false,false
2022,seat_winning,23,6,15,0,0,PCdoB|PT|PSB|REDE|PDT|PV|SOLIDARIEDADE|CIDADANIA|AVANTE|MDB,176.25614578594812,-4.256145785948121,0.97585249713155,false,false,2,11,PCdoB,MDB,"PCdoB, PT, PSB, REDE, PDT, PV, SOLIDARIEDADE, CIDADANIA, AVANTE, MDB",10,37592209,109413508,0.3435792315515558,172,0.33528265107212474,176.25614578594812,-4.256145785948121,80.74385421405188,0.97585249713155,false,false,neither,false,166,130,false,false,false,false,false
2022,seat_winning,23,6,17,0,0,PCdoB|PT|PSB|REDE|PDT|PV|SOLIDARIEDADE|CIDADANIA|AVANTE|MDB|PSDB,191.77112491448497,-6.771124914484972,0.9646916347937972,false,false,2,12,PCdoB,PSDB,"PCdoB, PT, PSB, REDE, PDT, PV, SOLIDARIEDADE, CIDADANIA, AVANTE, MDB, PSDB",11,40901270,109413508,0.37382285558379136,185,0.36062378167641324,191.77112491448497,-6.771124914484972,65.22887508551503,0.9646916347937972,false,false,neither,false,179,172,false,false,false,false,false
2022,seat_winning,23,6,18,0,0,PCdoB|PT|PSB|REDE|PDT|PV|SOLIDARIEDADE|CIDADANIA|AVANTE|MDB|PSDB|PSD,230.6584570709496,-3.658457070949595,0.9841390724736173,false,false,2,13,PCdoB,PSD,"PCdoB, PT, PSB, REDE, PDT, PV, SOLIDARIEDADE, CIDADANIA, AVANTE, MDB, PSDB, PSD",12,49195226,109413508,0.449626621970662,227,0.442495126705653,230.6584570709496,-3.658457070949595,26.341542929050405,0.9841390724736173,false,false,neither,false,221,185,false,false,false,false,false
2022,seat_winning,23,6,20,0,0,PCdoB|PT|PSB|REDE|PDT|PV|SOLIDARIEDADE|CIDADANIA|AVANTE|MDB|PSDB|PSD|PODE,247.59411603912744,-8.594116039127442,0.9652894980841575,false,false,2,14,PCdoB,PODE,"PCdoB, PT, PSB, REDE, PDT, PV, SOLIDARIEDADE, CIDADANIA, AVANTE, MDB, PSDB, PSD, PODE",13,52807292,109413508,0.4826396024154531,239,0.46588693957115007,247.59411603912744,-8.594116039127442,9.405883960872558,0.9652894980841575,false,false,neither,false,233,227,false,false,false,false,false
2022,seat_winning,23,6,21,0,0,PCdoB|PT|PSB|REDE|PDT|PV|SOLIDARIEDADE|CIDADANIA|AVANTE|MDB|PSDB|PSD|PODE|PROS,251.3434345693404,-9.343434569340388,0.962826024935365,false,false,2,15,PCdoB,PROS,"PCdoB, PT, PSB, REDE, PDT, PV, SOLIDARIEDADE, CIDADANIA, AVANTE, MDB, PSDB, PSD, PODE, PROS",14,53606953,109413508,0.4899482155347766,242,0.47173489278752434,251.3434345693404,-9.343434569340388,5.656565430659612,0.962826024935365,false,false,neither,false,236,239,false,false,false,false,false
2022,seat_winning,23,6,24,0,0,PCdoB|PT|PSB|REDE|PDT|PV|SOLIDARIEDADE|CIDADANIA|AVANTE|MDB|PSDB|PSD|PODE|PROS|PTB,258.0137304892921,-15.013730489292072,0.9418103429580266,false,false,2,16,PCdoB,PTB,"PCdoB, PT, PSB, REDE, PDT, PV, SOLIDARIEDADE, CIDADANIA, AVANTE, MDB, PSDB, PSD, PODE, PROS, PTB",15,55029605,109413508,0.5029507416945265,243,0.47368421052631576,258.0137304892921,-15.013730489292072,-1.0137304892920724,0.9418103429580266,true,false,votes_only,false,237,242,false,false,false,false,false
2022,seat_winning,23,6,25,0,0,PCdoB|PT|PSB|REDE|PDT|PV|SOLIDARIEDADE|CIDADANIA|AVANTE|MDB|PSDB|PSD|PODE|PROS|PTB|PP,298.7716498313901,-8.771649831390107,0.9706409566090346,false,false,2,17,PCdoB,PP,"PCdoB, PT, PSB, REDE, PDT, PV, SOLIDARIEDADE, CIDADANIA, AVANTE, MDB, PSDB, PSD, PODE, PROS, PTB, PP",16,63722523,109413508,0.5824008768643082,290,0.5653021442495126,298.7716498313901,-8.771649831390107,-41.77164983139011,0.9706409566090346,true,true,votes+seats,false,284,243,false,false,false,false,true
2022,seat_winning,23,6,27,0,0,PCdoB|PT|PSB|REDE|PDT|PV|SOLIDARIEDADE|CIDADANIA|AVANTE|MDB|PSDB|PSD|PODE|PROS|PTB|PP|REPUBLICANOS,334.4563536067228,-4.456353606722814,0.9866758291218982,false,false,2,18,PCdoB,REPUBLICANOS,"PCdoB, PT, PSB, REDE, PDT, PV, SOLIDARIEDADE, CIDADANIA, AVANTE, MDB, PSDB, PSD, PODE, PROS, PTB, PP, REPUBLICANOS",17,71333417,109413508,0.6519617029370816,330,0.6432748538011696,334.4563536067228,-4.456353606722814,-77.45635360672281,0.9866758291218982,true,true,votes+seats,false,324,290,false,false,false,false,false
2022,seat_winning,23,6,28,0,0,PCdoB|PT|PSB|REDE|PDT|PV|SOLIDARIEDADE|CIDADANIA|AVANTE|MDB|PSDB|PSD|PODE|PROS|PTB|PP|REPUBLICANOS|PSC,343.5742388864819,-7.574238886481908,0.977954578576584,false,false,2,19,PCdoB,PSC,"PCdoB, PT, PSB, REDE, PDT, PV, SOLIDARIEDADE, CIDADANIA, AVANTE, MDB, PSDB, PSD, PODE, PROS, PTB, PP, REPUBLICANOS, PSC",18,73278095,109413508,0.6697353584531811,336,0.6549707602339181,343.5742388864819,-7.574238886481908,-86.57423888648191,0.977954578576584,true,true,votes+seats,false,330,330,false,false,false,false,false
2022,seat_winning,23,6,29,0,0,PCdoB|PT|PSB|REDE|PDT|PV|SOLIDARIEDADE|CIDADANIA|AVANTE|MDB|PSDB|PSD|PODE|PROS|PTB|PP|REPUBLICANOS|PSC|UNIÃO,391.47067530272403,3.5293246972759675,1.0090155531944933,false,false,2,20,PCdoB,UNIÃO,"PCdoB, PT, PSB, REDE, PDT, PV, SOLIDARIEDADE, CIDADANIA, AVANTE, MDB, PSDB, PSD, PODE, PROS, PTB, PP, REPUBLICANOS, PSC, UNIÃO",19,83493528,109413508,0.7631007315842574,395,0.7699805068226121,391.47067530272403,3.5293246972759675,-134.47067530272403,1.0090155531944933,true,true,votes+seats,false,389,336,false,false,false,false,false
2022,seat_winning,23,6,30,0,0,PCdoB|PT|PSB|REDE|PDT|PV|SOLIDARIEDADE|CIDADANIA|AVANTE|MDB|PSDB|PSD|PODE|PROS|PTB|PP|REPUBLICANOS|PSC|UNIÃO|PATRIOTA,398.6282047916789,0.3717952083210889,1.0009326866585253,false,false,2,21,PCdoB,PATRIOTA,"PCdoB, PT, PSB, REDE, PDT, PV, SOLIDARIEDADE, CIDADANIA, AVANTE, MDB, PSDB, PSD, PODE, PROS, PTB, PP, REPUBLICANOS, PSC, UNIÃO, PATRIOTA",20,85020098,109413508,0.7770530307829998,399,0.7777777777777778,398.6282047916789,0.3717952083210889,-141.6282047916789,1.0009326866585253,true,true,votes+seats,false,393,395,false,false,false,false,false
2022,seat_winning,23,6,31,0,0,PCdoB|PT|PSB|REDE|PDT|PV|SOLIDARIEDADE|CIDADANIA|AVANTE|MDB|PSDB|PSD|PODE|PROS|PTB|PP|REPUBLICANOS|PSC|UNIÃO|PATRIOTA|NOVO,404.9801517743129,-2.980151774312901,0.9926412399193981,false,false,2,22,PCdoB,NOVO,"PCdoB, PT, PSB, REDE, PDT, PV, SOLIDARIEDADE, CIDADANIA, AVANTE, MDB, PSDB, PSD, PODE, PROS, PTB, PP, REPUBLICANOS, PSC, UNIÃO, PATRIOTA, NOVO",21,86374852,109413508,0.7894349937121109,402,0.783625730994152,404.9801517743129,-2.980151774312901,-147.9801517743129,0.9926412399193981,true,true,votes+seats,false,396,399,false,false,false,false,false
2022,seat_winning,23,6,32,0,0,PCdoB|PT|PSB|REDE|PDT|PV|SOLIDARIEDADE|CIDADANIA|AVANTE|MDB|PSDB|PSD|PODE|PROS|PTB|PP|REPUBLICANOS|PSC|UNIÃO|PATRIOTA|NOVO|PL,490.20041062023165,10.79958937976835,1.02203096763241,false,false,2,23,PCdoB,PL,"PCdoB, PT, PSB, REDE, PDT, PV, SOLIDARIEDADE, CIDADANIA, AVANTE, MDB, PSDB, PSD, PODE, PROS, PTB, PP, REPUBLICANOS, PSC, UNIÃO, PATRIOTA, NOVO, PL",22,104550773,109413508,0.955556355984857,501,0.9766081871345029,490.20041062023165,10.79958937976835,-233.20041062023165,1.02203096763241,true,true,votes+seats,false,495,402,false,false,false,false,false
2022,seat_winning,23,7,7,0,0,PT,62.062045154424624,6.937954845575376,1.111790625467017,false,false,3,3,PT,PT,PT,1,13236698,109413508,0.1209786455251942,69,0.13450292397660818,62.062045154424624,6.937954845575376,194.93795484557538,1.111790625467017,false,false,neither,false,0,0,false,false,false,false,false
2022,seat_winning,23,7,8,0,0,PT|PSB,81.63662260970557,1.3633773902944313,1.0167005609334498,false,false,3,4,PT,PSB,"PT, PSB",2,17411597,109413508,0.15913571658812,83,0.1617933723196881,81.63662260970557,1.3633773902944313,175.36337739029443,1.0167005609334498,false,false,neither,false,14,69,false,false,false,false,false
2022,seat_winning,23,7,9,0,0,PT|PSB|REDE,85.30743463595007,-0.3074346359500737,0.9963961565921886,false,false,3,5,PT,REDE,"PT, PSB, REDE",3,18194514,109413508,0.16629129558664732,85,0.16569200779727095,85.30743463595007,-0.3074346359500737,171.69256536404993,0.9963961565921886,false,false,neither,false,16,83,false,false,false,false,false
2022,seat_winning,23,7,10,0,0,PT|PSB|REDE|PDT,103.2572500371709,-1.2572500371709054,0.9878240991628354,false,false,3,6,PT,PDT,"PT, PSB, REDE, PDT",4,22022881,109413508,0.20128118915627857,102,0.19883040935672514,103.2572500371709,-1.2572500371709054,153.7427499628291,0.9878240991628354,false,false,neither,false,33,85,false,false,false,false,false
2022,seat_winning,23,7,11,0,0,PT|PSB|REDE|PDT|PV,107.73291783131567,0.26708216868432544,1.0024791138498867,false,false,3,7,PT,PV,"PT, PSB, REDE, PDT, PV",5,22977459,109413508,0.21000568778034245,108,0.21052631578947367,107.73291783131567,0.26708216868432544,149.26708216868434,1.0024791138498867,false,false,neither,false,39,102,false,false,false,false,false
2022,seat_winning,23,7,12,0,0,PT|PSB|REDE|PDT|PV|SOLIDARIEDADE,115.71540795493003,-3.715407954930029,0.9678918475888955,false,false,3,8,PT,SOLIDARIEDADE,"PT, PSB, REDE, PDT, PV, SOLIDARIEDADE",6,24679978,109413508,0.22556609737803124,112,0.21832358674463936,115.71540795493003,-3.715407954930029,141.28459204506999,0.9678918475888955,false,false,neither,false,43,108,false,false,false,false,false
2022,seat_winning,23,7,13,0,0,PT|PSB|REDE|PDT|PV|SOLIDARIEDADE|CIDADANIA,123.2833617947795,-6.283361794779495,0.9490331728198739,false,false,3,9,PT,CIDADANIA,"PT, PSB, REDE, PDT, PV, SOLIDARIEDADE, CIDADANIA",7,26294084,109413508,0.24031844404440447,117,0.22807017543859648,123.2833617947795,-6.283361794779495,133.7166382052205,0.9490331728198739,false,false,neither,false,48,112,false,false,false,false,false
2022,seat_winning,23,7,14,0,0,PT|PSB|REDE|PDT|PV|SOLIDARIEDADE|CIDADANIA|AVANTE,133.56327836595827,-9.563278365958269,0.9283988946441157,false,false,3,10,PT,AVANTE,"PT, PSB, REDE, PDT, PV, SOLIDARIEDADE, CIDADANIA, AVANTE",8,28486602,109413508,0.26035726776989915,124,0.24171539961013644,133.56327836595827,-9.563278365958269,123.43672163404173,0.9283988946441157,false,false,neither,false,55,117,false,false,false,false,false
2022,seat_winning,23,7,15,0,0,PT|PSB|REDE|PDT|PV|SOLIDARIEDADE|CIDADANIA|AVANTE|MDB,170.84212272035,-4.842122720350005,0.9716573252354396,false,false,3,11,PT,MDB,"PT, PSB, REDE, PDT, PV, SOLIDARIEDADE, CIDADANIA, AVANTE, MDB",9,36437497,109413508,0.3330255803515595,166,0.3235867446393762,170.84212272035,-4.842122720350005,86.15787727965,0.9716573252354396,false,false,neither,false,97,124,false,false,false,false,false
2022,seat_winning,23,7,17,0,0,PT|PSB|REDE|PDT|PV|SOLIDARIEDADE|CIDADANIA|AVANTE|MDB|PSDB,186.35710184888688,-7.3571018488868845,0.9605214838828487,false,false,3,12,PT,PSDB,"PT, PSB, REDE, PDT, PV, SOLIDARIEDADE, CIDADANIA, AVANTE, MDB, PSDB",10,39746558,109413508,0.3632692043837951,179,0.3489278752436647,186.35710184888688,-7.3571018488868845,70.64289815111312,0.9605214838828487,false,false,neither,false,110,166,false,false,false,false,false
2022,seat_winning,23,7,18,0,0,PT|PSB|REDE|PDT|PV|SOLIDARIEDADE|CIDADANIA|AVANTE|MDB|PSDB|PSD,225.2444340053515,-4.244434005351508,0.9811563201368578,false,false,3,13,PT,PSD,"PT, PSB, REDE, PDT, PV, SOLIDARIEDADE, CIDADANIA, AVANTE, MDB, PSDB, PSD",11,48040514,109413508,0.4390729707706657,221,0.43079922027290446,225.2444340053515,-4.244434005351508,31.755565994648492,0.9811563201368578,false,false,neither,false,152,179,false,false,false,false,false
2022,seat_winning,23,7,20,0,0,PT|PSB|REDE|PDT|PV|SOLIDARIEDADE|CIDADANIA|AVANTE|MDB|PSDB|PSD|PODE,242.18009297352938,-9.180092973529383,0.9620939406669863,false,false,3,14,PT,PODE,"PT, PSB, REDE, PDT, PV, SOLIDARIEDADE, CIDADANIA, AVANTE, MDB, PSDB, PSD, PODE",12,51652580,109413508,0.4720859512154569,233,0.45419103313840153,242.18009297352938,-9.180092973529383,14.819907026470617,0.9620939406669863,false,false,neither,false,164,221,false,false,false,false,false
2022,seat_winning,23,7,21,0,0,PT|PSB|REDE|PDT|PV|SOLIDARIEDADE|CIDADANIA|AVANTE|MDB|PSDB|PSD|PODE|PROS,245.92941150374227,-9.929411503742273,0.9596249531805545,false,false,3,15,PT,PROS,"PT, PSB, REDE, PDT, PV, SOLIDARIEDADE, CIDADANIA, AVANTE, MDB, PSDB, PSD, PODE, PROS",13,52452241,109413508,0.4793945643347803,236,0.4600389863547758,245.92941150374227,-9.929411503742273,11.070588496257727,0.9596249531805545,false,false,neither,false,167,233,false,false,false,false,false
2022,seat_winning,23,7,24,0,0,PT|PSB|REDE|PDT|PV|SOLIDARIEDADE|CIDADANIA|AVANTE|MDB|PSDB|PSD|PODE|PROS|PTB,252.59970742369399,-15.599707423693985,0.9382433670141666,false,false,3,16,PT,PTB,"PT, PSB, REDE, PDT, PV, SOLIDARIEDADE, CIDADANIA, AVANTE, MDB, PSDB, PSD, PODE, PROS, PTB",14,53874893,109413508,0.4923970904945302,237,0.4619883040935672,252.59970742369399,-15.599707423693985,4.400292576306015,0.9382433670141666,false,false,neither,false,168,236,false,false,false,false,false
2022,seat_winning,23,7,25,0,0,PT|PSB|REDE|PDT|PV|SOLIDARIEDADE|CIDADANIA|AVANTE|MDB|PSDB|PSD|PODE|PROS|PTB|PP,293.357626765792,-9.35762676579202,0.9681016414369111,true,false,3,17,PT,PP,"PT, PSB, REDE, PDT, PV, SOLIDARIEDADE, CIDADANIA, AVANTE, MDB, PSDB, PSD, PODE, PROS, PTB, PP",15,62567811,109413508,0.5718472256643119,284,0.5536062378167641,293.357626765792,-9.35762676579202,-36.35762676579202,0.9681016414369111,true,true,votes+seats,false,215,237,true,false,true,false,true
2022,seat_winning,23,7,27,0,0,PT|PSB|REDE|PDT|PV|SOLIDARIEDADE|CIDADANIA|AVANTE|MDB|PSDB|PSD|PODE|PROS|PTB|PP|REPUBLICANOS,329.0423305411248,-5.042330541124784,0.9846757390368819,false,false,3,18,PT,REPUBLICANOS,"PT, PSB, REDE, PDT, PV, SOLIDARIEDADE, CIDADANIA, AVANTE, MDB, PSDB, PSD, PODE, PROS, PTB, PP, REPUBLICANOS",16,70178705,109413508,0.6414080517370854,324,0.631578947368421,329.0423305411248,-5.042330541124784,-72.04233054112478,0.9846757390368819,true,true,votes+seats,false,255,284,false,false,false,false,false
2022,seat_winning,23,7,28,0,0,PT|PSB|REDE|PDT|PV|SOLIDARIEDADE|CIDADANIA|AVANTE|MDB|PSDB|PSD|PODE|PROS|PTB|PP|REPUBLICANOS|PSC,338.1602158208838,-8.16021582088382,0.9758687881095802,false,false,3,19,PT,PSC,"PT, PSB, REDE, PDT, PV, SOLIDARIEDADE, CIDADANIA, AVANTE, MDB, PSDB, PSD, PODE, PROS, PTB, PP, REPUBLICANOS, PSC",17,72123383,109413508,0.6591817072531848,330,0.6432748538011696,338.1602158208838,-8.16021582088382,-81.16021582088382,0.9758687881095802,true,true,votes+seats,false,261,324,false,false,false,false,false
2022,seat_winning,23,7,29,0,0,PT|PSB|REDE|PDT|PV|SOLIDARIEDADE|CIDADANIA|AVANTE|MDB|PSDB|PSD|PODE|PROS|PTB|PP|REPUBLICANOS|PSC|UNIÃO,386.05665223712595,2.9433477628740548,1.007624134296917,false,false,3,20,PT,UNIÃO,"PT, PSB, REDE, PDT, PV, SOLIDARIEDADE, CIDADANIA, AVANTE, MDB, PSDB, PSD, PODE, PROS, PTB, PP, REPUBLICANOS, PSC, UNIÃO",18,82338816,109413508,0.7525470803842611,389,0.7582846003898636,386.05665223712595,2.9433477628740548,-129.05665223712595,1.007624134296917,true,true,votes+seats,false,320,330,false,false,false,false,false
2022,seat_winning,23,7,30,0,0,PT|PSB|REDE|PDT|PV|SOLIDARIEDADE|CIDADANIA|AVANTE|MDB|PSDB|PSD|PODE|PROS|PTB|PP|REPUBLICANOS|PSC|UNIÃO|PATRIOTA,393.2141817260809,-0.2141817260808807,0.9994553051847197,false,false,3,21,PT,PATRIOTA,"PT, PSB, REDE, PDT, PV, SOLIDARIEDADE, CIDADANIA, AVANTE, MDB, PSDB, PSD, PODE, PROS, PTB, PP, REPUBLICANOS, PSC, UNIÃO, PATRIOTA",19,83865386,109413508,0.7664993795830036,393,0.7660818713450293,393.2141817260809,-0.2141817260808807,-136.21418172608088,0.9994553051847197,true,true,votes+seats,false,324,389,false,false,false,false,false
2022,seat_winning,23,7,31,0,0,PT|PSB|REDE|PDT|PV|SOLIDARIEDADE|CIDADANIA|AVANTE|MDB|PSDB|PSD|PODE|PROS|PTB|PP|REPUBLICANOS|PSC|UNIÃO|PATRIOTA|NOVO,399.56612870871487,-3.5661287087148708,0.9910749974722842,false,false,3,22,PT,NOVO,"PT, PSB, REDE, PDT, PV, SOLIDARIEDADE, CIDADANIA, AVANTE, MDB, PSDB, PSD, PODE, PROS, PTB, PP, REPUBLICANOS, PSC, UNIÃO, PATRIOTA, NOVO",20,85220140,109413508,0.7788813425121147,396,0.7719298245614035,399.56612870871487,-3.5661287087148708,-142.56612870871487,0.9910749974722842,true,true,votes+seats,false,327,393,false,false,false,false,false
2022,seat_winning,23,7,32,0,0,PT|PSB|REDE|PDT|PV|SOLIDARIEDADE|CIDADANIA|AVANTE|MDB|PSDB|PSD|PODE|PROS|PTB|PP|REPUBLICANOS|PSC|UNIÃO|PATRIOTA|NOVO|PL,484.78638755463356,10.213612445366437,1.0210682740018466,false,false,3,23,PT,PL,"PT, PSB, REDE, PDT, PV, SOLIDARIEDADE, CIDADANIA, AVANTE, MDB, PSDB, PSD, PODE, PROS, PTB, PP, REPUBLICANOS, PSC, UNIÃO, PATRIOTA, NOVO, PL",21,103396061,109413508,0.9450027047848607,495,0.9649122807017544,484.78638755463356,10.213612445366437,-227.78638755463356,1.0210682740018466,true,true,votes+seats,false,426,396,false,false,false,false,false
2022,seat_winning,23,8,8,0,0,PSB,19.574577455280934,-5.574577455280934,0.7152133951286395,false,false,4,4,PSB,PSB,PSB,1,4174899,109413508,0.0381570710629258,14,0.02729044834307992,19.574577455280934,-5.574577455280934,237.42542254471905,0.7152133951286395,false,false,neither,false,0,0,false,false,false,false,false
2022,seat_winning,23,8,9,0,0,PSB|REDE,23.245389481525446,-7.2453894815254465,0.6883085358804675,false,false,4,5,PSB,REDE,"PSB, REDE",2,4957816,109413508,0.04531265006145311,16,0.031189083820662766,23.245389481525446,-7.2453894815254465,233.75461051847455,0.6883085358804675,false,false,neither,false,2,14,false,false,false,false,false
2022,seat_winning,23,8,10,0,0,PSB|REDE|PDT,41.19520488274629,-8.195204882746289,0.8010641067067815,false,false,4,6,PSB,PDT,"PSB, REDE, PDT",3,8786183,109413508,0.08030254363108438,33,0.06432748538011696,41.19520488274629,-8.195204882746289,215.80479511725372,0.8010641067067815,false,false,neither,false,19,16,false,false,false,false,false
2022,seat_winning,23,8,11,0,0,PSB|REDE|PDT|PV,45.670872676891044,-6.670872676891044,0.8539359489781234,false,false,4,7,PSB,PV,"PSB, REDE, PDT, PV",4,9740761,109413508,0.08902704225514824,39,0.07602339181286549,45.670872676891044,-6.670872676891044,211.32912732310896,0.8539359489781234,false,false,neither,false,25,33,false,false,false,false,false
2022,seat_winning,23,8,12,0,0,PSB|REDE|PDT|PV|SOLIDARIEDADE,53.6533628005054,-10.653362800505398,0.801440911725946,false,false,4,8,PSB,SOLIDARIEDADE,"PSB, REDE, PDT, PV, SOLIDARIEDADE",5,11443280,109413508,0.10458745185283704,43,0.08382066276803118,53.6533628005054,-10.653362800505398,203.3466371994946,0.801440911725946,false,false,neither,false,29,39,false,false,false,false,false
2022,seat_winning,23,8,13,0,0,PSB|REDE|PDT|PV|SOLIDARIEDADE|CIDADANIA,61.221316640354864,-13.221316640354864,0.7840406354207702,false,false,4,9,PSB,CIDADANIA,"PSB, REDE, PDT, PV, SOLIDARIEDADE, CIDADANIA",6,13057386,109413508,0.11933979851921026,48,0.0935672514619883,61.221316640354864,-13.221316640354864,195.77868335964513,0.7840406354207702,false,false,neither,false,34,43,false,false,false,false,false
2022,seat_winning,23,8,14,0,0,PSB|REDE|PDT|PV|SOLIDARIEDADE|CIDADANIA|AVANTE,71.50123321153363,-16.50123321153363,0.7692175019874781,false,false,4,10,PSB,AVANTE,"PSB, REDE, PDT, PV, SOLIDARIEDADE, CIDADANIA, AVANTE",7,15249904,109413508,0.13937862224470493,55,0.10721247563352826,71.50123321153363,-16.50123321153363,185.49876678846636,0.7692175019874781,false,false,neither,false,41,48,false,false,false,false,false
2022,seat_winning,23,8,15,0,0,PSB|REDE|PDT|PV|SOLIDARIEDADE|CIDADANIA|AVANTE|MDB,108.7800775659254,-11.780077565925396,0.8917073987303772,false,false,4,11,PSB,MDB,"PSB, REDE, PDT, PV, SOLIDARIEDADE, CIDADANIA, AVANTE, MDB",8,23200799,109413508,0.2120469348263653,97,0.18908382066276802,108.7800775659254,-11.780077565925396,148.2199224340746,0.8917073987303772,false,false,neither,false,83,55,false,false,false,false,false
2022,seat_winning,23,8,17,0,0,PSB|REDE|PDT|PV|SOLIDARIEDADE|CIDADANIA|AVANTE|MDB|PSDB,124.29505669446226,-14.29505669446226,0.8849909475515034,false,false,4,12,PSB,PSDB,"PSB, REDE, PDT, PV, SOLIDARIEDADE, CIDADANIA, AVANTE, MDB, PSDB",9,26509860,109413508,0.2422905588586009,110,0.21442495126705652,124.29505669446226,-14.29505669446226,132.70494330553774,0.8849909475515034,false,false,neither,false,96,97,false,false,false,false,false
2022,seat_winning,23,8,18,0,0,PSB|REDE|PDT|PV|SOLIDARIEDADE|CIDADANIA|AVANTE|MDB|PSDB|PSD,163.1823888509269,-11.182388850926912,0.9314730656312279,false,false,4,13,PSB,PSD,"PSB, REDE, PDT, PV, SOLIDARIEDADE, CIDADANIA, AVANTE, MDB, PSDB, PSD",10,34803816,109413508,0.31809432524547154,152,0.2962962962962963,163.1823888509269,-11.182388850926912,93.81761114907309,0.9314730656312279,false,false,neither,false,138,110,false,false,false,false,false
2022,seat_winning,23,8,20,0,0,PSB|REDE|PDT|PV|SOLIDARIEDADE|CIDADANIA|AVANTE|MDB|PSDB|PSD|PODE,180.11804781910473,-16.11804781910473,0.9105139767265725,false,false,4,14,PSB,PODE,"PSB, REDE, PDT, PV, SOLIDARIEDADE, CIDADANIA, AVANTE, MDB, PSDB, PSD, PODE",11,38415882,109413508,0.35110730569026266,164,0.31968810916179335,180.11804781910473,-16.11804781910473,76.88195218089527,0.9105139767265725,false,false,neither,false,150,152,false,false,false,false,false
2022,seat_winning,23,8,21,0,0,PSB|REDE|PDT|PV|SOLIDARIEDADE|CIDADANIA|AVANTE|MDB|PSDB|PSD|PODE|PROS,183.86736634931768,-16.867366349317678,0.9082634037555503,false,false,4,15,PSB,PROS,"PSB, REDE, PDT, PV, SOLIDARIEDADE, CIDADANIA, AVANTE, MDB, PSDB, PSD, PODE, PROS",12,39215543,109413508,0.3584159188095861,167,0.3255360623781676,183.86736634931768,-16.867366349317678,73.13263365068232,0.9082634037555503,false,false,neither,false,153,164,false,false,false,false,false
2022,seat_winning,23,8,24,0,0,PSB|REDE|PDT|PV|SOLIDARIEDADE|CIDADANIA|AVANTE|MDB|PSDB|PSD|PODE|PROS|PTB,190.53766226926933,-22.537662269269333,0.8817154466951582,false,false,4,16,PSB,PTB,"PSB, REDE, PDT, PV, SOLIDARIEDADE, CIDADANIA, AVANTE, MDB, PSDB, PSD, PODE, PROS, PTB",13,40638195,109413508,0.37141844496933596,168,0.32748538011695905,190.53766226926933,-22.537662269269333,66.46233773073067,0.8817154466951582,false,false,neither,false,154,167,false,false,false,false,false
2022,seat_winning,23,8,25,0,0,PSB|REDE|PDT|PV|SOLIDARIEDADE|CIDADANIA|AVANTE|MDB|PSDB|PSD|PODE|PROS|PTB|PP,231.2955816113674,-16.295581611367396,0.9295465071237378,false,false,4,17,PSB,PP,"PSB, REDE, PDT, PV, SOLIDARIEDADE, CIDADANIA, AVANTE, MDB, PSDB, PSD, PODE, PROS, PTB, PP",14,49331113,109413508,0.45086858013911774,215,0.4191033138401559,231.2955816113674,-16.295581611367396,25.704418388632604,0.9295465071237378,false,false,neither,false,201,168,false,false,false,false,false
2022,seat_winning,23,8,27,0,0,PSB|REDE|PDT|PV|SOLIDARIEDADE|CIDADANIA|AVANTE|MDB|PSDB|PSD|PODE|PROS|PTB|PP|REPUBLICANOS,266.9802853867002,-11.980285386700189,0.9551267039461446,false,false,4,18,PSB,REPUBLICANOS,"PSB, REDE, PDT, PV, SOLIDARIEDADE, CIDADANIA, AVANTE, MDB, PSDB, PSD, PODE, PROS, PTB, PP, REPUBLICANOS",15,56942007,109413508,0.5204294062118912,255,0.49707602339181284,266.9802853867002,-11.980285386700189,-9.980285386700189,0.9551267039461446,true,false,votes_only,false,241,215,false,false,false,false,false
2022,seat_winning,23,8,28,0,0,PSB|REDE|PDT|PV|SOLIDARIEDADE|CIDADANIA|AVANTE|MDB|PSDB|PSD|PODE|PROS|PTB|PP|REPUBLICANOS|PSC,276.0981706664592,-15.098170666459225,0.9453159337129452,true,false,4,19,PSB,PSC,"PSB, REDE, PDT, PV, SOLIDARIEDADE, CIDADANIA, AVANTE, MDB, PSDB, PSD, PODE, PROS, PTB, PP, REPUBLICANOS, PSC",16,58886685,109413508,0.5382030617279907,261,0.5087719298245614,276.0981706664592,-15.098170666459225,-19.098170666459225,0.9453159337129452,true,true,votes+seats,false,247,255,true,false,true,false,true
2022,seat_winning,23,8,29,0,0,PSB|REDE|PDT|PV|SOLIDARIEDADE|CIDADANIA|AVANTE|MDB|PSDB|PSD|PODE|PROS|PTB|PP|REPUBLICANOS|PSC|UNIÃO,323.99460708270135,-3.99460708270135,0.9876707605763274,false,false,4,20,PSB,UNIÃO,"PSB, REDE, PDT, PV, SOLIDARIEDADE, CIDADANIA, AVANTE, MDB, PSDB, PSD, PODE, PROS, PTB, PP, REPUBLICANOS, PSC, UNIÃO",17,69102118,109413508,0.631568434859067,320,0.6237816764132553,323.99460708270135,-3.99460708270135,-66.99460708270135,0.9876707605763274,true,true,votes+seats,false,306,261,false,false,false,false,false
2022,seat_winning,23,8,30,0,0,PSB|REDE|PDT|PV|SOLIDARIEDADE|CIDADANIA|AVANTE|MDB|PSDB|PSD|PODE|PROS|PTB|PP|REPUBLICANOS|PSC|UNIÃO|PATRIOTA,331.15213657165623,-7.152136571656229,0.9784022635465962,false,false,4,21,PSB,PATRIOTA,"PSB, REDE, PDT, PV, SOLIDARIEDADE, CIDADANIA, AVANTE, MDB, PSDB, PSD, PODE, PROS, PTB, PP, REPUBLICANOS, PSC, UNIÃO, PATRIOTA",18,70628688,109413508,0.6455207340578094,324,0.631578947368421,331.15213657165623,-7.152136571656229,-74.15213657165623,0.9784022635465962,true,true,votes+seats,false,310,320,false,false,false,false,false
2022,seat_winning,23,8,31,0,0,PSB|REDE|PDT|PV|SOLIDARIEDADE|CIDADANIA|AVANTE|MDB|PSDB|PSD|PODE|PROS|PTB|PP|REPUBLICANOS|PSC|UNIÃO|PATRIOTA|NOVO,337.5040835542902,-10.504083554290219,0.9688771660370131,false,false,4,22,PSB,NOVO,"PSB, REDE, PDT, PV, SOLIDARIEDADE, CIDADANIA, AVANTE, MDB, PSDB, PSD, PODE, PROS, PTB, PP, REPUBLICANOS, PSC, UNIÃO, PATRIOTA, NOVO",19,71983442,109413508,0.6579026969869205,327,0.6374269005847953,337.5040835542902,-10.504083554290219,-80.50408355429022,0.9688771660370131,true,true,votes+seats,false,313,324,false,false,false,false,false
2022,seat_winning,23,8,32,0,0,PSB|REDE|PDT|PV|SOLIDARIEDADE|CIDADANIA|AVANTE|MDB|PSDB|PSD|PODE|PROS|PTB|PP|REPUBLICANOS|PSC|UNIÃO|PATRIOTA|NOVO|PL,422.72434240020897,3.2756575997910318,1.0077489211555501,false,false,4,23,PSB,PL,"PSB, REDE, PDT, PV, SOLIDARIEDADE, CIDADANIA, AVANTE, MDB, PSDB, PSD, PODE, PROS, PTB, PP, REPUBLICANOS, PSC, UNIÃO, PATRIOTA, NOVO, PL",20,90159363,109413508,0.8240240592596666,426,0.8304093567251462,422.72434240020897,3.2756575997910318,-165.72434240020897,1.0077489211555501,true,true,votes+seats,false,412,327,false,false,false,false,false
2022,seat_winning,23,9,9,0,0,REDE,3.6708120262445108,-1.6708120262445108,0.5448385767783744,false,false,5,5,REDE,REDE,REDE,1,782917,109413508,0.007155578998527311,2,0.003898635477582846,3.6708120262445108,-1.6708120262445108,253.3291879737555,0.5448385767783744,false,false,neither,false,0,0,false,false,false,false,false
2022,seat_winning,23,9,10,0,0,REDE|PDT,21.620627427465354,-2.6206274274653545,0.8787904080833339,false,false,5,6,REDE,PDT,"REDE, PDT",2,4611284,109413508,0.042145472568158586,19,0.037037037037037035,21.620627427465354,-2.6206274274653545,235.37937257253463,0.8787904080833339,false,false,neither,false,17,2,false,false,false,false,false
2022,seat_winning,23,9,11,0,0,REDE|PDT|PV,26.096295221610116,-1.0962952216101165,0.9579903885857988,false,false,5,7,REDE,PV,"REDE, PDT, PV",3,5565862,109413508,0.050869971192222446,25,0.04873294346978557,26.096295221610116,-1.0962952216101165,230.90370477838988,0.9579903885857988,false,false,neither,false,23,19,false,false,false,false,false
2022,seat_winning,23,9,12,0,0,REDE|PDT|PV|SOLIDARIEDADE,34.07878534522447,-5.078785345224468,0.8509692967699576,false,false,5,8,REDE,SOLIDARIEDADE,"REDE, PDT, PV, SOLIDARIEDADE",4,7268381,109413508,0.06643038078991124,29,0.056530214424951264,34.07878534522447,-5.078785345224468,222.92121465477553,0.8509692967699576,false,false,neither,false,27,25,false,false,false,false,false
2022,seat_winning,23,9,13,0,0,REDE|PDT|PV|SOLIDARIEDADE|CIDADANIA,41.64673918507393,-7.646739185073933,0.816390446534299,false,false,5,9,REDE,CIDADANIA,"REDE, PDT, PV, SOLIDARIEDADE, CIDADANIA",5,8882487,109413508,0.08118272745628446,34,0.06627680311890838,41.64673918507393,-7.646739185073933,215.35326081492607,0.816390446534299,false,false,neither,false,32,29,false,false,false,false,false
2022,seat_winning,23,9,14,0,0,REDE|PDT|PV|SOLIDARIEDADE|CIDADANIA|AVANTE,51.92665575625269,-10.926655756252693,0.7895752076247088,false,false,5,10,REDE,AVANTE,"REDE, PDT, PV, SOLIDARIEDADE, CIDADANIA, AVANTE",6,11075005,109413508,0.10122155118177913,41,0.07992202729044834,51.92665575625269,-10.926655756252693,205.0733442437473,0.7895752076247088,false,false,neither,false,39,34,false,false,false,false,false
2022,seat_winning,23,9,15,0,0,REDE|PDT|PV|SOLIDARIEDADE|CIDADANIA|AVANTE|MDB,89.20550011064446,-6.205500110644465,0.9304359024617587,false,false,5,11,REDE,MDB,"REDE, PDT, PV, SOLIDARIEDADE, CIDADANIA, AVANTE, MDB",7,19025900,109413508,0.1738898637634395,83,0.1617933723196881,89.20550011064446,-6.205500110644465,167.79449988935554,0.9304359024617587,false,false,neither,false,81,41,false,false,false,false,false
2022,seat_winning,23,9,17,0,0,REDE|PDT|PV|SOLIDARIEDADE|CIDADANIA|AVANTE|MDB|PSDB,104.72047923918133,-8.72047923918133,0.9167261332020475,false,false,5,12,REDE,PSDB,"REDE, PDT, PV, SOLIDARIEDADE, CIDADANIA, AVANTE, MDB, PSDB",8,22334961,109413508,0.2041334877956751,96,0.1871345029239766,104.72047923918133,-8.72047923918133,152.27952076081868,0.9167261332020475,false,false,neither,false,94,83,false,false,false,false,false
2022,seat_winning,23,9,18,0,0,REDE|PDT|PV|SOLIDARIEDADE|CIDADANIA|AVANTE|MDB|PSDB|PSD,143.60781139564597,-5.607811395645967,0.9609505127809782,false,false,5,13,REDE,PSD,"REDE, PDT, PV, SOLIDARIEDADE, CIDADANIA, AVANTE, MDB, PSDB, PSD",9,30628917,109413508,0.2799372541825457,138,0.26900584795321636,143.60781139564597,-5.607811395645967,113.39218860435403,0.9609505127809782,false,false,neither,false,136,96,false,false,false,false,false
2022,seat_winning,23,9,20,0,0,REDE|PDT|PV|SOLIDARIEDADE|CIDADANIA|AVANTE|MDB|PSDB|PSD|PODE,160.54347036382381,-10.543470363823815,0.934326383128942,false,false,5,14,REDE,PODE,"REDE, PDT, PV, SOLIDARIEDADE, CIDADANIA, AVANTE, MDB, PSDB, PSD, PODE",10,34240983,109413508,0.3129502346273369,150,0.29239766081871343,160.54347036382381,-10.543470363823815,96.45652963617619,0.934326383128942,false,false,neither,false,148,138,false,false,false,false,false
2022,seat_winning,23,9,21,0,0,REDE|PDT|PV|SOLIDARIEDADE|CIDADANIA|AVANTE|MDB|PSDB|PSD|PODE|PROS,164.29278889403673,-11.292788894036732,0.9312642449491791,false,false,5,15,REDE,PROS,"REDE, PDT, PV, SOLIDARIEDADE, CIDADANIA, AVANTE, MDB, PSDB, PSD, PODE, PROS",11,35040644,109413508,0.3202588477466603,153,0.2982456140350877,164.29278889403673,-11.292788894036732,92.70721110596327,0.9312642449491791,false,false,neither,false,151,150,false,false,false,false,false
2022,seat_winning,23,9,24,0,0,REDE|PDT|PV|SOLIDARIEDADE|CIDADANIA|AVANTE|MDB|PSDB|PSD|PODE|PROS|PTB,170.96308481398842,-16.963084813988416,0.9007792539983435,false,false,5,16,REDE,PTB,"REDE, PDT, PV, SOLIDARIEDADE, CIDADANIA, AVANTE, MDB, PSDB, PSD, PODE, PROS, PTB",12,36463296,109413508,0.33326137390641014,154,0.3001949317738791,170.96308481398842,-16.963084813988416,86.03691518601158,0.9007792539983435,false,false,neither,false,152,153,false,false,false,false,false
2022,seat_winning,23,9,25,0,0,REDE|PDT|PV|SOLIDARIEDADE|CIDADANIA|AVANTE|MDB|PSDB|PSD|PODE|PROS|PTB|PP,211.72100415608645,-10.721004156086451,0.9493625859237724,false,false,5,17,REDE,PP,"REDE, PDT, PV, SOLIDARIEDADE, CIDADANIA, AVANTE, MDB, PSDB, PSD, PODE, PROS, PTB, PP",13,45156214,109413508,0.4127115090761919,201,0.391812865497076,211.72100415608645,-10.721004156086451,45.27899584391355,0.9493625859237724,false,false,neither,false,199,154,false,false,false,false,false
2022,seat_winning,23,9,27,0,0,REDE|PDT|PV|SOLIDARIEDADE|CIDADANIA|AVANTE|MDB|PSDB|PSD|PODE|PROS|PTB|PP|REPUBLICANOS,247.40570793141922,-6.405707931419215,0.9741084876942496,false,false,5,18,REDE,REPUBLICANOS,"REDE, PDT, PV, SOLIDARIEDADE, CIDADANIA, AVANTE, MDB, PSDB, PSD, PODE, PROS, PTB, PP, REPUBLICANOS",14,52767108,109413508,0.48227233514896534,241,0.4697855750487329,247.40570793141922,-6.405707931419215,9.594292068580785,0.9741084876942496,false,false,neither,false,239,201,false,false,false,false,false
2022,seat_winning,23,9,28,0,0,REDE|PDT|PV|SOLIDARIEDADE|CIDADANIA|AVANTE|MDB|PSDB|PSD|PODE|PROS|PTB|PP|REPUBLICANOS|PSC,256.52359321117825,-9.523593211178252,0.9628743964952255,false,false,5,19,REDE,PSC,"REDE, PDT, PV, SOLIDARIEDADE, CIDADANIA, AVANTE, MDB, PSDB, PSD, PODE, PROS, PTB, PP, REPUBLICANOS, PSC",15,54711786,109413508,0.5000459906650648,247,0.48148148148148145,256.52359321117825,-9.523593211178252,0.47640678882174825,0.9628743964952255,true,false,votes_only,false,245,241,false,false,false,false,false
2022,seat_winning,23,9,29,0,0,REDE|PDT|PV|SOLIDARIEDADE|CIDADANIA|AVANTE|MDB|PSDB|PSD|PODE|PROS|PTB|PP|REPUBLICANOS|PSC|UNIÃO,304.4200296274204,1.5799703725796235,1.0051900999238235,false,false,5,20,REDE,UNIÃO,"REDE, PDT, PV, SOLIDARIEDADE, CIDADANIA, AVANTE, MDB, PSDB, PSD, PODE, PROS, PTB, PP, REPUBLICANOS, PSC, UNIÃO",16,64927219,109413508,0.5934113637961411,306,0.5964912280701754,304.4200296274204,1.5799703725796235,-47.42002962742038,1.0051900999238235,true,true,votes+seats,false,304,247,false,false,false,false,true
2022,seat_winning,23,9,30,0,0,REDE|PDT|PV|SOLIDARIEDADE|CIDADANIA|AVANTE|MDB|PSDB|PSD|PODE|PROS|PTB|PP|REPUBLICANOS|PSC|UNIÃO|PATRIOTA,311.5775591163753,-1.577559116375312,0.9949368654121008,false,false,5,21,REDE,PATRIOTA,"REDE, PDT, PV, SOLIDARIEDADE, CIDADANIA, AVANTE, MDB, PSDB, PSD, PODE, PROS, PTB, PP, REPUBLICANOS, PSC, UNIÃO, PATRIOTA",17,66453789,109413508,0.6073636629948836,310,0.6042884990253411,311.5775591163753,-1.577559116375312,-54.57755911637531,0.9949368654121008,true,true,votes+seats,false,308,306,false,false,false,false,false
2022,seat_winning,23,9,31,0,0,REDE|PDT|PV|SOLIDARIEDADE|CIDADANIA|AVANTE|MDB|PSDB|PSD|PODE|PROS|PTB|PP|REPUBLICANOS|PSC|UNIÃO|PATRIOTA|NOVO,317.9295060990093,-4.929506099009302,0.9844949713554609,false,false,5,22,REDE,NOVO,"REDE, PDT, PV, SOLIDARIEDADE, CIDADANIA, AVANTE, MDB, PSDB, PSD, PODE, PROS, PTB, PP, REPUBLICANOS, PSC, UNIÃO, PATRIOTA, NOVO",18,67808543,109413508,0.6197456259239947,313,0.6101364522417154,317.9295060990093,-4.929506099009302,-60.9295060990093,0.9844949713554609,true,true,votes+seats,false,311,310,false,false,false,false,false
2022,seat_winning,23,9,32,0,0,REDE|PDT|PV|SOLIDARIEDADE|CIDADANIA|AVANTE|MDB|PSDB|PSD|PODE|PROS|PTB|PP|REPUBLICANOS|PSC|UNIÃO|PATRIOTA|NOVO|PL,403.149764944928,8.850235055072005,1.0219527228455187,false,false,5,23,REDE,PL,"REDE, PDT, PV, SOLIDARIEDADE, CIDADANIA, AVANTE, MDB, PSDB, PSD, PODE, PROS, PTB, PP, REPUBLICANOS, PSC, UNIÃO, PATRIOTA, NOVO, PL",19,85984464,109413508,0.7858669881967407,412,0.8031189083820662,403.149764944928,8.850235055072005,-146.149764944928,1.0219527228455187,true,true,votes+seats,false,410,313,false,false,false,false,false
2022,seat_winning,23,10,10,0,0,PDT,17.949815401220842,-0.9498154012208424,0.9470849487869251,false,false,6,6,PDT,PDT,PDT,1,3828367,109413508,0.034989893569631274,17,0.03313840155945419,17.949815401220842,-0.9498154012208424,239.05018459877917,0.9470849487869251,false,false,neither,false,0,0,false,false,false,false,false
2022,seat_winning,23,10,11,0,0,PDT|PV,22.425483195365604,0.5745168046343956,1.0256189264520785,false,false,6,7,PDT,PV,"PDT, PV",2,4782945,109413508,0.043714392193695134,23,0.04483430799220273,22.425483195365604,0.5745168046343956,234.57451680463438,1.0256189264520785,false,false,neither,false,6,17,false,false,false,false,false
2022,seat_winning,23,10,12,0,0,PDT|PV|SOLIDARIEDADE,30.40797331897996,-3.407973318979959,0.8879250095614633,false,false,6,8,PDT,SOLIDARIEDADE,"PDT, PV, SOLIDARIEDADE",3,6485464,109413508,0.05927480179138393,27,0.05263157894736842,30.40797331897996,-3.407973318979959,226.59202668102003,0.8879250095614633,false,false,neither,false,10,23,false,false,false,false,false
2022,seat_winning,23,10,13,0,0,PDT|PV|SOLIDARIEDADE|CIDADANIA,37.97592715882942,-5.975927158829421,0.8426390714876855,false,false,6,9,PDT,CIDADANIA,"PDT, PV, SOLIDARIEDADE, CIDADANIA",4,8099570,109413508,0.07402714845775715,32,0.06237816764132553,37.97592715882942,-5.975927158829421,219.02407284117058,0.8426390714876855,false,false,neither,false,15,27,false,false,false,false,false
2022,seat_winning,23,10,14,0,0,PDT|PV|SOLIDARIEDADE|CIDADANIA|AVANTE,48.25584373000818,-9.25584373000818,0.8081922723847769,false,false,6,10,PDT,AVANTE,"PDT, PV, SOLIDARIEDADE, CIDADANIA, AVANTE",5,10292088,109413508,0.09406597218325181,39,0.07602339181286549,48.25584373000818,-9.25584373000818,208.74415626999183,0.8081922723847769,false,false,neither,false,22,32,false,false,false,false,false
2022,seat_winning,23,10,15,0,0,PDT|PV|SOLIDARIEDADE|CIDADANIA|AVANTE|MDB,85.53468808439996,-4.53468808439996,0.9469842214199059,false,false,6,11,PDT,MDB,"PDT, PV, SOLIDARIEDADE, CIDADANIA, AVANTE, MDB",6,18242983,109413508,0.1667342847649122,81,0.15789473684210525,85.53468808439996,-4.53468808439996,171.46531191560004,0.9469842214199059,false,false,neither,false,64,39,false,false,false,false,false
2022,seat_winning,23,10,17,0,0,PDT|PV|SOLIDARIEDADE|CIDADANIA|AVANTE|MDB|PSDB,101.04966721293682,-7.049667212936825,0.9302356216762058,false,false,6,12,PDT,PSDB,"PDT, PV, SOLIDARIEDADE, CIDADANIA, AVANTE, MDB, PSDB",7,21552044,109413508,0.1969779087971478,94,0.18323586744639375,101.04966721293682,-7.049667212936825,155.9503327870632,0.9302356216762058,false,false,neither,false,77,81,false,false,false,false,false
2022,seat_winning,23,10,18,0,0,PDT|PV|SOLIDARIEDADE|CIDADANIA|AVANTE|MDB|PSDB|PSD,139.93699936940143,-3.936999369401434,0.9718659154680839,false,false,6,13,PDT,PSD,"PDT, PV, SOLIDARIEDADE, CIDADANIA, AVANTE, MDB, PSDB, PSD",8,29846000,109413508,0.2727816751840184,136,0.2651072124756335,139.93699936940143,-3.936999369401434,117.06300063059857,0.9718659154680839,false,false,neither,false,119,94,false,false,false,false,false
2022,seat_winning,23,10,20,0,0,PDT|PV|SOLIDARIEDADE|CIDADANIA|AVANTE|MDB|PSDB|PSD|PODE,156.8726583375793,-8.87265833757931,0.9434403774908566,false,false,6,14,PDT,PODE,"PDT, PV, SOLIDARIEDADE, CIDADANIA, AVANTE, MDB, PSDB, PSD, PODE",9,33458066,109413508,0.3057946556288096,148,0.2884990253411306,156.8726583375793,-8.87265833757931,100.12734166242069,0.9434403774908566,false,false,neither,false,131,136,false,false,false,false,false
2022,seat_winning,23,10,21,0,0,PDT|PV|SOLIDARIEDADE|CIDADANIA|AVANTE|MDB|PSDB|PSD|PODE|PROS,160.62197686779223,-9.621976867792227,0.9400955146025125,false,false,6,15,PDT,PROS,"PDT, PV, SOLIDARIEDADE, CIDADANIA, AVANTE, MDB, PSDB, PSD, PODE, PROS",10,34257727,109413508,0.313103268748133,151,0.29434697855750486,160.62197686779223,-9.621976867792227,96.37802313220777,0.9400955146025125,false,false,neither,false,134,148,false,false,false,false,false
2022,seat_winning,23,10,24,0,0,PDT|PV|SOLIDARIEDADE|CIDADANIA|AVANTE|MDB|PSDB|PSD|PODE|PROS|PTB,167.29227278774388,-15.292272787743883,0.9085894851393027,false,false,6,16,PDT,PTB,"PDT, PV, SOLIDARIEDADE, CIDADANIA, AVANTE, MDB, PSDB, PSD, PODE, PROS, PTB",11,35680379,109413508,0.32610579490788283,152,0.2962962962962963,167.29227278774388,-15.292272787743883,89.70772721225612,0.9085894851393027,false,false,neither,false,135,151,false,false,false,false,false
2022,seat_winning,23,10,25,0,0,PDT|PV|SOLIDARIEDADE|CIDADANIA|AVANTE|MDB|PSDB|PSD|PODE|PROS|PTB|PP,208.05019212984195,-9.050192129841946,0.9564999578361657,false,false,6,17,PDT,PP,"PDT, PV, SOLIDARIEDADE, CIDADANIA, AVANTE, MDB, PSDB, PSD, PODE, PROS, PTB, PP",12,44373297,109413508,0.4055559300776646,199,0.38791423001949316,208.05019212984195,-9.050192129841946,48.949807870158054,0.9564999578361657,false,false,neither,false,182,152,false,false,false,false,false
2022,seat_winning,23,10,27,0,0,PDT|PV|SOLIDARIEDADE|CIDADANIA|AVANTE|MDB|PSDB|PSD|PODE|PROS|PTB|PP|REPUBLICANOS,243.7348959051747,-4.73489590517471,0.9805735822620294,false,false,6,18,PDT,REPUBLICANOS,"PDT, PV, SOLIDARIEDADE, CIDADANIA, AVANTE, MDB, PSDB, PSD, PODE, PROS, PTB, PP, REPUBLICANOS",13,51984191,109413508,0.475116756150438,239,0.46588693957115007,243.7348959051747,-4.73489590517471,13.26510409482529,0.9805735822620294,false,false,neither,false,222,199,false,false,false,false,false
2022,seat_winning,23,10,28,0,0,PDT|PV|SOLIDARIEDADE|CIDADANIA|AVANTE|MDB|PSDB|PSD|PODE|PROS|PTB|PP|REPUBLICANOS|PSC,252.85278118493378,-7.852781184933775,0.9689432675087314,false,false,6,19,PDT,PSC,"PDT, PV, SOLIDARIEDADE, CIDADANIA, AVANTE, MDB, PSDB, PSD, PODE, PROS, PTB, PP, REPUBLICANOS, PSC",14,53928869,109413508,0.4928904116665376,245,0.4775828460038986,252.85278118493378,-7.852781184933775,4.147218815066225,0.9689432675087314,false,false,neither,false,228,239,false,false,false,false,false
2022,seat_winning,23,10,29,0,0,PDT|PV|SOLIDARIEDADE|CIDADANIA|AVANTE|MDB|PSDB|PSD|PODE|PROS|PTB|PP|REPUBLICANOS|PSC|UNIÃO,300.7492176011759,3.2507823988240716,1.0108089471512274,false,false,6,20,PDT,UNIÃO,"PDT, PV, SOLIDARIEDADE, CIDADANIA, AVANTE, MDB, PSDB, PSD, PODE, PROS, PTB, PP, REPUBLICANOS, PSC, UNIÃO",15,64144302,109413508,0.5862557847976139,304,0.5925925925925926,300.7492176011759,3.2507823988240716,-43.74921760117593,1.0108089471512274,true,true,votes+seats,false,287,245,false,false,false,false,true
2022,seat_winning,23,10,30,0,0,PDT|PV|SOLIDARIEDADE|CIDADANIA|AVANTE|MDB|PSDB|PSD|PODE|PROS|PTB|PP|REPUBLICANOS|PSC|UNIÃO|PATRIOTA,307.90674709013075,0.09325290986924983,1.0003028608848312,false,false,6,21,PDT,PATRIOTA,"PDT, PV, SOLIDARIEDADE, CIDADANIA, AVANTE, MDB, PSDB, PSD, PODE, PROS, PTB, PP, REPUBLICANOS, PSC, UNIÃO, PATRIOTA",16,65670872,109413508,0.6002080839963563,308,0.6003898635477583,307.90674709013075,0.09325290986924983,-50.90674709013075,1.0003028608848312,true,true,votes+seats,false,291,304,false,false,false,false,false
2022,seat_winning,23,10,31,0,0,PDT|PV|SOLIDARIEDADE|CIDADANIA|AVANTE|MDB|PSDB|PSD|PODE|PROS|PTB|PP|REPUBLICANOS|PSC|UNIÃO|PATRIOTA|NOVO,314.25869407276474,-3.25869407276474,0.9896305364522064,false,false,6,22,PDT,NOVO,"PDT, PV, SOLIDARIEDADE, CIDADANIA, AVANTE, MDB, PSDB, PSD, PODE, PROS, PTB, PP, REPUBLICANOS, PSC, UNIÃO, PATRIOTA, NOVO",17,67025626,109413508,0.6125900469254674,311,0.6062378167641326,314.25869407276474,-3.25869407276474,-57.25869407276474,0.9896305364522064,true,true,votes+seats,false,294,308,false,false,false,false,false
2022,seat_winning,23,10,32,0,0,PDT|PV|SOLIDARIEDADE|CIDADANIA|AVANTE|MDB|PSDB|PSD|PODE|PROS|PTB|PP|REPUBLICANOS|PSC|UNIÃO|PATRIOTA|NOVO|PL,399.4789529186835,10.52104708131651,1.0263369246475875,false,false,6,23,PDT,PL,"PDT, PV, SOLIDARIEDADE, CIDADANIA, AVANTE, MDB, PSDB, PSD, PODE, PROS, PTB, PP, REPUBLICANOS, PSC, UNIÃO, PATRIOTA, NOVO, PL",18,85201547,109413508,0.7787114091982135,410,0.7992202729044834,399.4789529186835,10.52104708131651,-142.4789529186835,1.0263369246475875,true,true,votes+seats,false,393,311,false,false,false,false,false
2022,seat_winning,23,11,11,0,0,PV,4.475667794144759,1.5243322058552407,1.3405820708698333,false,false,7,7,PV,PV,PV,1,954578,109413508,0.008724498624063859,6,0.011695906432748537,4.475667794144759,1.5243322058552407,252.52433220585525,1.3405820708698333,false,false,neither,false,0,0,false,false,false,false,false
2022,seat_winning,23,11,12,0,0,PV|SOLIDARIEDADE,12.458157917759111,-2.4581579177591113,0.8026868872600333,false,false,7,8,PV,SOLIDARIEDADE,"PV, SOLIDARIEDADE",2,2657097,109413508,0.024284908221752655,10,0.01949317738791423,12.458157917759111,-2.4581579177591113,244.5418420822409,0.8026868872600333,false,false,neither,false,4,6,false,false,false,false,false
2022,seat_winning,23,11,13,0,0,PV|SOLIDARIEDADE|CIDADANIA,20.026111757608575,-5.026111757608575,0.7490220858425505,false,false,7,9,PV,CIDADANIA,"PV, SOLIDARIEDADE, CIDADANIA",3,4271203,109413508,0.03903725488812588,15,0.029239766081871343,20.026111757608575,-5.026111757608575,236.9738882423914,0.7490220858425505,false,false,neither,false,9,10,false,false,false,false,false
2022,seat_winning,23,11,14,0,0,PV|SOLIDARIEDADE|CIDADANIA|AVANTE,30.306028328787338,-8.306028328787338,0.7259281804043739,false,false,7,10,PV,AVANTE,"PV, SOLIDARIEDADE, CIDADANIA, AVANTE",4,6463721,109413508,0.05907607861362054,22,0.042884990253411304,30.306028328787338,-8.306028328787338,226.69397167121267,0.7259281804043739,false,false,neither,false,16,15,false,false,false,false,false
2022,seat_winning,23,11,15,0,0,PV|SOLIDARIEDADE|CIDADANIA|AVANTE|MDB,67.58487268317913,-3.584872683179128,0.9469574693144114,false,false,7,11,PV,MDB,"PV, SOLIDARIEDADE, CIDADANIA, AVANTE, MDB",5,14414616,109413508,0.13174439119528095,64,0.12475633528265107,67.58487268317913,-3.584872683179128,189.41512731682087,0.9469574693144114,false,false,neither,false,58,22,false,false,false,false,false
2022,seat_winning,23,11,17,0,0,PV|SOLIDARIEDADE|CIDADANIA|AVANTE|MDB|PSDB,83.09985181171598,-6.099851811715979,0.9265961168554577,false,false,7,12,PV,PSDB,"PV, SOLIDARIEDADE, CIDADANIA, AVANTE, MDB, PSDB",6,17723677,109413508,0.16198801522751652,77,0.15009746588693956,83.09985181171598,-6.099851811715979,173.90014818828402,0.9265961168554577,false,false,neither,false,71,64,false,false,false,false,false
2022,seat_winning,23,11,18,0,0,PV|SOLIDARIEDADE|CIDADANIA|AVANTE|MDB|PSDB|PSD,121.9871839681806,-2.9871839681806023,0.9755123130888915,false,false,7,13,PV,PSD,"PV, SOLIDARIEDADE, CIDADANIA, AVANTE, MDB, PSDB, PSD",7,26017633,109413508,0.23779178161438713,119,0.23196881091617932,121.9871839681806,-2.9871839681806023,135.0128160318194,0.9755123130888915,false,false,neither,false,113,77,false,false,false,false,false
2022,seat_winning,23,11,20,0,0,PV|SOLIDARIEDADE|CIDADANIA|AVANTE|MDB|PSDB|PSD|PODE,138.92284293635848,-7.922842936358478,0.9429694730621948,false,false,7,14,PV,PODE,"PV, SOLIDARIEDADE, CIDADANIA, AVANTE, MDB, PSDB, PSD, PODE",8,29629699,109413508,0.2708047620591783,131,0.2553606237816764,138.92284293635848,-7.922842936358478,118.07715706364152,0.9429694730621948,false,false,neither,false,125,119,false,false,false,false,false
2022,seat_winning,23,11,21,0,0,PV|SOLIDARIEDADE|CIDADANIA|AVANTE|MDB|PSDB|PSD|PODE|PROS,142.67216146657137,-8.672161466571367,0.9392161625826122,false,false,7,15,PV,PROS,"PV, SOLIDARIEDADE, CIDADANIA, AVANTE, MDB, PSDB, PSD, PODE, PROS",9,30429360,109413508,0.2781133751785017,134,0.26120857699805067,142.67216146657137,-8.672161466571367,114.32783853342863,0.9392161625826122,false,false,neither,false,128,131,false,false,false,false,false
2022,seat_winning,23,11,24,0,0,PV|SOLIDARIEDADE|CIDADANIA|AVANTE|MDB|PSDB|PSD|PODE|PROS|PTB,149.34245738652308,-14.34245738652308,0.9039626263186334,false,false,7,16,PV,PTB,"PV, SOLIDARIEDADE, CIDADANIA, AVANTE, MDB, PSDB, PSD, PODE, PROS, PTB",10,31852012,109413508,0.2911159013382516,135,0.2631578947368421,149.34245738652308,-14.34245738652308,107.65754261347692,0.9039626263186334,false,false,neither,false,129,134,false,false,false,false,false
2022,seat_winning,23,11,25,0,0,PV|SOLIDARIEDADE|CIDADANIA|AVANTE|MDB|PSDB|PSD|PODE|PROS|PTB|PP,190.10037672862111,-8.100376728621114,0.9573889496274652,false,false,7,17,PV,PP,"PV, SOLIDARIEDADE, CIDADANIA, AVANTE, MDB, PSDB, PSD, PODE, PROS, PTB, PP",11,40544930,109413508,0.3705660365080334,182,0.35477582846003897,190.10037672862111,-8.100376728621114,66.89962327137889,0.9573889496274652,false,false,neither,false,176,135,false,false,false,false,false
2022,seat_winning,23,11,27,0,0,PV|SOLIDARIEDADE|CIDADANIA|AVANTE|MDB|PSDB|PSD|PODE|PROS|PTB|PP|REPUBLICANOS,225.78508050395385,-3.78508050395385,0.9832359140138688,false,false,7,18,PV,REPUBLICANOS,"PV, SOLIDARIEDADE, CIDADANIA, AVANTE, MDB, PSDB, PSD, PODE, PROS, PTB, PP, REPUBLICANOS",12,48155824,109413508,0.44012686258080674,222,0.4327485380116959,225.78508050395385,-3.78508050395385,31.21491949604615,0.9832359140138688,false,false,neither,false,216,182,false,false,false,false,false
2022,seat_winning,23,11,28,0,0,PV|SOLIDARIEDADE|CIDADANIA|AVANTE|MDB|PSDB|PSD|PODE|PROS|PTB|PP|REPUBLICANOS|PSC,234.90296578371294,-6.9029657837129434,0.9706135435085615,false,false,7,19,PV,PSC,"PV, SOLIDARIEDADE, CIDADANIA, AVANTE, MDB, PSDB, PSD, PODE, PROS, PTB, PP, REPUBLICANOS, PSC",13,50100502,109413508,0.4579005180969063,228,0.4444444444444444,234.90296578371294,-6.9029657837129434,22.097034216287057,0.9706135435085615,false,false,neither,false,222,222,false,false,false,false,false
2022,seat_winning,23,11,29,0,0,PV|SOLIDARIEDADE|CIDADANIA|AVANTE|MDB|PSDB|PSD|PODE|PROS|PTB|PP|REPUBLICANOS|PSC|UNIÃO,282.799402199955,4.200597800044989,1.0148536304085782,false,false,7,20,PV,UNIÃO,"PV, SOLIDARIEDADE, CIDADANIA, AVANTE, MDB, PSDB, PSD, PODE, PROS, PTB, PP, REPUBLICANOS, PSC, UNIÃO",14,60315935,109413508,0.5512658912279825,287,0.5594541910331384,282.799402199955,4.200597800044989,-25.79940219995501,1.0148536304085782,true,true,votes+seats,false,281,228,false,false,false,false,true
2022,seat_winning,23,11,30,0,0,PV|SOLIDARIEDADE|CIDADANIA|AVANTE|MDB|PSDB|PSD|PODE|PROS|PTB|PP|REPUBLICANOS|PSC|UNIÃO|PATRIOTA,289.95693168890995,1.0430683110900532,1.0035973215229397,false,false,7,21,PV,PATRIOTA,"PV, SOLIDARIEDADE, CIDADANIA, AVANTE, MDB, PSDB, PSD, PODE, PROS, PTB, PP, REPUBLICANOS, PSC, UNIÃO, PATRIOTA",15,61842505,109413508,0.565218190426725,291,0.5672514619883041,289.95693168890995,1.0430683110900532,-32.95693168890995,1.0035973215229397,true,true,votes+seats,false,285,287,false,false,false,false,false
2022,seat_winning,23,11,31,0,0,PV|SOLIDARIEDADE|CIDADANIA|AVANTE|MDB|PSDB|PSD|PODE|PROS|PTB|PP|REPUBLICANOS|PSC|UNIÃO|PATRIOTA|NOVO,296.30887867154394,-2.308878671543937,0.9922078653805602,false,false,7,22,PV,NOVO,"PV, SOLIDARIEDADE, CIDADANIA, AVANTE, MDB, PSDB, PSD, PODE, PROS, PTB, PP, REPUBLICANOS, PSC, UNIÃO, PATRIOTA, NOVO",16,63197259,109413508,0.5776001533558361,294,0.5730994152046783,296.30887867154394,-2.308878671543937,-39.30887867154394,0.9922078653805602,true,true,votes+seats,false,288,291,false,false,false,false,false
2022,seat_winning,23,11,32,0,0,PV|SOLIDARIEDADE|CIDADANIA|AVANTE|MDB|PSDB|PSD|PODE|PROS|PTB|PP|REPUBLICANOS|PSC|UNIÃO|PATRIOTA|NOVO|PL,381.52913751746263,11.47086248253737,1.030065495278227,false,false,7,23,PV,PL,"PV, SOLIDARIEDADE, CIDADANIA, AVANTE, MDB, PSDB, PSD, PODE, PROS, PTB, PP, REPUBLICANOS, PSC, UNIÃO, PATRIOTA, NOVO, PL",17,81373180,109413508,0.7437215156285821,393,0.7660818713450293,381.52913751746263,11.47086248253737,-124.52913751746263,1.030065495278227,true,true,votes+seats,false,387,294,false,false,false,false,false
2022,seat_winning,23,12,12,0,0,SOLIDARIEDADE,7.982490123614353,-3.982490123614353,0.501096767807695,false,false,8,8,SOLIDARIEDADE,SOLIDARIEDADE,SOLIDARIEDADE,1,1702519,109413508,0.015560409597688797,4,0.007797270955165692,7.982490123614353,-3.982490123614353,249.01750987638565,0.501096767807695,false,false,neither,false,0,0,false,false,false,false,false
2022,seat_winning,23,12,13,0,0,SOLIDARIEDADE|CIDADANIA,15.550443963463817,-6.550443963463817,0.578761610996171,false,false,8,9,SOLIDARIEDADE,CIDADANIA,"SOLIDARIEDADE, CIDADANIA",2,3316625,109413508,0.030312756264062022,9,0.017543859649122806,15.550443963463817,-6.550443963463817,241.4495560365362,0.578761610996171,false,false,neither,false,5,4,false,false,false,false,false
2022,seat_winning,23,12,14,0,0,SOLIDARIEDADE|CIDADANIA|AVANTE,25.830360534642576,-9.830360534642576,0.6194261198383771,false,false,8,10,SOLIDARIEDADE,AVANTE,"SOLIDARIEDADE, CIDADANIA, AVANTE",3,5509143,109413508,0.05035157998955668,16,0.031189083820662766,25.830360534642576,-9.830360534642576,231.16963946535742,0.6194261198383771,false,false,neither,false,12,9,false,false,false,false,false
2022,seat_winning,23,12,15,0,0,SOLIDARIEDADE|CIDADANIA|AVANTE|MDB,63.10920488903436,-5.109204889034359,0.9190418434518716,false,false,8,11,SOLIDARIEDADE,MDB,"SOLIDARIEDADE, CIDADANIA, AVANTE, MDB",4,13460038,109413508,0.12301989257121708,58,0.11306042884990253,63.10920488903436,-5.109204889034359,193.89079511096566,0.9190418434518716,false,false,neither,false,54,16,false,false,false,false,false
2022,seat_winning,23,12,17,0,0,SOLIDARIEDADE|CIDADANIA|AVANTE|MDB|PSDB,78.62418401757122,-7.624184017571224,0.9030300395121768,false,false,8,12,SOLIDARIEDADE,PSDB,"SOLIDARIEDADE, CIDADANIA, AVANTE, MDB, PSDB",5,16769099,109413508,0.15326351660345267,71,0.13840155945419103,78.62418401757122,-7.624184017571224,178.37581598242878,0.9030300395121768,false,false,neither,false,67,58,false,false,false,false,false
2022,seat_winning,23,12,18,0,0,SOLIDARIEDADE|CIDADANIA|AVANTE|MDB|PSDB|PSD,117.51151617403585,-4.511516174035847,0.9616078804790993,false,false,8,13,SOLIDARIEDADE,PSD,"SOLIDARIEDADE, CIDADANIA, AVANTE, MDB, PSDB, PSD",6,25063055,109413508,0.22906728299032328,113,0.2202729044834308,117.51151617403585,-4.511516174035847,139.48848382596415,0.9616078804790993,false,false,neither,false,109,71,false,false,false,false,false
2022,seat_winning,23,12,20,0,0,SOLIDARIEDADE|CIDADANIA|AVANTE|MDB|PSDB|PSD|PODE,134.4471751422137,-9.447175142213695,0.9297331823281464,false,false,8,14,SOLIDARIEDADE,PODE,"SOLIDARIEDADE, CIDADANIA, AVANTE, MDB, PSDB, PSD, PODE",7,28675121,109413508,0.2620802634351144,125,0.24366471734892786,134.4471751422137,-9.447175142213695,122.5528248577863,0.9297331823281464,false,false,neither,false,121,113,false,false,false,false,false
2022,seat_winning,23,12,21,0,0,SOLIDARIEDADE|CIDADANIA|AVANTE|MDB|PSDB|PSD|PODE|PROS,138.19649367242664,-10.19649367242664,0.926217421285696,false,false,8,15,SOLIDARIEDADE,PROS,"SOLIDARIEDADE, CIDADANIA, AVANTE, MDB, PSDB, PSD, PODE, PROS",8,29474782,109413508,0.2693888765544379,128,0.24951267056530213,138.19649367242664,-10.19649367242664,118.80350632757336,0.926217421285696,false,false,neither,false,124,125,false,false,false,false,false
2022,seat_winning,23,12,24,0,0,SOLIDARIEDADE|CIDADANIA|AVANTE|MDB|PSDB|PSD|PODE|PROS|PTB,144.8667895923783,-15.866789592378296,0.8904732434740649,false,false,8,16,SOLIDARIEDADE,PTB,"SOLIDARIEDADE, CIDADANIA, AVANTE, MDB, PSDB, PSD, PODE, PROS, PTB",9,30897434,109413508,0.2823914027141877,129,0.25146198830409355,144.8667895923783,-15.866789592378296,112.1332104076217,0.8904732434740649,false,false,neither,false,125,128,false,false,false,false,false
2022,seat_winning,23,12,25,0,0,SOLIDARIEDADE|CIDADANIA|AVANTE|MDB|PSDB|PSD|PODE|PROS|PTB|PP,185.62470893447636,-9.62470893447636,0.9481496348749897,false,false,8,17,SOLIDARIEDADE,PP,"SOLIDARIEDADE, CIDADANIA, AVANTE, MDB, PSDB, PSD, PODE, PROS, PTB, PP",10,39590352,109413508,0.3618415378839695,176,0.34307992202729043,185.62470893447636,-9.62470893447636,71.37529106552364,0.9481496348749897,false,false,neither,false,172,129,false,false,false,false,false
2022,seat_winning,23,12,27,0,0,SOLIDARIEDADE|CIDADANIA|AVANTE|MDB|PSDB|PSD|PODE|PROS|PTB|PP|REPUBLICANOS,221.30941270980912,-5.3094127098091235,0.9760090967446963,false,false,8,18,SOLIDARIEDADE,REPUBLICANOS,"SOLIDARIEDADE, CIDADANIA, AVANTE, MDB, PSDB, PSD, PODE, PROS, PTB, PP, REPUBLICANOS",11,47201246,109413508,0.4314023639567429,216,0.42105263157894735,221.30941270980912,-5.3094127098091235,35.69058729019088,0.9760090967446963,false,false,neither,false,212,176,false,false,false,false,false
2022,seat_winning,23,12,28,0,0,SOLIDARIEDADE|CIDADANIA|AVANTE|MDB|PSDB|PSD|PODE|PROS|PTB|PP|REPUBLICANOS|PSC,230.42729798956816,-8.42729798956816,0.963427518948082,false,false,8,19,SOLIDARIEDADE,PSC,"SOLIDARIEDADE, CIDADANIA, AVANTE, MDB, PSDB, PSD, PODE, PROS, PTB, PP, REPUBLICANOS, PSC",12,49145924,109413508,0.4491760194728424,222,0.4327485380116959,230.42729798956816,-8.42729798956816,26.57270201043184,0.963427518948082,false,false,neither,false,218,216,false,false,false,false,false
2022,seat_winning,23,12,29,0,0,SOLIDARIEDADE|CIDADANIA|AVANTE|MDB|PSDB|PSD|PODE|PROS|PTB|PP|REPUBLICANOS|PSC|UNIÃO,278.32373440581034,2.6762655941896583,1.0096156571048573,false,false,8,20,SOLIDARIEDADE,UNIÃO,"SOLIDARIEDADE, CIDADANIA, AVANTE, MDB, PSDB, PSD, PODE, PROS, PTB, PP, REPUBLICANOS, PSC, UNIÃO",13,59361357,109413508,0.5425413926039188,281,0.5477582846003899,278.32373440581034,2.6762655941896583,-21.32373440581034,1.0096156571048573,true,true,votes+seats,false,277,222,false,false,false,false,true
2022,seat_winning,23,12,30,0,0,SOLIDARIEDADE|CIDADANIA|AVANTE|MDB|PSDB|PSD|PODE|PROS|PTB|PP|REPUBLICANOS|PSC|UNIÃO|PATRIOTA,285.48126389476516,-0.4812638947651635,0.9983142014708798,false,false,8,21,SOLIDARIEDADE,PATRIOTA,"SOLIDARIEDADE, CIDADANIA, AVANTE, MDB, PSDB, PSD, PODE, PROS, PTB, PP, REPUBLICANOS, PSC, UNIÃO, PATRIOTA",14,60887927,109413508,0.5564936918026612,285,0.5555555555555556,285.48126389476516,-0.4812638947651635,-28.481263894765164,0.9983142014708798,true,true,votes+seats,false,281,281,false,false,false,false,false
2022,seat_winning,23,12,31,0,0,SOLIDARIEDADE|CIDADANIA|AVANTE|MDB|PSDB|PSD|PODE|PROS|PTB|PP|REPUBLICANOS|PSC|UNIÃO|PATRIOTA|NOVO,291.83321087739915,-3.8332108773991536,0.9868650628697311,false,false,8,22,SOLIDARIEDADE,NOVO,"SOLIDARIEDADE, CIDADANIA, AVANTE, MDB, PSDB, PSD, PODE, PROS, PTB, PP, REPUBLICANOS, PSC, UNIÃO, PATRIOTA, NOVO",15,62242681,109413508,0.5688756547317723,288,0.5614035087719298,291.83321087739915,-3.8332108773991536,-34.833210877399154,0.9868650628697311,true,true,votes+seats,false,284,285,false,false,false,false,false
2022,seat_winning,23,12,32,0,0,SOLIDARIEDADE|CIDADANIA|AVANTE|MDB|PSDB|PSD|PODE|PROS|PTB|PP|REPUBLICANOS|PSC|UNIÃO|PATRIOTA|NOVO|PL,377.0534697233179,9.946530276682097,1.0263796280245898,false,false,8,23,SOLIDARIEDADE,PL,"SOLIDARIEDADE, CIDADANIA, AVANTE, MDB, PSDB, PSD, PODE, PROS, PTB, PP, REPUBLICANOS, PSC, UNIÃO, PATRIOTA, NOVO, PL",16,80418602,109413508,0.7349970170045184,387,0.7543859649122807,377.0534697233179,9.946530276682097,-120.0534697233179,1.0263796280245898,true,true,votes+seats,false,383,288,false,false,false,false,false
2022,seat_winning,23,13,13,0,0,CIDADANIA,7.567953839849464,-2.567953839849464,0.6606805625150928,false,false,9,9,CIDADANIA,CIDADANIA,CIDADANIA,1,1614106,109413508,0.014752346666373223,5,0.009746588693957114,7.567953839849464,-2.567953839849464,249.43204616015055,0.6606805625150928,false,false,neither,false,0,0,false,false,false,false,false
2022,seat_winning,23,13,14,0,0,CIDADANIA|AVANTE,17.847870411028225,-5.847870411028225,0.6723491219762097,false,false,9,10,CIDADANIA,AVANTE,"CIDADANIA, AVANTE",2,3806624,109413508,0.03479117039186789,12,0.023391812865497075,17.847870411028225,-5.847870411028225,239.15212958897177,0.6723491219762097,false,false,neither,false,7,5,false,false,false,false,false
2022,seat_winning,23,13,15,0,0,CIDADANIA|AVANTE|MDB,55.12671476542001,-1.1267147654200116,0.979561365660651,false,false,9,11,CIDADANIA,MDB,"CIDADANIA, AVANTE, MDB",3,11757519,109413508,0.10745948297352828,54,0.10526315789473684,55.12671476542001,-1.1267147654200116,201.87328523457998,0.979561365660651,false,false,neither,false,49,12,false,false,false,false,false
2022,seat_winning,23,13,17,0,0,CIDADANIA|AVANTE|MDB|PSDB,70.64169389395686,-3.6416938939568553,0.9484483781005655,false,false,9,12,CIDADANIA,PSDB,"CIDADANIA, AVANTE, MDB, PSDB",4,15066580,109413508,0.13770310700576385,67,0.13060428849902533,70.64169389395686,-3.6416938939568553,186.35830610604313,0.9484483781005655,false,false,neither,false,62,54,false,false,false,false,false
2022,seat_winning,23,13,18,0,0,CIDADANIA|AVANTE|MDB|PSDB|PSD,109.52902605042149,-0.5290260504214928,0.9951699921975207,false,false,9,13,CIDADANIA,PSD,"CIDADANIA, AVANTE, MDB, PSDB, PSD",5,23360536,109413508,0.2135068733926345,109,0.2124756335282651,109.52902605042149,-0.5290260504214928,147.4709739495785,0.9951699921975207,false,false,neither,false,104,67,false,false,false,false,false
2022,seat_winning,23,13,20,0,0,CIDADANIA|AVANTE|MDB|PSDB|PSD|PODE,126.46468501859935,-5.464685018599354,0.9567888456939924,false,false,9,14,CIDADANIA,PODE,"CIDADANIA, AVANTE, MDB, PSDB, PSD, PODE",6,26972602,109413508,0.24651985383742564,121,0.23586744639376217,126.46468501859935,-5.464685018599354,130.53531498140063,0.9567888456939924,false,false,neither,false,116,109,false,false,false,false,false
2022,seat_winning,23,13,21,0,0,CIDADANIA|AVANTE|MDB|PSDB|PSD|PODE|PROS,130.21400354881226,-6.214003548812258,0.9522785308841006,false,false,9,15,CIDADANIA,PROS,"CIDADANIA, AVANTE, MDB, PSDB, PSD, PODE, PROS",7,27772263,109413508,0.25382846695674904,124,0.24171539961013644,130.21400354881226,-6.214003548812258,126.78599645118774,0.9522785308841006,false,false,neither,false,119,121,false,false,false,false,false
2022,seat_winning,23,13,24,0,0,CIDADANIA|AVANTE|MDB|PSDB|PSD|PODE|PROS|PTB,136.88429946876394,-11.884299468763942,0.913179966476171,false,false,9,16,CIDADANIA,PTB,"CIDADANIA, AVANTE, MDB, PSDB, PSD, PODE, PROS, PTB",8,29194915,109413508,0.26683099311649894,125,0.24366471734892786,136.88429946876394,-11.884299468763942,120.11570053123606,0.913179966476171,false,false,neither,false,120,124,false,false,false,false,false
2022,seat_winning,23,13,25,0,0,CIDADANIA|AVANTE|MDB|PSDB|PSD|PODE|PROS|PTB|PP,177.642218810862,-5.642218810862005,0.9682383002833952,false,false,9,17,CIDADANIA,PP,"CIDADANIA, AVANTE, MDB, PSDB, PSD, PODE, PROS, PTB, PP",9,37887833,109413508,0.3462811282862807,172,0.33528265107212474,177.642218810862,-5.642218810862005,79.357781189138,0.9682383002833952,false,false,neither,false,167,125,false,false,false,false,false
2022,seat_winning,23,13,27,0,0,CIDADANIA|AVANTE|MDB|PSDB|PSD|PODE|PROS|PTB|PP|REPUBLICANOS,213.32692258619474,-1.3269225861947405,0.9937798634597628,false,false,9,18,CIDADANIA,REPUBLICANOS,"CIDADANIA, AVANTE, MDB, PSDB, PSD, PODE, PROS, PTB, PP, REPUBLICANOS",10,45498727,109413508,0.4158419543590541,212,0.41325536062378165,213.32692258619474,-1.3269225861947405,43.67307741380526,0.9937798634597628,false,false,neither,false,207,172,false,false,false,false,false
2022,seat_winning,23,13,28,0,0,CIDADANIA|AVANTE|MDB|PSDB|PSD|PODE|PROS|PTB|PP|REPUBLICANOS|PSC,222.4448078659538,-4.4448078659538055,0.9800183789021847,false,false,9,19,CIDADANIA,PSC,"CIDADANIA, AVANTE, MDB, PSDB, PSD, PODE, PROS, PTB, PP, REPUBLICANOS, PSC",11,47443405,109413508,0.43361560987515363,218,0.4249512670565302,222.4448078659538,-4.4448078659538055,34.555192134046194,0.9800183789021847,false,false,neither,false,213,212,false,false,false,false,false
2022,seat_winning,23,13,29,0,0,CIDADANIA|AVANTE|MDB|PSDB|PSD|PODE|PROS|PTB|PP|REPUBLICANOS|PSC|UNIÃO,270.34124428219593,6.65875571780407,1.0246309279795032,false,false,9,20,CIDADANIA,UNIÃO,"CIDADANIA, AVANTE, MDB, PSDB, PSD, PODE, PROS, PTB, PP, REPUBLICANOS, PSC, UNIÃO",12,57658838,109413508,0.5269809830062299,277,0.5399610136452242,270.34124428219593,6.65875571780407,-13.34124428219593,1.0246309279795032,true,true,votes+seats,false,272,218,false,false,false,false,true
2022,seat_winning,23,13,30,0,0,CIDADANIA|AVANTE|MDB|PSDB|PSD|PODE|PROS|PTB|PP|REPUBLICANOS|PSC|UNIÃO|PATRIOTA,277.4987737711508,3.501226228849191,1.012617087208236,false,false,9,21,CIDADANIA,PATRIOTA,"CIDADANIA, AVANTE, MDB, PSDB, PSD, PODE, PROS, PTB, PP, REPUBLICANOS, PSC, UNIÃO, PATRIOTA",13,59185408,109413508,0.5409332822049724,281,0.5477582846003899,277.4987737711508,3.501226228849191,-20.49877377115081,1.012617087208236,true,true,votes+seats,false,276,277,false,false,false,false,false
2022,seat_winning,23,13,31,0,0,CIDADANIA|AVANTE|MDB|PSDB|PSD|PODE|PROS|PTB|PP|REPUBLICANOS|PSC|UNIÃO|PATRIOTA|NOVO,283.8507207537848,0.14927924621520106,1.0005259075820514,false,false,9,22,CIDADANIA,NOVO,"CIDADANIA, AVANTE, MDB, PSDB, PSD, PODE, PROS, PTB, PP, REPUBLICANOS, PSC, UNIÃO, PATRIOTA, NOVO",14,60540162,109413508,0.5533152451340835,284,0.5536062378167641,283.8507207537848,0.14927924621520106,-26.8507207537848,1.0005259075820514,true,true,votes+seats,false,279,281,false,false,false,false,false
2022,seat_winning,23,13,32,0,0,CIDADANIA|AVANTE|MDB|PSDB|PSD|PODE|PROS|PTB|PP|REPUBLICANOS|PSC|UNIÃO|PATRIOTA|NOVO|PL,369.0709795997035,13.929020400296508,1.037740763078701,false,false,9,23,CIDADANIA,PL,"CIDADANIA, AVANTE, MDB, PSDB, PSD, PODE, PROS, PTB, PP, REPUBLICANOS, PSC, UNIÃO, PATRIOTA, NOVO, PL",15,78716083,109413508,0.7194366074068295,383,0.746588693957115,369.0709795997035,13.929020400296508,-112.07097959970349,1.037740763078701,true,true,votes+seats,false,378,284,false,false,false,false,false
2022,seat_winning,23,14,14,0,0,AVANTE,10.279916571178761,-3.2799165711787612,0.6809393784017194,false,false,10,10,AVANTE,AVANTE,AVANTE,1,2192518,109413508,0.02003882372549466,7,0.01364522417153996,10.279916571178761,-3.2799165711787612,246.72008342882123,0.6809393784017194,false,false,neither,false,0,0,false,false,false,false,false
2022,seat_winning,23,14,15,0,0,AVANTE|MDB,47.558760925570546,1.441239074429454,1.0303043865395272,false,false,10,11,AVANTE,MDB,"AVANTE, MDB",2,10143413,109413508,0.09270713630715506,49,0.09551656920077972,47.558760925570546,1.441239074429454,209.44123907442946,1.0303043865395272,false,false,neither,false,42,7,false,false,false,false,false
2022,seat_winning,23,14,17,0,0,AVANTE|MDB|PSDB,63.0737400541074,-1.0737400541073967,0.9829764327723979,false,false,10,12,AVANTE,PSDB,"AVANTE, MDB, PSDB",3,13452474,109413508,0.12295076033939063,62,0.12085769980506822,63.0737400541074,-1.0737400541073967,193.9262599458926,0.9829764327723979,false,false,neither,false,55,49,false,false,false,false,false
2022,seat_winning,23,14,18,0,0,AVANTE|MDB|PSDB|PSD,101.96107221057203,2.038927789427973,1.0199971199323712,false,false,10,13,AVANTE,PSD,"AVANTE, MDB, PSDB, PSD",4,21746430,109413508,0.19875452672626126,104,0.20272904483430798,101.96107221057203,2.038927789427973,155.038927789428,1.0199971199323712,false,false,neither,false,97,62,false,false,false,false,false
2022,seat_winning,23,14,20,0,0,AVANTE|MDB|PSDB|PSD|PODE,118.89673117874989,-2.8967311787498886,0.9756365784825916,false,false,10,14,AVANTE,PODE,"AVANTE, MDB, PSDB, PSD, PODE",5,25358496,109413508,0.2317675071710524,116,0.22612085769980506,118.89673117874989,-2.8967311787498886,138.1032688212501,0.9756365784825916,false,false,neither,false,109,104,false,false,false,false,false
2022,seat_winning,23,14,21,0,0,AVANTE|MDB|PSDB|PSD|PODE|PROS,122.6460497089628,-3.6460497089628063,0.9702717721637605,false,false,10,15,AVANTE,PROS,"AVANTE, MDB, PSDB, PSD, PODE, PROS",6,26158157,109413508,0.23907612029037584,119,0.23196881091617932,122.6460497089628,-3.6460497089628063,134.3539502910372,0.9702717721637605,false,false,neither,false,112,116,false,false,false,false,false
2022,seat_winning,23,14,24,0,0,AVANTE|MDB|PSDB|PSD|PODE|PROS|PTB,129.31634562891446,-9.316345628914462,0.9279569370476289,false,false,10,16,AVANTE,PTB,"AVANTE, MDB, PSDB, PSD, PODE, PROS, PTB",7,27580809,109413508,0.2520786464501257,120,0.23391812865497075,129.31634562891446,-9.316345628914462,127.68365437108554,0.9279569370476289,false,false,neither,false,113,119,false,false,false,false,false
2022,seat_winning,23,14,25,0,0,AVANTE|MDB|PSDB|PSD|PODE|PROS|PTB|PP,170.07426497101252,-3.074264971012525,0.9819239849630601,false,false,10,17,AVANTE,PP,"AVANTE, MDB, PSDB, PSD, PODE, PROS, PTB, PP",8,36273727,109413508,0.33152878161990745,167,0.3255360623781676,170.07426497101252,-3.074264971012525,86.92573502898748,0.9819239849630601,false,false,neither,false,160,120,false,false,false,false,false
2022,seat_winning,23,14,27,0,0,AVANTE|MDB|PSDB|PSD|PODE|PROS|PTB|PP|REPUBLICANOS,205.7589687463453,1.241031253654711,1.006031480723373,false,false,10,18,AVANTE,REPUBLICANOS,"AVANTE, MDB, PSDB, PSD, PODE, PROS, PTB, PP, REPUBLICANOS",9,43884621,109413508,0.40108960769268087,207,0.40350877192982454,205.7589687463453,1.241031253654711,51.24103125365471,1.006031480723373,false,false,neither,false,200,167,false,false,false,false,false
2022,seat_winning,23,14,28,0,0,AVANTE|MDB|PSDB|PSD|PODE|PROS|PTB|PP|REPUBLICANOS|PSC,214.87685402610435,-1.876854026104354,0.9912654434810538,false,false,10,19,AVANTE,PSC,"AVANTE, MDB, PSDB, PSD, PODE, PROS, PTB, PP, REPUBLICANOS, PSC",10,45829299,109413508,0.4188632632087804,213,0.4152046783625731,214.87685402610435,-1.876854026104354,42.123145973895646,0.9912654434810538,false,false,neither,false,206,207,false,false,false,false,false
2022,seat_winning,23,14,29,0,0,AVANTE|MDB|PSDB|PSD|PODE|PROS|PTB|PP|REPUBLICANOS|PSC|UNIÃO,262.7732904423465,9.226709557653521,1.035112813566864,false,false,10,20,AVANTE,UNIÃO,"AVANTE, MDB, PSDB, PSD, PODE, PROS, PTB, PP, REPUBLICANOS, PSC, UNIÃO",11,56044732,109413508,0.5122286363398567,272,0.530214424951267,262.7732904423465,9.226709557653521,-5.773290442346479,1.035112813566864,true,true,votes+seats,false,265,213,false,false,false,false,true
2022,seat_winning,23,14,30,0,0,AVANTE|MDB|PSDB|PSD|PODE|PROS|PTB|PP|REPUBLICANOS|PSC|UNIÃO|PATRIOTA,269.93081993130136,6.069180068698643,1.0224842056577432,false,false,10,21,AVANTE,PATRIOTA,"AVANTE, MDB, PSDB, PSD, PODE, PROS, PTB, PP, REPUBLICANOS, PSC, UNIÃO, PATRIOTA",12,57571302,109413508,0.5261809355385991,276,0.5380116959064327,269.93081993130136,6.069180068698643,-12.930819931301357,1.0224842056577432,true,true,votes+seats,false,269,272,false,false,false,false,false
2022,seat_winning,23,14,31,0,0,AVANTE|MDB|PSDB|PSD|PODE|PROS|PTB|PP|REPUBLICANOS|PSC|UNIÃO|PATRIOTA|NOVO,276.28276691393535,2.7172330860646525,1.0098349713100676,false,false,10,22,AVANTE,NOVO,"AVANTE, MDB, PSDB, PSD, PODE, PROS, PTB, PP, REPUBLICANOS, PSC, UNIÃO, PATRIOTA, NOVO",13,58926056,109413508,0.5385628984677102,279,0.543859649122807,276.28276691393535,2.7172330860646525,-19.282766913935347,1.0098349713100676,true,true,votes+seats,false,272,276,false,false,false,false,false
2022,seat_winning,23,14,32,0,0,AVANTE|MDB|PSDB|PSD|PODE|PROS|PTB|PP|REPUBLICANOS|PSC|UNIÃO|PATRIOTA|NOVO|PL,361.5030257598541,16.496974240145903,1.0456344015529895,false,false,10,23,AVANTE,PL,"AVANTE, MDB, PSDB, PSD, PODE, PROS, PTB, PP, REPUBLICANOS, PSC, UNIÃO, PATRIOTA, NOVO, PL",14,77101977,109413508,0.7046842607404563,378,0.7368421052631579,361.5030257598541,16.496974240145903,-104.5030257598541,1.0456344015529895,true,true,votes+seats,false,371,279,false,false,false,false,false
2022,seat_winning,23,15,15,0,0,MDB,37.27884435439179,4.7211556456082135,1.1266443669961035,false,false,11,11,MDB,MDB,MDB,1,7950895,109413508,0.0726683125816604,42,0.08187134502923976,37.27884435439179,4.7211556456082135,219.7211556456082,1.1266443669961035,false,false,neither,false,0,0,false,false,false,false,false
2022,seat_winning,23,15,17,0,0,MDB|PSDB,52.79382348292863,2.20617651707137,1.0417885345581146,false,false,11,12,MDB,PSDB,"MDB, PSDB",2,11259956,109413508,0.10291193661389597,55,0.10721247563352826,52.79382348292863,2.20617651707137,204.20617651707136,1.0417885345581146,false,false,neither,false,13,42,false,false,false,false,false
2022,seat_winning,23,15,18,0,0,MDB|PSDB|PSD,91.68115563939325,5.318844360606747,1.0580145867873567,false,false,11,13,MDB,PSD,"MDB, PSDB, PSD",3,19553912,109413508,0.17871570300076658,97,0.18908382066276802,91.68115563939325,5.318844360606747,165.31884436060676,1.0580145867873567,false,false,neither,false,55,55,false,false,false,false,false
2022,seat_winning,23,15,20,0,0,MDB|PSDB|PSD|PODE,108.61681460757113,0.38318539242887084,1.0035278643901804,false,false,11,14,MDB,PODE,"MDB, PSDB, PSD, PODE",4,23165978,109413508,0.21172868344555776,109,0.2124756335282651,108.61681460757113,0.38318539242887084,148.38318539242886,1.0035278643901804,false,false,neither,false,67,97,false,false,false,false,false
2022,seat_winning,23,15,21,0,0,MDB|PSDB|PSD|PODE|PROS,112.36613313778405,-0.3661331377840469,0.9967416059664962,false,false,11,15,MDB,PROS,"MDB, PSDB, PSD, PODE, PROS",5,23965639,109413508,0.2190372965648812,112,0.21832358674463936,112.36613313778405,-0.3661331377840469,144.63386686221594,0.9967416059664962,false,false,neither,false,70,109,false,false,false,false,false
2022,seat_winning,23,15,24,0,0,MDB|PSDB|PSD|PODE|PROS|PTB,119.03642905773572,-6.036429057735717,0.9492892293097276,false,false,11,16,MDB,PTB,"MDB, PSDB, PSD, PODE, PROS, PTB",6,25388291,109413508,0.23203982272463103,113,0.2202729044834308,119.03642905773572,-6.036429057735717,137.96357094226428,0.9492892293097276,false,false,neither,false,71,112,false,false,false,false,false
2022,seat_winning,23,15,25,0,0,MDB|PSDB|PSD|PODE|PROS|PTB|PP,159.79434839983378,0.2056516001662203,1.0012869766811254,false,false,11,17,MDB,PP,"MDB, PSDB, PSD, PODE, PROS, PTB, PP",7,34081209,109413508,0.3114899578944128,160,0.31189083820662766,159.79434839983378,0.2056516001662203,97.20565160016622,1.0012869766811254,false,false,neither,false,118,113,false,false,false,false,false
2022,seat_winning,23,15,27,0,0,MDB|PSDB|PSD|PODE|PROS|PTB|PP|REPUBLICANOS,195.47905217516654,4.520947824833456,1.0231275309273664,false,false,11,18,MDB,REPUBLICANOS,"MDB, PSDB, PSD, PODE, PROS, PTB, PP, REPUBLICANOS",8,41692103,109413508,0.3810507839671862,200,0.3898635477582846,195.47905217516654,4.520947824833456,61.520947824833456,1.0231275309273664,false,false,neither,false,158,160,false,false,false,false,false
2022,seat_winning,23,15,28,0,0,MDB|PSDB|PSD|PODE|PROS|PTB|PP|REPUBLICANOS|PSC,204.59693745492558,1.4030625450744196,1.006857690845854,false,false,11,19,MDB,PSC,"MDB, PSDB, PSD, PODE, PROS, PTB, PP, REPUBLICANOS, PSC",9,43636781,109413508,0.3988244394832857,206,0.4015594541910331,204.59693745492558,1.4030625450744196,52.40306254507442,1.006857690845854,false,false,neither,false,164,200,false,false,false,false,false
2022,seat_winning,23,15,29,0,0,MDB|PSDB|PSD|PODE|PROS|PTB|PP|REPUBLICANOS|PSC|UNIÃO,252.4933738711677,12.506626128832295,1.0495324924257763,true,true,11,20,MDB,UNIÃO,"MDB, PSDB, PSD, PODE, PROS, PTB, PP, REPUBLICANOS, PSC, UNIÃO",10,53852214,109413508,0.492189812614362,265,0.5165692007797271,252.4933738711677,12.506626128832295,4.506626128832295,1.0495324924257763,false,true,seats_only,true,223,206,true,true,true,true,true
2022,seat_winning,23,15,30,0,0,MDB|PSDB|PSD|PODE|PROS|PTB|PP|REPUBLICANOS|PSC|UNIÃO|PATRIOTA,259.6509033601226,9.349096639877416,1.036006409062674,false,false,11,21,MDB,PATRIOTA,"MDB, PSDB, PSD, PODE, PROS, PTB, PP, REPUBLICANOS, PSC, UNIÃO, PATRIOTA",11,55378784,109413508,0.5061421118131044,269,0.5243664717348928,259.6509033601226,9.349096639877416,-2.6509033601225838,1.036006409062674,true,true,votes+seats,false,227,265,false,false,false,false,false
2022,seat_winning,23,15,31,0,0,MDB|PSDB|PSD|PODE|PROS|PTB|PP|REPUBLICANOS|PSC|UNIÃO|PATRIOTA|NOVO,266.0028503427566,5.997149657243426,1.0225454338159001,false,false,11,22,MDB,NOVO,"MDB, PSDB, PSD, PODE, PROS, PTB, PP, REPUBLICANOS, PSC, UNIÃO, PATRIOTA, NOVO",12,56733538,109413508,0.5185240747422155,272,0.530214424951267,266.0028503427566,5.997149657243426,-9.002850342756574,1.0225454338159001,true,true,votes+seats,false,230,269,false,false,false,false,false
2022,seat_winning,23,15,32,0,0,MDB|PSDB|PSD|PODE|PROS|PTB|PP|REPUBLICANOS|PSC|UNIÃO|PATRIOTA|NOVO|PL,351.2231091886753,19.776890811324677,1.0563086263230494,false,false,11,23,MDB,PL,"MDB, PSDB, PSD, PODE, PROS, PTB, PP, REPUBLICANOS, PSC, UNIÃO, PATRIOTA, NOVO, PL",13,74909459,109413508,0.6846454370149616,371,0.723196881091618,351.2231091886753,19.776890811324677,-94.22310918867532,1.0563086263230494,true,true,votes+seats,false,329,272,false,false,false,false,false
2022,seat_winning,23,17,17,0,0,PSDB,15.514979128536854,-2.5149791285368543,0.8378999347855371,false,false,12,12,PSDB,PSDB,PSDB,1,3309061,109413508,0.030243624032235582,13,0.025341130604288498,15.514979128536854,-2.5149791285368543,241.48502087146315,0.8378999347855371,false,false,neither,false,0,0,false,false,false,false,false
2022,seat_winning,23,17,18,0,0,PSDB|PSD,54.40231128500148,0.5976887149985188,1.0109864581279895,false,false,12,13,PSDB,PSD,"PSDB, PSD",2,11603017,109413508,0.1060473904191062,55,0.10721247563352826,54.40231128500148,0.5976887149985188,202.59768871499853,1.0109864581279895,false,false,neither,false,42,13,false,false,false,false,false
2022,seat_winning,23,17,20,0,0,PSDB|PSD|PODE,71.33797025317935,-4.33797025317935,0.9391912856816105,false,false,12,14,PSDB,PODE,"PSDB, PSD, PODE",3,15215083,109413508,0.13906037086389736,67,0.13060428849902533,71.33797025317935,-4.33797025317935,185.66202974682065,0.9391912856816105,false,false,neither,false,54,55,false,false,false,false,false
2022,seat_winning,23,17,21,0,0,PSDB|PSD|PODE|PROS,75.08728878339227,-5.0872887833922675,0.9322483356927721,false,false,12,15,PSDB,PROS,"PSDB, PSD, PODE, PROS",4,16014744,109413508,0.1463689839832208,70,0.1364522417153996,75.08728878339227,-5.0872887833922675,181.91271121660773,0.9322483356927721,false,false,neither,false,57,67,false,false,false,false,false
2022,seat_winning,23,17,24,0,0,PSDB|PSD|PODE|PROS|PTB,81.75758470334395,-10.757584703343952,0.8684209576105059,false,false,12,16,PSDB,PTB,"PSDB, PSD, PODE, PROS, PTB",5,17437396,109413508,0.15937151014297066,71,0.13840155945419103,81.75758470334395,-10.757584703343952,175.24241529665605,0.8684209576105059,false,false,neither,false,58,70,false,false,false,false,false
2022,seat_winning,23,17,25,0,0,PSDB|PSD|PODE|PROS|PTB|PP,122.515504045442,-4.515504045442,0.9631434071905939,false,false,12,17,PSDB,PP,"PSDB, PSD, PODE, PROS, PTB, PP",6,26130314,109413508,0.23882164531275243,118,0.2300194931773879,122.515504045442,-4.515504045442,134.48449595455799,0.9631434071905939,false,false,neither,false,105,71,false,false,false,false,false
2022,seat_winning,23,17,27,0,0,PSDB|PSD|PODE|PROS|PTB|PP|REPUBLICANOS,158.20020782077475,-0.2002078207747502,0.9987344655008192,false,false,12,18,PSDB,REPUBLICANOS,"PSDB, PSD, PODE, PROS, PTB, PP, REPUBLICANOS",7,33741208,109413508,0.3083824713855258,158,0.3079922027290448,158.20020782077475,-0.2002078207747502,98.79979217922525,0.9987344655008192,false,false,neither,false,145,118,false,false,false,false,false
2022,seat_winning,23,17,28,0,0,PSDB|PSD|PODE|PROS|PTB|PP|REPUBLICANOS|PSC,167.3180931005338,-3.318093100533787,0.9801689522092504,false,false,12,19,PSDB,PSC,"PSDB, PSD, PODE, PROS, PTB, PP, REPUBLICANOS, PSC",8,35685886,109413508,0.3261561269016253,164,0.31968810916179335,167.3180931005338,-3.318093100533787,89.68190689946621,0.9801689522092504,false,false,neither,false,151,158,false,false,false,false,false
2022,seat_winning,23,17,29,0,0,PSDB|PSD|PODE|PROS|PTB|PP|REPUBLICANOS|PSC|UNIÃO,215.21452951677594,7.78547048322406,1.03617539438766,false,false,12,20,PSDB,UNIÃO,"PSDB, PSD, PODE, PROS, PTB, PP, REPUBLICANOS, PSC, UNIÃO",9,45901319,109413508,0.4195215000327016,223,0.4346978557504873,215.21452951677594,7.78547048322406,41.78547048322406,1.03617539438766,false,false,neither,false,210,164,false,false,false,false,false
2022,seat_winning,23,17,30,0,0,PSDB|PSD|PODE|PROS|PTB|PP|REPUBLICANOS|PSC|UNIÃO|PATRIOTA,222.37205900573082,4.627940994269181,1.0208117018611134,false,false,12,21,PSDB,PATRIOTA,"PSDB, PSD, PODE, PROS, PTB, PP, REPUBLICANOS, PSC, UNIÃO, PATRIOTA",10,47427889,109413508,0.4334737992314441,227,0.442495126705653,222.37205900573082,4.627940994269181,34.62794099426918,1.0208117018611134,false,false,neither,false,214,223,false,false,false,false,false
2022,seat_winning,23,17,31,0,0,PSDB|PSD|PODE|PROS|PTB|PP|REPUBLICANOS|PSC|UNIÃO|PATRIOTA|NOVO,228.7240059883648,1.2759940116351913,1.0055787498392281,false,false,12,22,PSDB,NOVO,"PSDB, PSD, PODE, PROS, PTB, PP, REPUBLICANOS, PSC, UNIÃO, PATRIOTA, NOVO",11,48782643,109413508,0.44585576216055517,230,0.44834307992202727,228.7240059883648,1.2759940116351913,28.27599401163519,1.0055787498392281,false,false,neither,false,217,227,false,false,false,false,false
2022,seat_winning,23,17,32,0,0,PSDB|PSD|PODE|PROS|PTB|PP|REPUBLICANOS|PSC|UNIÃO|PATRIOTA|NOVO|PL,313.9442648342835,15.055735165716499,1.0479567135066592,false,false,12,23,PSDB,PL,"PSDB, PSD, PODE, PROS, PTB, PP, REPUBLICANOS, PSC, UNIÃO, PATRIOTA, NOVO, PL",12,66958564,109413508,0.6119771244333012,329,0.6413255360623782,313.9442648342835,15.055735165716499,-56.9442648342835,1.0479567135066592,true,true,votes+seats,false,316,230,false,false,false,false,true
2022,seat_winning,23,18,18,0,0,PSD,38.88733215646463,3.1126678435353696,1.08004323441401,false,false,13,13,PSD,PSD,PSD,1,8293956,109413508,0.07580376638687063,42,0.08187134502923976,38.88733215646463,3.1126678435353696,218.11266784353538,1.08004323441401,false,false,neither,false,0,0,false,false,false,false,false
2022,seat_winning,23,18,20,0,0,PSD|PODE,55.82299112464249,-1.822991124642492,0.9673433635870194,false,false,13,14,PSD,PODE,"PSD, PODE",2,11906022,109413508,0.10881674683166177,54,0.10526315789473684,55.82299112464249,-1.822991124642492,201.1770088753575,0.9673433635870194,false,false,neither,false,12,42,false,false,false,false,false
2022,seat_winning,23,18,21,0,0,PSD|PODE|PROS,59.57230965485541,-2.5723096548554096,0.9568203806473407,false,false,13,15,PSD,PROS,"PSD, PODE, PROS",3,12705683,109413508,0.1161253599509852,57,0.1111111111111111,59.57230965485541,-2.5723096548554096,197.42769034514458,0.9568203806473407,false,false,neither,false,15,54,false,false,false,false,false
2022,seat_winning,23,18,24,0,0,PSD|PODE|PROS|PTB,66.24260557480709,-8.242605574807087,0.8755694238883946,false,false,13,16,PSD,PTB,"PSD, PODE, PROS, PTB",4,14128335,109413508,0.12912788611073506,58,0.11306042884990253,66.24260557480709,-8.242605574807087,190.7573944251929,0.8755694238883946,false,false,neither,false,16,57,false,false,false,false,false
2022,seat_winning,23,18,25,0,0,PSD|PODE|PROS|PTB|PP,107.00052491690514,-2.0005249169051353,0.9813035971696521,false,false,13,17,PSD,PP,"PSD, PODE, PROS, PTB, PP",5,22821253,109413508,0.20857802128051683,105,0.2046783625730994,107.00052491690514,-2.0005249169051353,149.99947508309486,0.9813035971696521,false,false,neither,false,63,58,false,false,false,false,false
2022,seat_winning,23,18,27,0,0,PSD|PODE|PROS|PTB|PP|REPUBLICANOS,142.6852286922379,2.3147713077621006,1.0162229218047154,false,false,13,18,PSD,REPUBLICANOS,"PSD, PODE, PROS, PTB, PP, REPUBLICANOS",6,30432147,109413508,0.27813884735329025,145,0.2826510721247563,142.6852286922379,2.3147713077621006,114.3147713077621,1.0162229218047154,false,false,neither,false,103,105,false,false,false,false,false
2022,seat_winning,23,18,28,0,0,PSD|PODE|PROS|PTB|PP|REPUBLICANOS|PSC,151.80311397199694,-0.803113971996936,0.9947095026512758,false,false,13,19,PSD,PSC,"PSD, PODE, PROS, PTB, PP, REPUBLICANOS, PSC",7,32376825,109413508,0.29591250286938975,151,0.29434697855750486,151.80311397199694,-0.803113971996936,105.19688602800306,0.9947095026512758,false,false,neither,false,109,145,false,false,false,false,false
2022,seat_winning,23,18,29,0,0,PSD|PODE|PROS|PTB|PP|REPUBLICANOS|PSC|UNIÃO,199.6995503882391,10.30044961176091,1.051579733613499,false,false,13,20,PSD,UNIÃO,"PSD, PODE, PROS, PTB, PP, REPUBLICANOS, PSC, UNIÃO",8,42592258,109413508,0.38927787600046604,210,0.4093567251461988,199.6995503882391,10.30044961176091,57.30044961176091,1.051579733613499,false,false,neither,false,168,151,false,false,false,false,false
2022,seat_winning,23,18,30,0,0,PSD|PODE|PROS|PTB|PP|REPUBLICANOS|PSC|UNIÃO|PATRIOTA,206.85707987719397,7.142920122806032,1.034530701714665,false,false,13,21,PSD,PATRIOTA,"PSD, PODE, PROS, PTB, PP, REPUBLICANOS, PSC, UNIÃO, PATRIOTA",9,44118828,109413508,0.4032301751992085,214,0.4171539961013645,206.85707987719397,7.142920122806032,50.14292012280603,1.034530701714665,false,false,neither,false,172,210,false,false,false,false,false
2022,seat_winning,23,18,31,0,0,PSD|PODE|PROS|PTB|PP|REPUBLICANOS|PSC|UNIÃO|PATRIOTA|NOVO,213.20902685982796,3.790973140172042,1.0177805470809844,false,false,13,22,PSD,NOVO,"PSD, PODE, PROS, PTB, PP, REPUBLICANOS, PSC, UNIÃO, PATRIOTA, NOVO",10,45473582,109413508,0.4156121381283196,217,0.42300194931773877,213.20902685982796,3.790973140172042,43.79097314017204,1.0177805470809844,false,false,neither,false,175,214,false,false,false,false,false
2022,seat_winning,23,18,32,0,0,PSD|PODE|PROS|PTB|PP|REPUBLICANOS|PSC|UNIÃO|PATRIOTA|NOVO|PL,298.4292857057467,17.57071429425332,1.0588773124350073,false,false,13,23,PSD,PL,"PSD, PODE, PROS, PTB, PP, REPUBLICANOS, PSC, UNIÃO, PATRIOTA, NOVO, PL",11,63649503,109413508,0.5817335004010656,316,0.6159844054580896,298.4292857057467,17.57071429425332,-41.42928570574668,1.0588773124350073,true,true,votes+seats,false,274,217,false,false,false,false,true
2022,seat_winning,23,20,20,0,0,PODE,16.93565896817786,-4.9356589681778615,0.7085641026751911,false,false,14,14,PODE,PODE,PODE,1,3612066,109413508,0.03301298044479115,12,0.023391812865497075,16.93565896817786,-4.9356589681778615,240.06434103182215,0.7085641026751911,false,false,neither,false,0,0,false,false,false,false,false
2022,seat_winning,23,20,21,0,0,PODE|PROS,20.684977498390786,-5.684977498390786,0.7251639505610747,false,false,14,15,PODE,PROS,"PODE, PROS",2,4411727,109413508,0.04032159356411459,15,0.029239766081871343,20.684977498390786,-5.684977498390786,236.3150225016092,0.7251639505610747,false,false,neither,false,3,12,false,false,false,false,false
2022,seat_winning,23,20,24,0,0,PODE|PROS|PTB,27.35527341834246,-11.35527341834246,0.5848963655128946,false,false,14,16,PODE,PTB,"PODE, PROS, PTB",3,5834379,109413508,0.053324119723864444,16,0.031189083820662766,27.35527341834246,-11.35527341834246,229.64472658165755,0.5848963655128946,false,false,neither,false,4,15,false,false,false,false,false
2022,seat_winning,23,20,25,0,0,PODE|PROS|PTB|PP,68.11319276044051,-5.113192760440512,0.9249309487161465,false,false,14,17,PODE,PP,"PODE, PROS, PTB, PP",4,14527297,109413508,0.13277425489364622,63,0.12280701754385964,68.11319276044051,-5.113192760440512,188.8868072395595,0.9249309487161465,false,false,neither,false,51,16,false,false,false,false,false
2022,seat_winning,23,20,27,0,0,PODE|PROS|PTB|PP|REPUBLICANOS,103.79789653577326,-0.7978965357732619,0.9923129797192155,false,false,14,18,PODE,REPUBLICANOS,"PODE, PROS, PTB, PP, REPUBLICANOS",5,22138191,109413508,0.2023350809664196,103,0.20077972709551656,103.79789653577326,-0.7978965357732619,153.20210346422675,0.9923129797192155,false,false,neither,false,91,63,false,false,false,false,false
2022,seat_winning,23,20,28,0,0,PODE|PROS|PTB|PP|REPUBLICANOS|PSC,112.91578181553231,-3.9157818155323127,0.9653212177025048,false,false,14,19,PODE,PSC,"PODE, PROS, PTB, PP, REPUBLICANOS, PSC",6,24082869,109413508,0.22010873648251914,109,0.2124756335282651,112.91578181553231,-3.9157818155323127,144.0842181844677,0.9653212177025048,false,false,neither,false,97,103,false,false,false,false,false
2022,seat_winning,23,20,29,0,0,PODE|PROS|PTB|PP|REPUBLICANOS|PSC|UNIÃO,160.81221823177447,7.187781768225534,1.0446967391362387,false,false,14,20,PODE,UNIÃO,"PODE, PROS, PTB, PP, REPUBLICANOS, PSC, UNIÃO",7,34298302,109413508,0.31347410961359545,168,0.32748538011695905,160.81221823177447,7.187781768225534,96.18778176822553,1.0446967391362387,false,false,neither,false,156,109,false,false,false,false,false
2022,seat_winning,23,20,30,0,0,PODE|PROS|PTB|PP|REPUBLICANOS|PSC|UNIÃO|PATRIOTA,167.96974772072932,4.030252279270684,1.0239939175593185,false,false,14,21,PODE,PATRIOTA,"PODE, PROS, PTB, PP, REPUBLICANOS, PSC, UNIÃO, PATRIOTA",8,35824872,109413508,0.32742640881233787,172,0.33528265107212474,167.96974772072932,4.030252279270684,89.03025227927068,1.0239939175593185,false,false,neither,false,160,168,false,false,false,false,false
2022,seat_winning,23,20,31,0,0,PODE|PROS|PTB|PP|REPUBLICANOS|PSC|UNIÃO|PATRIOTA|NOVO,174.3216947033633,0.6783052966366938,1.0038911123356788,false,false,14,22,PODE,NOVO,"PODE, PROS, PTB, PP, REPUBLICANOS, PSC, UNIÃO, PATRIOTA, NOVO",9,37179626,109413508,0.33980837174144896,175,0.341130604288499,174.3216947033633,0.6783052966366938,82.6783052966367,1.0038911123356788,false,false,neither,false,163,172,false,false,false,false,false
2022,seat_winning,23,20,32,0,0,PODE|PROS|PTB|PP|REPUBLICANOS|PSC|UNIÃO|PATRIOTA|NOVO|PL,259.5419535492821,14.458046450717916,1.055706009194281,false,false,14,23,PODE,PL,"PODE, PROS, PTB, PP, REPUBLICANOS, PSC, UNIÃO, PATRIOTA, NOVO, PL",10,55355547,109413508,0.505929734014195,274,0.5341130604288499,259.5419535492821,14.458046450717916,-2.541953549282084,1.055706009194281,true,true,votes+seats,false,262,175,false,false,false,false,true
2022,seat_winning,23,21,21,0,0,PROS,3.749318530212924,-0.7493185302129239,0.8001454066453058,false,false,15,15,PROS,PROS,PROS,1,799661,109413508,0.0073086131193234385,3,0.005847953216374269,3.749318530212924,-0.7493185302129239,253.25068146978708,0.8001454066453058,false,false,neither,false,0,0,false,false,false,false,false
2022,seat_winning,23,21,24,0,0,PROS|PTB,10.4196144501646,-6.4196144501646,0.3838913636518299,false,false,15,16,PROS,PTB,"PROS, PTB",2,2222313,109413508,0.020311139279073295,4,0.007797270955165692,10.4196144501646,-6.4196144501646,246.5803855498354,0.3838913636518299,false,false,neither,false,1,3,false,false,false,false,false
2022,seat_winning,23,21,25,0,0,PROS|PTB|PP,51.17753379226265,-0.17753379226265054,0.9965310209557325,false,false,15,17,PROS,PP,"PROS, PTB, PP",3,10915231,109413508,0.09976127444885508,51,0.09941520467836257,51.17753379226265,-0.17753379226265054,205.82246620773736,0.9965310209557325,false,false,neither,false,48,4,false,false,false,false,false
2022,seat_winning,23,21,27,0,0,PROS|PTB|PP|REPUBLICANOS,86.8622375675954,4.1377624324046,1.0476359180729673,false,false,15,18,PROS,REPUBLICANOS,"PROS, PTB, PP, REPUBLICANOS",4,18526125,109413508,0.16932210052162847,91,0.17738791423001948,86.8622375675954,4.1377624324046,170.1377624324046,1.0476359180729673,false,false,neither,false,88,51,false,false,false,false,false
2022,seat_winning,23,21,28,0,0,PROS|PTB|PP|REPUBLICANOS|PSC,95.98012284735447,1.0198771526455346,1.0106259204759254,false,false,15,19,PROS,PSC,"PROS, PTB, PP, REPUBLICANOS, PSC",5,20470803,109413508,0.187095756037728,97,0.18908382066276802,95.98012284735447,1.0198771526455346,161.01987715264553,1.0106259204759254,false,false,neither,false,94,91,false,false,false,false,false
2022,seat_winning,23,21,29,0,0,PROS|PTB|PP|REPUBLICANOS|PSC|UNIÃO,143.8765592635966,12.12344073640341,1.0842627930390802,false,false,15,20,PROS,UNIÃO,"PROS, PTB, PP, REPUBLICANOS, PSC, UNIÃO",6,30686236,109413508,0.2804611291688043,156,0.30409356725146197,143.8765592635966,12.12344073640341,113.12344073640341,1.0842627930390802,false,false,neither,false,153,97,false,false,false,false,false
2022,seat_winning,23,21,30,0,0,PROS|PTB|PP|REPUBLICANOS|PSC|UNIÃO|PATRIOTA,151.03408875255147,8.965911247448531,1.0593634941720869,false,false,15,21,PROS,PATRIOTA,"PROS, PTB, PP, REPUBLICANOS, PSC, UNIÃO, PATRIOTA",7,32212806,109413508,0.29441342836754675,160,0.31189083820662766,151.03408875255147,8.965911247448531,105.96591124744853,1.0593634941720869,false,false,neither,false,157,156,false,false,false,false,false
2022,seat_winning,23,21,31,0,0,PROS|PTB|PP|REPUBLICANOS|PSC|UNIÃO|PATRIOTA|NOVO,157.38603573518546,5.613964264814541,1.0356700277670154,false,false,15,22,PROS,NOVO,"PROS, PTB, PP, REPUBLICANOS, PSC, UNIÃO, PATRIOTA, NOVO",8,33567560,109413508,0.30679539129665784,163,0.31773879142300193,157.38603573518546,5.613964264814541,99.61396426481454,1.0356700277670154,false,false,neither,false,160,160,false,false,false,false,false
2022,seat_winning,23,21,32,0,0,PROS|PTB|PP|REPUBLICANOS|PSC|UNIÃO|PATRIOTA|NOVO|PL,242.60629458110418,19.39370541889582,1.0799390034474659,false,true,15,23,PROS,PL,"PROS, PTB, PP, REPUBLICANOS, PSC, UNIÃO, PATRIOTA, NOVO, PL",9,51743481,109413508,0.4729167535694039,262,0.5107212475633528,242.60629458110418,19.39370541889582,14.39370541889582,1.0799390034474659,false,true,seats_only,true,259,163,false,false,false,false,true
2022,seat_winning,23,24,24,0,0,PTB,6.670295919951675,-5.670295919951675,0.14991838623064338,false,false,16,16,PTB,PTB,PTB,1,1422652,109413508,0.013002526159749854,1,0.001949317738791423,6.670295919951675,-5.670295919951675,250.32970408004832,0.14991838623064338,false,false,neither,false,0,0,false,false,false,false,false
2022,seat_winning,23,24,25,0,0,PTB|PP,47.428215262049726,0.5717847379502743,1.01205579283958,false,false,16,17,PTB,PP,"PTB, PP",2,10115570,109413508,0.09245266132953163,48,0.0935672514619883,47.428215262049726,0.5717847379502743,209.57178473795028,1.01205579283958,false,false,neither,false,47,1,false,false,false,false,false
2022,seat_winning,23,24,27,0,0,PTB|PP|REPUBLICANOS,83.11291903738248,4.887080962617517,1.0588004971936964,false,false,16,18,PTB,REPUBLICANOS,"PTB, PP, REPUBLICANOS",3,17726464,109413508,0.16201348740230503,88,0.17153996101364521,83.11291903738248,4.887080962617517,173.88708096261752,1.0588004971936964,false,false,neither,false,87,48,false,false,false,false,false
2022,seat_winning,23,24,28,0,0,PTB|PP|REPUBLICANOS|PSC,92.23080431714153,1.7691956828584665,1.0191822644934871,false,false,16,19,PTB,PSC,"PTB, PP, REPUBLICANOS, PSC",4,19671142,109413508,0.17978714291840456,94,0.18323586744639375,92.23080431714153,1.7691956828584665,164.76919568285848,1.0191822644934871,false,false,neither,false,93,88,false,false,false,false,false
2022,seat_winning,23,24,29,0,0,PTB|PP|REPUBLICANOS|PSC|UNIÃO,140.12724073338367,12.872759266616328,1.091864788025827,false,false,16,20,PTB,UNIÃO,"PTB, PP, REPUBLICANOS, PSC, UNIÃO",5,29886575,109413508,0.2731525160494808,153,0.2982456140350877,140.12724073338367,12.872759266616328,116.87275926661633,1.091864788025827,false,false,neither,false,152,94,false,false,false,false,false
2022,seat_winning,23,24,30,0,0,PTB|PP|REPUBLICANOS|PSC|UNIÃO|PATRIOTA,147.28477022233855,9.715229777661449,1.065962215665581,false,false,16,21,PTB,PATRIOTA,"PTB, PP, REPUBLICANOS, PSC, UNIÃO, PATRIOTA",6,31413145,109413508,0.2871048152482233,157,0.3060428849902534,147.28477022233855,9.715229777661449,109.71522977766145,1.065962215665581,false,false,neither,false,156,153,false,false,false,false,false
2022,seat_winning,23,24,31,0,0,PTB|PP|REPUBLICANOS|PSC|UNIÃO|PATRIOTA|NOVO,153.63671720497254,6.363282795027459,1.0414177216930376,false,false,16,22,PTB,NOVO,"PTB, PP, REPUBLICANOS, PSC, UNIÃO, PATRIOTA, NOVO",7,32767899,109413508,0.2994867781773344,160,0.31189083820662766,153.63671720497254,6.363282795027459,103.36328279502746,1.0414177216930376,false,false,neither,false,159,157,false,false,false,false,false
2022,seat_winning,23,24,32,0,0,PTB|PP|REPUBLICANOS|PSC|UNIÃO|PATRIOTA|NOVO|PL,238.85697605089126,20.143023949108738,1.0843309007848154,false,true,16,23,PTB,PL,"PTB, PP, REPUBLICANOS, PSC, UNIÃO, PATRIOTA, NOVO, PL",8,50943820,109413508,0.4656081404500804,259,0.5048732943469786,238.85697605089126,20.143023949108738,18.143023949108738,1.0843309007848154,false,true,seats_only,true,258,160,false,false,false,false,true
2022,seat_winning,23,25,25,0,0,PP,40.75791934209805,6.242080657901951,1.153150130297614,false,false,17,17,PP,PP,PP,1,8692918,109413508,0.07945013516978178,47,0.09161793372319688,40.75791934209805,6.242080657901951,216.24208065790197,1.153150130297614,false,false,neither,false,0,0,false,false,false,false,false
2022,seat_winning,23,25,27,0,0,PP|REPUBLICANOS,76.4426231174308,10.557376882569201,1.1381085113517233,false,false,17,18,PP,REPUBLICANOS,"PP, REPUBLICANOS",2,16303812,109413508,0.14901096124255517,87,0.1695906432748538,76.4426231174308,10.557376882569201,180.5573768825692,1.1381085113517233,false,false,neither,false,40,47,false,false,false,false,false
2022,seat_winning,23,25,28,0,0,PP|REPUBLICANOS|PSC,85.56050839718986,7.439491602810136,1.0869500630860496,false,false,17,19,PP,PSC,"PP, REPUBLICANOS, PSC",3,18248490,109413508,0.1667846167586547,93,0.18128654970760233,85.56050839718986,7.439491602810136,171.43949160281014,1.0869500630860496,false,false,neither,false,46,87,false,false,false,false,false
2022,seat_winning,23,25,29,0,0,PP|REPUBLICANOS|PSC|UNIÃO,133.456944813432,18.54305518656801,1.1389441007546706,false,false,17,20,PP,UNIÃO,"PP, REPUBLICANOS, PSC, UNIÃO",4,28463923,109413508,0.260149989889731,152,0.2962962962962963,133.456944813432,18.54305518656801,123.54305518656801,1.1389441007546706,false,false,neither,false,105,93,false,false,false,false,false
2022,seat_winning,23,25,30,0,0,PP|REPUBLICANOS|PSC|UNIÃO|PATRIOTA,140.61447430238687,15.385525697613133,1.1094163724889876,false,false,17,21,PP,PATRIOTA,"PP, REPUBLICANOS, PSC, UNIÃO, PATRIOTA",5,29990493,109413508,0.27410228908847345,156,0.30409356725146197,140.61447430238687,15.385525697613133,116.38552569761313,1.1094163724889876,false,false,neither,false,109,152,false,false,false,false,false
2022,seat_winning,23,25,31,0,0,PP|REPUBLICANOS|PSC|UNIÃO|PATRIOTA|NOVO,146.96642128502086,12.033578714979143,1.0818797832168867,false,false,17,22,PP,NOVO,"PP, REPUBLICANOS, PSC, UNIÃO, PATRIOTA, NOVO",6,31345247,109413508,0.28648425201758454,159,0.30994152046783624,146.96642128502086,12.033578714979143,110.03357871497914,1.0818797832168867,false,false,neither,false,112,156,false,false,false,false,false
2022,seat_winning,23,25,32,0,0,PP|REPUBLICANOS|PSC|UNIÃO|PATRIOTA|NOVO|PL,232.18668013093958,25.81331986906042,1.1111748522977427,true,true,17,23,PP,PL,"PP, REPUBLICANOS, PSC, UNIÃO, PATRIOTA, NOVO, PL",7,49521168,109413508,0.4526056142903306,258,0.5029239766081871,232.18668013093958,25.81331986906042,24.81331986906042,1.1111748522977427,false,true,seats_only,true,211,159,true,true,true,true,true
2022,seat_winning,23,27,27,0,0,REPUBLICANOS,35.68470377533275,4.31529622466725,1.1209284586425576,false,false,18,18,REPUBLICANOS,REPUBLICANOS,REPUBLICANOS,1,7610894,109413508,0.06956082607277339,40,0.07797270955165692,35.68470377533275,4.31529622466725,221.31529622466724,1.1209284586425576,false,false,neither,false,0,0,false,false,false,false,false
2022,seat_winning,23,27,28,0,0,REPUBLICANOS|PSC,44.80258905509181,1.1974109449081922,1.026726378322373,false,false,18,19,REPUBLICANOS,PSC,"REPUBLICANOS, PSC",2,9555572,109413508,0.08733448158887291,46,0.08966861598440545,44.80258905509181,1.1974109449081922,212.1974109449082,1.026726378322373,false,false,neither,false,6,40,false,false,false,false,false
2022,seat_winning,23,27,29,0,0,REPUBLICANOS|PSC|UNIÃO,92.69902547133394,12.30097452866606,1.132697991873388,false,false,18,20,REPUBLICANOS,UNIÃO,"REPUBLICANOS, PSC, UNIÃO",3,19771005,109413508,0.1806998547199492,105,0.2046783625730994,92.69902547133394,12.30097452866606,164.30097452866607,1.132697991873388,false,false,neither,false,65,46,false,false,false,false,false
2022,seat_winning,23,27,30,0,0,REPUBLICANOS|PSC|UNIÃO|PATRIOTA,99.85655496028882,9.143445039711182,1.0915657969909673,false,false,18,21,REPUBLICANOS,PATRIOTA,"REPUBLICANOS, PSC, UNIÃO, PATRIOTA",4,21297575,109413508,0.19465215391869164,109,0.2124756335282651,99.85655496028882,9.143445039711182,157.1434450397112,1.0915657969909673,false,false,neither,false,69,105,false,false,false,false,false
2022,seat_winning,23,27,31,0,0,REPUBLICANOS|PSC|UNIÃO|PATRIOTA|NOVO,106.20850194292281,5.791498057077192,1.0545295145975186,false,false,18,22,REPUBLICANOS,NOVO,"REPUBLICANOS, PSC, UNIÃO, PATRIOTA, NOVO",5,22652329,109413508,0.20703411684780273,112,0.21832358674463936,106.20850194292281,5.791498057077192,150.7914980570772,1.0545295145975186,false,false,neither,false,72,109,false,false,false,false,false
2022,seat_winning,23,27,32,0,0,REPUBLICANOS|PSC|UNIÃO|PATRIOTA|NOVO|PL,191.42876078884154,19.571239211158456,1.102237715641626,false,false,18,23,REPUBLICANOS,PL,"REPUBLICANOS, PSC, UNIÃO, PATRIOTA, NOVO, PL",6,40828250,109413508,0.3731554791205488,211,0.41130604288499023,191.42876078884154,19.571239211158456,65.57123921115846,1.102237715641626,false,false,neither,false,171,112,false,false,false,false,false
2022,seat_winning,23,28,28,0,0,PSC,9.11788527975906,-3.1178852797590597,0.658047323025603,false,false,19,19,PSC,PSC,PSC,1,1944678,109413508,0.01777365551609953,6,0.011695906432748537,9.11788527975906,-3.1178852797590597,247.88211472024093,0.658047323025603,false,false,neither,false,0,0,false,false,false,false,false
2022,seat_winning,23,28,29,0,0,PSC|UNIÃO,57.01432169600119,7.98567830399881,1.1400644270851494,false,false,19,20,PSC,UNIÃO,"PSC, UNIÃO",2,12160111,109413508,0.11113902864717581,65,0.1267056530214425,57.01432169600119,7.98567830399881,199.9856783039988,1.1400644270851494,false,false,neither,false,59,6,false,false,false,false,false
2022,seat_winning,23,28,30,0,0,PSC|UNIÃO|PATRIOTA,64.17185118495607,4.828148815043932,1.0752377985968995,false,false,19,21,PSC,PATRIOTA,"PSC, UNIÃO, PATRIOTA",3,13686681,109413508,0.12509132784591825,69,0.13450292397660818,64.17185118495607,4.828148815043932,192.82814881504393,1.0752377985968995,false,false,neither,false,63,65,false,false,false,false,false
2022,seat_winning,23,28,31,0,0,PSC|UNIÃO|PATRIOTA|NOVO,70.52379816759006,1.4762018324099415,1.0209319672332728,false,false,19,22,PSC,NOVO,"PSC, UNIÃO, PATRIOTA, NOVO",4,15041435,109413508,0.13747329077502934,72,0.14035087719298245,70.52379816759006,1.4762018324099415,186.47620183240994,1.0209319672332728,false,false,neither,false,66,69,false,false,false,false,false
2022,seat_winning,23,28,32,0,0,PSC|UNIÃO|PATRIOTA|NOVO|PL,155.7440570135088,15.255942986491192,1.0979552175475173,false,false,19,23,PSC,PL,"PSC, UNIÃO, PATRIOTA, NOVO, PL",5,33217356,109413508,0.30359465304777544,171,0.3333333333333333,155.7440570135088,15.255942986491192,101.25594298649119,1.0979552175475173,false,false,neither,false,165,72,false,false,false,false,false
2022,seat_winning,23,29,29,0,0,UNIÃO,47.89643641624214,11.103563583757861,1.2318244198224428,false,false,20,20,UNIÃO,UNIÃO,UNIÃO,1,10215433,109413508,0.09336537313107629,59,0.11500974658869395,47.89643641624214,11.103563583757861,209.10356358375788,1.2318244198224428,false,false,neither,false,0,0,false,false,false,false,false
2022,seat_winning,23,29,30,0,0,UNIÃO|PATRIOTA,55.05396590519701,7.9460340948029895,1.1443317291343928,false,false,20,21,UNIÃO,PATRIOTA,"UNIÃO, PATRIOTA",2,11742003,109413508,0.10731767232981873,63,0.12280701754385964,55.05396590519701,7.9460340948029895,201.946034094803,1.1443317291343928,false,false,neither,false,4,59,false,false,false,false,false
2022,seat_winning,23,29,31,0,0,UNIÃO|PATRIOTA|NOVO,61.405912887831,4.5940871121689995,1.0748150608974893,false,false,20,22,UNIÃO,NOVO,"UNIÃO, PATRIOTA, NOVO",3,13096757,109413508,0.11969963525892982,66,0.1286549707602339,61.405912887831,4.5940871121689995,195.594087112169,1.0748150608974893,false,false,neither,false,7,63,false,false,false,false,false
2022,seat_winning,23,29,32,0,0,UNIÃO|PATRIOTA|NOVO|PL,146.62617173374974,18.373828266250257,1.125310700327185,false,false,20,23,UNIÃO,PL,"UNIÃO, PATRIOTA, NOVO, PL",4,31272678,109413508,0.2858209975316759,165,0.3216374269005848,146.62617173374974,18.373828266250257,110.37382826625026,1.125310700327185,false,false,neither,false,106,66,false,false,false,false,false
2022,seat_winning,23,30,30,0,0,PATRIOTA,7.157529488954874,-3.157529488954874,0.5588520461106854,false,false,21,21,PATRIOTA,PATRIOTA,PATRIOTA,1,1526570,109413508,0.013952299198742444,4,0.007797270955165692,7.157529488954874,-3.157529488954874,249.84247051104512,0.5588520461106854,false,false,neither,false,0,0,false,false,false,false,false
2022,seat_winning,23,30,31,0,0,PATRIOTA|NOVO,13.509476471588865,-6.509476471588865,0.518154794134426,false,false,21,22,PATRIOTA,NOVO,"PATRIOTA, NOVO",2,2881324,109413508,0.026334262127853537,7,0.01364522417153996,13.509476471588865,-6.509476471588865,243.49052352841113,0.518154794134426,false,false,neither,false,3,4,false,false,false,false,false
2022,seat_winning,23,30,32,0,0,PATRIOTA|NOVO|PL,98.72973531750759,7.27026468249241,1.0736380449021945,false,false,21,23,PATRIOTA,PL,"PATRIOTA, NOVO, PL",3,21057245,109413508,0.1924556244005996,106,0.20662768031189083,98.72973531750759,7.27026468249241,158.2702646824924,1.0736380449021945,false,false,neither,false,102,7,false,false,false,false,false
2022,seat_winning,23,31,31,0,0,NOVO,6.351946982633991,-3.351946982633991,0.4722961334850399,false,false,22,22,NOVO,NOVO,NOVO,1,1354754,109413508,0.012381962929111093,3,0.005847953216374269,6.351946982633991,-3.351946982633991,250.648053017366,0.4722961334850399,false,false,neither,false,0,0,false,false,false,false,false
2022,seat_winning,23,31,32,0,0,NOVO|PL,91.57220582855273,10.427794171447275,1.1138751008244887,false,false,22,23,NOVO,PL,"NOVO, PL",2,19530675,109413508,0.17850332520185716,102,0.19883040935672514,91.57220582855273,10.427794171447275,165.42779417144726,1.1138751008244887,false,false,neither,false,99,3,false,false,false,false,false
2022,seat_winning,23,32,32,0,0,PL,85.22025884591874,13.779741154081265,1.1616956031428576,false,false,23,23,PL,PL,PL,1,18175921,109413508,0.16612136227274607,99,0.19298245614035087,85.22025884591874,13.779741154081265,171.77974115408125,1.1616956031428576,false,false,neither,false,0,0,false,false,false,false,false
