domain,ideological_universe,election,configuration_id,display_label,cabinet_periods_if_applicable,source_periods,period_start,period_end,period_days,party_set,repeated_vector_count,start_party,end_party,omitted_party,k,source_coalition_id,party_count,is_strongest_inversion,votes,vote_share,seats,q_C,d_C,A_C,B_C,R_C,r_C,A_over_q,B_over_q,A_pct_quota,B_pct_quota,inversion,A_member,B_member,A_district,B_district,left_index,right_index,gap_count,minimal_seat_majority,vote_share_units,A_over_q_units,B_over_q_units,A_pct_quota_units,B_pct_quota_units
cabinet,not_applicable,2014,cabinet/C2014-18bcced275baef2aaa3d,14-01,2015.1,"[""dilma_2-2015-01-01""]",2015-01-01,2015-03-18,77,PCdoB; PDT; PMDB; PP; PR; PRB; PROS; PSD; PT; PTB,1,,,,,C2014-18bcced275baef2aaa3d,10,False,58136873,0.59716153874803846,329,306.34386937774372,22.656130622256274,18.063368452686309,4.5927621695699656,1.0739565334481025,-49.343869377743722,0.058964354303473576,0.014992179144629018,5.8964354303473572,1.4992179144629019,False,18.063368452686309,4.5927621695699656,18.063368452686309,4.5927621695699656,,,,,proportion of all valid federal-deputy votes,proportion of coalition quota,proportion of coalition quota,percent of coalition quota,percent of coalition quota
cabinet,not_applicable,2014,cabinet/C2014-775e65d300fa693ddc20,14-02,2015.2,"[""dilma_2-2015-03-19""]",2015-03-19,2016-03-17,365,PCdoB; PDT; PMDB; PP; PR; PRB; PSD; PT; PTB,1,,,,,C2014-775e65d300fa693ddc20,9,False,56159756,0.57685328739085062,318,295.92573643150638,22.074263568493624,18.24506595458887,3.829197613904753,1.0745939296618185,-38.92573643150638,0.06165420478327268,0.012939724878545809,6.1654204783272677,1.2939724878545809,False,18.24506595458887,3.829197613904753,18.24506595458887,3.829197613904753,,,,,proportion of all valid federal-deputy votes,proportion of coalition quota,proportion of coalition quota,percent of coalition quota,percent of coalition quota
cabinet,not_applicable,2014,cabinet/C2014-a5d11edd0c3bda7c1f99,14-03,2016.1,"[""dilma_2-2016-03-18""]",2016-03-18,2016-03-30,13,PCdoB; PDT; PMDB; PP; PR; PROS; PSD; PT; PTB,1,,,,,C2014-a5d11edd0c3bda7c1f99,9,False,53712049,0.55171130084946329,308,283.0278973357747,24.972102664225329,18.204925296037324,6.7671773681880065,1.0882319478019487,-26.027897335774671,0.064322017254856034,0.023909930547092527,6.4322017254856041,2.3909930547092526,False,18.204925296037324,6.7671773681880065,18.204925296037324,6.7671773681880065,,,,,proportion of all valid federal-deputy votes,proportion of coalition quota,proportion of coalition quota,percent of coalition quota,percent of coalition quota
cabinet,not_applicable,2014,cabinet/C2014-6d2a12159a495f8181b3,14-04,2016.2,"[""dilma_2-2016-03-31""]",2016-03-31,2016-04-13,14,PCdoB; PDT; PMDB; PP; PR; PSD; PT; PTB,1,,,,,C2014-6d2a12159a495f8181b3,8,False,51734932,0.53140304949227546,297,272.6097643895373,24.390235610462678,18.386622797939882,6.0036128125227934,1.0894694130457154,-15.609764389537323,0.06744667726452705,0.022022735781188366,6.7446677264527048,2.2022735781188367,False,18.386622797939882,6.0036128125227934,18.386622797939882,6.0036128125227934,,,,,proportion of all valid federal-deputy votes,proportion of coalition quota,proportion of coalition quota,percent of coalition quota,percent of coalition quota
cabinet,not_applicable,2014,cabinet/C2014-a264923b9881ebab3d9b,14-05,2016.3,"[""dilma_2-2016-04-14""]",2016-04-14,2016-04-18,5,PCdoB; PDT; PMDB; PR; PSD; PT; PTB,1,,,,,C2014-a264923b9881ebab3d9b,7,False,45305141,0.46535849481888791,259,238.72890784208951,20.271092157910495,15.742022264747815,4.5290698931626778,1.0849125995722273,18.271092157910495,0.065940997288692793,0.018971602283534481,6.5940997288692795,1.8971602283534483,True,15.742022264747815,4.5290698931626778,15.742022264747815,4.5290698931626778,,,,,proportion of all valid federal-deputy votes,proportion of coalition quota,proportion of coalition quota,percent of coalition quota,percent of coalition quota
cabinet,not_applicable,2014,cabinet/C2014-8d3ff5ab64ec71cc91c5,14-06,2016.4,"[""dilma_2-2016-04-19""]",2016-04-19,2016-05-11,23,PCdoB; PDT; PMDB; PR; PT; PTB,1,,,,,C2014-8d3ff5ab64ec71cc91c5,6,False,39337188,0.40405777785985969,223,207.28164004210799,15.718359957891993,11.096080954746791,4.6222790031452021,1.0758309320338209,49.718359957891991,0.053531422042457248,0.022299509991363511,5.3531422042457253,2.2299509991363511,False,11.096080954746791,4.6222790031452021,11.096080954746791,4.6222790031452021,,,,,proportion of all valid federal-deputy votes,proportion of coalition quota,proportion of coalition quota,percent of coalition quota,percent of coalition quota
cabinet,not_applicable,2014,cabinet/C2014-e44de479fb9c3be1477f,14-07,2016.5;2016.7;2016.9;2017.2;2017.4,"[""temer-2016-05-12"",""temer-2016-10-11"",""temer-2016-10-26"",""temer-2017-04-27"",""temer-2017-08-03""]",2016-05-12,2017-10-17,520,DEM; PMDB; PP; PPS; PR; PRB; PSB; PSD; PSDB; PTB; PV,5,,,,,C2014-e44de479fb9c3be1477f,11,False,62566462,0.64266072105289662,346,329.68494990013596,16.315050099864049,20.253867595361555,-3.9388174954975064,1.0494867906612237,-72.684949900135948,0.06143400722870912,-0.011947216567485423,6.1434007228709122,-1.1947216567485424,False,20.253867595361555,-3.9388174954975064,20.253867595361555,-3.9388174954975064,,,,,proportion of all valid federal-deputy votes,proportion of coalition quota,proportion of coalition quota,percent of coalition quota,percent of coalition quota
cabinet,not_applicable,2014,cabinet/C2014-5afcbfcc0efa1e534140,14-08,2016.6;2016.8;2017.1;2017.3;2017.5,"[""temer-2016-10-10"",""temer-2016-10-25"",""temer-2017-04-26"",""temer-2017-08-02"",""temer-2017-10-18""]",2016-10-10,2018-03-20,158,DEM; PMDB; PP; PPS; PR; PRB; PSD; PSDB; PTB; PV,5,,,,,C2014-5afcbfcc0efa1e534140,10,False,56298584,0.57827927984320204,312,296.65727055956268,15.342729440437349,19.604503474585236,-4.2617740341478862,1.0517187035783666,-39.657270559562654,0.066084689033937077,-0.014365985455570386,6.6084689033937076,-1.4365985455570387,False,19.604503474585236,-4.2617740341478862,19.604503474585236,-4.2617740341478862,,,,,proportion of all valid federal-deputy votes,proportion of coalition quota,proportion of coalition quota,percent of coalition quota,percent of coalition quota
cabinet,not_applicable,2014,cabinet/C2014-c5d55c3e560b3a34e2ec,14-09,2018.1,"[""temer-2018-03-21""]",2018-03-21,2018-04-01,12,DEM; PMDB; PP; PR; PRB; PSD; PSDB; PTB; PV,1,,,,,C2014-c5d55c3e560b3a34e2ec,9,False,54342895,0.55819112937538085,302,286.35204936957035,15.647950630429632,19.112776311846176,-3.4648256814165421,1.0546458482308054,-29.352049369570366,0.066745729090902817,-0.012099880860097442,6.6745729090902826,-1.2099880860097441,False,19.112776311846176,-3.4648256814165421,19.112776311846176,-3.4648256814165421,,,,,proportion of all valid federal-deputy votes,proportion of coalition quota,proportion of coalition quota,percent of coalition quota,percent of coalition quota
cabinet,not_applicable,2014,cabinet/C2014-b99061a13a4cbf708682,14-10,2018.2,"[""temer-2018-04-02""]",2018-04-02,2018-04-05,4,DEM; PMDB; PP; PRB; PSD; PSDB; PTB; PV,1,,,,,C2014-b99061a13a4cbf708682,8,False,48707376,0.50030505769615918,268,256.65649459812965,11.343505401870349,14.069938121667574,-2.7264327197972267,1.0441972271912772,0.34350540187034806,0.054820113333575109,-0.010622886142297897,5.4820113333575105,-1.0622886142297896,False,14.069938121667574,-2.7264327197972267,14.069938121667574,-2.7264327197972267,,,,,proportion of all valid federal-deputy votes,proportion of coalition quota,proportion of coalition quota,percent of coalition quota,percent of coalition quota
cabinet,not_applicable,2014,cabinet/C2014-3a21551efde30c618990,14-11,2018.3,"[""temer-2018-04-06"",""temer-2018-05-15""]",2018-04-06,2018-07-04,90,PMDB; PP; PRB; PSD; PSDB; PTB; PV,1,,,,,C2014-3a21551efde30c618990,7,False,44621889,0.45834037026869628,247,235.12860994784117,11.871390052158816,14.319579123634586,-2.4481890714757704,1.0504889220192823,21.871390052158816,0.060901049543954318,-0.010412127524671943,6.0901049543954322,-1.0412127524671944,False,14.319579123634586,-2.4481890714757704,14.319579123634586,-2.4481890714757704,,,,,proportion of all valid federal-deputy votes,proportion of coalition quota,proportion of coalition quota,percent of coalition quota,percent of coalition quota
cabinet,not_applicable,2014,cabinet/C2014-b4f47741435e535810d3,14-12,2018.4,"[""temer-2018-07-05""]",2018-07-05,2018-12-31,180,PMDB; PP; PRB; PSD; PSDB; PV,1,,,,,C2014-b4f47741435e535810d3,6,False,40707696,0.41813515464182893,222,214.50333433125826,7.4966656687417519,10.235106588083754,-2.7384409193420032,1.0349489470273905,42.496665668741755,0.047715372910136881,-0.012766425882746509,4.7715372910136882,-1.2766425882746508,False,10.235106588083754,-2.7384409193420032,10.235106588083754,-2.7384409193420032,,,,,proportion of all valid federal-deputy votes,proportion of coalition quota,proportion of coalition quota,percent of coalition quota,percent of coalition quota
cabinet,not_applicable,2018,cabinet/C2018-6dd392dbf9b24c264313,18-01,2019.1,"[""bolsonaro-2019-01-01""]",2019-01-01,2020-02-10,406,DEM; MDB; NOVO; PP; PSL,1,,,,,C2018-6dd392dbf9b24c264313,5,False,29612726,0.30135826693325413,160,154.59679093675936,5.4032090632406371,8.9290527478174244,-3.5258436845767878,1.0349503313134807,102.40320906324064,0.057757038122932425,-0.022806706809451811,5.7757038122932425,-2.2806706809451809,False,8.9290527478174244,-3.5258436845767878,8.9290527478174244,-3.5258436845767878,,,,,proportion of all valid federal-deputy votes,proportion of coalition quota,proportion of coalition quota,percent of coalition quota,percent of coalition quota
cabinet,not_applicable,2018,cabinet/C2018-5053b0a398fe7d5859d4,18-02,2020.1;2020.3,"[""bolsonaro-2020-02-11"",""bolsonaro-2020-04-16""]",2020-02-11,2020-04-16,8,DEM; MDB; NOVO; PP; PSDB; PSL,2,,,,,C2018-5053b0a398fe7d5859d4,6,False,35504532,0.36131709832442521,190,185.35567144043014,4.6443285595698693,9.349769373369428,-4.7054408137995578,1.0250563067397831,71.644328559569871,0.050442316119656848,-0.025386009379873755,5.0442316119656851,-2.5386009379873755,False,9.349769373369428,-4.7054408137995578,9.349769373369428,-4.7054408137995578,,,,,proportion of all valid federal-deputy votes,proportion of coalition quota,proportion of coalition quota,percent of coalition quota,percent of coalition quota
cabinet,not_applicable,2018,cabinet/C2018-72d588ebc21b8a1a1f9e,18-03,2020.2;2020.4,"[""bolsonaro-2020-02-18"",""bolsonaro-2020-04-17""]",2020-02-18,2020-05-06,78,DEM; NOVO; PP; PSDB; PSL,2,,,,,C2018-72d588ebc21b8a1a1f9e,5,False,30064628,0.3059571141837123,156,156.95599957624441,-0.95599957624440801,5.01148725454002,-5.967486830784428,0.99390912371094164,100.04400042375559,0.031929249395182206,-0.03802012568424061,3.1929249395182207,-3.8020125684240611,False,5.01148725454002,-5.967486830784428,5.01148725454002,-5.967486830784428,,,,,proportion of all valid federal-deputy votes,proportion of coalition quota,proportion of coalition quota,percent of coalition quota,percent of coalition quota
cabinet,not_applicable,2018,cabinet/C2018-080d8b1d183af39b5538,18-04,2020.5,"[""bolsonaro-2020-05-07""]",2020-05-07,2020-06-16,41,DEM; PP; PSDB; PSL,1,,,,,C2018-080d8b1d183af39b5538,4,False,27316549,0.27799088355585083,148,142.60932326415147,5.3906767358485324,9.8937669861173276,-4.5030902502687953,1.0378003107543223,114.39067673584853,0.069376719275158233,-0.031576408520835909,6.9376719275158223,-3.157640852083591,False,9.8937669861173276,-4.5030902502687953,9.8937669861173276,-4.5030902502687953,,,,,proportion of all valid federal-deputy votes,proportion of coalition quota,proportion of coalition quota,percent of coalition quota,percent of coalition quota
cabinet,not_applicable,2018,cabinet/C2018-2de7f0263e0db9154478,18-05,2020.6,"[""bolsonaro-2020-06-17""]",2020-06-17,2020-06-17,1,DEM; PP; PSD; PSDB; PSL,1,,,,,C2018-2de7f0263e0db9154478,5,False,33065559,0.33649653042476613,183,172.62272010790502,10.377279892094974,14.157264067397003,-3.77998417530203,1.0601153769654899,84.377279892094975,0.082012750456877379,-0.021897373491387422,8.201275045687737,-2.189737349138742,False,14.157264067397003,-3.77998417530203,14.157264067397003,-3.77998417530203,,,,,proportion of all valid federal-deputy votes,proportion of coalition quota,proportion of coalition quota,percent of coalition quota,percent of coalition quota
cabinet,not_applicable,2018,cabinet/C2018-1912bcf9ddddecf78512,18-06,2020.7,"[""bolsonaro-2020-06-18""]",2020-06-18,2020-09-18,93,DEM; PP; PSD; PSL,1,,,,,C2018-1912bcf9ddddecf78512,4,False,27173753,0.27653769903359504,153,141.86383960423427,11.13616039576574,13.736547441845001,-2.60038704607926,1.078498935506278,115.13616039576574,0.096829096689943259,-0.018330161183665334,9.682909668994327,-1.8330161183665337,False,13.736547441845001,-2.60038704607926,13.736547441845001,-2.60038704607926,,,,,proportion of all valid federal-deputy votes,proportion of coalition quota,proportion of coalition quota,percent of coalition quota,percent of coalition quota
cabinet,not_applicable,2018,cabinet/C2018-e4f0aaa55c13b90ddeff,18-07,2020.8,"[""bolsonaro-2020-09-19""]",2020-09-19,2020-12-08,81,DEM; PSD; PSL,1,,,,,C2018-e4f0aaa55c13b90ddeff,3,False,21765175,0.22149650854497452,116,113.62770888357193,2.37229111642807,6.4177708125012476,-4.045479696073178,1.0208777519122456,143.37229111642807,0.056480684822019817,-0.035602932909774308,5.6480684822019818,-3.5602932909774307,False,6.4177708125012476,-4.045479696073178,6.4177708125012476,-4.045479696073178,,,,,proportion of all valid federal-deputy votes,proportion of coalition quota,proportion of coalition quota,percent of coalition quota,percent of coalition quota
cabinet,not_applicable,2018,cabinet/C2018-64af9fe5690d39041c41,18-08,2020.9,"[""bolsonaro-2020-12-09""]",2020-12-09,2021-02-11,65,DEM; PSC; PSD; PSL,1,,,,,C2018-64af9fe5690d39041c41,4,False,23484929,0.23899783837835534,123,122.60589108809629,0.39410891190371589,3.3446540578149824,-2.9505451459112666,1.0032144369932481,134.39410891190371,0.027279717378439348,-0.024065280385191318,2.727971737843935,-2.4065280385191317,False,3.3446540578149824,-2.9505451459112666,3.3446540578149824,-2.9505451459112666,,,,,proportion of all valid federal-deputy votes,proportion of coalition quota,proportion of coalition quota,percent of coalition quota,percent of coalition quota
cabinet,not_applicable,2018,cabinet/C2018-c7968aa474db2a20c1cf,18-09,2021.1,"[""bolsonaro-2021-02-12""]",2021-02-12,2021-03-30,47,DEM; PRB; PSC; PSD; PSL,1,,,,,C2018-c7968aa474db2a20c1cf,5,False,28469457,0.28972362159602599,152,148.62821787876132,3.3717821212386729,7.7260268760178992,-4.3542447547792262,1.0226860159487958,108.37178212123867,0.051982234506237276,-0.029296218557441502,5.1982234506237281,-2.9296218557441502,False,7.7260268760178992,-4.3542447547792262,7.7260268760178992,-4.3542447547792262,,,,,proportion of all valid federal-deputy votes,proportion of coalition quota,proportion of coalition quota,percent of coalition quota,percent of coalition quota
cabinet,not_applicable,2018,cabinet/C2018-34cdc0bb5ecda010a795,18-10,2021.2,"[""bolsonaro-2021-03-31""]",2021-03-31,2021-07-27,119,DEM; PR; PRB; PSC; PSD; PSL,1,,,,,C2018-34cdc0bb5ecda010a795,6,False,33694048,0.3428924412850704,185,175.90382237924109,9.0961776207588958,14.094407727474627,-4.9982301067157318,1.0517110856246656,81.096177620758894,0.08012564785026495,-0.028414562225599408,8.0125647850264947,-2.8414562225599407,False,14.094407727474627,-4.9982301067157318,14.094407727474627,-4.9982301067157318,,,,,proportion of all valid federal-deputy votes,proportion of coalition quota,proportion of coalition quota,percent of coalition quota,percent of coalition quota
cabinet,not_applicable,2018,cabinet/C2018-a86e04ffb7898c05a4c4,18-11,2021.3,"[""bolsonaro-2021-07-28"",""bolsonaro-2022-02-08""]",2021-07-28,2022-03-23,239,DEM; PP; PR; PRB; PSC; PSD; PSL,1,,,,,C2018-a86e04ffb7898c05a4c4,7,False,39102626,0.3979336317736909,222,204.13995309990344,17.860046900096567,21.41318435681838,-3.5531374567218146,1.0874892279972068,52.860046900096563,0.10489462759080309,-0.017405399593596237,10.489462759080309,-1.7405399593596238,False,21.41318435681838,-3.5531374567218146,21.41318435681838,-3.5531374567218146,,,,,proportion of all valid federal-deputy votes,proportion of coalition quota,proportion of coalition quota,percent of coalition quota,percent of coalition quota
cabinet,not_applicable,2018,cabinet/C2018-83de36410e62c9cde06e,18-12,2022.1;2022.3,"[""bolsonaro-2022-03-24"",""bolsonaro-2022-03-28""]",2022-03-24,2022-03-29,5,DEM; PP; PR; PRB; PSC; PSL,2,,,,,C2018-83de36410e62c9cde06e,6,False,33353616,0.3394279849047756,187,174.12655625614988,12.873443743850125,17.149687275538703,-4.2762435316885794,1.0739315358934256,82.873443743850132,0.098489786074391544,-0.024558250180966003,9.8489786074391539,-2.4558250180966006,False,17.149687275538703,-4.2762435316885794,17.149687275538703,-4.2762435316885794,,,,,proportion of all valid federal-deputy votes,proportion of coalition quota,proportion of coalition quota,percent of coalition quota,percent of coalition quota
cabinet,not_applicable,2018,cabinet/C2018-f6b3d49ea0397e55d78b,18-13,2022.2,"[""bolsonaro-2022-03-27""]",2022-03-27,2022-03-27,1,DEM; PP; PR; PSC; PSL,1,,,,,C2018-f6b3d49ea0397e55d78b,5,False,28369088,0.28870220168710492,158,148.10422946548482,9.895770534515167,12.768314457335787,-2.8725439228206198,1.0668162588619479,108.89577053451517,0.086211680135113211,-0.019395421273165302,8.6211680135113209,-1.9395421273165303,False,12.768314457335787,-2.8725439228206198,12.768314457335787,-2.8725439228206198,,,,,proportion of all valid federal-deputy votes,proportion of coalition quota,proportion of coalition quota,percent of coalition quota,percent of coalition quota
cabinet,not_applicable,2018,cabinet/C2018-6cf3fea166c95e7d65b7,18-14,2022.4,"[""bolsonaro-2022-03-30""]",2022-03-30,2022-03-30,1,DEM; PP; PR; PRB; PSL,1,,,,,C2018-6cf3fea166c95e7d65b7,5,False,31633862,0.32192665507139478,180,165.14837405162552,14.85162594837448,20.222804030224971,-5.3711780818504913,1.0899289867893696,91.851625948374476,0.12245233503723933,-0.032523348247869857,12.245233503723933,-3.2523348247869861,False,20.222804030224971,-5.3711780818504913,20.222804030224971,-5.3711780818504913,,,,,proportion of all valid federal-deputy votes,proportion of coalition quota,proportion of coalition quota,percent of coalition quota,percent of coalition quota
cabinet,not_applicable,2018,cabinet/C2018-d3b46be51d2f587dc04d,18-15,2022.5,"[""bolsonaro-2022-03-31""]",2022-03-31,2022-05-10,41,PP; PRB; PSD,1,,,,,C2018-d3b46be51d2f587dc04d,3,False,16142116,0.1642726205752065,101,84.271854355080933,16.728145644919071,15.963646528826347,0.76449911609272325,1.1985021662681674,172.72814564491907,0.18943034600334346,0.0090718202648240407,18.943034600334347,0.90718202648240398,False,15.963646528826347,0.76449911609272325,15.963646528826347,0.76449911609272325,,,,,proportion of all valid federal-deputy votes,proportion of coalition quota,proportion of coalition quota,percent of coalition quota,percent of coalition quota
cabinet,not_applicable,2018,cabinet/C2018-47d7f4182c86096c3d11,18-16,2022.6,"[""bolsonaro-2022-05-11""]",2022-05-11,2022-12-29,233,DEM; PP; PRB; PSD; PSL,1,,,,,C2018-47d7f4182c86096c3d11,5,False,32158281,0.32726348225126567,182,167.88616639489931,14.113833605100698,18.117920260047917,-4.00408665494722,1.0840678771108654,89.113833605100695,0.10791788656029717,-0.023850009449431751,10.791788656029718,-2.385000944943175,False,18.117920260047917,-4.00408665494722,18.117920260047917,-4.00408665494722,,,,,proportion of all valid federal-deputy votes,proportion of coalition quota,proportion of coalition quota,percent of coalition quota,percent of coalition quota
cabinet,not_applicable,2018,cabinet/C2018-3d6dc0b0e630f95b3cc9,18-17,2022.7,"[""bolsonaro-2022-12-30""]",2022-12-30,2022-12-31,2,DEM; NOVO; PRB; PSD; PSL,1,,,,,C2018-3d6dc0b0e630f95b3cc9,5,False,29497782,0.30018852239050664,153,153.99671198632993,-0.99671198632991331,5.9168638991268576,-6.9135758854567708,0.99352770605635798,103.00328801367009,0.038422014488543689,-0.044894308432185746,3.842201448854369,-4.4894308432185746,False,5.9168638991268576,-6.9135758854567708,5.9168638991268576,-6.9135758854567708,,,,,proportion of all valid federal-deputy votes,proportion of coalition quota,proportion of coalition quota,percent of coalition quota,percent of coalition quota
cabinet,not_applicable,2022,cabinet/C2022-259238bde0cf94feb03e,22-01,2023.1,"[""lula_3-2023-01-01""]",2023-01-01,2023-09-12,255,MDB; PCdoB; PDT; PSB; PSD; PSOL; PT; REDE; UNIÃO,1,,,,,C2022-259238bde0cf94feb03e,9,False,53490123,0.48888043147286714,263,250.79566134558084,12.204338654419161,13.196247377886202,-0.99190872346704151,1.0486624792029489,6.2043386544191597,0.052617526583534441,-0.0039550473805854752,5.2617526583534442,-0.39550473805854758,True,13.196247377886202,-0.99190872346704151,13.196247377886202,-0.99190872346704151,,,,,proportion of all valid federal-deputy votes,proportion of coalition quota,proportion of coalition quota,percent of coalition quota,percent of coalition quota
cabinet,not_applicable,2022,cabinet/C2022-d7aa8241899cd03a076c,22-02,2023.2;2023.4;2024.2;2025.2;2025.4,"[""lula_3-2023-09-13"",""lula_3-2023-12-06"",""lula_3-2024-12-06"",""lula_3-2025-10-09"",""lula_3-2025-11-17""]",2023-09-13,2025-12-07,807,MDB; PCdoB; PDT; PP; PSB; PSD; PSOL; PT; REDE; REPUBLICANOS; UNIÃO,5,,,,,C2022-d7aa8241899cd03a076c,11,False,69793935,0.63789139271542228,350,327.23828446301167,22.761715536988358,17.644301254268161,5.1174142827201985,1.0695570066758529,-70.238284463011638,0.053918817241148713,0.015638189434704207,5.3918817241148718,1.5638189434704208,False,17.644301254268161,5.1174142827201985,17.644301254268161,5.1174142827201985,,,,,proportion of all valid federal-deputy votes,proportion of coalition quota,proportion of coalition quota,percent of coalition quota,percent of coalition quota
cabinet,not_applicable,2022,cabinet/C2022-3c430566b3ad1a9e9050,22-03,2023.3;2024.1,"[""lula_3-2023-12-04"",""lula_3-2024-12-03""]",2023-12-04,2024-12-05,5,MDB; PCdoB; PDT; PP; PSB; PSD; PSDB; PSOL; PT; REDE; REPUBLICANOS; UNIÃO,2,,,,,C2022-3c430566b3ad1a9e9050,12,False,73102996,0.66813501674765785,363,342.75326359154849,20.246736408451504,15.664808130329527,4.5819282781219783,1.059070878556474,-85.753263591548489,0.045702870823709892,0.013368007732764175,4.5702870823709887,1.3368007732764176,False,15.664808130329527,4.5819282781219783,15.664808130329527,4.5819282781219783,,,,,proportion of all valid federal-deputy votes,proportion of coalition quota,proportion of coalition quota,percent of coalition quota,percent of coalition quota
cabinet,not_applicable,2022,cabinet/C2022-42b85b2eb82566171721,22-04,2025.1;2025.3;2025.6,"[""lula_3-2025-10-08"",""lula_3-2025-11-13"",""lula_3-2025-12-19""]",2025-10-08,2025-12-22,9,MDB; PCdoB; PDT; PP; PSB; PSD; PSDB; PSOL; PT; REDE; REPUBLICANOS,3,,,,,C2022-42b85b2eb82566171721,11,False,62887563,0.57476964361658156,304,294.85682717530636,9.1431728246936377,6.3081458125378189,2.8350270121558196,1.0310088557632671,-37.856827175306364,0.021393928276883096,0.0096149274863839649,2.1393928276883094,0.96149274863839651,False,6.3081458125378189,2.8350270121558196,6.3081458125378189,2.8350270121558196,,,,,proportion of all valid federal-deputy votes,proportion of coalition quota,proportion of coalition quota,percent of coalition quota,percent of coalition quota
cabinet,not_applicable,2022,cabinet/C2022-3efc1198104236b10e04,22-05,2025.5;2025.7,"[""lula_3-2025-12-08"",""lula_3-2025-12-23""]",2025-12-08,2026-03-19,98,MDB; PCdoB; PDT; PP; PSB; PSD; PSOL; PT; REDE; REPUBLICANOS,2,,,,,C2022-3efc1198104236b10e04,10,False,59578502,0.54452601958434599,291,279.34184804676948,11.658151953230492,8.2876389364764513,3.3705130167540402,1.0417343553597405,-22.34184804676951,0.029668447439672098,0.012065907920068331,2.9668447439672097,1.2065907920068331,False,8.2876389364764513,3.3705130167540402,8.2876389364764513,3.3705130167540402,,,,,proportion of all valid federal-deputy votes,proportion of coalition quota,proportion of coalition quota,percent of coalition quota,percent of coalition quota
k=0,seat_winning,2014,k0/2014/PCdoB|PT|PDT|PSB|PPS|PV|PTB|PT DO B|SOLIDARIEDADE|PMN|PHS|PMDB,2014 PCdoB--PMDB,,,,,,PCdoB; PT; PDT; PSB; PPS; PV; PTB; PT DO B; SOLIDARIEDADE; PMN; PHS; PMDB,1,PCdoB,PMDB,,0,PCdoB|PT|PDT|PSB|PPS|PV|PTB|PT DO B|SOLIDARIEDADE|PMN|PHS|PMDB,12,False,48843439,0.50170264903972306,265,257.37345895737792,7.6265410426220628,2.9498929799435878,4.676648062678475,1.0296321970164182,-0.37345895737793733,0.01146152750906651,0.018170669507351751,1.1461527509066511,1.8170669507351753,False,2.9498929799435878,4.676648062678475,2.9498929799435878,4.676648062678475,2,13,0,True,proportion of all valid federal-deputy votes,proportion of coalition quota,proportion of coalition quota,percent of coalition quota,percent of coalition quota
k=0,seat_winning,2014,k0/2014/PT|PDT|PSB|PPS|PV|PTB|PT DO B|SOLIDARIEDADE|PMN|PHS|PMDB|PSD,2014 PT--PSD,,,,,,PT; PDT; PSB; PPS; PV; PTB; PT DO B; SOLIDARIEDADE; PMN; PHS; PMDB; PSD,1,PT,PSD,,0,PT|PDT|PSB|PPS|PV|PTB|PT DO B|SOLIDARIEDADE|PMN|PHS|PMDB|PSD,12,False,52898377,0.54335354786959122,291,278.74037005710028,12.2596299428997,8.1647101601993768,4.0949197827003232,1.0439822546708548,-21.7403700571003,0.029291451964876224,0.014690802705978591,2.9291451964876223,1.469080270597859,False,8.1647101601993768,4.0949197827003232,8.1647101601993768,4.0949197827003232,3,14,0,True,proportion of all valid federal-deputy votes,proportion of coalition quota,proportion of coalition quota,percent of coalition quota,percent of coalition quota
k=0,seat_winning,2014,k0/2014/PDT|PSB|PPS|PV|PTB|PT DO B|SOLIDARIEDADE|PMN|PHS|PMDB|PSD|PSDB,2014 PDT--PSDB,,,,,,PDT; PSB; PPS; PV; PTB; PT DO B; SOLIDARIEDADE; PMN; PHS; PMDB; PSD; PSDB,1,PDT,PSDB,,0,PDT|PSB|PPS|PV|PTB|PT DO B|SOLIDARIEDADE|PMN|PHS|PMDB|PSD|PSDB,12,False,50432926,0.51802930119282398,276,265.7490315119187,10.250968488081302,9.9610678771098691,0.28990061097143316,1.0385738696008062,-8.7490315119186981,0.037482988443790888,0.0010908811570153598,3.748298844379089,0.10908811570153598,False,9.9610678771098691,0.28990061097143316,9.9610678771098691,0.28990061097143316,4,15,0,True,proportion of all valid federal-deputy votes,proportion of coalition quota,proportion of coalition quota,percent of coalition quota,percent of coalition quota
k=0,seat_winning,2014,k0/2014/PSB|PPS|PV|PTB|PT DO B|SOLIDARIEDADE|PMN|PHS|PMDB|PSD|PSDB|PTN,2014 PSB--PTN,,,,,,PSB; PPS; PV; PTB; PT DO B; SOLIDARIEDADE; PMN; PHS; PMDB; PSD; PSDB; PTN,1,PSB,PTN,,0,PSB|PPS|PV|PTB|PT DO B|SOLIDARIEDADE|PMN|PHS|PMDB|PSD|PSDB|PTN,12,False,47627762,0.48921564190501532,260,250.96762429727286,9.0323757027271458,10.508783851460613,-1.4764081487334679,1.0359902028320125,6.032375702727145,0.041873065822278684,-0.0058828629902662362,4.1873065822278681,-0.58828629902662366,True,10.508783851460613,-1.4764081487334679,10.508783851460613,-1.4764081487334679,5,16,0,True,proportion of all valid federal-deputy votes,proportion of coalition quota,proportion of coalition quota,percent of coalition quota,percent of coalition quota
k=0,seat_winning,2014,k0/2014/PTB|PT DO B|SOLIDARIEDADE|PMN|PHS|PMDB|PSD|PSDB|PTN|PRTB|PROS|PRP|PR,2014 PTB--PR,,,,,,PTB; PT DO B; SOLIDARIEDADE; PMN; PHS; PMDB; PSD; PSDB; PTN; PRTB; PROS; PRP; PR,1,PTB,PR,,0,PTB|PT DO B|SOLIDARIEDADE|PMN|PHS|PMDB|PSD|PSDB|PTN|PRTB|PROS|PRP|PR,13,True,46191382,0.47446165107673482,257,243.39882700236495,13.601172997635034,12.507073279630276,1.0940997180047587,1.0558801912282958,13.601172997635034,0.051385100880164687,0.0044950903481310858,5.1385100880164689,0.44950903481310861,True,12.507073279630276,1.0940997180047587,12.507073279630276,1.0940997180047587,8,20,0,True,proportion of all valid federal-deputy votes,proportion of coalition quota,proportion of coalition quota,percent of coalition quota,percent of coalition quota
k=0,seat_winning,2014,k0/2014/PT DO B|SOLIDARIEDADE|PMN|PHS|PMDB|PSD|PSDB|PTN|PRTB|PROS|PRP|PR|PRB|PTC|PSDC,2014 PT DO B--PSDC,,,,,,PT DO B; SOLIDARIEDADE; PMN; PHS; PMDB; PSD; PSDB; PTN; PRTB; PROS; PRP; PR; PRB; PTC; PSDC,1,PT DO B,PSDC,,0,PT DO B|SOLIDARIEDADE|PMN|PHS|PMDB|PSD|PSDB|PTN|PRTB|PROS|PRP|PR|PRB|PTC|PSDC,15,False,47550066,0.48841757588391083,257,250.55821642844626,6.4417835715537537,7.1531180778307863,-0.71133450627703276,1.0257097279162402,6.4417835715537537,0.028548726837994375,-0.0028389989217542733,2.8548726837994374,-0.28389989217542733,True,7.1531180778307863,-0.71133450627703276,7.1531180778307863,-0.71133450627703276,9,23,0,True,proportion of all valid federal-deputy votes,proportion of coalition quota,proportion of coalition quota,percent of coalition quota,percent of coalition quota
k=0,seat_winning,2014,k0/2014/SOLIDARIEDADE|PMN|PHS|PMDB|PSD|PSDB|PTN|PRTB|PROS|PRP|PR|PRB|PTC|PSDC|PSL,2014 SOLIDARIEDADE--PSL,,,,,,SOLIDARIEDADE; PMN; PHS; PMDB; PSD; PSDB; PTN; PRTB; PROS; PRP; PR; PRB; PTC; PSDC; PSL,1,SOLIDARIEDADE,PSL,,0,SOLIDARIEDADE|PMN|PHS|PMDB|PSD|PSDB|PTN|PRTB|PROS|PRP|PR|PRB|PTC|PSDC|PSL,15,False,47546279,0.48837867715010314,257,250.53826137800289,6.4617386219971014,7.4727456511394923,-1.0110070291423905,1.0257914243774842,6.4617386219971014,0.029826764223708287,-0.0040353398462242077,2.9826764223708286,-0.40353398462242079,True,7.4727456511394923,-1.0110070291423905,7.4727456511394923,-1.0110070291423905,10,24,0,True,proportion of all valid federal-deputy votes,proportion of coalition quota,proportion of coalition quota,percent of coalition quota,percent of coalition quota
k=0,seat_winning,2014,k0/2014/PMDB|PSD|PSDB|PTN|PRTB|PROS|PRP|PR|PRB|PTC|PSDC|PSL|PP,2014 PMDB--PP,,,,,,PMDB; PSD; PSDB; PTN; PRTB; PROS; PRP; PR; PRB; PTC; PSDC; PSL; PP,1,PMDB,PP,,0,PMDB|PSD|PSDB|PTN|PRTB|PROS|PRP|PR|PRB|PTC|PSDC|PSL|PP,13,False,49874828,0.51229671457000714,272,262.80821457441363,9.1917854255863531,9.3433019098938406,-0.15151648430748826,1.0349752592036414,-5.8082145744136477,0.035551787926508295,-0.00057652872286679093,3.5551787926508296,-0.057652872286679098,False,9.3433019098938406,-0.15151648430748826,9.3433019098938406,-0.15151648430748826,13,25,0,True,proportion of all valid federal-deputy votes,proportion of coalition quota,proportion of coalition quota,percent of coalition quota,percent of coalition quota
k=1,seat_winning,2014,k1/2014/PSOL|PT|PDT|PSB|PPS|PV|PTB|PT DO B|SOLIDARIEDADE|PMN|PHS|PMDB,"2014 PSOL--PMDB, omitting PCdoB",,,,,,PSOL; PT; PDT; PSB; PPS; PV; PTB; PT DO B; SOLIDARIEDADE; PMN; PHS; PMDB,1,PSOL,PMDB,PCdoB,1,PSOL|PT|PDT|PSB|PPS|PV|PTB|PT DO B|SOLIDARIEDADE|PMN|PHS|PMDB,12,False,48675894,0.49998168565028278,260,256.49060473859504,3.5093952614049351,-0.36611784277638904,3.8755131041813242,1.0136823540378079,0.50939526140493518,-0.0014274122950800542,0.015109766332888066,-0.14274122950800544,1.5109766332888066,True,-0.36611784277638904,3.8755131041813242,-0.36611784277638904,3.8755131041813242,1,13,1,True,proportion of all valid federal-deputy votes,proportion of coalition quota,proportion of coalition quota,percent of coalition quota,percent of coalition quota
k=1,seat_winning,2014,k1/2014/PSOL|PCdoB|PT|PDT|PSB|PV|PTB|PT DO B|SOLIDARIEDADE|PMN|PHS|PMDB,"2014 PSOL--PMDB, omitting PPS",,,,,,PSOL; PCdoB; PT; PDT; PSB; PV; PTB; PT DO B; SOLIDARIEDADE; PMN; PHS; PMDB,1,PSOL,PMDB,PPS,1,PSOL|PCdoB|PT|PDT|PSB|PV|PTB|PT DO B|SOLIDARIEDADE|PMN|PHS|PMDB,12,False,48633220,0.4995433533116217,260,256.2657402488619,3.7342597511380831,-1.426720875770213,5.1609806269082963,1.0145718259003786,0.73425975113808328,-0.0055673492460783557,0.020139175146457043,-0.55673492460783558,2.0139175146457045,True,-1.426720875770213,5.1609806269082963,-1.426720875770213,5.1609806269082963,1,13,1,True,proportion of all valid federal-deputy votes,proportion of coalition quota,proportion of coalition quota,percent of coalition quota,percent of coalition quota
k=1,seat_winning,2014,k1/2014/PCdoB|PT|PDT|PSB|PPS|PV|PTB|PT DO B|SOLIDARIEDADE|PMN|PMDB,"2014 PCdoB--PMDB, omitting PHS",,,,,,PCdoB; PT; PDT; PSB; PPS; PV; PTB; PT DO B; SOLIDARIEDADE; PMN; PMDB,1,PCdoB,PMDB,PHS,1,PCdoB|PT|PDT|PSB|PPS|PV|PTB|PT DO B|SOLIDARIEDADE|PMN|PMDB,11,False,47900371,0.49201578579848831,260,252.4040981146245,7.5959018853755076,3.0419685482828993,4.5539333370926087,1.0300942098092478,4.5959018853755076,0.012051977646184838,0.018042232163063086,1.2051977646184839,1.8042232163063086,True,3.0419685482828993,4.5539333370926087,3.0419685482828993,4.5539333370926087,2,13,1,True,proportion of all valid federal-deputy votes,proportion of coalition quota,proportion of coalition quota,percent of coalition quota,percent of coalition quota
k=1,seat_winning,2014,k1/2014/PCdoB|PT|PDT|PSB|PPS|PV|PTB|PT DO B|SOLIDARIEDADE|PHS|PMDB,"2014 PCdoB--PMDB, omitting PMN",,,,,,PCdoB; PT; PDT; PSB; PPS; PV; PTB; PT DO B; SOLIDARIEDADE; PHS; PMDB,1,PCdoB,PMDB,PMN,1,PCdoB|PT|PDT|PSB|PPS|PV|PTB|PT DO B|SOLIDARIEDADE|PHS|PMDB,11,False,48374966,0.49689065893592249,262,254.90490803412825,7.0950919658717488,2.7765789290000007,4.3185130368717477,1.0278342697305844,2.0950919658717484,0.010892606778007803,0.016941662952576646,1.0892606778007803,1.6941662952576646,True,2.7765789290000007,4.3185130368717477,2.7765789290000007,4.3185130368717477,2,13,1,True,proportion of all valid federal-deputy votes,proportion of coalition quota,proportion of coalition quota,percent of coalition quota,percent of coalition quota
k=1,seat_winning,2014,k1/2014/PCdoB|PT|PDT|PSB|PPS|PV|PTB|SOLIDARIEDADE|PMN|PHS|PMDB,"2014 PCdoB--PMDB, omitting PT DO B",,,,,,PCdoB; PT; PDT; PSB; PPS; PV; PTB; SOLIDARIEDADE; PMN; PHS; PMDB,1,PCdoB,PMDB,PT DO B,1,PCdoB|PT|PDT|PSB|PPS|PV|PTB|SOLIDARIEDADE|PMN|PHS|PMDB,11,False,48030942,0.49335696524712963,264,253.09212317177747,10.907876828222513,6.5648582041898322,4.3430186240326814,1.043098444517055,3.9078768282225136,0.025938611292672126,0.017159833224382918,2.5938611292672129,1.7159833224382917,True,6.5648582041898322,4.3430186240326814,6.5648582041898322,4.3430186240326814,2,13,1,True,proportion of all valid federal-deputy votes,proportion of coalition quota,proportion of coalition quota,percent of coalition quota,percent of coalition quota
k=1,seat_winning,2014,k1/2014/PCdoB|PT|PDT|PSB|PPS|PTB|PT DO B|SOLIDARIEDADE|PMN|PHS|PMDB,"2014 PCdoB--PMDB, omitting PV",,,,,,PCdoB; PT; PDT; PSB; PPS; PTB; PT DO B; SOLIDARIEDADE; PMN; PHS; PMDB,1,PCdoB,PMDB,PV,1,PCdoB|PT|PDT|PSB|PPS|PTB|PT DO B|SOLIDARIEDADE|PMN|PHS|PMDB,11,False,46838975,0.48111349890423077,257,246.81122493787038,10.188775062129608,4.3534130982750483,5.8353619638545604,1.0412816518563708,10.188775062129608,0.017638634950136199,0.02364301690623468,1.7638634950136201,2.364301690623468,True,4.3534130982750483,5.8353619638545604,4.3534130982750483,5.8353619638545604,2,13,1,True,proportion of all valid federal-deputy votes,proportion of coalition quota,proportion of coalition quota,percent of coalition quota,percent of coalition quota
k=1,seat_winning,2014,k1/2014/PT|PSB|PPS|PV|PTB|PT DO B|SOLIDARIEDADE|PMN|PHS|PMDB|PSD,"2014 PT--PSD, omitting PDT",,,,,,PT; PSB; PPS; PV; PTB; PT DO B; SOLIDARIEDADE; PMN; PHS; PMDB; PSD,1,PT,PSD,PDT,1,PT|PSB|PPS|PV|PTB|PT DO B|SOLIDARIEDADE|PMN|PHS|PMDB|PSD,11,False,49370031,0.50711161709709363,271,260.14825957080905,10.851740429190983,8.3203480505898941,2.5313923786010872,1.0417136768360247,-3.1482595708090177,0.031983100960647416,0.0097305758753772273,3.1983100960647417,0.97305758753772276,False,8.3203480505898941,2.5313923786010872,8.3203480505898941,2.5313923786010872,3,14,1,True,proportion of all valid federal-deputy votes,proportion of coalition quota,proportion of coalition quota,percent of coalition quota,percent of coalition quota
k=1,seat_winning,2014,k1/2014/PT|PDT|PSB|PPS|PV|PTB|PT DO B|SOLIDARIEDADE|PMN|PMDB|PSD,"2014 PT--PSD, omitting PHS",,,,,,PT; PDT; PSB; PPS; PV; PTB; PT DO B; SOLIDARIEDADE; PMN; PMDB; PSD,1,PT,PSD,PHS,1,PT|PDT|PSB|PPS|PV|PTB|PT DO B|SOLIDARIEDADE|PMN|PMDB|PSD,11,False,51955309,0.53366668462835642,286,273.77100921434686,12.228990785653144,8.2567857285386879,3.9722050571144565,1.0446686843166748,-16.771009214346854,0.030159459733276953,0.014509224583397907,3.0159459733276952,1.4509224583397908,False,8.2567857285386879,3.9722050571144565,8.2567857285386879,3.9722050571144565,3,14,1,True,proportion of all valid federal-deputy votes,proportion of coalition quota,proportion of coalition quota,percent of coalition quota,percent of coalition quota
k=1,seat_winning,2014,k1/2014/PT|PDT|PSB|PPS|PV|PTB|PT DO B|SOLIDARIEDADE|PHS|PMDB|PSD,"2014 PT--PSD, omitting PMN",,,,,,PT; PDT; PSB; PPS; PV; PTB; PT DO B; SOLIDARIEDADE; PHS; PMDB; PSD,1,PT,PSD,PMN,1,PT|PDT|PSB|PPS|PV|PTB|PT DO B|SOLIDARIEDADE|PHS|PMDB|PSD,11,False,52429904,0.53854155776579071,288,276.27181913385061,11.728180866149385,7.9913961092557892,3.7367847568935955,1.0424516003945636,-19.271819133850617,0.028925846053752039,0.013525754340811593,2.892584605375204,1.3525754340811593,False,7.9913961092557892,3.7367847568935955,7.9913961092557892,3.7367847568935955,3,14,1,True,proportion of all valid federal-deputy votes,proportion of coalition quota,proportion of coalition quota,percent of coalition quota,percent of coalition quota
k=1,seat_winning,2014,k1/2014/PT|PDT|PSB|PV|PTB|PT DO B|SOLIDARIEDADE|PMN|PHS|PMDB|PSD,"2014 PT--PSD, omitting PPS",,,,,,PT; PDT; PSB; PV; PTB; PT DO B; SOLIDARIEDADE; PMN; PHS; PMDB; PSD,1,PT,PSD,PPS,1,PT|PDT|PSB|PV|PTB|PT DO B|SOLIDARIEDADE|PMN|PHS|PMDB|PSD,11,False,50942688,0.52326539740177003,281,268.43514886710801,12.564851132891983,7.6729829974603154,4.8918681354316664,1.0468077715825224,-11.435148867108017,0.028584121825487602,0.018223649757034777,2.8584121825487601,1.8223649757034774,False,7.6729829974603154,4.8918681354316664,7.6729829974603154,4.8918681354316664,3,14,1,True,proportion of all valid federal-deputy votes,proportion of coalition quota,proportion of coalition quota,percent of coalition quota,percent of coalition quota
k=1,seat_winning,2014,k1/2014/PT|PDT|PPS|PV|PTB|PT DO B|SOLIDARIEDADE|PMN|PHS|PMDB|PSD,"2014 PT--PSD, omitting PSB",,,,,,PT; PDT; PPS; PV; PTB; PT DO B; SOLIDARIEDADE; PMN; PHS; PMDB; PSD,1,PT,PSD,PSB,1,PT|PDT|PPS|PV|PTB|PT DO B|SOLIDARIEDADE|PMN|PHS|PMDB|PSD,11,False,46630499,0.4789721066598967,257,245.71269071652699,11.287309283472997,7.5153460394230542,3.7719632440499433,1.0459370220176982,11.287309283472997,0.030585909166951957,0.015351112850746359,3.0585909166951954,1.5351112850746358,True,7.5153460394230542,3.7719632440499433,7.5153460394230542,3.7719632440499433,3,14,1,True,proportion of all valid federal-deputy votes,proportion of coalition quota,proportion of coalition quota,percent of coalition quota,percent of coalition quota
k=1,seat_winning,2014,k1/2014/PT|PDT|PSB|PPS|PV|PTB|SOLIDARIEDADE|PMN|PHS|PMDB|PSD,"2014 PT--PSD, omitting PT DO B",,,,,,PT; PDT; PSB; PPS; PV; PTB; SOLIDARIEDADE; PMN; PHS; PMDB; PSD,1,PT,PSD,PT DO B,1,PT|PDT|PSB|PPS|PV|PTB|SOLIDARIEDADE|PMN|PHS|PMDB|PSD,11,False,52085880,0.53500786407699774,290,274.45903427149983,15.540965728500151,11.779675384445621,3.7612903440545287,1.0566239904244754,-17.459034271499849,0.042919612450406541,0.013704377974068772,4.2919612450406541,1.3704377974068771,False,11.779675384445621,3.7612903440545287,11.779675384445621,3.7612903440545287,3,14,1,True,proportion of all valid federal-deputy votes,proportion of coalition quota,proportion of coalition quota,percent of coalition quota,percent of coalition quota
k=1,seat_winning,2014,k1/2014/PT|PDT|PSB|PPS|PV|PT DO B|SOLIDARIEDADE|PMN|PHS|PMDB|PSD,"2014 PT--PSD, omitting PTB",,,,,,PT; PDT; PSB; PPS; PV; PT DO B; SOLIDARIEDADE; PMN; PHS; PMDB; PSD,1,PT,PSD,PTB,1,PT|PDT|PSB|PPS|PV|PT DO B|SOLIDARIEDADE|PMN|PHS|PMDB|PSD,11,False,48984184,0.50314833224272393,266,258.11509444051734,7.8849055594826352,4.0802376246485448,3.8046679348340904,1.0305480219069472,-1.1150944405173648,0.015807822605232551,0.014740199301714515,1.5807822605232549,1.4740199301714516,False,4.0802376246485448,3.8046679348340904,4.0802376246485448,3.8046679348340904,3,14,1,True,proportion of all valid federal-deputy votes,proportion of coalition quota,proportion of coalition quota,percent of coalition quota,percent of coalition quota
k=1,seat_winning,2014,k1/2014/PT|PDT|PSB|PPS|PTB|PT DO B|SOLIDARIEDADE|PMN|PHS|PMDB|PSD,"2014 PT--PSD, omitting PV",,,,,,PT; PDT; PSB; PPS; PTB; PT DO B; SOLIDARIEDADE; PMN; PHS; PMDB; PSD,1,PT,PSD,PV,1,PT|PDT|PSB|PPS|PTB|PT DO B|SOLIDARIEDADE|PMN|PHS|PMDB|PSD,11,False,50893913,0.52276439773409888,283,268.17813603759276,14.821863962407244,9.5682302785308373,5.2536336838764077,1.0552687261586811,-11.178136037592756,0.035678636670028831,0.019590089488652283,3.5678636670028827,1.9590089488652285,False,9.5682302785308373,5.2536336838764077,9.5682302785308373,5.2536336838764077,3,14,1,True,proportion of all valid federal-deputy votes,proportion of coalition quota,proportion of coalition quota,percent of coalition quota,percent of coalition quota
k=1,seat_winning,2014,k1/2014/PT|PDT|PSB|PPS|PV|PTB|PT DO B|PMN|PHS|PMDB|PSD,"2014 PT--PSD, omitting SOLIDARIEDADE",,,,,,PT; PDT; PSB; PPS; PV; PTB; PT DO B; PMN; PHS; PMDB; PSD,1,PT,PSD,SOLIDARIEDADE,1,PT|PDT|PSB|PPS|PV|PTB|PT DO B|PMN|PHS|PMDB|PSD,11,False,50208676,0.51572588396114305,276,264.56737847206637,11.432621527933636,7.4719043683659319,3.9607171595677033,1.0432125139310806,-7.5673784720663644,0.028241971521650894,0.014970542409429684,2.8241971521650893,1.4970542409429684,False,7.4719043683659319,3.9607171595677033,7.4719043683659319,3.9607171595677033,3,14,1,True,proportion of all valid federal-deputy votes,proportion of coalition quota,proportion of coalition quota,percent of coalition quota,percent of coalition quota
k=1,seat_winning,2014,k1/2014/PT|PDT|PSB|PPS|PV|PTB|PT DO B|SOLIDARIEDADE|PMN|PHS|PSD|PSDB,"2014 PT--PSDB, omitting PMDB",,,,,,PT; PDT; PSB; PPS; PV; PTB; PT DO B; SOLIDARIEDADE; PMN; PHS; PSD; PSDB,1,PT,PSDB,PMDB,1,PT|PDT|PSB|PPS|PV|PTB|PT DO B|SOLIDARIEDADE|PMN|PHS|PSD|PSDB,12,False,53195143,0.54640182398186343,280,280.30413570269593,-0.30413570269591955,4.8369614342765841,-5.1410971369725038,0.99891497960979603,-23.30413570269592,0.017256118687477728,-0.018341139077681676,1.7256118687477728,-1.8341139077681676,False,4.8369614342765841,-5.1410971369725038,4.8369614342765841,-5.1410971369725038,3,15,1,True,proportion of all valid federal-deputy votes,proportion of coalition quota,proportion of coalition quota,percent of coalition quota,percent of coalition quota
k=1,seat_winning,2014,k1/2014/PT|PDT|PSB|PPS|PV|PTB|PT DO B|SOLIDARIEDADE|PMN|PHS|PMDB|PSDB,"2014 PT--PSDB, omitting PSD",,,,,,PT; PDT; PSB; PPS; PV; PTB; PT DO B; SOLIDARIEDADE; PMN; PHS; PMDB; PSDB,1,PT,PSDB,PSD,1,PT|PDT|PSB|PPS|PV|PTB|PT DO B|SOLIDARIEDADE|PMN|PHS|PMDB|PSDB,12,False,58019139,0.59595221645437191,309,305.72348704109277,3.2765129589072215,4.099715340523522,-0.82320238161630066,1.0107172431880147,-48.723487041092781,0.013409880216276851,-0.0026926370282622505,1.340988021627685,-0.26926370282622503,False,4.099715340523522,-0.82320238161630066,4.099715340523522,-0.82320238161630066,3,15,1,True,proportion of all valid federal-deputy votes,proportion of coalition quota,proportion of coalition quota,percent of coalition quota,percent of coalition quota
k=1,seat_winning,2014,k1/2014/PDT|PSB|PPS|PV|PTB|PT DO B|SOLIDARIEDADE|PMN|PMDB|PSD|PSDB,"2014 PDT--PSDB, omitting PHS",,,,,,PDT; PSB; PPS; PV; PTB; PT DO B; SOLIDARIEDADE; PMN; PMDB; PSD; PSDB,1,PDT,PSDB,PHS,1,PDT|PSB|PPS|PV|PTB|PT DO B|SOLIDARIEDADE|PMN|PMDB|PSD|PSDB,11,False,49489858,0.50834243795158918,271,260.77967066916523,10.220329330834748,10.05314344544918,0.16718588538556695,1.0391914343039441,-3.779670669165252,0.038550334156234788,0.00064110014770923289,3.8550334156234789,0.06411001477092329,False,10.05314344544918,0.16718588538556695,10.05314344544918,0.16718588538556695,4,15,1,True,proportion of all valid federal-deputy votes,proportion of coalition quota,proportion of coalition quota,percent of coalition quota,percent of coalition quota
k=1,seat_winning,2014,k1/2014/PDT|PSB|PPS|PV|PTB|PT DO B|SOLIDARIEDADE|PHS|PMDB|PSD|PSDB,"2014 PDT--PSDB, omitting PMN",,,,,,PDT; PSB; PPS; PV; PTB; PT DO B; SOLIDARIEDADE; PHS; PMDB; PSD; PSDB,1,PDT,PSDB,PMN,1,PDT|PSB|PPS|PV|PTB|PT DO B|SOLIDARIEDADE|PHS|PMDB|PSD|PSDB,11,False,49964453,0.51321731108902346,273,263.28048058866904,9.7195194113309888,9.7877538261662824,-0.068234414835294133,1.0369169768666446,-6.2804805886690112,0.037176146914810533,-0.00025917004816585246,3.7176146914810535,-0.025917004816585248,False,9.7877538261662824,-0.068234414835294133,9.7877538261662824,-0.068234414835294133,4,15,1,True,proportion of all valid federal-deputy votes,proportion of coalition quota,proportion of coalition quota,percent of coalition quota,percent of coalition quota
k=1,seat_winning,2014,k1/2014/PDT|PSB|PV|PTB|PT DO B|SOLIDARIEDADE|PMN|PHS|PMDB|PSD|PSDB,"2014 PDT--PSDB, omitting PPS",,,,,,PDT; PSB; PV; PTB; PT DO B; SOLIDARIEDADE; PMN; PHS; PMDB; PSD; PSDB,1,PDT,PSDB,PPS,1,PDT|PSB|PV|PTB|PT DO B|SOLIDARIEDADE|PMN|PHS|PMDB|PSD|PSDB,11,False,48477237,0.49794115072500278,266,255.44381032192641,10.556189678073586,9.4693407143708086,1.0868489637027772,1.0413248990639861,1.556189678073586,0.037070151366897279,0.004254747697088692,3.7070151366897277,0.42547476970886922,True,9.4693407143708086,1.0868489637027772,9.4693407143708086,1.0868489637027772,4,15,1,True,proportion of all valid federal-deputy votes,proportion of coalition quota,proportion of coalition quota,percent of coalition quota,percent of coalition quota
k=1,seat_winning,2014,k1/2014/PDT|PSB|PPS|PV|PTB|SOLIDARIEDADE|PMN|PHS|PMDB|PSD|PSDB,"2014 PDT--PSDB, omitting PT DO B",,,,,,PDT; PSB; PPS; PV; PTB; SOLIDARIEDADE; PMN; PHS; PMDB; PSD; PSDB,1,PDT,PSDB,PT DO B,1,PDT|PSB|PPS|PV|PTB|SOLIDARIEDADE|PMN|PHS|PMDB|PSD|PSDB,11,False,49620429,0.50968361740023049,275,261.46769572631825,13.532304273681753,13.576033101356115,-0.043728827674360864,1.0517551670621912,-4.4676957263182464,0.051922410772940499,-0.0001672437107493861,5.1922410772940495,-0.016724371074938609,False,13.576033101356115,-0.043728827674360864,13.576033101356115,-0.043728827674360864,4,15,1,True,proportion of all valid federal-deputy votes,proportion of coalition quota,proportion of coalition quota,percent of coalition quota,percent of coalition quota
k=1,seat_winning,2014,k1/2014/PDT|PSB|PPS|PTB|PT DO B|SOLIDARIEDADE|PMN|PHS|PMDB|PSD|PSDB,"2014 PDT--PSDB, omitting PV",,,,,,PDT; PSB; PPS; PTB; PT DO B; SOLIDARIEDADE; PMN; PHS; PMDB; PSD; PSDB,1,PDT,PSDB,PV,1,PDT|PSB|PPS|PTB|PT DO B|SOLIDARIEDADE|PMN|PHS|PMDB|PSD|PSDB,11,False,48428462,0.49744015105733169,268,255.18679749241116,12.813202507588848,11.36458799544133,1.4486145121475185,1.0502110713935735,1.8132025075888483,0.044534388562085754,0.0056766828314877768,4.4534388562085754,0.56766828314877771,True,11.36458799544133,1.4486145121475185,11.36458799544133,1.4486145121475185,4,15,1,True,proportion of all valid federal-deputy votes,proportion of coalition quota,proportion of coalition quota,percent of coalition quota,percent of coalition quota
k=1,seat_winning,2014,k1/2014/PDT|PSB|PPS|PV|PTB|PT DO B|PMN|PHS|PMDB|PSD|PSDB,"2014 PDT--PSDB, omitting SOLIDARIEDADE",,,,,,PDT; PSB; PPS; PV; PTB; PT DO B; PMN; PHS; PMDB; PSD; PSDB,1,PDT,PSDB,SOLIDARIEDADE,1,PDT|PSB|PPS|PV|PTB|PT DO B|PMN|PHS|PMDB|PSD|PSDB,11,False,47743225,0.49040163728437575,261,251.57603992688476,9.4239600731152393,9.2682620852764259,0.15569798783881389,1.0374596884339784,5.4239600731152393,0.036840798066342287,0.0006188903676362193,3.6840798066342284,0.061889036763621924,True,9.2682620852764259,0.15569798783881389,9.2682620852764259,0.15569798783881389,4,15,1,True,proportion of all valid federal-deputy votes,proportion of coalition quota,proportion of coalition quota,percent of coalition quota,percent of coalition quota
k=1,seat_winning,2014,k1/2014/PDT|PPS|PV|PTB|PT DO B|SOLIDARIEDADE|PMN|PHS|PMDB|PSD|PSDB|PTN|PRTB|PROS,"2014 PDT--PROS, omitting PSB",,,,,,PDT; PPS; PV; PTB; PT DO B; SOLIDARIEDADE; PMN; PHS; PMDB; PSD; PSDB; PTN; PRTB; PROS,1,PDT,PROS,PSB,1,PDT|PPS|PV|PTB|PT DO B|SOLIDARIEDADE|PMN|PHS|PMDB|PSD|PSDB|PTN|PRTB|PROS,14,False,47319537,0.48604966296974278,258,249.34347710347805,8.6565228965219525,7.6097462829015461,1.046776613620406,1.0347172622964966,7.6565228965219516,0.030519131165173758,0.0041981311313228839,3.0519131165173756,0.41981311313228842,True,7.6097462829015461,1.046776613620406,7.6097462829015461,1.046776613620406,4,18,1,True,proportion of all valid federal-deputy votes,proportion of coalition quota,proportion of coalition quota,percent of coalition quota,percent of coalition quota
k=1,seat_winning,2014,k1/2014/PDT|PSB|PPS|PV|PT DO B|SOLIDARIEDADE|PMN|PHS|PMDB|PSD|PSDB|PTN|PRTB|PROS,"2014 PDT--PROS, omitting PTB",,,,,,PDT; PSB; PPS; PV; PT DO B; SOLIDARIEDADE; PMN; PHS; PMDB; PSD; PSDB; PTN; PRTB; PROS,1,PDT,PROS,PTB,1,PDT|PSB|PPS|PV|PT DO B|SOLIDARIEDADE|PMN|PHS|PMDB|PSD|PSDB|PTN|PRTB|PROS,14,False,49673222,0.51022588855257001,267,261.7458808274684,5.2541191725315901,4.1746378681270366,1.079481304404553,1.0200733595345284,-4.7458808274684099,0.015949201778952839,0.0041241577555755334,1.5949201778952837,0.41241577555755332,False,4.1746378681270366,1.079481304404553,4.1746378681270366,1.079481304404553,4,18,1,True,proportion of all valid federal-deputy votes,proportion of coalition quota,proportion of coalition quota,percent of coalition quota,percent of coalition quota
k=1,seat_winning,2014,k1/2014/PDT|PSB|PPS|PV|PTB|PT DO B|SOLIDARIEDADE|PMN|PHS|PMDB|PSDB|PTN|PRTB|PROS|PRP,"2014 PDT--PRP, omitting PSD",,,,,,PDT; PSB; PPS; PV; PTB; PT DO B; SOLIDARIEDADE; PMN; PHS; PMDB; PSDB; PTN; PRTB; PROS; PRP,1,PDT,PRP,PSD,1,PDT|PSB|PPS|PV|PTB|PT DO B|SOLIDARIEDADE|PMN|PHS|PMDB|PSDB|PTN|PRTB|PROS|PRP,15,False,48344287,0.49657553502399054,259,254.74324946730715,4.2567505326928403,2.4002270542440556,1.8565234784487843,1.0167099640190431,2.2567505326928399,0.0094221419380618055,0.0072878220809813599,0.94221419380618066,0.72878220809813599,True,2.4002270542440556,1.8565234784487843,2.4002270542440556,1.8565234784487843,4,19,1,True,proportion of all valid federal-deputy votes,proportion of coalition quota,proportion of coalition quota,percent of coalition quota,percent of coalition quota
k=1,seat_winning,2014,k1/2014/PDT|PSB|PPS|PV|PTB|PT DO B|SOLIDARIEDADE|PMN|PHS|PSD|PSDB|PTN|PRTB|PROS|PRP|PR,"2014 PDT--PR, omitting PMDB",,,,,,PDT; PSB; PPS; PV; PTB; PT DO B; SOLIDARIEDADE; PMN; PHS; PSD; PSDB; PTN; PRTB; PROS; PRP; PR,1,PDT,PR,PMDB,1,PDT|PSB|PPS|PV|PTB|PT DO B|SOLIDARIEDADE|PMN|PHS|PSD|PSDB|PTN|PRTB|PROS|PRP|PR,16,False,49155810,0.50491121423070373,264,259.01945290035104,4.9805470996489829,8.1803113381757164,-3.1997642385267344,1.0192284673752481,-2.0194529003510171,0.031581841620686363,-0.012353374245438375,3.1581841620686366,-1.2353374245438373,False,8.1803113381757164,-3.1997642385267344,8.1803113381757164,-3.1997642385267344,4,20,1,True,proportion of all valid federal-deputy votes,proportion of coalition quota,proportion of coalition quota,percent of coalition quota,percent of coalition quota
k=1,seat_winning,2014,k1/2014/PDT|PSB|PPS|PV|PTB|PT DO B|SOLIDARIEDADE|PMN|PHS|PMDB|PSD|PTN|PRTB|PROS|PRP|PR,"2014 PDT--PR, omitting PSDB",,,,,,PDT; PSB; PPS; PV; PTB; PT DO B; SOLIDARIEDADE; PMN; PHS; PMDB; PSD; PTN; PRTB; PROS; PRP; PR,1,PDT,PR,PSDB,1,PDT|PSB|PPS|PV|PTB|PT DO B|SOLIDARIEDADE|PMN|PHS|PMDB|PSD|PTN|PRTB|PROS|PRP|PR,16,False,48859044,0.50186293811843152,275,257.45568725475539,17.5443127452446,11.50806006409851,6.0362526811460926,1.0681449803355259,-0.45568725475539845,0.0446991876031511,0.023445792732374755,4.4699187603151103,2.3445792732374757,False,11.50806006409851,6.0362526811460926,11.50806006409851,6.0362526811460926,4,20,1,True,proportion of all valid federal-deputy votes,proportion of coalition quota,proportion of coalition quota,percent of coalition quota,percent of coalition quota
k=1,seat_winning,2014,k1/2014/PSB|PPS|PV|PTB|PT DO B|SOLIDARIEDADE|PHS|PMDB|PSD|PSDB|PTN,"2014 PSB--PTN, omitting PMN",,,,,,PSB; PPS; PV; PTB; PT DO B; SOLIDARIEDADE; PHS; PMDB; PSD; PSDB; PTN,1,PSB,PTN,PMN,1,PSB|PPS|PV|PTB|PT DO B|SOLIDARIEDADE|PHS|PMDB|PSD|PSDB|PTN,11,False,47159289,0.48440365180121475,257,248.49907337402317,8.500926625976831,10.335469800517027,-1.8345431745401952,1.034209087826987,8.500926625976831,0.041591582858583991,-0.0073824950315970438,4.1591582858583989,-0.73824950315970439,True,10.335469800517027,-1.8345431745401952,10.335469800517027,-1.8345431745401952,5,16,1,True,proportion of all valid federal-deputy votes,proportion of coalition quota,proportion of coalition quota,percent of coalition quota,percent of coalition quota
k=1,seat_winning,2014,k1/2014/PSB|PPS|PV|PTB|SOLIDARIEDADE|PMN|PHS|PMDB|PSD|PSDB|PTN,"2014 PSB--PTN, omitting PT DO B",,,,,,PSB; PPS; PV; PTB; SOLIDARIEDADE; PMN; PHS; PMDB; PSD; PSDB; PTN,1,PSB,PTN,PT DO B,1,PSB|PPS|PV|PTB|SOLIDARIEDADE|PMN|PHS|PMDB|PSD|PSDB|PTN,11,False,46815265,0.48086995811242184,259,246.68628851167242,12.313711488327597,14.123749075706858,-1.810037587379262,1.0499164812224453,10.313711488327597,0.057253887765385744,-0.0073374065429405366,5.7253887765385745,-0.73374065429405366,True,14.123749075706858,-1.810037587379262,14.123749075706858,-1.810037587379262,5,16,1,True,proportion of all valid federal-deputy votes,proportion of coalition quota,proportion of coalition quota,percent of coalition quota,percent of coalition quota
k=1,seat_winning,2014,k1/2014/PSB|PPS|PV|PTB|PT DO B|SOLIDARIEDADE|PMN|PHS|PMDB|PSD|PSDB|PRTB,"2014 PSB--PRTB, omitting PTN",,,,,,PSB; PPS; PV; PTB; PT DO B; SOLIDARIEDADE; PMN; PHS; PMDB; PSD; PSDB; PRTB,1,PSB,PRTB,PTN,1,PSB|PPS|PV|PTB|PT DO B|SOLIDARIEDADE|PMN|PHS|PMDB|PSD|PSDB|PRTB,12,False,47358770,0.48645265056506293,257,249.55020973987729,7.4497902601227253,8.2043677120107219,-0.7545774518879973,1.0298528711632347,7.4497902601227253,0.032876621184020155,-0.0030237500207855698,3.2876621184020158,-0.302375002078557,True,8.2043677120107219,-0.7545774518879973,8.2043677120107219,-0.7545774518879973,5,17,1,True,proportion of all valid federal-deputy votes,proportion of coalition quota,proportion of coalition quota,percent of coalition quota,percent of coalition quota
k=1,seat_winning,2014,k1/2014/PSB|PPS|PV|PTB|PT DO B|SOLIDARIEDADE|PMN|PMDB|PSD|PSDB|PTN|PRTB|PROS,"2014 PSB--PROS, omitting PHS",,,,,,PSB; PPS; PV; PTB; PT DO B; SOLIDARIEDADE; PMN; PMDB; PSD; PSDB; PTN; PRTB; PROS,1,PSB,PROS,PHS,1,PSB|PPS|PV|PTB|PT DO B|SOLIDARIEDADE|PMN|PMDB|PSD|PSDB|PTN|PRTB|PROS,13,False,49116001,0.5045023101657049,267,258.80968511500663,8.1903148849933824,8.5068238624076979,-0.31650897741431627,1.0316460911474541,-1.809685115006618,0.032869032156302581,-0.0012229410088485289,3.2869032156302582,-0.12229410088485289,False,8.5068238624076979,-0.31650897741431627,8.5068238624076979,-0.31650897741431627,5,18,1,True,proportion of all valid federal-deputy votes,proportion of coalition quota,proportion of coalition quota,percent of coalition quota,percent of coalition quota
k=1,seat_winning,2014,k1/2014/PSB|PV|PTB|PT DO B|SOLIDARIEDADE|PMN|PHS|PMDB|PSD|PSDB|PTN|PRTB|PROS,"2014 PSB--PROS, omitting PPS",,,,,,PSB; PV; PTB; PT DO B; SOLIDARIEDADE; PMN; PHS; PMDB; PSD; PSDB; PTN; PRTB; PROS,1,PSB,PROS,PPS,1,PSB|PV|PTB|PT DO B|SOLIDARIEDADE|PMN|PHS|PMDB|PSD|PSDB|PTN|PRTB|PROS,13,False,48103380,0.49410102293911851,262,253.47382476776778,8.5261752322322195,7.9230211313293264,0.60315410090289379,1.0336373005774615,3.52617523223222,0.03125774875803599,0.0023795518194255458,3.1257748758035993,0.23795518194255461,True,7.9230211313293264,0.60315410090289379,7.9230211313293264,0.60315410090289379,5,18,1,True,proportion of all valid federal-deputy votes,proportion of coalition quota,proportion of coalition quota,percent of coalition quota,percent of coalition quota
k=1,seat_winning,2014,k1/2014/PSB|PPS|PTB|PT DO B|SOLIDARIEDADE|PMN|PHS|PMDB|PSD|PSDB|PTN|PRTB|PROS,"2014 PSB--PROS, omitting PV",,,,,,PSB; PPS; PTB; PT DO B; SOLIDARIEDADE; PMN; PHS; PMDB; PSD; PSDB; PTN; PRTB; PROS,1,PSB,PROS,PV,1,PSB|PPS|PTB|PT DO B|SOLIDARIEDADE|PMN|PHS|PMDB|PSD|PSDB|PTN|PRTB|PROS,13,False,48054605,0.49360002327144742,264,253.2168119382525,10.783188061747483,9.8182684123998474,0.9649196493476353,1.0425848030358149,3.7831880617474822,0.038774156965510072,0.0038106460703048938,3.8774156965510067,0.38106460703048939,True,9.8182684123998474,0.9649196493476353,9.8182684123998474,0.9649196493476353,5,18,1,True,proportion of all valid federal-deputy votes,proportion of coalition quota,proportion of coalition quota,percent of coalition quota,percent of coalition quota
k=1,seat_winning,2014,k1/2014/PSB|PPS|PV|PTB|PT DO B|PMN|PHS|PMDB|PSD|PSDB|PTN|PRTB|PROS,"2014 PSB--PROS, omitting SOLIDARIEDADE",,,,,,PSB; PPS; PV; PTB; PT DO B; PMN; PHS; PMDB; PSD; PSDB; PTN; PRTB; PROS,1,PSB,PROS,SOLIDARIEDADE,1,PSB|PPS|PV|PTB|PT DO B|PMN|PHS|PMDB|PSD|PSDB|PTN|PRTB|PROS,13,False,47369368,0.48656150949849147,257,249.60605437272613,7.3939456272738733,7.7219425022349428,-0.32799687496106933,1.0296224610651183,7.3939456272738733,0.030936519234842332,-0.0013140581697240626,3.093651923484233,-0.13140581697240628,True,7.7219425022349428,-0.32799687496106933,7.7219425022349428,-0.32799687496106933,5,18,1,True,proportion of all valid federal-deputy votes,proportion of coalition quota,proportion of coalition quota,percent of coalition quota,percent of coalition quota
k=1,seat_winning,2014,k1/2014/PSB|PPS|PV|PTB|PT DO B|SOLIDARIEDADE|PMN|PHS|PMDB|PSDB|PTN|PRTB|PROS|PRP|PR,"2014 PSB--PR, omitting PSD",,,,,,PSB; PPS; PV; PTB; PT DO B; SOLIDARIEDADE; PMN; PHS; PMDB; PSDB; PTN; PRTB; PROS; PRP; PR,1,PSB,PR,PSD,1,PSB|PPS|PV|PTB|PT DO B|SOLIDARIEDADE|PMN|PHS|PMDB|PSDB|PTN|PRTB|PROS|PRP|PR,15,False,50451460,0.51821967593071461,273,265.84669375245659,7.1533062475434068,7.5987031348131735,-0.44539688726976689,1.0269076366780179,-8.8466937524565932,0.028583026659299789,-0.0016753899812818386,2.8583026659299788,-0.16753899812818385,False,7.5987031348131735,-0.44539688726976689,7.5987031348131735,-0.44539688726976689,5,20,1,True,proportion of all valid federal-deputy votes,proportion of coalition quota,proportion of coalition quota,percent of coalition quota,percent of coalition quota
k=1,seat_winning,2014,k1/2014/PSB|PPS|PV|PT DO B|SOLIDARIEDADE|PMN|PHS|PMDB|PSD|PSDB|PTN|PRTB|PROS|PRP|PR,"2014 PSB--PR, omitting PTB",,,,,,PSB; PPS; PV; PT DO B; SOLIDARIEDADE; PMN; PHS; PMDB; PSD; PSDB; PTN; PRTB; PROS; PRP; PR,1,PSB,PR,PTB,1,PSB|PPS|PV|PT DO B|SOLIDARIEDADE|PMN|PHS|PMDB|PSD|PSDB|PTN|PRTB|PROS|PRP|PR,15,False,52505220,0.53931517726287559,284,276.66868593585514,7.331314064144844,8.1601719092633669,-0.82885784511852334,1.0264985321318387,-19.668685935855155,0.029494381995782783,-0.0029958498639440956,2.9494381995782781,-0.29958498639440956,False,8.1601719092633669,-0.82885784511852334,8.1601719092633669,-0.82885784511852334,5,20,1,True,proportion of all valid federal-deputy votes,proportion of coalition quota,proportion of coalition quota,percent of coalition quota,percent of coalition quota
k=1,seat_winning,2014,k1/2014/PSB|PPS|PV|PTB|PT DO B|SOLIDARIEDADE|PMN|PHS|PSD|PSDB|PTN|PRTB|PROS|PRP|PR|PRB,"2014 PSB--PRB, omitting PMDB",,,,,,PSB; PPS; PV; PTB; PT DO B; SOLIDARIEDADE; PMN; PHS; PSD; PSDB; PTN; PRTB; PROS; PRP; PR; PRB,1,PSB,PRB,PMDB,1,PSB|PPS|PV|PTB|PT DO B|SOLIDARIEDADE|PMN|PHS|PSD|PSDB|PTN|PRTB|PROS|PRP|PR|PRB,16,False,50052288,0.51411952135678129,265,263.74331445602877,1.256685543971213,8.1943923852152238,-6.9377068412440108,1.0047648053053519,-6.743314456028787,0.03106957384726956,-0.026304768541917534,3.106957384726956,-2.6304768541917536,False,8.1943923852152238,-6.9377068412440108,8.1943923852152238,-6.9377068412440108,5,21,1,True,proportion of all valid federal-deputy votes,proportion of coalition quota,proportion of coalition quota,percent of coalition quota,percent of coalition quota
k=1,seat_winning,2014,k1/2014/PSB|PPS|PV|PTB|PT DO B|SOLIDARIEDADE|PMN|PHS|PMDB|PSD|PTN|PRTB|PROS|PRP|PR|PRB,"2014 PSB--PRB, omitting PSDB",,,,,,PSB; PPS; PV; PTB; PT DO B; SOLIDARIEDADE; PMN; PHS; PMDB; PSD; PTN; PRTB; PROS; PRP; PR; PRB,1,PSB,PRB,PSDB,1,PSB|PPS|PV|PTB|PT DO B|SOLIDARIEDADE|PMN|PHS|PMDB|PSD|PTN|PRTB|PROS|PRP|PR|PRB,16,False,49755522,0.51107124524450909,276,262.17954881043318,13.820451189566832,11.522141111138016,2.2983100784288162,1.0527136889672488,-5.1795488104331682,0.043947520557635136,0.0087661684096137903,4.3947520557635134,0.87661684096137904,False,11.522141111138016,2.2983100784288162,11.522141111138016,2.2983100784288162,5,21,1,True,proportion of all valid federal-deputy votes,proportion of coalition quota,proportion of coalition quota,percent of coalition quota,percent of coalition quota
k=1,seat_winning,2014,k1/2014/PPS|PV|PTB|PT DO B|SOLIDARIEDADE|PMN|PHS|PMDB|PSD|PSDB|PTN|PRTB|PRP|PR,"2014 PPS--PR, omitting PROS",,,,,,PPS; PV; PTB; PT DO B; SOLIDARIEDADE; PMN; PHS; PMDB; PSD; PSDB; PTN; PRTB; PRP; PR,1,PPS,PR,PROS,1,PPS|PV|PTB|PT DO B|SOLIDARIEDADE|PMN|PHS|PMDB|PSD|PSDB|PTN|PRTB|PRP|PR,14,False,48174418,0.49483070032286053,264,253.84814926562746,10.151850734372555,11.776977825940438,-1.6251270915678833,1.0399918248911464,3.1518507343725544,0.04639379038220591,-0.0064019654910595601,4.6393790382205911,-0.64019654910595603,True,11.776977825940438,-1.6251270915678833,11.776977825940438,-1.6251270915678833,6,20,1,True,proportion of all valid federal-deputy votes,proportion of coalition quota,proportion of coalition quota,percent of coalition quota,percent of coalition quota
k=1,seat_winning,2014,k1/2014/PPS|PV|PTB|PT DO B|PMN|PHS|PMDB|PSD|PSDB|PTN|PRTB|PROS|PRP|PR,"2014 PPS--PR, omitting SOLIDARIEDADE",,,,,,PPS; PV; PTB; PT DO B; PMN; PHS; PMDB; PSD; PSDB; PTN; PRTB; PROS; PRP; PR,1,PPS,PR,SOLIDARIEDADE,1,PPS|PV|PTB|PT DO B|PMN|PHS|PMDB|PSD|PSDB|PTN|PRTB|PROS|PRP|PR,14,False,47461834,0.48751128777160013,260,250.09329062683085,9.9067093731691429,10.902474532204433,-0.99576515903528973,1.0396120557586295,6.9067093731691429,0.043593630620312122,-0.0039815748616826773,4.3593630620312123,-0.39815748616826779,True,10.902474532204433,-0.99576515903528973,10.902474532204433,-0.99576515903528973,6,20,1,True,proportion of all valid federal-deputy votes,proportion of coalition quota,proportion of coalition quota,percent of coalition quota,percent of coalition quota
k=1,seat_winning,2014,k1/2014/PPS|PV|PTB|PT DO B|SOLIDARIEDADE|PMN|PHS|PMDB|PSD|PSDB|PTN|PRTB|PROS|PRP|PRB,"2014 PPS--PRB, omitting PR",,,,,,PPS; PV; PTB; PT DO B; SOLIDARIEDADE; PMN; PHS; PMDB; PSD; PSDB; PTN; PRTB; PROS; PRP; PRB,1,PPS,PRB,PR,1,PPS|PV|PTB|PT DO B|SOLIDARIEDADE|PMN|PHS|PMDB|PSD|PSDB|PTN|PRTB|PROS|PRP|PRB,15,False,48940840,0.50270311789940181,262,257.88669948239311,4.1133005176068691,6.4108852905082649,-2.2975847729013954,1.0159500297063118,-0.88669948239313068,0.024859309547082552,-0.0089092798407707733,2.4859309547082553,-0.8909279840770773,False,6.4108852905082649,-2.2975847729013954,6.4108852905082649,-2.2975847729013954,6,21,1,True,proportion of all valid federal-deputy votes,proportion of coalition quota,proportion of coalition quota,percent of coalition quota,percent of coalition quota
k=1,seat_winning,2014,k1/2014/PPS|PV|PTB|PT DO B|SOLIDARIEDADE|PMN|PHS|PMDB|PSDB|PTN|PRTB|PROS|PRP|PR|PRB,"2014 PPS--PRB, omitting PSD",,,,,,PPS; PV; PTB; PT DO B; SOLIDARIEDADE; PMN; PHS; PMDB; PSDB; PTN; PRTB; PROS; PRP; PR; PRB,1,PPS,PRB,PSD,1,PPS|PV|PTB|PT DO B|SOLIDARIEDADE|PMN|PHS|PMDB|PSDB|PTN|PRTB|PROS|PRP|PR|PRB,15,False,48608406,0.49928847261959525,260,256.13498645385232,3.8650135461476522,6.8077821706858392,-2.942768624538187,1.0150897524764506,0.86501354614765202,0.026578884302134929,-0.011489131825684359,2.6578884302134931,-1.1489131825684358,True,6.8077821706858392,-2.942768624538187,6.8077821706858392,-2.942768624538187,6,21,1,True,proportion of all valid federal-deputy votes,proportion of coalition quota,proportion of coalition quota,percent of coalition quota,percent of coalition quota
k=1,seat_winning,2014,k1/2014/PV|PTB|PT DO B|SOLIDARIEDADE|PMN|PMDB|PSD|PSDB|PTN|PRTB|PROS|PRP|PR,"2014 PV--PR, omitting PHS",,,,,,PV; PTB; PT DO B; SOLIDARIEDADE; PMN; PMDB; PSD; PSDB; PTN; PRTB; PROS; PRP; PR,1,PV,PR,PHS,1,PV|PTB|PT DO B|SOLIDARIEDADE|PMN|PMDB|PSD|PSDB|PTN|PRTB|PROS|PRP|PR,13,False,47252778,0.48536393797099231,260,248.99170017911908,11.008299820880934,11.195628729638127,-0.1873289087571928,1.0442115131265894,8.008299820880934,0.044963863139149789,-0.00075235001256038886,4.4963863139149787,-0.07523500125603888,True,11.195628729638127,-0.1873289087571928,11.195628729638127,-0.1873289087571928,7,20,1,True,proportion of all valid federal-deputy votes,proportion of coalition quota,proportion of coalition quota,percent of coalition quota,percent of coalition quota
k=1,seat_winning,2014,k1/2014/PV|PTB|PT DO B|SOLIDARIEDADE|PHS|PMDB|PSD|PSDB|PTN|PRTB|PROS|PRP|PR,"2014 PV--PR, omitting PMN",,,,,,PV; PTB; PT DO B; SOLIDARIEDADE; PHS; PMDB; PSD; PSDB; PTN; PRTB; PROS; PRP; PR,1,PV,PR,PMN,1,PV|PTB|PT DO B|SOLIDARIEDADE|PHS|PMDB|PSD|PSDB|PTN|PRTB|PROS|PRP|PR,13,False,47727373,0.49023881110842654,262,251.49251009862283,10.507489901377175,10.930239110355229,-0.4227492089780539,1.0417805281646624,5.5074899013771752,0.043461489592946267,-0.0016809614282837797,4.3461489592946263,-0.16809614282837795,True,10.930239110355229,-0.4227492089780539,10.930239110355229,-0.4227492089780539,7,20,1,True,proportion of all valid federal-deputy votes,proportion of coalition quota,proportion of coalition quota,percent of coalition quota,percent of coalition quota
k=1,seat_winning,2014,k1/2014/PV|PTB|PT DO B|SOLIDARIEDADE|PMN|PHS|PMDB|PSD|PSDB|PTN|PRTB|PROS|PR,"2014 PV--PR, omitting PRP",,,,,,PV; PTB; PT DO B; SOLIDARIEDADE; PMN; PHS; PMDB; PSD; PSDB; PTN; PRTB; PROS; PR,1,PV,PR,PRP,1,PV|PTB|PT DO B|SOLIDARIEDADE|PMN|PHS|PMDB|PSD|PSDB|PTN|PRTB|PROS|PR,13,False,47471021,0.48760565340864559,262,250.14170019863519,11.858299801364803,12.316495200731604,-0.45819539936680137,1.0474063292603681,6.8582998013648018,0.04923807262424134,-0.0018317433638731673,4.923807262424134,-0.18317433638731673,True,12.316495200731604,-0.45819539936680137,12.316495200731604,-0.45819539936680137,7,20,1,True,proportion of all valid federal-deputy votes,proportion of coalition quota,proportion of coalition quota,percent of coalition quota,percent of coalition quota
k=1,seat_winning,2014,k1/2014/PV|PTB|PT DO B|SOLIDARIEDADE|PMN|PHS|PMDB|PSD|PSDB|PTN|PROS|PRP|PR,"2014 PV--PR, omitting PRTB",,,,,,PV; PTB; PT DO B; SOLIDARIEDADE; PMN; PHS; PMDB; PSD; PSDB; PTN; PROS; PRP; PR,1,PV,PR,PRTB,1,PV|PTB|PT DO B|SOLIDARIEDADE|PMN|PHS|PMDB|PSD|PSDB|PTN|PROS|PRP|PR,13,False,47741656,0.49038552106749056,264,251.56777230762265,12.432227692377349,13.015891216788482,-0.58366352441113178,1.0494189998120067,5.4322276923773503,0.051739104327212314,-0.0023201045152056086,5.1739104327212315,-0.23201045152056088,True,13.015891216788482,-0.58366352441113178,13.015891216788482,-0.58366352441113178,7,20,1,True,proportion of all valid federal-deputy votes,proportion of coalition quota,proportion of coalition quota,percent of coalition quota,percent of coalition quota
k=1,seat_winning,2014,k1/2014/PV|PTB|SOLIDARIEDADE|PMN|PHS|PMDB|PSD|PSDB|PTN|PRTB|PROS|PRP|PR,"2014 PV--PR, omitting PT DO B",,,,,,PV; PTB; SOLIDARIEDADE; PMN; PHS; PMDB; PSD; PSDB; PTN; PRTB; PROS; PRP; PR,1,PV,PR,PT DO B,1,PV|PTB|SOLIDARIEDADE|PMN|PHS|PMDB|PSD|PSDB|PTN|PRTB|PROS|PRP|PR,13,False,47383349,0.48670511741963363,264,249.67972523627205,14.320274763727941,14.71851838554506,-0.39824362181712064,1.0573545759479535,7.3202747637279408,0.058949593811099078,-0.0015950178631455255,5.8949593811099072,-0.15950178631455256,True,14.71851838554506,-0.39824362181712064,14.71851838554506,-0.39824362181712064,7,20,1,True,proportion of all valid federal-deputy votes,proportion of coalition quota,proportion of coalition quota,percent of coalition quota,percent of coalition quota
k=1,seat_winning,2014,k1/2014/PV|PTB|PT DO B|SOLIDARIEDADE|PMN|PHS|PMDB|PSD|PSDB|PRTB|PROS|PRP|PR,"2014 PV--PR, omitting PTN",,,,,,PV; PTB; PT DO B; SOLIDARIEDADE; PMN; PHS; PMDB; PSD; PSDB; PRTB; PROS; PRP; PR,1,PV,PR,PTN,1,PV|PTB|PT DO B|SOLIDARIEDADE|PMN|PHS|PMDB|PSD|PSDB|PRTB|PROS|PRP|PR,13,False,47472664,0.48762252972753817,261,250.15035775022707,10.849642249772931,10.711475077338591,0.13816717243433893,1.0433724834429627,6.8496422497729297,0.042820146945517883,0.00055233649744485924,4.2820146945517878,0.055233649744485927,True,10.711475077338591,0.13816717243433893,10.711475077338591,0.13816717243433893,7,20,1,True,proportion of all valid federal-deputy votes,proportion of coalition quota,proportion of coalition quota,percent of coalition quota,percent of coalition quota
k=1,seat_winning,2014,k1/2014/PV|PT DO B|SOLIDARIEDADE|PMN|PHS|PMDB|PSD|PSDB|PTN|PRTB|PROS|PRP|PR|PRB,"2014 PV--PRB, omitting PTB",,,,,,PV; PT DO B; SOLIDARIEDADE; PMN; PHS; PMDB; PSD; PSDB; PTN; PRTB; PROS; PRP; PR; PRB,1,PV,PRB,PTB,1,PV|PT DO B|SOLIDARIEDADE|PMN|PHS|PMDB|PSD|PSDB|PTN|PRTB|PROS|PRP|PR|PRB,14,False,48706477,0.50029582348393498,261,256.6517574472586,4.3482425527413726,6.8775237823969722,-2.5292812296555995,1.0169421888865691,0.34824255274137261,0.0267971037907671,-0.0098549149041980023,2.6797103790767101,-0.98549149041980022,False,6.8775237823969722,-2.5292812296555995,6.8775237823969722,-2.5292812296555995,7,21,1,True,proportion of all valid federal-deputy votes,proportion of coalition quota,proportion of coalition quota,percent of coalition quota,percent of coalition quota
k=1,seat_winning,2014,k1/2014/PV|PTB|PT DO B|SOLIDARIEDADE|PMN|PHS|PMDB|PSD|PSDB|PTN|PRTB|PROS|PRP|PRB|PTC|PSDC|PSL,"2014 PV--PSL, omitting PR",,,,,,PV; PTB; PT DO B; SOLIDARIEDADE; PMN; PHS; PMDB; PSD; PSDB; PTN; PRTB; PROS; PRP; PRB; PTC; PSDC; PSL,1,PV,PSL,PR,1,PV|PTB|PT DO B|SOLIDARIEDADE|PMN|PHS|PMDB|PSD|PSDB|PTN|PRTB|PROS|PRP|PRB|PTC|PSDC|PSL,17,False,48641914,0.49963265502583454,257,256.31155202825312,0.6884479717468851,1.495894653934019,-0.80744668218713389,1.0026859810504014,0.6884479717468851,0.0058362357923263915,-0.0031502547419248951,0.58362357923263919,-0.3150254741924895,True,1.495894653934019,-0.80744668218713389,1.495894653934019,-0.80744668218713389,7,24,1,True,proportion of all valid federal-deputy votes,proportion of coalition quota,proportion of coalition quota,percent of coalition quota,percent of coalition quota
k=1,seat_winning,2014,k1/2014/PV|PTB|PT DO B|SOLIDARIEDADE|PMN|PHS|PSD|PSDB|PTN|PRTB|PROS|PRP|PR|PRB|PTC|PSDC|PSL|PP,"2014 PV--PP, omitting PMDB",,,,,,PV; PTB; PT DO B; SOLIDARIEDADE; PMN; PHS; PSD; PSDB; PTN; PRTB; PROS; PRP; PR; PRB; PTC; PSDC; PSL; PP,1,PV,PP,PMDB,1,PV|PTB|PT DO B|SOLIDARIEDADE|PMN|PHS|PSD|PSDB|PTN|PRTB|PROS|PRP|PR|PRB|PTC|PSDC|PSL|PP,18,False,49915275,0.51271217194690699,264,263.02134420876331,0.97865579123670998,5.274638161056723,-4.2959823698200132,1.003720822711863,-6.0213442087632902,0.020054030888345616,-0.016333208176482587,2.0054030888345618,-1.6333208176482585,False,5.274638161056723,-4.2959823698200132,5.274638161056723,-4.2959823698200132,7,25,1,True,proportion of all valid federal-deputy votes,proportion of coalition quota,proportion of coalition quota,percent of coalition quota,percent of coalition quota
k=1,seat_winning,2014,k1/2014/PTB|PT DO B|SOLIDARIEDADE|PMN|PHS|PMDB|PSD|PSDB|PTN|PRTB|PROS|PRP|PR,2014 PTB--PR,,,,,,PTB; PT DO B; SOLIDARIEDADE; PMN; PHS; PMDB; PSD; PSDB; PTN; PRTB; PROS; PRP; PR,1,PTB,PR,,1,PTB|PT DO B|SOLIDARIEDADE|PMN|PHS|PMDB|PSD|PSDB|PTN|PRTB|PROS|PRP|PR,13,True,46191382,0.47446165107673482,257,243.39882700236495,13.601172997635034,12.507073279630276,1.0940997180047587,1.0558801912282958,13.601172997635034,0.051385100880164687,0.0044950903481310858,5.1385100880164689,0.44950903481310861,True,12.507073279630276,1.0940997180047587,12.507073279630276,1.0940997180047587,8,20,0,True,proportion of all valid federal-deputy votes,proportion of coalition quota,proportion of coalition quota,percent of coalition quota,percent of coalition quota
k=1,seat_winning,2014,k1/2014/PTB|PT DO B|SOLIDARIEDADE|PMN|PMDB|PSD|PSDB|PTN|PRTB|PROS|PRP|PR|PRB,"2014 PTB--PRB, omitting PHS",,,,,,PTB; PT DO B; SOLIDARIEDADE; PMN; PMDB; PSD; PSDB; PTN; PRTB; PROS; PRP; PR; PRB,1,PTB,PRB,PHS,1,PTB|PT DO B|SOLIDARIEDADE|PMN|PMDB|PSD|PSDB|PTN|PRTB|PROS|PRP|PR|PRB,13,False,49673138,0.51022502573407524,273,261.74543820158055,11.254561798419427,12.457592004618576,-1.203030206199148,1.0429981201420284,-4.7454382015805727,0.047594304184298671,-0.0045961840422702868,4.7594304184298668,-0.45961840422702865,False,12.457592004618576,-1.203030206199148,12.457592004618576,-1.203030206199148,8,21,1,True,proportion of all valid federal-deputy votes,proportion of coalition quota,proportion of coalition quota,percent of coalition quota,percent of coalition quota
k=1,seat_winning,2014,k1/2014/PTB|PT DO B|SOLIDARIEDADE|PHS|PMDB|PSD|PSDB|PTN|PRTB|PROS|PRP|PR|PRB,"2014 PTB--PRB, omitting PMN",,,,,,PTB; PT DO B; SOLIDARIEDADE; PHS; PMDB; PSD; PSDB; PTN; PRTB; PROS; PRP; PR; PRB,1,PTB,PRB,PMN,1,PTB|PT DO B|SOLIDARIEDADE|PHS|PMDB|PSD|PSDB|PTN|PRTB|PROS|PRP|PR|PRB,13,False,50147733,0.51509989887150942,275,264.24624812108431,10.753751878915669,12.192202385335678,-1.438450506420009,1.0406959491587107,-7.2462481210843324,0.046139547759061844,-0.0054435986003512704,4.6139547759061843,-0.54435986003512704,False,12.192202385335678,-1.438450506420009,12.192202385335678,-1.438450506420009,8,21,1,True,proportion of all valid federal-deputy votes,proportion of coalition quota,proportion of coalition quota,percent of coalition quota,percent of coalition quota
k=1,seat_winning,2014,k1/2014/PTB|PT DO B|SOLIDARIEDADE|PMN|PHS|PMDB|PSD|PSDB|PTN|PRTB|PRP|PR|PRB,"2014 PTB--PRB, omitting PROS",,,,,,PTB; PT DO B; SOLIDARIEDADE; PMN; PHS; PMDB; PSD; PSDB; PTN; PRTB; PRP; PR; PRB,1,PTB,PRB,PROS,1,PTB|PT DO B|SOLIDARIEDADE|PMN|PHS|PMDB|PSD|PSDB|PTN|PRTB|PRP|PR|PRB,13,False,48639089,0.49960363761812215,267,256.29666609809669,10.70333390190333,12.547213938181825,-1.8438800362784946,1.0417615026557023,0.70333390190333034,0.048955821896565062,-0.0071943192408626799,4.8955821896565057,-0.71943192408626799,True,12.547213938181825,-1.8438800362784946,12.547213938181825,-1.8438800362784946,8,21,1,True,proportion of all valid federal-deputy votes,proportion of coalition quota,proportion of coalition quota,percent of coalition quota,percent of coalition quota
k=1,seat_winning,2014,k1/2014/PTB|PT DO B|SOLIDARIEDADE|PMN|PHS|PMDB|PSD|PSDB|PTN|PRTB|PROS|PR|PRB,"2014 PTB--PRB, omitting PRP",,,,,,PTB; PT DO B; SOLIDARIEDADE; PMN; PHS; PMDB; PSD; PSDB; PTN; PRTB; PROS; PR; PRB,1,PTB,PRB,PRP,1,PTB|PT DO B|SOLIDARIEDADE|PMN|PHS|PMDB|PSD|PSDB|PTN|PRTB|PROS|PR|PRB,13,False,49891381,0.51246674117172852,275,262.8954382210967,12.104561778903294,13.578458475712051,-1.4738966968087566,1.0460432552987979,-5.8954382210967049,0.051649654203175951,-0.0056063989043780979,5.1649654203175954,-0.56063989043780982,False,13.578458475712051,-1.4738966968087566,13.578458475712051,-1.4738966968087566,8,21,1,True,proportion of all valid federal-deputy votes,proportion of coalition quota,proportion of coalition quota,percent of coalition quota,percent of coalition quota
k=1,seat_winning,2014,k1/2014/PTB|PT DO B|SOLIDARIEDADE|PMN|PHS|PMDB|PSD|PSDB|PTN|PROS|PRP|PR|PRB,"2014 PTB--PRB, omitting PRTB",,,,,,PTB; PT DO B; SOLIDARIEDADE; PMN; PHS; PMDB; PSD; PSDB; PTN; PROS; PRP; PR; PRB,1,PTB,PRB,PRTB,1,PTB|PT DO B|SOLIDARIEDADE|PMN|PHS|PMDB|PSD|PSDB|PTN|PROS|PRP|PR|PRB,13,False,50162016,0.51524660883057338,277,264.32151033008415,12.678489669915843,14.277854491768929,-1.5993648218530869,1.0479661668627838,-7.3215103300841573,0.054016997988316481,-0.0060508311255327027,5.4016997988316477,-0.6050831125532703,False,14.277854491768929,-1.5993648218530869,14.277854491768929,-1.5993648218530869,8,21,1,True,proportion of all valid federal-deputy votes,proportion of coalition quota,proportion of coalition quota,percent of coalition quota,percent of coalition quota
k=1,seat_winning,2014,k1/2014/PTB|SOLIDARIEDADE|PMN|PHS|PMDB|PSD|PSDB|PTN|PRTB|PROS|PRP|PR|PRB,"2014 PTB--PRB, omitting PT DO B",,,,,,PTB; SOLIDARIEDADE; PMN; PHS; PMDB; PSD; PSDB; PTN; PRTB; PROS; PRP; PR; PRB,1,PTB,PRB,PT DO B,1,PTB|SOLIDARIEDADE|PMN|PHS|PMDB|PSD|PSDB|PTN|PRTB|PROS|PRP|PR|PRB,13,False,49803709,0.51156620518271656,277,262.43346325873358,14.566536741266432,15.980481660525509,-1.4139449192590758,1.0555056377353267,-5.4334632587335667,0.06089346023974971,-0.0053878225044230177,6.0893460239749713,-0.53878225044230177,False,15.980481660525509,-1.4139449192590758,15.980481660525509,-1.4139449192590758,8,21,1,True,proportion of all valid federal-deputy votes,proportion of coalition quota,proportion of coalition quota,percent of coalition quota,percent of coalition quota
k=1,seat_winning,2014,k1/2014/PTB|PT DO B|SOLIDARIEDADE|PMN|PHS|PMDB|PSD|PSDB|PRTB|PROS|PRP|PR|PRB,"2014 PTB--PRB, omitting PTN",,,,,,PTB; PT DO B; SOLIDARIEDADE; PMN; PHS; PMDB; PSD; PSDB; PRTB; PROS; PRP; PR; PRB,1,PTB,PRB,PTN,1,PTB|PT DO B|SOLIDARIEDADE|PMN|PHS|PMDB|PSD|PSDB|PRTB|PROS|PRP|PR|PRB,13,False,49893024,0.51248361749062099,274,262.90409577268855,11.095904227311422,11.97343835231904,-0.87753412500761629,1.0422051402230916,-5.9040957726885779,0.045542989039894913,-0.0033378488168033238,4.5542989039894914,-0.33378488168033238,False,11.97343835231904,-0.87753412500761629,11.97343835231904,-0.87753412500761629,8,21,1,True,proportion of all valid federal-deputy votes,proportion of coalition quota,proportion of coalition quota,percent of coalition quota,percent of coalition quota
k=1,seat_winning,2014,k1/2014/PTB|PT DO B|PMN|PHS|PMDB|PSD|PSDB|PTN|PRTB|PROS|PRP|PR|PRB,"2014 PTB--PRB, omitting SOLIDARIEDADE",,,,,,PTB; PT DO B; PMN; PHS; PMDB; PSD; PSDB; PTN; PRTB; PROS; PRP; PR; PRB,1,PTB,PRB,SOLIDARIEDADE,1,PTB|PT DO B|PMN|PHS|PMDB|PSD|PSDB|PTN|PRTB|PROS|PRP|PR|PRB,13,False,47926505,0.49228422506686176,263,252.54180745930009,10.458192540699919,11.67271064444582,-1.2145181037459012,1.0414117276102308,4.458192540699919,0.046220904023295262,-0.0048091764130643363,4.6220904023295262,-0.48091764130643366,True,11.67271064444582,-1.2145181037459012,11.67271064444582,-1.2145181037459012,8,21,1,True,proportion of all valid federal-deputy votes,proportion of coalition quota,proportion of coalition quota,percent of coalition quota,percent of coalition quota
k=1,seat_winning,2014,k1/2014/PTB|PT DO B|SOLIDARIEDADE|PMN|PHS|PMDB|PSD|PTN|PRTB|PROS|PRP|PR|PRB|PTC|PSDC|PSL|PP,"2014 PTB--PP, omitting PSDB",,,,,,PTB; PT DO B; SOLIDARIEDADE; PMN; PHS; PMDB; PSD; PTN; PRTB; PROS; PRP; PR; PRB; PTC; PSDC; PSL; PP,1,PTB,PP,PSDB,1,PTB|PT DO B|SOLIDARIEDADE|PMN|PHS|PMDB|PSD|PTN|PRTB|PROS|PRP|PR|PRB|PTC|PSDC|PSL|PP,17,False,47614045,0.48907474569914255,267,250.89534454366012,16.104655456339874,10.005907005310975,6.0987484510288983,1.0641887376811705,6.1046554563398745,0.039880799795269914,0.024307937885900514,3.9880799795269914,2.4307937885900515,True,10.005907005310975,6.0987484510288983,10.005907005310975,6.0987484510288983,8,25,1,True,proportion of all valid federal-deputy votes,proportion of coalition quota,proportion of coalition quota,percent of coalition quota,percent of coalition quota
k=1,seat_winning,2014,k1/2014/PTB|PT DO B|SOLIDARIEDADE|PMN|PHS|PSD|PSDB|PTN|PRTB|PROS|PRP|PR|PRB|PTC|PSDC|PSL|PP|PSC,"2014 PTB--PSC, omitting PMDB",,,,,,PTB; PT DO B; SOLIDARIEDADE; PMN; PHS; PSD; PSDB; PTN; PRTB; PROS; PRP; PR; PRB; PTC; PSDC; PSL; PP; PSC,1,PTB,PSC,PMDB,1,PTB|PT DO B|SOLIDARIEDADE|PMN|PHS|PSD|PSDB|PTN|PRTB|PROS|PRP|PR|PRB|PTC|PSDC|PSL|PP|PSC,18,False,50431232,0.51801190101984529,269,265.74010522318065,3.2598947768193622,6.3468534856971122,-3.0869587088777499,1.0122672291940336,-8.7401052231806382,0.023883686959357286,-0.011616457765323685,2.3883686959357284,-1.1616457765323684,False,6.3468534856971122,-3.0869587088777499,6.3468534856971122,-3.0869587088777499,8,26,1,True,proportion of all valid federal-deputy votes,proportion of coalition quota,proportion of coalition quota,percent of coalition quota,percent of coalition quota
k=1,seat_winning,2014,k1/2014/PT DO B|SOLIDARIEDADE|PMN|PHS|PMDB|PSD|PSDB|PTN|PRTB|PROS|PRP|PR|PRB|PTC|PSDC,2014 PT DO B--PSDC,,,,,,PT DO B; SOLIDARIEDADE; PMN; PHS; PMDB; PSD; PSDB; PTN; PRTB; PROS; PRP; PR; PRB; PTC; PSDC,1,PT DO B,PSDC,,1,PT DO B|SOLIDARIEDADE|PMN|PHS|PMDB|PSD|PSDB|PTN|PRTB|PROS|PRP|PR|PRB|PTC|PSDC,15,False,47550066,0.48841757588391083,257,250.55821642844626,6.4417835715537537,7.1531180778307863,-0.71133450627703276,1.0257097279162402,6.4417835715537537,0.028548726837994375,-0.0028389989217542733,2.8548726837994374,-0.28389989217542733,True,7.1531180778307863,-0.71133450627703276,7.1531180778307863,-0.71133450627703276,9,23,0,True,proportion of all valid federal-deputy votes,proportion of coalition quota,proportion of coalition quota,percent of coalition quota,percent of coalition quota
k=1,seat_winning,2014,k1/2014/PT DO B|SOLIDARIEDADE|PMN|PHS|PMDB|PSD|PSDB|PTN|PROS|PRP|PR|PRB|PTC|PSDC|PSL,"2014 PT DO B--PSL, omitting PRTB",,,,,,PT DO B; SOLIDARIEDADE; PMN; PHS; PMDB; PSD; PSDB; PTN; PROS; PRP; PR; PRB; PTC; PSDC; PSL,1,PT DO B,PSL,PRTB,1,PT DO B|SOLIDARIEDADE|PMN|PHS|PMDB|PSD|PSDB|PTN|PROS|PRP|PR|PRB|PTC|PSDC|PSL,15,False,47904586,0.49205908079796001,257,252.42630844935348,4.5736915506465108,5.7701184823829124,-1.1964269317364018,1.0181189178685159,4.5736915506465108,0.022858625623567372,-0.0047397077550514165,2.285862562356737,-0.47397077550514166,True,5.7701184823829124,-1.1964269317364018,5.7701184823829124,-1.1964269317364018,9,24,1,True,proportion of all valid federal-deputy votes,proportion of coalition quota,proportion of coalition quota,percent of coalition quota,percent of coalition quota
k=1,seat_winning,2014,k1/2014/PT DO B|SOLIDARIEDADE|PMN|PHS|PMDB|PSD|PTN|PRTB|PROS|PRP|PR|PRB|PTC|PSDC|PSL|PP|PSC|PEN,"2014 PT DO B--PEN, omitting PSDB",,,,,,PT DO B; SOLIDARIEDADE; PMN; PHS; PMDB; PSD; PTN; PRTB; PROS; PRP; PR; PRB; PTC; PSDC; PSL; PP; PSC; PEN,1,PT DO B,PEN,PSDB,1,PT DO B|SOLIDARIEDADE|PMN|PHS|PMDB|PSD|PTN|PRTB|PROS|PRP|PR|PRB|PTC|PSDC|PSL|PP|PSC|PEN,18,False,46888256,0.48161969602616822,257,247.0709040614243,9.9290959385757045,3.9792142610399335,5.949881677535771,1.0401872327957615,9.9290959385757045,0.016105555917869881,0.024081676877891582,1.610555591786988,2.4081676877891582,True,3.9792142610399335,5.949881677535771,3.9792142610399335,5.949881677535771,9,27,1,True,proportion of all valid federal-deputy votes,proportion of coalition quota,proportion of coalition quota,percent of coalition quota,percent of coalition quota
k=1,seat_winning,2014,k1/2014/SOLIDARIEDADE|PMN|PHS|PMDB|PSD|PSDB|PTN|PRTB|PROS|PRP|PR|PRB|PTC|PSDC|PSL,2014 SOLIDARIEDADE--PSL,,,,,,SOLIDARIEDADE; PMN; PHS; PMDB; PSD; PSDB; PTN; PRTB; PROS; PRP; PR; PRB; PTC; PSDC; PSL,1,SOLIDARIEDADE,PSL,,1,SOLIDARIEDADE|PMN|PHS|PMDB|PSD|PSDB|PTN|PRTB|PROS|PRP|PR|PRB|PTC|PSDC|PSL,15,False,47546279,0.48837867715010314,257,250.53826137800289,6.4617386219971014,7.4727456511394923,-1.0110070291423905,1.0257914243774842,6.4617386219971014,0.029826764223708287,-0.0040353398462242077,2.9826764223708286,-0.40353398462242079,True,7.4727456511394923,-1.0110070291423905,7.4727456511394923,-1.0110070291423905,10,24,0,True,proportion of all valid federal-deputy votes,proportion of coalition quota,proportion of coalition quota,percent of coalition quota,percent of coalition quota
k=1,seat_winning,2014,k1/2014/SOLIDARIEDADE|PMN|PHS|PMDB|PSD|PSDB|PTN|PRTB|PROS|PRP|PRB|PTC|PSDC|PSL|PP,"2014 SOLIDARIEDADE--PP, omitting PR",,,,,,SOLIDARIEDADE; PMN; PHS; PMDB; PSD; PSDB; PTN; PRTB; PROS; PRP; PRB; PTC; PSDC; PSL; PP,1,SOLIDARIEDADE,PP,PR,1,SOLIDARIEDADE|PMN|PHS|PMDB|PSD|PSDB|PTN|PRTB|PROS|PRP|PRB|PTC|PSDC|PSL|PP,15,False,48340551,0.49653716014426902,261,254.72356315401001,6.2764368459900011,5.0745079941529605,1.2019288518370401,1.0246401894205412,2.2764368459900006,0.019921627710133869,0.0047185617104073497,1.9921627710133871,0.47185617104073502,True,5.0745079941529605,1.2019288518370401,5.0745079941529605,1.2019288518370401,10,25,1,True,proportion of all valid federal-deputy votes,proportion of coalition quota,proportion of coalition quota,percent of coalition quota,percent of coalition quota
k=1,seat_winning,2014,k1/2014/SOLIDARIEDADE|PMN|PHS|PMDB|PSDB|PTN|PRTB|PROS|PRP|PR|PRB|PTC|PSDC|PSL|PP,"2014 SOLIDARIEDADE--PP, omitting PSD",,,,,,SOLIDARIEDADE; PMN; PHS; PMDB; PSDB; PTN; PRTB; PROS; PRP; PR; PRB; PTC; PSDC; PSL; PP,1,SOLIDARIEDADE,PP,PSD,1,SOLIDARIEDADE|PMN|PHS|PMDB|PSDB|PTN|PRTB|PROS|PRP|PR|PRB|PTC|PSDC|PSL|PP,15,False,48008117,0.4931225148644624,259,252.97185012546922,6.0281498745307838,5.4714048743305348,0.55674500020024853,1.0238293307003958,4.0281498745307838,0.021628512704543301,0.0022008179958525565,2.1628512704543303,0.22008179958525567,True,5.4714048743305348,0.55674500020024853,5.4714048743305348,0.55674500020024853,10,25,1,True,proportion of all valid federal-deputy votes,proportion of coalition quota,proportion of coalition quota,percent of coalition quota,percent of coalition quota
k=1,seat_winning,2014,k1/2014/SOLIDARIEDADE|PMN|PHS|PSD|PSDB|PTN|PRTB|PROS|PRP|PR|PRB|PTC|PSDC|PSL|PP|PSC|PEN|DEM,"2014 SOLIDARIEDADE--DEM, omitting PMDB",,,,,,SOLIDARIEDADE; PMN; PHS; PSD; PSDB; PTN; PRTB; PROS; PRP; PR; PRB; PTC; PSDC; PSL; PP; PSC; PEN; DEM,1,SOLIDARIEDADE,DEM,PMDB,1,SOLIDARIEDADE|PMN|PHS|PSD|PSDB|PTN|PRTB|PROS|PRP|PR|PRB|PTC|PSDC|PSL|PP|PSC|PEN|DEM,18,False,50458012,0.51828697577330984,266,265.8812185717079,0.11878142829206907,4.0167897573963742,-3.8980083291043055,1.0004467462159612,-8.8812185717079313,0.015107459560228582,-0.01466071334426736,1.5107459560228582,-1.466071334426736,False,4.0167897573963742,-3.8980083291043055,4.0167897573963742,-3.8980083291043055,10,28,1,True,proportion of all valid federal-deputy votes,proportion of coalition quota,proportion of coalition quota,percent of coalition quota,percent of coalition quota
k=1,seat_winning,2014,k1/2014/PMN|PHS|PMDB|PSD|PSDB|PTN|PRTB|PROS|PRP|PR|PTC|PSDC|PSL|PP,"2014 PMN--PP, omitting PRB",,,,,,PMN; PHS; PMDB; PSD; PSDB; PTN; PRTB; PROS; PRP; PR; PTC; PSDC; PSL; PP,1,PMN,PP,PRB,1,PMN|PHS|PMDB|PSD|PSDB|PTN|PRTB|PROS|PRP|PR|PTC|PSDC|PSL|PP,14,False,46861545,0.48134533001646729,259,246.93015429844772,12.069845701552275,9.5660972358491279,2.5037484657031457,1.048879594052998,10.069845701552275,0.038740093379957298,0.010139500673040664,3.8740093379957297,1.0139500673040664,True,9.5660972358491279,2.5037484657031457,9.5660972358491279,2.5037484657031457,11,25,1,True,proportion of all valid federal-deputy votes,proportion of coalition quota,proportion of coalition quota,percent of coalition quota,percent of coalition quota
k=1,seat_winning,2014,k1/2014/PMN|PHS|PMDB|PSD|PSDB|PTN|PRTB|PROS|PRP|PRB|PTC|PSDC|PSL|PP|PSC,"2014 PMN--PSC, omitting PR",,,,,,PMN; PHS; PMDB; PSD; PSDB; PTN; PRTB; PROS; PRP; PRB; PTC; PSDC; PSL; PP; PSC,1,PMN,PSC,PR,1,PMN|PHS|PMDB|PSD|PSDB|PTN|PRTB|PROS|PRP|PRB|PTC|PSDC|PSL|PP|PSC,15,False,48171271,0.49479837544425137,259,253.83156660290095,5.1684333970990437,4.0503974086284451,1.1180359884705988,1.0203616652817049,3.1684333970990441,0.015957027972667268,0.0044046373090375953,1.5957027972667268,0.44046373090375951,True,4.0503974086284451,1.1180359884705988,4.0503974086284451,1.1180359884705988,11,26,1,True,proportion of all valid federal-deputy votes,proportion of coalition quota,proportion of coalition quota,percent of coalition quota,percent of coalition quota
k=1,seat_winning,2014,k1/2014/PMN|PHS|PMDB|PSDB|PTN|PRTB|PROS|PRP|PR|PRB|PTC|PSDC|PSL|PP|PSC,"2014 PMN--PSC, omitting PSD",,,,,,PMN; PHS; PMDB; PSDB; PTN; PRTB; PROS; PRP; PR; PRB; PTC; PSDC; PSL; PP; PSC,1,PMN,PSC,PSD,1,PMN|PHS|PMDB|PSDB|PTN|PRTB|PROS|PRP|PR|PRB|PTC|PSDC|PSL|PP|PSC,15,False,47838837,0.49138373016444481,257,252.07985357436019,4.9201464256398264,4.4472942888060194,0.47285213683380717,1.0195182056633036,4.9201464256398264,0.01764240269797732,0.0018758029653263113,1.764240269797732,0.18758029653263114,True,4.4472942888060194,0.47285213683380717,4.4472942888060194,0.47285213683380717,11,26,1,True,proportion of all valid federal-deputy votes,proportion of coalition quota,proportion of coalition quota,percent of coalition quota,percent of coalition quota
k=1,seat_winning,2014,k1/2014/PMN|PHS|PMDB|PSD|PSDB|PTN|PRTB|PROS|PRP|PR|PRB|PTC|PSDC|PSL|PSC|PEN,"2014 PMN--PEN, omitting PP",,,,,,PMN; PHS; PMDB; PSD; PSDB; PTN; PRTB; PROS; PRP; PR; PRB; PTC; PSDC; PSL; PSC; PEN,1,PMN,PEN,PP,1,PMN|PHS|PMDB|PSD|PSDB|PTN|PRTB|PROS|PRP|PR|PRB|PTC|PSDC|PSL|PSC|PEN,16,False,48044982,0.49350117919554787,257,253.16610492731607,3.8338950726839327,4.8377196505858375,-1.0038245779019046,1.0151437929409415,3.8338950726839327,0.019108875779302075,-0.0039650828383606188,1.9108875779302075,-0.3965082838360619,True,4.8377196505858375,-1.0038245779019046,4.8377196505858375,-1.0038245779019046,11,27,1,True,proportion of all valid federal-deputy votes,proportion of coalition quota,proportion of coalition quota,percent of coalition quota,percent of coalition quota
k=1,seat_winning,2014,k1/2014/PHS|PMDB|PSD|PSDB|PTN|PRTB|PROS|PRP|PRB|PTC|PSDC|PSL|PP|PSC|PEN,"2014 PHS--PEN, omitting PR",,,,,,PHS; PMDB; PSD; PSDB; PTN; PRTB; PROS; PRP; PRB; PTC; PSDC; PSL; PP; PSC; PEN,1,PHS,PEN,PR,1,PHS|PMDB|PSD|PSDB|PTN|PRTB|PROS|PRP|PRB|PTC|PSDC|PSL|PP|PSC|PEN,15,False,48370781,0.49684767208591324,258,254.88285578007347,3.117144219926518,2.2661679426557191,0.85097627727079861,1.0122297131770062,2.117144219926518,0.0088910175449818784,0.0033386956320242515,0.88910175449818785,0.33386956320242517,True,2.2661679426557191,0.85097627727079861,2.2661679426557191,0.85097627727079861,12,27,1,True,proportion of all valid federal-deputy votes,proportion of coalition quota,proportion of coalition quota,percent of coalition quota,percent of coalition quota
k=1,seat_winning,2014,k1/2014/PHS|PMDB|PSD|PTN|PRTB|PROS|PRP|PR|PRB|PTC|PSDC|PSL|PP|PSC|PEN|DEM,"2014 PHS--DEM, omitting PSDB",,,,,,PHS; PMDB; PSD; PTN; PRTB; PROS; PRP; PR; PRB; PTC; PSDC; PSL; PP; PSC; PEN; DEM,1,PHS,DEM,PSDB,1,PHS|PMDB|PSD|PTN|PRTB|PROS|PRP|PR|PRB|PTC|PSDC|PSL|PP|PSC|PEN|DEM,16,False,47003072,0.48279904564878889,259,247.6759104178287,11.324089582171311,6.4784186405421353,4.8456709416291748,1.0457214008543165,9.324089582171311,0.026156837900032582,0.01956456295428384,2.6156837900032581,1.9564562954283842,True,6.4784186405421353,4.8456709416291748,6.4784186405421353,4.8456709416291748,12,28,1,True,proportion of all valid federal-deputy votes,proportion of coalition quota,proportion of coalition quota,percent of coalition quota,percent of coalition quota
k=1,seat_winning,2014,k1/2014/PMDB|PSD|PSDB|PTN|PRTB|PRP|PR|PRB|PTC|PSDC|PSL|PP,"2014 PMDB--PP, omitting PROS",,,,,,PMDB; PSD; PSDB; PTN; PRTB; PRP; PR; PRB; PTC; PSDC; PSL; PP,1,PMDB,PP,PROS,1,PMDB|PSD|PSDB|PTN|PRTB|PRP|PR|PRB|PTC|PSDC|PSL|PP,12,False,47897711,0.4919884632128193,261,252.39008162817629,8.6099183718237011,9.5249994117964008,-0.91508103997270096,1.0341135369356864,4.6099183718237002,0.037739198586372064,-0.0036256616506856552,3.7739198586372069,-0.36256616506856554,True,9.5249994117964008,-0.91508103997270096,9.5249994117964008,-0.91508103997270096,13,25,1,True,proportion of all valid federal-deputy votes,proportion of coalition quota,proportion of coalition quota,percent of coalition quota,percent of coalition quota
k=1,seat_winning,2014,k1/2014/PMDB|PSD|PSDB|PTN|PRTB|PROS|PR|PRB|PTC|PSDC|PSL|PP,"2014 PMDB--PP, omitting PRP",,,,,,PMDB; PSD; PSDB; PTN; PRTB; PROS; PR; PRB; PTC; PSDC; PSL; PP,1,PMDB,PP,PRP,1,PMDB|PSD|PSDB|PTN|PRTB|PROS|PR|PRB|PTC|PSDC|PSL|PP,12,False,49150003,0.50485156676642562,269,258.98885375117635,10.011146248823666,10.556243949326628,-0.54509770050296302,1.0386547378538611,-1.9888537511763349,0.040759452758026969,-0.0021047149041659757,4.0759452758026971,-0.21047149041659757,False,10.556243949326628,-0.54509770050296302,10.556243949326628,-0.54509770050296302,13,25,1,True,proportion of all valid federal-deputy votes,proportion of coalition quota,proportion of coalition quota,percent of coalition quota,percent of coalition quota
k=1,seat_winning,2014,k1/2014/PMDB|PSD|PSDB|PTN|PROS|PRP|PR|PRB|PTC|PSDC|PSL|PP,"2014 PMDB--PP, omitting PRTB",,,,,,PMDB; PSD; PSDB; PTN; PROS; PRP; PR; PRB; PTC; PSDC; PSL; PP,1,PMDB,PP,PRTB,1,PMDB|PSD|PSDB|PTN|PROS|PRP|PR|PRB|PTC|PSDC|PSL|PP,12,False,49420638,0.50763143442527059,271,260.41492586016381,10.585074139836212,11.255639965383507,-0.67056582554729349,1.0406469564095575,-3.4149258601637871,0.043221946392686797,-0.0025749899831293476,4.3221946392686794,-0.25749899831293477,False,11.255639965383507,-0.67056582554729349,11.255639965383507,-0.67056582554729349,13,25,1,True,proportion of all valid federal-deputy votes,proportion of coalition quota,proportion of coalition quota,percent of coalition quota,percent of coalition quota
k=1,seat_winning,2014,k1/2014/PMDB|PSD|PSDB|PTN|PRTB|PROS|PRP|PR|PRB|PTC|PSL|PP,"2014 PMDB--PP, omitting PSDC",,,,,,PMDB; PSD; PSDB; PTN; PRTB; PROS; PRP; PR; PRB; PTC; PSL; PP,1,PMDB,PP,PSDC,1,PMDB|PSD|PSDB|PTN|PRTB|PROS|PRP|PR|PRB|PTC|PSL|PP,12,False,49364892,0.50705883109417893,270,260.1211803513138,9.8788196486861928,10.606876715968303,-0.72805706728210995,1.037977759578609,-3.1211803513138063,0.040776674554693679,-0.0027989149760846558,4.0776674554693679,-0.2798914976084656,False,10.606876715968303,-0.72805706728210995,10.606876715968303,-0.72805706728210995,13,25,1,True,proportion of all valid federal-deputy votes,proportion of coalition quota,proportion of coalition quota,percent of coalition quota,percent of coalition quota
k=1,seat_winning,2014,k1/2014/PMDB|PSD|PSDB|PTN|PRTB|PROS|PRP|PR|PRB|PTC|PSDC|PP,"2014 PMDB--PP, omitting PSL",,,,,,PMDB; PSD; PSDB; PTN; PRTB; PROS; PRP; PR; PRB; PTC; PSDC; PP,1,PMDB,PP,PSL,1,PMDB|PSD|PSDB|PTN|PRTB|PROS|PRP|PR|PRB|PTC|PSDC|PP,12,False,49066118,0.50398992951122135,271,258.54683383925652,12.453166160743455,12.638639560831379,-0.18547340008792448,1.0481659975325237,-1.5468338392565446,0.048883366209346274,-0.00071736867682253966,4.888336620934628,-0.071736867682253971,False,12.638639560831379,-0.18547340008792448,12.638639560831379,-0.18547340008792448,13,25,1,True,proportion of all valid federal-deputy votes,proportion of coalition quota,proportion of coalition quota,percent of coalition quota,percent of coalition quota
k=1,seat_winning,2014,k1/2014/PMDB|PSD|PSDB|PTN|PRTB|PROS|PRP|PR|PRB|PSDC|PSL|PP,"2014 PMDB--PP, omitting PTC",,,,,,PMDB; PSD; PSDB; PTN; PRTB; PROS; PRP; PR; PRB; PSDC; PSL; PP,1,PMDB,PP,PTC,1,PMDB|PSD|PSDB|PTN|PRTB|PROS|PRP|PR|PRB|PSDC|PSL|PP,12,False,49536711,0.5088236955103671,270,261.02655579681834,8.9734442031816766,9.2076529267170244,-0.23420872353534816,1.0343775144861758,-4.0265557968183243,0.035274774624403399,-0.00089726013822767896,3.5274774624403396,-0.089726013822767903,False,9.2076529267170244,-0.23420872353534816,9.2076529267170244,-0.23420872353534816,13,25,1,True,proportion of all valid federal-deputy votes,proportion of coalition quota,proportion of coalition quota,percent of coalition quota,percent of coalition quota
k=1,seat_winning,2014,k1/2014/PMDB|PSD|PSDB|PRTB|PROS|PRP|PR|PRB|PTC|PSDC|PSL|PP,"2014 PMDB--PP, omitting PTN",,,,,,PMDB; PSD; PSDB; PRTB; PROS; PRP; PR; PRB; PTC; PSDC; PSL; PP,1,PMDB,PP,PTN,1,PMDB|PSD|PSDB|PRTB|PROS|PRP|PR|PRB|PTC|PSDC|PSL|PP,12,False,49151646,0.5048684430853182,268,258.9975113027682,9.0024886972317919,8.9512238259336154,0.051264871298177257,1.0347589776131396,-1.9975113027682072,0.034561041845184493,0.000197935767955116,3.4561041845184493,0.019793576795511598,False,8.9512238259336154,0.051264871298177257,8.9512238259336154,0.051264871298177257,13,25,1,True,proportion of all valid federal-deputy votes,proportion of coalition quota,proportion of coalition quota,percent of coalition quota,percent of coalition quota
k=1,seat_winning,2014,k1/2014/PMDB|PSD|PSDB|PTN|PRTB|PROS|PRP|PR|PTC|PSDC|PSL|PP|PSC,"2014 PMDB--PSC, omitting PRB",,,,,,PMDB; PSD; PSDB; PTN; PRTB; PROS; PRP; PR; PTC; PSDC; PSL; PP; PSC,1,PMDB,PSC,PRB,1,PMDB|PSD|PSDB|PTN|PRTB|PROS|PRP|PR|PTC|PSDC|PSL|PP|PSC,13,False,47970425,0.49273535587986256,264,252.77323756636949,11.226762433630512,9.1535539595537809,2.0732084740767305,1.0444143634101406,4.2267624336305119,0.036212512240938383,0.0082018511692021102,3.6212512240938386,0.82018511692021101,True,9.1535539595537809,2.0732084740767305,9.1535539595537809,2.0732084740767305,13,26,1,True,proportion of all valid federal-deputy votes,proportion of coalition quota,proportion of coalition quota,percent of coalition quota,percent of coalition quota
k=1,seat_winning,2014,k1/2014/PMDB|PSD|PSDB|PTN|PRTB|PROS|PRP|PR|PRB|PTC|PSDC|PSL|PSC|PEN|DEM,"2014 PMDB--DEM, omitting PP",,,,,,PMDB; PSD; PSDB; PTN; PRTB; PROS; PRP; PR; PRB; PTC; PSDC; PSL; PSC; PEN; DEM,1,PMDB,DEM,PP,1,PMDB|PSD|PSDB|PTN|PRTB|PROS|PRP|PR|PRB|PTC|PSDC|PSL|PSC|PEN|DEM,15,False,50718928,0.52096701327797545,270,267.25607781160141,2.7439221883985958,4.5068401660145501,-1.7629179776159543,1.0102670151072595,-10.256077811601404,0.016863377637351944,-0.0065963625300925789,1.6863377637351944,-0.65963625300925788,False,4.5068401660145501,-1.7629179776159543,4.5068401660145501,-1.7629179776159543,13,28,1,True,proportion of all valid federal-deputy votes,proportion of coalition quota,proportion of coalition quota,percent of coalition quota,percent of coalition quota
k=1,seat_winning,2014,k1/2014/PMDB|PSD|PSDB|PTN|PRTB|PROS|PRP|PRB|PTC|PSDC|PSL|PP|PSC|PEN|DEM,"2014 PMDB--DEM, omitting PR",,,,,,PMDB; PSD; PSDB; PTN; PRTB; PROS; PRP; PRB; PTC; PSDC; PSL; PP; PSC; PEN; DEM,1,PMDB,DEM,PR,1,PMDB|PSD|PSDB|PTN|PRTB|PROS|PRP|PRB|PTC|PSDC|PSL|PP|PSC|PEN|DEM,15,False,51513200,0.52912549627214134,274,271.44137958760848,2.5586204123914951,2.1086025090280187,0.45001790336347647,1.0094260514600932,-14.441379587608505,0.0077681689955729875,0.0016578824645202331,0.77681689955729871,0.16578824645202331,False,2.1086025090280187,0.45001790336347647,2.1086025090280187,0.45001790336347647,13,28,1,True,proportion of all valid federal-deputy votes,proportion of coalition quota,proportion of coalition quota,percent of coalition quota,percent of coalition quota
k=1,seat_winning,2014,k1/2014/PMDB|PSDB|PTN|PRTB|PROS|PRP|PR|PRB|PTC|PSDC|PSL|PP|PSC|PEN|DEM,"2014 PMDB--DEM, omitting PSD",,,,,,PMDB; PSDB; PTN; PRTB; PROS; PRP; PR; PRB; PTC; PSDC; PSL; PP; PSC; PEN; DEM,1,PMDB,DEM,PSD,1,PMDB|PSDB|PTN|PRTB|PROS|PRP|PR|PRB|PTC|PSDC|PSL|PP|PSC|PEN|DEM,15,False,51180766,0.52571085099233472,272,269.68966655906775,2.3103334409322778,2.505499389205593,-0.19516594827331513,1.0085666368697381,-12.689666559067723,0.0092903054876848079,-0.00072366861794673058,0.92903054876848079,-0.072366861794673054,False,2.505499389205593,-0.19516594827331513,2.505499389205593,-0.19516594827331513,13,28,1,True,proportion of all valid federal-deputy votes,proportion of coalition quota,proportion of coalition quota,percent of coalition quota,percent of coalition quota
k=0,seat_winning,2018,k0/2018/PT|PDT|PSB|REDE|PPS|PV|PTB|AVANTE|SOLIDARIEDADE|PMN|PHS|MDB|PSD|PSDB,2018 PT--PSDB,,,,,,PT; PDT; PSB; REDE; PPS; PV; PTB; AVANTE; SOLIDARIEDADE; PMN; PHS; MDB; PSD; PSDB,1,PT,PSDB,,0,PT|PDT|PSB|REDE|PPS|PV|PTB|AVANTE|SOLIDARIEDADE|PMN|PHS|MDB|PSD|PSDB,14,True,49083988,0.49951043203022383,267,256.24885163150481,10.751148368495176,6.5677682988018651,4.1833800696933112,1.0419558889729414,0.75114836849517608,0.025630430173582023,0.016325458799359475,2.5630430173582024,1.6325458799359476,True,6.5677682988018651,4.1833800696933112,6.5677682988018651,4.1833800696933112,3,16,0,True,proportion of all valid federal-deputy votes,proportion of coalition quota,proportion of coalition quota,percent of coalition quota,percent of coalition quota
k=0,seat_winning,2018,k0/2018/PDT|PSB|REDE|PPS|PV|PTB|AVANTE|SOLIDARIEDADE|PMN|PHS|MDB|PSD|PSDB|PODE|PPL|PROS|PRP|PR,2018 PDT--PR,,,,,,PDT; PSB; REDE; PPS; PV; PTB; AVANTE; SOLIDARIEDADE; PMN; PHS; MDB; PSD; PSDB; PODE; PPL; PROS; PRP; PR,1,PDT,PR,,0,PDT|PSB|REDE|PPS|PV|PTB|AVANTE|SOLIDARIEDADE|PMN|PHS|MDB|PSD|PSDB|PODE|PPL|PROS|PRP|PR,18,False,49712404,0.50590559999527807,268,259.52957279757766,8.4704272024223677,2.6195404581865289,5.8508867442358383,1.0326376185616002,-2.5295727975776323,0.01009341798681903,0.022544200574781084,1.0093417986819031,2.2544200574781081,False,2.6195404581865289,5.8508867442358383,2.6195404581865289,5.8508867442358383,4,21,0,True,proportion of all valid federal-deputy votes,proportion of coalition quota,proportion of coalition quota,percent of coalition quota,percent of coalition quota
k=0,seat_winning,2018,k0/2018/PSB|REDE|PPS|PV|PTB|AVANTE|SOLIDARIEDADE|PMN|PHS|MDB|PSD|PSDB|PODE|PPL|PROS|PRP|PR|PRB,2018 PSB--PRB,,,,,,PSB; REDE; PPS; PV; PTB; AVANTE; SOLIDARIEDADE; PMN; PHS; MDB; PSD; PSDB; PODE; PPL; PROS; PRP; PR; PRB,1,PSB,PRB,,0,PSB|REDE|PPS|PV|PTB|AVANTE|SOLIDARIEDADE|PMN|PHS|MDB|PSD|PSDB|PODE|PPL|PROS|PRP|PR|PRB,18,False,50135047,0.51020668872353192,269,261.73603131517189,7.2639686848281153,3.8983476354793765,3.3656210493487384,1.0277530328870965,-4.7360313151718847,0.014894195559896546,0.012858837327200069,1.4894195559896546,1.285883732720007,False,3.8983476354793765,3.3656210493487384,3.8983476354793765,3.3656210493487384,5,22,0,True,proportion of all valid federal-deputy votes,proportion of coalition quota,proportion of coalition quota,percent of coalition quota,percent of coalition quota
k=0,seat_winning,2018,k0/2018/SOLIDARIEDADE|PMN|PHS|MDB|PSD|PSDB|PODE|PPL|PROS|PRP|PR|PRB|PTC|DC|PSL,2018 SOLIDARIEDADE--PSL,,,,,,SOLIDARIEDADE; PMN; PHS; MDB; PSD; PSDB; PODE; PPL; PROS; PRP; PR; PRB; PTC; DC; PSL,1,SOLIDARIEDADE,PSL,,0,SOLIDARIEDADE|PMN|PHS|MDB|PSD|PSDB|PODE|PPL|PROS|PRP|PR|PRB|PTC|DC|PSL,15,False,49254886,0.50124960069380309,262,257.14104515592101,4.8589548440790082,7.3554922478048637,-2.4965374037258554,1.0188960686580888,-0.14104515592099218,0.028604893642493984,-0.0097088249844051386,2.8604893642493985,-0.97088249844051377,False,7.3554922478048637,-2.4965374037258554,7.3554922478048637,-2.4965374037258554,11,25,0,True,proportion of all valid federal-deputy votes,proportion of coalition quota,proportion of coalition quota,percent of coalition quota,percent of coalition quota
k=0,seat_winning,2018,k0/2018/PMN|PHS|MDB|PSD|PSDB|PODE|PPL|PROS|PRP|PR|PRB|PTC|DC|PSL|NOVO,2018 PMN--NOVO,,,,,,PMN; PHS; MDB; PSD; PSDB; PODE; PPL; PROS; PRP; PR; PRB; PTC; DC; PSL; NOVO,1,PMN,NOVO,,0,PMN|PHS|MDB|PSD|PSDB|PODE|PPL|PROS|PRP|PR|PRB|PTC|DC|PSL|NOVO,15,False,50049895,0.50934012685597874,257,261.2914850771171,-4.2914850771171063,1.4802933244885568,-5.7717784016056628,0.98357587092495369,-4.2914850771171063,0.0056652949255183941,-0.022089424000564697,0.56652949255183938,-2.2089424000564697,False,1.4802933244885568,-5.7717784016056628,1.4802933244885568,-5.7717784016056628,12,26,0,True,proportion of all valid federal-deputy votes,proportion of coalition quota,proportion of coalition quota,percent of coalition quota,percent of coalition quota
k=0,seat_winning,2018,k0/2018/MDB|PSD|PSDB|PODE|PPL|PROS|PRP|PR|PRB|PTC|DC|PSL|NOVO|PP,2018 MDB--PP,,,,,,MDB; PSD; PSDB; PODE; PPL; PROS; PRP; PR; PRB; PTC; DC; PSL; NOVO; PP,1,MDB,PP,,0,MDB|PSD|PSDB|PODE|PPL|PROS|PRP|PR|PRB|PTC|DC|PSL|NOVO|PP,14,False,53395481,0.54338697545870984,285,278.75751841031814,6.2424815896818568,11.640453013509761,-5.3979714238279044,1.0223939487812961,-21.757518410318145,0.041758346393282041,-0.019364397611985985,4.1758346393282038,-1.9364397611985986,False,11.640453013509761,-5.3979714238279044,11.640453013509761,-5.3979714238279044,14,27,0,True,proportion of all valid federal-deputy votes,proportion of coalition quota,proportion of coalition quota,percent of coalition quota,percent of coalition quota
k=0,seat_winning,2018,k0/2018/PSD|PSDB|PODE|PPL|PROS|PRP|PR|PRB|PTC|DC|PSL|NOVO|PP|PSC,2018 PSD--PSC,,,,,,PSD; PSDB; PODE; PPL; PROS; PRP; PR; PRB; PTC; DC; PSL; NOVO; PP; PSC,1,PSD,PSC,,0,PSD|PSDB|PODE|PPL|PROS|PRP|PR|PRB|PTC|DC|PSL|NOVO|PP|PSC,14,False,49675331,0.50552832115137769,258,259.33602875065679,-1.3360287506567754,4.229054139994088,-5.5650828906508636,0.99484827173033741,-2.3360287506567752,0.016307237217934679,-0.02145896548759722,1.630723721793468,-2.1458965487597217,False,4.229054139994088,-5.5650828906508636,4.229054139994088,-5.5650828906508636,15,28,0,True,proportion of all valid federal-deputy votes,proportion of coalition quota,proportion of coalition quota,percent of coalition quota,percent of coalition quota
k=0,seat_winning,2018,k0/2018/PSDB|PODE|PPL|PROS|PRP|PR|PRB|PTC|DC|PSL|NOVO|PP|PSC|PATRIOTA|DEM,2018 PSDB--DEM,,,,,,PSDB; PODE; PPL; PROS; PRP; PR; PRB; PTC; DC; PSL; NOVO; PP; PSC; PATRIOTA; DEM,1,PSDB,DEM,,0,PSDB|PODE|PPL|PROS|PRP|PR|PRB|PTC|DC|PSL|NOVO|PP|PSC|PATRIOTA|DEM,15,False,49939789,0.50821961693267914,257,260.71666348646437,-3.7166634864643977,1.776163712513456,-5.4928271989778539,0.98574443444940241,-3.7166634864643977,0.0068126206003156714,-0.021068186150913305,0.68126206003156708,-2.1068186150913304,False,1.776163712513456,-5.4928271989778539,1.776163712513456,-5.4928271989778539,16,30,0,True,proportion of all valid federal-deputy votes,proportion of coalition quota,proportion of coalition quota,percent of coalition quota,percent of coalition quota
k=1,seat_winning,2018,k1/2018/PSOL|PCdoB|PT|PSB|REDE|PPS|PV|PTB|AVANTE|SOLIDARIEDADE|PMN|PHS|MDB|PSD|PSDB,"2018 PSOL--PSDB, omitting PDT",,,,,,PSOL; PCdoB; PT; PSB; REDE; PPS; PV; PTB; AVANTE; SOLIDARIEDADE; PMN; PHS; MDB; PSD; PSDB,1,PSOL,PSDB,PDT,1,PSOL|PCdoB|PT|PSB|REDE|PPS|PV|PTB|AVANTE|SOLIDARIEDADE|PMN|PHS|MDB|PSD|PSDB,15,False,48635612,0.49494746763800729,258,253.90805089829774,4.0919491017022578,1.3620908747652676,2.7298582269369902,1.0161158698482597,3.0919491017022578,0.005364504472963127,0.010751365375296543,0.53645044729631275,1.0751365375296542,True,1.3620908747652676,2.7298582269369902,1.3620908747652676,2.7298582269369902,1,16,1,True,proportion of all valid federal-deputy votes,proportion of coalition quota,proportion of coalition quota,percent of coalition quota,percent of coalition quota
k=1,seat_winning,2018,k1/2018/PSOL|PCdoB|PT|PDT|PSB|REDE|PPS|PV|PTB|AVANTE|SOLIDARIEDADE|PMN|PHS|PSD|PSDB|PODE,"2018 PSOL--PODE, omitting MDB",,,,,,PSOL; PCdoB; PT; PDT; PSB; REDE; PPS; PV; PTB; AVANTE; SOLIDARIEDADE; PMN; PHS; PSD; PSDB; PODE,1,PSOL,PODE,MDB,1,PSOL|PCdoB|PT|PDT|PSB|REDE|PPS|PV|PTB|AVANTE|SOLIDARIEDADE|PMN|PHS|PSD|PSDB|PODE,16,False,50000913,0.5088416543198494,263,261.03576866608273,1.9642313339172695,-0.247400344355448,2.2116316782727172,1.007524759323041,-4.0357686660827303,-0.00094776415362418328,0.008472523476665144,-0.09477641536241832,0.84725234766651436,False,-0.247400344355448,2.2116316782727172,-0.247400344355448,2.2116316782727172,1,17,1,True,proportion of all valid federal-deputy votes,proportion of coalition quota,proportion of coalition quota,percent of coalition quota,percent of coalition quota
k=1,seat_winning,2018,k1/2018/PSOL|PCdoB|PT|PDT|REDE|PPS|PV|PTB|AVANTE|SOLIDARIEDADE|PMN|PHS|MDB|PSD|PSDB|PODE,"2018 PSOL--PODE, omitting PSB",,,,,,PSOL; PCdoB; PT; PDT; REDE; PPS; PV; PTB; AVANTE; SOLIDARIEDADE; PMN; PHS; MDB; PSD; PSDB; PODE,1,PSOL,PODE,PSB,1,PSOL|PCdoB|PT|PDT|REDE|PPS|PV|PTB|AVANTE|SOLIDARIEDADE|PMN|PHS|MDB|PSD|PSDB|PODE,16,False,50018819,0.50902387736570154,265,261.12924908860492,3.8707509113950871,0.51099681733617308,3.3597540940589141,1.0148231227444064,-4.1292490886049134,0.0019568731542699931,0.012866249590136497,0.19568731542699933,1.2866249590136496,False,0.51099681733617308,3.3597540940589141,0.51099681733617308,3.3597540940589141,1,17,1,True,proportion of all valid federal-deputy votes,proportion of coalition quota,proportion of coalition quota,percent of coalition quota,percent of coalition quota
k=1,seat_winning,2018,k1/2018/PSOL|PCdoB|PT|PDT|PSB|REDE|PPS|PV|PTB|AVANTE|SOLIDARIEDADE|PMN|PHS|MDB|PSDB|PODE,"2018 PSOL--PODE, omitting PSD",,,,,,PSOL; PCdoB; PT; PDT; PSB; REDE; PPS; PV; PTB; AVANTE; SOLIDARIEDADE; PMN; PHS; MDB; PSDB; PODE,1,PSOL,PODE,PSD,1,PSOL|PCdoB|PT|PDT|PSB|REDE|PPS|PV|PTB|AVANTE|SOLIDARIEDADE|PMN|PHS|MDB|PSDB|PODE,16,False,49691807,0.50569599159164702,262,259.42204368651488,2.5779563134851058,-0.17261530680571699,2.7505716202908226,1.0099373063169617,-2.4220436865148942,-0.00066538411444443406,0.010602690431406084,-0.066538411444443404,1.0602690431406085,False,-0.17261530680571699,2.7505716202908226,-0.17261530680571699,2.7505716202908226,1,17,1,True,proportion of all valid federal-deputy votes,proportion of coalition quota,proportion of coalition quota,percent of coalition quota,percent of coalition quota
k=1,seat_winning,2018,k1/2018/PCdoB|PT|PDT|PSB|REDE|PPS|PV|PTB|AVANTE|PMN|PHS|MDB|PSD|PSDB,"2018 PCdoB--PSDB, omitting SOLIDARIEDADE",,,,,,PCdoB; PT; PDT; PSB; REDE; PPS; PV; PTB; AVANTE; PMN; PHS; MDB; PSD; PSDB,1,PCdoB,PSDB,SOLIDARIEDADE,1,PCdoB|PT|PDT|PSB|REDE|PPS|PV|PTB|AVANTE|PMN|PHS|MDB|PSD|PSDB,14,False,48460493,0.4931653433463401,263,252.99382113667247,10.006178863327525,6.8900232930006267,3.116155570326899,1.0395510800159897,4.0061788633275253,0.027233958766441548,0.012317121249548176,2.7233958766441546,1.2317121249548177,True,6.8900232930006267,3.116155570326899,6.8900232930006267,3.116155570326899,2,16,1,True,proportion of all valid federal-deputy votes,proportion of coalition quota,proportion of coalition quota,percent of coalition quota,percent of coalition quota
k=1,seat_winning,2018,k1/2018/PCdoB|PT|PSB|REDE|PPS|PV|PTB|AVANTE|SOLIDARIEDADE|PMN|PHS|MDB|PSD|PSDB|PODE,"2018 PCdoB--PODE, omitting PDT",,,,,,PCdoB; PT; PSB; REDE; PPS; PV; PTB; AVANTE; SOLIDARIEDADE; PMN; PHS; MDB; PSD; PSDB; PODE,1,PCdoB,PODE,PDT,1,PCdoB|PT|PSB|REDE|PPS|PV|PTB|AVANTE|SOLIDARIEDADE|PMN|PHS|MDB|PSD|PSDB|PODE,15,False,48094998,0.48944582965574746,259,251.08571061339842,7.9142893866015687,4.4066021026281774,3.5076872839733908,1.0315202699797894,5.9142893866015687,0.01755019069728388,0.013970079282505429,1.7550190697283881,1.3970079282505428,True,4.4066021026281774,3.5076872839733908,4.4066021026281774,3.5076872839733908,2,17,1,True,proportion of all valid federal-deputy votes,proportion of coalition quota,proportion of coalition quota,percent of coalition quota,percent of coalition quota
k=1,seat_winning,2018,k1/2018/PCdoB|PT|PDT|PSB|REDE|PPS|PV|PTB|AVANTE|SOLIDARIEDADE|PMN|PHS|MDB|PSD|PODE,"2018 PCdoB--PODE, omitting PSDB",,,,,,PCdoB; PT; PDT; PSB; REDE; PPS; PV; PTB; AVANTE; SOLIDARIEDADE; PMN; PHS; MDB; PSD; PODE,1,PCdoB,PODE,PSDB,1,PCdoB|PT|PDT|PSB|REDE|PPS|PV|PTB|AVANTE|SOLIDARIEDADE|PMN|PHS|MDB|PSD|PODE,15,True,46765077,0.47591169275399309,257,244.14269838279844,12.857301617201546,7.0884511179862448,5.7688504992153007,1.0526630601790197,12.857301617201546,0.029034049205403867,0.023629010973615736,2.9034049205403867,2.3629010973615734,True,7.0884511179862448,5.7688504992153007,7.0884511179862448,5.7688504992153007,2,17,1,True,proportion of all valid federal-deputy votes,proportion of coalition quota,proportion of coalition quota,percent of coalition quota,percent of coalition quota
k=1,seat_winning,2018,k1/2018/PCdoB|PT|PDT|PSB|REDE|PPS|PV|PTB|AVANTE|SOLIDARIEDADE|PMN|PHS|PSD|PSDB|PODE|PPL|PROS,"2018 PCdoB--PROS, omitting MDB",,,,,,PCdoB; PT; PDT; PSB; REDE; PPS; PV; PTB; AVANTE; SOLIDARIEDADE; PMN; PHS; PSD; PSDB; PODE; PPL; PROS,1,PCdoB,PROS,MDB,1,PCdoB|PT|PDT|PSB|REDE|PPS|PV|PTB|AVANTE|SOLIDARIEDADE|PMN|PHS|PSD|PSDB|PODE|PPL|PROS,17,False,49651101,0.50528174098824807,262,259.20953312697128,2.7904668730287199,-1.112627260880243,3.9030941339089629,1.010765294159385,-2.2095331269712801,-0.0042923855749365256,0.015057679734321615,-0.42923855749365253,1.5057679734321614,False,-1.112627260880243,3.9030941339089629,-1.112627260880243,3.9030941339089629,2,19,1,True,proportion of all valid federal-deputy votes,proportion of coalition quota,proportion of coalition quota,percent of coalition quota,percent of coalition quota
k=1,seat_winning,2018,k1/2018/PCdoB|PT|PDT|REDE|PPS|PV|PTB|AVANTE|SOLIDARIEDADE|PMN|PHS|MDB|PSD|PSDB|PODE|PPL|PROS,"2018 PCdoB--PROS, omitting PSB",,,,,,PCdoB; PT; PDT; REDE; PPS; PV; PTB; AVANTE; SOLIDARIEDADE; PMN; PHS; MDB; PSD; PSDB; PODE; PPL; PROS,1,PCdoB,PROS,PSB,1,PCdoB|PT|PDT|REDE|PPS|PV|PTB|AVANTE|SOLIDARIEDADE|PMN|PHS|MDB|PSD|PSDB|PODE|PPL|PROS,17,False,49669007,0.50546396403410032,264,259.30301354949347,4.6969864505065377,-0.35423009918862192,5.0512165496951598,1.0181138907188598,-2.3030135494934623,-0.0013660855473282404,0.019479976266188005,-0.13660855473282404,1.9479976266188006,False,-0.35423009918862192,5.0512165496951598,-0.35423009918862192,5.0512165496951598,2,19,1,True,proportion of all valid federal-deputy votes,proportion of coalition quota,proportion of coalition quota,percent of coalition quota,percent of coalition quota
k=1,seat_winning,2018,k1/2018/PCdoB|PT|PDT|PSB|REDE|PPS|PV|PTB|AVANTE|SOLIDARIEDADE|PMN|PHS|MDB|PSDB|PODE|PPL|PROS,"2018 PCdoB--PROS, omitting PSD",,,,,,PCdoB; PT; PDT; PSB; REDE; PPS; PV; PTB; AVANTE; SOLIDARIEDADE; PMN; PHS; MDB; PSDB; PODE; PPL; PROS,1,PCdoB,PROS,PSD,1,PCdoB|PT|PDT|PSB|REDE|PPS|PV|PTB|AVANTE|SOLIDARIEDADE|PMN|PHS|MDB|PSDB|PODE|PPL|PROS,17,False,49341995,0.50213607826004569,261,257.59580814740343,3.4041918525965564,-1.037842223330512,4.4420340759270687,1.0132152455316688,-0.59580814740344368,-0.0040289561805937069,0.017244201712262389,-0.40289561805937074,1.7244201712262388,False,-1.037842223330512,4.4420340759270687,-1.037842223330512,4.4420340759270687,2,19,1,True,proportion of all valid federal-deputy votes,proportion of coalition quota,proportion of coalition quota,percent of coalition quota,percent of coalition quota
k=1,seat_winning,2018,k1/2018/PT|PDT|PSB|REDE|PPS|PV|PTB|SOLIDARIEDADE|PMN|PHS|MDB|PSD|PSDB,"2018 PT--PSDB, omitting AVANTE",,,,,,PT; PDT; PSB; REDE; PPS; PV; PTB; SOLIDARIEDADE; PMN; PHS; MDB; PSD; PSDB,1,PT,PSDB,AVANTE,1,PT|PDT|PSB|REDE|PPS|PV|PTB|SOLIDARIEDADE|PMN|PHS|MDB|PSD|PSDB,13,False,47229973,0.48064277535895833,260,246.56974375914564,13.430256240854375,9.7417983109127793,3.6884579299415954,1.0544683870620124,10.430256240854375,0.039509301353813982,0.014959085708198474,3.9509301353813981,1.4959085708198474,True,9.7417983109127793,3.6884579299415954,9.7417983109127793,3.6884579299415954,3,16,1,True,proportion of all valid federal-deputy votes,proportion of coalition quota,proportion of coalition quota,percent of coalition quota,percent of coalition quota
k=1,seat_winning,2018,k1/2018/PT|PDT|PSB|REDE|PPS|PV|PTB|AVANTE|SOLIDARIEDADE|PMN|MDB|PSD|PSDB,"2018 PT--PSDB, omitting PHS",,,,,,PT; PDT; PSB; REDE; PPS; PV; PTB; AVANTE; SOLIDARIEDADE; PMN; MDB; PSD; PSDB,1,PT,PSDB,PHS,1,PT|PDT|PSB|REDE|PPS|PV|PTB|AVANTE|SOLIDARIEDADE|PMN|MDB|PSD|PSDB,13,False,47655451,0.48497271488219668,261,248.79100273456689,12.208997265433114,8.7602364481473138,3.4487608172858013,1.0490733070377902,8.2089972654331138,0.03521122690073137,0.013862080137058882,3.5211226900731369,1.3862080137058881,True,8.7602364481473138,3.4487608172858013,8.7602364481473138,3.4487608172858013,3,16,1,True,proportion of all valid federal-deputy votes,proportion of coalition quota,proportion of coalition quota,percent of coalition quota,percent of coalition quota
k=1,seat_winning,2018,k1/2018/PT|PDT|PSB|REDE|PPS|PV|PTB|AVANTE|SOLIDARIEDADE|PHS|MDB|PSD|PSDB,"2018 PT--PSDB, omitting PMN",,,,,,PT; PDT; PSB; REDE; PPS; PV; PTB; AVANTE; SOLIDARIEDADE; PHS; MDB; PSD; PSDB,1,PT,PSDB,PMN,1,PT|PDT|PSB|REDE|PPS|PV|PTB|AVANTE|SOLIDARIEDADE|PHS|MDB|PSD|PSDB,13,False,48449533,0.49305380729236153,264,252.93660314098148,11.06339685901853,7.2166832091338664,3.8467136498846628,1.0437398016800756,4.0633968590185292,0.028531589020792857,0.015208212659282795,2.8531589020792856,1.5208212659282796,True,7.2166832091338664,3.8467136498846628,7.2166832091338664,3.8467136498846628,3,16,1,True,proportion of all valid federal-deputy votes,proportion of coalition quota,proportion of coalition quota,percent of coalition quota,percent of coalition quota
k=1,seat_winning,2018,k1/2018/PT|PDT|PSB|REDE|PV|PTB|AVANTE|SOLIDARIEDADE|PMN|PHS|MDB|PSD|PSDB,"2018 PT--PSDB, omitting PPS",,,,,,PT; PDT; PSB; REDE; PV; PTB; AVANTE; SOLIDARIEDADE; PMN; PHS; MDB; PSD; PSDB,1,PT,PSDB,PPS,1,PT|PDT|PSB|REDE|PV|PTB|AVANTE|SOLIDARIEDADE|PMN|PHS|MDB|PSD|PSDB,13,False,47493627,0.48332588911586205,259,247.94618111643723,11.053818883562771,6.58294286701899,4.4708760165437811,1.0445815250462431,9.0538188835627711,0.026549886097772139,0.018031638948470947,2.654988609777214,1.8031638948470947,True,6.58294286701899,4.4708760165437811,6.58294286701899,4.4708760165437811,3,16,1,True,proportion of all valid federal-deputy votes,proportion of coalition quota,proportion of coalition quota,percent of coalition quota,percent of coalition quota
k=1,seat_winning,2018,k1/2018/PT|PDT|PSB|REDE|PPS|PV|AVANTE|SOLIDARIEDADE|PMN|PHS|MDB|PSD|PSDB,"2018 PT--PSDB, omitting PTB",,,,,,PT; PDT; PSB; REDE; PPS; PV; AVANTE; SOLIDARIEDADE; PMN; PHS; MDB; PSD; PSDB,1,PT,PSDB,PTB,1,PT|PDT|PSB|REDE|PPS|PV|AVANTE|SOLIDARIEDADE|PMN|PHS|MDB|PSD|PSDB,13,False,47061269,0.47892593425946928,257,245.68900427510775,11.310995724892253,7.5996574582999949,3.7113382665922567,1.0460378589520714,11.310995724892253,0.030932021075678082,0.015105837876393214,3.0932021075678082,1.5105837876393213,True,7.5996574582999949,3.7113382665922567,7.5996574582999949,3.7113382665922567,3,16,1,True,proportion of all valid federal-deputy votes,proportion of coalition quota,proportion of coalition quota,percent of coalition quota,percent of coalition quota
k=1,seat_winning,2018,k1/2018/PT|PDT|PSB|REDE|PPS|PTB|AVANTE|SOLIDARIEDADE|PMN|PHS|MDB|PSD|PSDB,"2018 PT--PSDB, omitting PV",,,,,,PT; PDT; PSB; REDE; PPS; PTB; AVANTE; SOLIDARIEDADE; PMN; PHS; MDB; PSD; PSDB,1,PT,PSDB,PV,1,PT|PDT|PSB|REDE|PPS|PTB|AVANTE|SOLIDARIEDADE|PMN|PHS|MDB|PSD|PSDB,13,False,47491155,0.48330073244383331,263,247.93327574368649,15.066724256313515,10.576932328707585,4.489791927605931,1.0607692703253335,9.0667242563135151,0.042660398435755031,0.018108871889578389,4.2660398435755029,1.8108871889578388,True,10.576932328707585,4.489791927605931,10.576932328707585,4.489791927605931,3,16,1,True,proportion of all valid federal-deputy votes,proportion of coalition quota,proportion of coalition quota,percent of coalition quota,percent of coalition quota
k=1,seat_winning,2018,k1/2018/PT|PDT|PSB|PPS|PV|PTB|AVANTE|SOLIDARIEDADE|PMN|PHS|MDB|PSD|PSDB,"2018 PT--PSDB, omitting REDE",,,,,,PT; PDT; PSB; PPS; PV; PTB; AVANTE; SOLIDARIEDADE; PMN; PHS; MDB; PSD; PSDB,1,PT,PSDB,REDE,1,PT|PDT|PSB|PPS|PV|PTB|AVANTE|SOLIDARIEDADE|PMN|PHS|MDB|PSD|PSDB,13,False,48267204,0.49119830937394388,266,251.98473270883321,14.015267291166802,10.509328538870488,3.5059387522963137,1.0556195097238743,5.0152672911668024,0.041706211427554832,0.013913298296319421,4.1706211427554827,1.3913298296319423,True,10.509328538870488,3.5059387522963137,10.509328538870488,3.5059387522963137,3,16,1,True,proportion of all valid federal-deputy votes,proportion of coalition quota,proportion of coalition quota,percent of coalition quota,percent of coalition quota
k=1,seat_winning,2018,k1/2018/PT|PDT|PSB|REDE|PPS|PV|PTB|AVANTE|PMN|PHS|MDB|PSD|PSDB|PODE,"2018 PT--PODE, omitting SOLIDARIEDADE",,,,,,PT; PDT; PSB; REDE; PPS; PV; PTB; AVANTE; PMN; PHS; MDB; PSD; PSDB; PODE,1,PT,PODE,SOLIDARIEDADE,1,PT|PDT|PSB|REDE|PPS|PV|PTB|AVANTE|PMN|PHS|MDB|PSD|PSDB|PODE,14,False,49374238,0.50246420389767621,265,257.76413659950794,7.2358634004920814,5.2010743658614871,2.0347890346305944,1.028071645248829,-0.76413659950791835,0.02017764935989709,0.0078939958889318925,2.017764935989709,0.78939958889318917,False,5.2010743658614871,2.0347890346305944,5.2010743658614871,2.0347890346305944,3,17,1,True,proportion of all valid federal-deputy votes,proportion of coalition quota,proportion of coalition quota,percent of coalition quota,percent of coalition quota
k=1,seat_winning,2018,k1/2018/PT|PSB|REDE|PPS|PV|PTB|AVANTE|SOLIDARIEDADE|PMN|PHS|MDB|PSD|PSDB|PODE|PPL|PROS,"2018 PT--PROS, omitting PDT",,,,,,PT; PSB; REDE; PPS; PV; PTB; AVANTE; SOLIDARIEDADE; PMN; PHS; MDB; PSD; PSDB; PODE; PPL; PROS,1,PT,PROS,PDT,1,PT|PSB|REDE|PPS|PV|PTB|AVANTE|SOLIDARIEDADE|PMN|PHS|MDB|PSD|PSDB|PODE|PPL|PROS,16,False,49199545,0.50068641485774212,259,256.85213082202176,2.1478691779782646,-1.1920849688986663,3.3399541468769307,1.0083622789933815,0.14786917797826452,-0.0046411332663799749,0.013003412259761456,-0.46411332663799748,1.3003412259761455,False,-1.1920849688986663,3.3399541468769307,-1.1920849688986663,3.3399541468769307,3,19,1,True,proportion of all valid federal-deputy votes,proportion of coalition quota,proportion of coalition quota,percent of coalition quota,percent of coalition quota
k=1,seat_winning,2018,k1/2018/PT|PDT|PSB|REDE|PPS|PV|PTB|AVANTE|SOLIDARIEDADE|PMN|PHS|MDB|PSD|PODE|PPL|PROS,"2018 PT--PROS, omitting PSDB",,,,,,PT; PDT; PSB; REDE; PPS; PV; PTB; AVANTE; SOLIDARIEDADE; PMN; PHS; MDB; PSD; PODE; PPL; PROS,1,PT,PROS,PSDB,1,PT|PDT|PSB|REDE|PPS|PV|PTB|AVANTE|SOLIDARIEDADE|PMN|PHS|MDB|PSD|PODE|PPL|PROS,16,False,47869624,0.48715227795598781,257,249.90911859142176,7.0908814085782419,1.4897640464594009,5.601117362118841,1.0283738402525886,7.0908814085782419,0.0059612232432984047,0.02241261700929028,0.59612232432984047,2.2412617009290279,True,1.4897640464594009,5.601117362118841,1.4897640464594009,5.601117362118841,3,19,1,True,proportion of all valid federal-deputy votes,proportion of coalition quota,proportion of coalition quota,percent of coalition quota,percent of coalition quota
k=1,seat_winning,2018,k1/2018/PT|PDT|PSB|REDE|PPS|PV|PTB|AVANTE|SOLIDARIEDADE|PMN|PHS|PSD|PSDB|PODE|PPL|PROS|PRP,"2018 PT--PRP, omitting MDB",,,,,,PT; PDT; PSB; REDE; PPS; PV; PTB; AVANTE; SOLIDARIEDADE; PMN; PHS; PSD; PSDB; PODE; PPL; PROS; PRP,1,PT,PRP,MDB,1,PT|PDT|PSB|REDE|PPS|PV|PTB|AVANTE|SOLIDARIEDADE|PMN|PHS|PSD|PSDB|PODE|PPL|PROS|PRP,17,False,49174520,0.50043174426004022,257,256.72148480540062,0.2785151945993754,-3.2040187592677172,3.4825339538670925,1.0010848924265552,0.2785151945993754,-0.012480524416164153,0.013565416842719315,-1.2480524416164154,1.3565416842719316,False,-3.2040187592677172,3.4825339538670925,-3.2040187592677172,3.4825339538670925,3,20,1,True,proportion of all valid federal-deputy votes,proportion of coalition quota,proportion of coalition quota,percent of coalition quota,percent of coalition quota
k=1,seat_winning,2018,k1/2018/PT|PDT|REDE|PPS|PV|PTB|AVANTE|SOLIDARIEDADE|PMN|PHS|MDB|PSD|PSDB|PODE|PPL|PROS|PRP,"2018 PT--PRP, omitting PSB",,,,,,PT; PDT; REDE; PPS; PV; PTB; AVANTE; SOLIDARIEDADE; PMN; PHS; MDB; PSD; PSDB; PODE; PPL; PROS; PRP,1,PT,PRP,PSB,1,PT|PDT|REDE|PPS|PV|PTB|AVANTE|SOLIDARIEDADE|PMN|PHS|MDB|PSD|PSDB|PODE|PPL|PROS|PRP,17,False,49192426,0.50061396730589236,259,256.81496522792281,2.1850347720771932,-2.4456215975760962,4.6306563696532894,1.0085082065608519,0.18503477207719313,-0.0095228936343550365,0.018031100195207043,-0.95228936343550363,1.8031100195207044,False,-2.4456215975760962,4.6306563696532894,-2.4456215975760962,4.6306563696532894,3,20,1,True,proportion of all valid federal-deputy votes,proportion of coalition quota,proportion of coalition quota,percent of coalition quota,percent of coalition quota
k=1,seat_winning,2018,k1/2018/PT|PDT|PSB|REDE|PPS|PV|PTB|AVANTE|SOLIDARIEDADE|PMN|PHS|MDB|PSDB|PODE|PPL|PROS|PRP|PR,"2018 PT--PR, omitting PSD",,,,,,PT; PDT; PSB; REDE; PPS; PV; PTB; AVANTE; SOLIDARIEDADE; PMN; PHS; MDB; PSDB; PODE; PPL; PROS; PRP; PR,1,PT,PR,PSD,1,PT|PDT|PSB|REDE|PPS|PV|PTB|AVANTE|SOLIDARIEDADE|PMN|PHS|MDB|PSDB|PODE|PPL|PROS|PRP|PR,18,False,54090005,0.55045490122088214,289,282.38336432631257,6.6166356736874334,3.2391471297387415,3.3774885439486924,1.0234313933098462,-25.383364326312567,0.011470743460637058,0.011960649849209182,1.1470743460637058,1.1960649849209184,False,3.2391471297387415,3.3774885439486924,3.2391471297387415,3.3774885439486924,3,21,1,True,proportion of all valid federal-deputy votes,proportion of coalition quota,proportion of coalition quota,percent of coalition quota,percent of coalition quota
k=1,seat_winning,2018,k1/2018/PDT|PSB|REDE|PPS|PV|PTB|SOLIDARIEDADE|PMN|PHS|MDB|PSD|PSDB|PODE|PPL|PROS|PRP|PR,"2018 PDT--PR, omitting AVANTE",,,,,,PDT; PSB; REDE; PPS; PV; PTB; SOLIDARIEDADE; PMN; PHS; MDB; PSD; PSDB; PODE; PPL; PROS; PRP; PR,1,PDT,PR,AVANTE,1,PDT|PSB|REDE|PPS|PV|PTB|SOLIDARIEDADE|PMN|PHS|MDB|PSD|PSDB|PODE|PPL|PROS|PRP|PR,17,False,47858389,0.48703794332401257,261,249.85046492521843,11.149535074781566,5.7935704702974435,5.3559646044841225,1.0446248322096126,7.149535074781566,0.023188151649153384,0.0214366805604592,2.3188151649153381,2.1436680560459198,True,5.7935704702974435,5.3559646044841225,5.7935704702974435,5.3559646044841225,4,21,1,True,proportion of all valid federal-deputy votes,proportion of coalition quota,proportion of coalition quota,percent of coalition quota,percent of coalition quota
k=1,seat_winning,2018,k1/2018/PDT|PSB|REDE|PPS|PV|PTB|AVANTE|SOLIDARIEDADE|PMN|MDB|PSD|PSDB|PODE|PPL|PROS|PRP|PR,"2018 PDT--PR, omitting PHS",,,,,,PDT; PSB; REDE; PPS; PV; PTB; AVANTE; SOLIDARIEDADE; PMN; MDB; PSD; PSDB; PODE; PPL; PROS; PRP; PR,1,PDT,PR,PHS,1,PDT|PSB|REDE|PPS|PV|PTB|AVANTE|SOLIDARIEDADE|PMN|MDB|PSD|PSDB|PODE|PPL|PROS|PRP|PR,17,False,48283867,0.49136788284725086,262,252.07172390063968,9.928276099360307,4.8120086075319772,5.1162674918283289,1.0393867108366102,4.9282760993603061,0.019089838927863045,0.02029687190874702,1.9089838927863045,2.0296871908747018,True,4.8120086075319772,5.1162674918283289,4.8120086075319772,5.1162674918283289,4,21,1,True,proportion of all valid federal-deputy votes,proportion of coalition quota,proportion of coalition quota,percent of coalition quota,percent of coalition quota
k=1,seat_winning,2018,k1/2018/PDT|PSB|REDE|PPS|PV|PTB|AVANTE|SOLIDARIEDADE|PHS|MDB|PSD|PSDB|PODE|PPL|PROS|PRP|PR,"2018 PDT--PR, omitting PMN",,,,,,PDT; PSB; REDE; PPS; PV; PTB; AVANTE; SOLIDARIEDADE; PHS; MDB; PSD; PSDB; PODE; PPL; PROS; PRP; PR,1,PDT,PR,PMN,1,PDT|PSB|REDE|PPS|PV|PTB|AVANTE|SOLIDARIEDADE|PHS|MDB|PSD|PSDB|PODE|PPL|PROS|PRP|PR,17,False,49077949,0.49944897525741577,265,256.2173243070543,8.7826756929457215,3.2684553685185311,5.5142203244271899,1.0342782273474234,0.78267569294572115,0.012756574432888738,0.021521652914534672,1.2756574432888739,2.1521652914534672,True,3.2684553685185311,5.5142203244271899,3.2684553685185311,5.5142203244271899,4,21,1,True,proportion of all valid federal-deputy votes,proportion of coalition quota,proportion of coalition quota,percent of coalition quota,percent of coalition quota
k=1,seat_winning,2018,k1/2018/PDT|PSB|REDE|PPS|PV|PTB|AVANTE|SOLIDARIEDADE|PMN|PHS|MDB|PSD|PSDB|PPL|PROS|PRP|PR,"2018 PDT--PR, omitting PODE",,,,,,PDT; PSB; REDE; PPS; PV; PTB; AVANTE; SOLIDARIEDADE; PMN; PHS; MDB; PSD; PSDB; PPL; PROS; PRP; PR,1,PDT,PR,PODE,1,PDT|PSB|REDE|PPS|PV|PTB|AVANTE|SOLIDARIEDADE|PMN|PHS|MDB|PSD|PSDB|PPL|PROS|PRP|PR,17,False,47469084,0.48307612366213981,257,247.81805143867771,9.1819485613222884,2.993315199387907,6.1886333619343814,1.0370511692268485,9.1819485613222884,0.012078681040426951,0.024972488186421525,1.2078681040426951,2.4972488186421526,True,2.993315199387907,6.1886333619343814,2.993315199387907,6.1886333619343814,4,21,1,True,proportion of all valid federal-deputy votes,proportion of coalition quota,proportion of coalition quota,percent of coalition quota,percent of coalition quota
k=1,seat_winning,2018,k1/2018/PDT|PSB|REDE|PPS|PV|PTB|AVANTE|SOLIDARIEDADE|PMN|PHS|MDB|PSD|PSDB|PODE|PROS|PRP|PR,"2018 PDT--PR, omitting PPL",,,,,,PDT; PSB; REDE; PPS; PV; PTB; AVANTE; SOLIDARIEDADE; PMN; PHS; MDB; PSD; PSDB; PODE; PROS; PRP; PR,1,PDT,PR,PPL,1,PDT|PSB|REDE|PPS|PV|PTB|AVANTE|SOLIDARIEDADE|PMN|PHS|MDB|PSD|PSDB|PODE|PROS|PRP|PR,17,False,49322987,0.50194264054891202,267,257.49657460159187,9.5034253984081083,3.7741095701602365,5.7293158282478709,1.0369069973575848,-0.49657460159189221,0.01465693116888905,0.022250066188695822,1.4656931168889049,2.2250066188695823,False,3.7741095701602365,5.7293158282478709,3.7741095701602365,5.7293158282478709,4,21,1,True,proportion of all valid federal-deputy votes,proportion of coalition quota,proportion of coalition quota,percent of coalition quota,percent of coalition quota
k=1,seat_winning,2018,k1/2018/PDT|PSB|REDE|PV|PTB|AVANTE|SOLIDARIEDADE|PMN|PHS|MDB|PSD|PSDB|PODE|PPL|PROS|PRP|PR,"2018 PDT--PR, omitting PPS",,,,,,PDT; PSB; REDE; PV; PTB; AVANTE; SOLIDARIEDADE; PMN; PHS; MDB; PSD; PSDB; PODE; PPL; PROS; PRP; PR,1,PDT,PR,PPS,1,PDT|PSB|REDE|PV|PTB|AVANTE|SOLIDARIEDADE|PMN|PHS|MDB|PSD|PSDB|PODE|PPL|PROS|PRP|PR,17,False,48122043,0.48972105708091623,260,251.22690228251003,8.7730977174899625,2.6347150264036538,6.1383826910863082,1.0349210121916976,5.7730977174899625,0.010487392084470557,0.024433620107227074,1.0487392084470557,2.4433620107227072,True,2.6347150264036538,6.1383826910863082,2.6347150264036538,6.1383826910863082,4,21,1,True,proportion of all valid federal-deputy votes,proportion of coalition quota,proportion of coalition quota,percent of coalition quota,percent of coalition quota
k=1,seat_winning,2018,k1/2018/PDT|PSB|REDE|PPS|PV|PTB|AVANTE|SOLIDARIEDADE|PMN|PHS|MDB|PSD|PSDB|PODE|PPL|PRP|PR,"2018 PDT--PR, omitting PROS",,,,,,PDT; PSB; REDE; PPS; PV; PTB; AVANTE; SOLIDARIEDADE; PMN; PHS; MDB; PSD; PSDB; PODE; PPL; PRP; PR,1,PDT,PR,PROS,1,PDT|PSB|REDE|PPS|PV|PTB|AVANTE|SOLIDARIEDADE|PMN|PHS|MDB|PSD|PSDB|PODE|PPL|PRP|PR,17,False,47667699,0.48509735845784718,260,248.85494488887559,11.145055111124408,5.7484842318019052,5.3965708793225042,1.0447853472073909,8.1450551111244085,0.023099738823228324,0.021685608384162527,2.3099738823228324,2.1685608384162527,True,5.7484842318019052,5.3965708793225042,5.7484842318019052,5.3965708793225042,4,21,1,True,proportion of all valid federal-deputy votes,proportion of coalition quota,proportion of coalition quota,percent of coalition quota,percent of coalition quota
k=1,seat_winning,2018,k1/2018/PDT|PSB|REDE|PPS|PV|PTB|AVANTE|SOLIDARIEDADE|PMN|PHS|MDB|PSD|PSDB|PODE|PPL|PROS|PR,"2018 PDT--PR, omitting PRP",,,,,,PDT; PSB; REDE; PPS; PV; PTB; AVANTE; SOLIDARIEDADE; PMN; PHS; MDB; PSD; PSDB; PODE; PPL; PROS; PR,1,PDT,PR,PRP,1,PDT|PSB|REDE|PPS|PV|PTB|AVANTE|SOLIDARIEDADE|PMN|PHS|MDB|PSD|PSDB|PODE|PPL|PROS|PR,17,False,48859410,0.49722498094168383,264,255.07641522308381,8.9235847769161882,3.3957577706362425,5.5278270062799466,1.0349839665463068,1.9235847769161889,0.013312707753346748,0.021671258792959905,1.3312707753346749,2.1671258792959902,True,3.3957577706362425,5.5278270062799466,3.3957577706362425,5.5278270062799466,4,21,1,True,proportion of all valid federal-deputy votes,proportion of coalition quota,proportion of coalition quota,percent of coalition quota,percent of coalition quota
k=1,seat_winning,2018,k1/2018/PDT|PSB|REDE|PPS|PV|AVANTE|SOLIDARIEDADE|PMN|PHS|MDB|PSD|PSDB|PODE|PPL|PROS|PRP|PR,"2018 PDT--PR, omitting PTB",,,,,,PDT; PSB; REDE; PPS; PV; AVANTE; SOLIDARIEDADE; PMN; PHS; MDB; PSD; PSDB; PODE; PPL; PROS; PRP; PR,1,PDT,PR,PTB,1,PDT|PSB|REDE|PPS|PV|AVANTE|SOLIDARIEDADE|PMN|PHS|MDB|PSD|PSDB|PODE|PPL|PROS|PRP|PR,17,False,47689685,0.48532110222452352,258,248.96972544118054,9.0302745588194444,3.6514296176846597,5.3788449411347843,1.0362705728289556,8.0302745588194444,0.014666159153343787,0.021604413675611913,1.4666159153343787,2.1604413675611913,True,3.6514296176846597,5.3788449411347843,3.6514296176846597,5.3788449411347843,4,21,1,True,proportion of all valid federal-deputy votes,proportion of coalition quota,proportion of coalition quota,percent of coalition quota,percent of coalition quota
k=1,seat_winning,2018,k1/2018/PDT|PSB|REDE|PPS|PTB|AVANTE|SOLIDARIEDADE|PMN|PHS|MDB|PSD|PSDB|PODE|PPL|PROS|PRP|PR,"2018 PDT--PR, omitting PV",,,,,,PDT; PSB; REDE; PPS; PTB; AVANTE; SOLIDARIEDADE; PMN; PHS; MDB; PSD; PSDB; PODE; PPL; PROS; PRP; PR,1,PDT,PR,PV,1,PDT|PSB|REDE|PPS|PTB|AVANTE|SOLIDARIEDADE|PMN|PHS|MDB|PSD|PSDB|PODE|PPL|PROS|PRP|PR,17,False,48119571,0.4896959004088875,264,251.21399690975929,12.786003090240706,6.6287044880922483,6.1572986021484581,1.0508968578483853,5.7860030902407074,0.026386684538415278,0.024510173309969963,2.6386684538415275,2.4510173309969963,True,6.6287044880922483,6.1572986021484581,6.6287044880922483,6.1572986021484581,4,21,1,True,proportion of all valid federal-deputy votes,proportion of coalition quota,proportion of coalition quota,percent of coalition quota,percent of coalition quota
k=1,seat_winning,2018,k1/2018/PDT|PSB|PPS|PV|PTB|AVANTE|SOLIDARIEDADE|PMN|PHS|MDB|PSD|PSDB|PODE|PPL|PROS|PRP|PR,"2018 PDT--PR, omitting REDE",,,,,,PDT; PSB; PPS; PV; PTB; AVANTE; SOLIDARIEDADE; PMN; PHS; MDB; PSD; PSDB; PODE; PPL; PROS; PRP; PR,1,PDT,PR,REDE,1,PDT|PSB|PPS|PV|PTB|AVANTE|SOLIDARIEDADE|PMN|PHS|MDB|PSD|PSDB|PODE|PPL|PROS|PRP|PR,17,False,48895620,0.49759347733899806,267,255.265453874906,11.734546125093994,6.561100698255153,5.1734454268388408,1.0459699734020591,1.734546125093994,0.025703049898285295,0.020266923503773886,2.5703049898285295,2.0266923503773886,True,6.561100698255153,5.1734454268388408,6.561100698255153,5.1734454268388408,4,21,1,True,proportion of all valid federal-deputy votes,proportion of coalition quota,proportion of coalition quota,percent of coalition quota,percent of coalition quota
k=1,seat_winning,2018,k1/2018/PDT|PSB|REDE|PPS|PV|PTB|AVANTE|SOLIDARIEDADE|PMN|PHS|PSD|PSDB|PODE|PPL|PROS|PRP|PR|PRB,"2018 PDT--PRB, omitting MDB",,,,,,PDT; PSB; REDE; PPS; PV; PTB; AVANTE; SOLIDARIEDADE; PMN; PHS; PSD; PSDB; PODE; PPL; PROS; PRP; PR; PRB,1,PDT,PRB,MDB,1,PDT|PSB|REDE|PPS|PV|PTB|AVANTE|SOLIDARIEDADE|PMN|PHS|PSD|PSDB|PODE|PPL|PROS|PRP|PR|PRB,18,False,49257028,0.50127139907223572,263,257.15222772405696,5.847772275943047,2.662631157560039,3.1851411183830081,1.0227405079384269,-0.15222772405695301,0.010354299401276182,0.012386208537150594,1.0354299401276181,1.2386208537150594,False,2.662631157560039,3.1851411183830081,2.662631157560039,3.1851411183830081,4,22,1,True,proportion of all valid federal-deputy votes,proportion of coalition quota,proportion of coalition quota,percent of coalition quota,percent of coalition quota
k=1,seat_winning,2018,k1/2018/PDT|PSB|REDE|PPS|PV|PTB|AVANTE|SOLIDARIEDADE|PMN|PHS|MDB|PSD|PSDB|PODE|PPL|PROS|PRP|PRB,"2018 PDT--PRB, omitting PR",,,,,,PDT; PSB; REDE; PPS; PV; PTB; AVANTE; SOLIDARIEDADE; PMN; PHS; MDB; PSD; PSDB; PODE; PPL; PROS; PRP; PRB,1,PDT,PRB,PR,1,PDT|PSB|REDE|PPS|PV|PTB|AVANTE|SOLIDARIEDADE|PMN|PHS|MDB|PSD|PSDB|PODE|PPL|PROS|PRP|PRB,18,False,49472341,0.50346256352390428,264,258.27629508776289,5.7237049122371024,0.63253242493271822,5.0911724873043847,1.0221611701154849,-1.2762950877628971,0.0024490533469894412,0.019712116768495505,0.2449053346989441,1.9712116768495507,False,0.63253242493271822,5.0911724873043847,0.63253242493271822,5.0911724873043847,4,22,1,True,proportion of all valid federal-deputy votes,proportion of coalition quota,proportion of coalition quota,percent of coalition quota,percent of coalition quota
k=1,seat_winning,2018,k1/2018/PDT|REDE|PPS|PV|PTB|AVANTE|SOLIDARIEDADE|PMN|PHS|MDB|PSD|PSDB|PODE|PPL|PROS|PRP|PR|PRB,"2018 PDT--PRB, omitting PSB",,,,,,PDT; REDE; PPS; PV; PTB; AVANTE; SOLIDARIEDADE; PMN; PHS; MDB; PSD; PSDB; PODE; PPL; PROS; PRP; PR; PRB,1,PDT,PRB,PSB,1,PDT|REDE|PPS|PV|PTB|AVANTE|SOLIDARIEDADE|PMN|PHS|MDB|PSD|PSDB|PODE|PPL|PROS|PRP|PR|PRB,18,False,49274934,0.50145362211808797,265,257.24570814657915,7.7542918534208649,3.42102831925166,4.3332635341692045,1.0301435227405327,-0.24570814657913528,0.013298679864864261,0.016844842875668512,1.329867986486426,1.6844842875668511,False,3.42102831925166,4.3332635341692045,3.42102831925166,4.3332635341692045,4,22,1,True,proportion of all valid federal-deputy votes,proportion of coalition quota,proportion of coalition quota,percent of coalition quota,percent of coalition quota
k=1,seat_winning,2018,k1/2018/PDT|PSB|REDE|PPS|PV|PTB|AVANTE|SOLIDARIEDADE|PMN|PHS|MDB|PSDB|PODE|PPL|PROS|PRP|PR|PRB,"2018 PDT--PRB, omitting PSD",,,,,,PDT; PSB; REDE; PPS; PV; PTB; AVANTE; SOLIDARIEDADE; PMN; PHS; MDB; PSDB; PODE; PPL; PROS; PRP; PR; PRB,1,PDT,PRB,PSD,1,PDT|PSB|REDE|PPS|PV|PTB|AVANTE|SOLIDARIEDADE|PMN|PHS|MDB|PSDB|PODE|PPL|PROS|PRP|PR|PRB,18,False,48947922,0.49812573634403334,262,255.53850274448911,6.4614972555108832,2.7374161951097702,3.7240810604011134,1.0252858069766952,1.4614972555108834,0.010712343407000747,0.014573463569694592,1.0712343407000746,1.4573463569694591,True,2.7374161951097702,3.7240810604011134,2.7374161951097702,3.7240810604011134,4,22,1,True,proportion of all valid federal-deputy votes,proportion of coalition quota,proportion of coalition quota,percent of coalition quota,percent of coalition quota
k=1,seat_winning,2018,k1/2018/PDT|PSB|REDE|PPS|PV|PTB|AVANTE|SOLIDARIEDADE|PMN|PHS|MDB|PSD|PODE|PPL|PROS|PRP|PR|PRB,"2018 PDT--PRB, omitting PSDB",,,,,,PDT; PSB; REDE; PPS; PV; PTB; AVANTE; SOLIDARIEDADE; PMN; PHS; MDB; PSD; PODE; PPL; PROS; PRP; PR; PRB,1,PDT,PRB,PSDB,1,PDT|PSB|REDE|PPS|PV|PTB|AVANTE|SOLIDARIEDADE|PMN|PHS|MDB|PSD|PODE|PPL|PROS|PRP|PR|PRB,18,False,48805126,0.49667255182177761,267,254.79301908457191,12.206980915428092,6.5801966508374434,5.6267842645906487,1.0479094009690129,2.2069809154280922,0.025825655170926481,0.022083745798086345,2.582565517092648,2.2083745798086345,True,6.5801966508374434,5.6267842645906487,6.5801966508374434,5.6267842645906487,4,22,1,True,proportion of all valid federal-deputy votes,proportion of coalition quota,proportion of coalition quota,percent of coalition quota,percent of coalition quota
k=1,seat_winning,2018,k1/2018/PDT|PSB|REDE|PPS|PV|PTB|AVANTE|PMN|PHS|MDB|PSD|PSDB|PODE|PPL|PROS|PRP|PR|PRB,"2018 PDT--PRB, omitting SOLIDARIEDADE",,,,,,PDT; PSB; REDE; PPS; PV; PTB; AVANTE; PMN; PHS; MDB; PSD; PSDB; PODE; PPL; PROS; PRP; PR; PRB,1,PDT,PRB,SOLIDARIEDADE,1,PDT|PSB|REDE|PPS|PV|PTB|AVANTE|PMN|PHS|MDB|PSD|PSDB|PODE|PPL|PROS|PRP|PR|PRB,18,False,52743862,0.53675567874726282,284,275.35566319734585,8.6443368026541503,6.0079940846504467,2.636342718003704,1.031393350339262,-18.355663197345848,0.02181903221051441,0.0095743181287477365,2.1819032210514413,0.95743181287477364,False,6.0079940846504467,2.636342718003704,6.0079940846504467,2.636342718003704,4,22,1,True,proportion of all valid federal-deputy votes,proportion of coalition quota,proportion of coalition quota,percent of coalition quota,percent of coalition quota
k=1,seat_winning,2018,k1/2018/PSB|REDE|PPS|PV|PTB|SOLIDARIEDADE|PMN|PHS|MDB|PSD|PSDB|PODE|PPL|PROS|PRP|PR|PRB,"2018 PSB--PRB, omitting AVANTE",,,,,,PSB; REDE; PPS; PV; PTB; SOLIDARIEDADE; PMN; PHS; MDB; PSD; PSDB; PODE; PPL; PROS; PRP; PR; PRB,1,PSB,PRB,AVANTE,1,PSB|REDE|PPS|PV|PTB|SOLIDARIEDADE|PMN|PHS|MDB|PSD|PSDB|PODE|PPL|PROS|PRP|PR|PRB,17,False,48281032,0.49133903205226642,262,252.05692344281269,9.9430765571873128,7.0723776475902911,2.8706989095970226,1.0394477422852588,4.9430765571873128,0.028058652589223122,0.0113890896960358,2.8058652589223123,1.1389089696035799,True,7.0723776475902911,2.8706989095970226,7.0723776475902911,2.8706989095970226,5,22,1,True,proportion of all valid federal-deputy votes,proportion of coalition quota,proportion of coalition quota,percent of coalition quota,percent of coalition quota
k=1,seat_winning,2018,k1/2018/PSB|REDE|PPS|PV|PTB|AVANTE|SOLIDARIEDADE|PMN|MDB|PSD|PSDB|PODE|PPL|PROS|PRP|PR|PRB,"2018 PSB--PRB, omitting PHS",,,,,,PSB; REDE; PPS; PV; PTB; AVANTE; SOLIDARIEDADE; PMN; MDB; PSD; PSDB; PODE; PPL; PROS; PRP; PR; PRB,1,PSB,PRB,PHS,1,PSB|REDE|PPS|PV|PTB|AVANTE|SOLIDARIEDADE|PMN|MDB|PSD|PSDB|PODE|PPL|PROS|PRP|PR|PRB,17,False,48706510,0.49566897157550477,263,254.27818241823394,8.7218175817660537,6.0908157848248248,2.6310017969412285,1.0343002985895995,2.7218175817660533,0.023953355836116203,0.010346942753483213,2.3953355836116206,1.0346942753483213,True,6.0908157848248248,2.6310017969412285,6.0908157848248248,2.6310017969412285,5,22,1,True,proportion of all valid federal-deputy votes,proportion of coalition quota,proportion of coalition quota,percent of coalition quota,percent of coalition quota
k=1,seat_winning,2018,k1/2018/PSB|REDE|PPS|PV|PTB|AVANTE|SOLIDARIEDADE|PHS|MDB|PSD|PSDB|PODE|PPL|PROS|PRP|PR|PRB,"2018 PSB--PRB, omitting PMN",,,,,,PSB; REDE; PPS; PV; PTB; AVANTE; SOLIDARIEDADE; PHS; MDB; PSD; PSDB; PODE; PPL; PROS; PRP; PR; PRB,1,PSB,PRB,PMN,1,PSB|REDE|PPS|PV|PTB|AVANTE|SOLIDARIEDADE|PHS|MDB|PSD|PSDB|PODE|PPL|PROS|PRP|PR|PRB,17,False,49500592,0.50375006398566968,266,258.42378282464853,7.5762171753514682,4.5472625458113782,3.02895462954009,1.0293170276069066,-1.4237828246485318,0.017596145742115727,0.011720881864790918,1.7596145742115727,1.172088186479092,False,4.5472625458113782,3.02895462954009,4.5472625458113782,3.02895462954009,5,22,1,True,proportion of all valid federal-deputy votes,proportion of coalition quota,proportion of coalition quota,percent of coalition quota,percent of coalition quota
k=1,seat_winning,2018,k1/2018/PSB|REDE|PPS|PV|PTB|AVANTE|SOLIDARIEDADE|PMN|PHS|MDB|PSD|PSDB|PPL|PROS|PRP|PR|PRB,"2018 PSB--PRB, omitting PODE",,,,,,PSB; REDE; PPS; PV; PTB; AVANTE; SOLIDARIEDADE; PMN; PHS; MDB; PSD; PSDB; PPL; PROS; PRP; PR; PRB,1,PSB,PRB,PODE,1,PSB|REDE|PPS|PV|PTB|AVANTE|SOLIDARIEDADE|PMN|PHS|MDB|PSD|PSDB|PPL|PROS|PRP|PR|PRB,17,False,47891727,0.48737721239039367,258,250.02450995627197,7.975490043728036,4.2721223766807546,3.703367667047281,1.031898832818922,6.975490043728036,0.017086814318435929,0.014812018500486138,1.708681431843593,1.4812018500486139,True,4.2721223766807546,3.703367667047281,4.2721223766807546,3.703367667047281,5,22,1,True,proportion of all valid federal-deputy votes,proportion of coalition quota,proportion of coalition quota,percent of coalition quota,percent of coalition quota
k=1,seat_winning,2018,k1/2018/PSB|REDE|PPS|PV|PTB|AVANTE|SOLIDARIEDADE|PMN|PHS|MDB|PSD|PSDB|PODE|PROS|PRP|PR|PRB,"2018 PSB--PRB, omitting PPL",,,,,,PSB; REDE; PPS; PV; PTB; AVANTE; SOLIDARIEDADE; PMN; PHS; MDB; PSD; PSDB; PODE; PROS; PRP; PR; PRB,1,PSB,PRB,PPL,1,PSB|REDE|PPS|PV|PTB|AVANTE|SOLIDARIEDADE|PMN|PHS|MDB|PSD|PSDB|PODE|PROS|PRP|PR|PRB,17,False,49745630,0.50624372927716599,268,259.70303311918616,8.296966880813855,5.0529167474530841,3.244050133360771,1.0319479013439405,-2.703033119186145,0.019456518034327835,0.012491383309612603,1.9456518034327834,1.2491383309612603,False,5.0529167474530841,3.244050133360771,5.0529167474530841,3.244050133360771,5,22,1,True,proportion of all valid federal-deputy votes,proportion of coalition quota,proportion of coalition quota,percent of coalition quota,percent of coalition quota
k=1,seat_winning,2018,k1/2018/PSB|REDE|PV|PTB|AVANTE|SOLIDARIEDADE|PMN|PHS|MDB|PSD|PSDB|PODE|PPL|PROS|PRP|PR|PRB,"2018 PSB--PRB, omitting PPS",,,,,,PSB; REDE; PV; PTB; AVANTE; SOLIDARIEDADE; PMN; PHS; MDB; PSD; PSDB; PODE; PPL; PROS; PRP; PR; PRB,1,PSB,PRB,PPS,1,PSB|REDE|PV|PTB|AVANTE|SOLIDARIEDADE|PMN|PHS|MDB|PSD|PSDB|PODE|PPL|PROS|PRP|PR|PRB,17,False,48544686,0.49402214580917014,261,253.43336080010428,7.5666391998957101,3.9135222036965014,3.6531169961992083,1.0298565239241091,3.5666391998957097,0.015442016754784285,0.014414507169324903,1.5442016754784285,1.4414507169324904,True,3.9135222036965014,3.6531169961992083,3.9135222036965014,3.6531169961992083,5,22,1,True,proportion of all valid federal-deputy votes,proportion of coalition quota,proportion of coalition quota,percent of coalition quota,percent of coalition quota
k=1,seat_winning,2018,k1/2018/PSB|REDE|PPS|PV|PTB|AVANTE|SOLIDARIEDADE|PMN|PHS|MDB|PSD|PSDB|PODE|PPL|PRP|PR|PRB,"2018 PSB--PRB, omitting PROS",,,,,,PSB; REDE; PPS; PV; PTB; AVANTE; SOLIDARIEDADE; PMN; PHS; MDB; PSD; PSDB; PODE; PPL; PRP; PR; PRB,1,PSB,PRB,PROS,1,PSB|REDE|PPS|PV|PTB|AVANTE|SOLIDARIEDADE|PMN|PHS|MDB|PSD|PSDB|PODE|PPL|PRP|PR|PRB,17,False,48090342,0.48939844718610104,261,251.06140340646985,9.9385965935301552,7.0272914090947518,2.9113051844354034,1.0395863181623322,5.9385965935301561,0.027990329512009967,0.011595988650322263,2.7990329512009966,1.1595988650322264,True,7.0272914090947518,2.9113051844354034,7.0272914090947518,2.9113051844354034,5,22,1,True,proportion of all valid federal-deputy votes,proportion of coalition quota,proportion of coalition quota,percent of coalition quota,percent of coalition quota
k=1,seat_winning,2018,k1/2018/PSB|REDE|PPS|PV|PTB|AVANTE|SOLIDARIEDADE|PMN|PHS|MDB|PSD|PSDB|PODE|PPL|PROS|PR|PRB,"2018 PSB--PRB, omitting PRP",,,,,,PSB; REDE; PPS; PV; PTB; AVANTE; SOLIDARIEDADE; PMN; PHS; MDB; PSD; PSDB; PODE; PPL; PROS; PR; PRB,1,PSB,PRB,PRP,1,PSB|REDE|PPS|PV|PTB|AVANTE|SOLIDARIEDADE|PMN|PHS|MDB|PSD|PSDB|PODE|PPL|PROS|PR|PRB,17,False,49282053,0.50152606966993774,265,257.28287374067804,7.7171262593219359,4.6745649479290901,3.0425613113928462,1.0299947141724646,-0.28287374067806392,0.018168970518576771,0.011825743653887826,1.8168970518576772,1.1825743653887826,False,4.6745649479290901,3.0425613113928462,4.6745649479290901,3.0425613113928462,5,22,1,True,proportion of all valid federal-deputy votes,proportion of coalition quota,proportion of coalition quota,percent of coalition quota,percent of coalition quota
k=1,seat_winning,2018,k1/2018/PSB|REDE|PPS|PV|AVANTE|SOLIDARIEDADE|PMN|PHS|MDB|PSD|PSDB|PODE|PPL|PROS|PRP|PR|PRB,"2018 PSB--PRB, omitting PTB",,,,,,PSB; REDE; PPS; PV; AVANTE; SOLIDARIEDADE; PMN; PHS; MDB; PSD; PSDB; PODE; PPL; PROS; PRP; PR; PRB,1,PSB,PRB,PTB,1,PSB|REDE|PPS|PV|AVANTE|SOLIDARIEDADE|PMN|PHS|MDB|PSD|PSDB|PODE|PPL|PROS|PRP|PR|PRB,17,False,48112328,0.48962219095277743,259,251.1761839587748,7.8238160412251911,4.9302367949775068,2.8935792462476839,1.0311487176766301,5.8238160412251911,0.019628599803023922,0.011520117873606213,1.9628599803023921,1.1520117873606213,True,4.9302367949775068,2.8935792462476839,4.9302367949775068,2.8935792462476839,5,22,1,True,proportion of all valid federal-deputy votes,proportion of coalition quota,proportion of coalition quota,percent of coalition quota,percent of coalition quota
k=1,seat_winning,2018,k1/2018/PSB|REDE|PPS|PTB|AVANTE|SOLIDARIEDADE|PMN|PHS|MDB|PSD|PSDB|PODE|PPL|PROS|PRP|PR|PRB,"2018 PSB--PRB, omitting PV",,,,,,PSB; REDE; PPS; PTB; AVANTE; SOLIDARIEDADE; PMN; PHS; MDB; PSD; PSDB; PODE; PPL; PROS; PRP; PR; PRB,1,PSB,PRB,PV,1,PSB|REDE|PPS|PTB|AVANTE|SOLIDARIEDADE|PMN|PHS|MDB|PSD|PSDB|PODE|PPL|PROS|PRP|PR|PRB,17,False,48542214,0.49399698913714141,265,253.42045542735355,11.579544572646455,7.9075116653850959,3.6720329072613582,1.0456930146113081,3.5795445726464545,0.031203130986606143,0.014489883624702099,3.1203130986606142,1.44898836247021,True,7.9075116653850959,3.6720329072613582,7.9075116653850959,3.6720329072613582,5,22,1,True,proportion of all valid federal-deputy votes,proportion of coalition quota,proportion of coalition quota,percent of coalition quota,percent of coalition quota
k=1,seat_winning,2018,k1/2018/PSB|PPS|PV|PTB|AVANTE|SOLIDARIEDADE|PMN|PHS|MDB|PSD|PSDB|PODE|PPL|PROS|PRP|PR|PRB,"2018 PSB--PRB, omitting REDE",,,,,,PSB; PPS; PV; PTB; AVANTE; SOLIDARIEDADE; PMN; PHS; MDB; PSD; PSDB; PODE; PPL; PROS; PRP; PR; PRB,1,PSB,PRB,REDE,1,PSB|PPS|PV|PTB|AVANTE|SOLIDARIEDADE|PMN|PHS|MDB|PSD|PSDB|PODE|PPL|PROS|PRP|PR|PRB,17,False,49318263,0.50189456606725191,268,257.47191239250026,10.52808760749974,7.8399078755480005,2.6881797319517409,1.0408902373453859,-0.47191239250025874,0.030449565557257904,0.010440671788127997,3.0449565557257903,1.0440671788127998,False,7.8399078755480005,2.6881797319517409,7.8399078755480005,2.6881797319517409,5,22,1,True,proportion of all valid federal-deputy votes,proportion of coalition quota,proportion of coalition quota,percent of coalition quota,percent of coalition quota
k=1,seat_winning,2018,k1/2018/PSB|REDE|PPS|PV|PTB|AVANTE|PMN|PHS|MDB|PSD|PSDB|PODE|PPL|PROS|PRP|PR|PRB|PTC,"2018 PSB--PTC, omitting SOLIDARIEDADE",,,,,,PSB; REDE; PPS; PV; PTB; AVANTE; PMN; PHS; MDB; PSD; PSDB; PODE; PPL; PROS; PRP; PR; PRB; PTC,1,PSB,PTC,SOLIDARIEDADE,1,PSB|REDE|PPS|PV|PTB|AVANTE|PMN|PHS|MDB|PSD|PSDB|PODE|PPL|PROS|PRP|PR|PRB|PTC,18,False,48783791,0.49645543305246803,258,254.68163715591612,3.3183628440838926,1.3503735232458396,1.967989320838053,1.0130294546601033,2.3183628440838926,0.0053022021466712218,0.0077272525134320924,0.53022021466712221,0.77272525134320924,True,1.3503735232458396,1.967989320838053,1.3503735232458396,1.967989320838053,5,23,1,True,proportion of all valid federal-deputy votes,proportion of coalition quota,proportion of coalition quota,percent of coalition quota,percent of coalition quota
k=1,seat_winning,2018,k1/2018/REDE|PPS|PV|PTB|AVANTE|SOLIDARIEDADE|PMN|PHS|MDB|PSDB|PODE|PPL|PROS|PRP|PR|PRB|PTC|DC|PSL,"2018 REDE--PSL, omitting PSD",,,,,,REDE; PPS; PV; PTB; AVANTE; SOLIDARIEDADE; PMN; PHS; MDB; PSDB; PODE; PPL; PROS; PRP; PR; PRB; PTC; DC; PSL,1,REDE,PSL,PSD,1,REDE|PPS|PV|PTB|AVANTE|SOLIDARIEDADE|PMN|PHS|MDB|PSDB|PODE|PPL|PROS|PRP|PR|PRB|PTC|DC|PSL,19,False,51382588,0.52290247342394014,257,268.24896886648128,-11.248968866481269,-9.079822843275327,-2.1691460232059425,0.95806519251866962,-11.248968866481269,-0.033848491129875445,-0.0080863163514548943,-3.3848491129875447,-0.80863163514548941,False,-9.079822843275327,-2.1691460232059425,-9.079822843275327,-2.1691460232059425,6,25,1,True,proportion of all valid federal-deputy votes,proportion of coalition quota,proportion of coalition quota,percent of coalition quota,percent of coalition quota
k=1,seat_winning,2018,k1/2018/PPS|PV|PTB|AVANTE|SOLIDARIEDADE|PMN|PHS|PSD|PSDB|PODE|PPL|PROS|PRP|PR|PRB|PTC|DC|PSL,"2018 PPS--PSL, omitting MDB",,,,,,PPS; PV; PTB; AVANTE; SOLIDARIEDADE; PMN; PHS; PSD; PSDB; PODE; PPL; PROS; PRP; PR; PRB; PTC; DC; PSL,1,PPS,PSL,MDB,1,PPS|PV|PTB|AVANTE|SOLIDARIEDADE|PMN|PHS|PSD|PSDB|PODE|PPL|PROS|PRP|PR|PRB|PTC|DC|PSL,18,False,50874910,0.51773601349586251,257,265.5985749233775,-8.5985749233774786,-5.2130476407564332,-3.3855272826210454,0.96762567372261665,-8.5985749233774786,-0.019627543718035177,-0.012746782559348205,-1.9627543718035179,-1.2746782559348204,False,-5.2130476407564332,-3.3855272826210454,-5.2130476407564332,-3.3855272826210454,7,25,1,True,proportion of all valid federal-deputy votes,proportion of coalition quota,proportion of coalition quota,percent of coalition quota,percent of coalition quota
k=1,seat_winning,2018,k1/2018/PPS|PV|PTB|AVANTE|SOLIDARIEDADE|PMN|PHS|MDB|PSD|PSDB|PODE|PPL|PROS|PRP|PRB|PTC|DC|PSL,"2018 PPS--PSL, omitting PR",,,,,,PPS; PV; PTB; AVANTE; SOLIDARIEDADE; PMN; PHS; MDB; PSD; PSDB; PODE; PPL; PROS; PRP; PRB; PTC; DC; PSL,1,PPS,PSL,PR,1,PPS|PV|PTB|AVANTE|SOLIDARIEDADE|PMN|PHS|MDB|PSD|PSDB|PODE|PPL|PROS|PRP|PRB|PTC|DC|PSL,18,False,51090223,0.51992717794753107,258,266.72264228708343,-8.7226422870834224,-7.2431463733837536,-1.4794959136996688,0.96729695607283717,-9.7226422870834224,-0.027156098602186492,-0.0055469453249763203,-2.7156098602186494,-0.55469453249763201,False,-7.2431463733837536,-1.4794959136996688,-7.2431463733837536,-1.4794959136996688,7,25,1,True,proportion of all valid federal-deputy votes,proportion of coalition quota,proportion of coalition quota,percent of coalition quota,percent of coalition quota
k=1,seat_winning,2018,k1/2018/PPS|PV|PTB|AVANTE|SOLIDARIEDADE|PMN|PHS|MDB|PSD|PSDB|PODE|PPL|PROS|PRP|PR|PTC|DC|PSL,"2018 PPS--PSL, omitting PRB",,,,,,PPS; PV; PTB; AVANTE; SOLIDARIEDADE; PMN; PHS; MDB; PSD; PSDB; PODE; PPL; PROS; PRP; PR; PTC; DC; PSL,1,PPS,PSL,PRB,1,PPS|PV|PTB|AVANTE|SOLIDARIEDADE|PMN|PHS|MDB|PSD|PSDB|PODE|PPL|PROS|PRP|PR|PTC|DC|PSL,18,False,51330286,0.52237021441890474,262,267.97591999689814,-5.975919996898158,-5.2561383401299429,-0.71978165676821482,0.97769978736534491,-10.975919996898158,-0.019614218845449932,-0.002685993789205188,-1.9614218845449931,-0.26859937892051877,False,-5.2561383401299429,-0.71978165676821482,-5.2561383401299429,-0.71978165676821482,7,25,1,True,proportion of all valid federal-deputy votes,proportion of coalition quota,proportion of coalition quota,percent of coalition quota,percent of coalition quota
k=1,seat_winning,2018,k1/2018/PPS|PV|PTB|AVANTE|SOLIDARIEDADE|PMN|PHS|MDB|PSD|PODE|PPL|PROS|PRP|PR|PRB|PTC|DC|PSL,"2018 PPS--PSL, omitting PSDB",,,,,,PPS; PV; PTB; AVANTE; SOLIDARIEDADE; PMN; PHS; MDB; PSD; PODE; PPL; PROS; PRP; PR; PRB; PTC; DC; PSL,1,PPS,PSL,PSDB,1,PPS|PV|PTB|AVANTE|SOLIDARIEDADE|PMN|PHS|MDB|PSD|PODE|PPL|PROS|PRP|PR|PRB|PTC|DC|PSL,18,False,50423008,0.5131371662454044,261,263.23936628389242,-2.2393662838924331,-1.2954821474790286,-0.94388413641340474,0.99149304180637876,-6.2393662838924335,-0.0049213085632560981,-0.003585649630365186,-0.49213085632560982,-0.35856496303651864,False,-1.2954821474790286,-0.94388413641340474,-1.2954821474790286,-0.94388413641340474,7,25,1,True,proportion of all valid federal-deputy votes,proportion of coalition quota,proportion of coalition quota,percent of coalition quota,percent of coalition quota
k=1,seat_winning,2018,k1/2018/PPS|PV|PTB|AVANTE|SOLIDARIEDADE|PMN|PHS|MDB|PSDB|PODE|PPL|PROS|PRP|PR|PRB|PTC|DC|PSL|NOVO,"2018 PPS--NOVO, omitting PSD",,,,,,PPS; PV; PTB; AVANTE; SOLIDARIEDADE; PMN; PHS; MDB; PSDB; PODE; PPL; PROS; PRP; PR; PRB; PTC; DC; PSL; NOVO,1,PPS,NOVO,PSD,1,PPS|PV|PTB|AVANTE|SOLIDARIEDADE|PMN|PHS|MDB|PSDB|PODE|PPL|PROS|PRP|PR|PRB|PTC|DC|PSL|NOVO,19,False,53313883,0.54255658139552165,264,278.33152625590259,-14.331526255902583,-10.020542334784009,-4.3109839211185728,0.94850915220173104,-21.331526255902581,-0.036002182252149753,-0.015488665546119211,-3.6002182252149755,-1.5488665546119211,False,-10.020542334784009,-4.3109839211185728,-10.020542334784009,-4.3109839211185728,7,26,1,True,proportion of all valid federal-deputy votes,proportion of coalition quota,proportion of coalition quota,percent of coalition quota,percent of coalition quota
k=1,seat_winning,2018,k1/2018/PV|PTB|AVANTE|SOLIDARIEDADE|PMN|PHS|PSD|PSDB|PODE|PPL|PROS|PRP|PR|PRB|PTC|DC|PSL|NOVO,"2018 PV--NOVO, omitting MDB",,,,,,PV; PTB; AVANTE; SOLIDARIEDADE; PMN; PHS; PSD; PSDB; PODE; PPL; PROS; PRP; PR; PRB; PTC; DC; PSL; NOVO,1,PV,NOVO,MDB,1,PV|PTB|AVANTE|SOLIDARIEDADE|PMN|PHS|PSD|PSDB|PODE|PPL|PROS|PRP|PR|PRB|PTC|DC|PSL|NOVO,18,False,52032628,0.52951770120936226,257,271.6425807204028,-14.642580720402824,-10.080152804116615,-4.5624279162862091,0.9460961507523219,-14.642580720402824,-0.03710814695319048,-0.016795702294487621,-3.7108146953190482,-1.6795702294487622,False,-10.080152804116615,-4.5624279162862091,-10.080152804116615,-4.5624279162862091,8,26,1,True,proportion of all valid federal-deputy votes,proportion of coalition quota,proportion of coalition quota,percent of coalition quota,percent of coalition quota
k=1,seat_winning,2018,k1/2018/PV|PTB|AVANTE|SOLIDARIEDADE|PMN|PHS|MDB|PSD|PSDB|PODE|PPL|PROS|PRP|PRB|PTC|DC|PSL|NOVO,"2018 PV--NOVO, omitting PR",,,,,,PV; PTB; AVANTE; SOLIDARIEDADE; PMN; PHS; MDB; PSD; PSDB; PODE; PPL; PROS; PRP; PRB; PTC; DC; PSL; NOVO,1,PV,NOVO,PR,1,PV|PTB|AVANTE|SOLIDARIEDADE|PMN|PHS|MDB|PSD|PSDB|PODE|PPL|PROS|PRP|PRB|PTC|DC|PSL|NOVO,18,False,52247941,0.53170886566103071,258,272.76664808410879,-14.766648084108768,-12.110251536743936,-2.6563965473648321,0.94586343972832265,-15.766648084108768,-0.044397845637673738,-0.0097387146340036437,-4.4397845637673736,-0.97387146340036435,False,-12.110251536743936,-2.6563965473648321,-12.110251536743936,-2.6563965473648321,8,26,1,True,proportion of all valid federal-deputy votes,proportion of coalition quota,proportion of coalition quota,percent of coalition quota,percent of coalition quota
k=1,seat_winning,2018,k1/2018/PTB|AVANTE|PMN|PHS|MDB|PSD|PSDB|PODE|PPL|PROS|PRP|PR|PRB|PTC|DC|PSL,"2018 PTB--PSL, omitting SOLIDARIEDADE",,,,,,PTB; AVANTE; PMN; PHS; MDB; PSD; PSDB; PODE; PPL; PROS; PRP; PR; PRB; PTC; DC; PSL,1,PTB,PSL,SOLIDARIEDADE,1,PTB|AVANTE|PMN|PHS|MDB|PSD|PSDB|PODE|PPL|PROS|PRP|PR|PRB|PTC|DC|PSL,16,False,51178550,0.52082605067013732,266,267.18376399378042,-1.1837639937804403,2.1566538844568193,-3.3404178782372593,0.99556947631814929,-10.18376399378044,0.0080717999186021728,-0.012502323600452827,0.80717999186021738,-1.2502323600452827,False,2.1566538844568193,-3.3404178782372593,2.1566538844568193,-3.3404178782372593,9,25,1,True,proportion of all valid federal-deputy votes,proportion of coalition quota,proportion of coalition quota,percent of coalition quota,percent of coalition quota
k=1,seat_winning,2018,k1/2018/PTB|AVANTE|SOLIDARIEDADE|PMN|PHS|MDB|PSD|PSDB|PODE|PPL|PROS|PRP|PR|PTC|DC|PSL|NOVO,"2018 PTB--NOVO, omitting PRB",,,,,,PTB; AVANTE; SOLIDARIEDADE; PMN; PHS; MDB; PSD; PSDB; PODE; PPL; PROS; PRP; PR; PTC; DC; PSL; NOVO,1,PTB,NOVO,PRB,1,PTB|AVANTE|SOLIDARIEDADE|PMN|PHS|MDB|PSD|PSDB|PODE|PPL|PROS|PRP|PR|PTC|DC|PSL|NOVO,17,False,50895171,0.51794220254601397,258,265.70434990610516,-7.7043499061051639,-6.1140794735844057,-1.5902704325207582,0.97100405052146221,-8.7043499061051648,-0.023010836953723208,-0.0059851125248146266,-2.3010836953723208,-0.59851125248146264,False,-6.1140794735844057,-1.5902704325207582,-6.1140794735844057,-1.5902704325207582,9,26,1,True,proportion of all valid federal-deputy votes,proportion of coalition quota,proportion of coalition quota,percent of coalition quota,percent of coalition quota
k=1,seat_winning,2018,k1/2018/PTB|AVANTE|SOLIDARIEDADE|PMN|PHS|MDB|PSD|PODE|PPL|PROS|PRP|PR|PRB|PTC|DC|PSL|NOVO,"2018 PTB--NOVO, omitting PSDB",,,,,,PTB; AVANTE; SOLIDARIEDADE; PMN; PHS; MDB; PSD; PODE; PPL; PROS; PRP; PR; PRB; PTC; DC; PSL; NOVO,1,PTB,NOVO,PSDB,1,PTB|AVANTE|SOLIDARIEDADE|PMN|PHS|MDB|PSD|PODE|PPL|PROS|PRP|PR|PRB|PTC|DC|PSL|NOVO,17,False,49987893,0.50870915437251352,257,260.96779619309945,-3.9677961930994394,-2.1534232809334912,-1.814372912165948,0.98479583975118701,-3.9677961930994394,-0.0082516820555900931,-0.0069524781932228464,-0.82516820555900927,-0.69524781932228463,False,-2.1534232809334912,-1.814372912165948,-2.1534232809334912,-1.814372912165948,9,26,1,True,proportion of all valid federal-deputy votes,proportion of coalition quota,proportion of coalition quota,percent of coalition quota,percent of coalition quota
k=1,seat_winning,2018,k1/2018/AVANTE|SOLIDARIEDADE|PMN|MDB|PSD|PSDB|PODE|PPL|PROS|PRP|PR|PRB|PTC|DC|PSL,"2018 AVANTE--PSL, omitting PHS",,,,,,AVANTE; SOLIDARIEDADE; PMN; MDB; PSD; PSDB; PODE; PPL; PROS; PRP; PR; PRB; PTC; DC; PSL,1,AVANTE,PSL,PHS,1,AVANTE|SOLIDARIEDADE|PMN|MDB|PSD|PSDB|PODE|PPL|PROS|PRP|PR|PRB|PTC|DC|PSL,15,False,49680364,0.50557954021704143,263,259.36230413134223,3.6376958686577479,6.3739303850393974,-2.7362345163816495,1.0140255380628311,-2.3623041313422521,0.024575392350815985,-0.010549854287984764,2.4575392350815983,-1.0549854287984763,False,6.3739303850393974,-2.7362345163816495,6.3739303850393974,-2.7362345163816495,10,25,1,True,proportion of all valid federal-deputy votes,proportion of coalition quota,proportion of coalition quota,percent of coalition quota,percent of coalition quota
k=1,seat_winning,2018,k1/2018/AVANTE|SOLIDARIEDADE|PMN|PHS|MDB|PSD|PSDB|PPL|PROS|PRP|PR|PRB|PTC|DC|PSL,"2018 AVANTE--PSL, omitting PODE",,,,,,AVANTE; SOLIDARIEDADE; PMN; PHS; MDB; PSD; PSDB; PPL; PROS; PRP; PR; PRB; PTC; DC; PSL,1,AVANTE,PSL,PODE,1,AVANTE|SOLIDARIEDADE|PMN|PHS|MDB|PSD|PSDB|PPL|PROS|PRP|PR|PRB|PTC|DC|PSL,15,False,48865581,0.49728778103193033,258,255.10863166938026,2.8913683306197302,4.5552369768953271,-1.6638686462755969,1.0113338710325055,1.8913683306197304,0.017856067617495967,-0.0065221965849903652,1.7856067617495968,-0.65221965849903651,True,4.5552369768953271,-1.6638686462755969,4.5552369768953271,-1.6638686462755969,10,25,1,True,proportion of all valid federal-deputy votes,proportion of coalition quota,proportion of coalition quota,percent of coalition quota,percent of coalition quota
k=1,seat_winning,2018,k1/2018/AVANTE|SOLIDARIEDADE|PMN|PHS|MDB|PSD|PSDB|PODE|PPL|PRP|PR|PRB|PTC|DC|PSL,"2018 AVANTE--PSL, omitting PROS",,,,,,AVANTE; SOLIDARIEDADE; PMN; PHS; MDB; PSD; PSDB; PODE; PPL; PRP; PR; PRB; PTC; DC; PSL,1,AVANTE,PSL,PROS,1,AVANTE|SOLIDARIEDADE|PMN|PHS|MDB|PSD|PSDB|PODE|PPL|PRP|PR|PRB|PTC|DC|PSL,15,False,49064196,0.4993090158276377,261,256.14552511957817,4.8544748804218507,7.3104060093093244,-2.4559311288874741,1.0189520190842905,0.85447488042185049,0.028540049668627075,-0.0095880305843366008,2.8540049668627074,-0.95880305843366009,True,7.3104060093093244,-2.4559311288874741,7.3104060093093244,-2.4559311288874741,10,25,1,True,proportion of all valid federal-deputy votes,proportion of coalition quota,proportion of coalition quota,percent of coalition quota,percent of coalition quota
k=1,seat_winning,2018,k1/2018/AVANTE|SOLIDARIEDADE|PMN|PHS|MDB|PSD|PSDB|PODE|PPL|PROS|PRP|PR|PRB|PTC|DC|NOVO|PP,"2018 AVANTE--PP, omitting PSL",,,,,,AVANTE; SOLIDARIEDADE; PMN; PHS; MDB; PSD; PSDB; PODE; PPL; PROS; PRP; PR; PRB; PTC; DC; NOVO; PP,1,AVANTE,PP,PSL,1,AVANTE|SOLIDARIEDADE|PMN|PHS|MDB|PSD|PSDB|PODE|PPL|PROS|PRP|PR|PRB|PTC|DC|NOVO|PP,17,False,47830557,0.48675470687744943,262,249.70516462813157,12.29483537186843,9.0392146296512603,3.2556207422171695,1.049237409206887,7.2948353718684293,0.036199550149924729,0.013037859056962389,3.6199550149924731,1.3037859056962389,True,9.0392146296512603,3.2556207422171695,9.0392146296512603,3.2556207422171695,10,27,1,True,proportion of all valid federal-deputy votes,proportion of coalition quota,proportion of coalition quota,percent of coalition quota,percent of coalition quota
k=1,seat_winning,2018,k1/2018/SOLIDARIEDADE|PMN|PHS|MDB|PSD|PSDB|PODE|PPL|PROS|PRP|PR|PRB|PTC|PSL,"2018 SOLIDARIEDADE--PSL, omitting DC",,,,,,SOLIDARIEDADE; PMN; PHS; MDB; PSD; PSDB; PODE; PPL; PROS; PRP; PR; PRB; PTC; PSL,1,SOLIDARIEDADE,PSL,DC,1,SOLIDARIEDADE|PMN|PHS|MDB|PSD|PSDB|PODE|PPL|PROS|PRP|PR|PRB|PTC|PSL,14,False,48873152,0.49736482842834201,261,255.14815698373945,5.8518430162605526,8.5139702714567012,-2.662127255196149,1.0229350785262912,1.8518430162605524,0.033368731219168848,-0.010433652692877599,3.3368731219168852,-1.0433652692877597,True,8.5139702714567012,-2.662127255196149,8.5139702714567012,-2.662127255196149,11,25,1,True,proportion of all valid federal-deputy votes,proportion of coalition quota,proportion of coalition quota,percent of coalition quota,percent of coalition quota
k=1,seat_winning,2018,k1/2018/SOLIDARIEDADE|PHS|MDB|PSD|PSDB|PODE|PPL|PROS|PRP|PR|PRB|PTC|DC|PSL,"2018 SOLIDARIEDADE--PSL, omitting PMN",,,,,,SOLIDARIEDADE; PHS; MDB; PSD; PSDB; PODE; PPL; PROS; PRP; PR; PRB; PTC; DC; PSL,1,SOLIDARIEDADE,PSL,PMN,1,SOLIDARIEDADE|PHS|MDB|PSD|PSDB|PODE|PPL|PROS|PRP|PR|PRB|PTC|DC|PSL,14,False,48620431,0.49479297595594079,259,253.82879666539765,5.1712033346023611,8.0044071581368659,-2.8332038235345038,1.0203728001020276,3.1712033346023611,0.031534669286119019,-0.011161869184091401,3.1534669286119024,-1.1161869184091402,True,8.0044071581368659,-2.8332038235345038,8.0044071581368659,-2.8332038235345038,11,25,1,True,proportion of all valid federal-deputy votes,proportion of coalition quota,proportion of coalition quota,percent of coalition quota,percent of coalition quota
k=1,seat_winning,2018,k1/2018/SOLIDARIEDADE|PMN|PHS|MDB|PSD|PSDB|PODE|PROS|PRP|PR|PRB|PTC|DC|PSL,"2018 SOLIDARIEDADE--PSL, omitting PPL",,,,,,SOLIDARIEDADE; PMN; PHS; MDB; PSD; PSDB; PODE; PROS; PRP; PR; PRB; PTC; DC; PSL,1,SOLIDARIEDADE,PSL,PPL,1,SOLIDARIEDADE|PMN|PHS|MDB|PSD|PSDB|PODE|PROS|PRP|PR|PRB|PTC|DC|PSL,14,False,48865469,0.49728664124743716,261,255.10804695993525,5.891953040064748,8.5100613597785717,-2.6181083197138229,1.0230959121449825,1.891953040064748,0.033358655131388609,-0.010262742986406059,3.3358655131388613,-1.0262742986406059,True,8.5100613597785717,-2.6181083197138229,8.5100613597785717,-2.6181083197138229,11,25,1,True,proportion of all valid federal-deputy votes,proportion of coalition quota,proportion of coalition quota,percent of coalition quota,percent of coalition quota
k=1,seat_winning,2018,k1/2018/SOLIDARIEDADE|PMN|PHS|MDB|PSD|PSDB|PODE|PPL|PROS|PR|PRB|PTC|DC|PSL,"2018 SOLIDARIEDADE--PSL, omitting PRP",,,,,,SOLIDARIEDADE; PMN; PHS; MDB; PSD; PSDB; PODE; PPL; PROS; PR; PRB; PTC; DC; PSL,1,SOLIDARIEDADE,PSL,PRP,1,SOLIDARIEDADE|PMN|PHS|MDB|PSD|PSDB|PODE|PPL|PROS|PR|PRB|PTC|DC|PSL,14,False,48401892,0.4925689816402089,258,252.68788758142716,5.3121124185728288,8.1317095602545759,-2.8195971416817476,1.02102242600315,4.3121124185728288,0.032180844274279592,-0.011158418271129632,3.2180844274279594,-1.1158418271129633,True,8.1317095602545759,-2.8195971416817476,8.1317095602545759,-2.8195971416817476,11,25,1,True,proportion of all valid federal-deputy votes,proportion of coalition quota,proportion of coalition quota,percent of coalition quota,percent of coalition quota
k=1,seat_winning,2018,k1/2018/SOLIDARIEDADE|PMN|PHS|MDB|PSD|PSDB|PODE|PPL|PROS|PRP|PR|PRB|DC|PSL,"2018 SOLIDARIEDADE--PSL, omitting PTC",,,,,,SOLIDARIEDADE; PMN; PHS; MDB; PSD; PSDB; PODE; PPL; PROS; PRP; PR; PRB; DC; PSL,1,SOLIDARIEDADE,PSL,PTC,1,SOLIDARIEDADE|PMN|PHS|MDB|PSD|PSDB|PODE|PPL|PROS|PRP|PR|PRB|DC|PSL,14,False,48653072,0.49512515189918116,260,253.99920292427996,6.0007970757200564,8.9105471682994004,-2.9097500925793445,1.0236252594757511,3.0007970757200564,0.035081004450851515,-0.011455744975100471,3.5081004450851512,-1.145574497510047,True,8.9105471682994004,-2.9097500925793445,8.9105471682994004,-2.9097500925793445,11,25,1,True,proportion of all valid federal-deputy votes,proportion of coalition quota,proportion of coalition quota,percent of coalition quota,percent of coalition quota
k=1,seat_winning,2018,k1/2018/SOLIDARIEDADE|PMN|MDB|PSD|PSDB|PODE|PPL|PROS|PRP|PR|PRB|PTC|DC|PSL|NOVO,"2018 SOLIDARIEDADE--NOVO, omitting PHS",,,,,,SOLIDARIEDADE; PMN; MDB; PSD; PSDB; PODE; PPL; PROS; PRP; PR; PRB; PTC; DC; PSL; NOVO,1,SOLIDARIEDADE,NOVO,PHS,1,SOLIDARIEDADE|PMN|MDB|PSD|PSDB|PODE|PPL|PROS|PRP|PR|PRB|PTC|DC|PSL|NOVO,15,False,50574428,0.5146781141736374,264,264.029872571076,-0.029872571075994215,4.6656806655730048,-4.6955532366489985,0.99988685912398811,-7.0298725710759946,0.017671033281724657,-0.017784174157736529,1.7671033281724657,-1.778417415773653,False,4.6656806655730048,-4.6955532366489985,4.6656806655730048,-4.6955532366489985,11,26,1,True,proportion of all valid federal-deputy votes,proportion of coalition quota,proportion of coalition quota,percent of coalition quota,percent of coalition quota
k=1,seat_winning,2018,k1/2018/SOLIDARIEDADE|PMN|PHS|MDB|PSD|PSDB|PPL|PROS|PRP|PR|PRB|PTC|DC|PSL|NOVO,"2018 SOLIDARIEDADE--NOVO, omitting PODE",,,,,,SOLIDARIEDADE; PMN; PHS; MDB; PSD; PSDB; PPL; PROS; PRP; PR; PRB; PTC; DC; PSL; NOVO,1,SOLIDARIEDADE,NOVO,PODE,1,SOLIDARIEDADE|PMN|PHS|MDB|PSD|PSDB|PPL|PROS|PRP|PR|PRB|PTC|DC|PSL|NOVO,15,False,49759645,0.50638635498852635,259,259.77620010911403,-0.77620010911401194,2.8469872574289341,-3.6231873665429459,0.99701204302477298,-2.7762001091140118,0.010959384486466087,-0.013947341461693163,1.0959384486466088,-1.3947341461693163,False,2.8469872574289341,-3.6231873665429459,2.8469872574289341,-3.6231873665429459,11,26,1,True,proportion of all valid federal-deputy votes,proportion of coalition quota,proportion of coalition quota,percent of coalition quota,percent of coalition quota
k=1,seat_winning,2018,k1/2018/SOLIDARIEDADE|PMN|PHS|MDB|PSD|PSDB|PODE|PPL|PRP|PR|PRB|PTC|DC|PSL|NOVO,"2018 SOLIDARIEDADE--NOVO, omitting PROS",,,,,,SOLIDARIEDADE; PMN; PHS; MDB; PSD; PSDB; PODE; PPL; PRP; PR; PRB; PTC; DC; PSL; NOVO,1,SOLIDARIEDADE,NOVO,PROS,1,SOLIDARIEDADE|PMN|PHS|MDB|PSD|PSDB|PODE|PPL|PRP|PR|PRB|PTC|DC|PSL|NOVO,15,False,49958260,0.50840758978423373,262,260.81309355931188,1.1869064406881082,5.6021562898429318,-4.4152498491548231,1.004550793154172,-3.8130935593118918,0.021479582230287595,-0.016928789076115707,2.1479582230287595,-1.6928789076115709,False,5.6021562898429318,-4.4152498491548231,5.6021562898429318,-4.4152498491548231,11,26,1,True,proportion of all valid federal-deputy votes,proportion of coalition quota,proportion of coalition quota,percent of coalition quota,percent of coalition quota
k=1,seat_winning,2018,k1/2018/SOLIDARIEDADE|PMN|PHS|MDB|PSD|PSDB|PODE|PPL|PROS|PRP|PR|PRB|PTC|DC|NOVO|PP|PSC,"2018 SOLIDARIEDADE--PSC, omitting PSL",,,,,,SOLIDARIEDADE; PMN; PHS; MDB; PSD; PSDB; PODE; PPL; PROS; PRP; PR; PRB; PTC; DC; NOVO; PP; PSC,1,SOLIDARIEDADE,PSC,PSL,1,SOLIDARIEDADE|PMN|PHS|MDB|PSD|PSDB|PODE|PPL|PROS|PRP|PR|PRB|PTC|DC|NOVO|PP|PSC,17,False,47696296,0.48538838003956475,262,249.00423896029673,12.995761039703273,9.1401278870759093,3.8556331526273646,1.0521909229094506,7.9957610397032735,0.036706716019132855,0.015484206890317792,3.6706716019132855,1.5484206890317793,True,9.1401278870759093,3.8556331526273646,9.1401278870759093,3.8556331526273646,11,28,1,True,proportion of all valid federal-deputy votes,proportion of coalition quota,proportion of coalition quota,percent of coalition quota,percent of coalition quota
k=1,seat_winning,2018,k1/2018/PMN|PHS|MDB|PSD|PSDB|PODE|PPL|PROS|PRP|PR|PRB|PTC|DC|PSL|NOVO,2018 PMN--NOVO,,,,,,PMN; PHS; MDB; PSD; PSDB; PODE; PPL; PROS; PRP; PR; PRB; PTC; DC; PSL; NOVO,1,PMN,NOVO,,1,PMN|PHS|MDB|PSD|PSDB|PODE|PPL|PROS|PRP|PR|PRB|PTC|DC|PSL|NOVO,15,False,50049895,0.50934012685597874,257,261.2914850771171,-4.2914850771171063,1.4802933244885568,-5.7717784016056628,0.98357587092495369,-4.2914850771171063,0.0056652949255183941,-0.022089424000564697,0.56652949255183938,-2.2089424000564697,False,1.4802933244885568,-5.7717784016056628,1.4802933244885568,-5.7717784016056628,12,26,0,True,proportion of all valid federal-deputy votes,proportion of coalition quota,proportion of coalition quota,percent of coalition quota,percent of coalition quota
k=1,seat_winning,2018,k1/2018/PMN|PHS|MDB|PSDB|PODE|PPL|PROS|PRP|PR|PRB|PTC|DC|PSL|NOVO|PP,"2018 PMN--PP, omitting PSD",,,,,,PMN; PHS; MDB; PSDB; PODE; PPL; PROS; PRP; PR; PRB; PTC; DC; PSL; NOVO; PP,1,PMN,PP,PSD,1,PMN|PHS|MDB|PSDB|PODE|PPL|PROS|PRP|PR|PRB|PTC|DC|PSL|NOVO|PP,15,False,49709463,0.50587567047568394,259,259.51421895402586,-0.51421895402587658,4.5355728725526347,-5.0497918265785104,0.99801853264110751,-2.5142189540258766,0.017477165185142057,-0.019458632544034533,1.7477165185142058,-1.9458632544034531,False,4.5355728725526347,-5.0497918265785104,4.5355728725526347,-5.0497918265785104,12,27,1,True,proportion of all valid federal-deputy votes,proportion of coalition quota,proportion of coalition quota,percent of coalition quota,percent of coalition quota
k=1,seat_winning,2018,k1/2018/PHS|PSD|PSDB|PODE|PPL|PROS|PRP|PR|PRB|PTC|DC|PSL|NOVO|PP,"2018 PHS--PP, omitting MDB",,,,,,PHS; PSD; PSDB; PODE; PPL; PROS; PRP; PR; PRB; PTC; DC; PSL; NOVO; PP,1,PHS,PP,MDB,1,PHS|PSD|PSDB|PODE|PPL|PROS|PRP|PR|PRB|PTC|DC|PSL|NOVO|PP,14,False,49384114,0.50256470846602408,257,257.81569544307035,-0.81569544307035957,5.1097027453349053,-5.9253981884052651,0.99683612961705637,-0.81569544307035957,0.019819207424720989,-0.022983077807664676,1.9819207424720988,-2.2983077807664674,False,5.1097027453349053,-5.9253981884052651,5.1097027453349053,-5.9253981884052651,13,27,1,True,proportion of all valid federal-deputy votes,proportion of coalition quota,proportion of coalition quota,percent of coalition quota,percent of coalition quota
k=1,seat_winning,2018,k1/2018/PHS|MDB|PSD|PSDB|PODE|PPL|PROS|PRP|PRB|PTC|DC|PSL|NOVO|PP,"2018 PHS--PP, omitting PR",,,,,,PHS; MDB; PSD; PSDB; PODE; PPL; PROS; PRP; PRB; PTC; DC; PSL; NOVO; PP,1,PHS,PP,PR,1,PHS|MDB|PSD|PSDB|PODE|PPL|PROS|PRP|PRB|PTC|DC|PSL|NOVO|PP,14,False,49599427,0.50475587291769264,258,258.93976280677629,-0.93976280677630375,3.0796040127075845,-4.0193668194838885,0.99637072809293659,-1.9397628067763037,0.011893129040230174,-0.015522400947293614,1.1893129040230175,-1.5522400947293615,False,3.0796040127075845,-4.0193668194838885,3.0796040127075845,-4.0193668194838885,13,27,1,True,proportion of all valid federal-deputy votes,proportion of coalition quota,proportion of coalition quota,percent of coalition quota,percent of coalition quota
k=1,seat_winning,2018,k1/2018/PHS|MDB|PSD|PSDB|PODE|PPL|PROS|PRP|PR|PTC|DC|PSL|NOVO|PP,"2018 PHS--PP, omitting PRB",,,,,,PHS; MDB; PSD; PSDB; PODE; PPL; PROS; PRP; PR; PTC; DC; PSL; NOVO; PP,1,PHS,PP,PRB,1,PHS|MDB|PSD|PSDB|PODE|PPL|PROS|PRP|PR|PTC|DC|PSL|NOVO|PP,14,False,49839490,0.50719890938906631,262,260.19304051659105,1.8069594834089611,5.0666120459613957,-3.2596525625524344,1.0069446879894304,-3.1930405165910387,0.019472511777801859,-0.012527823788371405,1.947251177780186,-1.2527823788371406,False,5.0666120459613957,-3.2596525625524344,5.0666120459613957,-3.2596525625524344,13,27,1,True,proportion of all valid federal-deputy votes,proportion of coalition quota,proportion of coalition quota,percent of coalition quota,percent of coalition quota
k=1,seat_winning,2018,k1/2018/PHS|MDB|PSD|PODE|PPL|PROS|PRP|PR|PRB|PTC|DC|PSL|NOVO|PP,"2018 PHS--PP, omitting PSDB",,,,,,PHS; MDB; PSD; PODE; PPL; PROS; PRP; PR; PRB; PTC; DC; PSL; NOVO; PP,1,PHS,PP,PSDB,1,PHS|MDB|PSD|PODE|PPL|PROS|PRP|PR|PRB|PTC|DC|PSL|NOVO|PP,14,False,48932212,0.49796586121556591,261,255.45648680358531,5.5435131964146853,9.0272682386123098,-3.483755042197624,1.0217004205521583,1.5435131964146858,0.035337792167920837,-0.013637371615762509,3.5337792167920838,-1.3637371615762508,True,9.0272682386123098,-3.483755042197624,9.0272682386123098,-3.483755042197624,13,27,1,True,proportion of all valid federal-deputy votes,proportion of coalition quota,proportion of coalition quota,percent of coalition quota,percent of coalition quota
k=1,seat_winning,2018,k1/2018/PHS|MDB|PSD|PSDB|PODE|PPL|PROS|PRP|PR|PRB|PTC|DC|PSL|NOVO|PSC,"2018 PHS--PSC, omitting PP",,,,,,PHS; MDB; PSD; PSDB; PODE; PPL; PROS; PRP; PR; PRB; PTC; DC; PSL; NOVO; PSC,1,PHS,PSC,PP,1,PHS|MDB|PSD|PSDB|PODE|PPL|PROS|PRP|PR|PRB|PTC|DC|PSL|NOVO|PSC,15,False,51135194,0.52038483195149732,261,266.95741879111813,-5.9574187911181076,-0.94390851986570667,-5.0135102712524002,0.9776840111127254,-9.9574187911181067,-0.0035358017924359375,-0.018780187094838679,-0.35358017924359375,-1.8780187094838678,False,-0.94390851986570667,-5.0135102712524002,-0.94390851986570667,-5.0135102712524002,13,28,1,True,proportion of all valid federal-deputy votes,proportion of coalition quota,proportion of coalition quota,percent of coalition quota,percent of coalition quota
k=1,seat_winning,2018,k1/2018/MDB|PSD|PSDB|PODE|PPL|PROS|PRP|PR|PRB|PTC|PSL|NOVO|PP,"2018 MDB--PP, omitting DC",,,,,,MDB; PSD; PSDB; PODE; PPL; PROS; PRP; PR; PRB; PTC; PSL; NOVO; PP,1,MDB,PP,DC,1,MDB|PSD|PSDB|PODE|PPL|PROS|PRP|PR|PRB|PTC|PSL|NOVO|PP,13,False,53013747,0.53950220319324871,284,276.76463023813659,7.2353697618634012,12.7989310371616,-5.5635612752981976,1.0261426821615098,-19.764630238136601,0.046244821912933796,-0.020102139751423952,4.6244821912933798,-2.0102139751423955,False,12.7989310371616,-5.5635612752981976,12.7989310371616,-5.5635612752981976,14,27,1,True,proportion of all valid federal-deputy votes,proportion of coalition quota,proportion of coalition quota,percent of coalition quota,percent of coalition quota
k=1,seat_winning,2018,k1/2018/MDB|PSD|PSDB|PODE|PPL|PROS|PRP|PR|PRB|PTC|DC|PSL|PP,"2018 MDB--PP, omitting NOVO",,,,,,MDB; PSD; PSDB; PODE; PPL; PROS; PRP; PR; PRB; PTC; DC; PSL; PP,1,MDB,PP,NOVO,1,MDB|PSD|PSDB|PODE|PPL|PROS|PRP|PR|PRB|PTC|DC|PSL|PP,13,False,50647402,0.51542074483084832,277,264.4108420982252,12.589157901774797,16.522732745087069,-3.9335748433122708,1.0476121092534401,-7.4108420982252028,0.062488862461052515,-0.014876753207612413,6.2488862461052515,-1.4876753207612412,False,16.522732745087069,-3.9335748433122708,16.522732745087069,-3.9335748433122708,14,27,1,True,proportion of all valid federal-deputy votes,proportion of coalition quota,proportion of coalition quota,percent of coalition quota,percent of coalition quota
k=1,seat_winning,2018,k1/2018/MDB|PSD|PSDB|PPL|PROS|PRP|PR|PRB|PTC|DC|PSL|NOVO|PP,"2018 MDB--PP, omitting PODE",,,,,,MDB; PSD; PSDB; PPL; PROS; PRP; PR; PRB; PTC; DC; PSL; NOVO; PP,1,MDB,PP,PODE,1,MDB|PSD|PSDB|PPL|PROS|PRP|PR|PRB|PTC|DC|PSL|NOVO|PP,13,False,51152161,0.52055749912557159,274,267.04599705141823,6.9540029485817776,12.014227754711138,-5.0602248061293613,1.0260404687782787,-10.045997051418222,0.044989357216981107,-0.018948888438702353,4.4989357216981114,-1.8948888438702354,False,12.014227754711138,-5.0602248061293613,12.014227754711138,-5.0602248061293613,14,27,1,True,proportion of all valid federal-deputy votes,proportion of coalition quota,proportion of coalition quota,percent of coalition quota,percent of coalition quota
k=1,seat_winning,2018,k1/2018/MDB|PSD|PSDB|PODE|PROS|PRP|PR|PRB|PTC|DC|PSL|NOVO|PP,"2018 MDB--PP, omitting PPL",,,,,,MDB; PSD; PSDB; PODE; PROS; PRP; PR; PRB; PTC; DC; PSL; NOVO; PP,1,MDB,PP,PPL,1,MDB|PSD|PSDB|PODE|PROS|PRP|PR|PRB|PTC|DC|PSL|NOVO|PP,13,False,53006064,0.53942401601234391,284,276.72452021433241,7.2754797856675966,12.795022125483468,-5.5195423398158718,1.0262914171105346,-19.724520214332404,0.046237399257475616,-0.01994598214694094,4.6237399257475609,-1.9945982146940942,False,12.795022125483468,-5.5195423398158718,12.795022125483468,-5.5195423398158718,14,27,1,True,proportion of all valid federal-deputy votes,proportion of coalition quota,proportion of coalition quota,percent of coalition quota,percent of coalition quota
k=1,seat_winning,2018,k1/2018/MDB|PSD|PSDB|PODE|PPL|PRP|PR|PRB|PTC|DC|PSL|NOVO|PP,"2018 MDB--PP, omitting PROS",,,,,,MDB; PSD; PSDB; PODE; PPL; PRP; PR; PRB; PTC; DC; PSL; NOVO; PP,1,MDB,PP,PROS,1,MDB|PSD|PSDB|PODE|PPL|PRP|PR|PRB|PTC|DC|PSL|NOVO|PP,13,False,51350776,0.52257873392127896,277,268.08289050161608,8.9171094983838977,14.769396787125137,-5.8522872887412385,1.0332625087774117,-11.082890501616102,0.055092649737884337,-0.021830140960472668,5.5092649737884338,-2.183014096047267,False,14.769396787125137,-5.8522872887412385,14.769396787125137,-5.8522872887412385,14,27,1,True,proportion of all valid federal-deputy votes,proportion of coalition quota,proportion of coalition quota,percent of coalition quota,percent of coalition quota
k=1,seat_winning,2018,k1/2018/MDB|PSD|PSDB|PODE|PPL|PROS|PR|PRB|PTC|DC|PSL|NOVO|PP,"2018 MDB--PP, omitting PRP",,,,,,MDB; PSD; PSDB; PODE; PPL; PROS; PR; PRB; PTC; DC; PSL; NOVO; PP,1,MDB,PP,PRP,1,MDB|PSD|PSDB|PODE|PPL|PROS|PR|PRB|PTC|DC|PSL|NOVO|PP,13,False,52542487,0.53470635640511566,281,274.3043608358243,6.6956391641756774,12.416670325959474,-5.7210311617837961,1.0244095250391703,-17.304360835824323,0.045266033278235251,-0.020856508239064882,4.5266033278235254,-2.0856508239064881,False,12.416670325959474,-5.7210311617837961,12.416670325959474,-5.7210311617837961,14,27,1,True,proportion of all valid federal-deputy votes,proportion of coalition quota,proportion of coalition quota,percent of coalition quota,percent of coalition quota
k=1,seat_winning,2018,k1/2018/MDB|PSD|PSDB|PODE|PPL|PROS|PRP|PR|PRB|DC|PSL|NOVO|PP,"2018 MDB--PP, omitting PTC",,,,,,MDB; PSD; PSDB; PODE; PPL; PROS; PRP; PR; PRB; DC; PSL; NOVO; PP,1,MDB,PP,PTC,1,MDB|PSD|PSDB|PODE|PPL|PROS|PRP|PR|PRB|DC|PSL|NOVO|PP,13,False,52793667,0.53726252666408791,283,275.61567617867712,7.384323821322905,13.195507934004299,-5.811184112681393,1.0267921038589103,-18.615676178677095,0.047876478279304649,-0.021084374420394354,4.7876478279304653,-2.1084374420394356,False,13.195507934004299,-5.811184112681393,13.195507934004299,-5.811184112681393,14,27,1,True,proportion of all valid federal-deputy votes,proportion of coalition quota,proportion of coalition quota,percent of coalition quota,percent of coalition quota
k=1,seat_winning,2018,k1/2018/MDB|PSD|PSDB|PODE|PPL|PROS|PRP|PRB|PTC|DC|PSL|NOVO|PP|PSC,"2018 MDB--PSC, omitting PR",,,,,,MDB; PSD; PSDB; PODE; PPL; PROS; PRP; PRB; PTC; DC; PSL; NOVO; PP; PSC,1,MDB,PSC,PR,1,MDB|PSD|PSDB|PODE|PPL|PROS|PRP|PRB|PTC|DC|PSL|NOVO|PP|PSC,14,False,49890644,0.50771948560304625,259,260.46009611436273,-1.4600961143627196,2.1989554073667676,-3.659051521729487,0.99439416580065443,-3.4600961143627194,0.008442580802862221,-0.014048415002207755,0.84425808028622207,-1.4048415002207755,False,2.1989554073667676,-3.659051521729487,2.1989554073667676,-3.659051521729487,14,28,1,True,proportion of all valid federal-deputy votes,proportion of coalition quota,proportion of coalition quota,percent of coalition quota,percent of coalition quota
k=1,seat_winning,2018,k1/2018/MDB|PSD|PSDB|PODE|PPL|PROS|PRP|PR|PTC|DC|PSL|NOVO|PP|PSC,"2018 MDB--PSC, omitting PRB",,,,,,MDB; PSD; PSDB; PODE; PPL; PROS; PRP; PR; PTC; DC; PSL; NOVO; PP; PSC,1,MDB,PSC,PRB,1,MDB|PSD|PSDB|PODE|PPL|PROS|PRP|PR|PTC|DC|PSL|NOVO|PP|PSC,14,False,50130707,0.51016252207442003,263,261.71337382417744,1.2866261758225452,4.1859634406205783,-2.8993372647980329,1.0049161651810996,-4.713373824177455,0.015994457522192827,-0.011078292341093149,1.5994457522192826,-1.1078292341093148,False,4.1859634406205783,-2.8993372647980329,4.1859634406205783,-2.8993372647980329,14,28,1,True,proportion of all valid federal-deputy votes,proportion of coalition quota,proportion of coalition quota,percent of coalition quota,percent of coalition quota
k=1,seat_winning,2018,k1/2018/MDB|PSDB|PODE|PPL|PROS|PRP|PR|PRB|PTC|DC|PSL|NOVO|PP|PSC,"2018 MDB--PSC, omitting PSD",,,,,,MDB; PSDB; PODE; PPL; PROS; PRP; PR; PRB; PTC; DC; PSL; NOVO; PP; PSC,1,MDB,PSC,PSD,1,MDB|PSDB|PODE|PPL|PROS|PRP|PR|PRB|PTC|DC|PSL|NOVO|PP|PSC,14,False,49366225,0.50238265842317531,257,257.72230377108895,-0.72230377108893895,4.3038391775438196,-5.0261429486327582,0.99719735637731033,-0.72230377108893895,0.016699521595796865,-0.019502165218486561,1.6699521595796865,-1.950216521848656,False,4.3038391775438196,-5.0261429486327582,4.3038391775438196,-5.0261429486327582,14,28,1,True,proportion of all valid federal-deputy votes,proportion of coalition quota,proportion of coalition quota,percent of coalition quota,percent of coalition quota
k=1,seat_winning,2018,k1/2018/MDB|PSD|PODE|PPL|PROS|PRP|PR|PRB|PTC|DC|PSL|NOVO|PP|PSC,"2018 MDB--PSC, omitting PSDB",,,,,,MDB; PSD; PODE; PPL; PROS; PRP; PR; PRB; PTC; DC; PSL; NOVO; PP; PSC,1,MDB,PSC,PSDB,1,MDB|PSD|PODE|PPL|PROS|PRP|PR|PRB|PTC|DC|PSL|NOVO|PP|PSC,14,False,49223429,0.50092947390091958,262,256.97682011117172,5.0231798888282704,8.1466196332714933,-3.1234397444432229,1.0195472100816532,0.023179888828269993,0.031701768391978517,-0.012154558310325343,3.1701768391978518,-1.2154558310325343,False,8.1466196332714933,-3.1234397444432229,8.1466196332714933,-3.1234397444432229,14,28,1,True,proportion of all valid federal-deputy votes,proportion of coalition quota,proportion of coalition quota,percent of coalition quota,percent of coalition quota
k=1,seat_winning,2018,k1/2018/MDB|PSD|PSDB|PODE|PPL|PROS|PRP|PR|PRB|PTC|DC|PSL|NOVO|PSC|PATRIOTA,"2018 MDB--PATRIOTA, omitting PP",,,,,,MDB; PSD; PSDB; PODE; PPL; PROS; PRP; PR; PRB; PTC; DC; PSL; NOVO; PSC; PATRIOTA,1,MDB,PATRIOTA,PP,1,MDB|PSD|PSDB|PODE|PPL|PROS|PRP|PR|PRB|PTC|DC|PSL|NOVO|PSC|PATRIOTA,15,False,51138961,0.52042316738172878,260,266.97708486682689,-6.9770848668268677,-1.5163629441336512,-5.4607219226932164,0.97386635309803027,-9.9770848668268677,-0.0056797494245247344,-0.020453897477445023,-0.56797494245247349,-2.0453897477445024,False,-1.5163629441336512,-5.4607219226932164,-1.5163629441336512,-5.4607219226932164,14,29,1,True,proportion of all valid federal-deputy votes,proportion of coalition quota,proportion of coalition quota,percent of coalition quota,percent of coalition quota
k=1,seat_winning,2018,k1/2018/MDB|PSD|PSDB|PODE|PPL|PROS|PRP|PR|PRB|PTC|DC|NOVO|PP|PSC|PATRIOTA|DEM,"2018 MDB--DEM, omitting PSL",,,,,,MDB; PSD; PSDB; PODE; PPL; PROS; PRP; PR; PRB; PTC; DC; NOVO; PP; PSC; PATRIOTA; DEM,1,MDB,DEM,PSL,1,MDB|PSD|PSDB|PODE|PPL|PROS|PRP|PR|PRB|PTC|DC|NOVO|PP|PSC|PATRIOTA|DEM,16,False,49693702,0.50571527633820623,274,259.4319367614998,14.56806323850021,12.799198408813403,1.768864829686807,1.0561537003514447,-2.4319367614997893,0.049335477229929196,0.0068182231215155077,4.9335477229929197,0.68182231215155076,False,12.799198408813403,1.768864829686807,12.799198408813403,1.768864829686807,14,30,1,True,proportion of all valid federal-deputy votes,proportion of coalition quota,proportion of coalition quota,percent of coalition quota,percent of coalition quota
k=1,seat_winning,2018,k1/2018/PSD|PSDB|PODE|PPL|PROS|PRP|PR|PRB|PTC|PSL|NOVO|PP|PSC,"2018 PSD--PSC, omitting DC",,,,,,PSD; PSDB; PODE; PPL; PROS; PRP; PR; PRB; PTC; PSL; NOVO; PP; PSC,1,PSD,PSC,DC,1,PSD|PSDB|PODE|PPL|PROS|PRP|PR|PRB|PTC|PSL|NOVO|PP|PSC,13,False,49293597,0.50164354888591667,257,257.34314057847524,-0.34314057847523088,5.3875321636459264,-5.7306727421211576,0.99866660297335341,-0.34314057847523088,0.020935207954388944,-0.022268604981035521,2.0935207954388941,-2.226860498103552,False,5.3875321636459264,-5.7306727421211576,5.3875321636459264,-5.7306727421211576,15,28,1,True,proportion of all valid federal-deputy votes,proportion of coalition quota,proportion of coalition quota,percent of coalition quota,percent of coalition quota
k=1,seat_winning,2018,k1/2018/PSD|PSDB|PODE|PROS|PRP|PR|PRB|PTC|DC|PSL|NOVO|PP|PSC,"2018 PSD--PSC, omitting PPL",,,,,,PSD; PSDB; PODE; PROS; PRP; PR; PRB; PTC; DC; PSL; NOVO; PP; PSC,1,PSD,PSC,PPL,1,PSD|PSDB|PODE|PROS|PRP|PR|PRB|PTC|DC|PSL|NOVO|PP|PSC,13,False,49285914,0.50156536170501176,257,257.30303055467101,-0.30303055467103529,5.383623251967796,-5.686653806638831,0.99882228143983465,-0.30303055467103529,0.020923279606782162,-0.022100998166947539,2.0923279606782161,-2.2100998166947541,False,5.383623251967796,-5.686653806638831,5.383623251967796,-5.686653806638831,15,28,1,True,proportion of all valid federal-deputy votes,proportion of coalition quota,proportion of coalition quota,percent of coalition quota,percent of coalition quota
k=1,seat_winning,2018,k1/2018/PSD|PSDB|PODE|PPL|PROS|PR|PRB|PTC|DC|PSL|NOVO|PP|PSC|PATRIOTA,"2018 PSD--PATRIOTA, omitting PRP",,,,,,PSD; PSDB; PODE; PPL; PROS; PR; PRB; PTC; DC; PSL; NOVO; PP; PSC; PATRIOTA,1,PSD,PATRIOTA,PRP,1,PSD|PSDB|PODE|PPL|PROS|PR|PRB|PTC|DC|PSL|NOVO|PP|PSC|PATRIOTA,14,False,50254641,0.51142375467604217,259,262.36038614880965,-3.3603861488096527,2.2403488788304085,-5.6007350276400611,0.98719171671403294,-5.3603861488096527,0.0085392040761812747,-0.021347487362148299,0.85392040761812749,-2.1347487362148296,False,2.2403488788304085,-5.6007350276400611,2.2403488788304085,-5.6007350276400611,15,29,1,True,proportion of all valid federal-deputy votes,proportion of coalition quota,proportion of coalition quota,percent of coalition quota,percent of coalition quota
k=1,seat_winning,2018,k1/2018/PSD|PSDB|PODE|PPL|PROS|PRP|PR|PRB|DC|PSL|NOVO|PP|PSC|PATRIOTA,"2018 PSD--PATRIOTA, omitting PTC",,,,,,PSD; PSDB; PODE; PPL; PROS; PRP; PR; PRB; DC; PSL; NOVO; PP; PSC; PATRIOTA,1,PSD,PATRIOTA,PTC,1,PSD|PSDB|PODE|PPL|PROS|PRP|PR|PRB|DC|PSL|NOVO|PP|PSC|PATRIOTA,14,False,50505821,0.51397992493501443,261,263.67170149166242,-2.6717014916624255,3.0191864868752329,-5.6908879785376589,0.98986731804532724,-6.671701491662426,0.011450551840773489,-0.02158323379544623,1.1450551840773489,-2.1583233795446231,False,3.0191864868752329,-5.6908879785376589,3.0191864868752329,-5.6908879785376589,15,29,1,True,proportion of all valid federal-deputy votes,proportion of coalition quota,proportion of coalition quota,percent of coalition quota,percent of coalition quota
k=1,seat_winning,2018,k1/2018/PSD|PSDB|PODE|PPL|PROS|PRP|PR|PRB|PTC|DC|PSL|PP|PSC|PATRIOTA|DEM,"2018 PSD--DEM, omitting NOVO",,,,,,PSD; PSDB; PODE; PPL; PROS; PRP; PR; PRB; PTC; DC; PSL; PP; PSC; PATRIOTA; DEM,1,PSD,DEM,NOVO,1,PSD|PSDB|PODE|PPL|PROS|PRP|PR|PRB|PTC|DC|PSL|PP|PSC|PATRIOTA|DEM,15,False,52940720,0.53875903317373297,284,276.38338401812501,7.6166159818749843,10.92194052537044,-3.305324543495455,1.0275581544416414,-19.383384018125017,0.039517355806940213,-0.011959201365298771,3.9517355806940211,-1.1959201365298771,False,10.92194052537044,-3.305324543495455,10.92194052537044,-3.305324543495455,15,30,1,True,proportion of all valid federal-deputy votes,proportion of coalition quota,proportion of coalition quota,percent of coalition quota,percent of coalition quota
k=1,seat_winning,2018,k1/2018/PSD|PSDB|PPL|PROS|PRP|PR|PRB|PTC|DC|PSL|NOVO|PP|PSC|PATRIOTA|DEM,"2018 PSD--DEM, omitting PODE",,,,,,PSD; PSDB; PPL; PROS; PRP; PR; PRB; PTC; DC; PSL; NOVO; PP; PSC; PATRIOTA; DEM,1,PSD,DEM,PODE,1,PSD|PSDB|PPL|PROS|PRP|PR|PRB|PTC|DC|PSL|NOVO|PP|PSC|PATRIOTA|DEM,15,False,53445479,0.54389578746845624,281,279.01853897131804,1.9814610286819645,6.4134355349945098,-4.431974506312546,1.0071015389729556,-22.018538971318037,0.022985696787889011,-0.015884157814933346,2.2985696787889012,-1.5884157814933346,False,6.4134355349945098,-4.431974506312546,6.4134355349945098,-4.431974506312546,15,30,1,True,proportion of all valid federal-deputy votes,proportion of coalition quota,proportion of coalition quota,percent of coalition quota,percent of coalition quota
k=1,seat_winning,2018,k1/2018/PSD|PSDB|PODE|PPL|PROS|PRP|PRB|PTC|DC|PSL|NOVO|PP|PSC|PATRIOTA|DEM,"2018 PSD--DEM, omitting PR",,,,,,PSD; PSDB; PODE; PPL; PROS; PRP; PRB; PTC; DC; PSL; NOVO; PP; PSC; PATRIOTA; DEM,1,PSD,DEM,PR,1,PSD|PSDB|PODE|PPL|PROS|PRP|PRB|PTC|DC|PSL|NOVO|PP|PSC|PATRIOTA|DEM,15,False,50464208,0.51355644411255008,259,263.45445582973815,-4.454455829738178,-0.32872005766359585,-4.1257357720745826,0.98309212187848916,-6.454455829738178,-0.0012477301119402462,-0.01566014800957061,-0.12477301119402462,-1.5660148009570609,False,-0.32872005766359585,-4.1257357720745826,-0.32872005766359585,-4.1257357720745826,15,30,1,True,proportion of all valid federal-deputy votes,proportion of coalition quota,proportion of coalition quota,percent of coalition quota,percent of coalition quota
k=1,seat_winning,2018,k1/2018/PSD|PSDB|PODE|PPL|PROS|PRP|PR|PTC|DC|PSL|NOVO|PP|PSC|PATRIOTA|DEM,"2018 PSD--DEM, omitting PRB",,,,,,PSD; PSDB; PODE; PPL; PROS; PRP; PR; PTC; DC; PSL; NOVO; PP; PSC; PATRIOTA; DEM,1,PSD,DEM,PRB,1,PSD|PSDB|PODE|PPL|PROS|PRP|PR|PTC|DC|PSL|NOVO|PP|PSC|PATRIOTA|DEM,15,False,50704271,0.51599948058392375,263,264.70773353955292,-1.7077335395529134,1.6582879755902149,-3.3660215151431285,0.993548607300898,-7.7077335395529136,0.006264599652667238,-0.012715992351769253,0.62645996526672376,-1.2715992351769254,False,1.6582879755902149,-3.3660215151431285,1.6582879755902149,-3.3660215151431285,15,30,1,True,proportion of all valid federal-deputy votes,proportion of coalition quota,proportion of coalition quota,percent of coalition quota,percent of coalition quota
k=1,seat_winning,2018,k1/2018/PSD|PSDB|PODE|PPL|PRP|PR|PRB|PTC|DC|PSL|NOVO|PP|PSC|PATRIOTA|DEM,"2018 PSD--DEM, omitting PROS",,,,,,PSD; PSDB; PODE; PPL; PRP; PR; PRB; PTC; DC; PSL; NOVO; PP; PSC; PATRIOTA; DEM,1,PSD,DEM,PROS,1,PSD|PSDB|PODE|PPL|PRP|PR|PRB|PTC|DC|PSL|NOVO|PP|PSC|PATRIOTA|DEM,15,False,53644094,0.54591702226416361,284,280.05543242151589,3.9445675784840848,9.1686045674085079,-5.2240369889244231,1.0140849529122757,-23.055432421515917,0.03273853496835117,-0.018653582056075389,3.2738534968351174,-1.8653582056075388,False,9.1686045674085079,-5.2240369889244231,9.1686045674085079,-5.2240369889244231,15,30,1,True,proportion of all valid federal-deputy votes,proportion of coalition quota,proportion of coalition quota,percent of coalition quota,percent of coalition quota
k=1,seat_winning,2018,k1/2018/PSD|PSDB|PODE|PPL|PROS|PRP|PR|PRB|PTC|DC|PSL|NOVO|PP|PATRIOTA|DEM,"2018 PSD--DEM, omitting PSC",,,,,,PSD; PSDB; PODE; PPL; PROS; PRP; PR; PRB; PTC; DC; PSL; NOVO; PP; PATRIOTA; DEM,1,PSD,DEM,PSC,1,PSD|PSDB|PODE|PPL|PROS|PRP|PR|PRB|PTC|DC|PSL|NOVO|PP|PATRIOTA|DEM,15,False,53969045,0.54922393396821367,285,281.75187812569362,3.2481218743063978,9.1127775484793965,-5.8646556741729992,1.0115283060255498,-24.751878125693601,0.03234327170807378,-0.020814965682524011,3.234327170807378,-2.0814965682524007,False,9.1127775484793965,-5.8646556741729992,9.1127775484793965,-5.8646556741729992,15,30,1,True,proportion of all valid federal-deputy votes,proportion of coalition quota,proportion of coalition quota,percent of coalition quota,percent of coalition quota
k=1,seat_winning,2018,k1/2018/PSD|PODE|PPL|PROS|PRP|PR|PRB|PTC|DC|PSL|NOVO|PP|PSC|PATRIOTA|DEM,"2018 PSD--DEM, omitting PSDB",,,,,,PSD; PODE; PPL; PROS; PRP; PR; PRB; PTC; DC; PSL; NOVO; PP; PSC; PATRIOTA; DEM,1,PSD,DEM,PSDB,1,PSD|PODE|PPL|PROS|PRP|PR|PRB|PTC|DC|PSL|NOVO|PP|PSC|PATRIOTA|DEM,15,False,49796993,0.50676643241042341,262,259.9711798265472,2.0288201734528113,5.6189441682411294,-3.5901239947883181,1.0078040195640394,-2.9711798265471887,0.02161371953610431,-0.013809699972064786,2.161371953610431,-1.3809699972064786,False,5.6189441682411294,-3.5901239947883181,5.6189441682411294,-3.5901239947883181,15,30,1,True,proportion of all valid federal-deputy votes,proportion of coalition quota,proportion of coalition quota,percent of coalition quota,percent of coalition quota
k=1,seat_winning,2018,k1/2018/PSDB|PODE|PPL|PROS|PRP|PR|PRB|PTC|DC|PSL|NOVO|PP|PSC|PATRIOTA|DEM,2018 PSDB--DEM,,,,,,PSDB; PODE; PPL; PROS; PRP; PR; PRB; PTC; DC; PSL; NOVO; PP; PSC; PATRIOTA; DEM,1,PSDB,DEM,,1,PSDB|PODE|PPL|PROS|PRP|PR|PRB|PTC|DC|PSL|NOVO|PP|PSC|PATRIOTA|DEM,15,False,49939789,0.50821961693267914,257,260.71666348646437,-3.7166634864643977,1.776163712513456,-5.4928271989778539,0.98574443444940241,-3.7166634864643977,0.0068126206003156714,-0.021068186150913305,0.68126206003156708,-2.1068186150913304,False,1.776163712513456,-5.4928271989778539,1.776163712513456,-5.4928271989778539,16,30,0,True,proportion of all valid federal-deputy votes,proportion of coalition quota,proportion of coalition quota,percent of coalition quota,percent of coalition quota
k=0,seat_winning,2022,k0/2022/PT|PSB|REDE|PDT|PV|SOLIDARIEDADE|CIDADANIA|AVANTE|MDB|PSDB|PSD|PODE|PROS|PTB|PP,2022 PT--PP,,,,,,PT; PSB; REDE; PDT; PV; SOLIDARIEDADE; CIDADANIA; AVANTE; MDB; PSDB; PSD; PODE; PROS; PTB; PP,1,PT,PP,,0,PT|PSB|REDE|PDT|PV|SOLIDARIEDADE|CIDADANIA|AVANTE|MDB|PSDB|PSD|PODE|PROS|PTB|PP,15,False,62567811,0.5718472256643119,284,293.35762676579202,-9.3576267657920269,-12.018085406708934,2.6604586409169073,0.96810164143691113,-36.357626765792027,-0.040967352849168685,0.0090689942860798303,-4.0967352849168686,0.906899428607983,False,-12.018085406708934,2.6604586409169073,-12.018085406708934,2.6604586409169073,3,17,0,True,proportion of all valid federal-deputy votes,proportion of coalition quota,proportion of coalition quota,percent of coalition quota,percent of coalition quota
k=0,seat_winning,2022,k0/2022/PSB|REDE|PDT|PV|SOLIDARIEDADE|CIDADANIA|AVANTE|MDB|PSDB|PSD|PODE|PROS|PTB|PP|REPUBLICANOS|PSC,2022 PSB--PSC,,,,,,PSB; REDE; PDT; PV; SOLIDARIEDADE; CIDADANIA; AVANTE; MDB; PSDB; PSD; PODE; PROS; PTB; PP; REPUBLICANOS; PSC,1,PSB,PSC,,0,PSB|REDE|PDT|PV|SOLIDARIEDADE|CIDADANIA|AVANTE|MDB|PSDB|PSD|PODE|PROS|PTB|PP|REPUBLICANOS|PSC,16,False,58886685,0.53820306172799071,261,276.09817066645923,-15.098170666459209,-23.425165903453909,8.3269952369947013,0.94531593371294531,-19.098170666459207,-0.08484361141151027,0.030159545124455532,-8.4843611411510267,3.0159545124455529,False,-23.425165903453909,8.3269952369947013,-23.425165903453909,8.3269952369947013,4,19,0,True,proportion of all valid federal-deputy votes,proportion of coalition quota,proportion of coalition quota,percent of coalition quota,percent of coalition quota
k=0,seat_winning,2022,k0/2022/MDB|PSDB|PSD|PODE|PROS|PTB|PP|REPUBLICANOS|PSC|UNIÃO,2022 MDB--UNIÃO,,,,,,MDB; PSDB; PSD; PODE; PROS; PTB; PP; REPUBLICANOS; PSC; UNIÃO,1,MDB,UNIÃO,,0,MDB|PSDB|PSD|PODE|PROS|PTB|PP|REPUBLICANOS|PSC|UNIÃO,10,False,53852214,0.49218981261436201,265,252.49337387116771,12.506626128832282,2.9531634698279121,9.5534626590043707,1.0495324924257761,4.5066261288322824,0.011696003837846197,0.037836488587929963,1.1696003837846196,3.7836488587929962,True,2.9531634698279121,9.5534626590043707,2.9531634698279121,9.5534626590043707,11,20,0,True,proportion of all valid federal-deputy votes,proportion of coalition quota,proportion of coalition quota,percent of coalition quota,percent of coalition quota
k=0,seat_winning,2022,k0/2022/PP|REPUBLICANOS|PSC|UNIÃO|PATRIOTA|NOVO|PL,2022 PP--PL,,,,,,PP; REPUBLICANOS; PSC; UNIÃO; PATRIOTA; NOVO; PL,1,PP,PL,,0,PP|REPUBLICANOS|PSC|UNIÃO|PATRIOTA|NOVO|PL,7,True,49521168,0.45260561429033058,258,232.18668013093958,25.813319869060408,23.321113301517023,2.4922065675433847,1.1111748522977425,24.813319869060408,0.1004412194892717,0.01073363280847087,10.04412194892717,1.073363280847087,True,23.321113301517023,2.4922065675433847,23.321113301517023,2.4922065675433847,17,23,0,True,proportion of all valid federal-deputy votes,proportion of coalition quota,proportion of coalition quota,percent of coalition quota,percent of coalition quota
k=1,seat_winning,2022,k1/2022/PSOL|PCdoB|PT|PSB|REDE|PDT|PV|SOLIDARIEDADE|CIDADANIA|AVANTE|PSDB|PSD|PODE|PROS|PTB|PP,"2022 PSOL--PP, omitting MDB",,,,,,PSOL; PCdoB; PT; PSB; REDE; PDT; PV; SOLIDARIEDADE; CIDADANIA; AVANTE; PSDB; PSD; PODE; PROS; PTB; PP,1,PSOL,PP,MDB,1,PSOL|PCdoB|PT|PSB|REDE|PDT|PV|SOLIDARIEDADE|CIDADANIA|AVANTE|PSDB|PSD|PODE|PROS|PTB|PP,16,False,59623874,0.54494070329963284,260,279.55458079271165,-19.554580792711629,-20.363443550574328,0.80886275786269857,0.93005093768357439,-22.554580792711629,-0.072842460648762264,0.0028933983323366336,-7.2842460648762257,0.28933983323366336,False,-20.363443550574328,0.80886275786269857,-20.363443550574328,0.80886275786269857,1,17,1,True,proportion of all valid federal-deputy votes,proportion of coalition quota,proportion of coalition quota,percent of coalition quota,percent of coalition quota
k=1,seat_winning,2022,k1/2022/PSOL|PCdoB|PT|PSB|REDE|PDT|PV|SOLIDARIEDADE|CIDADANIA|AVANTE|MDB|PSDB|PODE|PROS|PTB|PP,"2022 PSOL--PP, omitting PSD",,,,,,PSOL; PCdoB; PT; PSB; REDE; PDT; PV; SOLIDARIEDADE; CIDADANIA; AVANTE; MDB; PSDB; PODE; PROS; PTB; PP,1,PSOL,PP,PSD,1,PSOL|PCdoB|PT|PSB|REDE|PDT|PV|SOLIDARIEDADE|CIDADANIA|AVANTE|MDB|PSDB|PODE|PROS|PTB|PP,16,False,59280813,0.54180524949442255,260,277.94609299063876,-17.946092990638778,-17.595761278991773,-0.35033171164700744,0.93543318850953161,-20.946092990638778,-0.063306381067153181,-0.0012604304233152384,-6.3306381067153179,-0.12604304233152383,False,-17.595761278991773,-0.35033171164700744,-17.595761278991773,-0.35033171164700744,1,17,1,True,proportion of all valid federal-deputy votes,proportion of coalition quota,proportion of coalition quota,percent of coalition quota,percent of coalition quota
k=1,seat_winning,2022,k1/2022/PCdoB|PSB|REDE|PDT|PV|SOLIDARIEDADE|CIDADANIA|AVANTE|MDB|PSDB|PSD|PODE|PROS|PTB|PP|REPUBLICANOS,"2022 PCdoB--REPUBLICANOS, omitting PT",,,,,,PCdoB; PSB; REDE; PDT; PV; SOLIDARIEDADE; CIDADANIA; AVANTE; MDB; PSDB; PSD; PODE; PROS; PTB; PP; REPUBLICANOS,1,PCdoB,REPUBLICANOS,PT,1,PCdoB|PSB|REDE|PDT|PV|SOLIDARIEDADE|CIDADANIA|AVANTE|MDB|PSDB|PSD|PODE|PROS|PTB|PP|REPUBLICANOS,16,False,58096719,0.53098305741188734,261,272.39430845229822,-11.39430845229823,-19.536503546896572,8.1421950945983408,0.95816979981322337,-15.39430845229823,-0.071721408783832236,0.02989120859705556,-7.1721408783832237,2.9891208597055559,False,-19.536503546896572,8.1421950945983408,-19.536503546896572,8.1421950945983408,2,18,1,True,proportion of all valid federal-deputy votes,proportion of coalition quota,proportion of coalition quota,percent of coalition quota,percent of coalition quota
k=1,seat_winning,2022,k1/2022/PT|PSB|REDE|PDT|PV|SOLIDARIEDADE|CIDADANIA|MDB|PSDB|PSD|PODE|PROS|PTB|PP,"2022 PT--PP, omitting AVANTE",,,,,,PT; PSB; REDE; PDT; PV; SOLIDARIEDADE; CIDADANIA; MDB; PSDB; PSD; PODE; PROS; PTB; PP,1,PT,PP,AVANTE,1,PT|PSB|REDE|PDT|PV|SOLIDARIEDADE|CIDADANIA|MDB|PSDB|PSD|PODE|PROS|PTB|PP,14,False,60375293,0.55180840193881731,277,283.07771019461325,-6.0777101946132648,-8.7704268697619412,2.6927166751486773,0.97852988781619399,-26.077710194613264,-0.030982400075697785,0.0095122878918918047,-3.0982400075697787,0.95122878918918052,False,-8.7704268697619412,2.6927166751486773,-8.7704268697619412,2.6927166751486773,3,17,1,True,proportion of all valid federal-deputy votes,proportion of coalition quota,proportion of coalition quota,percent of coalition quota,percent of coalition quota
k=1,seat_winning,2022,k1/2022/PT|PSB|REDE|PDT|PV|SOLIDARIEDADE|AVANTE|MDB|PSDB|PSD|PODE|PROS|PTB|PP,"2022 PT--PP, omitting CIDADANIA",,,,,,PT; PSB; REDE; PDT; PV; SOLIDARIEDADE; AVANTE; MDB; PSDB; PSD; PODE; PROS; PTB; PP,1,PT,PP,CIDADANIA,1,PT|PSB|REDE|PDT|PV|SOLIDARIEDADE|AVANTE|MDB|PSDB|PSD|PODE|PROS|PTB|PP,14,False,60953705,0.55709487899793875,279,285.78967292594257,-6.789672925942563,-10.244503429941421,3.4548305039988585,0.97624241332295447,-28.789672925942561,-0.035846303769682071,0.012088717092636576,-3.5846303769682071,1.2088717092636576,False,-10.244503429941421,3.4548305039988585,-10.244503429941421,3.4548305039988585,3,17,1,True,proportion of all valid federal-deputy votes,proportion of coalition quota,proportion of coalition quota,percent of coalition quota,percent of coalition quota
k=1,seat_winning,2022,k1/2022/PT|PSB|REDE|PV|SOLIDARIEDADE|CIDADANIA|AVANTE|MDB|PSDB|PSD|PODE|PROS|PTB|PP,"2022 PT--PP, omitting PDT",,,,,,PT; PSB; REDE; PV; SOLIDARIEDADE; CIDADANIA; AVANTE; MDB; PSDB; PSD; PODE; PROS; PTB; PP,1,PT,PP,PDT,1,PT|PSB|REDE|PV|SOLIDARIEDADE|CIDADANIA|AVANTE|MDB|PSDB|PSD|PODE|PROS|PTB|PP,14,False,58739444,0.53685733209468067,267,275.40781136457116,-8.4078113645711827,-10.043884232715417,1.6360728681442342,0.96947141287346661,-18.407811364571181,-0.036469133475011795,0.0059405463484784107,-3.6469133475011795,0.59405463484784105,False,-10.043884232715417,1.6360728681442342,-10.043884232715417,1.6360728681442342,3,17,1,True,proportion of all valid federal-deputy votes,proportion of coalition quota,proportion of coalition quota,percent of coalition quota,percent of coalition quota
k=1,seat_winning,2022,k1/2022/PT|PSB|REDE|PDT|PV|SOLIDARIEDADE|CIDADANIA|AVANTE|MDB|PSDB|PSD|PROS|PTB|PP,"2022 PT--PP, omitting PODE",,,,,,PT; PSB; REDE; PDT; PV; SOLIDARIEDADE; CIDADANIA; AVANTE; MDB; PSDB; PSD; PROS; PTB; PP,1,PT,PP,PODE,1,PT|PSB|REDE|PDT|PV|SOLIDARIEDADE|CIDADANIA|AVANTE|MDB|PSDB|PSD|PROS|PTB|PP,14,False,58955745,0.53883424521952084,272,276.42196779761417,-4.4219677976141663,-6.3575042068446885,1.9355364092305216,0.9840028351116733,-19.421967797614165,-0.022999272660917513,0.007002107772590813,-2.2999272660917511,0.70021077725908132,False,-6.3575042068446885,1.9355364092305216,-6.3575042068446885,1.9355364092305216,3,17,1,True,proportion of all valid federal-deputy votes,proportion of coalition quota,proportion of coalition quota,percent of coalition quota,percent of coalition quota
k=1,seat_winning,2022,k1/2022/PT|PSB|REDE|PDT|PV|SOLIDARIEDADE|CIDADANIA|AVANTE|MDB|PSDB|PSD|PODE|PTB|PP,"2022 PT--PP, omitting PROS",,,,,,PT; PSB; REDE; PDT; PV; SOLIDARIEDADE; CIDADANIA; AVANTE; MDB; PSDB; PSD; PODE; PTB; PP,1,PT,PP,PROS,1,PT|PSB|REDE|PDT|PV|SOLIDARIEDADE|CIDADANIA|AVANTE|MDB|PSDB|PSD|PODE|PTB|PP,14,False,61768150,0.56453861254498849,281,289.6083082355791,-8.6083082355791021,-10.992537563882626,2.3842293283035234,0.97027603148533725,-32.608308235579102,-0.037956568410809716,0.0082325998961469537,-3.7956568410809717,0.82325998961469538,False,-10.992537563882626,2.3842293283035234,-10.992537563882626,2.3842293283035234,3,17,1,True,proportion of all valid federal-deputy votes,proportion of coalition quota,proportion of coalition quota,percent of coalition quota,percent of coalition quota
k=1,seat_winning,2022,k1/2022/PT|REDE|PDT|PV|SOLIDARIEDADE|CIDADANIA|AVANTE|MDB|PSDB|PSD|PODE|PROS|PTB|PP,"2022 PT--PP, omitting PSB",,,,,,PT; REDE; PDT; PV; SOLIDARIEDADE; CIDADANIA; AVANTE; MDB; PSDB; PSD; PODE; PROS; PTB; PP,1,PT,PP,PSB,1,PT|REDE|PDT|PV|SOLIDARIEDADE|CIDADANIA|AVANTE|MDB|PSDB|PSD|PODE|PROS|PTB|PP,14,False,58392912,0.53369015460138614,270,273.7830493105111,-3.7830493105110934,-6.4721687077888088,2.6891193972777154,0.98618230997120448,-16.783049310511093,-0.023639771432483379,0.0098220814036878157,-2.3639771432483379,0.98220814036878157,False,-6.4721687077888088,2.6891193972777154,-6.4721687077888088,2.6891193972777154,3,17,1,True,proportion of all valid federal-deputy votes,proportion of coalition quota,proportion of coalition quota,percent of coalition quota,percent of coalition quota
k=1,seat_winning,2022,k1/2022/PT|PSB|REDE|PDT|PV|SOLIDARIEDADE|CIDADANIA|AVANTE|MDB|PSD|PODE|PROS|PTB|PP,"2022 PT--PP, omitting PSDB",,,,,,PT; PSB; REDE; PDT; PV; SOLIDARIEDADE; CIDADANIA; AVANTE; MDB; PSD; PODE; PROS; PTB; PP,1,PT,PP,PSDB,1,PT|PSB|REDE|PDT|PV|SOLIDARIEDADE|CIDADANIA|AVANTE|MDB|PSD|PODE|PROS|PTB|PP,14,False,59258750,0.54160360163207633,271,277.8426476372552,-6.8426476372551734,-10.038592282770301,3.1959446455151284,0.97537221986817235,-20.842647637255173,-0.036130494609583667,0.011502714477756051,-3.6130494609583663,1.1502714477756051,False,-10.038592282770301,3.1959446455151284,-10.038592282770301,3.1959446455151284,3,17,1,True,proportion of all valid federal-deputy votes,proportion of coalition quota,proportion of coalition quota,percent of coalition quota,percent of coalition quota
k=1,seat_winning,2022,k1/2022/PT|PSB|REDE|PDT|PV|SOLIDARIEDADE|CIDADANIA|AVANTE|MDB|PSDB|PSD|PODE|PROS|PP,"2022 PT--PP, omitting PTB",,,,,,PT; PSB; REDE; PDT; PV; SOLIDARIEDADE; CIDADANIA; AVANTE; MDB; PSDB; PSD; PODE; PROS; PP,1,PT,PP,PTB,1,PT|PSB|REDE|PDT|PV|SOLIDARIEDADE|CIDADANIA|AVANTE|MDB|PSDB|PSD|PODE|PROS|PP,14,False,61145159,0.55884469950456206,283,286.68733084584034,-3.6873308458403509,-6.0730954113824271,2.3857645655420763,0.98713814511802367,-29.68733084584035,-0.021183689538928727,0.0083218346569523417,-2.1183689538928725,0.83218346569523416,False,-6.0730954113824271,2.3857645655420763,-6.0730954113824271,2.3857645655420763,3,17,1,True,proportion of all valid federal-deputy votes,proportion of coalition quota,proportion of coalition quota,percent of coalition quota,percent of coalition quota
k=1,seat_winning,2022,k1/2022/PT|PSB|REDE|PDT|SOLIDARIEDADE|CIDADANIA|AVANTE|MDB|PSDB|PSD|PODE|PROS|PTB|PP,"2022 PT--PP, omitting PV",,,,,,PT; PSB; REDE; PDT; SOLIDARIEDADE; CIDADANIA; AVANTE; MDB; PSDB; PSD; PODE; PROS; PTB; PP,1,PT,PP,PV,1,PT|PSB|REDE|PDT|SOLIDARIEDADE|CIDADANIA|AVANTE|MDB|PSDB|PSD|PODE|PROS|PTB|PP,14,False,61613233,0.56312272704024813,278,288.88195897164729,-10.881958971647267,-13.231835725253914,2.3498767536066478,0.96233077686684032,-31.881958971647268,-0.045803607024669103,0.008134383891509403,-4.5803607024669102,0.81343838915094036,False,-13.231835725253914,2.3498767536066478,-13.231835725253914,2.3498767536066478,3,17,1,True,proportion of all valid federal-deputy votes,proportion of coalition quota,proportion of coalition quota,percent of coalition quota,percent of coalition quota
k=1,seat_winning,2022,k1/2022/PT|PSB|PDT|PV|SOLIDARIEDADE|CIDADANIA|AVANTE|MDB|PSDB|PSD|PODE|PROS|PTB|PP,"2022 PT--PP, omitting REDE",,,,,,PT; PSB; PDT; PV; SOLIDARIEDADE; CIDADANIA; AVANTE; MDB; PSDB; PSD; PODE; PROS; PTB; PP,1,PT,PP,REDE,1,PT|PSB|PDT|PV|SOLIDARIEDADE|CIDADANIA|AVANTE|MDB|PSDB|PSD|PODE|PROS|PTB|PP,14,False,61784894,0.56469164666578464,282,289.68681473954751,-7.6868147395475157,-10.0638919650719,2.3770772255243848,0.97346508591887893,-32.686814739547515,-0.034740593817223525,0.0082056797361025023,-3.4740593817223524,0.82056797361025025,False,-10.0638919650719,2.3770772255243848,-10.0638919650719,2.3770772255243848,3,17,1,True,proportion of all valid federal-deputy votes,proportion of coalition quota,proportion of coalition quota,percent of coalition quota,percent of coalition quota
k=1,seat_winning,2022,k1/2022/PT|PSB|REDE|PDT|PV|CIDADANIA|AVANTE|MDB|PSDB|PSD|PODE|PROS|PTB|PP,"2022 PT--PP, omitting SOLIDARIEDADE",,,,,,PT; PSB; REDE; PDT; PV; CIDADANIA; AVANTE; MDB; PSDB; PSD; PODE; PROS; PTB; PP,1,PT,PP,SOLIDARIEDADE,1,PT|PSB|REDE|PDT|PV|CIDADANIA|AVANTE|MDB|PSDB|PSD|PODE|PROS|PTB|PP,14,False,60865292,0.55628681606662311,280,285.37513664217767,-5.3751366421776732,-8.2782198609390178,2.9030832187613451,0.98116466379859368,-28.375136642177672,-0.029008202881103833,0.010172866679697551,-2.9008202881103831,1.0172866679697552,False,-8.2782198609390178,2.9030832187613451,-8.2782198609390178,2.9030832187613451,3,17,1,True,proportion of all valid federal-deputy votes,proportion of coalition quota,proportion of coalition quota,percent of coalition quota,percent of coalition quota
k=1,seat_winning,2022,k1/2022/PT|PSB|REDE|PDT|PV|SOLIDARIEDADE|CIDADANIA|AVANTE|PSDB|PSD|PODE|PROS|PTB|PP|REPUBLICANOS,"2022 PT--REPUBLICANOS, omitting MDB",,,,,,PT; PSB; REDE; PDT; PV; SOLIDARIEDADE; CIDADANIA; AVANTE; PSDB; PSD; PODE; PROS; PTB; PP; REPUBLICANOS,1,PT,REPUBLICANOS,MDB,1,PT|PSB|REDE|PDT|PV|SOLIDARIEDADE|CIDADANIA|AVANTE|PSDB|PSD|PODE|PROS|PTB|PP|REPUBLICANOS,15,False,62227810,0.56873973915542497,282,291.76348618673302,-9.7634861867329938,-15.764093076944601,6.0006068902116052,0.96653629858095325,-34.763486186732997,-0.054030383592466896,0.020566682173420177,-5.4030383592466897,2.0566682173420179,False,-15.764093076944601,6.0006068902116052,-15.764093076944601,6.0006068902116052,3,18,1,True,proportion of all valid federal-deputy votes,proportion of coalition quota,proportion of coalition quota,percent of coalition quota,percent of coalition quota
k=1,seat_winning,2022,k1/2022/PT|PSB|REDE|PDT|PV|SOLIDARIEDADE|CIDADANIA|AVANTE|MDB|PSDB|PSD|PODE|PROS|PTB|REPUBLICANOS,"2022 PT--REPUBLICANOS, omitting PP",,,,,,PT; PSB; REDE; PDT; PV; SOLIDARIEDADE; CIDADANIA; AVANTE; MDB; PSDB; PSD; PODE; PROS; PTB; REPUBLICANOS,1,PT,REPUBLICANOS,PP,1,PT|PSB|REDE|PDT|PV|SOLIDARIEDADE|CIDADANIA|AVANTE|MDB|PSDB|PSD|PODE|PROS|PTB|REPUBLICANOS,15,False,61485787,0.56195791656730354,277,288.28441119902675,-11.284411199026723,-13.719032369170913,2.4346211701441884,0.96085667222832882,-31.284411199026724,-0.04758853353225375,0.0084452057605826185,-4.7588533532253754,0.84452057605826181,False,-13.719032369170913,2.4346211701441884,-13.719032369170913,2.4346211701441884,3,18,1,True,proportion of all valid federal-deputy votes,proportion of coalition quota,proportion of coalition quota,percent of coalition quota,percent of coalition quota
k=1,seat_winning,2022,k1/2022/PT|PSB|REDE|PDT|PV|SOLIDARIEDADE|CIDADANIA|AVANTE|MDB|PSDB|PODE|PROS|PTB|PP|REPUBLICANOS,"2022 PT--REPUBLICANOS, omitting PSD",,,,,,PT; PSB; REDE; PDT; PV; SOLIDARIEDADE; CIDADANIA; AVANTE; MDB; PSDB; PODE; PROS; PTB; PP; REPUBLICANOS,1,PT,REPUBLICANOS,PSD,1,PT|PSB|REDE|PDT|PV|SOLIDARIEDADE|CIDADANIA|AVANTE|MDB|PSDB|PODE|PROS|PTB|PP|REPUBLICANOS,15,False,61884749,0.56560428535021467,282,290.15499838466013,-8.1549983846601464,-12.996410805362046,4.8414124207019,0.97189433775030465,-33.154998384660146,-0.044791269761731381,0.016685607512036071,-4.4791269761731378,1.6685607512036071,False,-12.996410805362046,4.8414124207019,-12.996410805362046,4.8414124207019,3,18,1,True,proportion of all valid federal-deputy votes,proportion of coalition quota,proportion of coalition quota,percent of coalition quota,percent of coalition quota
k=1,seat_winning,2022,k1/2022/PSB|REDE|PDT|PV|SOLIDARIEDADE|CIDADANIA|AVANTE|MDB|PSDB|PSD|PODE|PTB|PP|REPUBLICANOS|PSC,"2022 PSB--PSC, omitting PROS",,,,,,PSB; REDE; PDT; PV; SOLIDARIEDADE; CIDADANIA; AVANTE; MDB; PSDB; PSD; PODE; PTB; PP; REPUBLICANOS; PSC,1,PSB,PSC,PROS,1,PSB|REDE|PDT|PV|SOLIDARIEDADE|CIDADANIA|AVANTE|MDB|PSDB|PSD|PODE|PTB|PP|REPUBLICANOS|PSC,15,False,58087024,0.53089444860866719,258,272.34885213624631,-14.348852136246284,-22.399618060627603,8.0507659243813166,0.9473144387292366,-15.348852136246284,-0.082246052755243049,0.029560491484479656,-8.224605275524306,2.9560491484479656,False,-22.399618060627603,8.0507659243813166,-22.399618060627603,8.0507659243813166,4,19,1,True,proportion of all valid federal-deputy votes,proportion of coalition quota,proportion of coalition quota,percent of coalition quota,percent of coalition quota
k=1,seat_winning,2022,k1/2022/PSB|REDE|PDT|PV|SOLIDARIEDADE|CIDADANIA|AVANTE|MDB|PSDB|PSD|PODE|PROS|PP|REPUBLICANOS|PSC,"2022 PSB--PSC, omitting PTB",,,,,,PSB; REDE; PDT; PV; SOLIDARIEDADE; CIDADANIA; AVANTE; MDB; PSDB; PSD; PODE; PROS; PP; REPUBLICANOS; PSC,1,PSB,PSC,PTB,1,PSB|REDE|PDT|PV|SOLIDARIEDADE|CIDADANIA|AVANTE|MDB|PSDB|PSD|PODE|PROS|PP|REPUBLICANOS|PSC,15,False,57464033,0.52520053556824076,260,269.42787474650754,-9.4278747465075341,-17.480175908127404,8.0523011616198694,0.9650077975214042,-12.427874746507534,-0.064878869436110528,0.029886666957514751,-6.4878869436110529,2.9886666957514754,False,-17.480175908127404,8.0523011616198694,-17.480175908127404,8.0523011616198694,4,19,1,True,proportion of all valid federal-deputy votes,proportion of coalition quota,proportion of coalition quota,percent of coalition quota,percent of coalition quota
k=1,seat_winning,2022,k1/2022/PSB|PDT|PV|SOLIDARIEDADE|CIDADANIA|AVANTE|MDB|PSDB|PSD|PODE|PROS|PTB|PP|REPUBLICANOS|PSC,"2022 PSB--PSC, omitting REDE",,,,,,PSB; PDT; PV; SOLIDARIEDADE; CIDADANIA; AVANTE; MDB; PSDB; PSD; PODE; PROS; PTB; PP; REPUBLICANOS; PSC,1,PSB,PSC,REDE,1,PSB|PDT|PV|SOLIDARIEDADE|CIDADANIA|AVANTE|MDB|PSDB|PSD|PODE|PROS|PTB|PP|REPUBLICANOS|PSC,15,False,58103768,0.53104748272946334,259,272.42735864021472,-13.427358640214699,-21.470972461816878,8.0436138216021789,0.95071215054451363,-15.427358640214699,-0.078813569125312552,0.02952571966982618,-7.8813569125312561,2.9525719669826183,False,-21.470972461816878,8.0436138216021789,-21.470972461816878,8.0436138216021789,4,19,1,True,proportion of all valid federal-deputy votes,proportion of coalition quota,proportion of coalition quota,percent of coalition quota,percent of coalition quota
k=1,seat_winning,2022,k1/2022/PSB|REDE|PDT|PV|CIDADANIA|AVANTE|MDB|PSDB|PSD|PODE|PROS|PTB|PP|REPUBLICANOS|PSC,"2022 PSB--PSC, omitting SOLIDARIEDADE",,,,,,PSB; REDE; PDT; PV; CIDADANIA; AVANTE; MDB; PSDB; PSD; PODE; PROS; PTB; PP; REPUBLICANOS; PSC,1,PSB,PSC,SOLIDARIEDADE,1,PSB|REDE|PDT|PV|CIDADANIA|AVANTE|MDB|PSDB|PSD|PODE|PROS|PTB|PP|REPUBLICANOS|PSC,15,False,57184166,0.52264265213030181,257,268.11568054284487,-11.115680542844856,-19.685300357683996,8.5696198148391378,0.95854147537980883,-11.115680542844856,-0.073420921588128768,0.031962396967937554,-7.3420921588128767,3.1962396967937554,False,-19.685300357683996,8.5696198148391378,-19.685300357683996,8.5696198148391378,4,19,1,True,proportion of all valid federal-deputy votes,proportion of coalition quota,proportion of coalition quota,percent of coalition quota,percent of coalition quota
k=1,seat_winning,2022,k1/2022/PDT|PV|SOLIDARIEDADE|CIDADANIA|AVANTE|PSDB|PSD|PODE|PROS|PTB|PP|REPUBLICANOS|PSC|UNIÃO,"2022 PDT--UNIÃO, omitting MDB",,,,,,PDT; PV; SOLIDARIEDADE; CIDADANIA; AVANTE; PSDB; PSD; PODE; PROS; PTB; PP; REPUBLICANOS; PSC; UNIÃO,1,PDT,UNIÃO,MDB,1,PDT|PV|SOLIDARIEDADE|CIDADANIA|AVANTE|PSDB|PSD|PODE|PROS|PTB|PP|REPUBLICANOS|PSC|UNIÃO,14,False,56193407,0.51358747221595347,262,263.47037324678411,-1.4703732467841173,-11.687954572300701,10.217581325516582,0.99441920839650966,-6.4703732467841171,-0.044361551654815375,0.038780760051325039,-4.4361551654815372,3.8780760051325038,False,-11.687954572300701,10.217581325516582,-11.687954572300701,10.217581325516582,6,20,1,True,proportion of all valid federal-deputy votes,proportion of coalition quota,proportion of coalition quota,percent of coalition quota,percent of coalition quota
k=1,seat_winning,2022,k1/2022/PDT|PV|SOLIDARIEDADE|CIDADANIA|AVANTE|MDB|PSDB|PSD|PODE|PROS|PTB|REPUBLICANOS|PSC|UNIÃO,"2022 PDT--UNIÃO, omitting PP",,,,,,PDT; PV; SOLIDARIEDADE; CIDADANIA; AVANTE; MDB; PSDB; PSD; PODE; PROS; PTB; REPUBLICANOS; PSC; UNIÃO,1,PDT,UNIÃO,PP,1,PDT|PV|SOLIDARIEDADE|CIDADANIA|AVANTE|MDB|PSDB|PSD|PODE|PROS|PTB|REPUBLICANOS|PSC|UNIÃO,14,False,55451384,0.50680564962783203,257,259.99129825907784,-2.9912982590778463,-9.6428938645270108,6.6515956054491649,0.98849462163115531,-2.9912982590778463,-0.037089294638307457,0.025583916269462756,-3.7089294638307462,2.5583916269462756,False,-9.6428938645270108,6.6515956054491649,-9.6428938645270108,6.6515956054491649,6,20,1,True,proportion of all valid federal-deputy votes,proportion of coalition quota,proportion of coalition quota,percent of coalition quota,percent of coalition quota
k=1,seat_winning,2022,k1/2022/PDT|PV|SOLIDARIEDADE|CIDADANIA|AVANTE|MDB|PSDB|PODE|PROS|PTB|PP|REPUBLICANOS|PSC|UNIÃO,"2022 PDT--UNIÃO, omitting PSD",,,,,,PDT; PV; SOLIDARIEDADE; CIDADANIA; AVANTE; MDB; PSDB; PODE; PROS; PTB; PP; REPUBLICANOS; PSC; UNIÃO,1,PDT,UNIÃO,PSD,1,PDT|PV|SOLIDARIEDADE|CIDADANIA|AVANTE|MDB|PSDB|PODE|PROS|PTB|PP|REPUBLICANOS|PSC|UNIÃO,14,False,55850346,0.51045201841074317,262,261.86188544471128,0.1381145552887309,-8.9202723007181461,9.0583868560068765,1.0005274328299216,-4.8618854447112687,-0.034064798264051087,0.034592231093972768,-3.4064798264051088,3.4592231093972767,False,-8.9202723007181461,9.0583868560068765,-8.9202723007181461,9.0583868560068765,6,20,1,True,proportion of all valid federal-deputy votes,proportion of coalition quota,proportion of coalition quota,percent of coalition quota,percent of coalition quota
k=1,seat_winning,2022,k1/2022/PDT|PV|SOLIDARIEDADE|CIDADANIA|AVANTE|MDB|PSDB|PSD|PODE|PROS|PTB|PP|PSC|UNIÃO,"2022 PDT--UNIÃO, omitting REPUBLICANOS",,,,,,PDT; PV; SOLIDARIEDADE; CIDADANIA; AVANTE; MDB; PSDB; PSD; PODE; PROS; PTB; PP; PSC; UNIÃO,1,PDT,UNIÃO,REPUBLICANOS,1,PDT|PV|SOLIDARIEDADE|CIDADANIA|AVANTE|MDB|PSDB|PSD|PODE|PROS|PTB|PP|PSC|UNIÃO,14,False,56533408,0.51669495872484039,264,265.06451382584316,-1.064513825843149,-7.9419469020650331,6.8774330762218838,0.99598394439723992,-8.0645138258431484,-0.029962316673152165,0.025946261070392107,-2.9962316673152167,2.5946261070392107,False,-7.9419469020650331,6.8774330762218838,-7.9419469020650331,6.8774330762218838,6,20,1,True,proportion of all valid federal-deputy votes,proportion of coalition quota,proportion of coalition quota,percent of coalition quota,percent of coalition quota
k=1,seat_winning,2022,k1/2022/AVANTE|MDB|PSDB|PSD|PROS|PTB|PP|REPUBLICANOS|PSC|UNIÃO,"2022 AVANTE--UNIÃO, omitting PODE",,,,,,AVANTE; MDB; PSDB; PSD; PROS; PTB; PP; REPUBLICANOS; PSC; UNIÃO,1,AVANTE,UNIÃO,PODE,1,AVANTE|MDB|PSDB|PSD|PROS|PTB|PP|REPUBLICANOS|PSC|UNIÃO,10,False,52432666,0.47921565589506554,260,245.83763147416863,14.162368525831381,5.3660861327451661,8.7962823930862157,1.0576086274542533,11.162368525831381,0.021827765344822756,0.035780862109430482,2.1827765344822758,3.5780862109430482,True,5.3660861327451661,8.7962823930862157,5.3660861327451661,8.7962823930862157,10,20,1,True,proportion of all valid federal-deputy votes,proportion of coalition quota,proportion of coalition quota,percent of coalition quota,percent of coalition quota
k=1,seat_winning,2022,k1/2022/AVANTE|MDB|PSD|PODE|PROS|PTB|PP|REPUBLICANOS|PSC|UNIÃO,"2022 AVANTE--UNIÃO, omitting PSDB",,,,,,AVANTE; MDB; PSD; PODE; PROS; PTB; PP; REPUBLICANOS; PSC; UNIÃO,1,AVANTE,UNIÃO,PSDB,1,AVANTE|MDB|PSD|PODE|PROS|PTB|PP|REPUBLICANOS|PSC|UNIÃO,10,False,52735671,0.48198501230762109,259,247.25831131380963,11.741688686190374,1.6849980568195528,10.056690629370822,1.0474875389377238,9.7416886861903738,0.0068147276743349815,0.040672811263388842,0.68147276743349816,4.0672811263388846,True,1.6849980568195528,10.056690629370822,1.6849980568195528,10.056690629370822,10,20,1,True,proportion of all valid federal-deputy votes,proportion of coalition quota,proportion of coalition quota,percent of coalition quota,percent of coalition quota
k=1,seat_winning,2022,k1/2022/MDB|PSDB|PSD|PODE|PTB|PP|REPUBLICANOS|PSC|UNIÃO,"2022 MDB--UNIÃO, omitting PROS",,,,,,MDB; PSDB; PSD; PODE; PTB; PP; REPUBLICANOS; PSC; UNIÃO,1,MDB,UNIÃO,PROS,1,MDB|PSDB|PSD|PODE|PTB|PP|REPUBLICANOS|PSC|UNIÃO,9,False,53052553,0.48488119949503861,262,248.74405534095479,13.255944659045207,3.9787113126542204,9.277233346390986,1.0532915033522117,8.2559446590452072,0.01599520160270998,0.037296301749501645,1.5995201602709981,3.7296301749501644,True,3.9787113126542204,9.277233346390986,3.9787113126542204,9.277233346390986,11,20,1,True,proportion of all valid federal-deputy votes,proportion of coalition quota,proportion of coalition quota,percent of coalition quota,percent of coalition quota
k=1,seat_winning,2022,k1/2022/MDB|PSDB|PSD|PODE|PROS|PTB|PP|REPUBLICANOS|UNIÃO,"2022 MDB--UNIÃO, omitting PSC",,,,,,MDB; PSDB; PSD; PODE; PROS; PTB; PP; REPUBLICANOS; UNIÃO,1,MDB,UNIÃO,PSC,1,MDB|PSDB|PSD|PODE|PROS|PTB|PP|REPUBLICANOS|UNIÃO,9,False,51907536,0.47441615709826251,259,243.37548859140867,15.624511408591342,6.6655440150267316,8.9589673935646097,1.064199198937501,13.624511408591342,0.027387901935421243,0.036811297002079725,2.7387901935421244,3.6811297002079724,True,6.6655440150267316,8.9589673935646097,6.6655440150267316,8.9589673935646097,11,20,1,True,proportion of all valid federal-deputy votes,proportion of coalition quota,proportion of coalition quota,percent of coalition quota,percent of coalition quota
k=1,seat_winning,2022,k1/2022/MDB|PSDB|PSD|PODE|PROS|PP|REPUBLICANOS|PSC|UNIÃO,"2022 MDB--UNIÃO, omitting PTB",,,,,,MDB; PSDB; PSD; PODE; PROS; PP; REPUBLICANOS; PSC; UNIÃO,1,MDB,UNIÃO,PTB,1,MDB|PSDB|PSD|PODE|PROS|PP|REPUBLICANOS|PSC|UNIÃO,9,False,52429562,0.47918728645461217,264,245.82307795121605,18.176922048783958,8.8981534651544187,9.2787685836295388,1.0739431065637832,11.176922048783958,0.036197388541853143,0.037745718021930087,3.6197388541853139,3.7745718021930084,True,8.8981534651544187,9.2787685836295388,8.8981534651544187,9.2787685836295388,11,20,1,True,proportion of all valid federal-deputy votes,proportion of coalition quota,proportion of coalition quota,percent of coalition quota,percent of coalition quota
k=1,seat_winning,2022,k1/2022/MDB|PSDB|PSD|PROS|PTB|PP|REPUBLICANOS|PSC|UNIÃO|PATRIOTA,"2022 MDB--PATRIOTA, omitting PODE",,,,,,MDB; PSDB; PSD; PROS; PTB; PP; REPUBLICANOS; PSC; UNIÃO; PATRIOTA,1,MDB,PATRIOTA,PODE,1,MDB|PSDB|PSD|PROS|PTB|PP|REPUBLICANOS|PSC|UNIÃO|PATRIOTA,10,False,51766718,0.4731291313683133,257,242.71524439194474,14.284755608055269,5.5797298108041895,8.7050257972510803,1.0588539695717989,14.284755608055269,0.022988790114039374,0.035865179457759612,2.2988790114039372,3.5865179457759608,True,5.5797298108041895,8.7050257972510803,5.5797298108041895,8.7050257972510803,11,21,1,True,proportion of all valid federal-deputy votes,proportion of coalition quota,proportion of coalition quota,percent of coalition quota,percent of coalition quota
k=1,seat_winning,2022,k1/2022/MDB|PSD|PODE|PROS|PTB|PP|REPUBLICANOS|PSC|UNIÃO|PATRIOTA|NOVO,"2022 MDB--NOVO, omitting PSDB",,,,,,MDB; PSD; PODE; PROS; PTB; PP; REPUBLICANOS; PSC; UNIÃO; PATRIOTA; NOVO,1,MDB,NOVO,PSDB,1,MDB|PSD|PODE|PROS|PTB|PP|REPUBLICANOS|PSC|UNIÃO|PATRIOTA|NOVO,11,False,53424477,0.48828045070998,259,250.48787121421972,8.5121287857802717,-0.90810571742098245,9.4202345032012538,1.0339821993955971,6.5121287857802717,-0.0036253480578481239,0.037607547453445259,-0.3625348057848124,3.760754745344526,True,-0.90810571742098245,9.4202345032012538,-0.90810571742098245,9.4202345032012538,11,22,1,True,proportion of all valid federal-deputy votes,proportion of coalition quota,proportion of coalition quota,percent of coalition quota,percent of coalition quota
k=1,seat_winning,2022,k1/2022/PSD|PODE|PROS|PTB|REPUBLICANOS|PSC|UNIÃO|PATRIOTA|NOVO|PL,"2022 PSD--PL, omitting PP",,,,,,PSD; PODE; PROS; PTB; REPUBLICANOS; PSC; UNIÃO; PATRIOTA; NOVO; PL,1,PSD,PL,PP,1,PSD|PODE|PROS|PTB|REPUBLICANOS|PSC|UNIÃO|PATRIOTA|NOVO|PL,10,False,54956585,0.50228336523128392,269,257.67136636364864,11.328633636351373,9.967372699691099,1.3612609366602746,1.0439654347171947,-0.67136636364862734,0.038682500272941699,0.0052829344442530827,3.8682500272941698,0.52829344442530823,False,9.967372699691099,1.3612609366602746,9.967372699691099,1.3612609366602746,13,23,1,True,proportion of all valid federal-deputy votes,proportion of coalition quota,proportion of coalition quota,percent of coalition quota,percent of coalition quota
k=1,seat_winning,2022,k1/2022/PSD|PODE|PROS|PTB|PP|PSC|UNIÃO|PATRIOTA|NOVO|PL,"2022 PSD--PL, omitting REPUBLICANOS",,,,,,PSD; PODE; PROS; PTB; PP; PSC; UNIÃO; PATRIOTA; NOVO; PL,1,PSD,PL,REPUBLICANOS,1,PSD|PODE|PROS|PTB|PP|PSC|UNIÃO|PATRIOTA|NOVO|PL,10,False,56038609,0.51217267432829228,276,262.74458193041391,13.255418069586069,11.668319662153076,1.5870984074329932,1.0504498245870457,-5.7445819304139301,0.044409363559182159,0.0060404610278636502,4.4409363559182164,0.60404610278636506,False,11.668319662153076,1.5870984074329932,11.668319662153076,1.5870984074329932,13,23,1,True,proportion of all valid federal-deputy votes,proportion of coalition quota,proportion of coalition quota,percent of coalition quota,percent of coalition quota
k=1,seat_winning,2022,k1/2022/PSD|PODE|PROS|PTB|PP|REPUBLICANOS|PSC|PATRIOTA|NOVO|PL,"2022 PSD--PL, omitting UNIÃO",,,,,,PSD; PODE; PROS; PTB; PP; REPUBLICANOS; PSC; PATRIOTA; NOVO; PL,1,PSD,PL,UNIÃO,1,PSD|PODE|PROS|PTB|PP|REPUBLICANOS|PSC|PATRIOTA|NOVO|PL,10,False,53434070,0.48836812726998935,257,250.53284928950455,6.4671507104954538,3.6852108013213578,2.7819399091740955,1.0258135838427411,6.4671507104954538,0.014709491437040631,0.0111040924057005,1.4709491437040632,1.1104092405700501,True,3.6852108013213578,2.7819399091740955,3.6852108013213578,2.7819399091740955,13,23,1,True,proportion of all valid federal-deputy votes,proportion of coalition quota,proportion of coalition quota,percent of coalition quota,percent of coalition quota
k=1,seat_winning,2022,k1/2022/PODE|PROS|PTB|PP|REPUBLICANOS|UNIÃO|PATRIOTA|NOVO|PL,"2022 PODE--PL, omitting PSC",,,,,,PODE; PROS; PTB; PP; REPUBLICANOS; UNIÃO; PATRIOTA; NOVO; PL,1,PODE,PL,PSC,1,PODE|PROS|PTB|PP|REPUBLICANOS|UNIÃO|PATRIOTA|NOVO|PL,9,False,53410869,0.4881560784980955,268,250.42406826952299,17.575931730477009,14.402374808698784,3.1735569217782249,1.0701846745479777,6.5759317304770084,0.057511943273751115,0.012672731274226535,5.7511943273751118,1.2672731274226534,True,14.402374808698784,3.1735569217782249,14.402374808698784,3.1735569217782249,14,23,1,True,proportion of all valid federal-deputy votes,proportion of coalition quota,proportion of coalition quota,percent of coalition quota,percent of coalition quota
k=1,seat_winning,2022,k1/2022/PROS|PTB|PP|REPUBLICANOS|PSC|UNIÃO|PATRIOTA|PL,"2022 PROS--PL, omitting NOVO",,,,,,PROS; PTB; PP; REPUBLICANOS; PSC; UNIÃO; PATRIOTA; PL,1,PROS,PL,NOVO,1,PROS|PTB|PP|REPUBLICANOS|PSC|UNIÃO|PATRIOTA|PL,8,False,50388727,0.46053479064029279,259,236.25434759847019,22.745652401529799,19.157322915663769,3.5883294858660322,1.0962761220385562,20.745652401529799,0.081087705307429508,0.015188416731126718,8.1087705307429516,1.5188416731126717,True,19.157322915663769,3.5883294858660322,19.157322915663769,3.5883294858660322,15,23,1,True,proportion of all valid federal-deputy votes,proportion of coalition quota,proportion of coalition quota,percent of coalition quota,percent of coalition quota
k=1,seat_winning,2022,k1/2022/PROS|PTB|PP|REPUBLICANOS|PSC|UNIÃO|NOVO|PL,"2022 PROS--PL, omitting PATRIOTA",,,,,,PROS; PTB; PP; REPUBLICANOS; PSC; UNIÃO; NOVO; PL,1,PROS,PL,PATRIOTA,1,PROS|PTB|PP|REPUBLICANOS|PSC|UNIÃO|NOVO|PL,8,False,50216911,0.45896445437066141,258,235.44876509214933,22.551234907850684,19.38459032225218,3.166644585598505,1.0957797969295979,21.551234907850684,0.082330397080933884,0.013449399848664112,8.2330397080933881,1.3449399848664112,True,19.38459032225218,3.166644585598505,19.38459032225218,3.166644585598505,15,23,1,True,proportion of all valid federal-deputy votes,proportion of coalition quota,proportion of coalition quota,percent of coalition quota,percent of coalition quota
k=1,seat_winning,2022,k1/2022/PP|REPUBLICANOS|PSC|UNIÃO|PATRIOTA|NOVO|PL,2022 PP--PL,,,,,,PP; REPUBLICANOS; PSC; UNIÃO; PATRIOTA; NOVO; PL,1,PP,PL,,1,PP|REPUBLICANOS|PSC|UNIÃO|PATRIOTA|NOVO|PL,7,True,49521168,0.45260561429033058,258,232.18668013093958,25.813319869060408,23.321113301517023,2.4922065675433847,1.1111748522977425,24.813319869060408,0.1004412194892717,0.01073363280847087,10.04412194892717,1.073363280847087,True,23.321113301517023,2.4922065675433847,23.321113301517023,2.4922065675433847,17,23,0,True,proportion of all valid federal-deputy votes,proportion of coalition quota,proportion of coalition quota,percent of coalition quota,percent of coalition quota
