election_year,start_index,end_index,start_party,end_party,parties,interval_size,votes,national_vote_total,vote_share,seats,seat_share,quota,seat_diff,required_diff,representation_ratio,vote_majority,seat_majority,majority_status,coalition_inversion,left_removed_seats,right_removed_seats,minimal_connected_winning,minimal_connected_inversion,endpoint_minimal_connected_winning,minimal_ideological_interval_inversion,old_sweep_equivalent
2014,1,1,PSTU,PSTU,PSTU,1,188473,97355354,0.0019359284544330248,0,0.0,0.9931312971241417,-0.9931312971241417,256.00686870287586,0.0,false,false,neither,false,0,0,false,false,false,false,false
2014,1,2,PSTU,PCO,"PSTU, PCO",2,201442,97355354,0.0020691414670424802,0,0.0,1.0614695725927923,-1.0614695725927923,255.93853042740722,0.0,false,false,neither,false,0,0,false,false,false,false,false
2014,1,3,PSTU,PCB,"PSTU, PCO, PCB",3,268421,97355354,0.002757126228517437,0,0.0,1.4144057552294453,-1.4144057552294453,255.58559424477056,0.0,false,false,neither,false,0,0,false,false,false,false,false
2014,1,4,PSTU,PSOL,"PSTU, PCO, PCB, PSOL",4,2013891,97355354,0.020685980968237247,5,0.009746588693957114,10.611908236705707,-5.611908236705707,246.38809176329428,0.47116879344144874,false,false,neither,false,5,0,false,false,false,false,false
2014,1,5,PSTU,PCdoB,"PSTU, PCO, PCB, PSOL, PCdoB",5,3926906,97355354,0.04033579909739735,15,0.029239766081871343,20.692264936964843,-5.692264936964843,236.30773506303515,0.7249085610345085,false,false,neither,false,15,5,false,false,false,false,false
2014,1,6,PSTU,PT,"PSTU, PCO, PCB, PSOL, PCdoB, PT",6,17481072,97355354,0.17955943131797353,84,0.16374269005847952,92.11398826612042,-8.113988266120415,164.88601173387957,0.9119136146544993,false,false,neither,false,84,15,false,false,false,false,false
2014,1,7,PSTU,PDT,"PSTU, PCO, PCB, PSOL, PCdoB, PT, PDT",7,21009418,97355354,0.21580136209047115,104,0.20272904483430798,110.7060987524117,-6.706098752411705,146.29390124758828,0.9394243060862479,false,false,neither,false,104,84,false,false,false,false,false
2014,1,8,PSTU,PSB,"PSTU, PCO, PCB, PSOL, PCdoB, PT, PDT, PSB",8,27277296,97355354,0.2801828033001657,138,0.26900584795321636,143.733778092985,-5.7337780929850055,113.266221907015,0.9601083463535226,false,false,neither,false,138,104,false,false,false,false,false
2014,1,9,PSTU,PPS,"PSTU, PCO, PCB, PSOL, PCdoB, PT, PDT, PSB, PPS",9,29232985,97355354,0.3002709537679869,148,0.2884990253411306,154.03899928297727,-6.038999282977272,102.96100071702273,0.9607956471342473,false,false,neither,false,148,138,false,false,false,false,false
2014,1,10,PSTU,PV,"PSTU, PCO, PCB, PSOL, PCdoB, PT, PDT, PSB, PPS, PV",10,31237449,97355354,0.3208601039034792,156,0.30409356725146197,164.60123330248481,-8.601233302484815,92.39876669751519,0.9477450251743954,false,false,neither,false,156,148,false,false,false,false,false
2014,1,11,PSTU,PTB,"PSTU, PCO, PCB, PSOL, PCdoB, PT, PDT, PSB, PPS, PV, PTB",11,35151642,97355354,0.36106531953034654,181,0.35282651072124754,185.22650891906778,-4.226508919067783,71.77349108093222,0.9771819436443921,false,false,neither,false,181,156,false,false,false,false,false
2014,1,12,PSTU,PT DO B,"PSTU, PCO, PCB, PSOL, PCdoB, PT, PDT, PSB, PPS, PV, PTB, PT DO B",12,35964139,97355354,0.36941100332294,182,0.35477582846003897,189.50784470466823,-7.50784470466823,67.49215529533177,0.9603824067738802,false,false,neither,false,182,181,false,false,false,false,false
2014,1,13,PSTU,SOLIDARIEDADE,"PSTU, PCO, PCB, PSOL, PCdoB, PT, PDT, PSB, PPS, PV, PTB, PT DO B, SOLIDARIEDADE",13,38653840,97355354,0.3970386672313882,197,0.3840155945419103,203.68083628970214,-6.6808362897021425,53.31916371029786,0.9671994851778801,false,false,neither,false,197,182,false,false,false,false,false
2014,1,14,PSTU,PMN,"PSTU, PCO, PCB, PSOL, PCdoB, PT, PDT, PSB, PPS, PV, PTB, PT DO B, SOLIDARIEDADE, PMN",14,39122313,97355354,0.40185065733518877,200,0.3898635477582846,206.14938721295184,-6.1493872129518365,50.85061278704816,0.9701702377286258,false,false,neither,false,200,197,false,false,false,false,false
2014,1,15,PSTU,PHS,"PSTU, PCO, PCB, PSOL, PCdoB, PT, PDT, PSB, PPS, PV, PTB, PT DO B, SOLIDARIEDADE, PMN, PHS",15,40065381,97355354,0.41153752057642357,205,0.3996101364522417,211.11874805570528,-6.118748055705282,45.88125194429472,0.9710175050200146,false,false,neither,false,205,200,false,false,false,false,false
2014,1,16,PSTU,PMDB,"PSTU, PCO, PCB, PSOL, PCdoB, PT, PDT, PSB, PPS, PV, PTB, PT DO B, SOLIDARIEDADE, PMN, PHS, PMDB",16,50857330,97355354,0.5223886300079603,270,0.5263157894736842,267.98536719408366,2.014632805916335,-10.985367194083665,1.0075176970556652,true,true,votes+seats,false,270,205,false,false,false,false,true
2014,1,17,PSTU,PSD,"PSTU, PCO, PCB, PSOL, PCdoB, PT, PDT, PSB, PPS, PV, PTB, PT DO B, SOLIDARIEDADE, PMN, PHS, PMDB, PSD",17,56825283,97355354,0.5836893469669886,306,0.5964912280701754,299.43263499406515,6.567365005934846,-42.432634994065154,1.0219326961674202,true,true,votes+seats,false,306,270,false,false,false,false,false
2014,1,18,PSTU,PSDB,"PSTU, PCO, PCB, PSOL, PCdoB, PT, PDT, PSB, PPS, PV, PTB, PT DO B, SOLIDARIEDADE, PMN, PHS, PMDB, PSD, PSDB",18,67913998,97355354,0.6975887325107976,360,0.7017543859649122,357.86301977803913,2.1369802219608687,-100.86301977803913,1.0059715033514396,true,true,votes+seats,false,360,306,false,false,false,false,false
2014,1,19,PSTU,PTN,"PSTU, PCO, PCB, PSOL, PCdoB, PT, PDT, PSB, PPS, PV, PTB, PT DO B, SOLIDARIEDADE, PMN, PHS, PMDB, PSD, PSDB, PTN",19,68637180,97355354,0.7050170039954865,364,0.7095516569200779,361.67372304968455,2.326276950315446,-104.67372304968455,1.006431976674169,true,true,votes+seats,false,364,360,false,false,false,false,false
2014,1,20,PSTU,PPL,"PSTU, PCO, PCB, PSOL, PCdoB, PT, PDT, PSB, PPS, PV, PTB, PT DO B, SOLIDARIEDADE, PMN, PHS, PMDB, PSD, PSDB, PTN, PPL",20,68778434,97355354,0.7064679154676999,364,0.7095516569200779,362.4180406349301,1.5819593650699062,-105.4180406349301,1.0043650127413593,true,true,votes+seats,false,364,364,false,false,false,false,false
2014,1,21,PSTU,PRTB,"PSTU, PCO, PCB, PSOL, PCdoB, PT, PDT, PSB, PPS, PV, PTB, PT DO B, SOLIDARIEDADE, PMN, PHS, PMDB, PSD, PSDB, PTN, PPL, PRTB",21,69232624,97355354,0.7111331956124365,365,0.7115009746588694,364.8113293491799,0.18867065082008594,-107.81132934917991,1.000517173222544,true,true,votes+seats,false,365,364,false,false,false,false,false
2014,1,22,PSTU,PROS,"PSTU, PCO, PCB, PSOL, PCdoB, PT, PDT, PSB, PPS, PV, PTB, PT DO B, SOLIDARIEDADE, PMN, PHS, PMDB, PSD, PSDB, PTN, PPL, PRTB, PROS",22,71209741,97355354,0.7314414469696243,376,0.732943469785575,375.22946229541725,0.7705377045827504,-118.22946229541725,1.0020535106701618,true,true,votes+seats,false,376,365,false,false,false,false,false
2014,1,23,PSTU,PRP,"PSTU, PCO, PCB, PSOL, PCdoB, PT, PDT, PSB, PPS, PV, PTB, PT DO B, SOLIDARIEDADE, PMN, PHS, PMDB, PSD, PSDB, PTN, PPL, PRTB, PROS, PRP",23,71934566,97355354,0.7388865947732058,379,0.7387914230019493,379.0488231186546,-0.048823118654581776,-122.04882311865458,0.9998711956991374,true,true,votes+seats,false,379,376,false,false,false,false,false
2014,1,24,PSTU,PR,"PSTU, PCO, PCB, PSOL, PCdoB, PT, PDT, PSB, PPS, PV, PTB, PT DO B, SOLIDARIEDADE, PMN, PHS, PMDB, PSD, PSDB, PTN, PPL, PRTB, PROS, PRP, PR",24,77570085,97355354,0.7967726664524275,413,0.8050682261208577,408.74437789009534,4.255622109904664,-151.74437789009534,1.0104114511173752,true,true,votes+seats,false,413,379,false,false,false,false,false
2014,1,25,PSTU,PRB,"PSTU, PCO, PCB, PSOL, PCdoB, PT, PDT, PSB, PPS, PV, PTB, PT DO B, SOLIDARIEDADE, PMN, PHS, PMDB, PSD, PSDB, PTN, PPL, PRTB, PROS, PRP, PR, PRB",25,81994909,97355354,0.8422229043510027,434,0.8460038986354775,432.06034993206436,1.939650067935645,-175.06034993206436,1.004489303561969,true,true,votes+seats,false,434,413,false,false,false,false,false
2014,1,26,PSTU,PTC,"PSTU, PCO, PCB, PSOL, PCdoB, PT, PDT, PSB, PPS, PV, PTB, PT DO B, SOLIDARIEDADE, PMN, PHS, PMDB, PSD, PSDB, PTN, PPL, PRTB, PROS, PRP, PR, PRB, PTC",26,82333026,97355354,0.8456959234106426,436,0.8499025341130604,433.84200870965964,2.1579912903403624,-176.84200870965964,1.004974140924616,true,true,votes+seats,false,436,434,false,false,false,false,false
2014,1,27,PSTU,PSDC,"PSTU, PCO, PCB, PSOL, PCdoB, PT, PDT, PSB, PPS, PV, PTB, PT DO B, SOLIDARIEDADE, PMN, PHS, PMDB, PSD, PSDB, PTN, PPL, PRTB, PROS, PRP, PR, PRB, PTC, PSDC",27,82842962,97355354,0.8509338068864708,438,0.8538011695906432,436.5290429327595,1.4709570672404766,-179.52904293275952,1.0033696659845541,true,true,votes+seats,false,438,436,false,false,false,false,false
2014,1,28,PSTU,PSL,"PSTU, PCO, PCB, PSOL, PCdoB, PT, PDT, PSB, PPS, PV, PTB, PT DO B, SOLIDARIEDADE, PMN, PHS, PMDB, PSD, PSDB, PTN, PPL, PRTB, PROS, PRP, PR, PRB, PTC, PSDC, PSL",28,83651672,97355354,0.8592405919452566,439,0.8557504873294347,440.7904236679166,-1.7904236679166274,-183.79042366791663,0.9959381520745888,true,true,votes+seats,false,439,438,false,false,false,false,false
2014,1,29,PSTU,PP,"PSTU, PCO, PCB, PSOL, PCdoB, PT, PDT, PSB, PPS, PV, PTB, PT DO B, SOLIDARIEDADE, PMN, PHS, PMDB, PSD, PSDB, PTN, PPL, PRTB, PROS, PRP, PR, PRB, PTC, PSDC, PSL, PP",29,90081463,97355354,0.9252851466186441,477,0.9298245614035088,474.67128021536445,2.3287197846355525,-217.67128021536445,1.0049059630984605,true,true,votes+seats,false,477,439,false,false,false,false,false
2014,1,30,PSTU,PSC,"PSTU, PCO, PCB, PSOL, PCdoB, PT, PDT, PSB, PPS, PV, PTB, PT DO B, SOLIDARIEDADE, PMN, PHS, PMDB, PSD, PSDB, PTN, PPL, PRTB, PROS, PRP, PR, PRB, PTC, PSDC, PSL, PP, PSC",30,92601884,97355354,0.9511740258270747,490,0.9551656920077972,487.9522752492893,2.0477247507106995,-230.9522752492893,1.004196567686183,true,true,votes+seats,false,490,477,false,false,false,false,false
2014,1,31,PSTU,PEN,"PSTU, PCO, PCB, PSOL, PCdoB, PT, PDT, PSB, PPS, PV, PTB, PT DO B, SOLIDARIEDADE, PMN, PHS, PMDB, PSD, PSDB, PTN, PPL, PRTB, PROS, PRP, PR, PRB, PTC, PSDC, PSL, PP, PSC, PEN",31,93269867,97355354,0.958035312572537,492,0.9590643274853801,491.4721153497115,0.5278846502885131,-234.4721153497115,1.0010740887098202,true,true,votes+seats,false,492,490,false,false,false,false,false
2014,1,32,PSTU,DEM,"PSTU, PCO, PCB, PSOL, PCdoB, PT, PDT, PSB, PPS, PV, PTB, PT DO B, SOLIDARIEDADE, PMN, PHS, PMDB, PSD, PSDB, PTN, PPL, PRTB, PROS, PRP, PR, PRB, PTC, PSDC, PSL, PP, PSC, PEN, DEM",32,97355354,97355354,1.0,513,1.0,513.0,0.0,-256.0,1.0,true,true,votes+seats,false,513,492,false,false,false,false,false
2014,2,2,PCO,PCO,PCO,1,12969,97355354,0.00013321301260945547,0,0.0,0.06833827546865066,-0.06833827546865066,256.93166172453135,0.0,false,false,neither,false,0,0,false,false,false,false,false
2014,2,3,PCO,PCB,"PCO, PCB",2,79948,97355354,0.0008211977740844124,0,0.0,0.42127445810530356,-0.42127445810530356,256.5787255418947,0.0,false,false,neither,false,0,0,false,false,false,false,false
2014,2,4,PCO,PSOL,"PCO, PCB, PSOL",3,1825418,97355354,0.018750052513804225,5,0.009746588693957114,9.618776939581567,-4.618776939581567,247.38122306041842,0.5198166078085088,false,false,neither,false,5,0,false,false,false,false,false
2014,2,5,PCO,PCdoB,"PCO, PCB, PSOL, PCdoB",4,3738433,97355354,0.03839987064296433,15,0.029239766081871343,19.699133639840703,-4.699133639840703,237.3008663601593,0.7614548068074987,false,false,neither,false,15,5,false,false,false,false,false
2014,2,6,PCO,PT,"PCO, PCB, PSOL, PCdoB, PT",5,17292599,97355354,0.1776235028635405,84,0.16374269005847952,91.12085696899628,-7.120856968996279,165.8791430310037,0.9218526119500924,false,false,neither,false,84,15,false,false,false,false,false
2014,2,7,PCO,PDT,"PCO, PCB, PSOL, PCdoB, PT, PDT",6,20820945,97355354,0.21386543363603813,104,0.20272904483430798,109.71296745528757,-5.712967455287568,147.28703254471242,0.9479280563838925,false,false,neither,false,104,84,false,false,false,false,false
2014,2,8,PCO,PSB,"PCO, PCB, PSOL, PCdoB, PT, PDT, PSB",7,27088823,97355354,0.2782468748457327,138,0.26900584795321636,142.74064679586087,-4.740646795860869,114.25935320413913,0.9667883892761068,false,false,neither,false,138,104,false,false,false,false,false
2014,2,9,PCO,PPS,"PCO, PCB, PSOL, PCdoB, PT, PDT, PSB, PPS",8,29044512,97355354,0.2983350253135539,148,0.2884990253411306,153.04586798585314,-5.0458679858531355,103.95413201414686,0.9670303546756353,false,false,neither,false,148,138,false,false,false,false,false
2014,2,10,PCO,PV,"PCO, PCB, PSOL, PCdoB, PT, PDT, PSB, PPS, PV",9,31048976,97355354,0.31892417544904617,156,0.30409356725146197,163.60810200536068,-7.608102005360678,93.39189799463932,0.9534980119437398,false,false,neither,false,156,148,false,false,false,false,false
2014,2,11,PCO,PTB,"PCO, PCB, PSOL, PCdoB, PT, PDT, PSB, PPS, PV, PTB",10,34963169,97355354,0.3591293910759135,181,0.35282651072124754,184.23337762194365,-3.233377621943646,72.76662237805635,0.982449555755425,false,false,neither,false,181,156,false,false,false,false,false
2014,2,12,PCO,PT DO B,"PCO, PCB, PSOL, PCdoB, PT, PDT, PSB, PPS, PV, PTB, PT DO B",11,35775666,97355354,0.367475074868507,182,0.35477582846003897,188.5147134075441,-6.514713407544093,68.4852865924559,0.9654418836079912,false,false,neither,false,182,181,false,false,false,false,false
2014,2,13,PCO,SOLIDARIEDADE,"PCO, PCB, PSOL, PCdoB, PT, PDT, PSB, PPS, PV, PTB, PT DO B, SOLIDARIEDADE",12,38465367,97355354,0.3951027387769552,197,0.3840155945419103,202.687704992578,-5.687704992578006,54.312295007421994,0.9719385791418069,false,false,neither,false,197,182,false,false,false,false,false
2014,2,14,PCO,PMN,"PCO, PCB, PSOL, PCdoB, PT, PDT, PSB, PPS, PV, PTB, PT DO B, SOLIDARIEDADE, PMN",13,38933840,97355354,0.39991472888075574,200,0.3898635477582846,205.1562559158277,-5.1562559158277,51.8437440841723,0.9748666893299943,false,false,neither,false,200,197,false,false,false,false,false
2014,2,15,PCO,PHS,"PCO, PCB, PSOL, PCdoB, PT, PDT, PSB, PPS, PV, PTB, PT DO B, SOLIDARIEDADE, PMN, PHS",14,39876908,97355354,0.40960159212199054,205,0.3996101364522417,210.12561675858115,-5.125616758581145,46.874383241418855,0.9756068924976905,false,false,neither,false,205,200,false,false,false,false,false
2014,2,16,PCO,PMDB,"PCO, PCB, PSOL, PCdoB, PT, PDT, PSB, PPS, PV, PTB, PT DO B, SOLIDARIEDADE, PMN, PHS, PMDB",15,50668857,97355354,0.5204527015535273,270,0.5263157894736842,266.9922358969595,3.007764103040472,-9.992235896959528,1.0112653616796605,true,true,votes+seats,false,270,205,false,false,false,false,true
2014,2,17,PCO,PSD,"PCO, PCB, PSOL, PCdoB, PT, PDT, PSB, PPS, PV, PTB, PT DO B, SOLIDARIEDADE, PMN, PHS, PMDB, PSD",16,56636810,97355354,0.5817534185125556,306,0.5964912280701754,298.439503696941,7.560496303058983,-41.43950369694102,1.025333430090195,true,true,votes+seats,false,306,270,false,false,false,false,false
2014,2,18,PCO,PSDB,"PCO, PCB, PSOL, PCdoB, PT, PDT, PSB, PPS, PV, PTB, PT DO B, SOLIDARIEDADE, PMN, PHS, PMDB, PSD, PSDB",17,67725525,97355354,0.6956528040563644,360,0.7017543859649122,356.86988848091494,3.1301115190850624,-99.86988848091494,1.008771016048479,true,true,votes+seats,false,360,306,false,false,false,false,false
2014,2,19,PCO,PTN,"PCO, PCB, PSOL, PCdoB, PT, PDT, PSB, PPS, PV, PTB, PT DO B, SOLIDARIEDADE, PMN, PHS, PMDB, PSD, PSDB, PTN",18,68448707,97355354,0.7030810755410535,364,0.7095516569200779,360.6805917525604,3.3194082474395827,-103.68059175256042,1.0092031795537166,true,true,votes+seats,false,364,360,false,false,false,false,false
2014,2,20,PCO,PPL,"PCO, PCB, PSOL, PCdoB, PT, PDT, PSB, PPS, PV, PTB, PT DO B, SOLIDARIEDADE, PMN, PHS, PMDB, PSD, PSDB, PTN, PPL",19,68589961,97355354,0.7045319870132669,364,0.7095516569200779,361.4249093378059,2.5750906621941,-104.4249093378059,1.007124828963538,true,true,votes+seats,false,364,364,false,false,false,false,false
2014,2,21,PCO,PRTB,"PCO, PCB, PSOL, PCdoB, PT, PDT, PSB, PPS, PV, PTB, PT DO B, SOLIDARIEDADE, PMN, PHS, PMDB, PSD, PSDB, PTN, PPL, PRTB",20,69044151,97355354,0.7091972671580035,365,0.7115009746588694,363.8181980520558,1.1818019479442228,-106.81819805205578,1.0032483310463076,true,true,votes+seats,false,365,364,false,false,false,false,false
2014,2,22,PCO,PROS,"PCO, PCB, PSOL, PCdoB, PT, PDT, PSB, PPS, PV, PTB, PT DO B, SOLIDARIEDADE, PMN, PHS, PMDB, PSD, PSDB, PTN, PPL, PRTB, PROS",21,71021268,97355354,0.7295055185151913,376,0.732943469785575,374.2363309982931,1.7636690017068872,-117.23633099829311,1.0047127145485908,true,true,votes+seats,false,376,365,false,false,false,false,false
2014,2,23,PCO,PRP,"PCO, PCB, PSOL, PCdoB, PT, PDT, PSB, PPS, PV, PTB, PT DO B, SOLIDARIEDADE, PMN, PHS, PMDB, PSD, PSDB, PTN, PPL, PRTB, PROS, PRP",22,71746093,97355354,0.7369506663187728,379,0.7387914230019493,378.05569182153044,0.9443081784695551,-121.05569182153044,1.0024978017760287,true,true,votes+seats,false,379,376,false,false,false,false,false
2014,2,24,PCO,PR,"PCO, PCB, PSOL, PCdoB, PT, PDT, PSB, PPS, PV, PTB, PT DO B, SOLIDARIEDADE, PMN, PHS, PMDB, PSD, PSDB, PTN, PPL, PRTB, PROS, PRP, PR",23,77381612,97355354,0.7948367379979945,413,0.8050682261208577,407.75124659297114,5.2487534070288575,-150.75124659297114,1.0128724398781994,true,true,votes+seats,false,413,379,false,false,false,false,false
2014,2,25,PCO,PRB,"PCO, PCB, PSOL, PCdoB, PT, PDT, PSB, PPS, PV, PTB, PT DO B, SOLIDARIEDADE, PMN, PHS, PMDB, PSD, PSDB, PTN, PPL, PRTB, PROS, PRP, PR, PRB",24,81806436,97355354,0.8402869758965696,434,0.8460038986354775,431.0672186349402,2.932781365059782,-174.06721863494022,1.0068035360572,true,true,votes+seats,false,434,413,false,false,false,false,false
2014,2,26,PCO,PTC,"PCO, PCB, PSOL, PCdoB, PT, PDT, PSB, PPS, PV, PTB, PT DO B, SOLIDARIEDADE, PMN, PHS, PMDB, PSD, PSDB, PTN, PPL, PRTB, PROS, PRP, PR, PRB, PTC",25,82144553,97355354,0.8437599949562096,436,0.8499025341130604,432.8488774125355,3.1511225874644992,-175.8488774125355,1.0072799601706284,true,true,votes+seats,false,436,434,false,false,false,false,false
2014,2,27,PCO,PSDC,"PCO, PCB, PSOL, PCdoB, PT, PDT, PSB, PPS, PV, PTB, PT DO B, SOLIDARIEDADE, PMN, PHS, PMDB, PSD, PSDB, PTN, PPL, PRTB, PROS, PRP, PR, PRB, PTC, PSDC",26,82654489,97355354,0.8489978784320378,438,0.8538011695906432,435.5359116356354,2.4640883643646134,-178.5359116356354,1.005657600897044,true,true,votes+seats,false,438,436,false,false,false,false,false
2014,2,28,PCO,PSL,"PCO, PCB, PSOL, PCdoB, PT, PDT, PSB, PPS, PV, PTB, PT DO B, SOLIDARIEDADE, PMN, PHS, PMDB, PSD, PSDB, PTN, PPL, PRTB, PROS, PRP, PR, PRB, PTC, PSDC, PSL",27,83463199,97355354,0.8573046634908236,439,0.8557504873294347,439.7972923707925,-0.7972923707924906,-182.7972923707925,0.998187136699968,true,true,votes+seats,false,439,438,false,false,false,false,false
2014,2,29,PCO,PP,"PCO, PCB, PSOL, PCdoB, PT, PDT, PSB, PPS, PV, PTB, PT DO B, SOLIDARIEDADE, PMN, PHS, PMDB, PSD, PSDB, PTN, PPL, PRTB, PROS, PRP, PR, PRB, PTC, PSDC, PSL, PP",28,89892990,97355354,0.9233492181642111,477,0.9298245614035088,473.6781489182403,3.3218510817596894,-216.6781489182403,1.007012886470161,true,true,votes+seats,false,477,439,false,false,false,false,false
2014,2,30,PCO,PSC,"PCO, PCB, PSOL, PCdoB, PT, PDT, PSB, PPS, PV, PTB, PT DO B, SOLIDARIEDADE, PMN, PHS, PMDB, PSD, PSDB, PTN, PPL, PRTB, PROS, PRP, PR, PRB, PTC, PSDC, PSL, PP, PSC",29,92413411,97355354,0.9492380973726416,490,0.9551656920077972,486.95914395216516,3.0408560478348363,-229.95914395216516,1.0062445814717744,true,true,votes+seats,false,490,477,false,false,false,false,false
2014,2,31,PCO,PEN,"PCO, PCB, PSOL, PCdoB, PT, PDT, PSB, PPS, PV, PTB, PT DO B, SOLIDARIEDADE, PMN, PHS, PMDB, PSD, PSDB, PTN, PPL, PRTB, PROS, PRP, PR, PRB, PTC, PSDC, PSL, PP, PSC, PEN",30,93081394,97355354,0.956099384118104,492,0.9590643274853801,490.47898405258735,1.52101594741265,-233.47898405258735,1.0031010828126523,true,true,votes+seats,false,492,490,false,false,false,false,false
2014,2,32,PCO,DEM,"PCO, PCB, PSOL, PCdoB, PT, PDT, PSB, PPS, PV, PTB, PT DO B, SOLIDARIEDADE, PMN, PHS, PMDB, PSD, PSDB, PTN, PPL, PRTB, PROS, PRP, PR, PRB, PTC, PSDC, PSL, PP, PSC, PEN, DEM",31,97166881,97355354,0.998064071545567,513,1.0,512.0068687028759,0.9931312971241368,-255.00686870287586,1.0019396835429966,true,true,votes+seats,false,513,492,false,false,false,false,false
2014,3,3,PCB,PCB,PCB,1,66979,97355354,0.000687984761474957,0,0.0,0.35293618263665294,-0.35293618263665294,256.64706381736335,0.0,false,false,neither,false,0,0,false,false,false,false,false
2014,3,4,PCB,PSOL,"PCB, PSOL",2,1812449,97355354,0.018616839501194766,5,0.009746588693957114,9.550438664112916,-4.5504386641129155,247.4495613358871,0.5235361616203229,false,false,neither,false,5,0,false,false,false,false,false
2014,3,5,PCB,PCdoB,"PCB, PSOL, PCdoB",3,3725464,97355354,0.038266657630354875,15,0.029239766081871343,19.63079536437205,-4.630795364372052,237.36920463562794,0.7641055658510665,false,false,neither,false,15,5,false,false,false,false,false
2014,3,6,PCB,PT,"PCB, PSOL, PCdoB, PT",4,17279630,97355354,0.17749028985093104,84,0.16374269005847952,91.05251869352763,-7.052518693527631,165.94748130647235,0.9225444963552781,false,false,neither,false,84,15,false,false,false,false,false
2014,3,7,PCB,PDT,"PCB, PSOL, PCdoB, PT, PDT",5,20807976,97355354,0.21373222062342867,104,0.20272904483430798,109.6446291798189,-5.6446291798189066,147.3553708201811,0.9485188720866425,false,false,neither,false,104,84,false,false,false,false,false
2014,3,8,PCB,PSB,"PCB, PSOL, PCdoB, PT, PDT, PSB",6,27075854,97355354,0.2781136618331232,138,0.26900584795321636,142.6723085203922,-4.672308520392193,114.32769147960781,0.9672514689861882,false,false,neither,false,138,104,false,false,false,false,false
2014,3,9,PCB,PPS,"PCB, PSOL, PCdoB, PT, PDT, PSB, PPS",7,29031543,97355354,0.29820181230094445,148,0.2884990253411306,152.9775297103845,-4.977529710384488,104.02247028961551,0.9674623474453542,false,false,neither,false,148,138,false,false,false,false,false
2014,3,10,PCB,PV,"PCB, PSOL, PCdoB, PT, PDT, PSB, PPS, PV",8,31036007,97355354,0.31879096243643673,156,0.30409356725146197,163.53976372989203,-7.53976372989203,93.46023627010797,0.953896449658904,false,false,neither,false,156,148,false,false,false,false,false
2014,3,11,PCB,PTB,"PCB, PSOL, PCdoB, PT, PDT, PSB, PPS, PV, PTB",9,34950200,97355354,0.35899617806330403,181,0.35282651072124754,184.16503934647497,-3.1650393464749698,72.83496065352503,0.9828141141353083,false,false,neither,false,181,156,false,false,false,false,false
2014,3,12,PCB,PT DO B,"PCB, PSOL, PCdoB, PT, PDT, PSB, PPS, PV, PTB, PT DO B",10,35762697,97355354,0.3673418618558975,182,0.35477582846003897,188.44637513207542,-6.446375132075417,68.55362486792458,0.9657919918727151,false,false,neither,false,182,181,false,false,false,false,false
2014,3,13,PCB,SOLIDARIEDADE,"PCB, PSOL, PCdoB, PT, PDT, PSB, PPS, PV, PTB, PT DO B, SOLIDARIEDADE",11,38452398,97355354,0.39496952576434574,197,0.3840155945419103,202.61936671710936,-5.619366717109358,54.38063328289064,0.9722663889037076,false,false,neither,false,197,182,false,false,false,false,false
2014,3,14,PCB,PMN,"PCB, PSOL, PCdoB, PT, PDT, PSB, PPS, PV, PTB, PT DO B, SOLIDARIEDADE, PMN",12,38920871,97355354,0.3997815158681463,200,0.3898635477582846,205.08791764035905,-5.087917640359052,51.91208235964095,0.975191529082268,false,false,neither,false,200,197,false,false,false,false,false
2014,3,15,PCB,PHS,"PCB, PSOL, PCdoB, PT, PDT, PSB, PPS, PV, PTB, PT DO B, SOLIDARIEDADE, PMN, PHS",13,39863939,97355354,0.4094683791093811,205,0.3996101364522417,210.0572784831125,-5.057278483112498,46.9427215168875,0.975924288272072,false,false,neither,false,205,200,false,false,false,false,false
2014,3,16,PCB,PMDB,"PCB, PSOL, PCdoB, PT, PDT, PSB, PPS, PV, PTB, PT DO B, SOLIDARIEDADE, PMN, PHS, PMDB",14,50655888,97355354,0.5203194885409178,270,0.5263157894736842,266.9238976214908,3.0761023785091766,-9.923897621490823,1.0115242674257334,true,true,votes+seats,false,270,205,false,false,false,false,true
2014,3,17,PCB,PSD,"PCB, PSOL, PCdoB, PT, PDT, PSB, PPS, PV, PTB, PT DO B, SOLIDARIEDADE, PMN, PHS, PMDB, PSD",15,56623841,97355354,0.5816202054999461,306,0.5964912280701754,298.37116542147237,7.628834578527631,-41.37116542147237,1.0255682702038291,true,true,votes+seats,false,306,270,false,false,false,false,false
2014,3,18,PCB,PSDB,"PCB, PSOL, PCdoB, PT, PDT, PSB, PPS, PV, PTB, PT DO B, SOLIDARIEDADE, PMN, PHS, PMDB, PSD, PSDB",16,67712556,97355354,0.695519591043755,360,0.7017543859649122,356.80155020544635,3.198449794553653,-99.80155020544635,1.0089642261719771,true,true,votes+seats,false,360,306,false,false,false,false,false
2014,3,19,PCB,PTN,"PCB, PSOL, PCdoB, PT, PDT, PSB, PPS, PV, PTB, PT DO B, SOLIDARIEDADE, PMN, PHS, PMDB, PSD, PSDB, PTN",17,68435738,97355354,0.702947862528444,364,0.7095516569200779,360.61225347709177,3.3877465229082304,-103.61225347709177,1.0093944298626654,true,true,votes+seats,false,364,360,false,false,false,false,false
2014,3,20,PCB,PPL,"PCB, PSOL, PCdoB, PT, PDT, PSB, PPS, PV, PTB, PT DO B, SOLIDARIEDADE, PMN, PHS, PMDB, PSD, PSDB, PTN, PPL",18,68576992,97355354,0.7043987740006574,364,0.7095516569200779,361.35657106233725,2.6434289376627476,-104.35657106233725,1.0073152922884214,true,true,votes+seats,false,364,364,false,false,false,false,false
2014,3,21,PCB,PRTB,"PCB, PSOL, PCdoB, PT, PDT, PSB, PPS, PV, PTB, PT DO B, SOLIDARIEDADE, PMN, PHS, PMDB, PSD, PSDB, PTN, PPL, PRTB",19,69031182,97355354,0.709064054145394,365,0.7115009746588694,363.74985977658713,1.2501402234128705,-106.74985977658713,1.0034368129356275,true,true,votes+seats,false,365,364,false,false,false,false,false
2014,3,22,PCB,PROS,"PCB, PSOL, PCdoB, PT, PDT, PSB, PPS, PV, PTB, PT DO B, SOLIDARIEDADE, PMN, PHS, PMDB, PSD, PSDB, PTN, PPL, PRTB, PROS",20,71008299,97355354,0.7293723055025818,376,0.732943469785575,374.16799272282447,1.832007277175535,-117.16799272282447,1.0048962159051713,true,true,votes+seats,false,376,365,false,false,false,false,false
2014,3,23,PCB,PRP,"PCB, PSOL, PCdoB, PT, PDT, PSB, PPS, PV, PTB, PT DO B, SOLIDARIEDADE, PMN, PHS, PMDB, PSD, PSDB, PTN, PPL, PRTB, PROS, PRP",21,71733124,97355354,0.7368174533061633,379,0.7387914230019493,377.9873535460618,1.0126464539382027,-120.9873535460618,1.0026790485037083,true,true,votes+seats,false,379,376,false,false,false,false,false
2014,3,24,PCB,PR,"PCB, PSOL, PCdoB, PT, PDT, PSB, PPS, PV, PTB, PT DO B, SOLIDARIEDADE, PMN, PHS, PMDB, PSD, PSDB, PTN, PPL, PRTB, PROS, PRP, PR",22,77368643,97355354,0.794703524985385,413,0.8050682261208577,407.6829083175025,5.317091682497505,-150.6829083175025,1.0130422236841887,true,true,votes+seats,false,413,379,false,false,false,false,false
2014,3,25,PCB,PRB,"PCB, PSOL, PCdoB, PT, PDT, PSB, PPS, PV, PTB, PT DO B, SOLIDARIEDADE, PMN, PHS, PMDB, PSD, PSDB, PTN, PPL, PRTB, PROS, PRP, PR, PRB",23,81793467,97355354,0.8401537628839602,434,0.8460038986354775,430.99888035947157,3.0011196405284295,-173.99888035947157,1.0069631727071433,true,true,votes+seats,false,434,413,false,false,false,false,false
2014,3,26,PCB,PTC,"PCB, PSOL, PCdoB, PT, PDT, PSB, PPS, PV, PTB, PT DO B, SOLIDARIEDADE, PMN, PHS, PMDB, PSD, PSDB, PTN, PPL, PRTB, PROS, PRP, PR, PRB, PTC",24,82131584,97355354,0.8436267819436002,436,0.8499025341130604,432.7805391370669,3.21946086293309,-175.7805391370669,1.007439014862712,true,true,votes+seats,false,436,434,false,false,false,false,false
2014,3,27,PCB,PSDC,"PCB, PSOL, PCdoB, PT, PDT, PSB, PPS, PV, PTB, PT DO B, SOLIDARIEDADE, PMN, PHS, PMDB, PSD, PSDB, PTN, PPL, PRTB, PROS, PRP, PR, PRB, PTC, PSDC",25,82641520,97355354,0.8488646654194283,438,0.8538011695906432,435.46757336016674,2.532426639833261,-178.46757336016674,1.005815419550743,true,true,votes+seats,false,438,436,false,false,false,false,false
2014,3,28,PCB,PSL,"PCB, PSOL, PCdoB, PT, PDT, PSB, PPS, PV, PTB, PT DO B, SOLIDARIEDADE, PMN, PHS, PMDB, PSD, PSDB, PTN, PPL, PRTB, PROS, PRP, PR, PRB, PTC, PSDC, PSL",26,83450230,97355354,0.8571714504782141,439,0.8557504873294347,439.72895409532384,-0.7289540953238429,-182.72895409532384,0.9983422649599603,true,true,votes+seats,false,439,438,false,false,false,false,false
2014,3,29,PCB,PP,"PCB, PSOL, PCdoB, PT, PDT, PSB, PPS, PV, PTB, PT DO B, SOLIDARIEDADE, PMN, PHS, PMDB, PSD, PSDB, PTN, PPL, PRTB, PROS, PRP, PR, PRB, PTC, PSDC, PSL, PP",27,89880021,97355354,0.9232160051516016,477,0.9298245614035088,473.6098106427716,3.390189357228394,-216.6098106427716,1.0071581907322134,true,true,votes+seats,false,477,439,false,false,false,false,false
2014,3,30,PCB,PSC,"PCB, PSOL, PCdoB, PT, PDT, PSB, PPS, PV, PTB, PT DO B, SOLIDARIEDADE, PMN, PHS, PMDB, PSD, PSDB, PTN, PPL, PRTB, PROS, PRP, PR, PRB, PTC, PSDC, PSL, PP, PSC",28,92400442,97355354,0.9491048843600323,490,0.9551656920077972,486.8908056766966,3.109194323303427,-229.89080567669657,1.0063858144106503,true,true,votes+seats,false,490,477,false,false,false,false,false
2014,3,31,PCB,PEN,"PCB, PSOL, PCdoB, PT, PDT, PSB, PPS, PV, PTB, PT DO B, SOLIDARIEDADE, PMN, PHS, PMDB, PSD, PSDB, PTN, PPL, PRTB, PROS, PRP, PR, PRB, PTC, PSDC, PSL, PP, PSC, PEN",29,93068425,97355354,0.9559661711054946,492,0.9590643274853801,490.41064577711876,1.5893542228812407,-233.41064577711876,1.0032408640321473,true,true,votes+seats,false,492,490,false,false,false,false,false
2014,3,32,PCB,DEM,"PCB, PSOL, PCdoB, PT, PDT, PSB, PPS, PV, PTB, PT DO B, SOLIDARIEDADE, PMN, PHS, PMDB, PSD, PSDB, PTN, PPL, PRTB, PROS, PRP, PR, PRB, PTC, PSDC, PSL, PP, PSC, PEN, DEM",30,97153912,97355354,0.9979308585329575,513,1.0,511.9385304274072,1.0614695725927845,-254.93853042740722,1.0020734316905324,true,true,votes+seats,false,513,492,false,false,false,false,false
2014,4,4,PSOL,PSOL,PSOL,1,1745470,97355354,0.01792885473971981,5,0.009746588693957114,9.197502481476263,-4.197502481476263,247.80249751852375,0.5436258386523931,false,false,neither,false,0,0,false,false,false,false,false
2014,4,5,PSOL,PCdoB,"PSOL, PCdoB",2,3658485,97355354,0.03757867286887992,15,0.029239766081871343,19.277859181735398,-4.277859181735398,237.7221408182646,0.7780946970611545,false,false,neither,false,10,5,false,false,false,false,false
2014,4,6,PSOL,PT,"PSOL, PCdoB, PT",3,17212651,97355354,0.1768023050894561,84,0.16374269005847952,90.69958251089098,-6.699582510890977,166.300417489109,0.9261343621941533,false,false,neither,false,79,15,false,false,false,false,false
2014,4,7,PSOL,PDT,"PSOL, PCdoB, PT, PDT",4,20740997,97355354,0.21304423586195373,104,0.20272904483430798,109.29169299718227,-5.291692997182267,147.70830700281772,0.9515819285797074,false,false,neither,false,99,84,false,false,false,false,false
2014,4,8,PSOL,PSB,"PSOL, PCdoB, PT, PDT, PSB",5,27008875,97355354,0.2774256770716483,138,0.26900584795321636,142.31937233775557,-4.319372337755567,114.68062766224443,0.9696501448340797,false,false,neither,false,133,104,false,false,false,false,false
2014,4,9,PSOL,PPS,"PSOL, PCdoB, PT, PDT, PSB, PPS",6,28964564,97355354,0.2975138275394695,148,0.2884990253411306,152.62459352774783,-4.624593527747834,104.37540647225217,0.9696995522094081,false,false,neither,false,143,138,false,false,false,false,false
2014,4,10,PSOL,PV,"PSOL, PCdoB, PT, PDT, PSB, PPS, PV",7,30969028,97355354,0.31810297767496176,156,0.30409356725146197,163.18682754725538,-7.186827547255376,93.81317245274462,0.9559595118351435,false,false,neither,false,151,148,false,false,false,false,false
2014,4,11,PSOL,PTB,"PSOL, PCdoB, PT, PDT, PSB, PPS, PV, PTB",8,34883221,97355354,0.3583081933018291,181,0.35282651072124754,183.81210316383834,-2.8121031638383442,73.18789683616166,0.9847012078343296,false,false,neither,false,176,156,false,false,false,false,false
2014,4,12,PSOL,PT DO B,"PSOL, PCdoB, PT, PDT, PSB, PPS, PV, PTB, PT DO B",9,35695718,97355354,0.36665387709442254,182,0.35477582846003897,188.09343894943876,-6.093438949438763,68.90656105056124,0.9676041919193326,false,false,neither,false,177,181,false,false,false,false,false
2014,4,13,PSOL,SOLIDARIEDADE,"PSOL, PCdoB, PT, PDT, PSB, PPS, PV, PTB, PT DO B, SOLIDARIEDADE",10,38385419,97355354,0.3942815410028708,197,0.3840155945419103,202.2664305344727,-5.266430534472704,54.733569465527296,0.9739629036782991,false,false,neither,false,192,182,false,false,false,false,false
2014,4,14,PSOL,PMN,"PSOL, PCdoB, PT, PDT, PSB, PPS, PV, PTB, PT DO B, SOLIDARIEDADE, PMN",11,38853892,97355354,0.39909353110667134,200,0.3898635477582846,204.7349814577224,-4.734981457722398,52.2650185422776,0.9768726310276382,false,false,neither,false,195,197,false,false,false,false,false
2014,4,15,PSOL,PHS,"PSOL, PCdoB, PT, PDT, PSB, PPS, PV, PTB, PT DO B, SOLIDARIEDADE, PMN, PHS",12,39796960,97355354,0.40878039434790614,205,0.3996101364522417,209.70434230047584,-4.704342300475844,47.295657699524156,0.9775667864152512,false,false,neither,false,200,200,false,false,false,false,false
2014,4,16,PSOL,PMDB,"PSOL, PCdoB, PT, PDT, PSB, PPS, PV, PTB, PT DO B, SOLIDARIEDADE, PMN, PHS, PMDB",13,50588909,97355354,0.5196315037794429,270,0.5263157894736842,266.5709614388542,3.4290385611457737,-9.570961438854226,1.0128635112490763,true,true,votes+seats,false,265,205,false,false,false,false,true
2014,4,17,PSOL,PSD,"PSOL, PCdoB, PT, PDT, PSB, PPS, PV, PTB, PT DO B, SOLIDARIEDADE, PMN, PHS, PMDB, PSD",14,56556862,97355354,0.5809322207384712,306,0.5964912280701754,298.0182292388357,7.9817707611642845,-41.018229238835715,1.026782827283923,true,true,votes+seats,false,301,270,false,false,false,false,false
2014,4,18,PSOL,PSDB,"PSOL, PCdoB, PT, PDT, PSB, PPS, PV, PTB, PT DO B, SOLIDARIEDADE, PMN, PHS, PMDB, PSD, PSDB",15,67645577,97355354,0.69483160628228,360,0.7017543859649122,356.44861402280964,3.551385977190364,-99.44861402280964,1.009963248102188,true,true,votes+seats,false,355,306,false,false,false,false,false
2014,4,19,PSOL,PTN,"PSOL, PCdoB, PT, PDT, PSB, PPS, PV, PTB, PT DO B, SOLIDARIEDADE, PMN, PHS, PMDB, PSD, PSDB, PTN",16,68368759,97355354,0.7022598777669691,364,0.7095516569200779,360.2593172944551,3.7406827055448844,-103.25931729445512,1.0103833059298435,true,true,votes+seats,false,359,360,false,false,false,false,false
2014,4,20,PSOL,PPL,"PSOL, PCdoB, PT, PDT, PSB, PPS, PV, PTB, PT DO B, SOLIDARIEDADE, PMN, PHS, PMDB, PSD, PSDB, PTN, PPL",17,68510013,97355354,0.7037107892391825,364,0.7095516569200779,361.00363487970066,2.9963651202993447,-104.00363487970066,1.0083000968156397,true,true,votes+seats,false,359,364,false,false,false,false,false
2014,4,21,PSOL,PRTB,"PSOL, PCdoB, PT, PDT, PSB, PPS, PV, PTB, PT DO B, SOLIDARIEDADE, PMN, PHS, PMDB, PSD, PSDB, PTN, PPL, PRTB",18,68964203,97355354,0.7083760693839191,365,0.7115009746588694,363.3969235939505,1.6030764060495244,-106.39692359395048,1.004411364824433,true,true,votes+seats,false,360,364,false,false,false,false,false
2014,4,22,PSOL,PROS,"PSOL, PCdoB, PT, PDT, PSB, PPS, PV, PTB, PT DO B, SOLIDARIEDADE, PMN, PHS, PMDB, PSD, PSDB, PTN, PPL, PRTB, PROS",19,70941320,97355354,0.7286843207411069,376,0.732943469785575,373.8150565401878,2.184943459812189,-116.81505654018781,1.005844985164682,true,true,votes+seats,false,371,365,false,false,false,false,false
2014,4,23,PSOL,PRP,"PSOL, PCdoB, PT, PDT, PSB, PPS, PV, PTB, PT DO B, SOLIDARIEDADE, PMN, PHS, PMDB, PSD, PSDB, PTN, PPL, PRTB, PROS, PRP",20,71666145,97355354,0.7361294685446883,379,0.7387914230019493,377.6344173634251,1.3655826365749135,-120.63441736342509,1.003616149836419,true,true,votes+seats,false,374,376,false,false,false,false,false
2014,4,24,PSOL,PR,"PSOL, PCdoB, PT, PDT, PSB, PPS, PV, PTB, PT DO B, SOLIDARIEDADE, PMN, PHS, PMDB, PSD, PSDB, PTN, PPL, PRTB, PROS, PRP, PR",21,77301664,97355354,0.7940155402239101,413,0.8050682261208577,407.3299721348659,5.670027865134102,-150.3299721348659,1.0139199868730917,true,true,votes+seats,false,408,379,false,false,false,false,false
2014,4,25,PSOL,PRB,"PSOL, PCdoB, PT, PDT, PSB, PPS, PV, PTB, PT DO B, SOLIDARIEDADE, PMN, PHS, PMDB, PSD, PSDB, PTN, PPL, PRTB, PROS, PRP, PR, PRB",22,81726488,97355354,0.8394657781224851,434,0.8460038986354775,430.64594417683486,3.3540558231651403,-173.64594417683486,1.0077884300746784,true,true,votes+seats,false,429,413,false,false,false,false,false
2014,4,26,PSOL,PTC,"PSOL, PCdoB, PT, PDT, PSB, PPS, PV, PTB, PT DO B, SOLIDARIEDADE, PMN, PHS, PMDB, PSD, PSDB, PTN, PPL, PRTB, PROS, PRP, PR, PRB, PTC",23,82064605,97355354,0.8429387971821252,436,0.8499025341130604,432.4276029544302,3.572397045569801,-175.4276029544302,1.0082612604310235,true,true,votes+seats,false,431,434,false,false,false,false,false
2014,4,27,PSOL,PSDC,"PSOL, PCdoB, PT, PDT, PSB, PPS, PV, PTB, PT DO B, SOLIDARIEDADE, PMN, PHS, PMDB, PSD, PSDB, PTN, PPL, PRTB, PROS, PRP, PR, PRB, PTC, PSDC",24,82574541,97355354,0.8481766806579534,438,0.8538011695906432,435.1146371775301,2.885362822469915,-178.11463717753008,1.0066312704191853,true,true,votes+seats,false,433,436,false,false,false,false,false
2014,4,28,PSOL,PSL,"PSOL, PCdoB, PT, PDT, PSB, PPS, PV, PTB, PT DO B, SOLIDARIEDADE, PMN, PHS, PMDB, PSD, PSDB, PTN, PPL, PRTB, PROS, PRP, PR, PRB, PTC, PSDC, PSL",25,83383251,97355354,0.8564834657167392,439,0.8557504873294347,439.3760179126872,-0.376017912687189,-182.3760179126872,0.9991442001899113,true,true,votes+seats,false,434,438,false,false,false,false,false
2014,4,29,PSOL,PP,"PSOL, PCdoB, PT, PDT, PSB, PPS, PV, PTB, PT DO B, SOLIDARIEDADE, PMN, PHS, PMDB, PSD, PSDB, PTN, PPL, PRTB, PROS, PRP, PR, PRB, PTC, PSDC, PSL, PP",26,89813042,97355354,0.9225280203901267,477,0.9298245614035088,473.256874460135,3.743125539864991,-216.256874460135,1.0079092893138317,true,true,votes+seats,false,472,439,false,false,false,false,false
2014,4,30,PSOL,PSC,"PSOL, PCdoB, PT, PDT, PSB, PPS, PV, PTB, PT DO B, SOLIDARIEDADE, PMN, PHS, PMDB, PSD, PSDB, PTN, PPL, PRTB, PROS, PRP, PR, PRB, PTC, PSDC, PSL, PP, PSC",27,92333463,97355354,0.9484168995985572,490,0.9551656920077972,486.53786949405986,3.462130505940138,-229.53786949405986,1.0071158500150057,true,true,votes+seats,false,485,477,false,false,false,false,false
2014,4,31,PSOL,PEN,"PSOL, PCdoB, PT, PDT, PSB, PPS, PV, PTB, PT DO B, SOLIDARIEDADE, PMN, PHS, PMDB, PSD, PSDB, PTN, PPL, PRTB, PROS, PRP, PR, PRB, PTC, PSDC, PSL, PP, PSC, PEN",28,93001446,97355354,0.9552781863440196,492,0.9590643274853801,490.05770959448205,1.9422904055179515,-233.05770959448205,1.0039633911833061,true,true,votes+seats,false,487,490,false,false,false,false,false
2014,4,32,PSOL,DEM,"PSOL, PCdoB, PT, PDT, PSB, PPS, PV, PTB, PT DO B, SOLIDARIEDADE, PMN, PHS, PMDB, PSD, PSDB, PTN, PPL, PRTB, PROS, PRP, PR, PRB, PTC, PSDC, PSL, PP, PSC, PEN, DEM",29,97086933,97355354,0.9972428737714826,513,1.0,511.58559424477056,1.4144057552294385,-254.58559424477056,1.0027647489904743,true,true,votes+seats,false,508,492,false,false,false,false,false
2014,5,5,PCdoB,PCdoB,PCdoB,1,1913015,97355354,0.01964981812916011,10,0.01949317738791423,10.080356700259136,-0.0803567002591361,246.91964329974087,0.9920283872239293,false,false,neither,false,0,0,false,false,false,false,false
2014,5,6,PCdoB,PT,"PCdoB, PT",2,15467181,97355354,0.1588734503497363,79,0.1539961013645224,81.50208002941471,-2.5020800294147136,175.4979199705853,0.9693004150506135,false,false,neither,false,69,10,false,false,false,false,false
2014,5,7,PCdoB,PDT,"PCdoB, PT, PDT",3,18995527,97355354,0.19511538112223392,99,0.19298245614035087,100.094190515706,-1.0941905157060035,156.905809484294,0.9890683913814727,false,false,neither,false,89,79,false,false,false,false,false
2014,5,8,PCdoB,PSB,"PCdoB, PT, PDT, PSB",4,25263405,97355354,0.25949682233192845,133,0.25925925925925924,133.1218698562793,-0.12186985627928948,123.87813014372071,0.9990845241551154,false,false,neither,false,123,99,false,false,false,false,false
2014,5,9,PCdoB,PPS,"PCdoB, PT, PDT, PSB, PPS",5,27219094,97355354,0.27958497279974964,143,0.2787524366471735,143.42709104627156,-0.42709104627155625,113.57290895372844,0.9970222428471776,false,false,neither,false,133,133,false,false,false,false,false
2014,5,10,PCdoB,PV,"PCdoB, PT, PDT, PSB, PPS, PV",6,29223558,97355354,0.300174122935242,151,0.29434697855750486,153.98932506577913,-2.989325065779127,103.01067493422087,0.9805874526399658,false,false,neither,false,141,143,false,false,false,false,false
2014,5,11,PCdoB,PTB,"PCdoB, PT, PDT, PSB, PPS, PV, PTB",7,33137751,97355354,0.3403793385621093,176,0.34307992202729043,174.61460068236207,1.3853993176379333,82.38539931763793,1.0079340405225223,false,false,neither,false,166,151,false,false,false,false,false
2014,5,12,PCdoB,PT DO B,"PCdoB, PT, PDT, PSB, PPS, PV, PTB, PT DO B",8,33950248,97355354,0.34872502235470276,177,0.34502923976608185,178.8959364679625,-1.895936467962514,78.10406353203749,0.9894020149065709,false,false,neither,false,167,176,false,false,false,false,false
2014,5,13,PCdoB,SOLIDARIEDADE,"PCdoB, PT, PDT, PSB, PPS, PV, PTB, PT DO B, SOLIDARIEDADE",9,36639949,97355354,0.376352686263151,192,0.3742690058479532,193.06892805299645,-1.0689280529964549,63.931071947003545,0.9944634899889068,false,false,neither,false,182,177,false,false,false,false,false
2014,5,14,PCdoB,PMN,"PCdoB, PT, PDT, PSB, PPS, PV, PTB, PT DO B, SOLIDARIEDADE, PMN",10,37108422,97355354,0.3811646763669515,195,0.38011695906432746,195.53747897624612,-0.5374789762461205,61.46252102375388,0.9972512738782348,false,false,neither,false,185,192,false,false,false,false,false
2014,5,15,PCdoB,PHS,"PCdoB, PT, PDT, PSB, PPS, PV, PTB, PT DO B, SOLIDARIEDADE, PMN, PHS",11,38051490,97355354,0.3908515396081863,200,0.3898635477582846,200.50683981899957,-0.5068398189995662,56.493160181000434,0.9974722068361503,false,false,neither,false,190,195,false,false,false,false,false
2014,5,16,PCdoB,PMDB,"PCdoB, PT, PDT, PSB, PPS, PV, PTB, PT DO B, SOLIDARIEDADE, PMN, PHS, PMDB",12,48843439,97355354,0.5017026490397231,265,0.5165692007797271,257.3734589573779,7.62654104262208,-0.37345895737792034,1.0296321970164184,true,true,votes+seats,false,255,200,true,false,true,false,true
2014,5,17,PCdoB,PSD,"PCdoB, PT, PDT, PSB, PPS, PV, PTB, PT DO B, SOLIDARIEDADE, PMN, PHS, PMDB, PSD",13,54811392,97355354,0.5630033659987513,301,0.5867446393762183,288.8207267573594,12.17927324264059,-31.82072675735941,1.0421689723565875,true,true,votes+seats,false,291,265,false,false,false,false,false
2014,5,18,PCdoB,PSDB,"PCdoB, PT, PDT, PSB, PPS, PV, PTB, PT DO B, SOLIDARIEDADE, PMN, PHS, PMDB, PSD, PSDB",14,65900107,97355354,0.6769027515425603,355,0.6920077972709552,347.25111154133344,7.748888458666556,-90.25111154133344,1.0223149421301254,true,true,votes+seats,false,345,301,false,false,false,false,false
2014,5,19,PCdoB,PTN,"PCdoB, PT, PDT, PSB, PPS, PV, PTB, PT DO B, SOLIDARIEDADE, PMN, PHS, PMDB, PSD, PSDB, PTN",15,66623289,97355354,0.6843310230272492,359,0.6998050682261209,351.06181481297887,7.9381851870211335,-94.06181481297887,1.0226119300136645,true,true,votes+seats,false,349,355,false,false,false,false,false
2014,5,20,PCdoB,PPL,"PCdoB, PT, PDT, PSB, PPS, PV, PTB, PT DO B, SOLIDARIEDADE, PMN, PHS, PMDB, PSD, PSDB, PTN, PPL",16,66764543,97355354,0.6857819344994627,359,0.6998050682261209,351.80613239822435,7.193867601775651,-94.80613239822435,1.0204483860265192,true,true,votes+seats,false,349,359,false,false,false,false,false
2014,5,21,PCdoB,PRTB,"PCdoB, PT, PDT, PSB, PPS, PV, PTB, PT DO B, SOLIDARIEDADE, PMN, PHS, PMDB, PSD, PSDB, PTN, PPL, PRTB",17,67218733,97355354,0.6904472146441992,360,0.7017543859649122,354.1994211124742,5.8005788875257736,-97.19942111247423,1.0163765905356572,true,true,votes+seats,false,350,359,false,false,false,false,false
2014,5,22,PCdoB,PROS,"PCdoB, PT, PDT, PSB, PPS, PV, PTB, PT DO B, SOLIDARIEDADE, PMN, PHS, PMDB, PSD, PSDB, PTN, PPL, PRTB, PROS",18,69195850,97355354,0.7107554660013871,371,0.723196881091618,364.61755405871156,6.382445941288438,-107.61755405871156,1.0175044944222864,true,true,votes+seats,false,361,360,false,false,false,false,false
2014,5,23,PCdoB,PRP,"PCdoB, PT, PDT, PSB, PPS, PV, PTB, PT DO B, SOLIDARIEDADE, PMN, PHS, PMDB, PSD, PSDB, PTN, PPL, PRTB, PROS, PRP",19,69920675,97355354,0.7182006138049686,374,0.7290448343079922,368.4369148819489,5.563085118051106,-111.4369148819489,1.0150991523741142,true,true,votes+seats,false,364,371,false,false,false,false,false
2014,5,24,PCdoB,PR,"PCdoB, PT, PDT, PSB, PPS, PV, PTB, PT DO B, SOLIDARIEDADE, PMN, PHS, PMDB, PSD, PSDB, PTN, PPL, PRTB, PROS, PRP, PR",20,75556194,97355354,0.7760866854841902,408,0.7953216374269005,398.1324696533896,9.867530346610408,-141.1324696533896,1.0247845405706322,true,true,votes+seats,false,398,374,false,false,false,false,false
2014,5,25,PCdoB,PRB,"PCdoB, PT, PDT, PSB, PPS, PV, PTB, PT DO B, SOLIDARIEDADE, PMN, PHS, PMDB, PSD, PSDB, PTN, PPL, PRTB, PROS, PRP, PR, PRB",21,79981018,97355354,0.8215369233827654,429,0.8362573099415205,421.44844169535867,7.551558304641333,-164.44844169535867,1.0179181070744117,true,true,votes+seats,false,419,408,false,false,false,false,false
2014,5,26,PCdoB,PTC,"PCdoB, PT, PDT, PSB, PPS, PV, PTB, PT DO B, SOLIDARIEDADE, PMN, PHS, PMDB, PSD, PSDB, PTN, PPL, PRTB, PROS, PRP, PR, PRB, PTC",22,80319135,97355354,0.8250099424424053,431,0.8401559454191033,423.23010047295395,7.76989952704605,-166.23010047295395,1.0183585702396007,true,true,votes+seats,false,421,429,false,false,false,false,false
2014,5,27,PCdoB,PSDC,"PCdoB, PT, PDT, PSB, PPS, PV, PTB, PT DO B, SOLIDARIEDADE, PMN, PHS, PMDB, PSD, PSDB, PTN, PPL, PRTB, PROS, PRP, PR, PRB, PTC, PSDC",23,80829071,97355354,0.8302478259182335,433,0.8440545808966862,425.9171346960538,7.082865303946221,-168.91713469605378,1.0166296791722191,true,true,votes+seats,false,423,431,false,false,false,false,false
2014,5,28,PCdoB,PSL,"PCdoB, PT, PDT, PSB, PPS, PV, PTB, PT DO B, SOLIDARIEDADE, PMN, PHS, PMDB, PSD, PSDB, PTN, PPL, PRTB, PROS, PRP, PR, PRB, PTC, PSDC, PSL",24,81637781,97355354,0.8385546109770193,434,0.8460038986354775,430.17851543121094,3.82148456878906,-173.17851543121094,1.0088834854175792,true,true,votes+seats,false,424,433,false,false,false,false,false
2014,5,29,PCdoB,PP,"PCdoB, PT, PDT, PSB, PPS, PV, PTB, PT DO B, SOLIDARIEDADE, PMN, PHS, PMDB, PSD, PSDB, PTN, PPL, PRTB, PROS, PRP, PR, PRB, PTC, PSDC, PSL, PP",25,88067572,97355354,0.9045991656504069,472,0.9200779727095516,464.0593719786587,7.940628021341297,-207.0593719786587,1.0171112329603085,true,true,votes+seats,false,462,434,false,false,false,false,false
2014,5,30,PCdoB,PSC,"PCdoB, PT, PDT, PSB, PPS, PV, PTB, PT DO B, SOLIDARIEDADE, PMN, PHS, PMDB, PSD, PSDB, PTN, PPL, PRTB, PROS, PRP, PR, PRB, PTC, PSDC, PSL, PP, PSC",26,90587993,97355354,0.9304880448588374,485,0.9454191033138402,477.3403670125836,7.659632987416387,-220.3403670125836,1.0160464807017138,true,true,votes+seats,false,475,472,false,false,false,false,false
2014,5,31,PCdoB,PEN,"PCdoB, PT, PDT, PSB, PPS, PV, PTB, PT DO B, SOLIDARIEDADE, PMN, PHS, PMDB, PSD, PSDB, PTN, PPL, PRTB, PROS, PRP, PR, PRB, PTC, PSDC, PSL, PP, PSC, PEN",27,91255976,97355354,0.9373493316042999,487,0.949317738791423,480.86020711300586,6.139792886994144,-223.86020711300586,1.0127683530393508,true,true,votes+seats,false,477,485,false,false,false,false,false
2014,5,32,PCdoB,DEM,"PCdoB, PT, PDT, PSB, PPS, PV, PTB, PT DO B, SOLIDARIEDADE, PMN, PHS, PMDB, PSD, PSDB, PTN, PPL, PRTB, PROS, PRP, PR, PRB, PTC, PSDC, PSL, PP, PSC, PEN, DEM",28,95341463,97355354,0.9793140190317627,508,0.9902534113060428,502.3880917632943,5.611908236705688,-245.3880917632943,1.0111704642859047,true,true,votes+seats,false,498,487,false,false,false,false,false
2014,6,6,PT,PT,PT,1,13554166,97355354,0.13922363222057618,69,0.13450292397660818,71.42172332915558,-2.421723329155583,185.57827667084442,0.9660926225765405,false,false,neither,false,0,0,false,false,false,false,false
2014,6,7,PT,PDT,"PT, PDT",2,17082512,97355354,0.1754655629930738,89,0.17348927875243664,90.01383381544686,-1.0138338154468585,166.98616618455316,0.9887369110671866,false,false,neither,false,20,69,false,false,false,false,false
2014,6,8,PT,PSB,"PT, PDT, PSB",3,23350390,97355354,0.23984700420276833,123,0.23976608187134502,123.04151315602016,-0.041513156020158704,133.95848684397984,0.9996626085379207,false,false,neither,false,54,89,false,false,false,false,false
2014,6,9,PT,PPS,"PT, PDT, PSB, PPS",4,25306079,97355354,0.2599351546705896,133,0.25925925925925924,133.34673434601245,-0.3467343460124539,123.65326565398755,0.9973997537494039,false,false,neither,false,64,123,false,false,false,false,false
2014,6,10,PT,PV,"PT, PDT, PSB, PPS, PV",5,27310543,97355354,0.28052430480608187,141,0.27485380116959063,143.90896836552,-2.9089683655199963,113.09103163448,0.9797860522623483,false,false,neither,false,72,133,false,false,false,false,false
2014,6,11,PT,PTB,"PT, PDT, PSB, PPS, PV, PTB",6,31224736,97355354,0.32072952043294917,166,0.3235867446393762,164.53424398210294,1.4657560178970641,92.46575601789706,1.0089085164426714,false,false,neither,false,97,141,false,false,false,false,false
2014,6,12,PT,PT DO B,"PT, PDT, PSB, PPS, PV, PTB, PT DO B",7,32037233,97355354,0.32907520422554265,167,0.3255360623781676,168.81557976770338,-1.8155797677033831,88.18442023229662,0.9892451883279867,false,false,neither,false,98,166,false,false,false,false,false
2014,6,13,PT,SOLIDARIEDADE,"PT, PDT, PSB, PPS, PV, PTB, PT DO B, SOLIDARIEDADE",8,34726934,97355354,0.3567028681339909,182,0.35477582846003897,182.98857135273732,-0.9885713527373241,74.01142864726268,0.9945976333634973,false,false,neither,false,113,167,false,false,false,false,false
2014,6,14,PT,PMN,"PT, PDT, PSB, PPS, PV, PTB, PT DO B, SOLIDARIEDADE, PMN",9,35195407,97355354,0.36151485823779145,185,0.36062378167641324,185.45712227598702,-0.45712227598701816,71.54287772401298,0.9975351592304622,false,false,neither,false,116,182,false,false,false,false,false
2014,6,15,PT,PHS,"PT, PDT, PSB, PPS, PV, PTB, PT DO B, SOLIDARIEDADE, PMN, PHS",10,36138475,97355354,0.3712017214790262,190,0.37037037037037035,190.42648311874044,-0.42648311874043543,66.57351688125956,0.9977603791670379,false,false,neither,false,121,185,false,false,false,false,false
2014,6,16,PT,PMDB,"PT, PDT, PSB, PPS, PV, PTB, PT DO B, SOLIDARIEDADE, PMN, PHS, PMDB",11,46930424,97355354,0.48205283091056295,255,0.49707602339181284,247.2931022571188,7.70689774288121,9.70689774288121,1.0311650332036681,false,false,neither,false,186,190,false,false,false,false,false
2014,6,17,PT,PSD,"PT, PDT, PSB, PPS, PV, PTB, PT DO B, SOLIDARIEDADE, PMN, PHS, PMDB, PSD",12,52898377,97355354,0.5433535478695912,291,0.5672514619883041,278.7403700571003,12.259629942899721,-21.74037005710028,1.0439822546708548,true,true,votes+seats,false,222,255,true,false,true,false,true
2014,6,18,PT,PSDB,"PT, PDT, PSB, PPS, PV, PTB, PT DO B, SOLIDARIEDADE, PMN, PHS, PMDB, PSD, PSDB",13,63987092,97355354,0.6572529334134002,345,0.672514619883041,337.1707548410743,7.829245158925687,-80.17075484107431,1.023220415906522,true,true,votes+seats,false,276,291,false,false,false,false,false
2014,6,19,PT,PTN,"PT, PDT, PSB, PPS, PV, PTB, PT DO B, SOLIDARIEDADE, PMN, PHS, PMDB, PSD, PSDB, PTN",14,64710274,97355354,0.6646812048980891,349,0.6803118908382066,340.98145811271974,8.018541887280264,-83.98145811271974,1.0235160642800394,true,true,votes+seats,false,280,345,false,false,false,false,false
2014,6,20,PT,PPL,"PT, PDT, PSB, PPS, PV, PTB, PT DO B, SOLIDARIEDADE, PMN, PHS, PMDB, PSD, PSDB, PTN, PPL",15,64851528,97355354,0.6661321163703026,349,0.6803118908382066,341.7257756979652,7.274224302034781,-84.72577569796522,1.021286729943556,true,true,votes+seats,false,280,349,false,false,false,false,false
2014,6,21,PT,PRTB,"PT, PDT, PSB, PPS, PV, PTB, PT DO B, SOLIDARIEDADE, PMN, PHS, PMDB, PSD, PSDB, PTN, PPL, PRTB",16,65305718,97355354,0.6707973965150391,350,0.682261208576998,344.11906441221504,5.880935587784961,-87.11906441221504,1.0170898278996257,true,true,votes+seats,false,281,349,false,false,false,false,false
2014,6,22,PT,PROS,"PT, PDT, PSB, PPS, PV, PTB, PT DO B, SOLIDARIEDADE, PMN, PHS, PMDB, PSD, PSDB, PTN, PPL, PRTB, PROS",17,67282835,97355354,0.691105647872227,361,0.7037037037037037,354.53719735845243,6.462802641547569,-97.53719735845243,1.0182288422475834,true,true,votes+seats,false,292,350,false,false,false,false,false
2014,6,23,PT,PRP,"PT, PDT, PSB, PPS, PV, PTB, PT DO B, SOLIDARIEDADE, PMN, PHS, PMDB, PSD, PSDB, PTN, PPL, PRTB, PROS, PRP",18,68007660,97355354,0.6985507956758085,364,0.7095516569200779,358.35655818168976,5.643441818310237,-101.35655818168976,1.0157481192668698,true,true,votes+seats,false,295,361,false,false,false,false,false
2014,6,24,PT,PR,"PT, PDT, PSB, PPS, PV, PTB, PT DO B, SOLIDARIEDADE, PMN, PHS, PMDB, PSD, PSDB, PTN, PPL, PRTB, PROS, PRP, PR",19,73643179,97355354,0.7564368673550301,398,0.7758284600389863,388.05211295313046,9.947887046869539,-131.05211295313046,1.0256354410008612,true,true,votes+seats,false,329,364,false,false,false,false,false
2014,6,25,PT,PRB,"PT, PDT, PSB, PPS, PV, PTB, PT DO B, SOLIDARIEDADE, PMN, PHS, PMDB, PSD, PSDB, PTN, PPL, PRTB, PROS, PRP, PR, PRB",20,78068003,97355354,0.8018871052536053,419,0.8167641325536062,411.36808499509954,7.631915004900463,-154.36808499509954,1.0185525209253687,true,true,votes+seats,false,350,398,false,false,false,false,false
2014,6,26,PT,PTC,"PT, PDT, PSB, PPS, PV, PTB, PT DO B, SOLIDARIEDADE, PMN, PHS, PMDB, PSD, PSDB, PTN, PPL, PRTB, PROS, PRP, PR, PRB, PTC",21,78406120,97355354,0.8053601243132452,421,0.8206627680311891,413.1497437726948,7.850256227305181,-156.14974377269482,1.019000995028147,true,true,votes+seats,false,352,419,false,false,false,false,false
2014,6,27,PT,PSDC,"PT, PDT, PSB, PPS, PV, PTB, PT DO B, SOLIDARIEDADE, PMN, PHS, PMDB, PSD, PSDB, PTN, PPL, PRTB, PROS, PRP, PR, PRB, PTC, PSDC",22,78916056,97355354,0.8105980077890734,423,0.8245614035087719,415.83677799579465,7.163222004205352,-158.83677799579465,1.0172260424840964,true,true,votes+seats,false,354,421,false,false,false,false,false
2014,6,28,PT,PSL,"PT, PDT, PSB, PPS, PV, PTB, PT DO B, SOLIDARIEDADE, PMN, PHS, PMDB, PSD, PSDB, PTN, PPL, PRTB, PROS, PRP, PR, PRB, PTC, PSDC, PSL",23,79724766,97355354,0.8189047928478592,424,0.8265107212475633,420.09815873095175,3.901841269048248,-163.09815873095175,1.0092879275663456,true,true,votes+seats,false,355,423,false,false,false,false,false
2014,6,29,PT,PP,"PT, PDT, PSB, PPS, PV, PTB, PT DO B, SOLIDARIEDADE, PMN, PHS, PMDB, PSD, PSDB, PTN, PPL, PRTB, PROS, PRP, PR, PRB, PTC, PSDC, PSL, PP",24,86154557,97355354,0.8849493475212468,462,0.9005847953216374,453.9790152783996,8.020984721600428,-196.97901527839957,1.0176681838844062,true,true,votes+seats,false,393,424,false,false,false,false,false
2014,6,30,PT,PSC,"PT, PDT, PSB, PPS, PV, PTB, PT DO B, SOLIDARIEDADE, PMN, PHS, PMDB, PSD, PSDB, PTN, PPL, PRTB, PROS, PRP, PR, PRB, PTC, PSDC, PSL, PP, PSC",25,88674978,97355354,0.9108382267296773,475,0.9259259259259259,467.2600103123244,7.739989687675575,-210.26001031232443,1.0165646310766077,true,true,votes+seats,false,406,462,false,false,false,false,false
2014,6,31,PT,PEN,"PT, PDT, PSB, PPS, PV, PTB, PT DO B, SOLIDARIEDADE, PMN, PHS, PMDB, PSD, PSDB, PTN, PPL, PRTB, PROS, PRP, PR, PRB, PTC, PSDC, PSL, PP, PSC, PEN",26,89342961,97355354,0.9176995134751398,477,0.9298245614035088,470.7798504127467,6.220149587253275,-213.77985041274673,1.0132124380043026,true,true,votes+seats,false,408,475,false,false,false,false,false
2014,6,32,PT,DEM,"PT, PDT, PSB, PPS, PV, PTB, PT DO B, SOLIDARIEDADE, PMN, PHS, PMDB, PSD, PSDB, PTN, PPL, PRTB, PROS, PRP, PR, PRB, PTC, PSDC, PSL, PP, PSC, PEN, DEM",27,93428448,97355354,0.9596642009026026,498,0.9707602339181286,492.3077350630351,5.692264936964875,-235.30773506303512,1.0115624121490516,true,true,votes+seats,false,429,477,false,false,false,false,false
2014,7,7,PDT,PDT,PDT,1,3528346,97355354,0.03624193077249763,20,0.03898635477582846,18.592110486291283,1.4078895137087173,238.4078895137087,1.075725104729063,false,false,neither,false,0,0,false,false,false,false,false
2014,7,8,PDT,PSB,"PDT, PSB",2,9796224,97355354,0.10062337198219216,54,0.10526315789473684,51.61978982686458,2.380210173135417,205.38021017313542,1.046110419688239,false,false,neither,false,34,20,false,false,false,false,false
2014,7,9,PDT,PPS,"PDT, PSB, PPS",3,11751913,97355354,0.12071152245001338,64,0.12475633528265107,61.925011016856864,2.074988983143136,195.07498898314313,1.0335080922727378,false,false,neither,false,44,54,false,false,false,false,false
2014,7,10,PDT,PV,"PDT, PSB, PPS, PV",4,13756377,97355354,0.14130067258550566,72,0.14035087719298245,72.4872450363644,-0.4872450363643992,184.5127549636356,0.993278196238249,false,false,neither,false,52,64,false,false,false,false,false
2014,7,11,PDT,PTB,"PDT, PSB, PPS, PV, PTB",5,17670570,97355354,0.18150588821237298,97,0.18908382066276802,93.11252065294734,3.887479347052661,163.88747934705265,1.0417503394795016,false,false,neither,false,77,72,false,false,false,false,false
2014,7,12,PDT,PT DO B,"PDT, PSB, PPS, PV, PTB, PT DO B",6,18483067,97355354,0.18985157200496647,98,0.19103313840155944,97.3938564385478,0.6061435614521997,159.6061435614522,1.0062236324098601,false,false,neither,false,78,97,false,false,false,false,false
2014,7,13,PDT,SOLIDARIEDADE,"PDT, PSB, PPS, PV, PTB, PT DO B, SOLIDARIEDADE",7,21172768,97355354,0.2174792359134147,113,0.2202729044834308,111.56684802358174,1.4331519764182588,145.43315197641826,1.0128456795347964,false,false,neither,false,93,98,false,false,false,false,false
2014,7,14,PDT,PMN,"PDT, PSB, PPS, PV, PTB, PT DO B, SOLIDARIEDADE, PMN",8,21641241,97355354,0.22229122601721524,116,0.22612085769980506,114.03539894683142,1.964601053168579,142.96460105316856,1.0172279929856216,false,false,neither,false,96,113,false,false,false,false,false
2014,7,15,PDT,PHS,"PDT, PSB, PPS, PV, PTB, PT DO B, SOLIDARIEDADE, PMN, PHS",9,22584309,97355354,0.23197808925845004,121,0.23586744639376217,119.00475978958487,1.9952402104151332,137.99524021041515,1.0167660538447618,false,false,neither,false,101,116,false,false,false,false,false
2014,7,16,PDT,PMDB,"PDT, PSB, PPS, PV, PTB, PT DO B, SOLIDARIEDADE, PMN, PHS, PMDB",10,33376258,97355354,0.3428291986899868,186,0.36257309941520466,175.87137892796324,10.128621072036765,81.12862107203676,1.057591071007554,false,false,neither,false,166,121,false,false,false,false,false
2014,7,17,PDT,PSD,"PDT, PSB, PPS, PV, PTB, PT DO B, SOLIDARIEDADE, PMN, PHS, PMDB, PSD",11,39344211,97355354,0.40412991564901507,222,0.4327485380116959,207.31864672794472,14.681353272055276,49.681353272055276,1.0708154018163207,false,false,neither,false,202,186,false,false,false,false,false
2014,7,18,PDT,PSDB,"PDT, PSB, PPS, PV, PTB, PT DO B, SOLIDARIEDADE, PMN, PHS, PMDB, PSD, PSDB",12,50432926,97355354,0.518029301192824,276,0.5380116959064327,265.7490315119187,10.250968488081298,-8.749031511918702,1.0385738696008062,true,true,votes+seats,false,256,222,true,false,true,false,true
2014,7,19,PDT,PTN,"PDT, PSB, PPS, PV, PTB, PT DO B, SOLIDARIEDADE, PMN, PHS, PMDB, PSD, PSDB, PTN",13,51156108,97355354,0.5254575726775129,280,0.5458089668615984,269.5597347835641,10.440265216435876,-12.559734783564124,1.0387308038599259,true,true,votes+seats,false,260,276,false,false,false,false,false
2014,7,20,PDT,PPL,"PDT, PSB, PPS, PV, PTB, PT DO B, SOLIDARIEDADE, PMN, PHS, PMDB, PSD, PSDB, PTN, PPL",14,51297362,97355354,0.5269084841497264,280,0.5458089668615984,270.3040523688096,9.695947631190393,-13.304052368809607,1.0358705226437412,true,true,votes+seats,false,260,280,false,false,false,false,false
2014,7,21,PDT,PRTB,"PDT, PSB, PPS, PV, PTB, PT DO B, SOLIDARIEDADE, PMN, PHS, PMDB, PSD, PSDB, PTN, PPL, PRTB",15,51751552,97355354,0.5315737642944629,281,0.5477582846003899,272.6973410830595,8.302658916940516,-15.697341083059484,1.03044642417108,true,true,votes+seats,false,261,280,false,false,false,false,false
2014,7,22,PDT,PROS,"PDT, PSB, PPS, PV, PTB, PT DO B, SOLIDARIEDADE, PMN, PHS, PMDB, PSD, PSDB, PTN, PPL, PRTB, PROS",16,53728669,97355354,0.5518820156516507,292,0.5692007797270955,283.1154740292968,8.88452597070318,-26.11547402929682,1.0313812800277522,true,true,votes+seats,false,272,281,false,false,false,false,false
2014,7,23,PDT,PRP,"PDT, PSB, PPS, PV, PTB, PT DO B, SOLIDARIEDADE, PMN, PHS, PMDB, PSD, PSDB, PTN, PPL, PRTB, PROS, PRP",17,54453494,97355354,0.5593271634552323,295,0.5750487329434698,286.93483485253415,8.065165147465848,-29.934834852534152,1.028108002820957,true,true,votes+seats,false,275,292,false,false,false,false,false
2014,7,24,PDT,PR,"PDT, PSB, PPS, PV, PTB, PT DO B, SOLIDARIEDADE, PMN, PHS, PMDB, PSD, PSDB, PTN, PPL, PRTB, PROS, PRP, PR",18,60089013,97355354,0.6172132351344539,329,0.6413255360623782,316.63038962397485,12.36961037602515,-59.63038962397485,1.0390664029144994,true,true,votes+seats,false,309,295,false,false,false,false,false
2014,7,25,PDT,PRB,"PDT, PSB, PPS, PV, PTB, PT DO B, SOLIDARIEDADE, PMN, PHS, PMDB, PSD, PSDB, PTN, PPL, PRTB, PROS, PRP, PR, PRB",19,64513837,97355354,0.6626634730330291,350,0.682261208576998,339.9463616659439,10.053638334056075,-82.94636166594393,1.0295741901304287,true,true,votes+seats,false,330,329,false,false,false,false,false
2014,7,26,PDT,PTC,"PDT, PSB, PPS, PV, PTB, PT DO B, SOLIDARIEDADE, PMN, PHS, PMDB, PSD, PSDB, PTN, PPL, PRTB, PROS, PRP, PR, PRB, PTC",20,64851954,97355354,0.6661364920926691,352,0.6861598440545809,341.72802044353926,10.271979556460735,-84.72802044353926,1.030058932665599,true,true,votes+seats,false,332,350,false,false,false,false,false
2014,7,27,PDT,PSDC,"PDT, PSB, PPS, PV, PTB, PT DO B, SOLIDARIEDADE, PMN, PHS, PMDB, PSD, PSDB, PTN, PPL, PRTB, PROS, PRP, PR, PRB, PTC, PSDC",21,65361890,97355354,0.6713743755684972,354,0.6900584795321637,344.4150546666391,9.584945333360906,-87.4150546666391,1.027829635213357,true,true,votes+seats,false,334,352,false,false,false,false,false
2014,7,28,PDT,PSL,"PDT, PSB, PPS, PV, PTB, PT DO B, SOLIDARIEDADE, PMN, PHS, PMDB, PSD, PSDB, PTN, PPL, PRTB, PROS, PRP, PR, PRB, PTC, PSDC, PSL",22,66170600,97355354,0.679681160627283,355,0.6920077972709552,348.6764354017962,6.323564598203802,-91.6764354017962,1.0181359104205503,true,true,votes+seats,false,335,354,false,false,false,false,false
2014,7,29,PDT,PP,"PDT, PSB, PPS, PV, PTB, PT DO B, SOLIDARIEDADE, PMN, PHS, PMDB, PSD, PSDB, PTN, PPL, PRTB, PROS, PRP, PR, PRB, PTC, PSDC, PSL, PP",23,72600391,97355354,0.7457257153006706,393,0.7660818713450293,382.557291949244,10.442708050755982,-125.55729194924402,1.027297108878901,true,true,votes+seats,false,373,355,false,false,false,false,false
2014,7,30,PDT,PSC,"PDT, PSB, PPS, PV, PTB, PT DO B, SOLIDARIEDADE, PMN, PHS, PMDB, PSD, PSDB, PTN, PPL, PRTB, PROS, PRP, PR, PRB, PTC, PSDC, PSL, PP, PSC",24,75120812,97355354,0.7716145945091012,406,0.7914230019493177,395.8382869831689,10.161713016831072,-138.83828698316893,1.0256713747785169,true,true,votes+seats,false,386,393,false,false,false,false,false
2014,7,31,PDT,PEN,"PDT, PSB, PPS, PV, PTB, PT DO B, SOLIDARIEDADE, PMN, PHS, PMDB, PSD, PSDB, PTN, PPL, PRTB, PROS, PRP, PR, PRB, PTC, PSDC, PSL, PP, PSC, PEN",25,75788795,97355354,0.7784758812545636,408,0.7953216374269005,399.3581270835911,8.641872916408886,-142.3581270835911,1.0216394066636836,true,true,votes+seats,false,388,406,false,false,false,false,false
2014,7,32,PDT,DEM,"PDT, PSB, PPS, PV, PTB, PT DO B, SOLIDARIEDADE, PMN, PHS, PMDB, PSD, PSDB, PTN, PPL, PRTB, PROS, PRP, PR, PRB, PTC, PSDC, PSL, PP, PSC, PEN, DEM",26,79874282,97355354,0.8204405686820264,429,0.8362573099415205,420.88601173387957,8.11398826612043,-163.88601173387957,1.0192783510021968,true,true,votes+seats,false,409,408,false,false,false,false,false
2014,8,8,PSB,PSB,PSB,1,6267878,97355354,0.06438144120969454,34,0.06627680311890838,33.0276793405733,0.9723206594266998,223.9723206594267,1.0294395694411456,false,false,neither,false,0,0,false,false,false,false,false
2014,8,9,PSB,PPS,"PSB, PPS",2,8223567,97355354,0.08446959167751575,44,0.08576998050682261,43.33290053056558,0.6670994694344188,213.66709946943442,1.0153947568998727,false,false,neither,false,10,34,false,false,false,false,false
2014,8,10,PSB,PV,"PSB, PPS, PV",3,10228031,97355354,0.10505874181300805,52,0.10136452241715399,53.89513455007313,-1.8951345500731307,203.10486544992688,0.96483663013565,false,false,neither,false,18,44,false,false,false,false,false
2014,8,11,PSB,PTB,"PSB, PPS, PV, PTB",4,14142224,97355354,0.14526395743987536,77,0.15009746588693956,74.52041016665606,2.479589833343937,182.47958983334394,1.0332739692092223,false,false,neither,false,43,52,false,false,false,false,false
2014,8,12,PSB,PT DO B,"PSB, PPS, PV, PTB, PT DO B",5,14954721,97355354,0.15360964123246884,78,0.15204678362573099,78.80174595225651,-0.8017459522565105,178.1982540477435,0.9898257844091137,false,false,neither,false,44,77,false,false,false,false,false
2014,8,13,PSB,SOLIDARIEDADE,"PSB, PPS, PV, PTB, PT DO B, SOLIDARIEDADE",6,17644422,97355354,0.18123730514091707,93,0.18128654970760233,92.97473753729045,0.025262462709548572,164.02526246270955,1.0002717131919778,false,false,neither,false,59,78,false,false,false,false,false
2014,8,14,PSB,PMN,"PSB, PPS, PV, PTB, PT DO B, SOLIDARIEDADE, PMN",7,18112895,97355354,0.1860492952447176,96,0.1871345029239766,95.44328846054013,0.5567115394598687,161.55671153945985,1.0058329040044554,false,false,neither,false,62,93,false,false,false,false,false
2014,8,15,PSB,PHS,"PSB, PPS, PV, PTB, PT DO B, SOLIDARIEDADE, PMN, PHS",8,19055963,97355354,0.1957361584859524,101,0.1968810916179337,100.41264930329359,0.5873506967064088,156.5873506967064,1.0058493695842277,false,false,neither,false,67,96,false,false,false,false,false
2014,8,16,PSB,PMDB,"PSB, PPS, PV, PTB, PT DO B, SOLIDARIEDADE, PMN, PHS, PMDB",9,29847912,97355354,0.30658726791748914,166,0.3235867446393762,157.27926844167192,8.720731558328083,99.72073155832808,1.055447432104265,false,false,neither,false,132,101,false,false,false,false,false
2014,8,17,PSB,PSD,"PSB, PPS, PV, PTB, PT DO B, SOLIDARIEDADE, PMN, PHS, PMDB, PSD",10,35815865,97355354,0.3678879848765174,202,0.3937621832358674,188.72653624165343,13.273463758346566,68.27346375834657,1.070331729828129,false,false,neither,false,168,166,false,false,false,false,false
2014,8,18,PSB,PSDB,"PSB, PPS, PV, PTB, PT DO B, SOLIDARIEDADE, PMN, PHS, PMDB, PSD, PSDB",11,46904580,97355354,0.4817873704203263,256,0.49902534113060426,247.1569210256274,8.843078974372588,9.843078974372588,1.035779208357494,false,false,neither,false,222,202,false,false,false,false,false
2014,8,19,PSB,PTN,"PSB, PPS, PV, PTB, PT DO B, SOLIDARIEDADE, PMN, PHS, PMDB, PSD, PSDB, PTN",12,47627762,97355354,0.4892156419050153,260,0.50682261208577,250.96762429727286,9.032375702727137,6.032375702727137,1.0359902028320125,false,true,seats_only,true,226,256,true,true,true,true,true
2014,8,20,PSB,PPL,"PSB, PPS, PV, PTB, PT DO B, SOLIDARIEDADE, PMN, PHS, PMDB, PSD, PSDB, PTN, PPL",13,47769016,97355354,0.49066655337722875,260,0.50682261208577,251.71194188251835,8.288058117481654,5.288058117481654,1.0329267576877619,false,true,seats_only,true,226,260,false,false,false,false,false
2014,8,21,PSB,PRTB,"PSB, PPS, PV, PTB, PT DO B, SOLIDARIEDADE, PMN, PHS, PMDB, PSD, PSDB, PTN, PPL, PRTB",14,48223206,97355354,0.4953318335219653,261,0.5087719298245614,254.1052305967682,6.894769403231805,2.8947694032318054,1.0271335201838994,false,true,seats_only,true,227,260,false,false,false,false,false
2014,8,22,PSB,PROS,"PSB, PPS, PV, PTB, PT DO B, SOLIDARIEDADE, PMN, PHS, PMDB, PSD, PSDB, PTN, PPL, PRTB, PROS",15,50200323,97355354,0.5156400848791531,272,0.530214424951267,264.5233635430056,7.476636456994413,-7.523363543005587,1.0282645599120355,true,true,votes+seats,false,238,261,false,false,false,false,false
2014,8,23,PSB,PRP,"PSB, PPS, PV, PTB, PT DO B, SOLIDARIEDADE, PMN, PHS, PMDB, PSD, PSDB, PTN, PPL, PRTB, PROS, PRP",16,50925148,97355354,0.5230852326827347,275,0.5360623781676414,268.34272436624286,6.657275633757138,-11.342724366242862,1.0248088546074052,true,true,votes+seats,false,241,272,false,false,false,false,false
2014,8,24,PSB,PR,"PSB, PPS, PV, PTB, PT DO B, SOLIDARIEDADE, PMN, PHS, PMDB, PSD, PSDB, PTN, PPL, PRTB, PROS, PRP, PR",17,56560667,97355354,0.5809713043619563,309,0.6023391812865497,298.0382791376836,10.961720862316383,-41.03827913768362,1.0367795737313743,true,true,votes+seats,false,275,275,false,false,false,false,false
2014,8,25,PSB,PRB,"PSB, PPS, PV, PTB, PT DO B, SOLIDARIEDADE, PMN, PHS, PMDB, PSD, PSDB, PTN, PPL, PRTB, PROS, PRP, PR, PRB",18,60985491,97355354,0.6264215422605315,330,0.6432748538011696,321.35425117965264,8.645748820347364,-64.35425117965264,1.0269041059472837,true,true,votes+seats,false,296,309,false,false,false,false,false
2014,8,26,PSB,PTC,"PSB, PPS, PV, PTB, PT DO B, SOLIDARIEDADE, PMN, PHS, PMDB, PSD, PSDB, PTN, PPL, PRTB, PROS, PRP, PR, PRB, PTC",19,61323608,97355354,0.6298945613201714,332,0.6471734892787524,323.1359099572479,8.864090042752082,-66.13590995724792,1.0274314607866541,true,true,votes+seats,false,298,330,false,false,false,false,false
2014,8,27,PSB,PSDC,"PSB, PPS, PV, PTB, PT DO B, SOLIDARIEDADE, PMN, PHS, PMDB, PSD, PSDB, PTN, PPL, PRTB, PROS, PRP, PR, PRB, PTC, PSDC",20,61833544,97355354,0.6351324447959996,334,0.6510721247563352,325.8229441803478,8.177055819652196,-68.8229441803478,1.0250966236899697,true,true,votes+seats,false,300,332,false,false,false,false,false
2014,8,28,PSB,PSL,"PSB, PPS, PV, PTB, PT DO B, SOLIDARIEDADE, PMN, PHS, PMDB, PSD, PSDB, PTN, PPL, PRTB, PROS, PRP, PR, PRB, PTC, PSDC, PSL",21,62642254,97355354,0.6434392298547854,335,0.6530214424951267,330.0843249155049,4.915675084495092,-73.08432491550491,1.0148921797051509,true,true,votes+seats,false,301,334,false,false,false,false,false
2014,8,29,PSB,PP,"PSB, PPS, PV, PTB, PT DO B, SOLIDARIEDADE, PMN, PHS, PMDB, PSD, PSDB, PTN, PPL, PRTB, PROS, PRP, PR, PRB, PTC, PSDC, PSL, PP",22,69072045,97355354,0.709483784528173,373,0.7270955165692008,363.9651814629527,9.034818537047272,-106.96518146295273,1.02482330452801,true,true,votes+seats,false,339,335,false,false,false,false,false
2014,8,30,PSB,PSC,"PSB, PPS, PV, PTB, PT DO B, SOLIDARIEDADE, PMN, PHS, PMDB, PSD, PSDB, PTN, PPL, PRTB, PROS, PRP, PR, PRB, PTC, PSDC, PSL, PP, PSC",23,71592466,97355354,0.7353726637366035,386,0.7524366471734892,377.2461764968776,8.753823503122419,-120.24617649687758,1.023204538703111,true,true,votes+seats,false,352,373,false,false,false,false,false
2014,8,31,PSB,PEN,"PSB, PPS, PV, PTB, PT DO B, SOLIDARIEDADE, PMN, PHS, PMDB, PSD, PSDB, PTN, PPL, PRTB, PROS, PRP, PR, PRB, PTC, PSDC, PSL, PP, PSC, PEN",24,72260449,97355354,0.742233950482066,388,0.7563352826510721,380.7660165972998,7.233983402700176,-123.76601659729982,1.0189985006207918,true,true,votes+seats,false,354,386,false,false,false,false,false
2014,8,32,PSB,DEM,"PSB, PPS, PV, PTB, PT DO B, SOLIDARIEDADE, PMN, PHS, PMDB, PSD, PSDB, PTN, PPL, PRTB, PROS, PRP, PR, PRB, PTC, PSDC, PSL, PP, PSC, PEN, DEM",25,76345936,97355354,0.7841986379095288,409,0.797270955165692,402.2939012475883,6.7060987524117195,-145.29390124758828,1.0166696505505424,true,true,votes+seats,false,375,388,false,false,false,false,false
2014,9,9,PPS,PPS,PPS,1,1955689,97355354,0.020088150467821215,10,0.01949317738791423,10.305221189992283,-0.30522118999228276,246.6947788100077,0.9703818885237813,false,false,neither,false,0,0,false,false,false,false,false
2014,9,10,PPS,PV,"PPS, PV",2,3960153,97355354,0.04067730060331351,18,0.03508771929824561,20.86745520949983,-2.8674552094998305,236.13254479050016,0.8625872114873675,false,false,neither,false,8,10,false,false,false,false,false
2014,9,11,PPS,PTB,"PPS, PV, PTB",3,7874346,97355354,0.08088251623018083,43,0.08382066276803118,41.49273082608277,1.50726917391723,215.50726917391722,1.0363261020402577,false,false,neither,false,33,18,false,false,false,false,false
2014,9,12,PPS,PT DO B,"PPS, PV, PTB, PT DO B",4,8686843,97355354,0.0892282000227743,44,0.08576998050682261,45.77406661168322,-1.7740666116832173,211.22593338831678,0.961242975706458,false,false,neither,false,34,43,false,false,false,false,false
2014,9,13,PPS,SOLIDARIEDADE,"PPS, PV, PTB, PT DO B, SOLIDARIEDADE",5,11376544,97355354,0.11685586393122252,59,0.11500974658869395,59.94705819671715,-0.9470581967171512,197.05294180328286,0.9842017569301005,false,false,neither,false,49,44,false,false,false,false,false
2014,9,14,PPS,PMN,"PPS, PV, PTB, PT DO B, SOLIDARIEDADE, PMN",6,11845017,97355354,0.12166785403502307,62,0.12085769980506822,62.41560911996684,-0.41560911996683814,194.58439088003317,0.9933412630938518,false,false,neither,false,52,59,false,false,false,false,false
2014,9,15,PPS,PHS,"PPS, PV, PTB, PT DO B, SOLIDARIEDADE, PMN, PHS",7,12788085,97355354,0.13135471727625786,67,0.13060428849902533,67.38496996272028,-0.3849699627202767,189.61503003727972,0.9942870055008817,false,false,neither,false,57,62,false,false,false,false,false
2014,9,16,PPS,PMDB,"PPS, PV, PTB, PT DO B, SOLIDARIEDADE, PMN, PHS, PMDB",8,23580034,97355354,0.2422058267077946,132,0.2573099415204678,124.25158910109863,7.748410898901369,132.74841089890137,1.0623606583622587,false,false,neither,false,122,67,false,false,false,false,false
2014,9,17,PPS,PSD,"PPS, PV, PTB, PT DO B, SOLIDARIEDADE, PMN, PHS, PMDB, PSD",9,29547987,97355354,0.3035065436668229,168,0.32748538011695905,155.69885690108015,12.301143098919852,101.30114309891985,1.0790059949299122,false,false,neither,false,158,132,false,false,false,false,false
2014,9,18,PPS,PSDB,"PPS, PV, PTB, PT DO B, SOLIDARIEDADE, PMN, PHS, PMDB, PSD, PSDB",10,40636702,97355354,0.4174059292106318,222,0.4327485380116959,214.12924168505413,7.870758314945874,42.870758314945874,1.0367570456655442,false,false,neither,false,212,168,false,false,false,false,false
2014,9,19,PPS,PTN,"PPS, PV, PTB, PT DO B, SOLIDARIEDADE, PMN, PHS, PMDB, PSD, PSDB, PTN",11,41359884,97355354,0.4248342006953208,226,0.4405458089668616,217.93994495669958,8.060055043300423,39.06005504330042,1.0369829176790046,false,false,neither,false,216,222,false,false,false,false,false
2014,9,20,PPS,PPL,"PPS, PV, PTB, PT DO B, SOLIDARIEDADE, PMN, PHS, PMDB, PSD, PSDB, PTN, PPL",12,41501138,97355354,0.42628511216753423,226,0.4405458089668616,218.68426254194506,7.31573745805494,38.31573745805494,1.033453424462365,false,false,neither,false,216,226,false,false,false,false,false
2014,9,21,PPS,PRTB,"PPS, PV, PTB, PT DO B, SOLIDARIEDADE, PMN, PHS, PMDB, PSD, PSDB, PTN, PPL, PRTB",13,41955328,97355354,0.4309503923122708,227,0.442495126705653,221.0775512561949,5.9224487438050915,35.92244874380509,1.0267890100562127,false,false,neither,false,217,226,false,false,false,false,false
2014,9,22,PPS,PROS,"PPS, PV, PTB, PT DO B, SOLIDARIEDADE, PMN, PHS, PMDB, PSD, PSDB, PTN, PPL, PRTB, PROS",14,43932445,97355354,0.4512586436694586,238,0.46393762183235865,231.49568420243227,6.5043157975677275,25.504315797567727,1.028096920337746,false,false,neither,false,228,227,false,false,false,false,false
2014,9,23,PPS,PRP,"PPS, PV, PTB, PT DO B, SOLIDARIEDADE, PMN, PHS, PMDB, PSD, PSDB, PTN, PPL, PRTB, PROS, PRP",15,44657270,97355354,0.4587037914730401,241,0.4697855750487329,235.31504502566955,5.684954974330452,21.684954974330452,1.0241589099146224,false,false,neither,false,231,238,false,false,false,false,false
2014,9,24,PPS,PR,"PPS, PV, PTB, PT DO B, SOLIDARIEDADE, PMN, PHS, PMDB, PSD, PSDB, PTN, PPL, PRTB, PROS, PRP, PR",16,50292789,97355354,0.5165898631522617,275,0.5360623781676414,265.0105997971103,9.989400202889726,-8.010599797110274,1.0376943420774019,true,true,votes+seats,false,265,241,false,false,false,false,true
2014,9,25,PPS,PRB,"PPS, PV, PTB, PT DO B, SOLIDARIEDADE, PMN, PHS, PMDB, PSD, PSDB, PTN, PPL, PRTB, PROS, PRP, PR, PRB",17,54717613,97355354,0.5620401010508369,296,0.5769980506822612,288.32657183907935,7.6734281609206505,-31.32657183907935,1.0266136697425283,true,true,votes+seats,false,286,275,false,false,false,false,false
2014,9,26,PPS,PTC,"PPS, PV, PTB, PT DO B, SOLIDARIEDADE, PMN, PHS, PMDB, PSD, PSDB, PTN, PPL, PRTB, PROS, PRP, PR, PRB, PTC",18,55055730,97355354,0.5655131201104769,298,0.580896686159844,290.1082306166747,7.891769383325311,-33.10823061667469,1.0272028455261335,true,true,votes+seats,false,288,296,false,false,false,false,false
2014,9,27,PPS,PSDC,"PPS, PV, PTB, PT DO B, SOLIDARIEDADE, PMN, PHS, PMDB, PSD, PSDB, PTN, PPL, PRTB, PROS, PRP, PR, PRB, PTC, PSDC",19,55565666,97355354,0.570751003586305,300,0.5847953216374269,292.79526483977446,7.204735160225539,-35.79526483977446,1.0246067338697167,true,true,votes+seats,false,290,298,false,false,false,false,false
2014,9,28,PPS,PSL,"PPS, PV, PTB, PT DO B, SOLIDARIEDADE, PMN, PHS, PMDB, PSD, PSDB, PTN, PPL, PRTB, PROS, PRP, PR, PRB, PTC, PSDC, PSL",20,56374376,97355354,0.5790577886450908,301,0.5867446393762183,297.0566455749316,3.943354425068378,-40.05664557493162,1.0132747557875244,true,true,votes+seats,false,291,300,false,false,false,false,false
2014,9,29,PPS,PP,"PPS, PV, PTB, PT DO B, SOLIDARIEDADE, PMN, PHS, PMDB, PSD, PSDB, PTN, PPL, PRTB, PROS, PRP, PR, PRB, PTC, PSDC, PSL, PP",21,62804167,97355354,0.6451023433184784,339,0.6608187134502924,330.9375021223794,8.062497877620615,-73.93750212237939,1.0243625996628183,true,true,votes+seats,false,329,301,false,false,false,false,false
2014,9,30,PPS,PSC,"PPS, PV, PTB, PT DO B, SOLIDARIEDADE, PMN, PHS, PMDB, PSD, PSDB, PTN, PPL, PRTB, PROS, PRP, PR, PRB, PTC, PSDC, PSL, PP, PSC",22,65324588,97355354,0.670991222526909,352,0.6861598440545809,344.21849715630435,7.781502843695648,-87.21849715630435,1.0226062890518117,true,true,votes+seats,false,342,339,false,false,false,false,false
2014,9,31,PPS,PEN,"PPS, PV, PTB, PT DO B, SOLIDARIEDADE, PMN, PHS, PMDB, PSD, PSDB, PTN, PPL, PRTB, PROS, PRP, PR, PRB, PTC, PSDC, PSL, PP, PSC, PEN",23,65992571,97355354,0.6778525092723714,354,0.6900584795321637,347.73833725672654,6.261662743273462,-90.73833725672654,1.018006823155224,true,true,votes+seats,false,344,352,false,false,false,false,false
2014,9,32,PPS,DEM,"PPS, PV, PTB, PT DO B, SOLIDARIEDADE, PMN, PHS, PMDB, PSD, PSDB, PTN, PPL, PRTB, PROS, PRP, PR, PRB, PTC, PSDC, PSL, PP, PSC, PEN, DEM",24,70078058,97355354,0.7198171966998343,375,0.7309941520467836,369.266221907015,5.7337780929850055,-112.266221907015,1.0155274914217007,true,true,votes+seats,false,365,354,false,false,false,false,false
2014,10,10,PV,PV,PV,1,2004464,97355354,0.02058915013549229,8,0.015594541910331383,10.562234019507546,-2.562234019507546,246.43776598049246,0.7574155226275693,false,false,neither,false,0,0,false,false,false,false,false
2014,10,11,PV,PTB,"PV, PTB",2,5918657,97355354,0.060794365762359616,33,0.06432748538011696,31.187509636090482,1.812490363909518,225.81249036390952,1.0581159055358522,false,false,neither,false,25,8,false,false,false,false,false
2014,10,12,PV,PT DO B,"PV, PTB, PT DO B",3,6731154,97355354,0.06914004955495308,34,0.06627680311890838,35.46884542169093,-1.4688454216909292,221.53115457830907,0.9585877294784267,false,false,neither,false,26,33,false,false,false,false,false
2014,10,13,PV,SOLIDARIEDADE,"PV, PTB, PT DO B, SOLIDARIEDADE",4,9420855,97355354,0.09676771346340131,49,0.09551656920077972,49.64183700672487,-0.6418370067248702,207.35816299327513,0.9870706435251797,false,false,neither,false,41,34,false,false,false,false,false
2014,10,14,PV,PMN,"PV, PTB, PT DO B, SOLIDARIEDADE, PMN",5,9889328,97355354,0.10157970356720186,52,0.10136452241715399,52.11038792997456,-0.11038792997455715,204.88961207002544,0.9978816521166011,false,false,neither,false,44,49,false,false,false,false,false
2014,10,15,PV,PHS,"PV, PTB, PT DO B, SOLIDARIEDADE, PMN, PHS",6,10832396,97355354,0.11126656680843665,57,0.1111111111111111,57.079748772728,-0.07974877272800285,199.920251227272,0.9986028534735579,false,false,neither,false,49,52,false,false,false,false,false
2014,10,16,PV,PMDB,"PV, PTB, PT DO B, SOLIDARIEDADE, PMN, PHS, PMDB",7,21624345,97355354,0.22211767623997342,122,0.2378167641325536,113.94636791110636,8.053632088893636,143.05363208889364,1.07067914701043,false,false,neither,false,114,57,false,false,false,false,false
2014,10,17,PV,PSD,"PV, PTB, PT DO B, SOLIDARIEDADE, PMN, PHS, PMDB, PSD",8,27592298,97355354,0.2834183931990017,158,0.3079922027290448,145.39363571108788,12.606364288912118,111.60636428891212,1.0867050626202255,false,false,neither,false,150,122,false,false,false,false,false
2014,10,18,PV,PSDB,"PV, PTB, PT DO B, SOLIDARIEDADE, PMN, PHS, PMDB, PSD, PSDB",9,38681013,97355354,0.3973177787428106,212,0.41325536062378165,203.82402049506183,8.17597950493817,53.17597950493817,1.0401129341138486,false,false,neither,false,204,158,false,false,false,false,false
2014,10,19,PV,PTN,"PV, PTB, PT DO B, SOLIDARIEDADE, PMN, PHS, PMDB, PSD, PSDB, PTN",10,39404195,97355354,0.40474605022749954,216,0.42105263157894735,207.63472376670725,8.365276233292747,49.36527623329275,1.0402884261434602,false,false,neither,false,208,212,false,false,false,false,false
2014,10,20,PV,PPL,"PV, PTB, PT DO B, SOLIDARIEDADE, PMN, PHS, PMDB, PSD, PSDB, PTN, PPL",11,39545449,97355354,0.406196961699713,216,0.42105263157894735,208.37904135195276,7.620958648047235,48.620958648047235,1.0365725775423615,false,false,neither,false,208,216,false,false,false,false,false
2014,10,21,PV,PRTB,"PV, PTB, PT DO B, SOLIDARIEDADE, PMN, PHS, PMDB, PSD, PSDB, PTN, PPL, PRTB",12,39999639,97355354,0.4108622418444496,217,0.42300194931773877,210.77233006620264,6.227669933797358,46.22766993379736,1.029546904623777,false,false,neither,false,209,216,false,false,false,false,false
2014,10,22,PV,PROS,"PV, PTB, PT DO B, SOLIDARIEDADE, PMN, PHS, PMDB, PSD, PSDB, PTN, PPL, PRTB, PROS",13,41976756,97355354,0.43117049320163736,228,0.4444444444444444,221.19046301243998,6.809536987560023,35.80953698756002,1.0307858525852311,false,false,neither,false,220,217,false,false,false,false,false
2014,10,23,PV,PRP,"PV, PTB, PT DO B, SOLIDARIEDADE, PMN, PHS, PMDB, PSD, PSDB, PTN, PPL, PRTB, PROS, PRP",14,42701581,97355354,0.4386156410052189,231,0.4502923976608187,225.00982383567728,5.990176164322719,31.99017616432272,1.0266218428253928,false,false,neither,false,223,228,false,false,false,false,false
2014,10,24,PV,PR,"PV, PTB, PT DO B, SOLIDARIEDADE, PMN, PHS, PMDB, PSD, PSDB, PTN, PPL, PRTB, PROS, PRP, PR",15,48337100,97355354,0.49650171268444054,265,0.5165692007797271,254.705378607118,10.294621392881993,2.294621392881993,1.0404177620793842,false,true,seats_only,true,257,231,false,false,false,false,true
2014,10,25,PV,PRB,"PV, PTB, PT DO B, SOLIDARIEDADE, PMN, PHS, PMDB, PSD, PSDB, PTN, PPL, PRTB, PROS, PRP, PR, PRB",16,52761924,97355354,0.5419519505830157,286,0.557504873294347,278.0213506490871,7.978649350912917,-21.021350649087083,1.028697973491192,true,true,votes+seats,false,278,265,false,false,false,false,false
2014,10,26,PV,PTC,"PV, PTB, PT DO B, SOLIDARIEDADE, PMN, PHS, PMDB, PSD, PSDB, PTN, PPL, PRTB, PROS, PRP, PR, PRB, PTC",17,53100041,97355354,0.5454249696426557,288,0.5614035087719298,279.8030094266824,8.196990573317578,-22.803009426682422,1.0292955768778658,true,true,votes+seats,false,280,286,false,false,false,false,false
2014,10,27,PV,PSDC,"PV, PTB, PT DO B, SOLIDARIEDADE, PMN, PHS, PMDB, PSD, PSDB, PTN, PPL, PRTB, PROS, PRP, PR, PRB, PTC, PSDC",18,53609977,97355354,0.5506628531184838,290,0.5653021442495126,282.4900436497822,7.509956350217806,-25.490043649782194,1.0265848532330162,true,true,votes+seats,false,282,288,false,false,false,false,false
2014,10,28,PV,PSL,"PV, PTB, PT DO B, SOLIDARIEDADE, PMN, PHS, PMDB, PSD, PSDB, PTN, PPL, PRTB, PROS, PRP, PR, PRB, PTC, PSDC, PSL",19,54418687,97355354,0.5589696381772696,291,0.5672514619883041,286.7514243849393,4.248575615060702,-29.7514243849393,1.0148162319478398,true,true,votes+seats,false,283,290,false,false,false,false,false
2014,10,29,PV,PP,"PV, PTB, PT DO B, SOLIDARIEDADE, PMN, PHS, PMDB, PSD, PSDB, PTN, PPL, PRTB, PROS, PRP, PR, PRB, PTC, PSDC, PSL, PP",20,60848478,97355354,0.6250141928506572,329,0.6413255360623782,320.6322809323871,8.367719067612882,-63.63228093238712,1.0260975565007986,true,true,votes+seats,false,321,291,false,false,false,false,false
2014,10,30,PV,PSC,"PV, PTB, PT DO B, SOLIDARIEDADE, PMN, PHS, PMDB, PSD, PSDB, PTN, PPL, PRTB, PROS, PRP, PR, PRB, PTC, PSDC, PSL, PP, PSC",21,63368899,97355354,0.6509030720590878,342,0.6666666666666666,333.913275966312,8.086724033687972,-76.91327596631203,1.0242180368848341,true,true,votes+seats,false,334,329,false,false,false,false,false
2014,10,31,PV,PEN,"PV, PTB, PT DO B, SOLIDARIEDADE, PMN, PHS, PMDB, PSD, PSDB, PTN, PPL, PRTB, PROS, PRP, PR, PRB, PTC, PSDC, PSL, PP, PSC, PEN",22,64036882,97355354,0.6577643588045502,344,0.6705653021442495,337.43311606673427,6.5668839332657285,-80.43311606673427,1.0194612906101574,true,true,votes+seats,false,336,342,false,false,false,false,false
2014,10,32,PV,DEM,"PV, PTB, PT DO B, SOLIDARIEDADE, PMN, PHS, PMDB, PSD, PSDB, PTN, PPL, PRTB, PROS, PRP, PR, PRB, PTC, PSDC, PSL, PP, PSC, PEN, DEM",23,68122369,97355354,0.699729046232013,365,0.7115009746588694,358.96100071702267,6.038999282977329,-101.96100071702267,1.0168235526168983,true,true,votes+seats,false,357,344,false,false,false,false,false
2014,11,11,PTB,PTB,PTB,1,3914193,97355354,0.040205215626867324,25,0.04873294346978557,20.625275616582936,4.374724383417064,236.37472438341706,1.2121050144852241,false,false,neither,false,0,0,false,false,false,false,false
2014,11,12,PTB,PT DO B,"PTB, PT DO B",2,4726690,97355354,0.048550899419460794,26,0.050682261208576995,24.906611402183387,1.0933885978166131,232.0933885978166,1.0438995325442288,false,false,neither,false,1,25,false,false,false,false,false
2014,11,13,PTB,SOLIDARIEDADE,"PTB, PT DO B, SOLIDARIEDADE",3,7416391,97355354,0.07617856332790901,41,0.07992202729044834,39.07960298721732,1.9203970127826793,217.92039701278267,1.0491406479592649,false,false,neither,false,16,26,false,false,false,false,false
2014,11,14,PTB,PMN,"PTB, PT DO B, SOLIDARIEDADE, PMN",4,7884864,97355354,0.08099055343170956,44,0.08576998050682261,41.54815391046701,2.4518460895329923,215.45184608953298,1.0590121547834959,false,false,neither,false,19,41,false,false,false,false,false
2014,11,15,PTB,PHS,"PTB, PT DO B, SOLIDARIEDADE, PMN, PHS",5,8827932,97355354,0.09067741667294435,49,0.09551656920077972,46.51751475322045,2.4824852467795466,210.48248524677956,1.0533666783350175,false,false,neither,false,24,44,false,false,false,false,false
2014,11,16,PTB,PMDB,"PTB, PT DO B, SOLIDARIEDADE, PMN, PHS, PMDB",6,19619881,97355354,0.2015285261044811,114,0.2222222222222222,103.38413389159881,10.615866108401192,153.61586610840118,1.1026837069557716,false,false,neither,false,89,49,false,false,false,false,false
2014,11,17,PTB,PSD,"PTB, PT DO B, SOLIDARIEDADE, PMN, PHS, PMDB, PSD",7,25587834,97355354,0.26282924306350935,150,0.29239766081871343,134.8314016915803,15.16859830841969,122.16859830841969,1.1125004866679133,false,false,neither,false,125,114,false,false,false,false,false
2014,11,18,PTB,PSDB,"PTB, PT DO B, SOLIDARIEDADE, PMN, PHS, PMDB, PSD, PSDB",8,36676549,97355354,0.3767286286073183,204,0.39766081871345027,193.2617864755543,10.738213524445712,63.73821352444571,1.0555630459609975,false,false,neither,false,179,150,false,false,false,false,false
2014,11,19,PTB,PTN,"PTB, PT DO B, SOLIDARIEDADE, PMN, PHS, PMDB, PSD, PSDB, PTN",9,37399731,97355354,0.38415690009200726,208,0.40545808966861596,197.0724897471997,10.927510252800289,59.92751025280029,1.0554491916493158,false,false,neither,false,183,204,false,false,false,false,false
2014,11,20,PTB,PPL,"PTB, PT DO B, SOLIDARIEDADE, PMN, PHS, PMDB, PSD, PSDB, PTN, PPL",10,37540985,97355354,0.3856078115642207,208,0.40545808966861596,197.81680733244522,10.183192667554778,59.18319266755478,1.0514778941429441,false,false,neither,false,183,208,false,false,false,false,false
2014,11,21,PTB,PRTB,"PTB, PT DO B, SOLIDARIEDADE, PMN, PHS, PMDB, PSD, PSDB, PTN, PPL, PRTB",11,37995175,97355354,0.39027309170895724,209,0.4074074074074074,200.21009604669507,8.789903953304929,56.78990395330493,1.043903400112524,false,false,neither,false,184,208,false,false,false,false,false
2014,11,22,PTB,PROS,"PTB, PT DO B, SOLIDARIEDADE, PMN, PHS, PMDB, PSD, PSDB, PTN, PPL, PRTB, PROS",12,39972292,97355354,0.4105813430661451,220,0.42884990253411304,210.62822899293243,9.371771007067565,46.371771007067565,1.044494373104101,false,false,neither,false,195,209,false,false,false,false,false
2014,11,23,PTB,PRP,"PTB, PT DO B, SOLIDARIEDADE, PMN, PHS, PMDB, PSD, PSDB, PTN, PPL, PRTB, PROS, PRP",13,40697117,97355354,0.4180264908697266,223,0.4346978557504873,214.44758981616974,8.552410183830261,42.55241018383026,1.0398811205626588,false,false,neither,false,198,220,false,false,false,false,false
2014,11,24,PTB,PR,"PTB, PT DO B, SOLIDARIEDADE, PMN, PHS, PMDB, PSD, PSDB, PTN, PPL, PRTB, PROS, PRP, PR",14,46332636,97355354,0.47591256254894826,257,0.5009746588693957,244.14314458761046,12.856855412389535,12.856855412389535,1.052661136294064,false,true,seats_only,true,232,223,true,true,true,true,true
2014,11,25,PTB,PRB,"PTB, PT DO B, SOLIDARIEDADE, PMN, PHS, PMDB, PSD, PSDB, PTN, PPL, PRTB, PROS, PRP, PR, PRB",15,50757460,97355354,0.5213628004475234,278,0.5419103313840156,267.4591166295795,10.540883370420488,-10.459116629579512,1.0394111948893452,true,true,votes+seats,false,253,257,false,false,false,false,false
2014,11,26,PTB,PTC,"PTB, PT DO B, SOLIDARIEDADE, PMN, PHS, PMDB, PSD, PSDB, PTN, PPL, PRTB, PROS, PRP, PR, PRB, PTC",16,51095577,97355354,0.5248358195071634,280,0.5458089668615984,269.24077540717485,10.759224592825149,-12.240775407174851,1.0399613490064938,true,true,votes+seats,false,255,278,false,false,false,false,false
2014,11,27,PTB,PSDC,"PTB, PT DO B, SOLIDARIEDADE, PMN, PHS, PMDB, PSD, PSDB, PTN, PPL, PRTB, PROS, PRP, PR, PRB, PTC, PSDC",17,51605513,97355354,0.5300737029829916,282,0.5497076023391813,271.9278096302747,10.07219036972532,-14.92780963027468,1.0370399422678391,true,true,votes+seats,false,257,280,false,false,false,false,false
2014,11,28,PTB,PSL,"PTB, PT DO B, SOLIDARIEDADE, PMN, PHS, PMDB, PSD, PSDB, PTN, PPL, PRTB, PROS, PRP, PR, PRB, PTC, PSDC, PSL",18,52414223,97355354,0.5383804880417773,283,0.5516569200779727,276.1891903654317,6.8108096345682725,-19.189190365431728,1.0246599427934047,true,true,votes+seats,false,258,282,false,false,false,false,false
2014,11,29,PTB,PP,"PTB, PT DO B, SOLIDARIEDADE, PMN, PHS, PMDB, PSD, PSDB, PTN, PPL, PRTB, PROS, PRP, PR, PRB, PTC, PSDC, PSL, PP",19,58844014,97355354,0.604425042715165,321,0.6257309941520468,310.0700469128796,10.929953087120396,-53.070046912879604,1.0352499481840998,true,true,votes+seats,false,296,283,false,false,false,false,false
2014,11,30,PTB,PSC,"PTB, PT DO B, SOLIDARIEDADE, PMN, PHS, PMDB, PSD, PSDB, PTN, PPL, PRTB, PROS, PRP, PR, PRB, PTC, PSDC, PSL, PP, PSC",20,61364435,97355354,0.6303139219235955,334,0.6510721247563352,323.35104194680446,10.648958053195543,-66.35104194680446,1.032933118103103,true,true,votes+seats,false,309,321,false,false,false,false,false
2014,11,31,PTB,PEN,"PTB, PT DO B, SOLIDARIEDADE, PMN, PHS, PMDB, PSD, PSDB, PTN, PPL, PRTB, PROS, PRP, PR, PRB, PTC, PSDC, PSL, PP, PSC, PEN",21,62032418,97355354,0.6371752086690579,336,0.6549707602339181,326.8708820472267,9.1291179527733,-69.8708820472267,1.0279288197700471,true,true,votes+seats,false,311,334,false,false,false,false,false
2014,11,32,PTB,DEM,"PTB, PT DO B, SOLIDARIEDADE, PMN, PHS, PMDB, PSD, PSDB, PTN, PPL, PRTB, PROS, PRP, PR, PRB, PTC, PSDC, PSL, PP, PSC, PEN, DEM",22,66117905,97355354,0.6791398960965208,357,0.695906432748538,348.39876669751516,8.601233302484843,-91.39876669751516,1.0246878982495151,true,true,votes+seats,false,332,336,false,false,false,false,false
2014,12,12,PT DO B,PT DO B,PT DO B,1,812497,97355354,0.008345683792593471,1,0.001949317738791423,4.281335785600451,-3.281335785600451,252.71866421439955,0.23357196213465223,false,false,neither,false,0,0,false,false,false,false,false
2014,12,13,PT DO B,SOLIDARIEDADE,"PT DO B, SOLIDARIEDADE",2,3502198,97355354,0.03597334770104169,16,0.031189083820662766,18.454327370634388,-2.454327370634388,238.5456726293656,0.8670053196010894,false,false,neither,false,15,1,false,false,false,false,false
2014,12,14,PT DO B,PMN,"PT DO B, SOLIDARIEDADE, PMN",3,3970671,97355354,0.040785337804842246,19,0.037037037037037035,20.92287829388407,-1.9228782938840716,236.07712170611592,0.9080968561363689,false,false,neither,false,18,16,false,false,false,false,false
2014,12,15,PT DO B,PHS,"PT DO B, SOLIDARIEDADE, PMN, PHS",4,4913739,97355354,0.05047220104607703,24,0.04678362573099415,25.892239136637517,-1.8922391366375173,231.10776086336247,0.9269186752581781,false,false,neither,false,23,19,false,false,false,false,false
2014,12,16,PT DO B,PMDB,"PT DO B, SOLIDARIEDADE, PMN, PHS, PMDB",5,15705688,97355354,0.1613233104776138,89,0.17348927875243664,82.75885827501588,6.241141724984118,174.24114172498412,1.0754135793445119,false,false,neither,false,88,24,false,false,false,false,false
2014,12,17,PT DO B,PSD,"PT DO B, SOLIDARIEDADE, PMN, PHS, PMDB, PSD",6,21673641,97355354,0.22262402743664206,125,0.24366471734892786,114.20612607499737,10.793873925002629,142.79387392500263,1.0945122148518938,false,false,neither,false,124,89,false,false,false,false,false
2014,12,18,PT DO B,PSDB,"PT DO B, SOLIDARIEDADE, PMN, PHS, PMDB, PSD, PSDB",7,32762356,97355354,0.33652341298045096,179,0.3489278752436647,172.63651085897135,6.363489141028651,84.36348914102865,1.03686062183119,false,false,neither,false,178,125,false,false,false,false,false
2014,12,19,PT DO B,PTN,"PT DO B, SOLIDARIEDADE, PMN, PHS, PMDB, PSD, PSDB, PTN",8,33485538,97355354,0.34395168446513996,183,0.3567251461988304,176.4472141306168,6.5527858693832,80.5527858693832,1.0371373722258512,false,false,neither,false,182,179,false,false,false,false,false
2014,12,20,PT DO B,PPL,"PT DO B, SOLIDARIEDADE, PMN, PHS, PMDB, PSD, PSDB, PTN, PPL",9,33626792,97355354,0.3454025959373534,183,0.3567251461988304,177.19153171586228,5.808468284137717,79.80846828413772,1.0327807329610534,false,false,neither,false,182,183,false,false,false,false,false
2014,12,21,PT DO B,PRTB,"PT DO B, SOLIDARIEDADE, PMN, PHS, PMDB, PSD, PSDB, PTN, PPL, PRTB",10,34080982,97355354,0.35006787608208995,184,0.3586744639376218,179.58482043011213,4.415179569887869,77.41517956988787,1.024585483112177,false,false,neither,false,183,183,false,false,false,false,false
2014,12,22,PT DO B,PROS,"PT DO B, SOLIDARIEDADE, PMN, PHS, PMDB, PSD, PSDB, PTN, PPL, PRTB, PROS",11,36058099,97355354,0.3703761274392778,195,0.38011695906432746,190.0029533763495,4.997046623650505,66.9970466236505,1.0262998365807112,false,false,neither,false,194,184,false,false,false,false,false
2014,12,23,PT DO B,PRP,"PT DO B, SOLIDARIEDADE, PMN, PHS, PMDB, PSD, PSDB, PTN, PPL, PRTB, PROS, PRP",12,36782924,97355354,0.37782127524285924,198,0.38596491228070173,193.8223141995868,4.177685800413201,63.1776858004132,1.0215542045180168,false,false,neither,false,197,195,false,false,false,false,false
2014,12,24,PT DO B,PR,"PT DO B, SOLIDARIEDADE, PMN, PHS, PMDB, PSD, PSDB, PTN, PPL, PRTB, PROS, PRP, PR",13,42418443,97355354,0.43570734692208096,232,0.4522417153996101,223.51786897102753,8.482131028972475,33.482131028972475,1.037948335262949,false,false,neither,false,231,198,false,false,false,false,false
2014,12,25,PT DO B,PRB,"PT DO B, SOLIDARIEDADE, PMN, PHS, PMDB, PSD, PSDB, PTN, PPL, PRTB, PROS, PRP, PR, PRB",14,46843267,97355354,0.48115758482065607,253,0.49317738791423,246.83384101299657,6.166158987003428,10.166158987003428,1.0249810113625335,false,false,neither,false,252,232,false,false,false,false,false
2014,12,26,PT DO B,PTC,"PT DO B, SOLIDARIEDADE, PMN, PHS, PMDB, PSD, PSDB, PTN, PPL, PRTB, PROS, PRP, PR, PRB, PTC",15,47181384,97355354,0.4846306038802961,255,0.49707602339181284,248.6154997905919,6.384500209408088,8.384500209408088,1.025680217905906,false,false,neither,false,254,253,false,false,false,false,false
2014,12,27,PT DO B,PSDC,"PT DO B, SOLIDARIEDADE, PMN, PHS, PMDB, PSD, PSDB, PTN, PPL, PRTB, PROS, PRP, PR, PRB, PTC, PSDC",16,47691320,97355354,0.48986848735612426,257,0.5009746588693957,251.30253401369174,5.697465986308259,5.697465986308259,1.022671741089558,false,true,seats_only,true,256,255,true,true,true,true,true
2014,12,28,PT DO B,PSL,"PT DO B, SOLIDARIEDADE, PMN, PHS, PMDB, PSD, PSDB, PTN, PPL, PRTB, PROS, PRP, PR, PRB, PTC, PSDC, PSL",17,48500030,97355354,0.49817527241491,258,0.5029239766081871,255.56391474884882,2.4360852511511837,1.4360852511511837,1.009532195707462,false,true,seats_only,true,257,257,false,false,false,false,false
2014,12,29,PT DO B,PP,"PT DO B, SOLIDARIEDADE, PMN, PHS, PMDB, PSD, PSDB, PTN, PPL, PRTB, PROS, PRP, PR, PRB, PTC, PSDC, PSL, PP",18,54929821,97355354,0.5642198270882975,296,0.5769980506822612,289.44477129629666,6.555228703703335,-32.444771296296665,1.022647597586045,true,true,votes+seats,false,295,258,false,false,false,false,false
2014,12,30,PT DO B,PSC,"PT DO B, SOLIDARIEDADE, PMN, PHS, PMDB, PSD, PSDB, PTN, PPL, PRTB, PROS, PRP, PR, PRB, PTC, PSDC, PSL, PP, PSC",19,57450242,97355354,0.5901087062967282,309,0.6023391812865497,302.7257663302216,6.274233669778425,-45.725766330221575,1.0207257999404462,true,true,votes+seats,false,308,296,false,false,false,false,false
2014,12,31,PT DO B,PEN,"PT DO B, SOLIDARIEDADE, PMN, PHS, PMDB, PSD, PSDB, PTN, PPL, PRTB, PROS, PRP, PR, PRB, PTC, PSDC, PSL, PP, PSC, PEN",20,58118225,97355354,0.5969699930421906,311,0.6062378167641326,306.24560643064376,4.754393569356239,-49.24560643064376,1.0155247731543635,true,true,votes+seats,false,310,309,false,false,false,false,false
2014,12,32,PT DO B,DEM,"PT DO B, SOLIDARIEDADE, PMN, PHS, PMDB, PSD, PSDB, PTN, PPL, PRTB, PROS, PRP, PR, PRB, PTC, PSDC, PSL, PP, PSC, PEN, DEM",21,62203712,97355354,0.6389346804696535,332,0.6471734892787524,327.7734910809323,4.226508919067726,-70.77349108093227,1.0128946026267394,true,true,votes+seats,false,331,311,false,false,false,false,false
2014,13,13,SOLIDARIEDADE,SOLIDARIEDADE,SOLIDARIEDADE,1,2689701,97355354,0.02762766390844822,15,0.029239766081871343,14.172991585033937,0.8270084149660626,242.82700841496606,1.0583510129110179,false,false,neither,false,0,0,false,false,false,false,false
2014,13,14,SOLIDARIEDADE,PMN,"SOLIDARIEDADE, PMN",2,3158174,97355354,0.03243965401224878,18,0.03508771929824561,16.64154250828362,1.3584574917163792,240.35845749171636,1.081630503364708,false,false,neither,false,3,15,false,false,false,false,false
2014,13,15,SOLIDARIEDADE,PHS,"SOLIDARIEDADE, PMN, PHS",3,4101242,97355354,0.04212651725348356,23,0.04483430799220273,21.610903351037066,1.3890966489629335,235.38909664896295,1.0642775836992613,false,false,neither,false,8,18,false,false,false,false,false
2014,13,16,SOLIDARIEDADE,PMDB,"SOLIDARIEDADE, PMN, PHS, PMDB",4,14893191,97355354,0.15297762668502032,88,0.17153996101364521,78.47752248941542,9.52247751058458,178.52247751058457,1.1213401902674605,false,false,neither,false,73,23,false,false,false,false,false
2014,13,17,SOLIDARIEDADE,PSD,"SOLIDARIEDADE, PMN, PHS, PMDB, PSD",5,20861144,97355354,0.21427834364404857,124,0.24171539961013644,109.92479028939692,14.075209710603076,147.07520971060308,1.1280439987517605,false,false,neither,false,109,88,false,false,false,false,false
2014,13,18,SOLIDARIEDADE,PSDB,"SOLIDARIEDADE, PMN, PHS, PMDB, PSD, PSDB",6,31949859,97355354,0.3281777291878575,178,0.3469785575048733,168.3551750733709,9.644824926629099,88.6448249266291,1.057288556306189,false,false,neither,false,163,124,false,false,false,false,false
2014,13,19,SOLIDARIEDADE,PTN,"SOLIDARIEDADE, PMN, PHS, PMDB, PSD, PSDB, PTN",7,32673041,97355354,0.3356060006725465,182,0.35477582846003897,172.16587834501635,9.834121654983647,84.83412165498365,1.0571200388225377,false,false,neither,false,167,178,false,false,false,false,false
2014,13,20,SOLIDARIEDADE,PPL,"SOLIDARIEDADE, PMN, PHS, PMDB, PSD, PSDB, PTN, PPL",8,32814295,97355354,0.3370569121447599,182,0.35477582846003897,172.91019593026184,9.089804069738165,84.08980406973816,1.052569508818348,false,false,neither,false,167,182,false,false,false,false,false
2014,13,21,SOLIDARIEDADE,PRTB,"SOLIDARIEDADE, PMN, PHS, PMDB, PSD, PSDB, PTN, PPL, PRTB",9,33268485,97355354,0.34172219228949646,183,0.3567251461988304,175.30348464451168,7.696515355488316,81.69651535548832,1.0439039496054265,false,false,neither,false,168,182,false,false,false,false,false
2014,13,22,SOLIDARIEDADE,PROS,"SOLIDARIEDADE, PMN, PHS, PMDB, PSD, PSDB, PTN, PPL, PRTB, PROS",10,35245602,97355354,0.3620304436466843,194,0.37816764132553604,185.72161759074905,8.278382409250952,71.27838240925095,1.0445741455229673,false,false,neither,false,179,183,false,false,false,false,false
2014,13,23,SOLIDARIEDADE,PRP,"SOLIDARIEDADE, PMN, PHS, PMDB, PSD, PSDB, PTN, PPL, PRTB, PROS, PRP",11,35970427,97355354,0.3694755914502658,197,0.3840155945419103,189.54097841398635,7.459021586013648,67.45902158601365,1.039353081578602,false,false,neither,false,182,194,false,false,false,false,false
2014,13,24,SOLIDARIEDADE,PR,"SOLIDARIEDADE, PMN, PHS, PMDB, PSD, PSDB, PTN, PPL, PRTB, PROS, PRP, PR",12,41605946,97355354,0.4273616631294875,231,0.4502923976608187,219.23653318542708,11.763466814572922,37.76346681457292,1.0536565080812674,false,false,neither,false,216,197,false,false,false,false,false
2014,13,25,SOLIDARIEDADE,PRB,"SOLIDARIEDADE, PMN, PHS, PMDB, PSD, PSDB, PTN, PPL, PRTB, PROS, PRP, PR, PRB",13,46030770,97355354,0.47281190102806264,252,0.49122807017543857,242.55250522739613,9.447494772603875,14.447494772603875,1.0389503079498055,false,false,neither,false,237,231,false,false,false,false,false
2014,13,26,SOLIDARIEDADE,PTC,"SOLIDARIEDADE, PMN, PHS, PMDB, PSD, PSDB, PTN, PPL, PRTB, PROS, PRP, PR, PRB, PTC",14,46368887,97355354,0.4762849200877026,254,0.4951267056530214,244.33416400499144,9.665835995008564,12.665835995008564,1.039559903685066,false,false,neither,false,239,252,false,false,false,false,false
2014,13,27,SOLIDARIEDADE,PSDC,"SOLIDARIEDADE, PMN, PHS, PMDB, PSD, PSDB, PTN, PPL, PRTB, PROS, PRP, PR, PRB, PTC, PSDC",15,46878823,97355354,0.4815228035635308,256,0.49902534113060426,247.0211982280913,8.978801771908707,9.978801771908707,1.0363483046650028,false,false,neither,false,241,254,false,false,false,false,false
2014,13,28,SOLIDARIEDADE,PSL,"SOLIDARIEDADE, PMN, PHS, PMDB, PSD, PSDB, PTN, PPL, PRTB, PROS, PRP, PR, PRB, PTC, PSDC, PSL",16,47687533,97355354,0.48982958862231657,257,0.5009746588693957,251.2825789632484,5.7174210367516025,5.7174210367516025,1.022752954304834,false,true,seats_only,true,242,256,true,true,true,true,true
2014,13,29,SOLIDARIEDADE,PP,"SOLIDARIEDADE, PMN, PHS, PMDB, PSD, PSDB, PTN, PPL, PRTB, PROS, PRP, PR, PRB, PTC, PSDC, PSL, PP",17,54117324,97355354,0.5558741432957041,295,0.5750487329434698,285.16343551069616,9.83656448930384,-28.16343551069616,1.0344944802326694,true,true,votes+seats,false,280,257,false,false,false,false,false
2014,13,30,SOLIDARIEDADE,PSC,"SOLIDARIEDADE, PMN, PHS, PMDB, PSD, PSDB, PTN, PPL, PRTB, PROS, PRP, PR, PRB, PTC, PSDC, PSL, PP, PSC",18,56637745,97355354,0.5817630225041347,308,0.6003898635477583,298.4444305446211,9.555569455378873,-41.44443054462113,1.0320179185047658,true,true,votes+seats,false,293,295,false,false,false,false,false
2014,13,31,SOLIDARIEDADE,PEN,"SOLIDARIEDADE, PMN, PHS, PMDB, PSD, PSDB, PTN, PPL, PRTB, PROS, PRP, PR, PRB, PTC, PSDC, PSL, PP, PSC, PEN",19,57305728,97355354,0.5886243092495971,310,0.6042884990253411,301.9642706450433,8.035729354956686,-44.964270645043314,1.0266115237335567,true,true,votes+seats,false,295,308,false,false,false,false,false
2014,13,32,SOLIDARIEDADE,DEM,"SOLIDARIEDADE, PMN, PHS, PMDB, PSD, PSDB, PTN, PPL, PRTB, PROS, PRP, PR, PRB, PTC, PSDC, PSL, PP, PSC, PEN, DEM",20,61391215,97355354,0.63058899667706,331,0.645224171539961,323.49215529533177,7.50784470466823,-66.49215529533177,1.023208738084588,true,true,votes+seats,false,316,310,false,false,false,false,false
2014,14,14,PMN,PMN,PMN,1,468473,97355354,0.004811990103800557,3,0.005847953216374269,2.4685509232496856,0.5314490767503144,254.5314490767503,1.2152878726320526,false,false,neither,false,0,0,false,false,false,false,false
2014,14,15,PMN,PHS,"PMN, PHS",2,1411541,97355354,0.014498853345035343,8,0.015594541910331383,7.437911766003131,0.5620882339968691,249.56208823399686,1.0755707047461947,false,false,neither,false,5,3,false,false,false,false,false
2014,14,16,PMN,PMDB,"PMN, PHS, PMDB",3,12203490,97355354,0.1253499627765721,73,0.14230019493177387,64.30453090438148,8.69546909561852,192.69546909561853,1.135223272346833,false,false,neither,false,70,8,false,false,false,false,false
2014,14,17,PMN,PSD,"PMN, PHS, PMDB, PSD",4,18171443,97355354,0.18665067973560037,109,0.2124756335282651,95.751798704363,13.248201295637003,161.248201295637,1.1383598164723912,false,false,neither,false,106,73,false,false,false,false,false
2014,14,18,PMN,PSDB,"PMN, PHS, PMDB, PSD, PSDB",5,29260158,97355354,0.3005500652794093,163,0.31773879142300193,154.18218348833696,8.81781651166304,102.81781651166304,1.0571908913997838,false,false,neither,false,160,109,false,false,false,false,false
2014,14,19,PMN,PTN,"PMN, PHS, PMDB, PSD, PSDB, PTN",6,29983340,97355354,0.30797833676409825,167,0.3255360623781676,157.9928867599824,9.007113240017588,99.00711324001759,1.0570096124245194,false,false,neither,false,164,163,false,false,false,false,false
2014,14,20,PMN,PPL,"PMN, PHS, PMDB, PSD, PSDB, PTN, PPL",7,30124594,97355354,0.3094292482363117,167,0.3255360623781676,158.7372043452279,8.262795654772106,98.2627956547721,1.0520533021156266,false,false,neither,false,164,167,false,false,false,false,false
2014,14,21,PMN,PRTB,"PMN, PHS, PMDB, PSD, PSDB, PTN, PPL, PRTB",8,30578784,97355354,0.31409452838104823,168,0.32748538011695905,161.13049305947774,6.869506940522257,95.86950694052226,1.042633190093861,false,false,neither,false,165,167,false,false,false,false,false
2014,14,22,PMN,PROS,"PMN, PHS, PMDB, PSD, PSDB, PTN, PPL, PRTB, PROS",9,32555901,97355354,0.33440277973823607,179,0.3489278752436647,171.5486260057151,7.451373994284893,85.45137399428489,1.0434359293209183,false,false,neither,false,176,168,false,false,false,false,false
2014,14,23,PMN,PRP,"PMN, PHS, PMDB, PSD, PSDB, PTN, PPL, PRTB, PROS, PRP",10,33280726,97355354,0.3418479275418176,182,0.35477582846003897,175.3679868289524,6.632013171047589,81.63201317104759,1.0378176957549055,false,false,neither,false,179,179,false,false,false,false,false
2014,14,24,PMN,PR,"PMN, PHS, PMDB, PSD, PSDB, PTN, PPL, PRTB, PROS, PRP, PR",11,38916245,97355354,0.39973399922103925,216,0.42105263157894735,205.06354160039314,10.936458399606863,51.93645839960686,1.0533320468097578,false,false,neither,false,213,182,false,false,false,false,false
2014,14,25,PMN,PRB,"PMN, PHS, PMDB, PSD, PSDB, PTN, PPL, PRTB, PROS, PRP, PR, PRB",12,43341069,97355354,0.4451842371196144,237,0.4619883040935672,228.37951364236218,8.620486357637816,28.620486357637816,1.0377463206754058,false,false,neither,false,234,216,false,false,false,false,false
2014,14,26,PMN,PTC,"PMN, PHS, PMDB, PSD, PSDB, PTN, PPL, PRTB, PROS, PRP, PR, PRB, PTC",13,43679186,97355354,0.4486572561792544,239,0.46588693957115007,230.1611724199575,8.838827580042505,26.838827580042505,1.0384027743998234,false,false,neither,false,236,237,false,false,false,false,false
2014,14,27,PMN,PSDC,"PMN, PHS, PMDB, PSD, PSDB, PTN, PPL, PRTB, PROS, PRP, PR, PRB, PTC, PSDC",14,44189122,97355354,0.45389513965508255,241,0.4697855750487329,232.84820664305735,8.151793356942648,24.151793356942648,1.0350090450532816,false,false,neither,false,238,239,false,false,false,false,false
2014,14,28,PMN,PSL,"PMN, PHS, PMDB, PSD, PSDB, PTN, PPL, PRTB, PROS, PRP, PR, PRB, PTC, PSDC, PSL",15,44997832,97355354,0.46220192471386834,242,0.47173489278752434,237.10958737821446,4.8904126217855435,19.890412621785543,1.02062511548293,false,false,neither,false,239,241,false,false,false,false,false
2014,14,29,PMN,PP,"PMN, PHS, PMDB, PSD, PSDB, PTN, PPL, PRTB, PROS, PRP, PR, PRB, PTC, PSDC, PSL, PP",16,51427623,97355354,0.5282464793872559,280,0.5458089668615984,270.99044392566225,9.009556074337752,-13.990443925662248,1.0332467667266128,true,true,votes+seats,false,277,242,false,false,false,false,true
2014,14,30,PMN,PSC,"PMN, PHS, PMDB, PSD, PSDB, PTN, PPL, PRTB, PROS, PRP, PR, PRB, PTC, PSDC, PSL, PP, PSC",17,53948044,97355354,0.5541353585956865,293,0.571150097465887,284.27143895958716,8.728561040412842,-27.271438959587158,1.0307050228906525,true,true,votes+seats,false,290,280,false,false,false,false,false
2014,14,31,PMN,PEN,"PMN, PHS, PMDB, PSD, PSDB, PTN, PPL, PRTB, PROS, PRP, PR, PRB, PTC, PSDC, PSL, PP, PSC, PEN",18,54616027,97355354,0.5609966453411489,295,0.5750487329434698,287.7912790600094,7.208720939990599,-30.7912790600094,1.0250484342803434,true,true,votes+seats,false,292,293,false,false,false,false,false
2014,14,32,PMN,DEM,"PMN, PHS, PMDB, PSD, PSDB, PTN, PPL, PRTB, PROS, PRP, PR, PRB, PTC, PSDC, PSL, PP, PSC, PEN, DEM",19,58701514,97355354,0.6029613327686117,316,0.6159844054580896,309.3191637102978,6.680836289702199,-52.3191637102978,1.0215985204717524,true,true,votes+seats,false,313,295,false,false,false,false,false
2014,15,15,PHS,PHS,PHS,1,943068,97355354,0.009686863241234786,5,0.009746588693957114,4.969360842753445,0.030639157246555193,252.03063915724655,1.0061656132883234,false,false,neither,false,0,0,false,false,false,false,false
2014,15,16,PHS,PMDB,"PHS, PMDB",2,11735017,97355354,0.12053797267277154,70,0.1364522417153996,61.8359799811318,8.1640200188682,195.1640200188682,1.1320270176256495,false,false,neither,false,65,5,false,false,false,false,false
2014,15,17,PHS,PSD,"PHS, PMDB, PSD",3,17702970,97355354,0.1818386896317998,106,0.20662768031189083,93.2832477811133,12.716752218886697,163.7167522188867,1.1363240723428307,false,false,neither,false,101,70,false,false,false,false,false
2014,15,18,PHS,PSDB,"PHS, PMDB, PSD, PSDB",4,28791685,97355354,0.29573807517560874,160,0.31189083820662766,151.7136325650873,8.286367434912705,105.2863674349127,1.0546184762358632,false,false,neither,false,155,106,false,false,false,false,false
2014,15,19,PHS,PTN,"PHS, PMDB, PSD, PSDB, PTN",5,29514867,97355354,0.3031663466602977,164,0.31968810916179335,155.52433583673272,8.475664163267282,101.47566416326728,1.0544973499977837,false,false,neither,false,159,160,false,false,false,false,false
2014,15,20,PHS,PPL,"PHS, PMDB, PSD, PSDB, PTN, PPL",6,29656121,97355354,0.3046172581325111,164,0.31968810916179335,156.2686534219782,7.7313465780218,100.7313465780218,1.0494747117142205,false,false,neither,false,159,164,false,false,false,false,false
2014,15,21,PHS,PRTB,"PHS, PMDB, PSD, PSDB, PTN, PPL, PRTB",7,30110311,97355354,0.3092825382772477,165,0.3216374269005848,158.66194213622808,6.3380578637719225,98.33805786377192,1.0399469323168251,false,false,neither,false,160,164,false,false,false,false,false
2014,15,22,PHS,PROS,"PHS, PMDB, PSD, PSDB, PTN, PPL, PRTB, PROS",8,32087428,97355354,0.3295907896344355,176,0.34307992202729043,169.0800750824654,6.919924917534587,87.91992491753459,1.0409269094194542,false,false,neither,false,171,165,false,false,false,false,false
2014,15,23,PHS,PRP,"PHS, PMDB, PSD, PSDB, PTN, PPL, PRTB, PROS, PRP",9,32812253,97355354,0.337035937438017,179,0.3489278752436647,172.89943590570272,6.100564094297283,84.10056409429728,1.0352838866265848,false,false,neither,false,174,176,false,false,false,false,false
2014,15,24,PHS,PR,"PHS, PMDB, PSD, PSDB, PTN, PPL, PRTB, PROS, PRP, PR",10,38447772,97355354,0.3949220091172387,213,0.4152046783625731,202.59499067714344,10.405009322856557,54.40500932285656,1.051358670261685,false,false,neither,false,208,179,false,false,false,false,false
2014,15,25,PHS,PRB,"PHS, PMDB, PSD, PSDB, PTN, PPL, PRTB, PROS, PRP, PR, PRB",11,42872596,97355354,0.44037224701581384,234,0.45614035087719296,225.9109627191125,8.08903728088751,31.08903728088751,1.0358063069783163,false,false,neither,false,229,213,false,false,false,false,false
2014,15,26,PHS,PTC,"PHS, PMDB, PSD, PSDB, PTN, PPL, PRTB, PROS, PRP, PR, PRB, PTC",12,43210713,97355354,0.4438452660754538,236,0.4600389863547758,227.6926214967078,8.307378503292199,29.3073785032922,1.0364850580079614,false,false,neither,false,231,234,false,false,false,false,false
2014,15,27,PHS,PSDC,"PHS, PMDB, PSD, PSDB, PTN, PPL, PRTB, PROS, PRP, PR, PRB, PTC, PSDC",13,43720649,97355354,0.449083149551282,238,0.46393762183235865,230.37965571980766,7.620344280192342,26.62034428019234,1.0330773316610056,false,false,neither,false,233,236,false,false,false,false,false
2014,15,28,PHS,PSL,"PHS, PMDB, PSD, PSDB, PTN, PPL, PRTB, PROS, PRP, PR, PRB, PTC, PSDC, PSL",14,44529359,97355354,0.45738993461006777,239,0.46588693957115007,234.64103645496476,4.3589635450352375,22.358963545035238,1.0185771577337532,false,false,neither,false,234,238,false,false,false,false,false
2014,15,29,PHS,PP,"PHS, PMDB, PSD, PSDB, PTN, PPL, PRTB, PROS, PRP, PR, PRB, PTC, PSDC, PSL, PP",15,50959150,97355354,0.5234344892834554,277,0.5399610136452242,268.5218930024126,8.478106997587417,-11.521893002412583,1.031573243070766,true,true,votes+seats,false,272,239,false,false,false,false,true
2014,15,30,PHS,PSC,"PHS, PMDB, PSD, PSDB, PTN, PPL, PRTB, PROS, PRP, PR, PRB, PTC, PSDC, PSL, PP, PSC",16,53479571,97355354,0.5493233684918859,290,0.5653021442495126,281.8028880363375,8.197111963662508,-24.802888036337492,1.0290881048834586,true,true,votes+seats,false,285,277,false,false,false,false,false
2014,15,31,PHS,PEN,"PHS, PMDB, PSD, PSDB, PTN, PPL, PRTB, PROS, PRP, PR, PRB, PTC, PSDC, PSL, PP, PSC, PEN",17,54147554,97355354,0.5561846552373483,292,0.5692007797270955,285.3227281367597,6.677271863240321,-28.32272813675968,1.023402523545337,true,true,votes+seats,false,287,290,false,false,false,false,false
2014,15,32,PHS,DEM,"PHS, PMDB, PSD, PSDB, PTN, PPL, PRTB, PROS, PRP, PR, PRB, PTC, PSDC, PSL, PP, PSC, PEN, DEM",18,58233041,97355354,0.5981493426648112,313,0.6101364522417154,306.85061278704814,6.149387212951865,-49.850612787048135,1.0200403289310669,true,true,votes+seats,false,308,292,false,false,false,false,false
2014,16,16,PMDB,PMDB,PMDB,1,10791949,97355354,0.11085110943153675,65,0.1267056530214425,56.866619138378354,8.133380861621646,200.13338086162165,1.1430255743150477,false,false,neither,false,0,0,false,false,false,false,false
2014,16,17,PMDB,PSD,"PMDB, PSD",2,16759902,97355354,0.17215182639056503,101,0.1968810916179337,88.31388693835986,12.686113061640143,168.68611306164013,1.143647998083185,false,false,neither,false,36,65,false,false,false,false,false
2014,16,18,PMDB,PSDB,"PMDB, PSD, PSDB",3,27848617,97355354,0.28605121193437394,155,0.30214424951267055,146.74427172233382,8.25572827766618,110.25572827766618,1.0562592882213997,false,false,neither,false,90,101,false,false,false,false,false
2014,16,19,PMDB,PTN,"PMDB, PSD, PSDB, PTN",4,28571799,97355354,0.29347948341906294,159,0.30994152046783624,150.5549749939793,8.4450250060207,106.4450250060207,1.0560926333145644,false,false,neither,false,94,155,false,false,false,false,false
2014,16,20,PMDB,PPL,"PMDB, PSD, PSDB, PTN, PPL",5,28713053,97355354,0.29493039489127637,159,0.30994152046783624,151.29929257922478,7.700707420775217,105.70070742077522,1.050897180611356,false,false,neither,false,94,159,false,false,false,false,false
2014,16,21,PMDB,PRTB,"PMDB, PSD, PSDB, PTN, PPL, PRTB",6,29167243,97355354,0.2995956750360129,160,0.31189083820662766,153.69258129347463,6.307418706525368,103.30741870652537,1.0410391877958078,false,false,neither,false,95,159,false,false,false,false,false
2014,16,22,PMDB,PROS,"PMDB, PSD, PSDB, PTN, PPL, PRTB, PROS",7,31144360,97355354,0.31990392639320075,171,0.3333333333333333,164.110714239712,6.889285760288004,92.889285760288,1.0419795001941494,false,false,neither,false,106,160,false,false,false,false,false
2014,16,23,PMDB,PRP,"PMDB, PSD, PSDB, PTN, PPL, PRTB, PROS, PRP",8,31869185,97355354,0.3273490741967822,174,0.3391812865497076,167.93007506294927,6.069924937050729,89.06992493705073,1.036145550073597,false,false,neither,false,109,171,false,false,false,false,false
2014,16,24,PMDB,PR,"PMDB, PSD, PSDB, PTN, PPL, PRTB, PROS, PRP, PR",9,37504704,97355354,0.3852351458760039,208,0.40545808966861596,197.62562983439,10.374370165610003,59.37437016561,1.0524950644018376,false,false,neither,false,143,174,false,false,false,false,false
2014,16,25,PMDB,PRB,"PMDB, PSD, PSDB, PTN, PPL, PRTB, PROS, PRP, PR, PRB",10,41929528,97355354,0.43068538377457904,229,0.44639376218323584,220.94160187635904,8.058398123640956,36.058398123640956,1.036472977724451,false,false,neither,false,164,208,false,false,false,false,false
2014,16,26,PMDB,PTC,"PMDB, PSD, PSDB, PTN, PPL, PRTB, PROS, PRP, PR, PRB, PTC",11,42267645,97355354,0.4341584028342191,231,0.4502923976608187,222.72326065395438,8.276739346045616,34.276739346045616,1.0371615399385932,false,false,neither,false,166,229,false,false,false,false,false
2014,16,27,PMDB,PSDC,"PMDB, PSD, PSDB, PTN, PPL, PRTB, PROS, PRP, PR, PRB, PTC, PSDC",12,42777581,97355354,0.43939628631004723,233,0.45419103313840153,225.41029487705424,7.589705122945759,31.58970512294576,1.0336706232831354,false,false,neither,false,168,231,false,false,false,false,false
2014,16,28,PMDB,PSL,"PMDB, PSD, PSDB, PTN, PPL, PRTB, PROS, PRP, PR, PRB, PTC, PSDC, PSL",13,43586291,97355354,0.44770307136883297,234,0.45614035087719296,229.67167561221132,4.328324387788683,27.328324387788683,1.0188457038781606,false,false,neither,false,169,233,false,false,false,false,false
2014,16,29,PMDB,PP,"PMDB, PSD, PSDB, PTN, PPL, PRTB, PROS, PRP, PR, PRB, PTC, PSDC, PSL, PP",14,50016082,97355354,0.5137476260422206,272,0.530214424951267,263.55253215965917,8.447467840340835,-6.552532159659165,1.0320523114352906,true,true,votes+seats,false,207,234,true,false,true,false,true
2014,16,30,PMDB,PSC,"PMDB, PSD, PSDB, PTN, PPL, PRTB, PROS, PRP, PR, PRB, PTC, PSDC, PSL, PP, PSC",15,52536503,97355354,0.5396365052506511,285,0.5555555555555556,276.833527193584,8.166472806415982,-19.83352719358402,1.0294995800877302,true,true,votes+seats,false,220,272,false,false,false,false,false
2014,16,31,PMDB,PEN,"PMDB, PSD, PSDB, PTN, PPL, PRTB, PROS, PRP, PR, PRB, PTC, PSDC, PSL, PP, PSC, PEN",16,53204486,97355354,0.5464977919961136,287,0.5594541910331384,280.35336729400626,6.6466327059937385,-23.35336729400626,1.0237080537685264,true,true,votes+seats,false,222,285,false,false,false,false,false
2014,16,32,PMDB,DEM,"PMDB, PSD, PSDB, PTN, PPL, PRTB, PROS, PRP, PR, PRB, PTC, PSDC, PSL, PP, PSC, PEN, DEM",17,57289973,97355354,0.5884624794235764,308,0.6003898635477583,301.8812519442947,6.118748055705282,-44.88125194429472,1.0202687249251052,true,true,votes+seats,false,243,287,false,false,false,false,false
2014,17,17,PSD,PSD,PSD,1,5967953,97355354,0.061300716959028265,36,0.07017543859649122,31.4472677999815,4.5527322000185,225.5527322000185,1.1447735373697927,false,false,neither,false,0,0,false,false,false,false,false
2014,17,18,PSD,PSDB,"PSD, PSDB",2,17056668,97355354,0.17520010250283719,90,0.17543859649122806,89.87765258395548,0.12234741604451926,167.12234741604453,1.0013612662606006,false,false,neither,false,54,36,false,false,false,false,false
2014,17,19,PSD,PTN,"PSD, PSDB, PTN",3,17779850,97355354,0.18262837398752615,94,0.18323586744639375,93.68835585560092,0.3116441443990823,163.31164414439908,1.003326391434165,false,false,neither,false,58,90,false,false,false,false,false
2014,17,20,PSD,PPL,"PSD, PSDB, PTN, PPL",4,17921104,97355354,0.1840792854597396,94,0.18323586744639375,94.43267344084641,-0.4326734408464148,162.56732655915357,0.9954181807516289,false,false,neither,false,58,94,false,false,false,false,false
2014,17,21,PSD,PRTB,"PSD, PSDB, PTN, PPL, PRTB",5,18375294,97355354,0.18874456560447617,95,0.18518518518518517,96.82596215509628,-1.8259621550962777,160.17403784490372,0.9811418124389878,false,false,neither,false,59,94,false,false,false,false,false
2014,17,22,PSD,PROS,"PSD, PSDB, PTN, PPL, PRTB, PROS",6,20352411,97355354,0.20905281696166397,106,0.20662768031189083,107.24409510133361,-1.2440951013336132,149.7559048986664,0.9883994069775303,false,false,neither,false,70,95,false,false,false,false,false
2014,17,23,PSD,PRP,"PSD, PSDB, PTN, PPL, PRTB, PROS, PRP",7,21077236,97355354,0.21649796476524547,109,0.2124756335282651,111.06345592457092,-2.063455924570917,145.93654407542908,0.9814209281766604,false,false,neither,false,73,106,false,false,false,false,false
2014,17,24,PSD,PR,"PSD, PSDB, PTN, PPL, PRTB, PROS, PRP, PR",8,26712755,97355354,0.2743840364444671,143,0.2787524366471735,140.75901069601164,2.240989303988357,116.24098930398836,1.0159207520208287,false,false,neither,false,107,109,false,false,false,false,false
2014,17,25,PSD,PRB,"PSD, PSDB, PTN, PPL, PRTB, PROS, PRP, PR, PRB",9,31137579,97355354,0.3198342743430423,164,0.31968810916179335,164.0749827379807,-0.07498273798069022,92.92501726201931,0.999542997130157,false,false,neither,false,128,143,false,false,false,false,false
2014,17,26,PSD,PTC,"PSD, PSDB, PTN, PPL, PRTB, PROS, PRP, PR, PRB, PTC",10,31475696,97355354,0.3233072934026823,166,0.3235867446393762,165.85664151557603,0.14335848442397037,91.14335848442397,1.0008643517866633,false,false,neither,false,130,164,false,false,false,false,false
2014,17,27,PSD,PSDC,"PSD, PSDB, PTN, PPL, PRTB, PROS, PRP, PR, PRB, PTC, PSDC",11,31985632,97355354,0.3285451768785104,168,0.32748538011695905,168.54367573867586,-0.5436757386758586,88.45632426132414,0.9967742738711904,false,false,neither,false,132,166,false,false,false,false,false
2014,17,28,PSD,PSL,"PSD, PSDB, PTN, PPL, PRTB, PROS, PRP, PR, PRB, PTC, PSDC, PSL",12,32794342,97355354,0.3368519619372962,169,0.32943469785575047,172.80505647383296,-3.8050564738329626,84.19494352616704,0.9779806415884066,false,false,neither,false,133,168,false,false,false,false,false
2014,17,29,PSD,PP,"PSD, PSDB, PTN, PPL, PRTB, PROS, PRP, PR, PRB, PTC, PSDC, PSL, PP",13,39224133,97355354,0.40289651661068376,207,0.40350877192982454,206.68591302128078,0.3140869787192173,50.31408697871922,1.0015196341837138,false,false,neither,false,171,169,false,false,false,false,false
2014,17,30,PSD,PSC,"PSD, PSDB, PTN, PPL, PRTB, PROS, PRP, PR, PRB, PTC, PSDC, PSL, PP, PSC",14,41744554,97355354,0.4287853958191144,220,0.42884990253411304,219.9669080552057,0.03309194479430744,37.03309194479431,1.000150440559841,false,false,neither,false,184,207,false,false,false,false,false
2014,17,31,PSD,PEN,"PSD, PSDB, PTN, PPL, PRTB, PROS, PRP, PR, PRB, PTC, PSDC, PSL, PP, PSC, PEN",15,42412537,97355354,0.4356466825645768,222,0.4327485380116959,223.48674815562788,-1.486748155627879,33.51325184437212,0.9933474885294202,false,false,neither,false,186,220,false,false,false,false,false
2014,17,32,PSD,DEM,"PSD, PSDB, PTN, PPL, PRTB, PROS, PRP, PR, PRB, PTC, PSDC, PSL, PP, PSC, PEN, DEM",16,46498024,97355354,0.4776113699920397,243,0.47368421052631576,245.01463280591636,-2.0146328059163636,11.985367194083636,0.9917775000503247,false,false,neither,false,207,222,false,false,false,false,false
2014,18,18,PSDB,PSDB,PSDB,1,11088715,97355354,0.11389938554380892,54,0.10526315789473684,58.43038478397398,-4.430384783973977,198.56961521602602,0.9241766967588219,false,false,neither,false,0,0,false,false,false,false,false
2014,18,19,PSDB,PTN,"PSDB, PTN",2,11811897,97355354,0.12132765702849789,58,0.11306042884990253,62.241088055619414,-4.241088055619414,194.7589119443806,0.931860316261992,false,false,neither,false,4,54,false,false,false,false,false
2014,18,20,PSDB,PPL,"PSDB, PTN, PPL",3,11953151,97355354,0.12277856850071132,58,0.11306042884990253,62.98540564086491,-4.9854056408649114,194.0145943591351,0.9208482411101536,false,false,neither,false,4,58,false,false,false,false,false
2014,18,21,PSDB,PRTB,"PSDB, PTN, PPL, PRTB",4,12407341,97355354,0.1274438486454479,59,0.11500974658869395,65.37869435511476,-6.37869435511476,191.62130564488524,0.9024346628816435,false,false,neither,false,5,58,false,false,false,false,false
2014,18,22,PSDB,PROS,"PSDB, PTN, PPL, PRTB, PROS",5,14384458,97355354,0.1477521000026357,70,0.1364522417153996,75.79682730135211,-5.79682730135211,181.2031726986479,0.9235215046890399,false,false,neither,false,16,59,false,false,false,false,false
2014,18,23,PSDB,PRP,"PSDB, PTN, PPL, PRTB, PROS, PRP",6,15109283,97355354,0.15519724780621721,73,0.14230019493177387,79.61618812458943,-6.616188124589428,177.38381187541057,0.9168989588620355,false,false,neither,false,19,70,false,false,false,false,false
2014,18,24,PSDB,PR,"PSDB, PTN, PPL, PRTB, PROS, PRP, PR",7,20744802,97355354,0.21308331948543888,107,0.20857699805068225,109.31174289603014,-2.3117428960301396,147.68825710396987,0.9788518338946538,false,false,neither,false,53,73,false,false,false,false,false
2014,18,25,PSDB,PRB,"PSDB, PTN, PPL, PRTB, PROS, PRP, PR, PRB",8,25169626,97355354,0.258533557384014,128,0.24951267056530213,132.6277149379992,-4.627714937999201,124.3722850620008,0.9651074819455152,false,false,neither,false,74,107,false,false,false,false,false
2014,18,26,PSDB,PTC,"PSDB, PTN, PPL, PRTB, PROS, PRP, PR, PRB, PTC",9,25507743,97355354,0.26200657644365405,130,0.253411306042885,134.40937371559454,-4.4093737155945405,122.59062628440546,0.9671944478744122,false,false,neither,false,76,128,false,false,false,false,false
2014,18,27,PSDB,PSDC,"PSDB, PTN, PPL, PRTB, PROS, PRP, PR, PRB, PTC, PSDC",10,26017679,97355354,0.2672444599194822,132,0.2573099415204678,137.09640793869437,-5.0964079386943695,119.90359206130563,0.9628261016074663,false,false,neither,false,78,130,false,false,false,false,false
2014,18,28,PSDB,PSL,"PSDB, PTN, PPL, PRTB, PROS, PRP, PR, PRB, PTC, PSDC, PSL",11,26826389,97355354,0.27555124497826794,133,0.25925925925925924,141.35778867385145,-8.357788673851445,115.64221132614855,0.9408749333711282,false,false,neither,false,79,132,false,false,false,false,false
2014,18,29,PSDB,PP,"PSDB, PTN, PPL, PRTB, PROS, PRP, PR, PRB, PTC, PSDC, PSL, PP",12,33256180,97355354,0.34159579965165554,171,0.3333333333333333,175.2386452212993,-4.2386452212992936,81.7613547787007,0.9758121548135313,false,false,neither,false,117,133,false,false,false,false,false
2014,18,30,PSDB,PSC,"PSDB, PTN, PPL, PRTB, PROS, PRP, PR, PRB, PTC, PSDC, PSL, PP, PSC",13,35776601,97355354,0.3674846788600861,184,0.3586744639376218,188.51964025522418,-4.519640255224175,68.48035974477582,0.9760256265654584,false,false,neither,false,130,171,false,false,false,false,false
2014,18,31,PSDB,PEN,"PSDB, PTN, PPL, PRTB, PROS, PRP, PR, PRB, PTC, PSDC, PSL, PP, PSC, PEN",14,36444584,97355354,0.3743459656055485,186,0.36257309941520466,192.0394803556464,-6.03948035564639,64.96051964435361,0.9685508399394666,false,false,neither,false,132,184,false,false,false,false,false
2014,18,32,PSDB,DEM,"PSDB, PTN, PPL, PRTB, PROS, PRP, PR, PRB, PTC, PSDC, PSL, PP, PSC, PEN, DEM",15,40530071,97355354,0.4163106530330114,207,0.40350877192982454,213.56736500593485,-6.567365005934846,43.432634994065154,0.9692492108719309,false,false,neither,false,153,186,false,false,false,false,false
2014,19,19,PTN,PTN,PTN,1,723182,97355354,0.007428271484688967,4,0.007797270955165692,3.81070327164544,0.1892967283545599,253.18929672835455,1.049675011372067,false,false,neither,false,0,0,false,false,false,false,false
2014,19,20,PTN,PPL,"PTN, PPL",2,864436,97355354,0.0088791829569024,4,0.007797270955165692,4.555020856890931,-0.5550208568909314,252.44497914310907,0.8781518516976088,false,false,neither,false,0,4,false,false,false,false,false
2014,19,21,PTN,PRTB,"PTN, PPL, PRTB",3,1318626,97355354,0.013544463101638971,5,0.009746588693957114,6.9483095711407925,-1.9483095711407925,250.05169042885922,0.7195994865811781,false,false,neither,false,1,4,false,false,false,false,false
2014,19,22,PTN,PROS,"PTN, PPL, PRTB, PROS",4,3295743,97355354,0.03385271445882678,16,0.031189083820662766,17.36644251737814,-1.3664425173781396,239.63355748262185,0.921317073660263,false,false,neither,false,12,5,false,false,false,false,false
2014,19,23,PTN,PRP,"PTN, PPL, PRTB, PROS, PRP",5,4020568,97355354,0.04129786226240829,19,0.037037037037037035,21.18580334061545,-2.1858033406154505,235.81419665938455,0.8968269786388023,false,false,neither,false,15,16,false,false,false,false,false
2014,19,24,PTN,PR,"PTN, PPL, PRTB, PROS, PRP, PR",6,9656087,97355354,0.09918393394162996,53,0.10331384015594541,50.88135811205617,2.1186418879438307,206.11864188794382,1.0416388627693063,false,false,neither,false,49,19,false,false,false,false,false
2014,19,25,PTN,PRB,"PTN, PPL, PRTB, PROS, PRP, PR, PRB",7,14080911,97355354,0.1446341718402051,74,0.1442495126705653,74.19733015402522,-0.1973301540252237,182.80266984597478,0.9973404682673138,false,false,neither,false,70,53,false,false,false,false,false
2014,19,26,PTN,PTC,"PTN, PPL, PRTB, PROS, PRP, PR, PRB, PTC",8,14419028,97355354,0.14810719089984511,76,0.14814814814814814,75.97898893162055,0.021011068379451103,181.02101106837944,1.0002765378781016,false,false,neither,false,72,74,false,false,false,false,false
2014,19,27,PTN,PSDC,"PTN, PPL, PRTB, PROS, PRP, PR, PRB, PTC, PSDC",9,14928964,97355354,0.15334507437567327,78,0.15204678362573099,78.66602315472039,-0.6660231547203921,178.3339768452796,0.9915335347077294,false,false,neither,false,74,76,false,false,false,false,false
2014,19,28,PTN,PSL,"PTN, PPL, PRTB, PROS, PRP, PR, PRB, PTC, PSDC, PSL",10,15737674,97355354,0.16165185943445903,79,0.1539961013645224,82.92740388987748,-3.927403889877482,174.0725961101225,0.9526404577298376,false,false,neither,false,75,78,false,false,false,false,false
2014,19,29,PTN,PP,"PTN, PPL, PRTB, PROS, PRP, PR, PRB, PTC, PSDC, PSL, PP",11,22167465,97355354,0.2276964141078466,117,0.22807017543859648,116.80826043732532,0.19173956267468384,140.19173956267468,1.0016414897538652,false,false,neither,false,113,79,false,false,false,false,false
2014,19,30,PTN,PSC,"PTN, PPL, PRTB, PROS, PRP, PR, PRB, PTC, PSDC, PSL, PP, PSC",12,24687886,97355354,0.2535852933162772,130,0.253411306042885,130.08925547125023,-0.08925547125022604,126.91074452874977,0.9993138905213432,false,false,neither,false,126,117,false,false,false,false,false
2014,19,31,PTN,PEN,"PTN, PPL, PRTB, PROS, PRP, PR, PRB, PTC, PSDC, PSL, PP, PSC, PEN",13,25355869,97355354,0.2604465800617396,132,0.2573099415204678,133.6090955716724,-1.6090955716724125,123.39090442832759,0.987956691385511,false,false,neither,false,128,130,false,false,false,false,false
2014,19,32,PTN,DEM,"PTN, PPL, PRTB, PROS, PRP, PR, PRB, PTC, PSDC, PSL, PP, PSC, PEN, DEM",14,29441356,97355354,0.3024112674892025,153,0.2982456140350877,155.13698022196087,-2.1369802219608687,101.86301977803913,0.9862252042104764,false,false,neither,false,149,132,false,false,false,false,false
2014,20,20,PPL,PPL,PPL,1,141254,97355354,0.0014509114722134338,0,0.0,0.7443175852454915,-0.7443175852454915,256.2556824147545,0.0,false,false,neither,false,0,0,false,false,false,false,false
2014,20,21,PPL,PRTB,"PPL, PRTB",2,595444,97355354,0.006116191616950003,1,0.001949317738791423,3.1376062994953515,-2.1376062994953515,253.86239370050464,0.3187143014599501,false,false,neither,false,1,0,false,false,false,false,false
2014,20,22,PPL,PROS,"PPL, PRTB, PROS",3,2572561,97355354,0.02642444297413782,12,0.023391812865497075,13.5557392457327,-1.5557392457327008,243.4442607542673,0.8852339059101891,false,false,neither,false,12,1,false,false,false,false,false
2014,20,23,PPL,PRP,"PPL, PRTB, PROS, PRP",4,3297386,97355354,0.033869590777719324,15,0.029239766081871343,17.375100068970013,-2.3751000689700135,239.62489993102997,0.8633043804327967,false,false,neither,false,15,12,false,false,false,false,false
2014,20,24,PPL,PR,"PPL, PRTB, PROS, PRP, PR",5,8932905,97355354,0.09175566245694099,49,0.09551656920077972,47.070654840410725,1.9293451595892748,209.92934515958927,1.0409882795582632,false,false,neither,false,49,15,false,false,false,false,false
2014,20,25,PPL,PRB,"PPL, PRTB, PROS, PRP, PR, PRB",6,13357729,97355354,0.13720590035551614,70,0.1364522417153996,70.38662688237977,-0.3866268823797725,186.61337311762023,0.9945070974486979,false,false,neither,false,70,49,false,false,false,false,false
2014,20,26,PPL,PTC,"PPL, PRTB, PROS, PRP, PR, PRB, PTC",7,13695846,97355354,0.14067891941515615,72,0.14035087719298245,72.1682856599751,-0.1682856599750977,184.83171434002492,0.9976681494033545,false,false,neither,false,72,70,false,false,false,false,false
2014,20,27,PPL,PSDC,"PPL, PRTB, PROS, PRP, PR, PRB, PTC, PSDC",8,14205782,97355354,0.1459168028909843,74,0.1442495126705653,74.85531988307494,-0.8553198830749409,182.14468011692506,0.9885736927661125,false,false,neither,false,74,72,false,false,false,false,false
2014,20,28,PPL,PSL,"PPL, PRTB, PROS, PRP, PR, PRB, PTC, PSDC, PSL",9,15014492,97355354,0.15422358794977006,75,0.14619883040935672,79.11670061823204,-4.116700618232045,177.88329938176796,0.9479667303355245,false,false,neither,false,75,74,false,false,false,false,false
2014,20,29,PPL,PP,"PPL, PRTB, PROS, PRP, PR, PRB, PTC, PSDC, PSL, PP",10,21444283,97355354,0.22026814262315764,113,0.2202729044834308,112.99755716567986,0.0024428343201350344,144.00244283432014,1.0000216184701811,false,false,neither,false,113,75,false,false,false,false,false
2014,20,30,PPL,PSC,"PPL, PRTB, PROS, PRP, PR, PRB, PTC, PSDC, PSL, PP, PSC",11,23964704,97355354,0.24615702183158822,126,0.24561403508771928,126.27855219960476,-0.27855219960476063,130.72144780039525,0.9977941448111912,false,false,neither,false,126,113,false,false,false,false,false
2014,20,31,PPL,PEN,"PPL, PRTB, PROS, PRP, PR, PRB, PTC, PSDC, PSL, PP, PSC, PEN",12,24632687,97355354,0.2530183085770506,128,0.24951267056530213,129.79839230002696,-1.7983923000269613,127.20160769997304,0.986144725923338,false,false,neither,false,128,126,false,false,false,false,false
2014,20,32,PPL,DEM,"PPL, PRTB, PROS, PRP, PR, PRB, PTC, PSDC, PSL, PP, PSC, PEN, DEM",13,28718174,97355354,0.29498299600451355,149,0.290448343079922,151.32627695031545,-2.326276950315446,105.67372304968455,0.9846274090845489,false,false,neither,false,149,128,false,false,false,false,false
2014,21,21,PRTB,PRTB,PRTB,1,454190,97355354,0.00466528014473657,1,0.001949317738791423,2.3932887142498602,-1.3932887142498602,254.60671128575015,0.4178350877793842,false,false,neither,false,0,0,false,false,false,false,false
2014,21,22,PRTB,PROS,"PRTB, PROS",2,2431307,97355354,0.024973531501924384,12,0.023391812865497075,12.811421660487209,-0.8114216604872091,244.1885783395128,0.9366641984011983,false,false,neither,false,11,1,false,false,false,false,false
2014,21,23,PRTB,PRP,"PRTB, PROS, PRP",3,3156132,97355354,0.03241867930550589,15,0.029239766081871343,16.63078248372452,-1.63078248372452,240.36921751627548,0.9019419269465846,false,false,neither,false,14,12,false,false,false,false,false
2014,21,24,PRTB,PR,"PRTB, PROS, PRP, PR",4,8791651,97355354,0.09030475098472755,49,0.09551656920077972,46.326337255165235,2.6736627448347647,210.67366274483476,1.0577136657730621,false,false,neither,false,48,15,false,false,false,false,false
2014,21,25,PRTB,PRB,"PRTB, PROS, PRP, PR, PRB",5,13216475,97355354,0.1357549888833027,70,0.1364522417153996,69.64230929713429,0.35769070286571036,187.3576907028657,1.0051361120341313,false,false,neither,false,69,49,false,false,false,false,false
2014,21,26,PRTB,PTC,"PRTB, PROS, PRP, PR, PRB, PTC",6,13554592,97355354,0.1392280079429427,72,0.14035087719298245,71.42396807472961,0.5760319252703852,185.5760319252704,1.0080649667163226,false,false,neither,false,71,70,false,false,false,false,false
2014,21,27,PRTB,PSDC,"PRTB, PROS, PRP, PR, PRB, PTC, PSDC",7,14064528,97355354,0.14446589141877086,74,0.1442495126705653,74.11100229782946,-0.11100229782945803,182.88899770217054,0.9985022156712525,false,false,neither,false,73,72,false,false,false,false,false
2014,21,28,PRTB,PSL,"PRTB, PROS, PRP, PR, PRB, PTC, PSDC, PSL",8,14873238,97355354,0.15277267647755663,75,0.14619883040935672,78.37238303298655,-3.372383032986548,178.62761696701347,0.9569697525776761,false,false,neither,false,74,74,false,false,false,false,false
2014,21,29,PRTB,PP,"PRTB, PROS, PRP, PR, PRB, PTC, PSDC, PSL, PP",9,21303029,97355354,0.2188172311509442,113,0.2202729044834308,112.25323958043438,0.7467604195656179,144.74676041956562,1.0066524620791057,false,false,neither,false,112,75,false,false,false,false,false
2014,21,30,PRTB,PSC,"PRTB, PROS, PRP, PR, PRB, PTC, PSDC, PSL, PP, PSC",10,23823450,97355354,0.24470611035937478,126,0.24561403508771928,125.53423461435926,0.46576538564073644,131.46576538564074,1.0037102658654953,false,false,neither,false,125,113,false,false,false,false,false
2014,21,31,PRTB,PEN,"PRTB, PROS, PRP, PR, PRB, PTC, PSDC, PSL, PP, PSC, PEN",11,24491433,97355354,0.25156739710483716,128,0.24951267056530213,129.05407471478148,-1.0540747147814784,127.94592528521852,0.9918323019469857,false,false,neither,false,127,126,false,false,false,false,false
2014,21,32,PRTB,DEM,"PRTB, PROS, PRP, PR, PRB, PTC, PSDC, PSL, PP, PSC, PEN, DEM",12,28576920,97355354,0.2935320845323001,149,0.290448343079922,150.58195936506996,-1.581959365069963,106.41804063493004,0.9894943632574559,false,false,neither,false,148,128,false,false,false,false,false
2014,22,22,PROS,PROS,PROS,1,1977117,97355354,0.020308251357187813,11,0.021442495126705652,10.418132946237348,0.581867053762652,246.58186705376266,1.0558513753630685,false,false,neither,false,0,0,false,false,false,false,false
2014,22,23,PROS,PRP,"PROS, PRP",2,2701942,97355354,0.02775339916076932,14,0.02729044834307992,14.23749376947466,-0.2374937694746606,242.76250623052533,0.9833191309285171,false,false,neither,false,3,11,false,false,false,false,false
2014,22,24,PROS,PR,"PROS, PRP, PR",3,8337461,97355354,0.08563947083999099,48,0.0935672514619883,43.93304854091538,4.0669514590846205,213.06695145908463,1.092571574114576,false,false,neither,false,37,14,false,false,false,false,false
2014,22,25,PROS,PRB,"PROS, PRP, PR, PRB",4,12762285,97355354,0.13108970873856615,69,0.13450292397660818,67.24902058288444,1.750979417115559,189.75097941711556,1.0260372478578699,false,false,neither,false,58,48,false,false,false,false,false
2014,22,26,PROS,PTC,"PROS, PRP, PR, PRB, PTC",5,13100402,97355354,0.13456272779820613,71,0.13840155945419103,69.03067936047975,1.969320639520248,187.96932063952025,1.0285281943878375,false,false,neither,false,60,69,false,false,false,false,false
2014,22,27,PROS,PSDC,"PROS, PRP, PR, PRB, PTC, PSDC",6,13610338,97355354,0.1398006112740343,73,0.14230019493177387,71.7177135835796,1.2822864164204049,185.2822864164204,1.0178796332502433,false,false,neither,false,62,71,false,false,false,false,false
2014,22,28,PROS,PSL,"PROS, PRP, PR, PRB, PTC, PSDC, PSL",7,14419048,97355354,0.14810739633282008,74,0.1442495126705653,75.9790943187367,-1.9790943187366992,181.0209056812633,0.9739521201656566,false,false,neither,false,63,73,false,false,false,false,false
2014,22,29,PROS,PP,"PROS, PRP, PR, PRB, PTC, PSDC, PSL, PP",8,20848839,97355354,0.21415195100620762,112,0.21832358674463936,109.8599508661845,2.140049133815495,147.1400491338155,1.0194797932908435,false,false,neither,false,101,74,false,false,false,false,false
2014,22,30,PROS,PSC,"PROS, PRP, PR, PRB, PTC, PSDC, PSL, PP, PSC",9,23369260,97355354,0.24004083021463823,125,0.24366471734892786,123.14094590010941,1.8590540998905851,133.85905409989059,1.015096961342157,false,false,neither,false,114,112,false,false,false,false,false
2014,22,31,PROS,PEN,"PROS, PRP, PR, PRB, PTC, PSDC, PSL, PP, PSC, PEN",10,24037243,97355354,0.24690211696010061,127,0.2475633528265107,126.66078600053162,0.3392139994683845,130.33921399946837,1.0026781295946399,false,false,neither,false,116,125,false,false,false,false,false
2014,22,32,PROS,DEM,"PROS, PRP, PR, PRB, PTC, PSDC, PSL, PP, PSC, PEN, DEM",11,28122730,97355354,0.2888668043875635,148,0.2884990253411306,148.1886706508201,-0.18867065082008594,108.81132934917991,0.9987268213555633,false,false,neither,false,137,127,false,false,false,false,false
2014,23,23,PRP,PRP,PRP,1,724825,97355354,0.007445147803581506,3,0.005847953216374269,3.8193608232373126,-0.8193608232373126,253.1806391767627,0.7854717422213024,false,false,neither,false,0,0,false,false,false,false,false
2014,23,24,PRP,PR,"PRP, PR",2,6360344,97355354,0.06533121948280317,37,0.07212475633528265,33.51491559467802,3.4850844053219774,223.48508440532197,1.1039860713799736,false,false,neither,false,34,3,false,false,false,false,false
2014,23,25,PRP,PRB,"PRP, PR, PRB",3,10785168,97355354,0.11078145738137833,58,0.11306042884990253,56.830887636647084,1.169112363352916,200.16911236335292,1.0205717772847,false,false,neither,false,55,37,false,false,false,false,false
2014,23,26,PRP,PTC,"PRP, PR, PRB, PTC",4,11123285,97355354,0.11425447644101834,60,0.11695906432748537,58.61254641424241,1.3874535857575907,198.38745358575758,1.0236716141959061,false,false,neither,false,57,58,false,false,false,false,false
2014,23,27,PRP,PSDC,"PRP, PR, PRB, PTC, PSDC",5,11633221,97355354,0.11949235991684648,62,0.12085769980506822,61.299580637342245,0.7004193626577546,195.70041936265775,1.0114261689129904,false,false,neither,false,59,60,false,false,false,false,false
2014,23,28,PRP,PSL,"PRP, PR, PRB, PTC, PSDC, PSL",6,12441931,97355354,0.12779914497563227,63,0.12280701754385964,65.56096137249935,-2.5609613724993494,191.43903862750065,0.96093770867775,false,false,neither,false,60,62,false,false,false,false,false
2014,23,29,PRP,PP,"PRP, PR, PRB, PTC, PSDC, PSL, PP",7,18871722,97355354,0.19384369964901982,101,0.1968810916179337,99.44181791994717,1.5581820800528305,157.55818208005283,1.015669283935529,false,false,neither,false,98,63,false,false,false,false,false
2014,23,30,PRP,PSC,"PRP, PR, PRB, PTC, PSDC, PSL, PP, PSC",8,21392143,97355354,0.2197325788574504,114,0.2222222222222222,112.72281295387205,1.277187046127949,144.27718704612795,1.0113303333429995,false,false,neither,false,111,101,false,false,false,false,false
2014,23,31,PRP,PEN,"PRP, PR, PRB, PTC, PSDC, PSL, PP, PSC, PEN",9,22060126,97355354,0.2265938656029128,116,0.22612085769980506,116.24265305429427,-0.24265305429426576,140.75734694570573,0.9979125299714131,false,false,neither,false,113,114,false,false,false,false,false
2014,23,32,PRP,DEM,"PRP, PR, PRB, PTC, PSDC, PSL, PP, PSC, PEN, DEM",10,26145613,97355354,0.26855855303037574,137,0.26705653021442494,137.77053770458275,-0.7705377045827504,119.22946229541725,0.9944070937268533,false,false,neither,false,134,116,false,false,false,false,false
2014,24,24,PR,PR,PR,1,5635519,97355354,0.05788607167922167,34,0.06627680311890838,29.695554771440715,4.304445228559285,227.30444522855927,1.1449525109629886,false,false,neither,false,0,0,false,false,false,false,false
2014,24,25,PR,PRB,"PR, PRB",2,10060343,97355354,0.10333630957779683,55,0.10721247563352826,53.01152681340977,1.9884731865902268,203.98847318659023,1.0375102040276876,false,false,neither,false,21,34,false,false,false,false,false
2014,24,26,PR,PTC,"PR, PRB, PTC",3,10398460,97355354,0.10680932863743683,57,0.1111111111111111,54.7931855910051,2.2068144089949016,202.2068144089949,1.0402753441909238,false,false,neither,false,23,55,false,false,false,false,false
2014,24,27,PR,PSDC,"PR, PRB, PTC, PSDC",4,10908396,97355354,0.11204721211326497,59,0.11500974658869395,57.480219814104935,1.5197801858950655,199.51978018589506,1.0264400552191717,false,false,neither,false,25,57,false,false,false,false,false
2014,24,28,PR,PSL,"PR, PRB, PTC, PSDC, PSL",5,11717106,97355354,0.12035399717205075,60,0.11695906432748537,61.74160054926204,-1.7416005492620386,195.25839945073795,0.9717921055857232,false,false,neither,false,26,59,false,false,false,false,false
2014,24,29,PR,PP,"PR, PRB, PTC, PSDC, PSL, PP",6,18146897,97355354,0.1863985518454383,98,0.19103313840155944,95.62245709670985,2.3775429032901485,161.37754290329013,1.0248638549507838,false,false,neither,false,64,60,false,false,false,false,false
2014,24,30,PR,PSC,"PR, PRB, PTC, PSDC, PSL, PP, PSC",7,20667318,97355354,0.2122874310538689,111,0.21637426900584794,108.90345213063475,2.096547869365253,148.09654786936525,1.019251436280003,false,false,neither,false,77,98,false,false,false,false,false
2014,24,31,PR,PEN,"PR, PRB, PTC, PSDC, PSL, PP, PSC, PEN",8,21335301,97355354,0.21914871779933132,113,0.2202729044834308,112.42329223105696,0.576707768943038,144.57670776894304,1.0051297890098945,false,false,neither,false,79,111,false,false,false,false,false
2014,24,32,PR,DEM,"PR, PRB, PTC, PSDC, PSL, PP, PSC, PEN, DEM",9,25420788,97355354,0.2611134052267942,134,0.26120857699805067,133.95117688134542,0.048823118654581776,123.04882311865458,1.0003644844322483,false,false,neither,false,100,113,false,false,false,false,false
2014,25,25,PRB,PRB,PRB,1,4424824,97355354,0.04545023789857515,21,0.04093567251461988,23.31597204196905,-2.315972041969051,233.68402795803095,0.9006701484372913,false,false,neither,false,0,0,false,false,false,false,false
2014,25,26,PRB,PTC,"PRB, PTC",2,4762941,97355354,0.04892325695821516,23,0.04483430799220273,25.097630819564376,-2.097630819564376,231.9023691804356,0.9164211620353739,false,false,neither,false,2,21,false,false,false,false,false
2014,25,27,PRB,PSDC,"PRB, PTC, PSDC",3,5272877,97355354,0.05416114043404331,25,0.04873294346978557,27.78466504266422,-2.784665042664219,229.21533495733578,0.8997769079314695,false,false,neither,false,4,23,false,false,false,false,false
2014,25,28,PRB,PSL,"PRB, PTC, PSDC, PSL",4,6081587,97355354,0.062467925492829084,26,0.050682261208576995,32.04604577782132,-6.04604577782132,224.95395422217868,0.8113325488037056,false,false,neither,false,5,25,false,false,false,false,false
2014,25,29,PRB,PP,"PRB, PTC, PSDC, PSL, PP",5,12511378,97355354,0.12851248016621664,64,0.12475633528265107,65.92690232526914,-1.9269023252691397,191.07309767473086,0.970772139182845,false,false,neither,false,43,26,false,false,false,false,false
2014,25,30,PRB,PSC,"PRB, PTC, PSDC, PSL, PP, PSC",6,15031799,97355354,0.15440135937464725,77,0.15009746588693956,79.20789735919404,-2.2078973591940354,177.79210264080598,0.9721252875937155,false,false,neither,false,56,64,false,false,false,false,false
2014,25,31,PRB,PEN,"PRB, PTC, PSDC, PSL, PP, PSC, PEN",7,15699782,97355354,0.16126264612010963,79,0.1539961013645224,82.72773745961624,-3.727737459616236,174.27226254038376,0.954939690434107,false,false,neither,false,58,77,false,false,false,false,false
2014,25,32,PRB,DEM,"PRB, PTC, PSDC, PSL, PP, PSC, PEN, DEM",8,19785269,97355354,0.20322733354757253,100,0.1949317738791423,104.2556221099047,-4.2556221099047065,152.74437789009528,0.9591808861356321,false,false,neither,false,79,79,false,false,false,false,false
2014,26,26,PTC,PTC,PTC,1,338117,97355354,0.0034730190596400073,2,0.003898635477582846,1.7816587775953237,0.21834122240467635,255.2183412224047,1.122549404605616,false,false,neither,false,0,0,false,false,false,false,false
2014,26,27,PTC,PSDC,"PTC, PSDC",2,848053,97355354,0.008710902535468157,4,0.007797270955165692,4.468693000695165,-0.46869300069516484,252.53130699930483,0.8951163123932986,false,false,neither,false,2,2,false,false,false,false,false
2014,26,28,PTC,PSL,"PTC, PSDC, PSL",3,1656763,97355354,0.017017687594253934,5,0.009746588693957114,8.730073735852269,-3.730073735852269,248.26992626414773,0.5727328486890355,false,false,neither,false,3,4,false,false,false,false,false
2014,26,29,PTC,PP,"PTC, PSDC, PSL, PP",4,8086554,97355354,0.08306224226764149,43,0.08382066276803118,42.610930283300085,0.38906971669991464,214.3890697166999,1.0091307491789823,false,false,neither,false,41,5,false,false,false,false,false
2014,26,30,PTC,PSC,"PTC, PSDC, PSL, PP, PSC",5,10606975,97355354,0.10895112147607208,56,0.10916179337231968,55.89192531722498,0.10807468277501897,201.10807468277503,1.0019336367849492,false,false,neither,false,54,43,false,false,false,false,false
2014,26,31,PTC,PEN,"PTC, PSDC, PSL, PP, PSC, PEN",6,11274958,97355354,0.11581240822153448,58,0.11306042884990253,59.41176541764719,-1.4117654176471888,197.5882345823528,0.9762376120668542,false,false,neither,false,56,56,false,false,false,false,false
2014,26,32,PTC,DEM,"PTC, PSDC, PSL, PP, PSC, PEN, DEM",7,15360445,97355354,0.1577770956489974,79,0.1539961013645224,80.93965006793566,-1.9396500679356592,176.06034993206436,0.9760358481126662,false,false,neither,false,77,58,false,false,false,false,false
2014,27,27,PSDC,PSDC,PSDC,1,509936,97355354,0.00523788347582815,2,0.003898635477582846,2.687034223099841,-0.687034223099841,254.31296577690017,0.744315045490095,false,false,neither,false,0,0,false,false,false,false,false
2014,27,28,PSDC,PSL,"PSDC, PSL",2,1318646,97355354,0.013544668534613925,3,0.005847953216374269,6.948414958256944,-3.9484149582569437,250.05158504174307,0.43175314341798754,false,false,neither,false,1,2,false,false,false,false,false
2014,27,29,PSDC,PP,"PSDC, PSL, PP",3,7748437,97355354,0.07958922320800148,41,0.07992202729044834,40.82927150570476,0.17072849429523984,216.17072849429525,1.0041815219326504,false,false,neither,false,39,3,false,false,false,false,false
2014,27,30,PSDC,PSC,"PSDC, PSL, PP, PSC",4,10268858,97355354,0.10547810241643207,54,0.10526315789473684,54.110266539629656,-0.11026653962965582,202.88973346037034,0.9979621882004795,false,false,neither,false,52,41,false,false,false,false,false
2014,27,31,PSDC,PEN,"PSDC, PSL, PP, PSC, PEN",5,10936841,97355354,0.11233938916189448,56,0.10916179337231968,57.63010664005187,-1.6301066400518707,199.36989335994812,0.971714321990878,false,false,neither,false,54,54,false,false,false,false,false
2014,27,32,PSDC,DEM,"PSDC, PSL, PP, PSC, PEN, DEM",6,15022328,97355354,0.15430407658935738,77,0.15009746588693956,79.15799129034033,-2.157991290340334,177.84200870965967,0.9727381751966756,false,false,neither,false,75,56,false,false,false,false,false
2014,28,28,PSL,PSL,PSL,1,808710,97355354,0.008306785058785775,1,0.001949317738791423,4.261380735157103,-3.261380735157103,252.7386192648429,0.23466572506648675,false,false,neither,false,0,0,false,false,false,false,false
2014,28,29,PSL,PP,"PSL, PP",2,7238501,97355354,0.07435133973217334,39,0.07602339181286549,38.142237282604924,0.8577627173950759,218.85776271739508,1.022488526591655,false,false,neither,false,38,1,false,false,false,false,false
2014,28,30,PSL,PSC,"PSL, PP, PSC",3,9758922,97355354,0.10024021894060392,52,0.10136452241715399,51.42323231652981,0.5767676834701874,205.5767676834702,1.0112160915891082,false,false,neither,false,51,39,false,false,false,false,false
2014,28,31,PSL,PEN,"PSL, PP, PSC, PEN",4,10426905,97355354,0.10710150568606633,54,0.10526315789473684,54.94307241695203,-0.9430724169520275,202.05692758304798,0.9828354626804406,false,false,neither,false,53,52,false,false,false,false,false
2014,28,32,PSL,DEM,"PSL, PP, PSC, PEN, DEM",5,14512392,97355354,0.14906619311352923,75,0.14619883040935672,76.47095706724049,-1.4709570672404908,180.52904293275952,0.9807645003586514,false,false,neither,false,74,54,false,false,false,false,false
2014,29,29,PP,PP,PP,1,6429791,97355354,0.06604455467338756,38,0.07407407407407407,33.88085654744782,4.11914345255218,223.11914345255218,1.1215773115648242,false,false,neither,false,0,0,false,false,false,false,false
2014,29,30,PP,PSC,"PP, PSC",2,8950212,97355354,0.09193343388181816,51,0.09941520467836257,47.161851581372716,3.8381484186272843,209.83814841862727,1.0813824794814295,false,false,neither,false,13,38,false,false,false,false,false
2014,29,31,PP,PEN,"PP, PSC, PEN",3,9618195,97355354,0.09879472062728055,53,0.10331384015594541,50.68169168179492,2.3183083182050765,206.31830831820508,1.0457425204501969,false,false,neither,false,15,51,false,false,false,false,false
2014,29,32,PP,DEM,"PP, PSC, PEN, DEM",4,13703682,97355354,0.14075940805474346,74,0.1442495126705653,72.2095763320834,1.790423667916599,184.7904236679166,1.0247948230534223,false,false,neither,false,36,53,false,false,false,false,false
2014,30,30,PSC,PSC,PSC,1,2520421,97355354,0.025888879208430592,13,0.025341130604288498,13.280995033924894,-0.2809950339248939,243.71900496607512,0.9788423206840209,false,false,neither,false,0,0,false,false,false,false,false
2014,30,31,PSC,PEN,"PSC, PEN",2,3188404,97355354,0.03275016595389299,15,0.029239766081871343,16.800835134347103,-1.8008351343471034,240.1991648656529,0.8928127607974956,false,false,neither,false,2,13,false,false,false,false,false
2014,30,32,PSC,DEM,"PSC, PEN, DEM",3,7273891,97355354,0.07471485338135589,36,0.07017543859649122,38.328719784635574,-2.328719784635574,218.67128021536442,0.939243475969968,false,false,neither,false,23,15,false,false,false,false,false
2014,31,31,PEN,PEN,PEN,1,667983,97355354,0.006861286745462401,2,0.003898635477582846,3.5198401004222117,-1.5198401004222117,253.48015989957779,0.5682076295909283,false,false,neither,false,0,0,false,false,false,false,false
2014,31,32,PEN,DEM,"PEN, DEM",2,4753470,97355354,0.0488259741729253,23,0.04483430799220273,25.047724750710678,-2.047724750710678,231.95227524928933,0.9182470754892587,false,false,neither,false,21,2,false,false,false,false,false
2014,32,32,DEM,DEM,DEM,1,4085487,97355354,0.0419646874274629,21,0.04093567251461988,21.527884650288467,-0.5278846502884669,235.47211534971154,0.9754790282991695,false,false,neither,false,0,0,false,false,false,false,false
2018,1,1,PSTU,PSTU,PSTU,1,41304,98264190,0.00042033623846082687,0,0.0,0.2156324903304042,-0.2156324903304042,256.7843675096696,0.0,false,false,neither,false,0,0,false,false,false,false,false
2018,1,2,PSTU,PCO,"PSTU, PCO",2,44089,98264190,0.000448678201082205,0,0.0,0.23017191715517119,-0.23017191715517119,256.7698280828448,0.0,false,false,neither,false,0,0,false,false,false,false,false
2018,1,3,PSTU,PCB,"PSTU, PCO, PCB",3,105432,98264190,0.0010729442740025638,0,0.0,0.5504204125633153,-0.5504204125633153,256.4495795874367,0.0,false,false,neither,false,0,0,false,false,false,false,false
2018,1,4,PSTU,PSOL,"PSTU, PCO, PCB, PSOL",4,2889366,98264190,0.029404058589400674,10,0.01949317738791423,15.084282056362547,-5.084282056362547,241.91571794363745,0.662941727198876,false,false,neither,false,10,0,false,false,false,false,false
2018,1,5,PSTU,PCdoB,"PSTU, PCO, PCB, PSOL, PCdoB",5,4218941,98264190,0.042934674371202776,19,0.037037037037037035,22.025487952427024,-3.0254879524270244,234.97451204757297,0.8626369613712171,false,false,neither,false,19,10,false,false,false,false,false
2018,1,6,PSTU,PT,"PSTU, PCO, PCB, PSOL, PCdoB, PT",6,14345552,98264190,0.14598962246572225,75,0.14619883040935672,74.89267632491551,0.10732367508448704,182.1073236750845,1.001433032979338,false,false,neither,false,75,19,false,false,false,false,false
2018,1,7,PSTU,PDT,"PSTU, PCO, PCB, PSOL, PCdoB, PT, PDT",7,18907437,98264190,0.192414316955139,103,0.20077972709551656,98.7085445979863,4.291455402013696,158.2914554020137,1.0434760275262052,false,false,neither,false,103,75,false,false,false,false,false
2018,1,8,PSTU,PSB,"PSTU, PCO, PCB, PSOL, PCdoB, PT, PDT, PSB",8,24329435,98264190,0.2475920780499997,135,0.2631578947368421,127.01473603964985,7.985263960350153,129.98526396035015,1.0628687993955082,false,false,neither,false,135,103,false,false,false,false,false
2018,1,9,PSTU,REDE,"PSTU, PCO, PCB, PSOL, PCdoB, PT, PDT, PSB, REDE",9,25146219,98264190,0.25590420070627967,136,0.2651072124756335,131.27885496232147,4.721145037678525,125.72114503767853,1.0359627225499,false,false,neither,false,136,135,false,false,false,false,false
2018,1,10,PSTU,PPS,"PSTU, PCO, PCB, PSOL, PCdoB, PT, PDT, PSB, REDE, PPS",10,26736580,98264190,0.27208874362064145,144,0.2807017543859649,139.58152547738905,4.41847452261095,117.41847452261095,1.0316551528398843,false,false,neither,false,144,136,false,false,false,false,false
2018,1,11,PSTU,PV,"PSTU, PCO, PCB, PSOL, PCdoB, PT, PDT, PSB, REDE, PPS, PV",11,28329413,98264190,0.28829844320703196,148,0.2884990253411306,147.8971013652074,0.1028986347926093,109.10289863479261,1.0006957447701326,false,false,neither,false,148,144,false,false,false,false,false
2018,1,12,PSTU,PTB,"PSTU, PCO, PCB, PSOL, PCdoB, PT, PDT, PSB, REDE, PPS, PV, PTB",12,30352132,98264190,0.3088829409777865,158,0.3079922027290448,158.45694872160448,-0.4569487216044763,98.54305127839552,0.9971162594932501,false,false,neither,false,158,148,false,false,false,false,false
2018,1,13,PSTU,AVANTE,"PSTU, PCO, PCB, PSOL, PCdoB, PT, PDT, PSB, REDE, PPS, PV, PTB, AVANTE",13,32206147,98264190,0.327750597649052,165,0.3216374269005848,168.13605659396367,-3.136056593963673,88.86394340603633,0.9813481019033471,false,false,neither,false,165,158,false,false,false,false,false
2018,1,14,PSTU,SOLIDARIEDADE,"PSTU, PCO, PCB, PSOL, PCdoB, PT, PDT, PSB, REDE, PPS, PV, PTB, AVANTE, SOLIDARIEDADE",14,34159217,98264190,0.34762630211473783,178,0.3469785575048733,178.33229298486052,-0.3322929848605156,78.66770701513948,0.9981366639810507,false,false,neither,false,178,165,false,false,false,false,false
2018,1,15,PSTU,PMN,"PSTU, PCO, PCB, PSOL, PCdoB, PT, PDT, PSB, REDE, PPS, PV, PTB, AVANTE, SOLIDARIEDADE, PMN",15,34793672,98264190,0.3540829268526001,181,0.35282651072124754,181.64454147538387,-0.6445414753838747,75.35545852461613,0.9964516331173584,false,false,neither,false,181,178,false,false,false,false,false
2018,1,16,PSTU,PMB,"PSTU, PCO, PCB, PSOL, PCdoB, PT, PDT, PSB, REDE, PPS, PV, PTB, AVANTE, SOLIDARIEDADE, PMN, PMB",16,35021974,98264190,0.3564062757755394,181,0.35282651072124754,182.8364194728517,-1.836419472851702,74.1635805271483,0.9899559427047061,false,false,neither,false,181,181,false,false,false,false,false
2018,1,17,PSTU,PHS,"PSTU, PCO, PCB, PSOL, PCdoB, PT, PDT, PSB, REDE, PPS, PV, PTB, AVANTE, SOLIDARIEDADE, PMN, PMB, PHS",17,36450511,98264190,0.37094399292356656,187,0.3645224171539961,190.29426836978965,-3.2942683697896484,66.70573163021035,0.9826885570542353,false,false,neither,false,187,181,false,false,false,false,false
2018,1,18,PSTU,MDB,"PSTU, PCO, PCB, PSOL, PCdoB, PT, PDT, PSB, REDE, PPS, PV, PTB, AVANTE, SOLIDARIEDADE, PMN, PMB, PHS, MDB",18,41890415,98264190,0.42630397706427947,221,0.43079922027290446,218.69394023397538,2.3060597660246174,38.30605976602462,1.0105446898234007,false,false,neither,false,221,187,false,false,false,false,false
2018,1,19,PSTU,PSD,"PSTU, PCO, PCB, PSOL, PCdoB, PT, PDT, PSB, REDE, PPS, PV, PTB, AVANTE, SOLIDARIEDADE, PMN, PMB, PHS, MDB, PSD",19,47639425,98264190,0.48480962393319477,256,0.49902534113060426,248.7073370777289,7.2926629222710915,8.292662922271091,1.029322266918052,false,false,neither,false,256,221,false,false,false,false,false
2018,1,20,PSTU,PSDB,"PSTU, PCO, PCB, PSOL, PCdoB, PT, PDT, PSB, REDE, PPS, PV, PTB, AVANTE, SOLIDARIEDADE, PMN, PMB, PHS, MDB, PSD, PSDB",20,53531231,98264190,0.5447684553243659,286,0.557504873294347,279.4662175813997,6.53378241860031,-22.46621758139969,1.0233795071015952,true,true,votes+seats,false,286,256,false,false,false,false,true
2018,1,21,PSTU,PODE,"PSTU, PCO, PCB, PSOL, PCdoB, PT, PDT, PSB, REDE, PPS, PV, PTB, AVANTE, SOLIDARIEDADE, PMN, PMB, PHS, MDB, PSD, PSDB, PODE",21,55774551,98264190,0.5675979316575042,297,0.5789473684210527,291.17773894029966,5.822261059700338,-34.17773894029966,1.0199955569436374,true,true,votes+seats,false,297,286,false,false,false,false,false
2018,1,22,PSTU,PPL,"PSTU, PCO, PCB, PSOL, PCdoB, PT, PDT, PSB, REDE, PPS, PV, PTB, AVANTE, SOLIDARIEDADE, PMN, PMB, PHS, MDB, PSD, PSDB, PODE, PPL",22,56163968,98264190,0.5715608911038701,298,0.580896686159844,293.21073713628533,4.789262863714669,-36.21073713628533,1.0163338590888253,true,true,votes+seats,false,298,297,false,false,false,false,false
2018,1,23,PSTU,PRTB,"PSTU, PCO, PCB, PSOL, PCdoB, PT, PDT, PSB, REDE, PPS, PV, PTB, AVANTE, SOLIDARIEDADE, PMN, PMB, PHS, MDB, PSD, PSDB, PODE, PPL, PRTB",23,56848944,98264190,0.5785316502379961,298,0.580896686159844,296.786736572092,1.2132634279079753,-39.786736572092025,1.0040879974688939,true,true,votes+seats,false,298,298,false,false,false,false,false
2018,1,24,PSTU,PROS,"PSTU, PCO, PCB, PSOL, PCdoB, PT, PDT, PSB, REDE, PPS, PV, PTB, AVANTE, SOLIDARIEDADE, PMN, PMB, PHS, MDB, PSD, PSDB, PODE, PPL, PRTB, PROS",24,58893649,98264190,0.599339891775427,306,0.5964912280701754,307.46136448079403,-1.4613644807940318,-50.46136448079403,0.995246997998393,true,true,votes+seats,false,306,298,false,false,false,false,false
2018,1,25,PSTU,PRP,"PSTU, PCO, PCB, PSOL, PCdoB, PT, PDT, PSB, REDE, PPS, PV, PTB, AVANTE, SOLIDARIEDADE, PMN, PMB, PHS, MDB, PSD, PSDB, PODE, PPL, PRTB, PROS, PRP",25,59746643,98264190,0.6080205108290212,310,0.6042884990253411,311.9145220552879,-1.9145220552878754,-54.914522055287875,0.9938620297552272,true,true,votes+seats,false,310,306,false,false,false,false,false
2018,1,26,PSTU,PR,"PSTU, PCO, PCB, PSOL, PCdoB, PT, PDT, PSB, REDE, PPS, PV, PTB, AVANTE, SOLIDARIEDADE, PMN, PMB, PHS, MDB, PSD, PSDB, PODE, PPL, PRTB, PROS, PRP, PR",26,64971234,98264190,0.6611893305180656,343,0.6686159844054581,339.1901265557677,3.8098734442323234,-82.19012655576768,1.0112322651691512,true,true,votes+seats,false,343,310,false,false,false,false,false
2018,1,27,PSTU,PRB,"PSTU, PCO, PCB, PSOL, PCdoB, PT, PDT, PSB, REDE, PPS, PV, PTB, AVANTE, SOLIDARIEDADE, PMN, PMB, PHS, MDB, PSD, PSDB, PODE, PPL, PRTB, PROS, PRP, PR, PRB",27,69955762,98264190,0.7119151137357362,372,0.7251461988304093,365.2124533464327,6.78754665356729,-108.21245334643271,1.0185852004535256,true,true,votes+seats,false,372,343,false,false,false,false,false
2018,1,28,PSTU,PTC,"PSTU, PCO, PCB, PSOL, PCdoB, PT, PDT, PSB, REDE, PPS, PV, PTB, AVANTE, SOLIDARIEDADE, PMN, PMB, PHS, MDB, PSD, PSDB, PODE, PPL, PRTB, PROS, PRP, PR, PRB, PTC",28,70557576,98264190,0.7180395625303582,374,0.7290448343079922,368.35429557807373,5.645704421926268,-111.35429557807373,1.0153268320464846,true,true,votes+seats,false,374,372,false,false,false,false,false
2018,1,29,PSTU,DC,"PSTU, PCO, PCB, PSOL, PCdoB, PT, PDT, PSB, REDE, PPS, PV, PTB, AVANTE, SOLIDARIEDADE, PMN, PMB, PHS, MDB, PSD, PSDB, PODE, PPL, PRTB, PROS, PRP, PR, PRB, PTC, DC",29,70939310,98264190,0.7219243347958193,375,0.7309941520467836,370.3471837502553,4.652816249744717,-113.34718375025528,1.0125633903912237,true,true,votes+seats,false,375,374,false,false,false,false,false
2018,1,30,PSTU,PSL,"PSTU, PCO, PCB, PSOL, PCdoB, PT, PDT, PSB, REDE, PPS, PV, PTB, AVANTE, SOLIDARIEDADE, PMN, PMB, PHS, MDB, PSD, PSDB, PODE, PPL, PRTB, PROS, PRP, PR, PRB, PTC, DC, PSL",30,82374311,98264190,0.8382943063999204,427,0.8323586744639376,430.04497918315917,-3.044979183159171,-173.04497918315917,0.9929193937133206,true,true,votes+seats,false,427,375,false,false,false,false,false
2018,1,31,PSTU,NOVO,"PSTU, PCO, PCB, PSOL, PCdoB, PT, PDT, PSB, REDE, PPS, PV, PTB, AVANTE, SOLIDARIEDADE, PMN, PMB, PHS, MDB, PSD, PSDB, PODE, PPL, PRTB, PROS, PRP, PR, PRB, PTC, DC, PSL, NOVO",31,85122390,98264190,0.8662605370277819,435,0.847953216374269,444.3916554952521,-9.39165549525211,-187.3916554952521,0.9788662649734375,true,true,votes+seats,false,435,427,false,false,false,false,false
2018,1,32,PSTU,PP,"PSTU, PCO, PCB, PSOL, PCdoB, PT, PDT, PSB, REDE, PPS, PV, PTB, AVANTE, SOLIDARIEDADE, PMN, PMB, PHS, MDB, PSD, PSDB, PODE, PPL, PRTB, PROS, PRP, PR, PRB, PTC, DC, PSL, NOVO, PP",32,90530968,98264190,0.9213017275164025,472,0.9200779727095516,472.62778621591445,-0.6277862159144547,-215.62778621591445,0.9986717111557473,true,true,votes+seats,false,472,435,false,false,false,false,false
2018,1,33,PSTU,PSC,"PSTU, PCO, PCB, PSOL, PCdoB, PT, PDT, PSB, REDE, PPS, PV, PTB, AVANTE, SOLIDARIEDADE, PMN, PMB, PHS, MDB, PSD, PSDB, PODE, PPL, PRTB, PROS, PRP, PR, PRB, PTC, DC, PSL, NOVO, PP, PSC",33,92250722,98264190,0.9388030573497833,479,0.9337231968810916,481.60596842043884,-2.605968420438842,-224.60596842043884,0.9945890030620138,true,true,votes+seats,false,479,472,false,false,false,false,false
2018,1,34,PSTU,PATRIOTA,"PSTU, PCO, PCB, PSOL, PCdoB, PT, PDT, PSB, REDE, PPS, PV, PTB, AVANTE, SOLIDARIEDADE, PMN, PMB, PHS, MDB, PSD, PSDB, PODE, PPL, PRTB, PROS, PRP, PR, PRB, PTC, DC, PSL, NOVO, PP, PSC, PATRIOTA",34,93683026,98264190,0.953379109928042,484,0.9434697855750487,489.08348339308554,-5.083483393085544,-232.08348339308554,0.9896061029135187,true,true,votes+seats,false,484,479,false,false,false,false,false
2018,1,35,PSTU,DEM,"PSTU, PCO, PCB, PSOL, PCdoB, PT, PDT, PSB, REDE, PPS, PV, PTB, AVANTE, SOLIDARIEDADE, PMN, PMB, PHS, MDB, PSD, PSDB, PODE, PPL, PRTB, PROS, PRP, PR, PRB, PTC, DC, PSL, NOVO, PP, PSC, PATRIOTA, DEM",35,98264190,98264190,1.0,513,1.0,513.0,0.0,-256.0,1.0,true,true,votes+seats,false,513,484,false,false,false,false,false
2018,2,2,PCO,PCO,PCO,1,2785,98264190,2.8341962621378142e-5,0,0.0,0.014539426824766987,-0.014539426824766987,256.98546057317526,0.0,false,false,neither,false,0,0,false,false,false,false,false
2018,2,3,PCO,PCB,"PCO, PCB",2,64128,98264190,0.000652608035541737,0,0.0,0.3347879222329111,-0.3347879222329111,256.6652120777671,0.0,false,false,neither,false,0,0,false,false,false,false,false
2018,2,4,PCO,PSOL,"PCO, PCB, PSOL",3,2848062,98264190,0.02898372235093985,10,0.01949317738791423,14.868649566032143,-4.868649566032143,242.13135043396787,0.6725560351388795,false,false,neither,false,10,0,false,false,false,false,false
2018,2,5,PCO,PCdoB,"PCO, PCB, PSOL, PCdoB",4,4177637,98264190,0.04251433813274195,19,0.037037037037037035,21.809855462096618,-2.8098554620966176,235.1901445379034,0.871165791677076,false,false,neither,false,19,10,false,false,false,false,false
2018,2,6,PCO,PT,"PCO, PCB, PSOL, PCdoB, PT",5,14304248,98264190,0.14556928622726142,75,0.14619883040935672,74.6770438345851,0.3229561654148938,182.3229561654149,1.0043247047396555,false,false,neither,false,75,19,false,false,false,false,false
2018,2,7,PCO,PDT,"PCO, PCB, PSOL, PCdoB, PT, PDT",6,18866133,98264190,0.19199398071667817,103,0.20077972709551656,98.4929121076559,4.507087892344103,158.5070878923441,1.0457605303356012,false,false,neither,false,103,75,false,false,false,false,false
2018,2,8,PCO,PSB,"PCO, PCB, PSOL, PCdoB, PT, PDT, PSB",7,24288131,98264190,0.24717174181153886,135,0.2631578947368421,126.79910354931944,8.20089645068056,130.20089645068055,1.0646762967649117,false,false,neither,false,135,103,false,false,false,false,false
2018,2,9,PCO,REDE,"PCO, PCB, PSOL, PCdoB, PT, PDT, PSB, REDE",8,25104915,98264190,0.25548386446781884,136,0.2651072124756335,131.06322247199105,4.936777528008946,125.93677752800895,1.037667145938396,false,false,neither,false,136,135,false,false,false,false,false
2018,2,10,PCO,PPS,"PCO, PCB, PSOL, PCdoB, PT, PDT, PSB, REDE, PPS",9,26695276,98264190,0.2716684073821806,144,0.2807017543859649,139.36589298705866,4.634107012941342,117.63410701294134,1.033251371003461,false,false,neither,false,144,136,false,false,false,false,false
2018,2,11,PCO,PV,"PCO, PCB, PSOL, PCdoB, PT, PDT, PSB, REDE, PPS, PV",10,28288109,98264190,0.28787810696857113,148,0.2884990253411306,147.681468874877,0.31853112512300186,109.318531125123,1.0021568794483815,false,false,neither,false,148,144,false,false,false,false,false
2018,2,12,PCO,PTB,"PCO, PCB, PSOL, PCdoB, PT, PDT, PSB, REDE, PPS, PV, PTB",11,30310828,98264190,0.3084626047393257,158,0.3079922027290448,158.24131623127408,-0.24131623127408375,98.75868376872592,0.9984750112232295,false,false,neither,false,158,148,false,false,false,false,false
2018,2,13,PCO,AVANTE,"PCO, PCB, PSOL, PCdoB, PT, PDT, PSB, REDE, PPS, PV, PTB, AVANTE",12,32164843,98264190,0.3273302614105912,165,0.3216374269005848,167.92042410363328,-2.9204241036332803,89.07957589636672,0.982608285327871,false,false,neither,false,165,158,false,false,false,false,false
2018,2,14,PCO,SOLIDARIEDADE,"PCO, PCB, PSOL, PCdoB, PT, PDT, PSB, REDE, PPS, PV, PTB, AVANTE, SOLIDARIEDADE",13,34117913,98264190,0.347205965876277,178,0.3469785575048733,178.1166604945301,-0.11666049453009464,78.8833395054699,0.9993450332259419,false,false,neither,false,178,165,false,false,false,false,false
2018,2,15,PCO,PMN,"PCO, PCB, PSOL, PCdoB, PT, PDT, PSB, REDE, PPS, PV, PTB, AVANTE, SOLIDARIEDADE, PMN",14,34752368,98264190,0.3536625906141393,181,0.35282651072124754,181.42890898505345,-0.42890898505345376,75.57109101494655,0.9976359391264995,false,false,neither,false,181,178,false,false,false,false,false
2018,2,16,PCO,PMB,"PCO, PCB, PSOL, PCdoB, PT, PDT, PSB, REDE, PPS, PV, PTB, AVANTE, SOLIDARIEDADE, PMN, PMB",15,34980670,98264190,0.3559859395370786,181,0.35282651072124754,182.6207869825213,-1.6207869825213095,74.37921301747869,0.9911248494254028,false,false,neither,false,181,181,false,false,false,false,false
2018,2,17,PCO,PHS,"PCO, PCB, PSOL, PCdoB, PT, PDT, PSB, REDE, PPS, PV, PTB, AVANTE, SOLIDARIEDADE, PMN, PMB, PHS",16,36409207,98264190,0.37052365668510573,187,0.3645224171539961,190.07863587945923,-3.0786358794592275,66.92136412054077,0.9838033566201959,false,false,neither,false,187,181,false,false,false,false,false
2018,2,18,PCO,MDB,"PCO, PCB, PSOL, PCdoB, PT, PDT, PSB, REDE, PPS, PV, PTB, AVANTE, SOLIDARIEDADE, PMN, PMB, PHS, MDB",17,41849111,98264190,0.42588364082581864,221,0.43079922027290446,218.47830774364496,2.5216922563550384,38.52169225635504,1.0115420715328585,false,false,neither,false,221,187,false,false,false,false,false
2018,2,19,PCO,PSD,"PCO, PCB, PSOL, PCdoB, PT, PDT, PSB, REDE, PPS, PV, PTB, AVANTE, SOLIDARIEDADE, PMN, PMB, PHS, MDB, PSD",18,47598121,98264190,0.48438928769473394,256,0.49902534113060426,248.49170458739852,7.508295412601484,8.508295412601484,1.0302154771124792,false,false,neither,false,256,221,false,false,false,false,false
2018,2,20,PCO,PSDB,"PCO, PCB, PSOL, PCdoB, PT, PDT, PSB, REDE, PPS, PV, PTB, AVANTE, SOLIDARIEDADE, PMN, PMB, PHS, MDB, PSD, PSDB",19,53489927,98264190,0.5443481190859051,286,0.557504873294347,279.2505850910693,6.749414908930703,-22.250585091069297,1.0241697431241892,true,true,votes+seats,false,286,256,false,false,false,false,true
2018,2,21,PCO,PODE,"PCO, PCB, PSOL, PCdoB, PT, PDT, PSB, REDE, PPS, PV, PTB, AVANTE, SOLIDARIEDADE, PMN, PMB, PHS, MDB, PSD, PSDB, PODE",20,55733247,98264190,0.5671775954190433,297,0.5789473684210527,290.9621064499692,6.0378935500307875,-33.96210644996921,1.0207514773098778,true,true,votes+seats,false,297,286,false,false,false,false,false
2018,2,22,PCO,PPL,"PCO, PCB, PSOL, PCdoB, PT, PDT, PSB, REDE, PPS, PV, PTB, AVANTE, SOLIDARIEDADE, PMN, PMB, PHS, MDB, PSD, PSDB, PODE, PPL",21,56122664,98264190,0.5711405548654093,298,0.580896686159844,292.99510464595494,5.004895354045061,-35.99510464595494,1.017081839507499,true,true,votes+seats,false,298,297,false,false,false,false,false
2018,2,23,PCO,PRTB,"PCO, PCB, PSOL, PCdoB, PT, PDT, PSB, REDE, PPS, PV, PTB, AVANTE, SOLIDARIEDADE, PMN, PMB, PHS, MDB, PSD, PSDB, PODE, PPL, PRTB",22,56807640,98264190,0.5781113139995353,298,0.580896686159844,296.57110408176163,1.4288959182383678,-39.57110408176163,1.0048180550922603,true,true,votes+seats,false,298,298,false,false,false,false,false
2018,2,24,PCO,PROS,"PCO, PCB, PSOL, PCdoB, PT, PDT, PSB, REDE, PPS, PV, PTB, AVANTE, SOLIDARIEDADE, PMN, PMB, PHS, MDB, PSD, PSDB, PODE, PPL, PRTB, PROS",23,58852345,98264190,0.5989195555369662,306,0.5964912280701754,307.24573199046364,-1.2457319904636392,-50.24573199046364,0.9959454864274492,true,true,votes+seats,false,306,298,false,false,false,false,false
2018,2,25,PCO,PRP,"PCO, PCB, PSOL, PCdoB, PT, PDT, PSB, REDE, PPS, PV, PTB, AVANTE, SOLIDARIEDADE, PMN, PMB, PHS, MDB, PSD, PSDB, PODE, PPL, PRTB, PROS, PRP",24,59705339,98264190,0.6076001745905604,310,0.6042884990253411,311.6988895649575,-1.698889564957483,-54.69888956495748,0.9945495809518967,true,true,votes+seats,false,310,306,false,false,false,false,false
2018,2,26,PCO,PR,"PCO, PCB, PSOL, PCdoB, PT, PDT, PSB, REDE, PPS, PV, PTB, AVANTE, SOLIDARIEDADE, PMN, PMB, PHS, MDB, PSD, PSDB, PODE, PPL, PRTB, PROS, PRP, PR",25,64929930,98264190,0.6607689942796048,343,0.6686159844054581,338.9744940654372,4.025505934562773,-81.97449406543723,1.0118755422754186,true,true,votes+seats,false,343,310,false,false,false,false,false
2018,2,27,PCO,PRB,"PCO, PCB, PSOL, PCdoB, PT, PDT, PSB, REDE, PPS, PV, PTB, AVANTE, SOLIDARIEDADE, PMN, PMB, PHS, MDB, PSD, PSDB, PODE, PPL, PRTB, PROS, PRP, PR, PRB",26,69914458,98264190,0.7114947774972754,372,0.7251461988304093,364.99682085610226,7.003179143897739,-107.99682085610226,1.019186959293157,true,true,votes+seats,false,372,343,false,false,false,false,false
2018,2,28,PCO,PTC,"PCO, PCB, PSOL, PCdoB, PT, PDT, PSB, REDE, PPS, PV, PTB, AVANTE, SOLIDARIEDADE, PMN, PMB, PHS, MDB, PSD, PSDB, PODE, PPL, PRTB, PROS, PRP, PR, PRB, PTC",27,70516272,98264190,0.7176192262918973,374,0.7290448343079922,368.13866308774334,5.861336912256661,-111.13866308774334,1.0159215466886717,true,true,votes+seats,false,374,372,false,false,false,false,false
2018,2,29,PCO,DC,"PCO, PCB, PSOL, PCdoB, PT, PDT, PSB, REDE, PPS, PV, PTB, AVANTE, SOLIDARIEDADE, PMN, PMB, PHS, MDB, PSD, PSDB, PODE, PPL, PRTB, PROS, PRP, PR, PRB, PTC, DC",28,70898006,98264190,0.7215039985573585,375,0.7309941520467836,370.1315512599249,4.8684487400751095,-113.13155125992489,1.0131532929940799,true,true,votes+seats,false,375,374,false,false,false,false,false
2018,2,30,PCO,PSL,"PCO, PCB, PSOL, PCdoB, PT, PDT, PSB, REDE, PPS, PV, PTB, AVANTE, SOLIDARIEDADE, PMN, PMB, PHS, MDB, PSD, PSDB, PODE, PPL, PRTB, PROS, PRP, PR, PRB, PTC, DC, PSL",29,82333007,98264190,0.8378739701614596,427,0.8323586744639376,429.8293466928288,-2.8293466928287785,-172.82934669282878,0.9934175115901271,true,true,votes+seats,false,427,375,false,false,false,false,false
2018,2,31,PCO,NOVO,"PCO, PCB, PSOL, PCdoB, PT, PDT, PSB, REDE, PPS, PV, PTB, AVANTE, SOLIDARIEDADE, PMN, PMB, PHS, MDB, PSD, PSDB, PODE, PPL, PRTB, PROS, PRP, PR, PRB, PTC, DC, PSL, NOVO",30,85081086,98264190,0.8658402007893211,435,0.847953216374269,444.1760230049217,-9.176023004921717,-187.17602300492172,0.9793414715570542,true,true,votes+seats,false,435,427,false,false,false,false,false
2018,2,32,PCO,PP,"PCO, PCB, PSOL, PCdoB, PT, PDT, PSB, REDE, PPS, PV, PTB, AVANTE, SOLIDARIEDADE, PMN, PMB, PHS, MDB, PSD, PSDB, PODE, PPL, PRTB, PROS, PRP, PR, PRB, PTC, DC, PSL, NOVO, PP",31,90489664,98264190,0.9208813912779417,472,0.9200779727095516,472.41215372558406,-0.41215372558406216,-215.41215372558406,0.9991275547795845,true,true,votes+seats,false,472,435,false,false,false,false,false
2018,2,33,PCO,PSC,"PCO, PCB, PSOL, PCdoB, PT, PDT, PSB, REDE, PPS, PV, PTB, AVANTE, SOLIDARIEDADE, PMN, PMB, PHS, MDB, PSD, PSDB, PODE, PPL, PRTB, PROS, PRP, PR, PRB, PTC, DC, PSL, NOVO, PP, PSC",32,92209418,98264190,0.9383827211113225,479,0.9337231968810916,481.39033593010845,-2.3903359301084492,-224.39033593010845,0.9950345161676543,true,true,votes+seats,false,479,472,false,false,false,false,false
2018,2,34,PCO,PATRIOTA,"PCO, PCB, PSOL, PCdoB, PT, PDT, PSB, REDE, PPS, PV, PTB, AVANTE, SOLIDARIEDADE, PMN, PMB, PHS, MDB, PSD, PSDB, PODE, PPL, PRTB, PROS, PRP, PR, PRB, PTC, DC, PSL, NOVO, PP, PSC, PATRIOTA",33,93641722,98264190,0.9529587736895812,484,0.9434697855750487,488.86785090275515,-4.867850902755151,-231.86785090275515,0.990042603755256,true,true,votes+seats,false,484,479,false,false,false,false,false
2018,2,35,PCO,DEM,"PCO, PCB, PSOL, PCdoB, PT, PDT, PSB, REDE, PPS, PV, PTB, AVANTE, SOLIDARIEDADE, PMN, PMB, PHS, MDB, PSD, PSDB, PODE, PPL, PRTB, PROS, PRP, PR, PRB, PTC, DC, PSL, NOVO, PP, PSC, PATRIOTA, DEM",34,98222886,98264190,0.9995796637615392,513,1.0,512.7843675096696,0.2156324903304494,-255.78436750966955,1.0004205129953117,true,true,votes+seats,false,513,484,false,false,false,false,false
2018,3,3,PCB,PCB,PCB,1,61343,98264190,0.0006242660729203588,0,0.0,0.3202484954081441,-0.3202484954081441,256.6797515045919,0.0,false,false,neither,false,0,0,false,false,false,false,false
2018,3,4,PCB,PSOL,"PCB, PSOL",2,2845277,98264190,0.02895538038831847,10,0.01949317738791423,14.854110139207375,-4.854110139207375,242.14588986079264,0.6732143431200925,false,false,neither,false,10,0,false,false,false,false,false
2018,3,5,PCB,PCdoB,"PCB, PSOL, PCdoB",3,4174852,98264190,0.04248599617012057,19,0.037037037037037035,21.795316035271853,-2.7953160352718527,235.20468396472813,0.8717469372433908,false,false,neither,false,19,10,false,false,false,false,false
2018,3,6,PCB,PT,"PCB, PSOL, PCdoB, PT",4,14301463,98264190,0.14554094426464004,75,0.14619883040935672,74.66250440776034,0.3374955922396623,182.33749559223966,1.0045202822342587,false,false,neither,false,75,19,false,false,false,false,false
2018,3,7,PCB,PDT,"PCB, PSOL, PCdoB, PT, PDT",5,18863348,98264190,0.19196563875405678,103,0.20077972709551656,98.47837268083113,4.521627319168871,158.52162731916889,1.045914927268584,false,false,neither,false,103,75,false,false,false,false,false
2018,3,8,PCB,PSB,"PCB, PSOL, PCdoB, PT, PDT, PSB",6,24285346,98264190,0.2471433998489175,135,0.2631578947368421,126.78456412249469,8.215435877505314,130.2154358775053,1.064798391936481,false,false,neither,false,135,103,false,false,false,false,false
2018,3,9,PCB,REDE,"PCB, PSOL, PCdoB, PT, PDT, PSB, REDE",7,25102130,98264190,0.2554555225051975,136,0.2651072124756335,131.0486830451663,4.951316954833686,125.95131695483369,1.037782271746502,false,false,neither,false,136,135,false,false,false,false,false
2018,3,10,PCB,PPS,"PCB, PSOL, PCdoB, PT, PDT, PSB, REDE, PPS",8,26692491,98264190,0.27164006541955926,144,0.2807017543859649,139.3513535602339,4.648646439766111,117.64864643976611,1.0333591767930461,false,false,neither,false,144,136,false,false,false,false,false
2018,3,11,PCB,PV,"PCB, PSOL, PCdoB, PT, PDT, PSB, REDE, PPS, PV",9,28285324,98264190,0.2878497650059498,148,0.2884990253411306,147.66692944805223,0.33307055194777035,109.33307055194777,1.0022555527713126,false,false,neither,false,148,144,false,false,false,false,false
2018,3,12,PCB,PTB,"PCB, PSOL, PCdoB, PT, PDT, PSB, REDE, PPS, PV, PTB",10,30308043,98264190,0.3084342627767043,158,0.3079922027290448,158.22677680444932,-0.22677680444931525,98.77322319555068,0.9985667608919975,false,false,neither,false,158,148,false,false,false,false,false
2018,3,13,PCB,AVANTE,"PCB, PSOL, PCdoB, PT, PDT, PSB, REDE, PPS, PV, PTB, AVANTE",11,32162058,98264190,0.3273019194479698,165,0.3216374269005848,167.9058846768085,-2.905884676808512,89.09411532319149,0.9826933720494557,false,false,neither,false,165,158,false,false,false,false,false
2018,3,14,PCB,SOLIDARIEDADE,"PCB, PSOL, PCdoB, PT, PDT, PSB, REDE, PPS, PV, PTB, AVANTE, SOLIDARIEDADE",12,34115128,98264190,0.34717762391365564,178,0.3469785575048733,178.10212106770535,-0.10212106770535456,78.89787893229465,0.9994266150953557,false,false,neither,false,178,165,false,false,false,false,false
2018,3,15,PCB,PMN,"PCB, PSOL, PCdoB, PT, PDT, PSB, REDE, PPS, PV, PTB, AVANTE, SOLIDARIEDADE, PMN",13,34749583,98264190,0.35363424865151794,181,0.35282651072124754,181.4143695582287,-0.4143695582287137,75.58563044177129,0.9977158945058334,false,false,neither,false,181,178,false,false,false,false,false
2018,3,16,PCB,PMB,"PCB, PSOL, PCdoB, PT, PDT, PSB, REDE, PPS, PV, PTB, AVANTE, SOLIDARIEDADE, PMN, PMB",14,34977885,98264190,0.35595759757445716,181,0.35282651072124754,182.6062475556965,-1.6062475556965126,74.39375244430349,0.9912037645086235,false,false,neither,false,181,181,false,false,false,false,false
2018,3,17,PCB,PHS,"PCB, PSOL, PCdoB, PT, PDT, PSB, REDE, PPS, PV, PTB, AVANTE, SOLIDARIEDADE, PMN, PMB, PHS",15,36406422,98264190,0.37049531472248437,187,0.3645224171539961,190.0640964526345,-3.0640964526344874,66.93590354736551,0.9838786151102553,false,false,neither,false,187,181,false,false,false,false,false
2018,3,18,PCB,MDB,"PCB, PSOL, PCdoB, PT, PDT, PSB, REDE, PPS, PV, PTB, AVANTE, SOLIDARIEDADE, PMN, PMB, PHS, MDB",16,41846326,98264190,0.4258552988631973,221,0.43079922027290446,218.4637683168202,2.536231683179807,38.53623168317981,1.0116093927277758,false,false,neither,false,221,187,false,false,false,false,false
2018,3,19,PCB,PSD,"PCB, PSOL, PCdoB, PT, PDT, PSB, REDE, PPS, PV, PTB, AVANTE, SOLIDARIEDADE, PMN, PMB, PHS, MDB, PSD",17,47595336,98264190,0.4843609457321126,256,0.49902534113060426,248.47716516057375,7.5228348394262525,8.522834839426253,1.0302757592818026,false,false,neither,false,256,221,false,false,false,false,false
2018,3,20,PCB,PSDB,"PCB, PSOL, PCdoB, PT, PDT, PSB, REDE, PPS, PV, PTB, AVANTE, SOLIDARIEDADE, PMN, PMB, PHS, MDB, PSD, PSDB",18,53487142,98264190,0.5443197771232837,286,0.557504873294347,279.23604566424456,6.763954335755443,-22.236045664244557,1.02422307019735,true,true,votes+seats,false,286,256,false,false,false,false,true
2018,3,21,PCB,PODE,"PCB, PSOL, PCdoB, PT, PDT, PSB, REDE, PPS, PV, PTB, AVANTE, SOLIDARIEDADE, PMN, PMB, PHS, MDB, PSD, PSDB, PODE",19,55730462,98264190,0.5671492534564219,297,0.5789473684210527,290.9475670231444,6.0524329768555845,-33.947567023144416,1.0208024869868533,true,true,votes+seats,false,297,286,false,false,false,false,false
2018,3,22,PCB,PPL,"PCB, PSOL, PCdoB, PT, PDT, PSB, REDE, PPS, PV, PTB, AVANTE, SOLIDARIEDADE, PMN, PMB, PHS, MDB, PSD, PSDB, PODE, PPL",20,56119879,98264190,0.5711122129027879,298,0.580896686159844,292.9805652191302,5.019434780869801,-35.9805652191302,1.0171323131181607,true,true,votes+seats,false,298,297,false,false,false,false,false
2018,3,23,PCB,PRTB,"PCB, PSOL, PCdoB, PT, PDT, PSB, REDE, PPS, PV, PTB, AVANTE, SOLIDARIEDADE, PMN, PMB, PHS, MDB, PSD, PSDB, PODE, PPL, PRTB",21,56804855,98264190,0.578082972036914,298,0.580896686159844,296.55656465493684,1.4434353450631647,-39.556564654936835,1.004867318808952,true,true,votes+seats,false,298,298,false,false,false,false,false
2018,3,24,PCB,PROS,"PCB, PSOL, PCdoB, PT, PDT, PSB, REDE, PPS, PV, PTB, AVANTE, SOLIDARIEDADE, PMN, PMB, PHS, MDB, PSD, PSDB, PODE, PPL, PRTB, PROS",22,58849560,98264190,0.5988912135743448,306,0.5964912280701754,307.2311925636389,-1.2311925636388992,-50.2311925636389,0.9959926186095708,true,true,votes+seats,false,306,298,false,false,false,false,false
2018,3,25,PCB,PRP,"PCB, PSOL, PCdoB, PT, PDT, PSB, REDE, PPS, PV, PTB, AVANTE, SOLIDARIEDADE, PMN, PMB, PHS, MDB, PSD, PSDB, PODE, PPL, PRTB, PROS, PRP",23,59702554,98264190,0.607571832627939,310,0.6042884990253411,311.6843501381327,-1.684350138132686,-54.684350138132686,0.994595974621805,true,true,votes+seats,false,310,306,false,false,false,false,false
2018,3,26,PCB,PR,"PCB, PSOL, PCdoB, PT, PDT, PSB, REDE, PPS, PV, PTB, AVANTE, SOLIDARIEDADE, PMN, PMB, PHS, MDB, PSD, PSDB, PODE, PPL, PRTB, PROS, PRP, PR",24,64927145,98264190,0.6607406523169834,343,0.6686159844054581,338.9599546386125,4.040045361387513,-81.95995463861249,1.0119189458993612,true,true,votes+seats,false,343,310,false,false,false,false,false
2018,3,27,PCB,PRB,"PCB, PSOL, PCdoB, PT, PDT, PSB, REDE, PPS, PV, PTB, AVANTE, SOLIDARIEDADE, PMN, PMB, PHS, MDB, PSD, PSDB, PODE, PPL, PRTB, PROS, PRP, PR, PRB",25,69911673,98264190,0.711466435534654,372,0.7251461988304093,364.9822814292775,7.017718570722479,-107.98228142927752,1.0192275596043758,true,true,votes+seats,false,372,343,false,false,false,false,false
2018,3,28,PCB,PTC,"PCB, PSOL, PCdoB, PT, PDT, PSB, REDE, PPS, PV, PTB, AVANTE, SOLIDARIEDADE, PMN, PMB, PHS, MDB, PSD, PSDB, PODE, PPL, PRTB, PROS, PRP, PR, PRB, PTC",26,70513487,98264190,0.717590884329276,374,0.7290448343079922,368.1241236609186,5.875876339081401,-111.1241236609186,1.0159616715162456,true,true,votes+seats,false,374,372,false,false,false,false,false
2018,3,29,PCB,DC,"PCB, PSOL, PCdoB, PT, PDT, PSB, REDE, PPS, PV, PTB, AVANTE, SOLIDARIEDADE, PMN, PMB, PHS, MDB, PSD, PSDB, PODE, PPL, PRTB, PROS, PRP, PR, PRB, PTC, DC",27,70895221,98264190,0.7214756565947371,375,0.7309941520467836,370.11701183310015,4.88298816689985,-113.11701183310015,1.0131930930240562,true,true,votes+seats,false,375,374,false,false,false,false,false
2018,3,30,PCB,PSL,"PCB, PSOL, PCdoB, PT, PDT, PSB, REDE, PPS, PV, PTB, AVANTE, SOLIDARIEDADE, PMN, PMB, PHS, MDB, PSD, PSDB, PODE, PPL, PRTB, PROS, PRP, PR, PRB, PTC, DC, PSL",28,82330222,98264190,0.8378456281988382,427,0.8323586744639376,429.81480726600404,-2.8148072660040384,-172.81480726600404,0.9934511161122888,true,true,votes+seats,false,427,375,false,false,false,false,false
2018,3,31,PCB,NOVO,"PCB, PSOL, PCdoB, PT, PDT, PSB, REDE, PPS, PV, PTB, AVANTE, SOLIDARIEDADE, PMN, PMB, PHS, MDB, PSD, PSDB, PODE, PPL, PRTB, PROS, PRP, PR, PRB, PTC, DC, PSL, NOVO",29,85078301,98264190,0.8658118588266998,435,0.847953216374269,444.161483578097,-9.161483578096977,-187.16148357809698,0.979373529860596,true,true,votes+seats,false,435,427,false,false,false,false,false
2018,3,32,PCB,PP,"PCB, PSOL, PCdoB, PT, PDT, PSB, REDE, PPS, PV, PTB, AVANTE, SOLIDARIEDADE, PMN, PMB, PHS, MDB, PSD, PSDB, PODE, PPL, PRTB, PROS, PRP, PR, PRB, PTC, DC, PSL, NOVO, PP",30,90486879,98264190,0.9208530493153203,472,0.9200779727095516,472.3976142987593,-0.3976142987593221,-215.39761429875932,0.9991583058704698,true,true,votes+seats,false,472,435,false,false,false,false,false
2018,3,33,PCB,PSC,"PCB, PSOL, PCdoB, PT, PDT, PSB, REDE, PPS, PV, PTB, AVANTE, SOLIDARIEDADE, PMN, PMB, PHS, MDB, PSD, PSDB, PODE, PPL, PRTB, PROS, PRP, PR, PRB, PTC, DC, PSL, NOVO, PP, PSC",31,92206633,98264190,0.9383543791487011,479,0.9337231968810916,481.37579650328365,-2.3757965032836523,-224.37579650328365,0.9950645700915138,true,true,votes+seats,false,479,472,false,false,false,false,false
2018,3,34,PCB,PATRIOTA,"PCB, PSOL, PCdoB, PT, PDT, PSB, REDE, PPS, PV, PTB, AVANTE, SOLIDARIEDADE, PMN, PMB, PHS, MDB, PSD, PSDB, PODE, PPL, PRTB, PROS, PRP, PR, PRB, PTC, DC, PSL, NOVO, PP, PSC, PATRIOTA",32,93638937,98264190,0.9529304317269598,484,0.9434697855750487,488.85331147593035,-4.853311475930354,-231.85331147593035,0.9900720495044262,true,true,votes+seats,false,484,479,false,false,false,false,false
2018,3,35,PCB,DEM,"PCB, PSOL, PCdoB, PT, PDT, PSB, REDE, PPS, PV, PTB, AVANTE, SOLIDARIEDADE, PMN, PMB, PHS, MDB, PSD, PSDB, PODE, PPL, PRTB, PROS, PRP, PR, PRB, PTC, DC, PSL, NOVO, PP, PSC, PATRIOTA, DEM",33,98220101,98264190,0.9995513217989178,513,1.0,512.7698280828448,0.23017191715518948,-255.7698280828448,1.0004488796035753,true,true,votes+seats,false,513,484,false,false,false,false,false
2018,4,4,PSOL,PSOL,PSOL,1,2783934,98264190,0.02833111431539811,10,0.01949317738791423,14.53386164379923,-4.533861643799231,242.46613835620076,0.688048382809976,false,false,neither,false,0,0,false,false,false,false,false
2018,4,5,PSOL,PCdoB,"PSOL, PCdoB",2,4113509,98264190,0.04186173009720021,19,0.037037037037037035,21.47506753986371,-2.4750675398637085,235.52493246013628,0.8847469263940942,false,false,neither,false,9,10,false,false,false,false,false
2018,4,6,PSOL,PT,"PSOL, PCdoB, PT",3,14240120,98264190,0.1449166781917197,75,0.14619883040935672,74.3422559123522,0.6577440876477993,182.6577440876478,1.008847513161603,false,false,neither,false,65,19,false,false,false,false,false
2018,4,7,PSOL,PDT,"PSOL, PCdoB, PT, PDT",4,18802005,98264190,0.19134137268113643,103,0.20077972709551656,98.15812418542299,4.841875814577008,158.841875814577,1.0493273058624326,false,false,neither,false,93,75,false,false,false,false,false
2018,4,8,PSOL,PSB,"PSOL, PCdoB, PT, PDT, PSB",5,24224003,98264190,0.24651913377599713,135,0.2631578947368421,126.46431562708652,8.53568437291348,130.53568437291347,1.0674948053969882,false,false,neither,false,125,103,false,false,false,false,false
2018,4,9,PSOL,REDE,"PSOL, PCdoB, PT, PDT, PSB, REDE",6,25040787,98264190,0.2548312564322771,136,0.2651072124756335,130.72843454975816,5.271565450241837,126.27156545024184,1.0403245511842747,false,false,neither,false,126,135,false,false,false,false,false
2018,4,10,PSOL,PPS,"PSOL, PCdoB, PT, PDT, PSB, REDE, PPS",7,26631148,98264190,0.2710157993466389,144,0.2807017543859649,139.03110506482574,4.968894935174262,117.96889493517426,1.0357394478944653,false,false,neither,false,134,136,false,false,false,false,false
2018,4,11,PSOL,PV,"PSOL, PCdoB, PT, PDT, PSB, REDE, PPS, PV",8,28223981,98264190,0.2872254989330294,148,0.2884990253411306,147.34668095264408,0.6533190473559216,109.65331904735592,1.0044338904896397,false,false,neither,false,138,144,false,false,false,false,false
2018,4,12,PSOL,PTB,"PSOL, PCdoB, PT, PDT, PSB, REDE, PPS, PV, PTB",9,30246700,98264190,0.30780999670378395,158,0.3079922027290448,157.90652830904116,0.093471690958836,99.09347169095884,1.0005919431701766,false,false,neither,false,148,148,false,false,false,false,false
2018,4,13,PSOL,AVANTE,"PSOL, PCdoB, PT, PDT, PSB, REDE, PPS, PV, PTB, AVANTE",10,32100715,98264190,0.32667765337504945,165,0.3216374269005848,167.58563618140036,-2.5856361814003606,89.41436381859964,0.9845712541938763,false,false,neither,false,155,158,false,false,false,false,false
2018,4,14,PSOL,SOLIDARIEDADE,"PSOL, PCdoB, PT, PDT, PSB, REDE, PPS, PV, PTB, AVANTE, SOLIDARIEDADE",11,34053785,98264190,0.34655335784073527,178,0.3469785575048733,177.7818725722972,0.2181274277027967,79.2181274277028,1.0012269385204844,false,false,neither,false,168,165,false,false,false,false,false
2018,4,15,PSOL,PMN,"PSOL, PCdoB, PT, PDT, PSB, REDE, PPS, PV, PTB, AVANTE, SOLIDARIEDADE, PMN",12,34688240,98264190,0.35300998257859756,181,0.35282651072124754,181.09412106282053,-0.09412106282053401,75.90587893717947,0.9994802643936305,false,false,neither,false,171,178,false,false,false,false,false
2018,4,16,PSOL,PMB,"PSOL, PCdoB, PT, PDT, PSB, REDE, PPS, PV, PTB, AVANTE, SOLIDARIEDADE, PMN, PMB",13,34916542,98264190,0.35533333150153684,181,0.35282651072124754,182.2859990602884,-1.2859990602883897,74.71400093971161,0.9929451572423669,false,false,neither,false,171,181,false,false,false,false,false
2018,4,17,PSOL,PHS,"PSOL, PCdoB, PT, PDT, PSB, REDE, PPS, PV, PTB, AVANTE, SOLIDARIEDADE, PMN, PMB, PHS",14,36345079,98264190,0.369871048649564,187,0.3645224171539961,189.74384795722634,-2.743847957226336,67.25615204277366,0.9855391993639505,false,false,neither,false,177,181,false,false,false,false,false
2018,4,18,PSOL,MDB,"PSOL, PCdoB, PT, PDT, PSB, REDE, PPS, PV, PTB, AVANTE, SOLIDARIEDADE, PMN, PMB, PHS, MDB",15,41784983,98264190,0.4252310327902769,221,0.43079922027290446,218.14351982141204,2.856480178587958,38.85648017858796,1.0130944993503657,false,false,neither,false,211,187,false,false,false,false,false
2018,4,19,PSOL,PSD,"PSOL, PCdoB, PT, PDT, PSB, REDE, PPS, PV, PTB, AVANTE, SOLIDARIEDADE, PMN, PMB, PHS, MDB, PSD",16,47533993,98264190,0.4837366796591922,256,0.49902534113060426,248.1569166651656,7.843083334834404,8.843083334834404,1.0316053384295427,false,false,neither,false,246,221,false,false,false,false,false
2018,4,20,PSOL,PSDB,"PSOL, PCdoB, PT, PDT, PSB, REDE, PPS, PV, PTB, AVANTE, SOLIDARIEDADE, PMN, PMB, PHS, MDB, PSD, PSDB",17,53425799,98264190,0.5436955110503633,286,0.557504873294347,278.9157971688364,7.084202831163623,-21.915797168836377,1.0253990734948417,true,true,votes+seats,false,276,256,false,false,false,false,true
2018,4,21,PSOL,PODE,"PSOL, PCdoB, PT, PDT, PSB, REDE, PPS, PV, PTB, AVANTE, SOLIDARIEDADE, PMN, PMB, PHS, MDB, PSD, PSDB, PODE",18,55669119,98264190,0.5665249873835015,297,0.5789473684210527,290.6273185277363,6.372681472263707,-33.62731852773629,1.0219273312107977,true,true,votes+seats,false,287,286,false,false,false,false,false
2018,4,22,PSOL,PPL,"PSOL, PCdoB, PT, PDT, PSB, REDE, PPS, PV, PTB, AVANTE, SOLIDARIEDADE, PMN, PMB, PHS, MDB, PSD, PSDB, PODE, PPL",19,56058536,98264190,0.5704879468298675,298,0.580896686159844,292.660316723722,5.339683276277981,-35.66031672372202,1.018245327333937,true,true,votes+seats,false,288,297,false,false,false,false,false
2018,4,23,PSOL,PRTB,"PSOL, PCdoB, PT, PDT, PSB, REDE, PPS, PV, PTB, AVANTE, SOLIDARIEDADE, PMN, PMB, PHS, MDB, PSD, PSDB, PODE, PPL, PRTB",20,56743512,98264190,0.5774587059639936,298,0.580896686159844,296.2363161595287,1.7636838404712876,-39.23631615952871,1.0059536381741985,true,true,votes+seats,false,288,298,false,false,false,false,false
2018,4,24,PSOL,PROS,"PSOL, PCdoB, PT, PDT, PSB, REDE, PPS, PV, PTB, AVANTE, SOLIDARIEDADE, PMN, PMB, PHS, MDB, PSD, PSDB, PODE, PPL, PRTB, PROS",21,58788217,98264190,0.5982669475014245,306,0.5964912280701754,306.9109440682308,-0.9109440682307763,-49.910944068230776,0.9970318944767631,true,true,votes+seats,false,296,298,false,false,false,false,false
2018,4,25,PSOL,PRP,"PSOL, PCdoB, PT, PDT, PSB, REDE, PPS, PV, PTB, AVANTE, SOLIDARIEDADE, PMN, PMB, PHS, MDB, PSD, PSDB, PODE, PPL, PRTB, PROS, PRP",22,59641211,98264190,0.6069475665550187,310,0.6042884990253411,311.36410164272456,-1.3641016427245631,-54.36410164272456,0.9956189501759268,true,true,votes+seats,false,300,306,false,false,false,false,false
2018,4,26,PSOL,PR,"PSOL, PCdoB, PT, PDT, PSB, REDE, PPS, PV, PTB, AVANTE, SOLIDARIEDADE, PMN, PMB, PHS, MDB, PSD, PSDB, PODE, PPL, PRTB, PROS, PRP, PR",23,64865802,98264190,0.6601163862440631,343,0.6686159844054581,338.63970614320436,4.360293856795636,-81.63970614320436,1.0128759084587433,true,true,votes+seats,false,333,310,false,false,false,false,false
2018,4,27,PSOL,PRB,"PSOL, PCdoB, PT, PDT, PSB, REDE, PPS, PV, PTB, AVANTE, SOLIDARIEDADE, PMN, PMB, PHS, MDB, PSD, PSDB, PODE, PPL, PRTB, PROS, PRP, PR, PRB",24,69850330,98264190,0.7108421694617337,372,0.7251461988304093,364.6620329338694,7.337967066130602,-107.6620329338694,1.0201226516703519,true,true,votes+seats,false,362,343,false,false,false,false,false
2018,4,28,PSOL,PTC,"PSOL, PCdoB, PT, PDT, PSB, REDE, PPS, PV, PTB, AVANTE, SOLIDARIEDADE, PMN, PMB, PHS, MDB, PSD, PSDB, PODE, PPL, PRTB, PROS, PRP, PR, PRB, PTC",25,70452144,98264190,0.7169666182563557,374,0.7290448343079922,367.8038751655105,6.196124834489524,-110.80387516551048,1.0168462739325443,true,true,votes+seats,false,364,372,false,false,false,false,false
2018,4,29,PSOL,DC,"PSOL, PCdoB, PT, PDT, PSB, REDE, PPS, PV, PTB, AVANTE, SOLIDARIEDADE, PMN, PMB, PHS, MDB, PSD, PSDB, PODE, PPL, PRTB, PROS, PRP, PR, PRB, PTC, DC",26,70833878,98264190,0.7208513905218168,375,0.7309941520467836,369.796763337692,5.203236662307972,-112.79676333769203,1.0140705305675066,true,true,votes+seats,false,365,374,false,false,false,false,false
2018,4,30,PSOL,PSL,"PSOL, PCdoB, PT, PDT, PSB, REDE, PPS, PV, PTB, AVANTE, SOLIDARIEDADE, PMN, PMB, PHS, MDB, PSD, PSDB, PODE, PPL, PRTB, PROS, PRP, PR, PRB, PTC, DC, PSL",27,82268879,98264190,0.8372213621259179,427,0.8323586744639376,429.4945587705959,-2.4945587705959156,-172.49455877059592,0.9941918734017575,true,true,votes+seats,false,417,375,false,false,false,false,false
2018,4,31,PSOL,NOVO,"PSOL, PCdoB, PT, PDT, PSB, REDE, PPS, PV, PTB, AVANTE, SOLIDARIEDADE, PMN, PMB, PHS, MDB, PSD, PSDB, PODE, PPL, PRTB, PROS, PRP, PR, PRB, PTC, DC, PSL, NOVO",28,85016958,98264190,0.8651875927537794,435,0.847953216374269,443.84123508268885,-8.841235082688854,-186.84123508268885,0.9800801854720829,true,true,votes+seats,false,425,427,false,false,false,false,false
2018,4,32,PSOL,PP,"PSOL, PCdoB, PT, PDT, PSB, REDE, PPS, PV, PTB, AVANTE, SOLIDARIEDADE, PMN, PMB, PHS, MDB, PSD, PSDB, PODE, PPL, PRTB, PROS, PRP, PR, PRB, PTC, DC, PSL, NOVO, PP",29,90425536,98264190,0.9202287832423999,472,0.9200779727095516,472.07736580335114,-0.0773658033511424,-215.07736580335114,0.9998361162619617,true,true,votes+seats,false,462,435,false,false,false,false,false
2018,4,33,PSOL,PSC,"PSOL, PCdoB, PT, PDT, PSB, REDE, PPS, PV, PTB, AVANTE, SOLIDARIEDADE, PMN, PMB, PHS, MDB, PSD, PSDB, PODE, PPL, PRTB, PROS, PRP, PR, PRB, PTC, DC, PSL, NOVO, PP, PSC",30,92145290,98264190,0.9377301130757807,479,0.9337231968810916,481.0555480078755,-2.0555480078754726,-224.05554800787547,0.9957270048825176,true,true,votes+seats,false,469,472,false,false,false,false,false
2018,4,34,PSOL,PATRIOTA,"PSOL, PCdoB, PT, PDT, PSB, REDE, PPS, PV, PTB, AVANTE, SOLIDARIEDADE, PMN, PMB, PHS, MDB, PSD, PSDB, PODE, PPL, PRTB, PROS, PRP, PR, PRB, PTC, DC, PSL, NOVO, PP, PSC, PATRIOTA",31,93577594,98264190,0.9523061656540394,484,0.9434697855750487,488.5330629805222,-4.533062980522175,-231.53306298052217,0.9907210722793948,true,true,votes+seats,false,474,479,false,false,false,false,false
2018,4,35,PSOL,DEM,"PSOL, PCdoB, PT, PDT, PSB, REDE, PPS, PV, PTB, AVANTE, SOLIDARIEDADE, PMN, PMB, PHS, MDB, PSD, PSDB, PODE, PPL, PRTB, PROS, PRP, PR, PRB, PTC, DC, PSL, NOVO, PP, PSC, PATRIOTA, DEM",32,98158758,98264190,0.9989270557259974,513,1.0,512.4495795874367,0.5504204125633123,-255.4495795874367,1.0010740967199279,true,true,votes+seats,false,503,484,false,false,false,false,false
2018,5,5,PCdoB,PCdoB,PCdoB,1,1329575,98264190,0.0135306157818021,9,0.017543859649122806,6.941205896064477,2.058794103935523,250.05879410393553,1.2966046728426277,false,false,neither,false,0,0,false,false,false,false,false
2018,5,6,PCdoB,PT,"PCdoB, PT",2,11456186,98264190,0.11658556387632157,65,0.1267056530214425,59.808394268552966,5.191605731447034,197.19160573144703,1.0868039644758822,false,false,neither,false,56,9,false,false,false,false,false
2018,5,7,PCdoB,PDT,"PCdoB, PT, PDT",3,16018071,98264190,0.16301025836573832,93,0.18128654970760233,83.62426254162376,9.375737458376236,173.37573745837625,1.112117430676408,false,false,neither,false,84,65,false,false,false,false,false
2018,5,8,PCdoB,PSB,"PCdoB, PT, PDT, PSB",4,21440069,98264190,0.21818801946059901,125,0.24366471734892786,111.9304539832873,13.069546016712707,145.0695460167127,1.116764879901802,false,false,neither,false,116,93,false,false,false,false,false
2018,5,9,PCdoB,REDE,"PCdoB, PT, PDT, PSB, REDE",5,22256853,98264190,0.226500142116879,126,0.24561403508771928,116.19457290595892,9.805427094041079,140.80542709404108,1.0843879954873368,false,false,neither,false,117,125,false,false,false,false,false
2018,5,10,PCdoB,PPS,"PCdoB, PT, PDT, PSB, REDE, PPS",6,23847214,98264190,0.24268468503124077,134,0.26120857699805067,124.49724342102651,9.50275657897349,132.5027565789735,1.076329052096655,false,false,neither,false,125,126,false,false,false,false,false
2018,5,11,PCdoB,PV,"PCdoB, PT, PDT, PSB, REDE, PPS, PV",7,25440047,98264190,0.2588943846176313,138,0.26900584795321636,132.81281930884487,5.187180691155135,124.18718069115513,1.0390563254221175,false,false,neither,false,129,134,false,false,false,false,false
2018,5,12,PCdoB,PTB,"PCdoB, PT, PDT, PSB, REDE, PPS, PV, PTB",8,27462766,98264190,0.27947888238838586,148,0.2884990253411306,143.37266666524195,4.627333334758049,113.62733333475805,1.032274864117317,false,false,neither,false,139,138,false,false,false,false,false
2018,5,13,PCdoB,AVANTE,"PCdoB, PT, PDT, PSB, REDE, PPS, PV, PTB, AVANTE",9,29316781,98264190,0.29834653905965136,155,0.30214424951267055,153.05177453760115,1.9482254623988524,103.94822546239885,1.0127291922506931,false,false,neither,false,146,148,false,false,false,false,false
2018,5,14,PCdoB,SOLIDARIEDADE,"PCdoB, PT, PDT, PSB, REDE, PPS, PV, PTB, AVANTE, SOLIDARIEDADE",10,31269851,98264190,0.3182222435253372,168,0.32748538011695905,163.24801092849796,4.751989071502038,93.75198907150204,1.0291090166702452,false,false,neither,false,159,155,false,false,false,false,false
2018,5,15,PCdoB,PMN,"PCdoB, PT, PDT, PSB, REDE, PPS, PV, PTB, AVANTE, SOLIDARIEDADE, PMN",11,31904306,98264190,0.3246788682631994,171,0.3333333333333333,166.5602594190213,4.439740580978707,90.43974058097871,1.0266554614916246,false,false,neither,false,162,168,false,false,false,false,false
2018,5,16,PCdoB,PMB,"PCdoB, PT, PDT, PSB, REDE, PPS, PV, PTB, AVANTE, SOLIDARIEDADE, PMN, PMB",12,32132608,98264190,0.3270022171861387,171,0.3333333333333333,167.75213741648915,3.2478625835108517,89.24786258351085,1.0193610801837187,false,false,neither,false,162,171,false,false,false,false,false
2018,5,17,PCdoB,PHS,"PCdoB, PT, PDT, PSB, REDE, PPS, PV, PTB, AVANTE, SOLIDARIEDADE, PMN, PMB, PHS",13,33561145,98264190,0.3415399343341659,177,0.34502923976608185,175.20998631342712,1.7900136865728768,81.79001368657288,1.0102163907676518,false,false,neither,false,168,171,false,false,false,false,false
2018,5,18,PCdoB,MDB,"PCdoB, PT, PDT, PSB, REDE, PPS, PV, PTB, AVANTE, SOLIDARIEDADE, PMN, PMB, PHS, MDB",14,39001049,98264190,0.3968999184748788,211,0.41130604288499023,203.60965817761283,7.390341822387171,53.39034182238717,1.036296617206343,false,false,neither,false,202,177,false,false,false,false,false
2018,5,19,PCdoB,PSD,"PCdoB, PT, PDT, PSB, REDE, PPS, PV, PTB, AVANTE, SOLIDARIEDADE, PMN, PMB, PHS, MDB, PSD",15,44750059,98264190,0.4554055653437941,246,0.47953216374269003,233.62305502136638,12.376944978633617,23.376944978633617,1.0529782686794402,false,false,neither,false,237,211,false,false,false,false,false
2018,5,20,PCdoB,PSDB,"PCdoB, PT, PDT, PSB, REDE, PPS, PV, PTB, AVANTE, SOLIDARIEDADE, PMN, PMB, PHS, MDB, PSD, PSDB",16,50641865,98264190,0.5153643967349651,276,0.5380116959064327,264.38193552503714,11.618064474962864,-7.381935525037136,1.0439442447226603,true,true,votes+seats,false,267,246,false,false,false,false,true
2018,5,21,PCdoB,PODE,"PCdoB, PT, PDT, PSB, REDE, PPS, PV, PTB, AVANTE, SOLIDARIEDADE, PMN, PMB, PHS, MDB, PSD, PSDB, PODE",17,52885185,98264190,0.5381938730681034,287,0.5594541910331384,276.09345688393705,10.906543116062949,-19.09345688393705,1.0395030843510638,true,true,votes+seats,false,278,276,false,false,false,false,false
2018,5,22,PCdoB,PPL,"PCdoB, PT, PDT, PSB, REDE, PPS, PV, PTB, AVANTE, SOLIDARIEDADE, PMN, PMB, PHS, MDB, PSD, PSDB, PODE, PPL",18,53274602,98264190,0.5421568325144694,288,0.5614035087719298,278.12645507992283,9.873544920077165,-21.126455079922835,1.0355002005013867,true,true,votes+seats,false,279,287,false,false,false,false,false
2018,5,23,PCdoB,PRTB,"PCdoB, PT, PDT, PSB, REDE, PPS, PV, PTB, AVANTE, SOLIDARIEDADE, PMN, PMB, PHS, MDB, PSD, PSDB, PODE, PPL, PRTB",19,53959578,98264190,0.5491275916485955,288,0.5614035087719298,281.70245451572947,6.297545484270529,-24.70245451572947,1.0223553092396604,true,true,votes+seats,false,279,288,false,false,false,false,false
2018,5,24,PCdoB,PROS,"PCdoB, PT, PDT, PSB, REDE, PPS, PV, PTB, AVANTE, SOLIDARIEDADE, PMN, PMB, PHS, MDB, PSD, PSDB, PODE, PPL, PRTB, PROS",20,56004283,98264190,0.5699358331860264,296,0.5769980506822612,292.37708242443153,3.622917575568465,-35.377082424431535,1.0123912501811931,true,true,votes+seats,false,287,288,false,false,false,false,false
2018,5,25,PCdoB,PRP,"PCdoB, PT, PDT, PSB, REDE, PPS, PV, PTB, AVANTE, SOLIDARIEDADE, PMN, PMB, PHS, MDB, PSD, PSDB, PODE, PPL, PRTB, PROS, PRP",21,56857277,98264190,0.5786164522396205,300,0.5847953216374269,296.8302399989253,3.1697600010746783,-39.83023999892532,1.0106786963521175,true,true,votes+seats,false,291,296,false,false,false,false,false
2018,5,26,PCdoB,PR,"PCdoB, PT, PDT, PSB, REDE, PPS, PV, PTB, AVANTE, SOLIDARIEDADE, PMN, PMB, PHS, MDB, PSD, PSDB, PODE, PPL, PRTB, PROS, PRP, PR",22,62081868,98264190,0.631785271928665,333,0.6491228070175439,324.1058444994051,8.894155500594877,-67.10584449940512,1.0274421324130463,true,true,votes+seats,false,324,300,false,false,false,false,false
2018,5,27,PCdoB,PRB,"PCdoB, PT, PDT, PSB, REDE, PPS, PV, PTB, AVANTE, SOLIDARIEDADE, PMN, PMB, PHS, MDB, PSD, PSDB, PODE, PPL, PRTB, PROS, PRP, PR, PRB",23,67066396,98264190,0.6825110551463356,362,0.7056530214424951,350.12817129007016,11.871828709929844,-93.12817129007016,1.033907093697109,true,true,votes+seats,false,353,333,false,false,false,false,false
2018,5,28,PCdoB,PTC,"PCdoB, PT, PDT, PSB, REDE, PPS, PV, PTB, AVANTE, SOLIDARIEDADE, PMN, PMB, PHS, MDB, PSD, PSDB, PODE, PPL, PRTB, PROS, PRP, PR, PRB, PTC",24,67668210,98264190,0.6886355039409575,364,0.7095516569200779,353.2700135217112,10.729986478288822,-96.27001352171118,1.0303733293729709,true,true,votes+seats,false,355,362,false,false,false,false,false
2018,5,29,PCdoB,DC,"PCdoB, PT, PDT, PSB, REDE, PPS, PV, PTB, AVANTE, SOLIDARIEDADE, PMN, PMB, PHS, MDB, PSD, PSDB, PODE, PPL, PRTB, PROS, PRP, PR, PRB, PTC, DC",25,68049944,98264190,0.6925202762064187,365,0.7115009746588694,355.2629016938928,9.737098306107214,-98.26290169389279,1.0274081483309423,true,true,votes+seats,false,356,364,false,false,false,false,false
2018,5,30,PCdoB,PSL,"PCdoB, PT, PDT, PSB, REDE, PPS, PV, PTB, AVANTE, SOLIDARIEDADE, PMN, PMB, PHS, MDB, PSD, PSDB, PODE, PPL, PRTB, PROS, PRP, PR, PRB, PTC, DC, PSL",26,79484945,98264190,0.8088902478105198,417,0.8128654970760234,414.9606971267966,2.0393028732033827,-157.96069712679662,1.0049144482533492,true,true,votes+seats,false,408,365,false,false,false,false,false
2018,5,31,PCdoB,NOVO,"PCdoB, PT, PDT, PSB, REDE, PPS, PV, PTB, AVANTE, SOLIDARIEDADE, PMN, PMB, PHS, MDB, PSD, PSDB, PODE, PPL, PRTB, PROS, PRP, PR, PRB, PTC, DC, PSL, NOVO",27,82233024,98264190,0.8368564784383813,425,0.8284600389863548,429.3073734388896,-4.307373438889613,-172.3073734388896,0.9899666912208235,true,true,votes+seats,false,416,417,false,false,false,false,false
2018,5,32,PCdoB,PP,"PCdoB, PT, PDT, PSB, REDE, PPS, PV, PTB, AVANTE, SOLIDARIEDADE, PMN, PMB, PHS, MDB, PSD, PSDB, PODE, PPL, PRTB, PROS, PRP, PR, PRB, PTC, DC, PSL, NOVO, PP",28,87641602,98264190,0.8918976689270018,462,0.9005847953216374,457.54350415955196,4.456495840448042,-200.54350415955196,1.0097400483231296,true,true,votes+seats,false,453,425,false,false,false,false,false
2018,5,33,PCdoB,PSC,"PCdoB, PT, PDT, PSB, REDE, PPS, PV, PTB, AVANTE, SOLIDARIEDADE, PMN, PMB, PHS, MDB, PSD, PSDB, PODE, PPL, PRTB, PROS, PRP, PR, PRB, PTC, DC, PSL, NOVO, PP, PSC",29,89361356,98264190,0.9093989987603825,469,0.9142300194931774,466.52168636407623,2.4783136359237687,-209.52168636407623,1.005312322467234,true,true,votes+seats,false,460,462,false,false,false,false,false
2018,5,34,PCdoB,PATRIOTA,"PCdoB, PT, PDT, PSB, REDE, PPS, PV, PTB, AVANTE, SOLIDARIEDADE, PMN, PMB, PHS, MDB, PSD, PSDB, PODE, PPL, PRTB, PROS, PRP, PR, PRB, PTC, DC, PSL, NOVO, PP, PSC, PATRIOTA",30,90793660,98264190,0.9239750513386412,474,0.9239766081871345,473.99920133672293,0.0007986632770666802,-216.99920133672293,1.0000016849464615,true,true,votes+seats,false,465,469,false,false,false,false,false
2018,5,35,PCdoB,DEM,"PCdoB, PT, PDT, PSB, REDE, PPS, PV, PTB, AVANTE, SOLIDARIEDADE, PMN, PMB, PHS, MDB, PSD, PSDB, PODE, PPL, PRTB, PROS, PRP, PR, PRB, PTC, DC, PSL, NOVO, PP, PSC, PATRIOTA, DEM",31,95374824,98264190,0.9705959414105993,503,0.9805068226120858,497.91571794363745,5.084282056362554,-240.91571794363745,1.0102111298622192,true,true,votes+seats,false,494,474,false,false,false,false,false
2018,6,6,PT,PT,PT,1,10126611,98264190,0.10305494809451948,56,0.10916179337231968,52.86718837248849,3.132811627511508,204.1328116275115,1.0592581471410685,false,false,neither,false,0,0,false,false,false,false,false
2018,6,7,PT,PDT,"PT, PDT",2,14688496,98264190,0.14947964258393623,84,0.16374269005847952,76.68305664555929,7.31694335444071,180.3169433544407,1.095417992898493,false,false,neither,false,28,56,false,false,false,false,false
2018,6,8,PT,PSB,"PT, PDT, PSB",3,20110494,98264190,0.20465740367879692,116,0.22612085769980506,104.98924808722282,11.010751912777181,152.01075191277718,1.1048750430485004,false,false,neither,false,60,84,false,false,false,false,false
2018,6,9,PT,REDE,"PT, PDT, PSB, REDE",4,20927278,98264190,0.2129695263350769,117,0.22807017543859648,109.25336700989445,7.746632990105553,147.74663299010555,1.0709052105405958,false,false,neither,false,61,116,false,false,false,false,false
2018,6,10,PT,PPS,"PT, PDT, PSB, REDE, PPS",5,22517639,98264190,0.22915406924943868,125,0.24366471734892786,117.55603752496204,7.443962475037964,139.44396247503795,1.063322672588869,false,false,neither,false,69,117,false,false,false,false,false
2018,6,11,PT,PV,"PT, PDT, PSB, REDE, PPS, PV",6,24110472,98264190,0.2453637688358292,129,0.25146198830409355,125.87161341278038,3.128386587219623,131.1283865872196,1.0248537895272738,false,false,neither,false,73,125,false,false,false,false,false
2018,6,12,PT,PTB,"PT, PDT, PSB, REDE, PPS, PV, PTB",7,26133191,98264190,0.2659482666065837,139,0.2709551656920078,136.43146076917745,2.5685392308225516,120.56853923082255,1.0188265904091445,false,false,neither,false,83,129,false,false,false,false,false
2018,6,13,PT,AVANTE,"PT, PDT, PSB, REDE, PPS, PV, PTB, AVANTE",8,27987206,98264190,0.2848159232778492,146,0.28460038986354774,146.11056864153664,-0.11056864153664492,110.88943135846336,0.9992432536361698,false,false,neither,false,90,139,false,false,false,false,false
2018,6,14,PT,SOLIDARIEDADE,"PT, PDT, PSB, REDE, PPS, PV, PTB, AVANTE, SOLIDARIEDADE",9,29940276,98264190,0.30469162774353503,159,0.30994152046783624,156.30680503243346,2.6931949675665408,100.69319496756654,1.017230183721097,false,false,neither,false,103,146,false,false,false,false,false
2018,6,15,PT,PMN,"PT, PDT, PSB, REDE, PPS, PV, PTB, AVANTE, SOLIDARIEDADE, PMN",10,30574731,98264190,0.3111482524813973,162,0.3157894736842105,159.61905352295682,2.3809464770431816,97.38094647704318,1.0149164302412101,false,false,neither,false,106,159,false,false,false,false,false
2018,6,16,PT,PMB,"PT, PDT, PSB, REDE, PPS, PV, PTB, AVANTE, SOLIDARIEDADE, PMN, PMB",11,30803033,98264190,0.3134716014043366,162,0.3157894736842105,160.81093152042467,1.189068479575326,96.18906847957533,1.0073942018016624,false,false,neither,false,106,162,false,false,false,false,false
2018,6,17,PT,PHS,"PT, PDT, PSB, REDE, PPS, PV, PTB, AVANTE, SOLIDARIEDADE, PMN, PMB, PHS",12,32231570,98264190,0.32800931855236376,168,0.32748538011695905,168.26878041736262,-0.2687804173626205,88.73121958263738,0.998402672101765,false,false,neither,false,112,162,false,false,false,false,false
2018,6,18,PT,MDB,"PT, PDT, PSB, REDE, PPS, PV, PTB, AVANTE, SOLIDARIEDADE, PMN, PMB, PHS, MDB",13,37671474,98264190,0.3833693026930767,202,0.3937621832358674,196.66845228154833,5.331547718451674,60.331547718451674,1.0271093185338087,false,false,neither,false,146,168,false,false,false,false,false
2018,6,19,PT,PSD,"PT, PDT, PSB, REDE, PPS, PV, PTB, AVANTE, SOLIDARIEDADE, PMN, PMB, PHS, MDB, PSD",14,43420484,98264190,0.441874949561992,237,0.4619883040935672,226.6818491253019,10.318150874698091,30.31815087469809,1.0455182049842666,false,false,neither,false,181,202,false,false,false,false,false
2018,6,20,PT,PSDB,"PT, PDT, PSB, REDE, PPS, PV, PTB, AVANTE, SOLIDARIEDADE, PMN, PMB, PHS, MDB, PSD, PSDB",15,49312290,98264190,0.5018337809531631,267,0.52046783625731,257.4407296289727,9.55927037102731,-0.4407296289726901,1.0371319269674393,true,true,votes+seats,false,211,237,true,false,true,false,true
2018,6,21,PT,PODE,"PT, PDT, PSB, REDE, PPS, PV, PTB, AVANTE, SOLIDARIEDADE, PMN, PMB, PHS, MDB, PSD, PSDB, PODE",16,51555610,98264190,0.5246632572863014,278,0.5419103313840156,269.1522509878726,8.847749012127395,-12.152250987872605,1.032872654713655,true,true,votes+seats,false,222,267,false,false,false,false,false
2018,6,22,PT,PPL,"PT, PDT, PSB, REDE, PPS, PV, PTB, AVANTE, SOLIDARIEDADE, PMN, PMB, PHS, MDB, PSD, PSDB, PODE, PPL",17,51945027,98264190,0.5286262167326673,279,0.543859649122807,271.18524918385833,7.814750816141668,-14.185249183858332,1.0288170202459774,true,true,votes+seats,false,223,278,false,false,false,false,false
2018,6,23,PT,PRTB,"PT, PDT, PSB, REDE, PPS, PV, PTB, AVANTE, SOLIDARIEDADE, PMN, PMB, PHS, MDB, PSD, PSDB, PODE, PPL, PRTB",18,52630003,98264190,0.5355969758667933,279,0.543859649122807,274.76124861966497,4.238751380335032,-17.76124861966497,1.0154270349317072,true,true,votes+seats,false,223,279,false,false,false,false,false
2018,6,24,PT,PROS,"PT, PDT, PSB, REDE, PPS, PV, PTB, AVANTE, SOLIDARIEDADE, PMN, PMB, PHS, MDB, PSD, PSDB, PODE, PPL, PRTB, PROS",19,54674708,98264190,0.5564052174042242,287,0.5594541910331384,285.43587652836703,1.5641234716329677,-28.435876528367032,1.005479771816552,true,true,votes+seats,false,231,279,false,false,false,false,false
2018,6,25,PT,PRP,"PT, PDT, PSB, REDE, PPS, PV, PTB, AVANTE, SOLIDARIEDADE, PMN, PMB, PHS, MDB, PSD, PSDB, PODE, PPL, PRTB, PROS, PRP",20,55527702,98264190,0.5650858364578185,291,0.5672514619883041,289.8890341028609,1.110965897139124,-32.889034102860876,1.0038323833137646,true,true,votes+seats,false,235,287,false,false,false,false,false
2018,6,26,PT,PR,"PT, PDT, PSB, REDE, PPS, PV, PTB, AVANTE, SOLIDARIEDADE, PMN, PMB, PHS, MDB, PSD, PSDB, PODE, PPL, PRTB, PROS, PRP, PR",21,60752293,98264190,0.6182546561468628,324,0.631578947368421,317.1646386033406,6.83536139665938,-60.16463860334062,1.0215514611804122,true,true,votes+seats,false,268,291,false,false,false,false,false
2018,6,27,PT,PRB,"PT, PDT, PSB, REDE, PPS, PV, PTB, AVANTE, SOLIDARIEDADE, PMN, PMB, PHS, MDB, PSD, PSDB, PODE, PPL, PRTB, PROS, PRP, PR, PRB",22,65736821,98264190,0.6689804393645336,353,0.6881091617933723,343.1869653940057,9.81303460599429,-86.18696539400571,1.0285938441593436,true,true,votes+seats,false,297,324,false,false,false,false,false
2018,6,28,PT,PTC,"PT, PDT, PSB, REDE, PPS, PV, PTB, AVANTE, SOLIDARIEDADE, PMN, PMB, PHS, MDB, PSD, PSDB, PODE, PPL, PRTB, PROS, PRP, PR, PRB, PTC",23,66338635,98264190,0.6751048881591555,355,0.6920077972709552,346.3288076256468,8.671192374353211,-89.32880762564679,1.0250374562653364,true,true,votes+seats,false,299,353,false,false,false,false,false
2018,6,29,PT,DC,"PT, PDT, PSB, REDE, PPS, PV, PTB, AVANTE, SOLIDARIEDADE, PMN, PMB, PHS, MDB, PSD, PSDB, PODE, PPL, PRTB, PROS, PRP, PR, PRB, PTC, DC",24,66720369,98264190,0.6789896604246165,356,0.6939571150097466,348.3216957978283,7.6783042021717165,-91.32169579782828,1.0220437150335544,true,true,votes+seats,false,300,355,false,false,false,false,false
2018,6,30,PT,PSL,"PT, PDT, PSB, REDE, PPS, PV, PTB, AVANTE, SOLIDARIEDADE, PMN, PMB, PHS, MDB, PSD, PSDB, PODE, PPL, PRTB, PROS, PRP, PR, PRB, PTC, DC, PSL",25,78155370,98264190,0.7953596320287177,408,0.7953216374269005,408.01949123073217,-0.019491230732171516,-151.01949123073217,0.9999522296577711,true,true,votes+seats,false,352,356,false,false,false,false,false
2018,6,31,PT,NOVO,"PT, PDT, PSB, REDE, PPS, PV, PTB, AVANTE, SOLIDARIEDADE, PMN, PMB, PHS, MDB, PSD, PSDB, PODE, PPL, PRTB, PROS, PRP, PR, PRB, PTC, DC, PSL, NOVO",26,80903449,98264190,0.8233258626565791,416,0.8109161793372319,422.3661675428251,-6.36616754282511,-165.3661675428251,0.9849273733740058,true,true,votes+seats,false,360,408,false,false,false,false,false
2018,6,32,PT,PP,"PT, PDT, PSB, REDE, PPS, PV, PTB, AVANTE, SOLIDARIEDADE, PMN, PMB, PHS, MDB, PSD, PSDB, PODE, PPL, PRTB, PROS, PRP, PR, PRB, PTC, DC, PSL, NOVO, PP",27,86312027,98264190,0.8783670531451997,453,0.8830409356725146,450.60229826348746,2.397701736512545,-193.60229826348746,1.0053211040994525,true,true,votes+seats,false,397,416,false,false,false,false,false
2018,6,33,PT,PSC,"PT, PDT, PSB, REDE, PPS, PV, PTB, AVANTE, SOLIDARIEDADE, PMN, PMB, PHS, MDB, PSD, PSDB, PODE, PPL, PRTB, PROS, PRP, PR, PRB, PTC, DC, PSL, NOVO, PP, PSC",28,88031781,98264190,0.8958683829785805,460,0.8966861598440545,459.5804804680118,0.41951953198821457,-202.58048046801179,1.0009128314839677,true,true,votes+seats,false,404,453,false,false,false,false,false
2018,6,34,PT,PATRIOTA,"PT, PDT, PSB, REDE, PPS, PV, PTB, AVANTE, SOLIDARIEDADE, PMN, PMB, PHS, MDB, PSD, PSDB, PODE, PPL, PRTB, PROS, PRP, PR, PRB, PTC, DC, PSL, NOVO, PP, PSC, PATRIOTA",29,89464085,98264190,0.9104444355568392,465,0.9064327485380117,467.0579954406585,-2.0579954406584875,-210.0579954406585,0.9955937047202954,true,true,votes+seats,false,409,460,false,false,false,false,false
2018,6,35,PT,DEM,"PT, PDT, PSB, REDE, PPS, PV, PTB, AVANTE, SOLIDARIEDADE, PMN, PMB, PHS, MDB, PSD, PSDB, PODE, PPL, PRTB, PROS, PRP, PR, PRB, PTC, DC, PSL, NOVO, PP, PSC, PATRIOTA, DEM",30,94045249,98264190,0.9570653256287972,494,0.9629629629629629,490.97451204757294,3.0254879524270564,-233.97451204757294,1.0061622098055751,true,true,votes+seats,false,438,465,false,false,false,false,false
2018,7,7,PDT,PDT,PDT,1,4561885,98264190,0.046424694489416746,28,0.05458089668615984,23.81586827307079,4.184131726929209,233.1841317269292,1.1756867177360195,false,false,neither,false,0,0,false,false,false,false,false
2018,7,8,PDT,PSB,"PDT, PSB",2,9983883,98264190,0.10160245558427744,60,0.11695906432748537,52.12205971473433,7.877940285265673,204.87794028526568,1.1511440708287795,false,false,neither,false,32,28,false,false,false,false,false
2018,7,9,PDT,REDE,"PDT, PSB, REDE",3,10800667,98264190,0.10991457824055742,61,0.1189083820662768,56.386178637405955,4.613821362594045,200.61382136259405,1.081825395408748,false,false,neither,false,33,60,false,false,false,false,false
2018,7,10,PDT,PPS,"PDT, PSB, REDE, PPS",4,12391028,98264190,0.1260991211549192,69,0.13450292397660818,64.68884915247355,4.311150847526449,192.31115084752645,1.0666444202363987,false,false,neither,false,41,61,false,false,false,false,false
2018,7,11,PDT,PV,"PDT, PSB, REDE, PPS, PV",5,13983861,98264190,0.14230882074130974,73,0.14230019493177387,73.00442504029189,-0.004425040291891946,183.9955749597081,0.9999393866838969,false,false,neither,false,45,69,false,false,false,false,false
2018,7,12,PDT,PTB,"PDT, PSB, REDE, PPS, PV, PTB",6,16006580,98264190,0.16289331851206426,83,0.1617933723196881,83.56427239668896,-0.5642723966889633,173.43572760331102,0.9932474443861571,false,false,neither,false,55,73,false,false,false,false,false
2018,7,13,PDT,AVANTE,"PDT, PSB, REDE, PPS, PV, PTB, AVANTE",7,17860595,98264190,0.18176097518332976,90,0.17543859649122806,93.24338026904816,-3.24338026904816,163.75661973095185,0.9652159728691776,false,false,neither,false,62,83,false,false,false,false,false
2018,7,14,PDT,SOLIDARIEDADE,"PDT, PSB, REDE, PPS, PV, PTB, AVANTE, SOLIDARIEDADE",8,19813665,98264190,0.20163667964901558,103,0.20077972709551656,103.43961665994499,-0.43961665994498844,153.560383340055,0.9957500165396956,false,false,neither,false,75,90,false,false,false,false,false
2018,7,15,PDT,PMN,"PDT, PSB, REDE, PPS, PV, PTB, AVANTE, SOLIDARIEDADE, PMN",9,20448120,98264190,0.20809330438687787,106,0.20662768031189083,106.75186515046835,-0.7518651504683476,150.24813484953165,0.9929568897985194,false,false,neither,false,78,103,false,false,false,false,false
2018,7,16,PDT,PMB,"PDT, PSB, REDE, PPS, PV, PTB, AVANTE, SOLIDARIEDADE, PMN, PMB",10,20676422,98264190,0.21041665330981713,106,0.20662768031189083,107.94374314793619,-1.943743147936189,149.05625685206383,0.9819929984707655,false,false,neither,false,78,106,false,false,false,false,false
2018,7,17,PDT,PHS,"PDT, PSB, REDE, PPS, PV, PTB, AVANTE, SOLIDARIEDADE, PMN, PMB, PHS",11,22104959,98264190,0.2249543704578443,112,0.21832358674463936,115.40159204487414,-3.4015920448741355,141.59840795512588,0.9705238724648494,false,false,neither,false,84,106,false,false,false,false,false
2018,7,18,PDT,MDB,"PDT, PSB, REDE, PPS, PV, PTB, AVANTE, SOLIDARIEDADE, PMN, PMB, PHS, MDB",12,27544863,98264190,0.2803143545985572,146,0.28460038986354774,143.80126390905983,2.198736090940173,113.19873609094017,1.0152901026817862,false,false,neither,false,118,112,false,false,false,false,false
2018,7,19,PDT,PSD,"PDT, PSB, REDE, PPS, PV, PTB, AVANTE, SOLIDARIEDADE, PMN, PMB, PHS, MDB, PSD",13,33293873,98264190,0.33882000146747254,181,0.35282651072124754,173.8146607528134,7.18533924718659,83.18533924718659,1.0413390862201495,false,false,neither,false,153,146,false,false,false,false,false
2018,7,20,PDT,PSDB,"PDT, PSB, REDE, PPS, PV, PTB, AVANTE, SOLIDARIEDADE, PMN, PMB, PHS, MDB, PSD, PSDB",14,39185679,98264190,0.39877883285864363,211,0.41130604288499023,204.5735412564842,6.426458743515809,52.42645874351581,1.0314139292112006,false,false,neither,false,183,181,false,false,false,false,false
2018,7,21,PDT,PODE,"PDT, PSB, REDE, PPS, PV, PTB, AVANTE, SOLIDARIEDADE, PMN, PMB, PHS, MDB, PSD, PSDB, PODE",15,41428999,98264190,0.4216083091917819,222,0.4327485380116959,216.2850626153841,5.714937384615894,40.714937384615894,1.0264231718802452,false,false,neither,false,194,211,false,false,false,false,false
2018,7,22,PDT,PPL,"PDT, PSB, REDE, PPS, PV, PTB, AVANTE, SOLIDARIEDADE, PMN, PMB, PHS, MDB, PSD, PSDB, PODE, PPL",16,41818416,98264190,0.4255712686381478,223,0.4346978557504873,218.31806081136983,4.681939188630167,38.68193918863017,1.0214454964066186,false,false,neither,false,195,222,false,false,false,false,false
2018,7,23,PDT,PRTB,"PDT, PSB, REDE, PPS, PV, PTB, AVANTE, SOLIDARIEDADE, PMN, PMB, PHS, MDB, PSD, PSDB, PODE, PPL, PRTB",17,42503392,98264190,0.4325420277722739,223,0.4346978557504873,221.89406024717653,1.105939752823474,35.105939752823474,1.004984089035964,false,false,neither,false,195,223,false,false,false,false,false
2018,7,24,PDT,PROS,"PDT, PSB, REDE, PPS, PV, PTB, AVANTE, SOLIDARIEDADE, PMN, PMB, PHS, MDB, PSD, PSDB, PODE, PPL, PRTB, PROS",18,44548097,98264190,0.4533502693097048,231,0.4502923976608187,232.56868815587856,-1.5686881558785615,24.43131184412144,0.9932549468790607,false,false,neither,false,203,223,false,false,false,false,false
2018,7,25,PDT,PRP,"PDT, PSB, REDE, PPS, PV, PTB, AVANTE, SOLIDARIEDADE, PMN, PMB, PHS, MDB, PSD, PSDB, PODE, PPL, PRTB, PROS, PRP",19,45401091,98264190,0.462030888363299,235,0.4580896686159844,237.02184573037238,-2.0218457303723767,19.978154269627623,0.9914697916382258,false,false,neither,false,207,231,false,false,false,false,false
2018,7,26,PDT,PR,"PDT, PSB, REDE, PPS, PV, PTB, AVANTE, SOLIDARIEDADE, PMN, PMB, PHS, MDB, PSD, PSDB, PODE, PPL, PRTB, PROS, PRP, PR",20,50625682,98264190,0.5151997080523434,268,0.5224171539961013,264.2974502308522,3.702549769147822,-7.297450230852178,1.0140090256864522,true,true,votes+seats,false,240,235,true,false,true,false,true
2018,7,27,PDT,PRB,"PDT, PSB, REDE, PPS, PV, PTB, AVANTE, SOLIDARIEDADE, PMN, PMB, PHS, MDB, PSD, PSDB, PODE, PPL, PRTB, PROS, PRP, PR, PRB",21,55610210,98264190,0.565925491270014,297,0.5789473684210527,290.3197770215172,6.680222978482789,-33.31977702151721,1.0230098791305826,true,true,votes+seats,false,269,268,false,false,false,false,false
2018,7,28,PDT,PTC,"PDT, PSB, REDE, PPS, PV, PTB, AVANTE, SOLIDARIEDADE, PMN, PMB, PHS, MDB, PSD, PSDB, PODE, PPL, PRTB, PROS, PRP, PR, PRB, PTC",22,56212024,98264190,0.5720499400646359,299,0.5828460038986355,293.46161925315823,5.538380746841767,-36.46161925315823,1.0188725897476358,true,true,votes+seats,false,271,297,false,false,false,false,false
2018,7,29,PDT,DC,"PDT, PSB, REDE, PPS, PV, PTB, AVANTE, SOLIDARIEDADE, PMN, PMB, PHS, MDB, PSD, PSDB, PODE, PPL, PRTB, PROS, PRP, PR, PRB, PTC, DC",23,56593758,98264190,0.5759347123300971,300,0.5847953216374269,295.4545074253398,4.545492574660216,-38.454507425339784,1.0153847460790857,true,true,votes+seats,false,272,299,false,false,false,false,false
2018,7,30,PDT,PSL,"PDT, PSB, REDE, PPS, PV, PTB, AVANTE, SOLIDARIEDADE, PMN, PMB, PHS, MDB, PSD, PSDB, PODE, PPL, PRTB, PROS, PRP, PR, PRB, PTC, DC, PSL",24,68028759,98264190,0.6923046839341982,352,0.6861598440545809,355.1523028582437,-3.1523028582436723,-98.15230285824367,0.9911240816042184,true,true,votes+seats,false,324,300,false,false,false,false,false
2018,7,31,PDT,NOVO,"PDT, PSB, REDE, PPS, PV, PTB, AVANTE, SOLIDARIEDADE, PMN, PMB, PHS, MDB, PSD, PSDB, PODE, PPL, PRTB, PROS, PRP, PR, PRB, PTC, DC, PSL, NOVO",25,70776838,98264190,0.7202709145620597,360,0.7017543859649122,369.4989791703366,-9.49897917033661,-112.49897917033661,0.9742922722231456,true,true,votes+seats,false,332,352,false,false,false,false,false
2018,7,32,PDT,PP,"PDT, PSB, REDE, PPS, PV, PTB, AVANTE, SOLIDARIEDADE, PMN, PMB, PHS, MDB, PSD, PSDB, PODE, PPL, PRTB, PROS, PRP, PR, PRB, PTC, DC, PSL, NOVO, PP",26,76185416,98264190,0.7753121050506803,397,0.7738791423001949,397.73510989099896,-0.735109890998956,-140.73510989099896,0.9981517601219555,true,true,votes+seats,false,369,360,false,false,false,false,false
2018,7,33,PDT,PSC,"PDT, PSB, REDE, PPS, PV, PTB, AVANTE, SOLIDARIEDADE, PMN, PMB, PHS, MDB, PSD, PSDB, PODE, PPL, PRTB, PROS, PRP, PR, PRB, PTC, DC, PSL, NOVO, PP, PSC",27,77905170,98264190,0.792813434884061,404,0.7875243664717348,406.7132920955233,-2.713292095523286,-149.7132920955233,0.9933287351353984,true,true,votes+seats,false,376,397,false,false,false,false,false
2018,7,34,PDT,PATRIOTA,"PDT, PSB, REDE, PPS, PV, PTB, AVANTE, SOLIDARIEDADE, PMN, PMB, PHS, MDB, PSD, PSDB, PODE, PPL, PRTB, PROS, PRP, PR, PRB, PTC, DC, PSL, NOVO, PP, PSC, PATRIOTA",28,79337474,98264190,0.8073894874623196,409,0.797270955165692,414.19080706817,-5.190807068169988,-157.19080706817,0.9874675946940665,true,true,votes+seats,false,381,404,false,false,false,false,false
2018,7,35,PDT,DEM,"PDT, PSB, REDE, PPS, PV, PTB, AVANTE, SOLIDARIEDADE, PMN, PMB, PHS, MDB, PSD, PSDB, PODE, PPL, PRTB, PROS, PRP, PR, PRB, PTC, DC, PSL, NOVO, PP, PSC, PATRIOTA, DEM",29,83918638,98264190,0.8540103775342778,438,0.8538011695906432,438.1073236750845,-0.10732367508450125,-181.1073236750845,0.9997550288039373,true,true,votes+seats,false,410,409,false,false,false,false,false
2018,8,8,PSB,PSB,PSB,1,5421998,98264190,0.0551777610948607,32,0.06237816764132553,28.30619144166354,3.6938085583364604,228.69380855833646,1.130494721126615,false,false,neither,false,0,0,false,false,false,false,false
2018,8,9,PSB,REDE,"PSB, REDE",2,6238782,98264190,0.06348988375114067,33,0.06432748538011696,32.570310364335164,0.4296896356648361,224.42968963566483,1.013192678573163,false,false,neither,false,1,32,false,false,false,false,false
2018,8,10,PSB,PPS,"PSB, REDE, PPS",3,7829143,98264190,0.07967442666550245,41,0.07992202729044834,40.87298087940276,0.12701912059723952,216.12701912059725,1.0031076549315552,false,false,neither,false,9,33,false,false,false,false,false
2018,8,11,PSB,PV,"PSB, REDE, PPS, PV",4,9421976,98264190,0.09588412625189298,45,0.08771929824561403,49.1885567672211,-4.188556767221101,207.8114432327789,0.9148469269581757,false,false,neither,false,13,41,false,false,false,false,false
2018,8,12,PSB,PTB,"PSB, REDE, PPS, PV, PTB",5,11444695,98264190,0.11646862402264752,55,0.10721247563352826,59.74840412361817,-4.748404123618172,197.25159587638183,0.9205266786072842,false,false,neither,false,23,45,false,false,false,false,false
2018,8,13,PSB,AVANTE,"PSB, REDE, PPS, PV, PTB, AVANTE",6,13298710,98264190,0.135336280693913,62,0.12085769980506822,69.42751199597737,-7.427511995977369,187.57248800402263,0.8930177420673274,false,false,neither,false,30,55,false,false,false,false,false
2018,8,14,PSB,SOLIDARIEDADE,"PSB, REDE, PPS, PV, PTB, AVANTE, SOLIDARIEDADE",7,15251780,98264190,0.15521198515959883,75,0.14619883040935672,79.6237483868742,-4.6237483868741975,177.37625161312582,0.94193003368281,false,false,neither,false,43,62,false,false,false,false,false
2018,8,15,PSB,PMN,"PSB, REDE, PPS, PV, PTB, AVANTE, SOLIDARIEDADE, PMN",8,15886235,98264190,0.16166860989746112,78,0.15204678362573099,82.93599687739756,-4.935996877397557,174.06400312260246,0.9404842642128685,false,false,neither,false,46,75,false,false,false,false,false
2018,8,16,PSB,PMB,"PSB, REDE, PPS, PV, PTB, AVANTE, SOLIDARIEDADE, PMN, PMB",9,16114537,98264190,0.16399195882040038,78,0.15204678362573099,84.1278748748654,-6.127874874865398,172.8721251251346,0.9271599944253887,false,false,neither,false,46,78,false,false,false,false,false
2018,8,17,PSB,PHS,"PSB, REDE, PPS, PV, PTB, AVANTE, SOLIDARIEDADE, PMN, PMB, PHS",10,17543074,98264190,0.17852967596842756,84,0.16374269005847952,91.58572377180334,-7.585723771803345,165.41427622819666,0.9171735128642531,false,false,neither,false,52,78,false,false,false,false,false
2018,8,18,PSB,MDB,"PSB, REDE, PPS, PV, PTB, AVANTE, SOLIDARIEDADE, PMN, PMB, PHS, MDB",11,22982978,98264190,0.23388966010914047,118,0.2300194931773879,119.98539563598906,-1.9853956359890645,137.01460436401095,0.983453022549408,false,false,neither,false,86,84,false,false,false,false,false
2018,8,19,PSB,PSD,"PSB, REDE, PPS, PV, PTB, AVANTE, SOLIDARIEDADE, PMN, PMB, PHS, MDB, PSD",12,28731988,98264190,0.29239530697805577,153,0.2982456140350877,149.9987924797426,3.0012075202573953,107.0012075202574,1.0200082112038515,false,false,neither,false,121,118,false,false,false,false,false
2018,8,20,PSB,PSDB,"PSB, REDE, PPS, PV, PTB, AVANTE, SOLIDARIEDADE, PMN, PMB, PHS, MDB, PSD, PSDB",13,34623794,98264190,0.35235413836922685,183,0.3567251461988304,180.75767298341339,2.2423270165866143,76.24232701658661,1.0124051553639573,false,false,neither,false,151,153,false,false,false,false,false
2018,8,21,PSB,PODE,"PSB, REDE, PPS, PV, PTB, AVANTE, SOLIDARIEDADE, PMN, PMB, PHS, MDB, PSD, PSDB, PODE",14,36867114,98264190,0.3751836147023651,194,0.37816764132553604,192.4691943423133,1.5308056576866989,64.5308056576867,1.007953509978143,false,false,neither,false,162,183,false,false,false,false,false
2018,8,22,PSB,PPL,"PSB, REDE, PPS, PV, PTB, AVANTE, SOLIDARIEDADE, PMN, PMB, PHS, MDB, PSD, PSDB, PODE, PPL",15,37256531,98264190,0.3791465741487311,195,0.38011695906432746,194.50219253829906,0.49780746170094403,62.497807461700944,1.00255939254568,false,false,neither,false,163,194,false,false,false,false,false
2018,8,23,PSB,PRTB,"PSB, REDE, PPS, PV, PTB, AVANTE, SOLIDARIEDADE, PMN, PMB, PHS, MDB, PSD, PSDB, PODE, PPL, PRTB",16,37941507,98264190,0.3861173332828572,195,0.38011695906432746,198.07819197410575,-3.0781919741057493,58.92180802589425,0.9844597128869788,false,false,neither,false,163,195,false,false,false,false,false
2018,8,24,PSB,PROS,"PSB, REDE, PPS, PV, PTB, AVANTE, SOLIDARIEDADE, PMN, PMB, PHS, MDB, PSD, PSDB, PODE, PPL, PRTB, PROS",17,39986212,98264190,0.406925574820288,203,0.39571150097465885,208.75281988280776,-5.752819882807756,48.247180117192244,0.9724419536654051,false,false,neither,false,171,195,false,false,false,false,false
2018,8,25,PSB,PRP,"PSB, REDE, PPS, PV, PTB, AVANTE, SOLIDARIEDADE, PMN, PMB, PHS, MDB, PSD, PSDB, PODE, PPL, PRTB, PROS, PRP",18,40839206,98264190,0.41560619387388226,207,0.40350877192982454,213.2059774573016,-6.2059774573016,43.7940225426984,0.9708921038175655,false,false,neither,false,175,203,false,false,false,false,false
2018,8,26,PSB,PR,"PSB, REDE, PPS, PV, PTB, AVANTE, SOLIDARIEDADE, PMN, PMB, PHS, MDB, PSD, PSDB, PODE, PPL, PRTB, PROS, PRP, PR",19,46063797,98264190,0.4687750135629266,240,0.4678362573099415,240.48158195778134,-0.48158195778134427,16.518418042218656,0.9979974268554758,false,false,neither,false,208,207,false,false,false,false,false
2018,8,27,PSB,PRB,"PSB, REDE, PPS, PV, PTB, AVANTE, SOLIDARIEDADE, PMN, PMB, PHS, MDB, PSD, PSDB, PODE, PPL, PRTB, PROS, PRP, PR, PRB",20,51048325,98264190,0.5195007967805972,269,0.5243664717348928,266.5039087484464,2.496091251553594,-9.503908748446406,1.0093660586941322,true,true,votes+seats,false,237,240,true,false,true,false,true
2018,8,28,PSB,PTC,"PSB, REDE, PPS, PV, PTB, AVANTE, SOLIDARIEDADE, PMN, PMB, PHS, MDB, PSD, PSDB, PODE, PPL, PRTB, PROS, PRP, PR, PRB, PTC",21,51650139,98264190,0.5256252455752192,271,0.5282651072124757,269.6457509800874,1.3542490199125723,-12.645750980087428,1.0050223265710299,true,true,votes+seats,false,239,269,false,false,false,false,false
2018,8,29,PSB,DC,"PSB, REDE, PPS, PV, PTB, AVANTE, SOLIDARIEDADE, PMN, PMB, PHS, MDB, PSD, PSDB, PODE, PPL, PRTB, PROS, PRP, PR, PRB, PTC, DC",22,52031873,98264190,0.5295100178406803,272,0.530214424951267,271.638639152269,0.36136084773102084,-14.63863915226898,1.0013302998750795,true,true,votes+seats,false,240,271,false,false,false,false,false
2018,8,30,PSB,PSL,"PSB, REDE, PPS, PV, PTB, AVANTE, SOLIDARIEDADE, PMN, PMB, PHS, MDB, PSD, PSDB, PODE, PPL, PRTB, PROS, PRP, PR, PRB, PTC, DC, PSL",23,63466874,98264190,0.6458799894447814,324,0.631578947368421,331.33643458517287,-7.336434585172867,-74.33643458517287,0.9778580505510722,true,true,votes+seats,false,292,272,false,false,false,false,false
2018,8,31,PSB,NOVO,"PSB, REDE, PPS, PV, PTB, AVANTE, SOLIDARIEDADE, PMN, PMB, PHS, MDB, PSD, PSDB, PODE, PPL, PRTB, PROS, PRP, PR, PRB, PTC, DC, PSL, NOVO",24,66214953,98264190,0.6738462200726429,332,0.6471734892787524,345.6831108972658,-13.683110897265806,-88.6831108972658,0.9604171842189527,true,true,votes+seats,false,300,324,false,false,false,false,false
2018,8,32,PSB,PP,"PSB, REDE, PPS, PV, PTB, AVANTE, SOLIDARIEDADE, PMN, PMB, PHS, MDB, PSD, PSDB, PODE, PPL, PRTB, PROS, PRP, PR, PRB, PTC, DC, PSL, NOVO, PP",25,71623531,98264190,0.7288874105612635,369,0.7192982456140351,373.91924161792815,-4.919241617928151,-116.91924161792815,0.9868441067738508,true,true,votes+seats,false,337,332,false,false,false,false,false
2018,8,33,PSB,PSC,"PSB, REDE, PPS, PV, PTB, AVANTE, SOLIDARIEDADE, PMN, PMB, PHS, MDB, PSD, PSDB, PODE, PPL, PRTB, PROS, PRP, PR, PRB, PTC, DC, PSL, NOVO, PP, PSC",26,73343285,98264190,0.7463887403946443,376,0.732943469785575,382.89742382245254,-6.897423822452538,-125.89742382245254,0.9819862360169578,true,true,votes+seats,false,344,369,false,false,false,false,false
2018,8,34,PSB,PATRIOTA,"PSB, REDE, PPS, PV, PTB, AVANTE, SOLIDARIEDADE, PMN, PMB, PHS, MDB, PSD, PSDB, PODE, PPL, PRTB, PROS, PRP, PR, PRB, PTC, DC, PSL, NOVO, PP, PSC, PATRIOTA",27,74775589,98264190,0.760964792972903,381,0.7426900584795322,390.37493879509924,-9.37493879509924,-133.37493879509924,0.9759847831829697,true,true,votes+seats,false,349,376,false,false,false,false,false
2018,8,35,PSB,DEM,"PSB, REDE, PPS, PV, PTB, AVANTE, SOLIDARIEDADE, PMN, PMB, PHS, MDB, PSD, PSDB, PODE, PPL, PRTB, PROS, PRP, PR, PRB, PTC, DC, PSL, NOVO, PP, PSC, PATRIOTA, DEM",28,79356753,98264190,0.807585683044861,410,0.7992202729044834,414.2914554020137,-4.291455402013696,-157.2914554020137,0.9896414580941588,true,true,votes+seats,false,378,381,false,false,false,false,false
2018,9,9,REDE,REDE,REDE,1,816784,98264190,0.008312122656279973,1,0.001949317738791423,4.264118922671626,-3.264118922671626,252.73588107732837,0.2345150353765142,false,false,neither,false,0,0,false,false,false,false,false
2018,9,10,REDE,PPS,"REDE, PPS",2,2407145,98264190,0.024496665570641757,9,0.017543859649122806,12.56678943773922,-3.566789437739221,244.43321056226077,0.7161733746387263,false,false,neither,false,8,1,false,false,false,false,false
2018,9,11,REDE,PV,"REDE, PPS, PV",3,3999978,98264190,0.040706365157032284,13,0.025341130604288498,20.88236532555756,-7.882365325557561,236.11763467444243,0.6225348420702863,false,false,neither,false,12,9,false,false,false,false,false
2018,9,12,REDE,PTB,"REDE, PPS, PV, PTB",4,6022697,98264190,0.061290862927786814,23,0.04483430799220273,31.442212681954636,-8.442212681954636,225.55778731804537,0.7315006813499546,false,false,neither,false,22,13,false,false,false,false,false
2018,9,13,REDE,AVANTE,"REDE, PPS, PV, PTB, AVANTE",5,7876712,98264190,0.0801585195990523,30,0.05847953216374269,41.12132055431383,-11.121320554313833,215.87867944568617,0.7295485552409589,false,false,neither,false,29,23,false,false,false,false,false
2018,9,14,REDE,SOLIDARIEDADE,"REDE, PPS, PV, PTB, AVANTE, SOLIDARIEDADE",6,9829782,98264190,0.10003422406473814,43,0.08382066276803118,51.31755694521066,-8.317556945210661,205.68244305478933,0.837919857445846,false,false,neither,false,42,30,false,false,false,false,false
2018,9,15,REDE,PMN,"REDE, PPS, PV, PTB, AVANTE, SOLIDARIEDADE, PMN",7,10464237,98264190,0.10649084880260042,46,0.08966861598440545,54.62980543573401,-8.629805435734013,202.370194564266,0.842031188526087,false,false,neither,false,45,43,false,false,false,false,false
2018,9,16,REDE,PMB,"REDE, PPS, PV, PTB, AVANTE, SOLIDARIEDADE, PMN, PMB",8,10692539,98264190,0.10881419772553969,46,0.08966861598440545,55.821683433201855,-9.821683433201855,201.17831656679815,0.8240525396380276,false,false,neither,false,45,46,false,false,false,false,false
2018,9,17,REDE,PHS,"REDE, PPS, PV, PTB, AVANTE, SOLIDARIEDADE, PMN, PMB, PHS",9,12121076,98264190,0.12335191487356686,52,0.10136452241715399,63.2795323301398,-11.279532330139801,193.7204676698602,0.8217507001901877,false,false,neither,false,51,46,false,false,false,false,false
2018,9,18,REDE,MDB,"REDE, PPS, PV, PTB, AVANTE, SOLIDARIEDADE, PMN, PMB, PHS, MDB",10,17560980,98264190,0.17871189901427978,86,0.16764132553606237,91.67920419432552,-5.679204194325521,165.3207958056745,0.9380535177608246,false,false,neither,false,85,52,false,false,false,false,false
2018,9,19,REDE,PSD,"REDE, PPS, PV, PTB, AVANTE, SOLIDARIEDADE, PMN, PMB, PHS, MDB, PSD",11,23309990,98264190,0.2372175458831951,121,0.23586744639376217,121.69260103807909,-0.6926010380790899,135.3073989619209,0.9943086019020798,false,false,neither,false,120,86,false,false,false,false,false
2018,9,20,REDE,PSDB,"REDE, PPS, PV, PTB, AVANTE, SOLIDARIEDADE, PMN, PMB, PHS, MDB, PSD, PSDB",12,29201796,98264190,0.2971763772743662,151,0.29434697855750486,152.45148154174984,-1.4514815417498426,104.54851845825016,0.9904790591270682,false,false,neither,false,150,121,false,false,false,false,false
2018,9,21,REDE,PODE,"REDE, PPS, PV, PTB, AVANTE, SOLIDARIEDADE, PMN, PMB, PHS, MDB, PSD, PSDB, PODE",13,31445116,98264190,0.32000585360750444,162,0.3157894736842105,164.1630029006498,-2.1630029006497864,92.83699709935021,0.986824053761012,false,false,neither,false,161,151,false,false,false,false,false
2018,9,22,REDE,PPL,"REDE, PPS, PV, PTB, AVANTE, SOLIDARIEDADE, PMN, PMB, PHS, MDB, PSD, PSDB, PODE, PPL",14,31834533,98264190,0.3239688130538704,163,0.31773879142300193,166.1960010966355,-3.196001096635513,90.80399890336449,0.9807696871432112,false,false,neither,false,162,162,false,false,false,false,false
2018,9,23,REDE,PRTB,"REDE, PPS, PV, PTB, AVANTE, SOLIDARIEDADE, PMN, PMB, PHS, MDB, PSD, PSDB, PODE, PPL, PRTB",15,32519509,98264190,0.33093957218799647,163,0.31773879142300193,169.77200053244218,-6.772000532442178,87.22799946755782,0.9601112049619271,false,false,neither,false,162,163,false,false,false,false,false
2018,9,24,REDE,PROS,"REDE, PPS, PV, PTB, AVANTE, SOLIDARIEDADE, PMN, PMB, PHS, MDB, PSD, PSDB, PODE, PPL, PRTB, PROS",16,34564214,98264190,0.35174781372542735,171,0.3333333333333333,180.44662844114424,-9.446628441144242,76.55337155885576,0.9476486287233379,false,false,neither,false,170,163,false,false,false,false,false
2018,9,25,REDE,PRP,"REDE, PPS, PV, PTB, AVANTE, SOLIDARIEDADE, PMN, PMB, PHS, MDB, PSD, PSDB, PODE, PPL, PRTB, PROS, PRP",17,35417208,98264190,0.36042843277902153,175,0.341130604288499,184.89978601563806,-9.899786015638057,72.10021398436194,0.9464586399532081,false,false,neither,false,174,171,false,false,false,false,false
2018,9,26,REDE,PR,"REDE, PPS, PV, PTB, AVANTE, SOLIDARIEDADE, PMN, PMB, PHS, MDB, PSD, PSDB, PODE, PPL, PRTB, PROS, PRP, PR",18,40641799,98264190,0.41359725246806595,208,0.40545808966861596,212.17539051611783,-4.1753905161178295,44.82460948388217,0.9803210423887465,false,false,neither,false,207,175,false,false,false,false,false
2018,9,27,REDE,PRB,"REDE, PPS, PV, PTB, AVANTE, SOLIDARIEDADE, PMN, PMB, PHS, MDB, PSD, PSDB, PODE, PPL, PRTB, PROS, PRP, PR, PRB",19,45626327,98264190,0.4643230356857366,237,0.4619883040935672,238.19771730678286,-1.197717306782863,18.802282693217137,0.9949717515334529,false,false,neither,false,236,208,false,false,false,false,false
2018,9,28,REDE,PTC,"REDE, PPS, PV, PTB, AVANTE, SOLIDARIEDADE, PMN, PMB, PHS, MDB, PSD, PSDB, PODE, PPL, PRTB, PROS, PRP, PR, PRB, PTC",20,46228141,98264190,0.4704474844803585,239,0.46588693957115007,241.3395595384239,-2.339559538423913,15.660440461576087,0.990305942619194,false,false,neither,false,238,237,false,false,false,false,false
2018,9,29,REDE,DC,"REDE, PPS, PV, PTB, AVANTE, SOLIDARIEDADE, PMN, PMB, PHS, MDB, PSD, PSDB, PODE, PPL, PRTB, PROS, PRP, PR, PRB, PTC, DC",21,46609875,98264190,0.47433225674581964,240,0.4678362573099415,243.33244771060546,-3.3324477106054644,13.667552289394536,0.9863049595647485,false,false,neither,false,239,239,false,false,false,false,false
2018,9,30,REDE,PSL,"REDE, PPS, PV, PTB, AVANTE, SOLIDARIEDADE, PMN, PMB, PHS, MDB, PSD, PSDB, PODE, PPL, PRTB, PROS, PRP, PR, PRB, PTC, DC, PSL",22,58044876,98264190,0.5907022283499208,292,0.5692007797270955,303.0302431435094,-11.03024314350938,-46.03024314350938,0.963600190432855,true,true,votes+seats,false,291,240,false,false,false,false,true
2018,9,31,REDE,NOVO,"REDE, PPS, PV, PTB, AVANTE, SOLIDARIEDADE, PMN, PMB, PHS, MDB, PSD, PSDB, PODE, PPL, PRTB, PROS, PRP, PR, PRB, PTC, DC, PSL, NOVO",23,60792955,98264190,0.6186684589777822,300,0.5847953216374269,317.37691945560226,-17.376919455602263,-60.37691945560226,0.9452483202451869,true,true,votes+seats,false,299,292,false,false,false,false,false
2018,9,32,REDE,PP,"REDE, PPS, PV, PTB, AVANTE, SOLIDARIEDADE, PMN, PMB, PHS, MDB, PSD, PSDB, PODE, PPL, PRTB, PROS, PRP, PR, PRB, PTC, DC, PSL, NOVO, PP",24,66201533,98264190,0.6737096494664028,337,0.6569200779727096,345.6130501762646,-8.613050176264608,-88.61305017626461,0.9750789208570918,true,true,votes+seats,false,336,300,false,false,false,false,false
2018,9,33,REDE,PSC,"REDE, PPS, PV, PTB, AVANTE, SOLIDARIEDADE, PMN, PMB, PHS, MDB, PSD, PSDB, PODE, PPL, PRTB, PROS, PRP, PR, PRB, PTC, DC, PSL, NOVO, PP, PSC",25,67921287,98264190,0.6912109792997836,344,0.6705653021442495,354.591232380789,-10.591232380788995,-97.591232380789,0.970131149860425,true,true,votes+seats,false,343,337,false,false,false,false,false
2018,9,34,REDE,PATRIOTA,"REDE, PPS, PV, PTB, AVANTE, SOLIDARIEDADE, PMN, PMB, PHS, MDB, PSD, PSDB, PODE, PPL, PRTB, PROS, PRP, PR, PRB, PTC, DC, PSL, NOVO, PP, PSC, PATRIOTA",26,69353591,98264190,0.7057870318780423,349,0.6803118908382066,362.0687473534357,-13.068747353435697,-105.0687473534357,0.9639053427036647,true,true,votes+seats,false,348,344,false,false,false,false,false
2018,9,35,REDE,DEM,"REDE, PPS, PV, PTB, AVANTE, SOLIDARIEDADE, PMN, PMB, PHS, MDB, PSD, PSDB, PODE, PPL, PRTB, PROS, PRP, PR, PRB, PTC, DC, PSL, NOVO, PP, PSC, PATRIOTA, DEM",27,73934755,98264190,0.7524079219500003,378,0.7368421052631579,385.98526396035015,-7.985263960350153,-128.98526396035015,0.9793119978767624,true,true,votes+seats,false,377,349,false,false,false,false,false
2018,10,10,PPS,PPS,PPS,1,1590361,98264190,0.016184542914361784,8,0.015594541910331383,8.302670515067595,-0.3026705150675948,248.6973294849324,0.9635454021066702,false,false,neither,false,0,0,false,false,false,false,false
2018,10,11,PPS,PV,"PPS, PV",2,3183194,98264190,0.03239424250075231,12,0.023391812865497075,16.618246402885937,-4.618246402885937,240.38175359711406,0.722097850102648,false,false,neither,false,4,8,false,false,false,false,false
2018,10,12,PPS,PTB,"PPS, PV, PTB",3,5205913,98264190,0.05297874027150684,22,0.042884990253411304,27.17809375928301,-5.1780937592830085,229.821906240717,0.8094754619236543,false,false,neither,false,14,12,false,false,false,false,false
2018,10,13,PPS,AVANTE,"PPS, PV, PTB, AVANTE",4,7059928,98264190,0.07184639694277234,29,0.056530214424951264,36.85720163164221,-7.857201631642212,220.14279836835777,0.7868204507176492,false,false,neither,false,21,22,false,false,false,false,false
2018,10,14,PPS,SOLIDARIEDADE,"PPS, PV, PTB, AVANTE, SOLIDARIEDADE",5,9012998,98264190,0.09172210140845816,42,0.08187134502923976,47.053438022539034,-5.053438022539034,209.94656197746096,0.8926021511941723,false,false,neither,false,34,29,false,false,false,false,false
2018,10,15,PPS,PMN,"PPS, PV, PTB, AVANTE, SOLIDARIEDADE, PMN",6,9647453,98264190,0.09817872614632045,45,0.08771929824561403,50.36568651306239,-5.365686513062393,206.6343134869376,0.8934654348120362,false,false,neither,false,37,42,false,false,false,false,false
2018,10,16,PPS,PMB,"PPS, PV, PTB, AVANTE, SOLIDARIEDADE, PMN, PMB",7,9875755,98264190,0.10050207506925972,45,0.08771929824561403,51.557564510530234,-6.557564510530234,205.44243548946977,0.8728108169424702,false,false,neither,false,37,45,false,false,false,false,false
2018,10,17,PPS,PHS,"PPS, PV, PTB, AVANTE, SOLIDARIEDADE, PMN, PMB, PHS",8,11304292,98264190,0.11503979221728688,51,0.09941520467836257,59.01541340746817,-8.015413407468174,197.98458659253183,0.8641810173873348,false,false,neither,false,43,45,false,false,false,false,false
2018,10,18,PPS,MDB,"PPS, PV, PTB, AVANTE, SOLIDARIEDADE, PMN, PMB, PHS, MDB",9,16744196,98264190,0.1703997763579998,85,0.16569200779727095,87.4150852716539,-2.4150852716538935,169.58491472834612,0.9723722139702925,false,false,neither,false,77,51,false,false,false,false,false
2018,10,19,PPS,PSD,"PPS, PV, PTB, AVANTE, SOLIDARIEDADE, PMN, PMB, PHS, MDB, PSD",10,22493206,98264190,0.22890542322691512,120,0.23391812865497075,117.42848211540746,2.571517884592538,139.57151788459254,1.021898587448872,false,false,neither,false,112,85,false,false,false,false,false
2018,10,20,PPS,PSDB,"PPS, PV, PTB, AVANTE, SOLIDARIEDADE, PMN, PMB, PHS, MDB, PSD, PSDB",11,28385012,98264190,0.2888642546180862,150,0.29239766081871343,148.18736261907821,1.8126373809217853,108.81263738092179,1.0122320645221363,false,false,neither,false,142,120,false,false,false,false,false
2018,10,21,PPS,PODE,"PPS, PV, PTB, AVANTE, SOLIDARIEDADE, PMN, PMB, PHS, MDB, PSD, PSDB, PODE",12,30628332,98264190,0.31169373095122443,161,0.3138401559454191,159.89888397797813,1.1011160220218699,97.10111602202187,1.0068863271251693,false,false,neither,false,153,150,false,false,false,false,false
2018,10,22,PPS,PPL,"PPS, PV, PTB, AVANTE, SOLIDARIEDADE, PMN, PMB, PHS, MDB, PSD, PSDB, PODE, PPL",13,31017749,98264190,0.3156566903975904,162,0.3157894736842105,161.93188217396388,0.06811782603611505,95.06811782603612,1.0004206572857772,false,false,neither,false,154,161,false,false,false,false,false
2018,10,23,PPS,PRTB,"PPS, PV, PTB, AVANTE, SOLIDARIEDADE, PMN, PMB, PHS, MDB, PSD, PSDB, PODE, PPL, PRTB",14,31702725,98264190,0.3226274495317165,162,0.3157894736842105,165.50788160977058,-3.5078816097705783,91.49211839022942,0.9788053500796937,false,false,neither,false,154,162,false,false,false,false,false
2018,10,24,PPS,PROS,"PPS, PV, PTB, AVANTE, SOLIDARIEDADE, PMN, PMB, PHS, MDB, PSD, PSDB, PODE, PPL, PRTB, PROS",15,33747430,98264190,0.34343569106914734,170,0.3313840155945419,176.18250951847259,-6.182509518472585,80.81749048152741,0.9649084944052045,false,false,neither,false,162,162,false,false,false,false,false
2018,10,25,PPS,PRP,"PPS, PV, PTB, AVANTE, SOLIDARIEDADE, PMN, PMB, PHS, MDB, PSD, PSDB, PODE, PPL, PRTB, PROS, PRP",16,34600424,98264190,0.3521163101227416,174,0.3391812865497076,180.63566709296643,-6.635667092966429,76.36433290703357,0.9632649121861891,false,false,neither,false,166,170,false,false,false,false,false
2018,10,26,PPS,PR,"PPS, PV, PTB, AVANTE, SOLIDARIEDADE, PMN, PMB, PHS, MDB, PSD, PSDB, PODE, PPL, PRTB, PROS, PRP, PR",17,39825015,98264190,0.40528512981178594,207,0.40350877192982454,207.91127159344617,-0.9112715934461733,49.08872840655383,0.995617016881951,false,false,neither,false,199,174,false,false,false,false,false
2018,10,27,PPS,PRB,"PPS, PV, PTB, AVANTE, SOLIDARIEDADE, PMN, PMB, PHS, MDB, PSD, PSDB, PODE, PPL, PRTB, PROS, PRP, PR, PRB",18,44809543,98264190,0.4560109130294566,236,0.4600389863547758,233.93359838411124,2.066401615888765,23.066401615888765,1.008833282735624,false,false,neither,false,228,207,false,false,false,false,false
2018,10,28,PPS,PTC,"PPS, PV, PTB, AVANTE, SOLIDARIEDADE, PMN, PMB, PHS, MDB, PSD, PSDB, PODE, PPL, PRTB, PROS, PRP, PR, PRB, PTC",19,45411357,98264190,0.46213536182407855,238,0.46393762183235865,237.07544061575229,0.9245593842477149,19.924559384247715,1.0038998530672194,false,false,neither,false,230,236,false,false,false,false,false
2018,10,29,PPS,DC,"PPS, PV, PTB, AVANTE, SOLIDARIEDADE, PMN, PMB, PHS, MDB, PSD, PSDB, PODE, PPL, PRTB, PROS, PRP, PR, PRB, PTC, DC",20,45793091,98264190,0.46602013408953963,239,0.46588693957115007,239.06832878793384,-0.06832878793383657,17.931671212066163,0.9997141872021265,false,false,neither,false,231,238,false,false,false,false,false
2018,10,30,PPS,PSL,"PPS, PV, PTB, AVANTE, SOLIDARIEDADE, PMN, PMB, PHS, MDB, PSD, PSDB, PODE, PPL, PRTB, PROS, PRP, PR, PRB, PTC, DC, PSL",21,57228092,98264190,0.5823901056936408,291,0.5672514619883041,298.76612422083775,-7.766124220837753,-41.76612422083775,0.9740060080737356,true,true,votes+seats,false,283,239,false,false,false,false,true
2018,10,31,PPS,NOVO,"PPS, PV, PTB, AVANTE, SOLIDARIEDADE, PMN, PMB, PHS, MDB, PSD, PSDB, PODE, PPL, PRTB, PROS, PRP, PR, PRB, PTC, DC, PSL, NOVO",22,59976171,98264190,0.6103563363215022,299,0.5828460038986355,313.11280053293063,-14.112800532930635,-56.112800532930635,0.9549274238903358,true,true,votes+seats,false,291,291,false,false,false,false,false
2018,10,32,PPS,PP,"PPS, PV, PTB, AVANTE, SOLIDARIEDADE, PMN, PMB, PHS, MDB, PSD, PSDB, PODE, PPL, PRTB, PROS, PRP, PR, PRB, PTC, DC, PSL, NOVO, PP",23,65384749,98264190,0.6653975268101228,336,0.6549707602339181,341.348931253593,-5.34893125359298,-84.34893125359298,0.9843300190396108,true,true,votes+seats,false,328,299,false,false,false,false,false
2018,10,33,PPS,PSC,"PPS, PV, PTB, AVANTE, SOLIDARIEDADE, PMN, PMB, PHS, MDB, PSD, PSDB, PODE, PPL, PRTB, PROS, PRP, PR, PRB, PTC, DC, PSL, NOVO, PP, PSC",24,67104503,98264190,0.6828988566435036,343,0.6686159844054581,350.3271134581173,-7.32711345811731,-93.32711345811731,0.9790849375436843,true,true,votes+seats,false,335,336,false,false,false,false,false
2018,10,34,PPS,PATRIOTA,"PPS, PV, PTB, AVANTE, SOLIDARIEDADE, PMN, PMB, PHS, MDB, PSD, PSDB, PODE, PPL, PRTB, PROS, PRP, PR, PRB, PTC, DC, PSL, NOVO, PP, PSC, PATRIOTA",25,68536807,98264190,0.6974749092217623,348,0.6783625730994152,357.804628430764,-9.804628430764012,-100.80462843076401,0.9725978155347947,true,true,votes+seats,false,340,343,false,false,false,false,false
2018,10,35,PPS,DEM,"PPS, PV, PTB, AVANTE, SOLIDARIEDADE, PMN, PMB, PHS, MDB, PSD, PSDB, PODE, PPL, PRTB, PROS, PRP, PR, PRB, PTC, DC, PSL, NOVO, PP, PSC, PATRIOTA, DEM",26,73117971,98264190,0.7440957992937203,377,0.7348927875243665,381.7211450376785,-4.721145037678525,-124.72114503767853,0.987631953065601,true,true,votes+seats,false,369,348,false,false,false,false,false
2018,11,11,PV,PV,PV,1,1592833,98264190,0.016209699586390524,4,0.007797270955165692,8.315575887818339,-4.315575887818339,248.68442411218166,0.48102501305528145,false,false,neither,false,0,0,false,false,false,false,false
2018,11,12,PV,PTB,"PV, PTB",2,3615552,98264190,0.03679419735714506,14,0.02729044834307992,18.875423244215416,-4.8754232442154155,238.12457675578457,0.7417052226519188,false,false,neither,false,10,4,false,false,false,false,false
2018,11,13,PV,AVANTE,"PV, PTB, AVANTE",3,5469567,98264190,0.055661854028410555,21,0.04093567251461988,28.554531116574616,-7.554531116574616,228.44546888342538,0.735434944256901,false,false,neither,false,17,14,false,false,false,false,false
2018,11,14,PV,SOLIDARIEDADE,"PV, PTB, AVANTE, SOLIDARIEDADE",4,7422637,98264190,0.07553755849409638,34,0.06627680311890838,38.750767507471444,-4.750767507471444,218.24923249252856,0.8774019764497449,false,false,neither,false,30,21,false,false,false,false,false
2018,11,15,PV,PMN,"PV, PTB, AVANTE, SOLIDARIEDADE, PMN",5,8057092,98264190,0.08199418323195866,37,0.07212475633528265,42.06301599799479,-5.063015997994789,214.9369840020052,0.879632597000744,false,false,neither,false,33,34,false,false,false,false,false
2018,11,16,PV,PMB,"PV, PTB, AVANTE, SOLIDARIEDADE, PMN, PMB",6,8285394,98264190,0.08431753215489793,37,0.07212475633528265,43.25489399546264,-6.254893995462638,213.74510600453738,0.8553945364860039,false,false,neither,false,33,37,false,false,false,false,false
2018,11,17,PV,PHS,"PV, PTB, AVANTE, SOLIDARIEDADE, PMN, PMB, PHS",7,9713931,98264190,0.09885524930292511,43,0.08382066276803118,50.71274289240058,-7.712742892400577,206.28725710759943,0.8479131190208931,false,false,neither,false,39,37,false,false,false,false,false
2018,11,18,PV,MDB,"PV, PTB, AVANTE, SOLIDARIEDADE, PMN, PMB, PHS, MDB",8,15153835,98264190,0.15421523344363802,77,0.15009746588693956,79.1124147565863,-2.112414756586304,177.8875852434137,0.9732985680808025,false,false,neither,false,73,43,false,false,false,false,false
2018,11,19,PV,PSD,"PV, PTB, AVANTE, SOLIDARIEDADE, PMN, PMB, PHS, MDB, PSD",9,20902845,98264190,0.21272088031255335,112,0.21832358674463936,109.12581160033987,2.8741883996601274,147.8741883996601,1.0263383003297744,false,false,neither,false,108,77,false,false,false,false,false
2018,11,20,PV,PSDB,"PV, PTB, AVANTE, SOLIDARIEDADE, PMN, PMB, PHS, MDB, PSD, PSDB",10,26794651,98264190,0.2726797117037244,142,0.27680311890838205,139.8846921040106,2.115307895989389,117.11530789598939,1.01512179684691,false,false,neither,false,138,112,false,false,false,false,false
2018,11,21,PV,PODE,"PV, PTB, AVANTE, SOLIDARIEDADE, PMN, PMB, PHS, MDB, PSD, PSDB, PODE",11,29037971,98264190,0.29550918803686266,153,0.2982456140350877,151.59621346291055,1.4037865370894451,105.40378653708945,1.0092600369430262,false,false,neither,false,149,142,false,false,false,false,false
2018,11,22,PV,PPL,"PV, PTB, AVANTE, SOLIDARIEDADE, PMN, PMB, PHS, MDB, PSD, PSDB, PODE, PPL",12,29427388,98264190,0.29947214748322865,154,0.3001949317738791,153.62921165889628,0.3707883411037187,103.37078834110372,1.002413527590879,false,false,neither,false,150,153,false,false,false,false,false
2018,11,23,PV,PRTB,"PV, PTB, AVANTE, SOLIDARIEDADE, PMN, PMB, PHS, MDB, PSD, PSDB, PODE, PPL, PRTB",13,30112364,98264190,0.3064429066173547,154,0.3001949317738791,157.20521109470295,-3.205211094702946,99.79478890529705,0.9796112923205066,false,false,neither,false,150,154,false,false,false,false,false
2018,11,24,PV,PROS,"PV, PTB, AVANTE, SOLIDARIEDADE, PMN, PMB, PHS, MDB, PSD, PSDB, PODE, PPL, PRTB, PROS",14,32157069,98264190,0.32725114815478556,162,0.3157894736842105,167.87983900340498,-5.879839003404982,89.12016099659502,0.9649759075401203,false,false,neither,false,158,154,false,false,false,false,false
2018,11,25,PV,PRP,"PV, PTB, AVANTE, SOLIDARIEDADE, PMN, PMB, PHS, MDB, PSD, PSDB, PODE, PPL, PRTB, PROS, PRP",15,33010063,98264190,0.33593176720837975,166,0.3235867446393762,172.33299657789883,-6.332996577898825,84.66700342210117,0.9632513987242359,false,false,neither,false,162,162,false,false,false,false,false
2018,11,26,PV,PR,"PV, PTB, AVANTE, SOLIDARIEDADE, PMN, PMB, PHS, MDB, PSD, PSDB, PODE, PPL, PRTB, PROS, PRP, PR",16,38234654,98264190,0.38910058689742416,199,0.38791423001949316,199.6086010783786,-0.608601078378598,57.3913989216214,0.9969510277859238,false,false,neither,false,195,166,false,false,false,false,false
2018,11,27,PV,PRB,"PV, PTB, AVANTE, SOLIDARIEDADE, PMN, PMB, PHS, MDB, PSD, PSDB, PODE, PPL, PRTB, PROS, PRP, PR, PRB",17,43219182,98264190,0.43982637011509484,228,0.4444444444444444,225.63092786904366,2.36907213095634,31.36907213095634,1.0104997668242155,false,false,neither,false,224,199,false,false,false,false,false
2018,11,28,PV,PTC,"PV, PTB, AVANTE, SOLIDARIEDADE, PMN, PMB, PHS, MDB, PSD, PSDB, PODE, PPL, PRTB, PROS, PRP, PR, PRB, PTC",18,43820996,98264190,0.4459508189097168,230,0.44834307992202727,228.7727701006847,1.2272298993152901,28.22722989931529,1.0053644054700006,false,false,neither,false,226,228,false,false,false,false,false
2018,11,29,PV,DC,"PV, PTB, AVANTE, SOLIDARIEDADE, PMN, PMB, PHS, MDB, PSD, PSDB, PODE, PPL, PRTB, PROS, PRP, PR, PRB, PTC, DC",19,44202730,98264190,0.44983559117517785,231,0.4502923976608187,230.76565827286623,0.2343417271337671,26.234341727133767,1.0010154965382962,false,false,neither,false,227,230,false,false,false,false,false
2018,11,30,PV,PSL,"PV, PTB, AVANTE, SOLIDARIEDADE, PMN, PMB, PHS, MDB, PSD, PSDB, PODE, PPL, PRTB, PROS, PRP, PR, PRB, PTC, DC, PSL",20,55637731,98264190,0.566205562779279,283,0.5516569200779727,290.4634537057701,-7.463453705770121,-33.46345370577012,0.9743050163091074,true,true,votes+seats,false,279,231,false,false,false,false,true
2018,11,31,PV,NOVO,"PV, PTB, AVANTE, SOLIDARIEDADE, PMN, PMB, PHS, MDB, PSD, PSDB, PODE, PPL, PRTB, PROS, PRP, PR, PRB, PTC, DC, PSL, NOVO",21,58385810,98264190,0.5941717934071404,291,0.5672514619883041,304.81013001786306,-13.81013001786306,-47.81013001786306,0.954692680269341,true,true,votes+seats,false,287,283,false,false,false,false,false
2018,11,32,PV,PP,"PV, PTB, AVANTE, SOLIDARIEDADE, PMN, PMB, PHS, MDB, PSD, PSDB, PODE, PPL, PRTB, PROS, PRP, PR, PRB, PTC, DC, PSL, NOVO, PP",22,63794388,98264190,0.649212983895761,328,0.6393762183235867,333.0462607385254,-5.046260738525405,-76.0462607385254,0.9848481687578915,true,true,votes+seats,false,324,291,false,false,false,false,false
2018,11,33,PV,PSC,"PV, PTB, AVANTE, SOLIDARIEDADE, PMN, PMB, PHS, MDB, PSD, PSDB, PODE, PPL, PRTB, PROS, PRP, PR, PRB, PTC, DC, PSL, NOVO, PP, PSC",23,65514142,98264190,0.6667143137291418,335,0.6530214424951267,342.02444294304973,-7.024442943049735,-85.02444294304973,0.9794621610005243,true,true,votes+seats,false,331,328,false,false,false,false,false
2018,11,34,PV,PATRIOTA,"PV, PTB, AVANTE, SOLIDARIEDADE, PMN, PMB, PHS, MDB, PSD, PSDB, PODE, PPL, PRTB, PROS, PRP, PR, PRB, PTC, DC, PSL, NOVO, PP, PSC, PATRIOTA",24,66946446,98264190,0.6812903663074005,340,0.6627680311890838,349.50195791569644,-9.501957915696437,-92.50195791569644,0.9728128621299786,true,true,votes+seats,false,336,335,false,false,false,false,false
2018,11,35,PV,DEM,"PV, PTB, AVANTE, SOLIDARIEDADE, PMN, PMB, PHS, MDB, PSD, PSDB, PODE, PPL, PRTB, PROS, PRP, PR, PRB, PTC, DC, PSL, NOVO, PP, PSC, PATRIOTA, DEM",25,71527610,98264190,0.7279112563793585,369,0.7192982456140351,373.4184745226109,-4.418474522610893,-116.4184745226109,0.9881674988676991,true,true,votes+seats,false,365,340,false,false,false,false,false
2018,12,12,PTB,PTB,PTB,1,2022719,98264190,0.020584497770754533,10,0.01949317738791423,10.559847356397075,-0.559847356397075,246.44015264360291,0.9469833855071851,false,false,neither,false,0,0,false,false,false,false,false
2018,12,13,PTB,AVANTE,"PTB, AVANTE",2,3876734,98264190,0.03945215444202003,17,0.03313840155945419,20.238955228756275,-3.238955228756275,236.76104477124372,0.839964306845531,false,false,neither,false,7,10,false,false,false,false,false
2018,12,14,PTB,SOLIDARIEDADE,"PTB, AVANTE, SOLIDARIEDADE",3,5829804,98264190,0.05932785890770585,30,0.05847953216374269,30.435191619653104,-0.4351916196531036,226.5648083803469,0.9857010389455841,false,false,neither,false,20,17,false,false,false,false,false
2018,12,15,PTB,PMN,"PTB, AVANTE, SOLIDARIEDADE, PMN",4,6464259,98264190,0.06578448364556813,33,0.06432748538011696,33.74744011017645,-0.7474401101764485,223.25255988982354,0.9778519464665689,false,false,neither,false,23,30,false,false,false,false,false
2018,12,16,PTB,PMB,"PTB, AVANTE, SOLIDARIEDADE, PMN, PMB",5,6692561,98264190,0.06810783256850741,33,0.06432748538011696,34.939318107644304,-1.9393181076443042,222.0606818923557,0.9444946778391762,false,false,neither,false,23,33,false,false,false,false,false
2018,12,17,PTB,PHS,"PTB, AVANTE, SOLIDARIEDADE, PMN, PMB, PHS",6,8121098,98264190,0.08264554971653458,39,0.07602339181286549,42.397167004582236,-3.3971670045822364,214.60283299541777,0.91987278290988,false,false,neither,false,29,33,false,false,false,false,false
2018,12,18,PTB,MDB,"PTB, AVANTE, SOLIDARIEDADE, PMN, PMB, PHS, MDB",7,13561002,98264190,0.13800553385724748,73,0.14230019493177387,70.79683886876796,2.2031611312320365,186.20316113123204,1.0311194845198655,false,false,neither,false,63,39,false,false,false,false,false
2018,12,19,PTB,PSD,"PTB, AVANTE, SOLIDARIEDADE, PMN, PMB, PHS, MDB, PSD",8,19310012,98264190,0.1965111807261628,108,0.21052631578947367,100.81023571252152,7.189764287478482,156.18976428747848,1.0713197845105866,false,false,neither,false,98,73,false,false,false,false,false
2018,12,20,PTB,PSDB,"PTB, AVANTE, SOLIDARIEDADE, PMN, PMB, PHS, MDB, PSD, PSDB",9,25201818,98264190,0.2564700121173339,138,0.26900584795321636,131.5691162161923,6.430883783807701,125.4308837838077,1.048878368790139,false,false,neither,false,128,108,false,false,false,false,false
2018,12,21,PTB,PODE,"PTB, AVANTE, SOLIDARIEDADE, PMN, PMB, PHS, MDB, PSD, PSDB, PODE",10,27445138,98264190,0.27929948845047214,149,0.290448343079922,143.28063757509221,5.719362424907786,113.71936242490779,1.0399172038993079,false,false,neither,false,139,138,false,false,false,false,false
2018,12,22,PTB,PPL,"PTB, AVANTE, SOLIDARIEDADE, PMN, PMB, PHS, MDB, PSD, PSDB, PODE, PPL",11,27834555,98264190,0.28326244789683813,150,0.29239766081871343,145.31363577107797,4.686364228922031,111.68636422892203,1.0322499963892222,false,false,neither,false,140,149,false,false,false,false,false
2018,12,23,PTB,PRTB,"PTB, AVANTE, SOLIDARIEDADE, PMN, PMB, PHS, MDB, PSD, PSDB, PODE, PPL, PRTB",12,28519531,98264190,0.29023320703096417,150,0.29239766081871343,148.8896352068846,1.1103647931153944,108.1103647931154,1.0074576366015844,false,false,neither,false,140,150,false,false,false,false,false
2018,12,24,PTB,PROS,"PTB, AVANTE, SOLIDARIEDADE, PMN, PMB, PHS, MDB, PSD, PSDB, PODE, PPL, PRTB, PROS",13,30564236,98264190,0.31104144856839505,158,0.3079922027290448,159.56426311558667,-1.5642631155866695,97.43573688441333,0.990196657540708,false,false,neither,false,148,150,false,false,false,false,false
2018,12,25,PTB,PRP,"PTB, AVANTE, SOLIDARIEDADE, PMN, PMB, PHS, MDB, PSD, PSDB, PODE, PPL, PRTB, PROS, PRP",14,31417230,98264190,0.31972206762198924,162,0.3157894736842105,164.01742069008048,-2.0174206900804847,92.98257930991952,0.9876999608846886,false,false,neither,false,152,158,false,false,false,false,false
2018,12,26,PTB,PR,"PTB, AVANTE, SOLIDARIEDADE, PMN, PMB, PHS, MDB, PSD, PSDB, PODE, PPL, PRTB, PROS, PRP, PR",15,36641821,98264190,0.37289088731103365,195,0.38011695906432746,191.29302519056026,3.7069748094397426,65.70697480943974,1.0193785152686408,false,false,neither,false,185,162,false,false,false,false,false
2018,12,27,PTB,PRB,"PTB, AVANTE, SOLIDARIEDADE, PMN, PMB, PHS, MDB, PSD, PSDB, PODE, PPL, PRTB, PROS, PRP, PR, PRB",16,41626349,98264190,0.4236166705287043,224,0.43664717348927873,217.3153519812253,6.684648018774709,39.68464801877471,1.0307601278871095,false,false,neither,false,214,195,false,false,false,false,false
2018,12,28,PTB,PTC,"PTB, AVANTE, SOLIDARIEDADE, PMN, PMB, PHS, MDB, PSD, PSDB, PODE, PPL, PRTB, PROS, PRP, PR, PRB, PTC",17,42228163,98264190,0.4297411193233262,226,0.4405458089668616,220.45719421286634,5.542805787133659,36.54280578713366,1.025142322104407,false,false,neither,false,216,224,false,false,false,false,false
2018,12,29,PTB,DC,"PTB, AVANTE, SOLIDARIEDADE, PMN, PMB, PHS, MDB, PSD, PSDB, PODE, PPL, PRTB, PROS, PRP, PR, PRB, PTC, DC",18,42609897,98264190,0.43362589158878734,227,0.442495126705653,222.4500823850479,4.549917614952108,34.54991761495211,1.0204536566863414,false,false,neither,false,217,226,false,false,false,false,false
2018,12,30,PTB,PSL,"PTB, AVANTE, SOLIDARIEDADE, PMN, PMB, PHS, MDB, PSD, PSDB, PODE, PPL, PRTB, PROS, PRP, PR, PRB, PTC, DC, PSL",19,54044898,98264190,0.5499958631928885,279,0.543859649122807,282.1478778179518,-3.1478778179517803,-25.14787781795178,0.9888431632295216,true,true,votes+seats,false,269,227,false,false,false,false,true
2018,12,31,PTB,NOVO,"PTB, AVANTE, SOLIDARIEDADE, PMN, PMB, PHS, MDB, PSD, PSDB, PODE, PPL, PRTB, PROS, PRP, PR, PRB, PTC, DC, PSL, NOVO",20,56792977,98264190,0.5779620938207499,287,0.5594541910331384,296.4945541300447,-9.494554130044719,-39.49455413004472,0.9679773068415943,true,true,votes+seats,false,277,279,false,false,false,false,false
2018,12,32,PTB,PP,"PTB, AVANTE, SOLIDARIEDADE, PMN, PMB, PHS, MDB, PSD, PSDB, PODE, PPL, PRTB, PROS, PRP, PR, PRB, PTC, DC, PSL, NOVO, PP",21,62201555,98264190,0.6330032843093705,324,0.631578947368421,324.73068485070706,-0.730684850707064,-67.73068485070706,0.997749874327266,true,true,votes+seats,false,314,287,false,false,false,false,false
2018,12,33,PTB,PSC,"PTB, AVANTE, SOLIDARIEDADE, PMN, PMB, PHS, MDB, PSD, PSDB, PODE, PPL, PRTB, PROS, PRP, PR, PRB, PTC, DC, PSL, NOVO, PP, PSC",22,63921309,98264190,0.6505046141427513,331,0.645224171539961,333.7088670552314,-2.7088670552313943,-76.7088670552314,0.991882543969732,true,true,votes+seats,false,321,324,false,false,false,false,false
2018,12,34,PTB,PATRIOTA,"PTB, AVANTE, SOLIDARIEDADE, PMN, PMB, PHS, MDB, PSD, PSDB, PODE, PPL, PRTB, PROS, PRP, PR, PRB, PTC, DC, PSL, NOVO, PP, PSC, PATRIOTA",23,65353613,98264190,0.66508066672101,336,0.6549707602339181,341.1863820278781,-5.186382027878096,-84.1863820278781,0.9847989770369724,true,true,votes+seats,false,326,331,false,false,false,false,false
2018,12,35,PTB,DEM,"PTB, AVANTE, SOLIDARIEDADE, PMN, PMB, PHS, MDB, PSD, PSDB, PODE, PPL, PRTB, PROS, PRP, PR, PRB, PTC, DC, PSL, NOVO, PP, PSC, PATRIOTA, DEM",24,69934777,98264190,0.711701556792968,365,0.7115009746588694,365.10289863479255,-0.10289863479255246,-108.10289863479255,0.999718165385218,true,true,votes+seats,false,355,336,false,false,false,false,false
2018,13,13,AVANTE,AVANTE,AVANTE,1,1854015,98264190,0.018867656671265495,7,0.01364522417153996,9.679107872359198,-2.6791078723591983,247.3208921276408,0.7232071480461567,false,false,neither,false,0,0,false,false,false,false,false
2018,13,14,AVANTE,SOLIDARIEDADE,"AVANTE, SOLIDARIEDADE",2,3807085,98264190,0.038743361136951315,20,0.03898635477582846,19.875344263256025,0.1246557367439749,237.124655736744,1.0062718781165683,false,false,neither,false,13,7,false,false,false,false,false
2018,13,15,AVANTE,PMN,"AVANTE, SOLIDARIEDADE, PMN",3,4441540,98264190,0.0451999858748136,23,0.04483430799220273,23.187592753779377,-0.18759275377937712,233.81240724622063,0.991909778829939,false,false,neither,false,16,20,false,false,false,false,false
2018,13,16,AVANTE,PMB,"AVANTE, SOLIDARIEDADE, PMN, PMB",4,4669842,98264190,0.04752333479775287,23,0.04483430799220273,24.379470751247222,-1.3794707512472222,232.62052924875277,0.9434167064034132,false,false,neither,false,16,23,false,false,false,false,false
2018,13,17,AVANTE,PHS,"AVANTE, SOLIDARIEDADE, PMN, PMB, PHS",5,6098379,98264190,0.062061051945780044,29,0.056530214424951264,31.83731964818516,-2.8373196481851615,225.16268035181483,0.9108806997718824,false,false,neither,false,22,23,false,false,false,false,false
2018,13,18,AVANTE,MDB,"AVANTE, SOLIDARIEDADE, PMN, PMB, PHS, MDB",6,11538283,98264190,0.11742103608649296,63,0.12280701754385964,60.236991512370885,2.763008487629115,196.76300848762912,1.045868965535267,false,false,neither,false,56,29,false,false,false,false,false
2018,13,19,AVANTE,PSD,"AVANTE, SOLIDARIEDADE, PMN, PMB, PHS, MDB, PSD",7,17287293,98264190,0.17592668295540828,98,0.19103313840155944,90.25038835612445,7.749611643875554,166.74961164387554,1.0858679035628733,false,false,neither,false,91,63,false,false,false,false,false
2018,13,20,AVANTE,PSDB,"AVANTE, SOLIDARIEDADE, PMN, PMB, PHS, MDB, PSD, PSDB",8,23179099,98264190,0.23588551434657937,128,0.24951267056530213,121.00926885979521,6.990731140204787,135.9907311402048,1.0577702122000625,false,false,neither,false,121,98,false,false,false,false,false
2018,13,21,AVANTE,PODE,"AVANTE, SOLIDARIEDADE, PMN, PMB, PHS, MDB, PSD, PSDB, PODE",9,25422419,98264190,0.2587149906797176,139,0.2709551656920078,132.72079021869513,6.279209781304871,124.27920978130487,1.0473114255193787,false,false,neither,false,132,128,false,false,false,false,false
2018,13,22,AVANTE,PPL,"AVANTE, SOLIDARIEDADE, PMN, PMB, PHS, MDB, PSD, PSDB, PODE, PPL",10,25811836,98264190,0.2626779501260836,140,0.2729044834307992,134.75378841468088,5.2462115853191165,122.24621158531912,1.0389318300215415,false,false,neither,false,133,139,false,false,false,false,false
2018,13,23,AVANTE,PRTB,"AVANTE, SOLIDARIEDADE, PMN, PMB, PHS, MDB, PSD, PSDB, PODE, PPL, PRTB",11,26496812,98264190,0.2696487092602096,140,0.2729044834307992,138.32978785048752,1.67021214951248,118.67021214951248,1.0120741322275266,false,false,neither,false,133,140,false,false,false,false,false
2018,13,24,AVANTE,PROS,"AVANTE, SOLIDARIEDADE, PMN, PMB, PHS, MDB, PSD, PSDB, PODE, PPL, PRTB, PROS",12,28541517,98264190,0.2904569507976405,148,0.2884990253411306,149.00441575918958,-1.004415759189584,107.99558424081042,0.9932591544077939,false,false,neither,false,141,140,false,false,false,false,false
2018,13,25,AVANTE,PRP,"AVANTE, SOLIDARIEDADE, PMN, PMB, PHS, MDB, PSD, PSDB, PODE, PPL, PRTB, PROS, PRP",13,29394511,98264190,0.29913756985123474,152,0.2962962962962963,153.45757333368343,-1.4575733336834276,103.54242666631657,0.9905017829878358,false,false,neither,false,145,148,false,false,false,false,false
2018,13,26,AVANTE,PR,"AVANTE, SOLIDARIEDADE, PMN, PMB, PHS, MDB, PSD, PSDB, PODE, PPL, PRTB, PROS, PRP, PR",14,34619102,98264190,0.3523063895402791,185,0.36062378167641324,180.73317783416317,4.266822165836828,76.26682216583683,1.0236084055897694,false,false,neither,false,178,152,false,false,false,false,false
2018,13,27,AVANTE,PRB,"AVANTE, SOLIDARIEDADE, PMN, PMB, PHS, MDB, PSD, PSDB, PODE, PPL, PRTB, PROS, PRP, PR, PRB",15,39603630,98264190,0.4030321727579498,214,0.4171539961013645,206.75550462482823,7.244495375171766,50.244495375171766,1.035038947999558,false,false,neither,false,207,185,false,false,false,false,false
2018,13,28,AVANTE,PTC,"AVANTE, SOLIDARIEDADE, PMN, PMB, PHS, MDB, PSD, PSDB, PODE, PPL, PRTB, PROS, PRP, PR, PRB, PTC",16,40205444,98264190,0.4091566215525717,216,0.42105263157894735,209.89734685646928,6.102653143530716,47.102653143530716,1.0290744653752284,false,false,neither,false,209,214,false,false,false,false,false
2018,13,29,AVANTE,DC,"AVANTE, SOLIDARIEDADE, PMN, PMB, PHS, MDB, PSD, PSDB, PODE, PPL, PRTB, PROS, PRP, PR, PRB, PTC, DC",17,40587178,98264190,0.4130413938180328,217,0.42300194931773877,211.8902350286508,5.109764971349193,45.10976497134919,1.0241151508027648,false,false,neither,false,210,216,false,false,false,false,false
2018,13,30,AVANTE,PSL,"AVANTE, SOLIDARIEDADE, PMN, PMB, PHS, MDB, PSD, PSDB, PODE, PPL, PRTB, PROS, PRP, PR, PRB, PTC, DC, PSL",18,52022179,98264190,0.529411365422134,269,0.5243664717348928,271.5880304615547,-2.5880304615546947,-14.588030461554695,0.9904707491815584,true,true,votes+seats,false,262,217,false,false,false,false,true
2018,13,31,AVANTE,NOVO,"AVANTE, SOLIDARIEDADE, PMN, PMB, PHS, MDB, PSD, PSDB, PODE, PPL, PRTB, PROS, PRP, PR, PRB, PTC, DC, PSL, NOVO",19,54770258,98264190,0.5573775960499954,277,0.5399610136452242,285.93470677364763,-8.934706773647633,-28.934706773647633,0.9687526328144539,true,true,votes+seats,false,270,269,false,false,false,false,false
2018,13,32,AVANTE,PP,"AVANTE, SOLIDARIEDADE, PMN, PMB, PHS, MDB, PSD, PSDB, PODE, PPL, PRTB, PROS, PRP, PR, PRB, PTC, DC, PSL, NOVO, PP",20,60178836,98264190,0.6124187865386159,314,0.6120857699805068,314.17083749431,-0.1708374943099784,-57.17083749430998,0.9994562273963029,true,true,votes+seats,false,307,277,false,false,false,false,false
2018,13,33,AVANTE,PSC,"AVANTE, SOLIDARIEDADE, PMN, PMB, PHS, MDB, PSD, PSDB, PODE, PPL, PRTB, PROS, PRP, PR, PRB, PTC, DC, PSL, NOVO, PP, PSC",21,61898590,98264190,0.6299201163719967,321,0.6257309941520468,323.1490196988343,-2.1490196988343087,-66.14901969883431,0.993349756403912,true,true,votes+seats,false,314,314,false,false,false,false,false
2018,13,34,AVANTE,PATRIOTA,"AVANTE, SOLIDARIEDADE, PMN, PMB, PHS, MDB, PSD, PSDB, PODE, PPL, PRTB, PROS, PRP, PR, PRB, PTC, DC, PSL, NOVO, PP, PSC, PATRIOTA",22,63330894,98264190,0.6444961689502554,326,0.6354775828460039,330.626534671481,-4.626534671481011,-73.62653467148101,0.9860067653793182,true,true,votes+seats,false,319,321,false,false,false,false,false
2018,13,35,AVANTE,DEM,"AVANTE, SOLIDARIEDADE, PMN, PMB, PHS, MDB, PSD, PSDB, PODE, PPL, PRTB, PROS, PRP, PR, PRB, PTC, DC, PSL, NOVO, PP, PSC, PATRIOTA, DEM",23,67912058,98264190,0.6911170590222134,355,0.6920077972709552,354.54305127839547,0.45694872160453315,-97.54305127839547,1.0012888384639238,true,true,votes+seats,false,348,326,false,false,false,false,false
2018,14,14,SOLIDARIEDADE,SOLIDARIEDADE,SOLIDARIEDADE,1,1953070,98264190,0.01987570446568582,13,0.025341130604288498,10.196236390896827,2.8037636091031732,246.80376360910319,1.2749802477712626,false,false,neither,false,0,0,false,false,false,false,false
2018,14,15,SOLIDARIEDADE,PMN,"SOLIDARIEDADE, PMN",2,2587525,98264190,0.026332329203548107,16,0.031189083820662766,13.508484881420179,2.491515118579821,243.49151511857983,1.1844407526418228,false,false,neither,false,3,13,false,false,false,false,false
2018,14,16,SOLIDARIEDADE,PMB,"SOLIDARIEDADE, PMN, PMB",3,2815827,98264190,0.02865567812648738,16,0.031189083820662766,14.700362878888026,1.2996371211119744,242.29963712111197,1.0884085060905846,false,false,neither,false,3,16,false,false,false,false,false
2018,14,17,SOLIDARIEDADE,PHS,"SOLIDARIEDADE, PMN, PMB, PHS",4,4244364,98264190,0.04319339527451455,22,0.042884990253411304,22.158211775825965,-0.1582117758259649,234.84178822417402,0.9928599032527269,false,false,neither,false,9,16,false,false,false,false,false
2018,14,18,SOLIDARIEDADE,MDB,"SOLIDARIEDADE, PMN, PMB, PHS, MDB",5,9684268,98264190,0.09855337941522746,56,0.10916179337231968,50.55788364001169,5.442116359988312,206.44211635998832,1.1076413007858066,false,false,neither,false,43,22,false,false,false,false,false
2018,14,19,SOLIDARIEDADE,PSD,"SOLIDARIEDADE, PMN, PMB, PHS, MDB, PSD",6,15433278,98264190,0.15705902628414278,91,0.17738791423001948,80.57128048376525,10.42871951623475,176.42871951623476,1.1294346999776936,false,false,neither,false,78,56,false,false,false,false,false
2018,14,20,SOLIDARIEDADE,PSDB,"SOLIDARIEDADE, PMN, PMB, PHS, MDB, PSD, PSDB",7,21325084,98264190,0.21701785767531387,121,0.23586744639376217,111.33016098743602,9.669839012563983,145.66983901256398,1.0868573163534296,false,false,neither,false,108,91,false,false,false,false,false
2018,14,21,SOLIDARIEDADE,PODE,"SOLIDARIEDADE, PMN, PMB, PHS, MDB, PSD, PSDB, PODE",8,23568404,98264190,0.23984733400845212,132,0.2573099415204678,123.04168234633593,8.958317653664068,133.95831765366407,1.072807177883413,false,false,neither,false,119,121,false,false,false,false,false
2018,14,22,SOLIDARIEDADE,PPL,"SOLIDARIEDADE, PMN, PMB, PHS, MDB, PSD, PSDB, PODE, PPL",9,23957821,98264190,0.24381029345481808,133,0.25925925925925924,125.07468054232167,7.925319457678327,131.9253194576783,1.0633646987808745,false,false,neither,false,120,132,false,false,false,false,false
2018,14,23,SOLIDARIEDADE,PRTB,"SOLIDARIEDADE, PMN, PMB, PHS, MDB, PSD, PSDB, PODE, PPL, PRTB",10,24642797,98264190,0.2507810525889442,133,0.25925925925925924,128.65067997812835,4.349320021871648,128.34932002187165,1.033807205858617,false,false,neither,false,120,133,false,false,false,false,false
2018,14,24,SOLIDARIEDADE,PROS,"SOLIDARIEDADE, PMN, PMB, PHS, MDB, PSD, PSDB, PODE, PPL, PRTB, PROS",11,26687502,98264190,0.271589294126375,141,0.27485380116959063,139.3253078868304,1.6746921131696126,117.67469211316961,1.0120200137259334,false,false,neither,false,128,133,false,false,false,false,false
2018,14,25,SOLIDARIEDADE,PRP,"SOLIDARIEDADE, PMN, PMB, PHS, MDB, PSD, PSDB, PODE, PPL, PRTB, PROS, PRP",12,27540496,98264190,0.28026991317996924,145,0.2826510721247563,143.77846546132423,1.221534538675769,113.22153453867577,1.008495949200434,false,false,neither,false,132,141,false,false,false,false,false
2018,14,26,SOLIDARIEDADE,PR,"SOLIDARIEDADE, PMN, PMB, PHS, MDB, PSD, PSDB, PODE, PPL, PRTB, PROS, PRP, PR",13,32765087,98264190,0.3334387328690136,178,0.3469785575048733,171.05406996180398,6.945930038196025,85.94593003819602,1.0406066341464253,false,false,neither,false,165,145,false,false,false,false,false
2018,14,27,SOLIDARIEDADE,PRB,"SOLIDARIEDADE, PMN, PMB, PHS, MDB, PSD, PSDB, PODE, PPL, PRTB, PROS, PRP, PR, PRB",14,37749615,98264190,0.3841645160866843,207,0.40350877192982454,197.07639675246904,9.923603247530963,59.92360324753096,1.0503540931895319,false,false,neither,false,194,178,false,false,false,false,false
2018,14,28,SOLIDARIEDADE,PTC,"SOLIDARIEDADE, PMN, PMB, PHS, MDB, PSD, PSDB, PODE, PPL, PRTB, PROS, PRP, PR, PRB, PTC",15,38351429,98264190,0.3902889648813062,209,0.4074074074074074,200.2182389841101,8.781761015889913,56.78176101588991,1.0438609442398845,false,false,neither,false,196,207,false,false,false,false,false
2018,14,29,SOLIDARIEDADE,DC,"SOLIDARIEDADE, PMN, PMB, PHS, MDB, PSD, PSDB, PODE, PPL, PRTB, PROS, PRP, PR, PRB, PTC, DC",16,38733163,98264190,0.3941737371467673,210,0.4093567251461988,202.2111271562916,7.78887284370839,54.78887284370839,1.038518517518021,false,false,neither,false,197,209,false,false,false,false,false
2018,14,30,SOLIDARIEDADE,PSL,"SOLIDARIEDADE, PMN, PMB, PHS, MDB, PSD, PSDB, PODE, PPL, PRTB, PROS, PRP, PR, PRB, PTC, DC, PSL",17,50168164,98264190,0.5105437087508684,262,0.5107212475633528,261.90892258919547,0.09107741080453025,-4.90892258919547,1.0003477445896236,true,true,votes+seats,false,249,210,true,false,true,false,true
2018,14,31,SOLIDARIEDADE,NOVO,"SOLIDARIEDADE, PMN, PMB, PHS, MDB, PSD, PSDB, PODE, PPL, PRTB, PROS, PRP, PR, PRB, PTC, DC, PSL, NOVO",18,52916243,98264190,0.5385099393787299,270,0.5263157894736842,276.25559890128847,-6.255598901288465,-19.255598901288465,0.9773557570374394,true,true,votes+seats,false,257,262,false,false,false,false,false
2018,14,32,SOLIDARIEDADE,PP,"SOLIDARIEDADE, PMN, PMB, PHS, MDB, PSD, PSDB, PODE, PPL, PRTB, PROS, PRP, PR, PRB, PTC, DC, PSL, NOVO, PP",19,58324821,98264190,0.5935511298673505,307,0.5984405458089669,304.4917296219508,2.5082703780491897,-47.49172962195081,1.0082375648795565,true,true,votes+seats,false,294,270,false,false,false,false,false
2018,14,33,SOLIDARIEDADE,PSC,"SOLIDARIEDADE, PMN, PMB, PHS, MDB, PSD, PSDB, PODE, PPL, PRTB, PROS, PRP, PR, PRB, PTC, DC, PSL, NOVO, PP, PSC",20,60044575,98264190,0.6110524597007313,314,0.6120857699805068,313.46991182647514,0.5300881735248595,-56.46991182647514,1.0016910336639209,true,true,votes+seats,false,301,307,false,false,false,false,false
2018,14,34,SOLIDARIEDADE,PATRIOTA,"SOLIDARIEDADE, PMN, PMB, PHS, MDB, PSD, PSDB, PODE, PPL, PRTB, PROS, PRP, PR, PRB, PTC, DC, PSL, NOVO, PP, PSC, PATRIOTA",21,61476879,98264190,0.62562851227899,319,0.621832358674464,320.94742679912184,-1.9474267991218426,-63.94742679912184,0.9939322560752584,true,true,votes+seats,false,306,314,false,false,false,false,false
2018,14,35,SOLIDARIEDADE,DEM,"SOLIDARIEDADE, PMN, PMB, PHS, MDB, PSD, PSDB, PODE, PPL, PRTB, PROS, PRP, PR, PRB, PTC, DC, PSL, NOVO, PP, PSC, PATRIOTA, DEM",22,66058043,98264190,0.672249402350948,348,0.6783625730994152,344.8639434060363,3.1360565939637013,-87.8639434060363,1.009093605330237,true,true,votes+seats,false,335,319,false,false,false,false,false
2018,15,15,PMN,PMN,PMN,1,634455,98264190,0.006456624737862287,3,0.005847953216374269,3.3122484905233534,-0.31224849052335335,253.68775150947664,0.9057291470079238,false,false,neither,false,0,0,false,false,false,false,false
2018,15,16,PMN,PMB,"PMN, PMB",2,862757,98264190,0.00877997366080156,3,0.005847953216374269,4.5041264879912,-1.5041264879911997,252.4958735120088,0.6660558951882306,false,false,neither,false,0,3,false,false,false,false,false
2018,15,17,PMN,PHS,"PMN, PMB, PHS",3,2291294,98264190,0.023317690808828728,9,0.017543859649122806,11.961975384929138,-2.961975384929138,245.03802461507087,0.7523840929600204,false,false,neither,false,6,3,false,false,false,false,false
2018,15,18,PMN,MDB,"PMN, PMB, PHS, MDB",4,7731198,98264190,0.07867767494954164,43,0.08382066276803118,40.36164724911486,2.63835275088514,216.63835275088513,1.0653678164967115,false,false,neither,false,40,9,false,false,false,false,false
2018,15,19,PMN,PSD,"PMN, PMB, PHS, MDB, PSD",5,13480208,98264190,0.13718332181845697,78,0.15204678362573099,70.37504409286842,7.624955907131579,186.62495590713158,1.108347440565288,false,false,neither,false,75,43,false,false,false,false,false
2018,15,20,PMN,PSDB,"PMN, PMB, PHS, MDB, PSD, PSDB",6,19372014,98264190,0.19714215320962805,108,0.21052631578947367,101.13392459653919,6.866075403460812,155.8660754034608,1.067890922169313,false,false,neither,false,105,78,false,false,false,false,false
2018,15,21,PMN,PODE,"PMN, PMB, PHS, MDB, PSD, PSDB, PODE",7,21615334,98264190,0.21997162954276628,119,0.23196881091617932,112.8454459554391,6.154554044560896,144.15455404456088,1.0545396758588843,false,false,neither,false,116,108,false,false,false,false,false
2018,15,22,PMN,PPL,"PMN, PMB, PHS, MDB, PSD, PSDB, PODE, PPL",8,22004751,98264190,0.22393458898913227,120,0.23391812865497075,114.87844415142486,5.121555848575142,142.12155584857516,1.0445823921659685,false,false,neither,false,117,119,false,false,false,false,false
2018,15,23,PMN,PRTB,"PMN, PMB, PHS, MDB, PSD, PSDB, PODE, PPL, PRTB",9,22689727,98264190,0.23090534812325833,120,0.23391812865497075,118.45444358723152,1.5455564127684767,138.54555641276846,1.013047686232474,false,false,neither,false,117,120,false,false,false,false,false
2018,15,24,PMN,PROS,"PMN, PMB, PHS, MDB, PSD, PSDB, PODE, PPL, PRTB, PROS",10,24734432,98264190,0.2517135896606892,128,0.24951267056530213,129.12907149593354,-1.1290714959335446,127.87092850406646,0.9912562563731506,false,false,neither,false,125,120,false,false,false,false,false
2018,15,25,PMN,PRP,"PMN, PMB, PHS, MDB, PSD, PSDB, PODE, PPL, PRTB, PROS, PRP",11,25587426,98264190,0.2603942087142834,132,0.2573099415204678,133.5822290704274,-1.5822290704273883,123.41777092957261,0.9881553925141255,false,false,neither,false,129,128,false,false,false,false,false
2018,15,26,PMN,PR,"PMN, PMB, PHS, MDB, PSD, PSDB, PODE, PPL, PRTB, PROS, PRP, PR",12,30812017,98264190,0.3135630284033278,165,0.3216374269005848,160.85783357090716,4.142166429092839,96.14216642909284,1.0257504800179156,false,false,neither,false,162,132,false,false,false,false,false
2018,15,27,PMN,PRB,"PMN, PMB, PHS, MDB, PSD, PSDB, PODE, PPL, PRTB, PROS, PRP, PR, PRB",13,35796545,98264190,0.36428881162099847,194,0.37816764132553604,186.88016036157222,7.119839638427777,70.11983963842778,1.0380984242771005,false,false,neither,false,191,165,false,false,false,false,false
2018,15,28,PMN,PTC,"PMN, PMB, PHS, MDB, PSD, PSDB, PODE, PPL, PRTB, PROS, PRP, PR, PRB, PTC",14,36398359,98264190,0.3704132604156204,196,0.3820662768031189,190.02200259321327,5.977997406786727,66.97799740678673,1.031459501137792,false,false,neither,false,193,194,false,false,false,false,false
2018,15,29,PMN,DC,"PMN, PMB, PHS, MDB, PSD, PSDB, PODE, PPL, PRTB, PROS, PRP, PR, PRB, PTC, DC",15,36780093,98264190,0.37429803268108147,197,0.3840155945419103,192.0148907653948,4.985109234605204,64.9851092346052,1.0259620970786898,false,false,neither,false,194,196,false,false,false,false,false
2018,15,30,PMN,PSL,"PMN, PMB, PHS, MDB, PSD, PSDB, PODE, PPL, PRTB, PROS, PRP, PR, PRB, PTC, DC, PSL",16,48215094,98264190,0.49066800428518265,249,0.4853801169590643,251.71268619829868,-2.712686198298684,5.287313801701316,0.9892230851004401,false,false,neither,false,246,197,false,false,false,false,false
2018,15,31,PMN,NOVO,"PMN, PMB, PHS, MDB, PSD, PSDB, PODE, PPL, PRTB, PROS, PRP, PR, PRB, PTC, DC, PSL, NOVO",17,50963173,98264190,0.5186342349130441,257,0.5009746588693957,266.0593625103916,-9.059362510391622,-9.059362510391622,0.9659498450837722,true,true,votes+seats,false,254,249,true,false,true,false,true
2018,15,32,PMN,PP,"PMN, PMB, PHS, MDB, PSD, PSDB, PODE, PPL, PRTB, PROS, PRP, PR, PRB, PTC, DC, PSL, NOVO, PP",18,56371751,98264190,0.5736754254016646,294,0.5730994152046783,294.29549323105397,-0.2954932310539675,-37.29549323105397,0.9989959301523453,true,true,votes+seats,false,291,257,false,false,false,false,false
2018,15,33,PMN,PSC,"PMN, PMB, PHS, MDB, PSD, PSDB, PODE, PPL, PRTB, PROS, PRP, PR, PRB, PTC, DC, PSL, NOVO, PP, PSC",19,58091505,98264190,0.5911767552350454,301,0.5867446393762183,303.2736754355783,-2.2736754355782978,-46.2736754355783,0.9925028922068072,true,true,votes+seats,false,298,294,false,false,false,false,false
2018,15,34,PMN,PATRIOTA,"PMN, PMB, PHS, MDB, PSD, PSDB, PODE, PPL, PRTB, PROS, PRP, PR, PRB, PTC, DC, PSL, NOVO, PP, PSC, PATRIOTA",20,59523809,98264190,0.6057528078133041,306,0.5964912280701754,310.751190408225,-4.751190408225,-53.751190408225,0.9847106284549273,true,true,votes+seats,false,303,301,false,false,false,false,false
2018,15,35,PMN,DEM,"PMN, PMB, PHS, MDB, PSD, PSDB, PODE, PPL, PRTB, PROS, PRP, PR, PRB, PTC, DC, PSL, NOVO, PP, PSC, PATRIOTA, DEM",21,64104973,98264190,0.6523736978852621,335,0.6530214424951267,334.66770701513946,0.33229298486054404,-77.66770701513946,1.0009929042387276,true,true,votes+seats,false,332,306,false,false,false,false,false
2018,16,16,PMB,PMB,PMB,1,228302,98264190,0.002323348922939272,0,0.0,1.1918779974678466,-1.1918779974678466,255.80812200253214,0.0,false,false,neither,false,0,0,false,false,false,false,false
2018,16,17,PMB,PHS,"PMB, PHS",2,1656839,98264190,0.016861066070966442,6,0.011695906432748537,8.649726894405784,-2.6497268944057843,248.35027310559423,0.6936635194667826,false,false,neither,false,6,0,false,false,false,false,false
2018,16,18,PMB,MDB,"PMB, PHS, MDB",3,7096743,98264190,0.07222105021167935,40,0.07797270955165692,37.04939875859151,2.950601241408492,219.9506012414085,1.0796396524713985,false,false,neither,false,40,6,false,false,false,false,false
2018,16,19,PMB,PSD,"PMB, PHS, MDB, PSD",4,12845753,98264190,0.13072669708059467,75,0.14619883040935672,67.06279560234506,7.937204397654938,189.93720439765494,1.1183548094940645,false,false,neither,false,75,40,false,false,false,false,false
2018,16,20,PMB,PSDB,"PMB, PHS, MDB, PSD, PSDB",5,18737559,98264190,0.19068552847176576,105,0.2046783625730994,97.82167610601583,7.178323893984171,159.17832389398416,1.0733817307137996,false,false,neither,false,105,75,false,false,false,false,false
2018,16,21,PMB,PODE,"PMB, PHS, MDB, PSD, PSDB, PODE",6,20980879,98264190,0.213515004804904,116,0.22612085769980506,109.53319746491576,6.466802535084241,147.46680253508424,1.0590396581562005,false,false,neither,false,116,105,false,false,false,false,false
2018,16,22,PMB,PPL,"PMB, PHS, MDB, PSD, PSDB, PODE, PPL",7,21370296,98264190,0.21747796425126997,117,0.22807017543859648,111.5661956609015,5.433804339098501,145.43380433909851,1.048704756014216,false,false,neither,false,117,116,false,false,false,false,false
2018,16,23,PMB,PRTB,"PMB, PHS, MDB, PSD, PSDB, PODE, PPL, PRTB",8,22055272,98264190,0.22444872338539604,117,0.22807017543859648,115.14219509670816,1.8578049032918358,141.85780490329182,1.0161348748105024,false,false,neither,false,117,117,false,false,false,false,false
2018,16,24,PMB,PROS,"PMB, PHS, MDB, PSD, PSDB, PODE, PPL, PRTB, PROS",9,24099977,98264190,0.24525696492282692,125,0.24366471734892786,125.81682300541021,-0.8168230054102139,131.1831769945898,0.9935078395249649,false,false,neither,false,125,117,false,false,false,false,false
2018,16,25,PMB,PRP,"PMB, PHS, MDB, PSD, PSDB, PODE, PPL, PRTB, PROS, PRP",10,24952971,98264190,0.25393758397642113,129,0.25146198830409355,130.26998057990403,-1.2699805799040291,126.73001942009597,0.9902511647407127,false,false,neither,false,129,125,false,false,false,false,false
2018,16,26,PMB,PR,"PMB, PHS, MDB, PSD, PSDB, PODE, PPL, PRTB, PROS, PRP, PR",11,30177562,98264190,0.30710640366546554,162,0.3157894736842105,157.54558508038383,4.45441491961617,99.45441491961617,1.0282738162249574,false,false,neither,false,162,129,false,false,false,false,false
2018,16,27,PMB,PRB,"PMB, PHS, MDB, PSD, PSDB, PODE, PPL, PRTB, PROS, PRP, PR, PRB",12,35162090,98264190,0.35783218688313617,191,0.3723196881091618,183.56791187104886,7.432088128951136,73.43208812895114,1.0404868588044514,false,false,neither,false,191,162,false,false,false,false,false
2018,16,28,PMB,PTC,"PMB, PHS, MDB, PSD, PSDB, PODE, PPL, PRTB, PROS, PRP, PR, PRB, PTC",13,35763904,98264190,0.3639566356777581,193,0.3762183235867446,186.7097541026899,6.290245897310086,70.29024589731009,1.0336899693727328,false,false,neither,false,193,191,false,false,false,false,false
2018,16,29,PMB,DC,"PMB, PHS, MDB, PSD, PSDB, PODE, PPL, PRTB, PROS, PRP, PR, PRB, PTC, DC",14,36145638,98264190,0.3678414079432192,194,0.37816764132553604,188.70264227487144,5.297357725128563,68.29735772512856,1.0280725148374565,false,false,neither,false,194,193,false,false,false,false,false
2018,16,30,PMB,PSL,"PMB, PHS, MDB, PSD, PSDB, PODE, PPL, PRTB, PROS, PRP, PR, PRB, PTC, DC, PSL",15,47580639,98264190,0.48421137954732035,246,0.47953216374269003,248.40043770777535,-2.400437707775353,8.599562292224647,0.9903364191708901,false,false,neither,false,246,194,false,false,false,false,false
2018,16,31,PMB,NOVO,"PMB, PHS, MDB, PSD, PSDB, PODE, PPL, PRTB, PROS, PRP, PR, PRB, PTC, DC, PSL, NOVO",16,50328718,98264190,0.5121776101751818,254,0.4951267056530214,262.74711401986826,-8.747114019868263,-5.747114019868263,0.966709000582184,true,false,votes_only,false,254,246,false,false,false,false,false
2018,16,32,PMB,PP,"PMB, PHS, MDB, PSD, PSDB, PODE, PPL, PRTB, PROS, PRP, PR, PRB, PTC, DC, PSL, NOVO, PP",17,55737296,98264190,0.5672188006638024,291,0.5672514619883041,290.9832447405306,0.016755259469391603,-33.98324474053061,1.0000575815266763,true,true,votes+seats,false,291,254,false,false,false,false,true
2018,16,33,PMB,PSC,"PMB, PHS, MDB, PSD, PSDB, PODE, PPL, PRTB, PROS, PRP, PR, PRB, PTC, DC, PSL, NOVO, PP, PSC",18,57457050,98264190,0.5847201304971832,298,0.580896686159844,299.961426945055,-1.9614269450549955,-42.961426945054995,0.9934610694280559,true,true,votes+seats,false,298,291,false,false,false,false,false
2018,16,34,PMB,PATRIOTA,"PMB, PHS, MDB, PSD, PSDB, PODE, PPL, PRTB, PROS, PRP, PR, PRB, PTC, DC, PSL, NOVO, PP, PSC, PATRIOTA",19,58889354,98264190,0.5992961830754419,303,0.5906432748538012,307.4389419177017,-4.4389419177016975,-50.4389419177017,0.9855615495876577,true,true,votes+seats,false,303,298,false,false,false,false,false
2018,16,35,PMB,DEM,"PMB, PHS, MDB, PSD, PSDB, PODE, PPL, PRTB, PROS, PRP, PR, PRB, PTC, DC, PSL, NOVO, PP, PSC, PATRIOTA, DEM",20,63470518,98264190,0.6459170731473999,332,0.6471734892787524,331.35545852461615,0.6445414753838463,-74.35545852461615,1.0019451663124963,true,true,votes+seats,false,332,303,false,false,false,false,false
2018,17,17,PHS,PHS,PHS,1,1428537,98264190,0.01453771714802717,6,0.011695906432748537,7.457848896937938,-1.4578488969379384,249.54215110306205,0.8045215293197338,false,false,neither,false,0,0,false,false,false,false,false
2018,17,18,PHS,MDB,"PHS, MDB",2,6868441,98264190,0.06989770128874008,40,0.07797270955165692,35.85752076112366,4.142479238876341,221.14247923887635,1.1155260919033636,false,false,neither,false,34,6,false,false,false,false,false
2018,17,19,PHS,PSD,"PHS, MDB, PSD",3,12617451,98264190,0.1284033481576554,75,0.14619883040935672,65.87091760487722,9.12908239512278,191.1290823951228,1.1385904846488255,false,false,neither,false,69,40,false,false,false,false,false
2018,17,20,PHS,PSDB,"PHS, MDB, PSD, PSDB",4,18509257,98264190,0.18836217954882647,105,0.2046783625730994,96.62979810854799,8.370201891452012,160.370201891452,1.0866213327078407,false,false,neither,false,99,75,false,false,false,false,false
2018,17,21,PHS,PODE,"PHS, MDB, PSD, PSDB, PODE",5,20752577,98264190,0.21119165588196473,116,0.22612085769980506,108.3413194674479,7.658680532552097,148.6586805325521,1.0706903014491458,false,false,neither,false,110,105,false,false,false,false,false
2018,17,22,PHS,PPL,"PHS, MDB, PSD, PSDB, PODE, PPL",6,21141994,98264190,0.2151546153283307,117,0.22807017543859648,110.37431766343364,6.625682336566356,146.62568233656634,1.0600292031409895,false,false,neither,false,111,116,false,false,false,false,false
2018,17,23,PHS,PRTB,"PHS, MDB, PSD, PSDB, PODE, PPL, PRTB",7,21826970,98264190,0.22212537446245678,117,0.22807017543859648,113.95031709924032,3.0496829007596773,143.04968290075968,1.0267632682242005,false,false,neither,false,111,117,false,false,false,false,false
2018,17,24,PHS,PROS,"PHS, MDB, PSD, PSDB, PODE, PPL, PRTB, PROS",8,23871675,98264190,0.24293361599988764,125,0.24366471734892786,124.62494500794236,0.3750549920576418,132.37505499205764,1.003009469669445,false,false,neither,false,119,117,false,false,false,false,false
2018,17,25,PHS,PRP,"PHS, MDB, PSD, PSDB, PODE, PPL, PRTB, PROS, PRP",9,24724669,98264190,0.25161423505348185,129,0.25146198830409355,129.0781025824362,-0.07810258243620183,127.9218974175638,0.9993949199680378,false,false,neither,false,123,125,false,false,false,false,false
2018,17,26,PHS,PR,"PHS, MDB, PSD, PSDB, PODE, PPL, PRTB, PROS, PRP, PR",10,29949260,98264190,0.30478305474252626,162,0.3157894736842105,156.35370708291597,5.6462929170840255,100.64629291708403,1.0361123060170856,false,false,neither,false,156,129,false,false,false,false,false
2018,17,27,PHS,PRB,"PHS, MDB, PSD, PSDB, PODE, PPL, PRTB, PROS, PRP, PR, PRB",11,34933788,98264190,0.3555088379601969,191,0.3723196881091618,182.376033873581,8.623966126418992,74.62396612641899,1.047286729200378,false,false,neither,false,185,162,false,false,false,false,false
2018,17,28,PHS,PTC,"PHS, MDB, PSD, PSDB, PODE, PPL, PRTB, PROS, PRP, PR, PRB, PTC",12,35535602,98264190,0.3616332867548188,193,0.3762183235867446,185.51787610522206,7.482123894777942,71.48212389477794,1.0403310131177559,false,false,neither,false,187,191,false,false,false,false,false
2018,17,29,PHS,DC,"PHS, MDB, PSD, PSDB, PODE, PPL, PRTB, PROS, PRP, PR, PRB, PTC, DC",13,35917336,98264190,0.3655180590202799,194,0.37816764132553604,187.51076427740358,6.489235722596419,69.48923572259642,1.0346072704018008,false,false,neither,false,188,193,false,false,false,false,false
2018,17,30,PHS,PSL,"PHS, MDB, PSD, PSDB, PODE, PPL, PRTB, PROS, PRP, PR, PRB, PTC, DC, PSL",14,47352337,98264190,0.48188803062438107,246,0.47953216374269003,247.2085597103075,-1.2085597103074974,9.791440289692503,0.9951111736918666,false,false,neither,false,240,194,false,false,false,false,false
2018,17,31,PHS,NOVO,"PHS, MDB, PSD, PSDB, PODE, PPL, PRTB, PROS, PRP, PR, PRB, PTC, DC, PSL, NOVO",15,50100416,98264190,0.5098542612522425,254,0.4951267056530214,261.55523602240044,-7.555236022400436,-4.555236022400436,0.9711141855261755,true,false,votes_only,false,248,246,false,false,false,false,false
2018,17,32,PHS,PP,"PHS, MDB, PSD, PSDB, PODE, PPL, PRTB, PROS, PRP, PR, PRB, PTC, DC, PSL, NOVO, PP",16,55508994,98264190,0.5648954517408631,291,0.5672514619883041,289.7913667430628,1.208633256937219,-32.79136674306278,1.0041707013929397,true,true,votes+seats,false,285,254,false,false,false,false,true
2018,17,33,PHS,PSC,"PHS, MDB, PSD, PSDB, PODE, PPL, PRTB, PROS, PRP, PR, PRB, PTC, DC, PSL, NOVO, PP, PSC",17,57228748,98264190,0.5823967815742439,298,0.580896686159844,298.7695489475871,-0.7695489475871113,-41.76954894758711,0.9974242724859417,true,true,votes+seats,false,292,291,false,false,false,false,false
2018,17,34,PHS,PATRIOTA,"PHS, MDB, PSD, PSDB, PODE, PPL, PRTB, PROS, PRP, PR, PRB, PTC, DC, PSL, NOVO, PP, PSC, PATRIOTA",18,58661052,98264190,0.5969728341525026,303,0.5906432748538012,306.2470639202338,-3.2470639202338134,-49.24706392023381,0.989397240650511,true,true,votes+seats,false,297,298,false,false,false,false,false
2018,17,35,PHS,DEM,"PHS, MDB, PSD, PSDB, PODE, PPL, PRTB, PROS, PRP, PR, PRB, PTC, DC, PSL, NOVO, PP, PSC, PATRIOTA, DEM",19,63242216,98264190,0.6435937242244606,332,0.6471734892787524,330.16358052714827,1.8364194728517305,-73.16358052714827,1.0055621503435348,true,true,votes+seats,false,326,303,false,false,false,false,false
2018,18,18,MDB,MDB,MDB,1,5439904,98264190,0.05535998414071291,34,0.06627680311890838,28.39967186418572,5.60032813581428,228.60032813581427,1.1971969310982338,false,false,neither,false,0,0,false,false,false,false,false
2018,18,19,MDB,PSD,"MDB, PSD",2,11188914,98264190,0.11386563100962822,69,0.13450292397660818,58.41306870793928,10.586931292060719,198.5869312920607,1.181242511756993,false,false,neither,false,35,34,false,false,false,false,false
2018,18,20,MDB,PSDB,"MDB, PSD, PSDB",3,17080720,98264190,0.17382446240079932,99,0.19298245614035087,89.17194921161006,9.828050788389945,167.82805078838993,1.1102146008389637,false,false,neither,false,65,69,false,false,false,false,false
2018,18,21,MDB,PODE,"MDB, PSD, PSDB, PODE",4,19324040,98264190,0.19665393873393755,110,0.21442495126705652,100.88347057050996,9.116529429490043,156.11652942949004,1.0903669290710838,false,false,neither,false,76,99,false,false,false,false,false
2018,18,22,MDB,PPL,"MDB, PSD, PSDB, PODE, PPL",5,19713457,98264190,0.20061689818030354,111,0.21637426900584794,102.91646876649571,8.083531233504289,154.0835312335043,1.078544584072786,false,false,neither,false,77,110,false,false,false,false,false
2018,18,23,MDB,PRTB,"MDB, PSD, PSDB, PODE, PPL, PRTB",6,20398433,98264190,0.2075876573144296,111,0.21637426900584794,106.49246820230239,4.5075317976976095,150.5075317976976,1.042327235660786,false,false,neither,false,77,111,false,false,false,false,false
2018,18,24,MDB,PROS,"MDB, PSD, PSDB, PODE, PPL, PRTB, PROS",7,22443138,98264190,0.22839589885186048,119,0.23196881091617932,117.16709611100443,1.832903888995574,139.8329038889956,1.0156435035930145,false,false,neither,false,85,111,false,false,false,false,false
2018,18,25,MDB,PRP,"MDB, PSD, PSDB, PODE, PPL, PRTB, PROS, PRP",8,23296132,98264190,0.23707651790545467,123,0.23976608187134502,121.62025368549824,1.3797463145017588,135.37974631450174,1.0113447084074474,false,false,neither,false,89,119,false,false,false,false,false
2018,18,26,MDB,PR,"MDB, PSD, PSDB, PODE, PPL, PRTB, PROS, PRP, PR",9,28520723,98264190,0.29024533759449905,156,0.30409356725146197,148.89585818597803,7.104141814021972,108.10414181402197,1.0477121519736872,false,false,neither,false,122,123,false,false,false,false,false
2018,18,27,MDB,PRB,"MDB, PSD, PSDB, PODE, PPL, PRTB, PROS, PRP, PR, PRB",10,33505251,98264190,0.34097112081216974,185,0.36062378167641324,174.91818497664306,10.081815023356938,82.08181502335694,1.0576373178392124,false,false,neither,false,151,156,false,false,false,false,false
2018,18,28,MDB,PTC,"MDB, PSD, PSDB, PODE, PPL, PRTB, PROS, PRP, PR, PRB, PTC",11,34107065,98264190,0.34709556960679167,187,0.3645224171539961,178.0600272082841,8.939972791715888,78.93997279171589,1.0502076346492883,false,false,neither,false,153,185,false,false,false,false,false
2018,18,29,MDB,DC,"MDB, PSD, PSDB, PODE, PPL, PRTB, PROS, PRP, PR, PRB, PTC, DC",12,34488799,98264190,0.35098034187225274,188,0.3664717348927875,180.05291538046566,7.947084619534337,76.94708461953434,1.044137494817796,false,false,neither,false,154,187,false,false,false,false,false
2018,18,30,MDB,PSL,"MDB, PSD, PSDB, PODE, PPL, PRTB, PROS, PRP, PR, PRB, PTC, DC, PSL",13,45923800,98264190,0.4673503134763539,240,0.4678362573099415,239.75071081336955,0.24928918663044897,17.24928918663045,1.001039784974087,false,false,neither,false,206,188,false,false,false,false,false
2018,18,31,MDB,NOVO,"MDB, PSD, PSDB, PODE, PPL, PRTB, PROS, PRP, PR, PRB, PTC, DC, PSL, NOVO",14,48671879,98264190,0.4953165441042154,248,0.4834307992202729,254.0973871254625,-6.09738712546249,2.9026128745375104,0.976003739375518,false,false,neither,false,214,240,false,false,false,false,false
2018,18,32,MDB,PP,"MDB, PSD, PSDB, PODE, PPL, PRTB, PROS, PRP, PR, PRB, PTC, DC, PSL, NOVO, PP",15,54080457,98264190,0.5503577345928359,285,0.5555555555555556,282.3335178461248,2.666482153875222,-25.333517846124778,1.0094444406537961,true,true,votes+seats,false,251,248,true,false,true,false,true
2018,18,33,MDB,PSC,"MDB, PSD, PSDB, PODE, PPL, PRTB, PROS, PRP, PR, PRB, PTC, DC, PSL, NOVO, PP, PSC",16,55800211,98264190,0.5678590644262167,292,0.5692007797270955,291.31170005064916,0.688299949350835,-34.311700050649165,1.0023627610879726,true,true,votes+seats,false,258,285,false,false,false,false,false
2018,18,34,MDB,PATRIOTA,"MDB, PSD, PSDB, PODE, PPL, PRTB, PROS, PRP, PR, PRB, PTC, DC, PSL, NOVO, PP, PSC, PATRIOTA",17,57232515,98264190,0.5824351170044754,297,0.5789473684210527,298.78921502329587,-1.789215023295867,-41.78921502329587,0.9940117817734607,true,true,votes+seats,false,263,292,false,false,false,false,false
2018,18,35,MDB,DEM,"MDB, PSD, PSDB, PODE, PPL, PRTB, PROS, PRP, PR, PRB, PTC, DC, PSL, NOVO, PP, PSC, PATRIOTA, DEM",18,61813679,98264190,0.6290560070764334,326,0.6354775828460039,322.7057316302103,3.294268369789677,-65.70573163021032,1.010208273504,true,true,votes+seats,false,292,297,false,false,false,false,false
2018,19,19,PSD,PSD,PSD,1,5749010,98264190,0.058505646868915316,35,0.0682261208576998,30.013396843753558,4.986603156246442,226.98660315624645,1.1661459108479506,false,false,neither,false,0,0,false,false,false,false,false
2018,19,20,PSD,PSDB,"PSD, PSDB",2,11640816,98264190,0.11846447826008641,65,0.1267056530214425,60.77227734742433,4.227722652575672,196.22772265257566,1.069566631976066,false,false,neither,false,30,35,false,false,false,false,false
2018,19,21,PSD,PODE,"PSD, PSDB, PODE",3,13884136,98264190,0.14129395459322466,76,0.14814814814814814,72.48379870632425,3.516201293675749,184.51620129367575,1.0485101685677651,false,false,neither,false,41,65,false,false,false,false,false
2018,19,22,PSD,PPL,"PSD, PSDB, PODE, PPL",4,14273553,98264190,0.14525691403959062,77,0.15009746588693956,74.51679690230999,2.4832030976900086,182.48320309769002,1.0333240718994596,false,false,neither,false,42,76,false,false,false,false,false
2018,19,23,PSD,PRTB,"PSD, PSDB, PODE, PPL, PRTB",5,14958529,98264190,0.1522276731737167,77,0.15009746588693956,78.09279633811666,-1.0927963381166563,178.90720366188333,0.9860064386299449,false,false,neither,false,42,77,false,false,false,false,false
2018,19,24,PSD,PROS,"PSD, PSDB, PODE, PPL, PRTB, PROS",6,17003234,98264190,0.17303591471114757,85,0.16569200779727095,88.7674242468187,-3.767424246818706,168.2325757531813,0.9575584818554231,false,false,neither,false,50,77,false,false,false,false,false
2018,19,25,PSD,PRP,"PSD, PSDB, PODE, PPL, PRTB, PROS, PRP",7,17856228,98264190,0.18171653376474176,89,0.17348927875243664,93.22058182131252,-4.220581821312521,163.77941817868748,0.9547247856765941,false,false,neither,false,54,85,false,false,false,false,false
2018,19,26,PSD,PR,"PSD, PSDB, PODE, PPL, PRTB, PROS, PRP, PR",8,23080819,98264190,0.23488535345378617,122,0.2378167641325536,120.49618632179231,1.5038136782076919,136.50381367820768,1.012480176544274,false,false,neither,false,87,89,false,false,false,false,false
2018,19,27,PSD,PRB,"PSD, PSDB, PODE, PPL, PRTB, PROS, PRP, PR, PRB",9,28065347,98264190,0.2856111366714568,151,0.29434697855750486,146.51851311245736,4.481486887542644,110.48148688754264,1.0305864889858865,false,false,neither,false,116,122,false,false,false,false,false
2018,19,28,PSD,PTC,"PSD, PSDB, PODE, PPL, PRTB, PROS, PRP, PR, PRB, PTC",10,28667161,98264190,0.29173558546607875,153,0.2982456140350877,149.6603553440984,3.339644655901594,107.3396446559016,1.0223148251133247,false,false,neither,false,118,151,false,false,false,false,false
2018,19,29,PSD,DC,"PSD, PSDB, PODE, PPL, PRTB, PROS, PRP, PR, PRB, PTC, DC",11,29048895,98264190,0.29562035773153983,154,0.3001949317738791,151.65324351627993,2.346756483720071,105.34675648372007,1.0154744892315353,false,false,neither,false,119,153,false,false,false,false,false
2018,19,30,PSD,PSL,"PSD, PSDB, PODE, PPL, PRTB, PROS, PRP, PR, PRB, PTC, DC, PSL",12,40483896,98264190,0.411990329335641,206,0.4015594541910331,211.35103894918385,-5.351038949183845,45.648961050816155,0.9746817475996868,false,false,neither,false,171,154,false,false,false,false,false
2018,19,31,PSD,NOVO,"PSD, PSDB, PODE, PPL, PRTB, PROS, PRP, PR, PRB, PTC, DC, PSL, NOVO",13,43231975,98264190,0.43995655996350247,214,0.4171539961013645,225.69771526127676,-11.697715261276755,31.302284738723245,0.9481708742698834,false,false,neither,false,179,206,false,false,false,false,false
2018,19,32,PSD,PP,"PSD, PSDB, PODE, PPL, PRTB, PROS, PRP, PR, PRB, PTC, DC, PSL, NOVO, PP",14,48640553,98264190,0.494997750452123,251,0.48927875243664715,253.9338459819391,-2.9338459819391005,3.0661540180608995,0.988446416149867,false,false,neither,false,216,214,false,false,false,false,false
2018,19,33,PSD,PSC,"PSD, PSDB, PODE, PPL, PRTB, PROS, PRP, PR, PRB, PTC, DC, PSL, NOVO, PP, PSC",15,50360307,98264190,0.5124990802855038,258,0.5029239766081871,262.9120281864635,-4.912028186463488,-5.912028186463488,0.9813168373453809,true,true,votes+seats,false,223,251,true,false,true,false,true
2018,19,34,PSD,PATRIOTA,"PSD, PSDB, PODE, PPL, PRTB, PROS, PRP, PR, PRB, PTC, DC, PSL, NOVO, PP, PSC, PATRIOTA",16,51792611,98264190,0.5270751328637625,263,0.5126705653021443,270.3895431591102,-7.38954315911019,-13.38954315911019,0.9726707509736727,true,true,votes+seats,false,228,258,false,false,false,false,false
2018,19,35,PSD,DEM,"PSD, PSDB, PODE, PPL, PRTB, PROS, PRP, PR, PRB, PTC, DC, PSL, NOVO, PP, PSC, PATRIOTA, DEM",17,56373775,98264190,0.5736960229357205,292,0.5692007797270955,294.30605976602465,-2.306059766024646,-37.306059766024646,0.9921644162955463,true,true,votes+seats,false,257,263,false,false,false,false,false
2018,20,20,PSDB,PSDB,PSDB,1,5891806,98264190,0.059958831391171086,30,0.05847953216374269,30.758880503670767,-0.7588805036707669,226.24111949632925,0.9753280844021549,false,false,neither,false,0,0,false,false,false,false,false
2018,20,21,PSDB,PODE,"PSDB, PODE",2,8135126,98264190,0.08278830772430934,41,0.07992202729044834,42.47040186257069,-1.4704018625706894,214.5295981374293,0.9653781975661841,false,false,neither,false,11,30,false,false,false,false,false
2018,20,22,PSDB,PPL,"PSDB, PODE, PPL",3,8524543,98264190,0.0867512671706753,42,0.08187134502923976,44.50340005855643,-2.50340005855643,212.49659994144358,0.9437481168795525,false,false,neither,false,12,41,false,false,false,false,false
2018,20,23,PSDB,PRTB,"PSDB, PODE, PPL, PRTB",4,9209519,98264190,0.09372202630480138,42,0.08187134502923976,48.07939949436311,-6.079399494363109,208.92060050563688,0.8735550036336068,false,false,neither,false,12,42,false,false,false,false,false
2018,20,24,PSDB,PROS,"PSDB, PODE, PPL, PRTB, PROS",5,11254224,98264190,0.11453026784223225,50,0.09746588693957114,58.754027403065145,-8.754027403065145,198.24597259693485,0.8510054920488999,false,false,neither,false,20,42,false,false,false,false,false
2018,20,25,PSDB,PRP,"PSDB, PODE, PPL, PRTB, PROS, PRP",6,12107218,98264190,0.12321088689582645,54,0.10526315789473684,63.20718497755897,-9.207184977558967,193.79281502244103,0.8543332537143067,false,false,neither,false,24,50,false,false,false,false,false
2018,20,26,PSDB,PR,"PSDB, PODE, PPL, PRTB, PROS, PRP, PR",7,17331809,98264190,0.17637970658487084,87,0.1695906432748538,90.48278947803874,-3.4827894780387396,166.51721052196126,0.9615088184379632,false,false,neither,false,57,54,false,false,false,false,false
2018,20,27,PSDB,PRB,"PSDB, PODE, PPL, PRTB, PROS, PRP, PR, PRB",8,22316337,98264190,0.2271054898025415,116,0.22612085769980506,116.50511626870379,-0.5051162687037873,140.49488373129623,0.9956644284398738,false,false,neither,false,86,87,false,false,false,false,false
2018,20,28,PSDB,PTC,"PSDB, PODE, PPL, PRTB, PROS, PRP, PR, PRB, PTC",9,22918151,98264190,0.23322993859716343,118,0.2300194931773879,119.64695850034484,-1.6469585003448373,137.35304149965515,0.986234848582966,false,false,neither,false,88,116,false,false,false,false,false
2018,20,29,PSDB,DC,"PSDB, PODE, PPL, PRTB, PROS, PRP, PR, PRB, PTC, DC",10,23299885,98264190,0.23711471086262453,119,0.23196881091617932,121.63984667252639,-2.6398466725263887,135.3601533274736,0.9782978461027391,false,false,neither,false,89,118,false,false,false,false,false
2018,20,30,PSDB,PSL,"PSDB, PODE, PPL, PRTB, PROS, PRP, PR, PRB, PTC, DC, PSL",11,34734886,98264190,0.35348468246672565,171,0.3333333333333333,181.33764210543026,-10.337642105430263,75.66235789456974,0.9429922988663328,false,false,neither,false,141,119,false,false,false,false,false
2018,20,31,PSDB,NOVO,"PSDB, PODE, PPL, PRTB, PROS, PRP, PR, PRB, PTC, DC, PSL, NOVO",12,37482965,98264190,0.3814509130945872,179,0.3489278752436647,195.68431841752323,-16.68431841752323,61.31568158247677,0.9147386027023146,false,false,neither,false,149,171,false,false,false,false,false
2018,20,32,PSDB,PP,"PSDB, PODE, PPL, PRTB, PROS, PRP, PR, PRB, PTC, DC, PSL, NOVO, PP",13,42891543,98264190,0.43649210358320767,216,0.42105263157894735,223.92044913818555,-7.920449138185546,33.079550861814454,0.9646282902313326,false,false,neither,false,186,179,false,false,false,false,false
2018,20,33,PSDB,PSC,"PSDB, PODE, PPL, PRTB, PROS, PRP, PR, PRB, PTC, DC, PSL, NOVO, PP, PSC",14,44611297,98264190,0.4539934334165885,223,0.4346978557504873,232.8986313427099,-9.898631342709905,24.101368657290095,0.9574981128672067,false,false,neither,false,193,216,false,false,false,false,false
2018,20,34,PSDB,PATRIOTA,"PSDB, PODE, PPL, PRTB, PROS, PRP, PR, PRB, PTC, DC, PSL, NOVO, PP, PSC, PATRIOTA",15,46043601,98264190,0.46856948599484716,228,0.4444444444444444,240.37614631535658,-12.376146315356578,16.62385368464342,0.948513417387431,false,false,neither,false,198,223,false,false,false,false,false
2018,20,35,PSDB,DEM,"PSDB, PODE, PPL, PRTB, PROS, PRP, PR, PRB, PTC, DC, PSL, NOVO, PP, PSC, PATRIOTA, DEM",16,50624765,98264190,0.5151903760668052,257,0.5009746588693957,264.29266292227106,-7.292662922271063,-7.292662922271063,0.9724068657766113,true,true,votes+seats,false,227,228,true,false,true,false,true
2018,21,21,PODE,PODE,PODE,1,2243320,98264190,0.022829476333138247,11,0.021442495126705652,11.71152135889992,-0.7115213588999207,245.28847864110008,0.9392460349859487,false,false,neither,false,0,0,false,false,false,false,false
2018,21,22,PODE,PPL,"PODE, PPL",2,2632737,98264190,0.02679243577950421,12,0.023391812865497075,13.74451955488566,-1.7445195548856596,243.25548044511433,0.8730752611672374,false,false,neither,false,1,11,false,false,false,false,false
2018,21,23,PODE,PRTB,"PODE, PPL, PRTB",3,3317713,98264190,0.033763194913630286,12,0.023391812865497075,17.320518990692335,-5.320518990692335,239.67948100930766,0.6928198864276836,false,false,neither,false,1,12,false,false,false,false,false
2018,21,24,PODE,PROS,"PODE, PPL, PRTB, PROS",4,5362418,98264190,0.05457143645106116,20,0.03898635477582846,27.995146899394374,-7.995146899394374,229.00485310060563,0.7144095393345717,false,false,neither,false,9,12,false,false,false,false,false
2018,21,25,PODE,PRP,"PODE, PPL, PRTB, PROS, PRP",5,6215412,98264190,0.06325205550465536,24,0.04678362573099415,32.4483044738882,-8.4483044738882,224.5516955261118,0.7396380300645071,false,false,neither,false,13,20,false,false,false,false,false
2018,21,26,PODE,PR,"PODE, PPL, PRTB, PROS, PRP, PR",6,11440003,98264190,0.11642087519369976,57,0.1111111111111111,59.72390897436797,-2.7239089743679727,197.276091025632,0.9543916494893694,false,false,neither,false,46,24,false,false,false,false,false
2018,21,27,PODE,PRB,"PODE, PPL, PRTB, PROS, PRP, PR, PRB",7,16424531,98264190,0.1671466584113704,86,0.16764132553606237,85.74623576503302,0.25376423496697953,171.25376423496698,1.0029594795935108,false,false,neither,false,75,57,false,false,false,false,false
2018,21,28,PODE,PTC,"PODE, PPL, PRTB, PROS, PRP, PR, PRB, PTC",8,17026345,98264190,0.17327110720599234,88,0.17153996101364521,88.88807799667407,-0.8880779966740704,168.11192200332593,0.9900090313944317,false,false,neither,false,77,86,false,false,false,false,false
2018,21,29,PODE,DC,"PODE, PPL, PRTB, PROS, PRP, PR, PRB, PTC, DC",9,17408079,98264190,0.17715587947145345,89,0.17348927875243664,90.88096616885562,-1.8809661688556218,166.11903383114438,0.9793029690577804,false,false,neither,false,78,88,false,false,false,false,false
2018,21,30,PODE,PSL,"PODE, PPL, PRTB, PROS, PRP, PR, PRB, PTC, DC, PSL",10,28843080,98264190,0.29352585107555457,141,0.27485380116959063,150.57876160175948,-9.578761601759481,106.42123839824052,0.9363870342678687,false,false,neither,false,130,89,false,false,false,false,false
2018,21,31,PODE,NOVO,"PODE, PPL, PRTB, PROS, PRP, PR, PRB, PTC, DC, PSL, NOVO",11,31591159,98264190,0.3214920817034161,149,0.290448343079922,164.92543791385245,-15.925437913852448,92.07456208614755,0.9034385591738069,false,false,neither,false,138,141,false,false,false,false,false
2018,21,32,PODE,PP,"PODE, PPL, PRTB, PROS, PRP, PR, PRB, PTC, DC, PSL, NOVO, PP",12,36999737,98264190,0.3765332721920366,186,0.36257309941520466,193.16156863451477,-7.161568634514765,63.838431365485235,0.9629244642961803,false,false,neither,false,175,149,false,false,false,false,false
2018,21,33,PODE,PSC,"PODE, PPL, PRTB, PROS, PRP, PR, PRB, PTC, DC, PSL, NOVO, PP, PSC",13,38719491,98264190,0.3940346020254174,193,0.3762183235867446,202.13975083903912,-9.139750839039124,54.860249160960876,0.954784990081852,false,false,neither,false,182,186,false,false,false,false,false
2018,21,34,PODE,PATRIOTA,"PODE, PPL, PRTB, PROS, PRP, PR, PRB, PTC, DC, PSL, NOVO, PP, PSC, PATRIOTA",14,40151795,98264190,0.40861065460367607,198,0.38596491228070173,209.61726581168583,-11.617265811685826,47.382734188314174,0.9445786788282867,false,false,neither,false,187,193,false,false,false,false,false
2018,21,35,PODE,DEM,"PODE, PPL, PRTB, PROS, PRP, PR, PRB, PTC, DC, PSL, NOVO, PP, PSC, PATRIOTA, DEM",15,44732959,98264190,0.45523154467563415,227,0.442495126705653,233.5337824186003,-6.53378241860031,23.46621758139969,0.9720221102448948,false,false,neither,false,216,198,false,false,false,false,false
2018,22,22,PPL,PPL,PPL,1,389417,98264190,0.003962959446365965,1,0.001949317738791423,2.03299819598574,-1.0329981959857402,254.96700180401427,0.4918843518772184,false,false,neither,false,0,0,false,false,false,false,false
2018,22,23,PPL,PRTB,"PPL, PRTB",2,1074393,98264190,0.010933718580492038,1,0.001949317738791423,5.608997631792415,-4.608997631792415,251.39100236820758,0.17828497454373846,false,false,neither,false,0,1,false,false,false,false,false
2018,22,24,PPL,PROS,"PPL, PRTB, PROS",3,3119098,98264190,0.03174196011792292,9,0.017543859649122806,16.28362554049446,-7.283625540494459,240.71637445950554,0.5527024665126702,false,false,neither,false,8,1,false,false,false,false,false
2018,22,25,PPL,PRP,"PPL, PRTB, PROS, PRP",4,3972092,98264190,0.04042257917151711,13,0.025341130604288498,20.736783114988278,-7.7367831149882775,236.26321688501173,0.6269053366625496,false,false,neither,false,12,9,false,false,false,false,false
2018,22,26,PPL,PR,"PPL, PRTB, PROS, PRP, PR",5,9196683,98264190,0.09359139886056152,46,0.08966861598440545,48.01238761546806,-2.0123876154680573,208.98761238453193,0.9580860749607935,false,false,neither,false,45,13,false,false,false,false,false
2018,22,27,PPL,PRB,"PPL, PRTB, PROS, PRP, PR, PRB",6,14181211,98264190,0.14431718207823216,75,0.14619883040935672,74.03471440613309,0.9652855938669092,182.9652855938669,1.0130382834810658,false,false,neither,false,74,46,false,false,false,false,false
2018,22,28,PPL,PTC,"PPL, PRTB, PROS, PRP, PR, PRB, PTC",7,14783025,98264190,0.1504416308728541,77,0.15009746588693956,77.17655663777414,-0.17655663777414077,179.82344336222587,0.9977123022137045,false,false,neither,false,76,75,false,false,false,false,false
2018,22,29,PPL,DC,"PPL, PRTB, PROS, PRP, PR, PRB, PTC, DC",8,15164759,98264190,0.1543264031383152,78,0.15204678362573099,79.16944480995569,-1.1694448099556922,177.83055519004432,0.9852285839219548,false,false,neither,false,77,77,false,false,false,false,false
2018,22,30,PPL,PSL,"PPL, PRTB, PROS, PRP, PR, PRB, PTC, DC, PSL",9,26599760,98264190,0.2706963747424163,130,0.253411306042885,138.86724024285957,-8.867240242859566,118.13275975714043,0.9361459172994869,false,false,neither,false,129,78,false,false,false,false,false
2018,22,31,PPL,NOVO,"PPL, PRTB, PROS, PRP, PR, PRB, PTC, DC, PSL, NOVO",10,29347839,98264190,0.29866260537027783,138,0.26900584795321636,153.21391655495253,-15.213916554952533,103.78608344504747,0.9007014708778375,false,false,neither,false,137,130,false,false,false,false,false
2018,22,32,PPL,PP,"PPL, PRTB, PROS, PRP, PR, PRB, PTC, DC, PSL, NOVO, PP",11,34756417,98264190,0.35370379585889833,175,0.341130604288499,181.45004727561485,-6.45004727561485,75.54995272438515,0.9644527660782722,false,false,neither,false,174,138,false,false,false,false,false
2018,22,33,PPL,PSC,"PPL, PRTB, PROS, PRP, PR, PRB, PTC, DC, PSL, NOVO, PP, PSC",12,36476171,98264190,0.37120512569227915,182,0.35477582846003897,190.4282294801392,-8.428229480139208,66.57177051986079,0.9557406509363243,false,false,neither,false,181,175,false,false,false,false,false
2018,22,34,PPL,PATRIOTA,"PPL, PRTB, PROS, PRP, PR, PRB, PTC, DC, PSL, NOVO, PP, PSC, PATRIOTA",13,37908475,98264190,0.3857811782705378,187,0.3645224171539961,197.9057444527859,-10.90574445278591,59.09425554721409,0.9448942501242672,false,false,neither,false,186,182,false,false,false,false,false
2018,22,35,PPL,DEM,"PPL, PRTB, PROS, PRP, PR, PRB, PTC, DC, PSL, NOVO, PP, PSC, PATRIOTA, DEM",14,42489639,98264190,0.4324020683424959,216,0.42105263157894735,221.8222610597004,-5.822261059700395,35.177738940299605,0.9737525844706207,false,false,neither,false,215,187,false,false,false,false,false
2018,23,23,PRTB,PRTB,PRTB,1,684976,98264190,0.006970759134126074,0,0.0,3.575999435806676,-3.575999435806676,253.42400056419334,0.0,false,false,neither,false,0,0,false,false,false,false,false
2018,23,24,PRTB,PROS,"PRTB, PROS",2,2729681,98264190,0.027779000671556954,8,0.015594541910331383,14.250627344508718,-6.250627344508718,242.74937265549127,0.5613787945330484,false,false,neither,false,8,0,false,false,false,false,false
2018,23,25,PRTB,PRP,"PRTB, PROS, PRP",3,3582675,98264190,0.036459619725151146,12,0.023391812865497075,18.703784919002537,-6.703784919002537,238.29621508099746,0.6415813725385778,false,false,neither,false,12,8,false,false,false,false,false
2018,23,26,PRTB,PR,"PRTB, PROS, PRP, PR",4,8807266,98264190,0.08962843941419554,45,0.08771929824561403,45.97938941948232,-0.9793894194823167,211.02061058051768,0.9786993817915439,false,false,neither,false,45,12,false,false,false,false,false
2018,23,27,PRTB,PRB,"PRTB, PROS, PRP, PR, PRB",5,13791794,98264190,0.1403542226318662,74,0.1442495126705653,72.00171621014736,1.9982837898526356,184.99828378985262,1.027753279991554,false,false,neither,false,74,45,false,false,false,false,false
2018,23,28,PRTB,PTC,"PRTB, PROS, PRP, PR, PRB, PTC",6,14393608,98264190,0.14647867142648813,76,0.14814814814814814,75.14355844178841,0.8564415582115856,181.8564415582116,1.011397404860392,false,false,neither,false,76,74,false,false,false,false,false
2018,23,29,PRTB,DC,"PRTB, PROS, PRP, PR, PRB, PTC, DC",7,14775342,98264190,0.15036344369194923,77,0.15009746588693956,77.13644661396995,-0.1364466139699516,179.86355338603005,0.9982311006021213,false,false,neither,false,77,76,false,false,false,false,false
2018,23,30,PRTB,PSL,"PRTB, PROS, PRP, PR, PRB, PTC, DC, PSL",8,26210343,98264190,0.2667334152960504,129,0.25146198830409355,136.83424204687384,-7.83424204687384,120.16575795312616,0.9427464797576753,false,false,neither,false,129,77,false,false,false,false,false
2018,23,31,PRTB,NOVO,"PRTB, PROS, PRP, PR, PRB, PTC, DC, PSL, NOVO",9,28958422,98264190,0.29469964592391185,137,0.26705653021442494,151.18091835896678,-14.180918358966778,105.81908164103322,0.9061990196057987,false,false,neither,false,137,129,false,false,false,false,false
2018,23,32,PRTB,PP,"PRTB, PROS, PRP, PR, PRB, PTC, DC, PSL, NOVO, PP",10,34367000,98264190,0.3497408364125324,174,0.3391812865497076,179.41704907962912,-5.417049079629123,77.58295092037088,0.9698075009737512,false,false,neither,false,174,137,false,false,false,false,false
2018,23,33,PRTB,PSC,"PRTB, PROS, PRP, PR, PRB, PTC, DC, PSL, NOVO, PP, PSC",11,36086754,98264190,0.36724216624591316,181,0.35282651072124754,188.39523128415345,-7.3952312841534535,68.60476871584655,0.9607461864414214,false,false,neither,false,181,174,false,false,false,false,false
2018,23,34,PRTB,PATRIOTA,"PRTB, PROS, PRP, PR, PRB, PTC, DC, PSL, NOVO, PP, PSC, PATRIOTA",12,37519058,98264190,0.3818182188241719,186,0.36257309941520466,195.87274625680018,-9.872746256800184,61.127253743199816,0.9495961207188239,false,false,neither,false,186,181,false,false,false,false,false
2018,23,35,PRTB,DEM,"PRTB, PROS, PRP, PR, PRB, PTC, DC, PSL, NOVO, PP, PSC, PATRIOTA, DEM",13,42100222,98264190,0.4284391088961299,215,0.4191033138401559,219.78926286371464,-4.78926286371464,37.21073713628536,0.9782097505523537,false,false,neither,false,215,186,false,false,false,false,false
2018,24,24,PROS,PROS,PROS,1,2044705,98264190,0.02080824153743088,8,0.015594541910331383,10.67462790870204,-2.674627908702041,246.32537209129796,0.7494406426549385,false,false,neither,false,0,0,false,false,false,false,false
2018,24,25,PROS,PRP,"PROS, PRP",2,2897699,98264190,0.02948886059102507,12,0.023391812865497075,15.127785483195861,-3.1277854831958614,241.87221451680415,0.7932423429278366,false,false,neither,false,4,8,false,false,false,false,false
2018,24,26,PROS,PR,"PROS, PRP, PR",3,8122290,98264190,0.08265768028006948,45,0.08771929824561403,42.403389983675645,2.5966100163243553,214.59661001632435,1.0612359063113583,false,false,neither,false,37,12,false,false,false,false,false
2018,24,27,PROS,PRB,"PROS, PRP, PR, PRB",4,13106818,98264190,0.13338346349774013,74,0.1442495126705653,68.42571677434069,5.574283225659315,188.57428322565931,1.081464739990121,false,false,neither,false,66,45,false,false,false,false,false
2018,24,28,PROS,PTC,"PROS, PRP, PR, PRB, PTC",5,13708632,98264190,0.13950791229236206,76,0.14814814814814814,71.56755900598174,4.432440994018265,185.43244099401826,1.061933661781699,false,false,neither,false,68,74,false,false,false,false,false
2018,24,29,PROS,DC,"PROS, PRP, PR, PRB, PTC, DC",6,14090366,98264190,0.14339268455782314,77,0.15009746588693956,73.56044717816327,3.4395528218367275,183.43955282183674,1.046758182607375,false,false,neither,false,69,76,false,false,false,false,false
2018,24,30,PROS,PSL,"PROS, PRP, PR, PRB, PTC, DC, PSL",7,25525367,98264190,0.2597626561619243,129,0.25146198830409355,133.25824261106715,-4.258242611067146,123.74175738893285,0.9680451840904474,false,false,neither,false,121,77,false,false,false,false,false
2018,24,31,PROS,NOVO,"PROS, PRP, PR, PRB, PTC, DC, PSL, NOVO",8,28273446,98264190,0.28772888678978575,137,0.26705653021442494,147.60491892316008,-10.604918923160085,109.39508107683992,0.9281533501693072,false,false,neither,false,129,129,false,false,false,false,false
2018,24,32,PROS,PP,"PROS, PRP, PR, PRB, PTC, DC, PSL, NOVO, PP",9,33682024,98264190,0.3427700772784063,174,0.3391812865497076,175.84104964382243,-1.84104964382243,81.15895035617757,0.9895300349517272,false,false,neither,false,166,137,false,false,false,false,false
2018,24,33,PROS,PSC,"PROS, PRP, PR, PRB, PTC, DC, PSL, NOVO, PP, PSC",10,35401778,98264190,0.3602714071117871,181,0.35282651072124754,184.8192318483468,-3.8192318483467886,72.18076815165321,0.9793353115357569,false,false,neither,false,173,174,false,false,false,false,false
2018,24,34,PROS,PATRIOTA,"PROS, PRP, PR, PRB, PTC, DC, PSL, NOVO, PP, PSC, PATRIOTA",11,36834082,98264190,0.3748474596900458,186,0.36257309941520466,192.2967468209935,-6.296746820993491,64.70325317900651,0.967255052802037,false,false,neither,false,178,181,false,false,false,false,false
2018,24,35,PROS,DEM,"PROS, PRP, PR, PRB, PTC, DC, PSL, NOVO, PP, PSC, PATRIOTA, DEM",12,41415246,98264190,0.4214683497620038,215,0.4191033138401559,216.21326342790795,-1.2132634279079468,40.78673657209205,0.9943885800127499,false,false,neither,false,207,186,false,false,false,false,false
2018,25,25,PRP,PRP,PRP,1,852994,98264190,0.008680619053594194,4,0.007797270955165692,4.453157574493821,-0.45315757449382144,252.54684242550618,0.8982390434397932,false,false,neither,false,0,0,false,false,false,false,false
2018,25,26,PRP,PR,"PRP, PR",2,6077585,98264190,0.061849438742638596,37,0.07212475633528265,31.7287620749736,5.271237925026401,225.2712379250264,1.166134370845314,false,false,neither,false,33,4,false,false,false,false,false
2018,25,27,PRP,PRB,"PRP, PR, PRB",3,11062113,98264190,0.11257522196030924,66,0.1286549707602339,57.751088865638636,8.248911134361364,199.24891113436138,1.142835594901993,false,false,neither,false,62,37,false,false,false,false,false
2018,25,28,PRP,PTC,"PRP, PR, PRB, PTC",4,11663927,98264190,0.11869967075493117,68,0.13255360623781676,60.892931097279686,7.107068902720314,196.1070689027203,1.1167141862717431,false,false,neither,false,64,66,false,false,false,false,false
2018,25,29,PRP,DC,"PRP, PR, PRB, PTC, DC",5,12045661,98264190,0.12258444302039227,69,0.13450292397660818,62.88581926946124,6.114180730538763,194.11418073053875,1.0972267007342298,false,false,neither,false,65,68,false,false,false,false,false
2018,25,30,PRP,PSL,"PRP, PR, PRB, PTC, DC, PSL",6,23480662,98264190,0.23895441462449343,121,0.23586744639376217,122.58361470236513,-1.583614702365125,134.41638529763486,0.9870813509112929,false,false,neither,false,117,69,false,false,false,false,false
2018,25,31,PRP,NOVO,"PRP, PR, PRB, PTC, DC, PSL, NOVO",7,26228741,98264190,0.2669206452523549,129,0.25146198830409355,136.93029101445808,-7.930291014458078,120.06970898554192,0.9420851956443973,false,false,neither,false,125,121,false,false,false,false,false
2018,25,32,PRP,PP,"PRP, PR, PRB, PTC, DC, PSL, NOVO, PP",8,31637319,98264190,0.3219618357409754,166,0.3235867446393762,165.1664217351204,0.8335782648796055,91.8335782648796,1.0050468990980288,false,false,neither,false,162,129,false,false,false,false,false
2018,25,33,PRP,PSC,"PRP, PR, PRB, PTC, DC, PSL, NOVO, PP, PSC",9,33357073,98264190,0.33946316557435624,173,0.33723196881091616,174.14460393964475,-1.1446039396447532,82.85539606035525,0.9934272787456484,false,false,neither,false,169,166,false,false,false,false,false
2018,25,34,PRP,PATRIOTA,"PRP, PR, PRB, PTC, DC, PSL, NOVO, PP, PSC, PATRIOTA",10,34789377,98264190,0.3540392181526149,178,0.3469785575048733,181.62211891229146,-3.622118912291455,75.37788108770854,0.9800568403563189,false,false,neither,false,174,173,false,false,false,false,false
2018,25,35,PRP,DEM,"PRP, PR, PRB, PTC, DC, PSL, NOVO, PP, PSC, PATRIOTA, DEM",11,39370541,98264190,0.400660108224573,207,0.40350877192982454,205.53863551920594,1.4613644807940602,51.46136448079406,1.0071099259616205,false,false,neither,false,203,178,false,false,false,false,false
2018,26,26,PR,PR,PR,1,5224591,98264190,0.053168819689044404,33,0.06432748538011696,27.27560450047978,5.72439549952022,229.72439549952023,1.2098723604611412,false,false,neither,false,0,0,false,false,false,false,false
2018,26,27,PR,PRB,"PR, PRB",2,10209119,98264190,0.10389460290671505,62,0.12085769980506822,53.29793129114482,8.70206870885518,203.70206870885517,1.1632721664433716,false,false,neither,false,29,33,false,false,false,false,false
2018,26,28,PR,PTC,"PR, PRB, PTC",3,10810933,98264190,0.11001905170133698,64,0.12475633528265107,56.43977352278587,7.56022647721413,200.56022647721414,1.1339521051437584,false,false,neither,false,31,62,false,false,false,false,false
2018,26,29,PR,DC,"PR, PRB, PTC, DC",4,11192667,98264190,0.11390382396679807,65,0.1267056530214425,58.432661694967415,6.567338305032585,198.5673383050326,1.1123915651714733,false,false,neither,false,32,64,false,false,false,false,false
2018,26,30,PR,PSL,"PR, PRB, PTC, DC, PSL",5,22627668,98264190,0.23027379557089922,117,0.22807017543859648,118.1304571278713,-1.1304571278712956,138.8695428721287,0.9904304346621835,false,false,neither,false,84,65,false,false,false,false,false
2018,26,31,PR,NOVO,"PR, PRB, PTC, DC, PSL, NOVO",6,25375747,98264190,0.2582400261987607,125,0.24366471734892786,132.47713343996423,-7.477133439964234,124.52286656003577,0.9435590637734269,false,false,neither,false,92,117,false,false,false,false,false
2018,26,32,PR,PP,"PR, PRB, PTC, DC, PSL, NOVO, PP",7,30784325,98264190,0.31328121668738124,162,0.3157894736842105,160.71326416062658,1.2867358393734207,96.28673583937342,1.0080064072252766,false,false,neither,false,129,125,false,false,false,false,false
2018,26,33,PR,PSC,"PR, PRB, PTC, DC, PSL, NOVO, PP, PSC",8,32504079,98264190,0.33078254652076206,169,0.32943469785575047,169.69144636515094,-0.6914463651509379,87.30855363484906,0.9959252727231575,false,false,neither,false,136,162,false,false,false,false,false
2018,26,34,PR,PATRIOTA,"PR, PRB, PTC, DC, PSL, NOVO, PP, PSC, PATRIOTA",9,33936383,98264190,0.3453585990990207,174,0.3391812865497076,177.16896133779764,-3.16896133779764,79.83103866220236,0.9821133379466194,false,false,neither,false,141,169,false,false,false,false,false
2018,26,35,PR,DEM,"PR, PRB, PTC, DC, PSL, NOVO, PP, PSC, PATRIOTA, DEM",10,38517547,98264190,0.39197948917097875,203,0.39571150097465885,201.0854779447121,1.9145220552879039,55.914522055287904,1.0095209364438256,false,false,neither,false,170,174,false,false,false,false,false
2018,27,27,PRB,PRB,PRB,1,4984528,98264190,0.05072578321767065,29,0.056530214424951264,26.022326790665044,2.977673209334956,230.97767320933497,1.1144276310603836,false,false,neither,false,0,0,false,false,false,false,false
2018,27,28,PRB,PTC,"PRB, PTC",2,5586342,98264190,0.05685023201229258,31,0.06042884990253411,29.16416902230609,1.8358309776939095,227.83583097769392,1.0629481668512406,false,false,neither,false,2,29,false,false,false,false,false
2018,27,29,PRB,DC,"PRB, PTC, DC",3,5968076,98264190,0.060735004277753676,32,0.06237816764132553,31.157057194487635,0.8429428055123651,225.84294280551237,1.0270546348536889,false,false,neither,false,3,31,false,false,false,false,false
2018,27,30,PRB,PSL,"PRB, PTC, DC, PSL",4,17403077,98264190,0.17710497588185484,84,0.16374269005847952,90.85485262739154,-6.854852627391537,166.14514737260845,0.9245516069955642,false,false,neither,false,55,32,false,false,false,false,false
2018,27,31,PRB,NOVO,"PRB, PTC, DC, PSL, NOVO",5,20151156,98264190,0.2050712065097163,92,0.1793372319688109,105.20152893948446,-13.201528939484461,151.79847106051554,0.8745120049816155,false,false,neither,false,63,84,false,false,false,false,false
2018,27,32,PRB,PP,"PRB, PTC, DC, PSL, NOVO, PP",6,25559734,98264190,0.2601123969983368,129,0.25146198830409355,133.43765966014678,-4.437659660146778,123.56234033985322,0.966743573954691,false,false,neither,false,100,92,false,false,false,false,false
2018,27,33,PRB,PSC,"PRB, PTC, DC, PSL, NOVO, PP, PSC",7,27279488,98264190,0.27761372683171764,136,0.2651072124756335,142.41584186467117,-6.415841864671165,114.58415813532883,0.9549499425017075,false,false,neither,false,107,129,false,false,false,false,false
2018,27,34,PRB,PATRIOTA,"PRB, PTC, DC, PSL, NOVO, PP, PSC, PATRIOTA",8,28711792,98264190,0.2921897794099763,141,0.27485380116959063,149.89335683731784,-8.893356837317839,107.10664316268216,0.9406687726196568,false,false,neither,false,112,136,false,false,false,false,false
2018,27,35,PRB,DEM,"PRB, PTC, DC, PSL, NOVO, PP, PSC, PATRIOTA, DEM",9,33292956,98264190,0.3388106694819344,170,0.3313840155945419,173.80987344423235,-3.809873444232352,83.19012655576765,0.9780802242776228,false,false,neither,false,141,141,false,false,false,false,false
2018,28,28,PTC,PTC,PTC,1,601814,98264190,0.006124448794621927,2,0.003898635477582846,3.141842231641048,-1.1418422316410481,253.85815776835895,0.6365692012979783,false,false,neither,false,0,0,false,false,false,false,false
2018,28,29,PTC,DC,"PTC, DC",2,983548,98264190,0.010009221060083028,3,0.005847953216374269,5.134730403822593,-2.1347304038225934,251.8652695961774,0.5842565751391007,false,false,neither,false,1,2,false,false,false,false,false
2018,28,30,PTC,PSL,"PTC, DC, PSL",3,12418549,98264190,0.12637919266418418,55,0.10721247563352826,64.83252583672649,-9.83252583672649,192.1674741632735,0.8483396148795959,false,false,neither,false,53,3,false,false,false,false,false
2018,28,31,PTC,NOVO,"PTC, DC, PSL, NOVO",4,15166628,98264190,0.15434542329204565,63,0.12280701754385964,79.17920214881941,-16.179202148819414,177.8207978511806,0.7956634859945901,false,false,neither,false,61,55,false,false,false,false,false
2018,28,32,PTC,PP,"PTC, DC, PSL, NOVO, PP",5,20575206,98264190,0.20938661378066617,100,0.1949317738791423,107.41533286948174,-7.415332869481745,149.58466713051826,0.9309657879244114,false,false,neither,false,98,63,false,false,false,false,false
2018,28,33,PTC,PSC,"PTC, DC, PSL, NOVO, PP, PSC",6,22294960,98264190,0.226887943614047,107,0.20857699805068225,116.3935150740061,-9.393515074006103,140.6064849259939,0.9192952024171325,false,false,neither,false,105,100,false,false,false,false,false
2018,28,34,PTC,PATRIOTA,"PTC, DC, PSL, NOVO, PP, PSC, PATRIOTA",7,23727264,98264190,0.24146399619230566,112,0.21832358674463936,123.8710300466528,-11.871030046652805,133.1289699533472,0.9041662118884304,false,false,neither,false,110,107,false,false,false,false,false
2018,28,35,PTC,DEM,"PTC, DC, PSL, NOVO, PP, PSC, PATRIOTA, DEM",8,28308428,98264190,0.2880848862642637,141,0.27485380116959063,147.7875466535673,-6.78754665356729,109.21245334643271,0.9540722692320067,false,false,neither,false,139,112,false,false,false,false,false
2018,29,29,DC,DC,DC,1,381734,98264190,0.0038847722654611005,1,0.001949317738791423,1.9928881721815446,-0.9928881721815446,255.00711182781845,0.5017843017781249,false,false,neither,false,0,0,false,false,false,false,false
2018,29,30,DC,PSL,"DC, PSL",2,11816735,98264190,0.12025474386956225,53,0.10331384015594541,61.69068360508543,-8.690683605085432,195.30931639491456,0.8591248613693588,false,false,neither,false,52,1,false,false,false,false,false
2018,29,31,DC,NOVO,"DC, PSL, NOVO",3,14564814,98264190,0.14822097449742372,61,0.1189083820662768,76.03735991717836,-15.037359917178364,180.96264008282162,0.8022372168949922,false,false,neither,false,60,53,false,false,false,false,false
2018,29,32,DC,PP,"DC, PSL, NOVO, PP",4,19973392,98264190,0.20326216498604424,98,0.19103313840155944,104.2734906378407,-6.273490637840695,152.7265093621593,0.9398361884745032,false,false,neither,false,97,61,false,false,false,false,false
2018,29,33,DC,PSC,"DC, PSL, NOVO, PP, PSC",5,21693146,98264190,0.22076349481942506,105,0.2046783625730994,113.25167284236505,-8.251672842365053,143.74832715763495,0.9271386228983076,false,false,neither,false,104,98,false,false,false,false,false
2018,29,34,DC,PATRIOTA,"DC, PSL, NOVO, PP, PSC, PATRIOTA",6,23125450,98264190,0.23533954739768373,110,0.21442495126705652,120.72918781501176,-10.729187815011755,136.27081218498824,0.9111301251239126,false,false,neither,false,109,105,false,false,false,false,false
2018,29,35,DC,DEM,"DC, PSL, NOVO, PP, PSC, PATRIOTA, DEM",7,27706614,98264190,0.2819604374696418,139,0.2709551656920078,144.64570442192624,-5.64570442192624,112.35429557807376,0.9609687377548529,false,false,neither,false,138,110,false,false,false,false,false
2018,30,30,PSL,PSL,PSL,1,11435001,98264190,0.11636997160410115,52,0.10136452241715399,59.69779543290389,-7.697795432903888,197.3022045670961,0.8710539413209041,false,false,neither,false,0,0,false,false,false,false,false
2018,30,31,PSL,NOVO,"PSL, NOVO",2,14183080,98264190,0.14433620223196264,60,0.11695906432748537,74.04447174499684,-14.04447174499684,182.95552825500317,0.8103238308814619,false,false,neither,false,8,52,false,false,false,false,false
2018,30,32,PSL,PP,"PSL, NOVO, PP",3,19591658,98264190,0.19937739272058316,97,0.18908382066276802,102.28060246565916,-5.2806024656591575,154.71939753434083,0.9483714180562035,false,false,neither,false,45,60,false,false,false,false,false
2018,30,33,PSL,PSC,"PSL, NOVO, PP, PSC",4,21311412,98264190,0.21687872255396395,104,0.20272904483430798,111.2587846701835,-7.258784670183502,145.7412153298165,0.9347576490997856,false,false,neither,false,52,97,false,false,false,false,false
2018,30,34,PSL,PATRIOTA,"PSL, NOVO, PP, PSC, PATRIOTA",5,22743716,98264190,0.23145477513222262,109,0.2124756335282651,118.7362996428302,-9.736299642830204,138.2637003571698,0.9180006478884899,false,false,neither,false,57,104,false,false,false,false,false
2018,30,35,PSL,DEM,"PSL, NOVO, PP, PSC, PATRIOTA, DEM",6,27324880,98264190,0.2780756652041807,138,0.26900584795321636,142.6528162497447,-4.6528162497446885,114.34718375025531,0.9673836355140797,false,false,neither,false,86,109,false,false,false,false,false
2018,31,31,NOVO,NOVO,NOVO,1,2748079,98264190,0.027966230627861483,8,0.015594541910331383,14.34667631209294,-6.34667631209294,242.65332368790706,0.5576204429493352,false,false,neither,false,0,0,false,false,false,false,false
2018,31,32,NOVO,PP,"NOVO, PP",2,8156657,98264190,0.083007421116482,45,0.08771929824561403,42.58280703275527,2.4171929672447305,214.41719296724472,1.056764528589799,false,false,neither,false,37,8,false,false,false,false,false
2018,31,33,NOVO,PSC,"NOVO, PP, PSC",3,9876411,98264190,0.10050875094986281,52,0.10136452241715399,51.56098923727962,0.439010762720379,205.4390107627204,1.0085143975942759,false,false,neither,false,44,45,false,false,false,false,false
2018,31,34,NOVO,PATRIOTA,"NOVO, PP, PSC, PATRIOTA",4,11308715,98264190,0.11508480352812149,57,0.1111111111111111,59.03850420992632,-2.038504209926323,197.96149579007368,0.9654716148858056,false,false,neither,false,49,52,false,false,false,false,false
2018,31,35,NOVO,DEM,"NOVO, PP, PSC, PATRIOTA, DEM",5,15889879,98264190,0.16170569360007955,86,0.16764132553606237,82.95502081684081,3.0449791831591853,174.04497918315917,1.036706388030235,false,false,neither,false,78,57,false,false,false,false,false
2018,32,32,PP,PP,PP,1,5408578,98264190,0.05504119048862052,37,0.07212475633528265,28.236130720662327,8.763869279337673,228.76386927933768,1.3103778405773048,false,false,neither,false,0,0,false,false,false,false,false
2018,32,33,PP,PSC,"PP, PSC",2,7128332,98264190,0.07254252032200133,44,0.08576998050682261,37.21431292518668,6.785687074813318,219.78568707481332,1.1823407861500719,false,false,neither,false,7,37,false,false,false,false,false
2018,32,34,PP,PATRIOTA,"PP, PSC, PATRIOTA",3,8560636,98264190,0.08711857290026,49,0.09551656920077972,44.69182789783338,4.308172102166623,212.30817210216662,1.0963973125470547,false,false,neither,false,12,44,false,false,false,false,false
2018,32,35,PP,DEM,"PP, PSC, PATRIOTA, DEM",4,13141800,98264190,0.13373946297221806,78,0.15204678362573099,68.60834450474786,9.391655495252138,188.39165549525214,1.136887948004666,false,false,neither,false,41,49,false,false,false,false,false
2018,33,33,PSC,PSC,PSC,1,1719754,98264190,0.01750132983338081,7,0.01364522417153996,8.978182204524355,-1.9781822045243551,248.02181779547564,0.7796678481834002,false,false,neither,false,0,0,false,false,false,false,false
2018,33,34,PSC,PATRIOTA,"PSC, PATRIOTA",2,3152058,98264190,0.03207738241163948,12,0.023391812865497075,16.455697177171054,-4.455697177171054,240.54430282282894,0.7292307260398283,false,false,neither,false,5,7,false,false,false,false,false
2018,33,35,PSC,DEM,"PSC, PATRIOTA, DEM",3,7733222,98264190,0.07869827248359754,41,0.07992202729044834,40.37221378408554,0.6277862159144618,216.62778621591445,1.015549957683072,false,false,neither,false,34,12,false,false,false,false,false
2018,34,34,PATRIOTA,PATRIOTA,PATRIOTA,1,1432304,98264190,0.014576052578258673,5,0.009746588693957114,7.477514972646699,-2.4775149726466994,249.5224850273533,0.6686713458000911,false,false,neither,false,0,0,false,false,false,false,false
2018,34,35,PATRIOTA,DEM,"PATRIOTA, DEM",2,6013468,98264190,0.061196942650216725,34,0.06627680311890838,31.39403157956118,2.6059684204388205,225.6059684204388,1.0830084028499039,false,false,neither,false,29,5,false,false,false,false,false
2018,35,35,DEM,DEM,DEM,1,4581164,98264190,0.046620890071958056,29,0.056530214424951264,23.91651660691448,5.083483393085519,233.08348339308552,1.2125511618868376,false,false,neither,false,0,0,false,false,false,false,false
2022,1,1,PSTU,PSTU,PSTU,1,27995,109413508,0.0002558642028002612,0,0.0,0.131258336036534,-0.131258336036534,256.8687416639635,0.0,false,false,neither,false,0,0,false,false,false,false,false
2022,1,2,PSTU,PCO,"PSTU, PCO",2,35303,109413508,0.00032265668696044366,0,0.0,0.1655228804107076,-0.1655228804107076,256.8344771195893,0.0,false,false,neither,false,0,0,false,false,false,false,false
2022,1,3,PSTU,PCB,"PSTU, PCO, PCB",3,120814,109413508,0.0011041963849655566,0,0.0,0.5664527454873305,-0.5664527454873305,256.4335472545127,0.0,false,false,neither,false,0,0,false,false,false,false,false
2022,1,4,PSTU,PSOL,"PSTU, PCO, PCB, PSOL",4,3973060,109413508,0.03631233540195055,12,0.023391812865497075,18.628228061200634,-6.628228061200634,238.37177193879936,0.6441836529258473,false,false,neither,false,12,0,false,false,false,false,false
2022,1,5,PSTU,UP,"PSTU, PCO, PCB, PSOL, UP",5,4027646,109413508,0.03681123175394395,12,0.023391812865497075,18.884161889773246,-6.884161889773246,238.11583811022675,0.6354531416349816,false,false,neither,false,12,12,false,false,false,false,false
2022,1,6,PSTU,PCdoB,"PSTU, PCO, PCB, PSOL, UP, PCdoB",6,5182358,109413508,0.0473648829539402,18,0.03508771929824561,24.298184955371323,-6.2981849553713225,232.7018150446287,0.7407960731659895,false,false,neither,false,18,12,false,false,false,false,false
2022,1,7,PSTU,PT,"PSTU, PCO, PCB, PSOL, UP, PCdoB, PT",7,18419056,109413508,0.1683435284791344,87,0.1695906432748538,86.36023010979595,0.6397698902040503,170.63976989020404,1.0074081540703477,false,false,neither,false,87,18,false,false,false,false,false
2022,1,8,PSTU,PSB,"PSTU, PCO, PCB, PSOL, UP, PCdoB, PT, PSB",8,22593955,109413508,0.2065005995420602,101,0.1968810916179337,105.93480756507688,-4.934807565076881,151.06519243492312,0.953416561765637,false,false,neither,false,101,87,false,false,false,false,false
2022,1,9,PSTU,REDE,"PSTU, PCO, PCB, PSOL, UP, PCdoB, PT, PSB, REDE",9,23376872,109413508,0.21365617854058752,103,0.20077972709551656,109.6056195913214,-6.6056195913214,147.39438040867861,0.9397328383713235,false,false,neither,false,103,101,false,false,false,false,false
2022,1,10,PSTU,PDT,"PSTU, PCO, PCB, PSOL, UP, PCdoB, PT, PSB, REDE, PDT",10,27205239,109413508,0.24864607211021877,120,0.23391812865497075,127.55543499254223,-7.5554349925422315,129.44456500745775,0.94076743971761,false,false,neither,false,120,103,false,false,false,false,false
2022,1,11,PSTU,PV,"PSTU, PCO, PCB, PSOL, UP, PCdoB, PT, PSB, REDE, PDT, PV",11,28159817,109413508,0.25737057073428266,126,0.24561403508771928,132.031102786687,-6.031102786687001,124.968897213313,0.9543205906836133,false,false,neither,false,126,120,false,false,false,false,false
2022,1,12,PSTU,SOLIDARIEDADE,"PSTU, PCO, PCB, PSOL, UP, PCdoB, PT, PSB, REDE, PDT, PV, SOLIDARIEDADE",12,29862336,109413508,0.27293098033197144,130,0.253411306042885,140.01359291030136,-10.013592910301355,116.98640708969864,0.9284812802660061,false,false,neither,false,130,126,false,false,false,false,false
2022,1,13,PSTU,CIDADANIA,"PSTU, PCO, PCB, PSOL, UP, PCdoB, PT, PSB, REDE, PDT, PV, SOLIDARIEDADE, CIDADANIA",13,31476442,109413508,0.28768332699834465,135,0.2631578947368421,147.5815467501508,-12.581546750150807,109.4184532498492,0.9147485100461047,false,false,neither,false,135,130,false,false,false,false,false
2022,1,14,PSTU,AVANTE,"PSTU, PCO, PCB, PSOL, UP, PCdoB, PT, PSB, REDE, PDT, PV, SOLIDARIEDADE, CIDADANIA, AVANTE",14,33668960,109413508,0.30772215072383935,142,0.27680311890838205,157.86146332132958,-15.86146332132958,99.13853667867042,0.8995228918596598,false,false,neither,false,142,135,false,false,false,false,false
2022,1,15,PSTU,MDB,"PSTU, PCO, PCB, PSOL, UP, PCdoB, PT, PSB, REDE, PDT, PV, SOLIDARIEDADE, CIDADANIA, AVANTE, MDB",15,41619855,109413508,0.3803904633054997,184,0.3586744639376218,195.14030767572135,-11.140307675721346,61.859692324278654,0.9429112938868889,false,false,neither,false,184,142,false,false,false,false,false
2022,1,16,PSTU,PMN,"PSTU, PCO, PCB, PSOL, UP, PCdoB, PT, PSB, REDE, PDT, PV, SOLIDARIEDADE, CIDADANIA, AVANTE, MDB, PMN",16,41876433,109413508,0.3827354936832845,184,0.3586744639376218,196.34330825952495,-12.343308259524946,60.656691740475054,0.9371340517334583,false,false,neither,false,184,184,false,false,false,false,false
2022,1,17,PSTU,PSDB,"PSTU, PCO, PCB, PSOL, UP, PCdoB, PT, PSB, REDE, PDT, PV, SOLIDARIEDADE, CIDADANIA, AVANTE, MDB, PMN, PSDB",17,45185494,109413508,0.4129791177155201,197,0.3840155945419103,211.8582873880618,-14.858287388061797,45.1417126119382,0.9298668578357485,false,false,neither,false,197,184,false,false,false,false,false
2022,1,18,PSTU,PSD,"PSTU, PCO, PCB, PSOL, UP, PCdoB, PT, PSB, REDE, PDT, PV, SOLIDARIEDADE, CIDADANIA, AVANTE, MDB, PMN, PSDB, PSD",18,53479450,109413508,0.48878288410239074,239,0.46588693957115007,250.74561954452645,-11.745619544526448,6.254380455473552,0.9531572293631208,false,false,neither,false,239,197,false,false,false,false,false
2022,1,19,PSTU,PMB,"PSTU, PCO, PCB, PSOL, UP, PCdoB, PT, PSB, REDE, PDT, PV, SOLIDARIEDADE, CIDADANIA, AVANTE, MDB, PMN, PSDB, PSD, PMB",19,53562505,109413508,0.4895419768462227,239,0.46588693957115007,251.13503412211224,-12.135034122112245,5.864965877887755,0.9516792463284446,false,false,neither,false,239,239,false,false,false,false,false
2022,1,20,PSTU,PODE,"PSTU, PCO, PCB, PSOL, UP, PCdoB, PT, PSB, REDE, PDT, PV, SOLIDARIEDADE, CIDADANIA, AVANTE, MDB, PMN, PSDB, PSD, PMB, PODE",20,57174571,109413508,0.5225549572910139,251,0.48927875243664715,268.0706930902901,-17.070693090290092,-11.070693090290092,0.9363201814659373,true,false,votes_only,false,251,239,false,false,false,false,false
2022,1,21,PSTU,PROS,"PSTU, PCO, PCB, PSOL, UP, PCdoB, PT, PSB, REDE, PDT, PV, SOLIDARIEDADE, CIDADANIA, AVANTE, MDB, PMN, PSDB, PSD, PMB, PODE, PROS",21,57974232,109413508,0.5298635704103373,254,0.4951267056530214,271.820011620503,-17.82001162050301,-14.82001162050301,0.9344418701394873,true,false,votes_only,false,254,251,false,false,false,false,false
2022,1,22,PSTU,PRTB,"PSTU, PCO, PCB, PSOL, UP, PCdoB, PT, PSB, REDE, PDT, PV, SOLIDARIEDADE, CIDADANIA, AVANTE, MDB, PMN, PSDB, PSD, PMB, PODE, PROS, PRTB",22,58213079,109413508,0.5320465458433158,254,0.4951267056530214,272.939878017621,-18.939878017621027,-15.939878017621027,0.9306078754223,true,false,votes_only,false,254,254,false,false,false,false,false
2022,1,23,PSTU,AGIR,"PSTU, PCO, PCB, PSOL, UP, PCdoB, PT, PSB, REDE, PDT, PV, SOLIDARIEDADE, CIDADANIA, AVANTE, MDB, PMN, PSDB, PSD, PMB, PODE, PROS, PRTB, AGIR",23,58371947,109413508,0.5334985420630147,254,0.4951267056530214,273.68475207832654,-19.68475207832654,-16.68475207832654,0.9280750866504506,true,false,votes_only,false,254,254,false,false,false,false,false
2022,1,24,PSTU,PTB,"PSTU, PCO, PCB, PSOL, UP, PCdoB, PT, PSB, REDE, PDT, PV, SOLIDARIEDADE, CIDADANIA, AVANTE, MDB, PMN, PSDB, PSD, PMB, PODE, PROS, PRTB, AGIR, PTB",24,59794599,109413508,0.5465010682227646,255,0.49707602339181284,280.3550479982782,-25.355047998278224,-23.355047998278224,0.9095609364649858,true,false,votes_only,false,255,254,false,false,false,false,false
2022,1,25,PSTU,PP,"PSTU, PCO, PCB, PSOL, UP, PCdoB, PT, PSB, REDE, PDT, PV, SOLIDARIEDADE, CIDADANIA, AVANTE, MDB, PMN, PSDB, PSD, PMB, PODE, PROS, PRTB, AGIR, PTB, PP",25,68487517,109413508,0.6259512033925464,302,0.5886939571150097,321.1129673403763,-19.112967340376315,-64.11296734037631,0.9404789924907742,true,true,votes+seats,false,302,255,false,false,false,false,true
2022,1,26,PSTU,DC,"PSTU, PCO, PCB, PSOL, UP, PCdoB, PT, PSB, REDE, PDT, PV, SOLIDARIEDADE, CIDADANIA, AVANTE, MDB, PMN, PSDB, PSD, PMB, PODE, PROS, PRTB, AGIR, PTB, PP, DC",26,68585258,109413508,0.6268445208794512,302,0.5886939571150097,321.57123921115846,-19.571239211158456,-64.57123921115846,0.939138713837816,true,true,votes+seats,false,302,302,false,false,false,false,false
2022,1,27,PSTU,REPUBLICANOS,"PSTU, PCO, PCB, PSOL, UP, PCdoB, PT, PSB, REDE, PDT, PV, SOLIDARIEDADE, CIDADANIA, AVANTE, MDB, PMN, PSDB, PSD, PMB, PODE, PROS, PRTB, AGIR, PTB, PP, DC, REPUBLICANOS",27,76196152,109413508,0.6964053469522246,342,0.6666666666666666,357.2559429864912,-15.25594298649122,-100.25594298649122,0.9572968811688373,true,true,votes+seats,false,342,302,false,false,false,false,false
2022,1,28,PSTU,PSC,"PSTU, PCO, PCB, PSOL, UP, PCdoB, PT, PSB, REDE, PDT, PV, SOLIDARIEDADE, CIDADANIA, AVANTE, MDB, PMN, PSDB, PSD, PMB, PODE, PROS, PRTB, AGIR, PTB, PP, DC, REPUBLICANOS, PSC",28,78140830,109413508,0.7141790024683241,348,0.6783625730994152,366.37382826625026,-18.373828266250257,-109.37382826625026,0.9498495065731123,true,true,votes+seats,false,348,342,false,false,false,false,false
2022,1,29,PSTU,UNIÃO,"PSTU, PCO, PCB, PSOL, UP, PCdoB, PT, PSB, REDE, PDT, PV, SOLIDARIEDADE, CIDADANIA, AVANTE, MDB, PMN, PSDB, PSD, PMB, PODE, PROS, PRTB, AGIR, PTB, PP, DC, REPUBLICANOS, PSC, UNIÃO",29,88356263,109413508,0.8075443755994004,407,0.7933723196881092,414.2702646824924,-7.270264682492382,-157.27026468249238,0.9824504307880642,true,true,votes+seats,false,407,348,false,false,false,false,false
2022,1,30,PSTU,PATRIOTA,"PSTU, PCO, PCB, PSOL, UP, PCdoB, PT, PSB, REDE, PDT, PV, SOLIDARIEDADE, CIDADANIA, AVANTE, MDB, PMN, PSDB, PSD, PMB, PODE, PROS, PRTB, AGIR, PTB, PP, DC, REPUBLICANOS, PSC, UNIÃO, PATRIOTA",30,89882833,109413508,0.8214966747981428,411,0.8011695906432749,421.42779417144726,-10.42779417144726,-164.42779417144726,0.975256035990818,true,true,votes+seats,false,411,407,false,false,false,false,false
2022,1,31,PSTU,NOVO,"PSTU, PCO, PCB, PSOL, UP, PCdoB, PT, PSB, REDE, PDT, PV, SOLIDARIEDADE, CIDADANIA, AVANTE, MDB, PMN, PSDB, PSD, PMB, PODE, PROS, PRTB, AGIR, PTB, PP, DC, REPUBLICANOS, PSC, UNIÃO, PATRIOTA, NOVO",31,91237587,109413508,0.8338786377272539,414,0.8070175438596491,427.77974115408125,-13.77974115408125,-170.77974115408125,0.9677877659262084,true,true,votes+seats,false,414,411,false,false,false,false,false
2022,1,32,PSTU,PL,"PSTU, PCO, PCB, PSOL, UP, PCdoB, PT, PSB, REDE, PDT, PV, SOLIDARIEDADE, CIDADANIA, AVANTE, MDB, PMN, PSDB, PSD, PMB, PODE, PROS, PRTB, AGIR, PTB, PP, DC, REPUBLICANOS, PSC, UNIÃO, PATRIOTA, NOVO, PL",32,109413508,109413508,1.0,513,1.0,513.0,0.0,-256.0,1.0,true,true,votes+seats,false,513,414,false,false,false,false,false
2022,2,2,PCO,PCO,PCO,1,7308,109413508,6.679248416018249e-5,0,0.0,0.03426454437417362,-0.03426454437417362,256.9657354556258,0.0,false,false,neither,false,0,0,false,false,false,false,false
2022,2,3,PCO,PCB,"PCO, PCB",2,92819,109413508,0.0008483321821652954,0,0.0,0.4351944094507965,-0.4351944094507965,256.5648055905492,0.0,false,false,neither,false,0,0,false,false,false,false,false
2022,2,4,PCO,PSOL,"PCO, PCB, PSOL",3,3945065,109413508,0.03605647119915029,12,0.023391812865497075,18.4969697251641,-6.496969725164099,238.5030302748359,0.6487549138210821,false,false,neither,false,12,0,false,false,false,false,false
2022,2,5,PCO,UP,"PCO, PCB, PSOL, UP",4,3999651,109413508,0.036555367551143685,12,0.023391812865497075,18.75290355373671,-6.7529035537367115,238.2470964462633,0.6399009073775604,false,false,neither,false,12,12,false,false,false,false,false
2022,2,6,PCO,PCdoB,"PCO, PCB, PSOL, UP, PCdoB",5,5154363,109413508,0.047109018751139944,18,0.03508771929824561,24.16692661933479,-6.166926619334792,232.8330733806652,0.7448195744343871,false,false,neither,false,18,12,false,false,false,false,false
2022,2,7,PCO,PT,"PCO, PCB, PSOL, UP, PCdoB, PT",6,18391061,109413508,0.16808766427633415,87,0.1695906432748538,86.22897177375941,0.7710282262405883,170.7710282262406,1.0089416377161906,false,false,neither,false,87,18,false,false,false,false,false
2022,2,8,PCO,PSB,"PCO, PCB, PSOL, UP, PCdoB, PT, PSB",7,22565960,109413508,0.20624473533925994,101,0.1968810916179337,105.80354922904034,-4.8035492290403425,151.19645077095964,0.9545993564106081,false,false,neither,false,101,87,false,false,false,false,false
2022,2,9,PCO,REDE,"PCO, PCB, PSOL, UP, PCdoB, PT, PSB, REDE",8,23348877,109413508,0.21340031433778725,103,0.20077972709551656,109.47436125528486,-6.474361255284862,147.52563874471514,0.9408595658285029,false,false,neither,false,103,101,false,false,false,false,false
2022,2,10,PCO,PDT,"PCO, PCB, PSOL, UP, PCdoB, PT, PSB, REDE, PDT",9,27177244,109413508,0.24839020790741853,120,0.23391812865497075,127.42417665650571,-7.424176656505708,129.57582334349428,0.9417365145978626,false,false,neither,false,120,103,false,false,false,false,false
2022,2,11,PCO,PV,"PCO, PCB, PSOL, UP, PCdoB, PT, PSB, REDE, PDT, PV",10,28131822,109413508,0.2571147065314824,126,0.24561403508771928,131.89984445065048,-5.899844450650477,125.10015554934952,0.9552702698382797,false,false,neither,false,126,120,false,false,false,false,false
2022,2,12,PCO,SOLIDARIEDADE,"PCO, PCB, PSOL, UP, PCdoB, PT, PSB, REDE, PDT, PV, SOLIDARIEDADE",11,29834341,109413508,0.27267511612917117,130,0.253411306042885,139.8823345742648,-9.882334574264803,117.1176654257352,0.9293525189986146,false,false,neither,false,130,126,false,false,false,false,false
2022,2,13,PCO,CIDADANIA,"PCO, PCB, PSOL, UP, PCdoB, PT, PSB, REDE, PDT, PV, SOLIDARIEDADE, CIDADANIA",12,31448447,109413508,0.28742746279554443,135,0.2631578947368421,147.45028841411428,-12.450288414114283,109.54971158588572,0.9155628073161333,false,false,neither,false,135,130,false,false,false,false,false
2022,2,14,PCO,AVANTE,"PCO, PCB, PSOL, UP, PCdoB, PT, PSB, REDE, PDT, PV, SOLIDARIEDADE, CIDADANIA, AVANTE",13,33640965,109413508,0.3074662865210391,142,0.27680311890838205,157.73020498529306,-15.730204985293057,99.26979501470694,0.9002714477752707,false,false,neither,false,142,135,false,false,false,false,false
2022,2,15,PCO,MDB,"PCO, PCB, PSOL, UP, PCdoB, PT, PSB, REDE, PDT, PV, SOLIDARIEDADE, CIDADANIA, AVANTE, MDB",14,41591860,109413508,0.3801345991026995,184,0.3586744639376218,195.00904933968482,-11.009049339684822,61.99095066031518,0.9435459565750293,false,false,neither,false,184,142,false,false,false,false,false
2022,2,16,PCO,PMN,"PCO, PCB, PSOL, UP, PCdoB, PT, PSB, REDE, PDT, PV, SOLIDARIEDADE, CIDADANIA, AVANTE, MDB, PMN",15,41848438,109413508,0.38247962948048425,184,0.3586744639376218,196.21204992348842,-12.212049923488422,60.78795007651158,0.9377609584719673,false,false,neither,false,184,184,false,false,false,false,false
2022,2,17,PCO,PSDB,"PCO, PCB, PSOL, UP, PCdoB, PT, PSB, REDE, PDT, PV, SOLIDARIEDADE, CIDADANIA, AVANTE, MDB, PMN, PSDB",16,45157499,109413508,0.4127232535127198,197,0.3840155945419103,211.72702905202527,-14.727029052025273,45.27297094797473,0.9304433207325336,false,false,neither,false,197,184,false,false,false,false,false
2022,2,18,PCO,PSD,"PCO, PCB, PSOL, UP, PCdoB, PT, PSB, REDE, PDT, PV, SOLIDARIEDADE, CIDADANIA, AVANTE, MDB, PMN, PSDB, PSD",17,53451455,109413508,0.48852701989959046,239,0.46588693957115007,250.6143612084899,-11.614361208489896,6.385638791510104,0.953656441903472,false,false,neither,false,239,197,false,false,false,false,false
2022,2,19,PCO,PMB,"PCO, PCB, PSOL, UP, PCdoB, PT, PSB, REDE, PDT, PV, SOLIDARIEDADE, CIDADANIA, AVANTE, MDB, PMN, PSDB, PSD, PMB",18,53534510,109413508,0.4892861126434224,239,0.46588693957115007,251.0037757860757,-12.003775786075693,5.996224213924307,0.9521769114887491,false,false,neither,false,239,239,false,false,false,false,false
2022,2,20,PCO,PODE,"PCO, PCB, PSOL, UP, PCdoB, PT, PSB, REDE, PDT, PV, SOLIDARIEDADE, CIDADANIA, AVANTE, MDB, PMN, PSDB, PSD, PMB, PODE",19,57146576,109413508,0.5222990930882135,251,0.48927875243664715,267.93943475425357,-16.93943475425357,-10.939434754253568,0.9367788665756127,true,false,votes_only,false,251,239,false,false,false,false,false
2022,2,21,PCO,PROS,"PCO, PCB, PSOL, UP, PCdoB, PT, PSB, REDE, PDT, PV, SOLIDARIEDADE, CIDADANIA, AVANTE, MDB, PMN, PSDB, PSD, PMB, PODE, PROS",20,57946237,109413508,0.529607706207537,254,0.4951267056530214,271.6887532844665,-17.688753284466486,-14.688753284466486,0.9348933179212398,true,false,votes_only,false,254,251,false,false,false,false,false
2022,2,22,PCO,PRTB,"PCO, PCB, PSOL, UP, PCdoB, PT, PSB, REDE, PDT, PV, SOLIDARIEDADE, CIDADANIA, AVANTE, MDB, PMN, PSDB, PSD, PMB, PODE, PROS, PRTB",21,58185084,109413508,0.5317906816405156,254,0.4951267056530214,272.8086196815845,-18.808619681584503,-15.808619681584503,0.9310556253554692,true,false,votes_only,false,254,254,false,false,false,false,false
2022,2,23,PCO,AGIR,"PCO, PCB, PSOL, UP, PCdoB, PT, PSB, REDE, PDT, PV, SOLIDARIEDADE, CIDADANIA, AVANTE, MDB, PMN, PSDB, PSD, PMB, PODE, PROS, PRTB, AGIR",22,58343952,109413508,0.5332426778602145,254,0.4951267056530214,273.55349374229,-19.553493742290016,-16.553493742290016,0.9285204020800735,true,false,votes_only,false,254,254,false,false,false,false,false
2022,2,24,PCO,PTB,"PCO, PCB, PSOL, UP, PCdoB, PT, PSB, REDE, PDT, PV, SOLIDARIEDADE, CIDADANIA, AVANTE, MDB, PMN, PSDB, PSD, PMB, PODE, PROS, PRTB, AGIR, PTB",23,59766604,109413508,0.5462452040199643,255,0.49707602339181284,280.2237896622417,-25.2237896622417,-23.2237896622417,0.9099869797184446,true,false,votes_only,false,255,254,false,false,false,false,false
2022,2,25,PCO,PP,"PCO, PCB, PSOL, UP, PCdoB, PT, PSB, REDE, PDT, PV, SOLIDARIEDADE, CIDADANIA, AVANTE, MDB, PMN, PSDB, PSD, PMB, PODE, PROS, PRTB, AGIR, PTB, PP",24,68459522,109413508,0.6256953391897461,302,0.5886939571150097,320.98170900433973,-18.981709004339734,-63.981709004339734,0.9408635804724839,true,true,votes+seats,false,302,255,false,false,false,false,true
2022,2,26,PCO,DC,"PCO, PCB, PSOL, UP, PCdoB, PT, PSB, REDE, PDT, PV, SOLIDARIEDADE, CIDADANIA, AVANTE, MDB, PMN, PSDB, PSD, PMB, PODE, PROS, PRTB, AGIR, PTB, PP, DC",25,68557263,109413508,0.626588656676651,302,0.5886939571150097,321.43998087512193,-19.439980875121933,-64.43998087512193,0.9395222062227714,true,true,votes+seats,false,302,302,false,false,false,false,false
2022,2,27,PCO,REPUBLICANOS,"PCO, PCB, PSOL, UP, PCdoB, PT, PSB, REDE, PDT, PV, SOLIDARIEDADE, CIDADANIA, AVANTE, MDB, PMN, PSDB, PSD, PMB, PODE, PROS, PRTB, AGIR, PTB, PP, DC, REPUBLICANOS",26,76168157,109413508,0.6961494827494243,342,0.6666666666666666,357.1246846504547,-15.124684650454697,-100.1246846504547,0.9576487280198557,true,true,votes+seats,false,342,302,false,false,false,false,false
2022,2,28,PCO,PSC,"PCO, PCB, PSOL, UP, PCdoB, PT, PSB, REDE, PDT, PV, SOLIDARIEDADE, CIDADANIA, AVANTE, MDB, PMN, PSDB, PSD, PMB, PODE, PROS, PRTB, AGIR, PTB, PP, DC, REPUBLICANOS, PSC",27,78112835,109413508,0.7139231382655239,348,0.6783625730994152,366.24256993021373,-18.242569930213733,-109.24256993021373,0.9501899248531109,true,true,votes+seats,false,348,342,false,false,false,false,false
2022,2,29,PCO,UNIÃO,"PCO, PCB, PSOL, UP, PCdoB, PT, PSB, REDE, PDT, PV, SOLIDARIEDADE, CIDADANIA, AVANTE, MDB, PMN, PSDB, PSD, PMB, PODE, PROS, PRTB, AGIR, PTB, PP, DC, REPUBLICANOS, PSC, UNIÃO",28,88328268,109413508,0.8072885113966002,407,0.7933723196881092,414.1390063464559,-7.139006346455915,-157.13900634645591,0.9827618112830366,true,true,votes+seats,false,407,348,false,false,false,false,false
2022,2,30,PCO,PATRIOTA,"PCO, PCB, PSOL, UP, PCdoB, PT, PSB, REDE, PDT, PV, SOLIDARIEDADE, CIDADANIA, AVANTE, MDB, PMN, PSDB, PSD, PMB, PODE, PROS, PRTB, AGIR, PTB, PP, DC, REPUBLICANOS, PSC, UNIÃO, PATRIOTA",29,89854838,109413508,0.8212408105953426,411,0.8011695906432749,421.29653583541074,-10.296535835410737,-164.29653583541074,0.9755598848801517,true,true,votes+seats,false,411,407,false,false,false,false,false
2022,2,31,PCO,NOVO,"PCO, PCB, PSOL, UP, PCdoB, PT, PSB, REDE, PDT, PV, SOLIDARIEDADE, CIDADANIA, AVANTE, MDB, PMN, PSDB, PSD, PMB, PODE, PROS, PRTB, AGIR, PTB, PP, DC, REPUBLICANOS, PSC, UNIÃO, PATRIOTA, NOVO",30,91209592,109413508,0.8336227735244537,414,0.8070175438596491,427.6484828180447,-13.648482818044727,-170.64848281804473,0.9680848094488579,true,true,votes+seats,false,414,411,false,false,false,false,false
2022,2,32,PCO,PL,"PCO, PCB, PSOL, UP, PCdoB, PT, PSB, REDE, PDT, PV, SOLIDARIEDADE, CIDADANIA, AVANTE, MDB, PMN, PSDB, PSD, PMB, PODE, PROS, PRTB, AGIR, PTB, PP, DC, REPUBLICANOS, PSC, UNIÃO, PATRIOTA, NOVO, PL",31,109385513,109413508,0.9997441357971998,513,1.0,512.8687416639635,0.13125833603646697,-255.86874166396353,1.0002559296860452,true,true,votes+seats,false,513,414,false,false,false,false,false
2022,3,3,PCB,PCB,PCB,1,85511,109413508,0.0007815396980051128,0,0.0,0.40092986507662287,-0.40092986507662287,256.59907013492335,0.0,false,false,neither,false,0,0,false,false,false,false,false
2022,3,4,PCB,PSOL,"PCB, PSOL",2,3937757,109413508,0.035989678714990106,12,0.023391812865497075,18.462705180789925,-6.462705180789925,238.53729481921008,0.6499589243555576,false,false,neither,false,12,0,false,false,false,false,false
2022,3,5,PCB,UP,"PCB, PSOL, UP",3,3992343,109413508,0.036488575066983504,12,0.023391812865497075,18.718639009362537,-6.718639009362537,238.28136099063747,0.6410722485752269,false,false,neither,false,12,12,false,false,false,false,false
2022,3,6,PCB,PCdoB,"PCB, PSOL, UP, PCdoB",4,5147055,109413508,0.04704222626697976,18,0.03508771929824561,24.132662074960617,-6.132662074960617,232.86733792503938,0.7458770998445423,false,false,neither,false,18,12,false,false,false,false,false
2022,3,7,PCB,PT,"PCB, PSOL, UP, PCdoB, PT",5,18383753,109413508,0.16802087179217395,87,0.1695906432748538,86.19470722938524,0.8052927706147557,170.80529277061476,1.009342717163267,false,false,neither,false,87,18,false,false,false,false,false
2022,3,8,PCB,PSB,"PCB, PSOL, UP, PCdoB, PT, PSB",6,22558652,109413508,0.20617794285509974,101,0.1968810916179337,105.76928468466618,-4.769284684666175,151.23071531533384,0.9549086041483119,false,false,neither,false,101,87,false,false,false,false,false
2022,3,9,PCB,REDE,"PCB, PSOL, UP, PCdoB, PT, PSB, REDE",7,23341569,109413508,0.21333352185362706,103,0.20077972709551656,109.44009671091068,-6.44009671091068,147.55990328908933,0.9411541390727899,false,false,neither,false,103,101,false,false,false,false,false
2022,3,10,PCB,PDT,"PCB, PSOL, UP, PCdoB, PT, PSB, REDE, PDT",8,27169936,109413508,0.24832341542325834,120,0.23391812865497075,127.38991211213153,-7.389912112131526,129.61008788786847,0.9419898170144999,false,false,neither,false,120,103,false,false,false,false,false
2022,3,11,PCB,PV,"PCB, PSOL, UP, PCdoB, PT, PSB, REDE, PDT, PV",9,28124514,109413508,0.2570479140473222,126,0.24561403508771928,131.86557990627628,-5.865579906276281,125.13442009372372,0.9555184915544659,false,false,neither,false,126,120,false,false,false,false,false
2022,3,12,PCB,SOLIDARIEDADE,"PCB, PSOL, UP, PCdoB, PT, PSB, REDE, PDT, PV, SOLIDARIEDADE",10,29827033,109413508,0.272608323645011,130,0.253411306042885,139.84807002989064,-9.848070029890636,117.15192997010936,0.9295802221097099,false,false,neither,false,130,126,false,false,false,false,false
2022,3,13,PCB,CIDADANIA,"PCB, PSOL, UP, PCdoB, PT, PSB, REDE, PDT, PV, SOLIDARIEDADE, CIDADANIA",11,31441139,109413508,0.28736067031138424,135,0.2631578947368421,147.41602386974012,-12.416023869740116,109.58397613025988,0.9157756155415562,false,false,neither,false,135,130,false,false,false,false,false
2022,3,14,PCB,AVANTE,"PCB, PSOL, UP, PCdoB, PT, PSB, REDE, PDT, PV, SOLIDARIEDADE, CIDADANIA, AVANTE",12,33633657,109413508,0.3073994940368789,142,0.27680311890838205,157.69594044091886,-15.69594044091886,99.30405955908114,0.9004670608702233,false,false,neither,false,142,135,false,false,false,false,false
2022,3,15,PCB,MDB,"PCB, PSOL, UP, PCdoB, PT, PSB, REDE, PDT, PV, SOLIDARIEDADE, CIDADANIA, AVANTE, MDB",13,41584552,109413508,0.3800678066185393,184,0.3586744639376218,194.97478479531065,-10.974784795310654,62.025215204689346,0.9437117737720174,false,false,neither,false,184,142,false,false,false,false,false
2022,3,16,PCB,PMN,"PCB, PSOL, UP, PCdoB, PT, PSB, REDE, PDT, PV, SOLIDARIEDADE, CIDADANIA, AVANTE, MDB, PMN",14,41841130,109413508,0.38241283699632406,184,0.3586744639376218,196.17778537911425,-12.177785379114255,60.822214620885745,0.9379247484337707,false,false,neither,false,184,184,false,false,false,false,false
2022,3,17,PCB,PSDB,"PCB, PSOL, UP, PCdoB, PT, PSB, REDE, PDT, PV, SOLIDARIEDADE, CIDADANIA, AVANTE, MDB, PMN, PSDB",15,45150191,109413508,0.41265646102855963,197,0.3840155945419103,211.69276450765108,-14.692764507651077,45.30723549234892,0.9305939220840963,false,false,neither,false,197,184,false,false,false,false,false
2022,3,18,PCB,PSD,"PCB, PSOL, UP, PCdoB, PT, PSB, REDE, PDT, PV, SOLIDARIEDADE, CIDADANIA, AVANTE, MDB, PMN, PSDB, PSD",16,53444147,109413508,0.48846022741543027,239,0.46588693957115007,250.58009666411573,-11.580096664115729,6.419903335884271,0.9537868457300581,false,false,neither,false,239,197,false,false,false,false,false
2022,3,19,PCB,PMB,"PCB, PSOL, UP, PCdoB, PT, PSB, REDE, PDT, PV, SOLIDARIEDADE, CIDADANIA, AVANTE, MDB, PMN, PSDB, PSD, PMB",17,53527202,109413508,0.4892193201592622,239,0.46588693957115007,250.96951124170153,-11.969511241701525,6.030488758298475,0.9523069109770309,false,false,neither,false,239,239,false,false,false,false,false
2022,3,20,PCB,PODE,"PCB, PSOL, UP, PCdoB, PT, PSB, REDE, PDT, PV, SOLIDARIEDADE, CIDADANIA, AVANTE, MDB, PMN, PSDB, PSD, PMB, PODE",18,57139268,109413508,0.5222323006040533,251,0.48927875243664715,267.9051702098794,-16.905170209879373,-10.905170209879373,0.9368986787502619,true,false,votes_only,false,251,239,false,false,false,false,false
2022,3,21,PCB,PROS,"PCB, PSOL, UP, PCdoB, PT, PSB, REDE, PDT, PV, SOLIDARIEDADE, CIDADANIA, AVANTE, MDB, PMN, PSDB, PSD, PMB, PODE, PROS",19,57938929,109413508,0.5295409137233769,254,0.4951267056530214,271.65448874009235,-17.654488740092347,-14.654488740092347,0.9350112386437192,true,false,votes_only,false,254,251,false,false,false,false,false
2022,3,22,PCB,PRTB,"PCB, PSOL, UP, PCdoB, PT, PSB, REDE, PDT, PV, SOLIDARIEDADE, CIDADANIA, AVANTE, MDB, PMN, PSDB, PSD, PMB, PODE, PROS, PRTB",20,58177776,109413508,0.5317238891563554,254,0.4951267056530214,272.7743551372103,-18.774355137210307,-15.774355137210307,0.9311725798865276,true,false,votes_only,false,254,254,false,false,false,false,false
2022,3,23,PCB,AGIR,"PCB, PSOL, UP, PCdoB, PT, PSB, REDE, PDT, PV, SOLIDARIEDADE, CIDADANIA, AVANTE, MDB, PMN, PSDB, PSD, PMB, PODE, PROS, PRTB, AGIR",21,58336644,109413508,0.5331758853760543,254,0.4951267056530214,273.5192291979159,-19.519229197915877,-16.519229197915877,0.9286367205144763,true,false,votes_only,false,254,254,false,false,false,false,false
2022,3,24,PCB,PTB,"PCB, PSOL, UP, PCdoB, PT, PSB, REDE, PDT, PV, SOLIDARIEDADE, CIDADANIA, AVANTE, MDB, PMN, PSDB, PSD, PMB, PODE, PROS, PRTB, AGIR, PTB",22,59759296,109413508,0.5461784115358042,255,0.49707602339181284,280.1895251178675,-25.189525117867504,-23.189525117867504,0.9100982625696981,true,false,votes_only,false,255,254,false,false,false,false,false
2022,3,25,PCB,PP,"PCB, PSOL, UP, PCdoB, PT, PSB, REDE, PDT, PV, SOLIDARIEDADE, CIDADANIA, AVANTE, MDB, PMN, PSDB, PSD, PMB, PODE, PROS, PRTB, AGIR, PTB, PP",23,68452214,109413508,0.625628546705586,302,0.5886939571150097,320.9474444599656,-18.947444459965595,-63.947444459965595,0.9409640276405782,true,true,votes+seats,false,302,255,false,false,false,false,true
2022,3,26,PCB,DC,"PCB, PSOL, UP, PCdoB, PT, PSB, REDE, PDT, PV, SOLIDARIEDADE, CIDADANIA, AVANTE, MDB, PMN, PSDB, PSD, PMB, PODE, PROS, PRTB, AGIR, PTB, PP, DC",24,68549955,109413508,0.6265218641924908,302,0.5886939571150097,321.4057163307478,-19.405716330747794,-64.4057163307478,0.9396223671679255,true,true,votes+seats,false,302,302,false,false,false,false,false
2022,3,27,PCB,REPUBLICANOS,"PCB, PSOL, UP, PCdoB, PT, PSB, REDE, PDT, PV, SOLIDARIEDADE, CIDADANIA, AVANTE, MDB, PMN, PSDB, PSD, PMB, PODE, PROS, PRTB, AGIR, PTB, PP, DC, REPUBLICANOS",25,76160849,109413508,0.6960826902652641,342,0.6666666666666666,357.0904201060805,-15.0904201060805,-100.0904201060805,0.9577406190241743,true,true,votes+seats,false,342,302,false,false,false,false,false
2022,3,28,PCB,PSC,"PCB, PSOL, UP, PCdoB, PT, PSB, REDE, PDT, PV, SOLIDARIEDADE, CIDADANIA, AVANTE, MDB, PMN, PSDB, PSD, PMB, PODE, PROS, PRTB, AGIR, PTB, PP, DC, REPUBLICANOS, PSC",26,78105527,109413508,0.7138563457813637,348,0.6783625730994152,366.2083053858396,-18.208305385839594,-109.2083053858396,0.9502788300591511,true,true,votes+seats,false,348,342,false,false,false,false,false
2022,3,29,PCB,UNIÃO,"PCB, PSOL, UP, PCdoB, PT, PSB, REDE, PDT, PV, SOLIDARIEDADE, CIDADANIA, AVANTE, MDB, PMN, PSDB, PSD, PMB, PODE, PROS, PRTB, AGIR, PTB, PP, DC, REPUBLICANOS, PSC, UNIÃO",27,88320960,109413508,0.80722171891244,407,0.7933723196881092,414.1047418020817,-7.104741802081719,-157.10474180208172,0.9828431285979397,true,true,votes+seats,false,407,348,false,false,false,false,false
2022,3,30,PCB,PATRIOTA,"PCB, PSOL, UP, PCdoB, PT, PSB, REDE, PDT, PV, SOLIDARIEDADE, CIDADANIA, AVANTE, MDB, PMN, PSDB, PSD, PMB, PODE, PROS, PRTB, AGIR, PTB, PP, DC, REPUBLICANOS, PSC, UNIÃO, PATRIOTA",28,89847530,109413508,0.8211740181111824,411,0.8011695906432749,421.2622712910366,-10.262271291036598,-164.2622712910366,0.9756392347703345,true,true,votes+seats,false,411,407,false,false,false,false,false
2022,3,31,PCB,NOVO,"PCB, PSOL, UP, PCdoB, PT, PSB, REDE, PDT, PV, SOLIDARIEDADE, CIDADANIA, AVANTE, MDB, PMN, PSDB, PSD, PMB, PODE, PROS, PRTB, AGIR, PTB, PP, DC, REPUBLICANOS, PSC, UNIÃO, PATRIOTA, NOVO",29,91202284,109413508,0.8335559810402935,414,0.8070175438596491,427.6142182736706,-13.614218273670588,-170.6142182736706,0.9681623816704861,true,true,votes+seats,false,414,411,false,false,false,false,false
2022,3,32,PCB,PL,"PCB, PSOL, UP, PCdoB, PT, PSB, REDE, PDT, PV, SOLIDARIEDADE, CIDADANIA, AVANTE, MDB, PMN, PSDB, PSD, PMB, PODE, PROS, PRTB, AGIR, PTB, PP, DC, REPUBLICANOS, PSC, UNIÃO, PATRIOTA, NOVO, PL",30,109378205,109413508,0.9996773433130396,513,1.0,512.8344771195893,0.16552288041066276,-255.83447711958934,1.0003227608278997,true,true,votes+seats,false,513,414,false,false,false,false,false
2022,4,4,PSOL,PSOL,PSOL,1,3852246,109413508,0.035208139016984996,12,0.023391812865497075,18.0617753157133,-6.061775315713302,238.9382246842867,0.6643865173962326,false,false,neither,false,0,0,false,false,false,false,false
2022,4,5,PSOL,UP,"PSOL, UP",2,3906832,109413508,0.03570703536897839,12,0.023391812865497075,18.317709144285914,-6.317709144285914,238.6822908557141,0.6551037526296414,false,false,neither,false,0,12,false,false,false,false,false
2022,4,6,PSOL,PCdoB,"PSOL, UP, PCdoB",3,5061544,109413508,0.04626068656897465,18,0.03508771929824561,23.731732209883994,-5.731732209883994,233.268267790116,0.7584781355531732,false,false,neither,false,6,12,false,false,false,false,false
2022,4,7,PSOL,PT,"PSOL, UP, PCdoB, PT",4,18298242,109413508,0.16723933209416886,87,0.1695906432748538,85.79377736430862,1.2062226356913754,171.20622263569138,1.01405955854548,false,false,neither,false,75,18,false,false,false,false,false
2022,4,8,PSOL,PSB,"PSOL, UP, PCdoB, PT, PSB",5,22473141,109413508,0.20539640315709465,101,0.1968810916179337,105.36835481958956,-4.368354819589555,151.63164518041043,0.9585420610669209,false,false,neither,false,89,87,false,false,false,false,false
2022,4,9,PSOL,REDE,"PSOL, UP, PCdoB, PT, PSB, REDE",6,23256058,109413508,0.21255198215562196,103,0.20077972709551656,109.03916684583406,-6.03916684583406,147.96083315416593,0.9446147011158607,false,false,neither,false,91,101,false,false,false,false,false
2022,4,10,PSOL,PDT,"PSOL, UP, PCdoB, PT, PSB, REDE, PDT",7,27084425,109413508,0.24754187572525324,120,0.23391812865497075,126.9889822470549,-6.988982247054906,130.0110177529451,0.9449638691216695,false,false,neither,false,108,103,false,false,false,false,false
2022,4,11,PSOL,PV,"PSOL, UP, PCdoB, PT, PSB, REDE, PDT, PV",8,28039003,109413508,0.2562663743493171,126,0.24561403508771928,131.46465004119966,-5.464650041199661,125.53534995880034,0.9584325517202754,false,false,neither,false,114,120,false,false,false,false,false
2022,4,12,PSOL,SOLIDARIEDADE,"PSOL, UP, PCdoB, PT, PSB, REDE, PDT, PV, SOLIDARIEDADE",9,29741522,109413508,0.2718267839470059,130,0.253411306042885,139.44714016481402,-9.447140164814016,117.55285983518598,0.9322528941529504,false,false,neither,false,118,126,false,false,false,false,false
2022,4,13,PSOL,CIDADANIA,"PSOL, UP, PCdoB, PT, PSB, REDE, PDT, PV, SOLIDARIEDADE, CIDADANIA",10,31355628,109413508,0.2865791306133791,135,0.2631578947368421,147.01509400466347,-12.015094004663467,109.98490599533653,0.918273058382139,false,false,neither,false,123,130,false,false,false,false,false
2022,4,14,PSOL,AVANTE,"PSOL, UP, PCdoB, PT, PSB, REDE, PDT, PV, SOLIDARIEDADE, CIDADANIA, AVANTE",11,33548146,109413508,0.3066179543388738,142,0.27680311890838205,157.29501057584224,-15.295010575842241,99.70498942415776,0.9027622648687416,false,false,neither,false,130,135,false,false,false,false,false
2022,4,15,PSOL,MDB,"PSOL, UP, PCdoB, PT, PSB, REDE, PDT, PV, SOLIDARIEDADE, CIDADANIA, AVANTE, MDB",12,41499041,109413508,0.3792862669205342,184,0.3586744639376218,194.57385493023403,-10.573854930234035,62.426145069765965,0.945656342502823,false,false,neither,false,172,142,false,false,false,false,false
2022,4,16,PSOL,PMN,"PSOL, UP, PCdoB, PT, PSB, REDE, PDT, PV, SOLIDARIEDADE, CIDADANIA, AVANTE, MDB, PMN",13,41755619,109413508,0.38163129729831896,184,0.3586744639376218,195.77685551403763,-11.776855514037635,61.223144485962365,0.9398455170652529,false,false,neither,false,172,184,false,false,false,false,false
2022,4,17,PSOL,PSDB,"PSOL, UP, PCdoB, PT, PSB, REDE, PDT, PV, SOLIDARIEDADE, CIDADANIA, AVANTE, MDB, PMN, PSDB",14,45064680,109413508,0.41187492133055453,197,0.3840155945419103,211.29183464257449,-14.291834642574486,45.708165357425514,0.9323597399456972,false,false,neither,false,185,184,false,false,false,false,false
2022,4,18,PSOL,PSD,"PSOL, UP, PCdoB, PT, PSB, REDE, PDT, PV, SOLIDARIEDADE, CIDADANIA, AVANTE, MDB, PMN, PSDB, PSD",15,53358636,109413508,0.4876786877174252,239,0.46588693957115007,250.1791667990391,-11.179166799039109,6.820833200960891,0.9553153568217814,false,false,neither,false,227,197,false,false,false,false,false
2022,4,19,PSOL,PMB,"PSOL, UP, PCdoB, PT, PSB, REDE, PDT, PV, SOLIDARIEDADE, CIDADANIA, AVANTE, MDB, PMN, PSDB, PSD, PMB",16,53441691,109413508,0.48843778046125713,239,0.46588693957115007,250.5685813766249,-11.568581376624905,6.4314186233750945,0.9538306785588717,false,false,neither,false,227,239,false,false,false,false,false
2022,4,20,PSOL,PODE,"PSOL, UP, PCdoB, PT, PSB, REDE, PDT, PV, SOLIDARIEDADE, CIDADANIA, AVANTE, MDB, PMN, PSDB, PSD, PMB, PODE",17,57053757,109413508,0.5214507609060482,251,0.48927875243664715,267.5042403448027,-16.504240344802724,-10.504240344802724,0.9383028832607312,true,false,votes_only,false,239,239,false,false,false,false,false
2022,4,21,PSOL,PROS,"PSOL, UP, PCdoB, PT, PSB, REDE, PDT, PV, SOLIDARIEDADE, CIDADANIA, AVANTE, MDB, PMN, PSDB, PSD, PMB, PODE, PROS",18,57853418,109413508,0.5287593740253718,254,0.4951267056530214,271.2535588750157,-17.2535588750157,-14.253558875015699,0.9363932442155882,true,false,votes_only,false,242,251,false,false,false,false,false
2022,4,22,PSOL,PRTB,"PSOL, UP, PCdoB, PT, PSB, REDE, PDT, PV, SOLIDARIEDADE, CIDADANIA, AVANTE, MDB, PMN, PSDB, PSD, PMB, PODE, PROS, PRTB",19,58092265,109413508,0.5309423494583503,254,0.4951267056530214,272.3734252721337,-18.373425272133716,-15.373425272133716,0.9325432528750687,true,false,votes_only,false,242,254,false,false,false,false,false
2022,4,23,PSOL,AGIR,"PSOL, UP, PCdoB, PT, PSB, REDE, PDT, PV, SOLIDARIEDADE, CIDADANIA, AVANTE, MDB, PMN, PSDB, PSD, PMB, PODE, PROS, PRTB, AGIR",20,58251133,109413508,0.5323943456780492,254,0.4951267056530214,273.11829933283923,-19.11829933283923,-16.11829933283923,0.9299999327048369,true,false,votes_only,false,242,254,false,false,false,false,false
2022,4,24,PSOL,PTB,"PSOL, UP, PCdoB, PT, PSB, REDE, PDT, PV, SOLIDARIEDADE, CIDADANIA, AVANTE, MDB, PMN, PSDB, PSD, PMB, PODE, PROS, PRTB, AGIR, PTB",21,59673785,109413508,0.5453968718377991,255,0.49707602339181284,279.7885952527909,-24.788595252790913,-22.788595252790913,0.9114024099860316,true,false,votes_only,false,243,254,false,false,false,false,false
2022,4,25,PSOL,PP,"PSOL, UP, PCdoB, PT, PSB, REDE, PDT, PV, SOLIDARIEDADE, CIDADANIA, AVANTE, MDB, PMN, PSDB, PSD, PMB, PODE, PROS, PRTB, AGIR, PTB, PP",22,68366703,109413508,0.6248470070075808,302,0.5886939571150097,320.54651459488895,-18.546514594888947,-63.54651459488895,0.9421409569268651,true,true,votes+seats,false,290,255,false,false,false,false,true
2022,4,26,PSOL,DC,"PSOL, UP, PCdoB, PT, PSB, REDE, PDT, PV, SOLIDARIEDADE, CIDADANIA, AVANTE, MDB, PMN, PSDB, PSD, PMB, PODE, PROS, PRTB, AGIR, PTB, PP, DC",23,68464444,109413508,0.6257403244944857,302,0.5886939571150097,321.00478646567115,-19.004786465671145,-64.00478646567115,0.9407959405374675,true,true,votes+seats,false,290,302,false,false,false,false,false
2022,4,27,PSOL,REPUBLICANOS,"PSOL, UP, PCdoB, PT, PSB, REDE, PDT, PV, SOLIDARIEDADE, CIDADANIA, AVANTE, MDB, PMN, PSDB, PSD, PMB, PODE, PROS, PRTB, AGIR, PTB, PP, DC, REPUBLICANOS",24,76075338,109413508,0.695301150567259,342,0.6666666666666666,356.6894902410039,-14.68949024100391,-99.68949024100391,0.958817148688405,true,true,votes+seats,false,330,302,false,false,false,false,false
2022,4,28,PSOL,PSC,"PSOL, UP, PCdoB, PT, PSB, REDE, PDT, PV, SOLIDARIEDADE, CIDADANIA, AVANTE, MDB, PMN, PSDB, PSD, PMB, PODE, PROS, PRTB, AGIR, PTB, PP, DC, REPUBLICANOS, PSC",25,78020016,109413508,0.7130748060833586,348,0.6783625730994152,365.80737552076295,-17.807375520762946,-108.80737552076295,0.95132034859764,true,true,votes+seats,false,336,342,false,false,false,false,false
2022,4,29,PSOL,UNIÃO,"PSOL, UP, PCdoB, PT, PSB, REDE, PDT, PV, SOLIDARIEDADE, CIDADANIA, AVANTE, MDB, PMN, PSDB, PSD, PMB, PODE, PROS, PRTB, AGIR, PTB, PP, DC, REPUBLICANOS, PSC, UNIÃO",26,88235449,109413508,0.8064401792144349,407,0.7933723196881092,413.7038119370051,-6.703811937005128,-156.70381193700513,0.9837956244453799,true,true,votes+seats,false,395,348,false,false,false,false,false
2022,4,30,PSOL,PATRIOTA,"PSOL, UP, PCdoB, PT, PSB, REDE, PDT, PV, SOLIDARIEDADE, CIDADANIA, AVANTE, MDB, PMN, PSDB, PSD, PMB, PODE, PROS, PRTB, AGIR, PTB, PP, DC, REPUBLICANOS, PSC, UNIÃO, PATRIOTA",27,89762019,109413508,0.8203924784131773,411,0.8011695906432749,420.86134142595995,-9.86134142595995,-163.86134142595995,0.9765686689289451,true,true,votes+seats,false,399,407,false,false,false,false,false
2022,4,31,PSOL,NOVO,"PSOL, UP, PCdoB, PT, PSB, REDE, PDT, PV, SOLIDARIEDADE, CIDADANIA, AVANTE, MDB, PMN, PSDB, PSD, PMB, PODE, PROS, PRTB, AGIR, PTB, PP, DC, REPUBLICANOS, PSC, UNIÃO, PATRIOTA, NOVO",28,91116773,109413508,0.8327744413422884,414,0.8070175438596491,427.21328840859394,-13.21328840859394,-170.21328840859394,0.9690709798428448,true,true,votes+seats,false,402,411,false,false,false,false,false
2022,4,32,PSOL,PL,"PSOL, UP, PCdoB, PT, PSB, REDE, PDT, PV, SOLIDARIEDADE, CIDADANIA, AVANTE, MDB, PMN, PSDB, PSD, PMB, PODE, PROS, PRTB, AGIR, PTB, PP, DC, REPUBLICANOS, PSC, UNIÃO, PATRIOTA, NOVO, PL",29,109292694,109413508,0.9988958036150345,513,1.0,512.4335472545127,0.5664527454872541,-255.43354725451275,1.0011054169824012,true,true,votes+seats,false,501,414,false,false,false,false,false
2022,5,5,UP,UP,UP,1,54586,109413508,0.0004988963519933937,0,0.0,0.255933828572611,-0.255933828572611,256.7440661714274,0.0,false,false,neither,false,0,0,false,false,false,false,false
2022,5,6,UP,PCdoB,"UP, PCdoB",2,1209298,109413508,0.01105254755198965,6,0.011695906432748537,5.66995689417069,0.3300431058293096,251.3300431058293,1.0582091031712477,false,false,neither,false,6,0,false,false,false,false,false
2022,5,7,UP,PT,"UP, PCdoB, PT",3,14445996,109413508,0.13203119307718386,75,0.14619883040935672,67.73200204859532,7.267997951404681,189.26799795140468,1.107305228423488,false,false,neither,false,75,6,false,false,false,false,false
2022,5,8,UP,PSB,"UP, PCdoB, PT, PSB",4,18620895,109413508,0.17018826414010965,89,0.17348927875243664,87.30657950387625,1.6934204961237498,169.69342049612374,1.0193962529026643,false,false,neither,false,89,75,false,false,false,false,false
2022,5,9,UP,REDE,"UP, PCdoB, PT, PSB, REDE",5,19403812,109413508,0.17734384313863696,91,0.17738791423001948,90.97739153012077,0.022608469879230597,166.02260846987923,1.0002485064640674,false,false,neither,false,91,89,false,false,false,false,false
2022,5,10,UP,PDT,"UP, PCdoB, PT, PSB, REDE, PDT",6,23232179,109413508,0.21233373670826824,108,0.21052631578947367,108.92720693134162,-0.9272069313416154,148.07279306865837,0.9914878297400387,false,false,neither,false,108,91,false,false,false,false,false
2022,5,11,UP,PV,"UP, PCdoB, PT, PSB, REDE, PDT, PV",7,24186757,109413508,0.2210582353323321,114,0.2222222222222222,113.40287472548637,0.5971252745136297,143.59712527451364,1.0052655214954567,false,false,neither,false,114,108,false,false,false,false,false
2022,5,12,UP,SOLIDARIEDADE,"UP, PCdoB, PT, PSB, REDE, PDT, PV, SOLIDARIEDADE",8,25889276,109413508,0.23661864493002088,118,0.2300194931773879,121.38536484910071,-3.3853648491007107,135.6146351508993,0.9721106011971937,false,false,neither,false,118,114,false,false,false,false,false
2022,5,13,UP,CIDADANIA,"UP, PCdoB, PT, PSB, REDE, PDT, PV, SOLIDARIEDADE, CIDADANIA",9,27503382,109413508,0.2513709915963941,123,0.23976608187134502,128.95331868895016,-5.953318688950162,128.04668131104984,0.9538335364341399,false,false,neither,false,123,118,false,false,false,false,false
2022,5,14,UP,AVANTE,"UP, PCdoB, PT, PSB, REDE, PDT, PV, SOLIDARIEDADE, CIDADANIA, AVANTE",10,29695900,109413508,0.2714098153218888,130,0.253411306042885,139.23323526012896,-9.233235260128964,117.76676473987104,0.933685120202238,false,false,neither,false,130,123,false,false,false,false,false
2022,5,15,UP,MDB,"UP, PCdoB, PT, PSB, REDE, PDT, PV, SOLIDARIEDADE, CIDADANIA, AVANTE, MDB",11,37646795,109413508,0.3440781279035492,172,0.33528265107212474,176.51207961452073,-4.512079614520729,80.48792038547927,0.9744375590363304,false,false,neither,false,172,130,false,false,false,false,false
2022,5,16,UP,PMN,"UP, PCdoB, PT, PSB, REDE, PDT, PV, SOLIDARIEDADE, CIDADANIA, AVANTE, MDB, PMN",12,37903373,109413508,0.34642315828133396,172,0.33528265107212474,177.71508019832433,-5.71508019832433,79.28491980167567,0.9678413323621918,false,false,neither,false,172,172,false,false,false,false,false
2022,5,17,UP,PSDB,"UP, PCdoB, PT, PSB, REDE, PDT, PV, SOLIDARIEDADE, CIDADANIA, AVANTE, MDB, PMN, PSDB",13,41212434,109413508,0.37666678231356954,185,0.36062378167641324,193.23005932686118,-8.23005932686118,63.76994067313882,0.9574079759871134,false,false,neither,false,185,172,false,false,false,false,false
2022,5,18,UP,PSD,"UP, PCdoB, PT, PSB, REDE, PDT, PV, SOLIDARIEDADE, CIDADANIA, AVANTE, MDB, PMN, PSDB, PSD",14,49506390,109413508,0.4524705487004402,227,0.442495126705653,232.1173914833258,-5.117391483325804,24.882608516674196,0.9779534336026113,false,false,neither,false,227,185,false,false,false,false,false
2022,5,19,UP,PMB,"UP, PCdoB, PT, PSB, REDE, PDT, PV, SOLIDARIEDADE, CIDADANIA, AVANTE, MDB, PMN, PSDB, PSD, PMB",15,49589445,109413508,0.45322964144427214,227,0.442495126705653,232.5068060609116,-5.5068060609116,24.4931939390884,0.9763155059664407,false,false,neither,false,227,227,false,false,false,false,false
2022,5,20,UP,PODE,"UP, PCdoB, PT, PSB, REDE, PDT, PV, SOLIDARIEDADE, CIDADANIA, AVANTE, MDB, PMN, PSDB, PSD, PMB, PODE",16,53201511,109413508,0.48624262188906325,239,0.46588693957115007,249.44246502908945,-10.442465029089448,7.557534970910552,0.9581367790449326,false,false,neither,false,239,227,false,false,false,false,false
2022,5,21,UP,PROS,"UP, PCdoB, PT, PSB, REDE, PDT, PV, SOLIDARIEDADE, CIDADANIA, AVANTE, MDB, PMN, PSDB, PSD, PMB, PODE, PROS",17,54001172,109413508,0.4935512350083867,242,0.47173489278752434,253.1917835593024,-11.191783559302394,3.8082164406976062,0.9557972087325611,false,false,neither,false,242,239,false,false,false,false,false
2022,5,22,UP,PRTB,"UP, PCdoB, PT, PSB, REDE, PDT, PV, SOLIDARIEDADE, CIDADANIA, AVANTE, MDB, PMN, PSDB, PSD, PMB, PODE, PROS, PRTB",18,54240019,109413508,0.49573421044136523,242,0.47173489278752434,254.31164995642035,-12.311649956420354,2.6883500435796464,0.9515883367571635,false,false,neither,false,242,242,false,false,false,false,false
2022,5,23,UP,AGIR,"UP, PCdoB, PT, PSB, REDE, PDT, PV, SOLIDARIEDADE, CIDADANIA, AVANTE, MDB, PMN, PSDB, PSD, PMB, PODE, PROS, PRTB, AGIR",19,54398887,109413508,0.49718620666106417,242,0.47173489278752434,255.05652401712592,-13.056524017125923,1.9434759828740766,0.9488092921071518,false,false,neither,false,242,242,false,false,false,false,false
2022,5,24,UP,PTB,"UP, PCdoB, PT, PSB, REDE, PDT, PV, SOLIDARIEDADE, CIDADANIA, AVANTE, MDB, PMN, PSDB, PSD, PMB, PODE, PROS, PRTB, AGIR, PTB",20,55821539,109413508,0.510188732820814,243,0.47368421052631576,261.7268199370776,-18.726819937077607,-4.726819937077607,0.9284489837855373,true,false,votes_only,false,243,242,false,false,false,false,false
2022,5,25,UP,PP,"UP, PCdoB, PT, PSB, REDE, PDT, PV, SOLIDARIEDADE, CIDADANIA, AVANTE, MDB, PMN, PSDB, PSD, PMB, PODE, PROS, PRTB, AGIR, PTB, PP",21,64514457,109413508,0.5896388679905958,290,0.5653021442495126,302.48473927917564,-12.484739279175642,-45.48473927917564,0.9587260523987857,true,true,votes+seats,false,290,243,false,false,false,false,true
2022,5,26,UP,DC,"UP, PCdoB, PT, PSB, REDE, PDT, PV, SOLIDARIEDADE, CIDADANIA, AVANTE, MDB, PMN, PSDB, PSD, PMB, PODE, PROS, PRTB, AGIR, PTB, PP, DC",22,64612198,109413508,0.5905321854775006,290,0.5653021442495126,302.94301114995784,-12.94301114995784,-45.94301114995784,0.957275755922453,true,true,votes+seats,false,290,290,false,false,false,false,false
2022,5,27,UP,REPUBLICANOS,"UP, PCdoB, PT, PSB, REDE, PDT, PV, SOLIDARIEDADE, CIDADANIA, AVANTE, MDB, PMN, PSDB, PSD, PMB, PODE, PROS, PRTB, AGIR, PTB, PP, DC, REPUBLICANOS",23,72223092,109413508,0.660093011550274,330,0.6432748538011696,338.62771492529055,-8.627714925290547,-81.62771492529055,0.9745215333978378,true,true,votes+seats,false,330,290,false,false,false,false,false
2022,5,28,UP,PSC,"UP, PCdoB, PT, PSB, REDE, PDT, PV, SOLIDARIEDADE, CIDADANIA, AVANTE, MDB, PMN, PSDB, PSD, PMB, PODE, PROS, PRTB, AGIR, PTB, PP, DC, REPUBLICANOS, PSC",24,74167770,109413508,0.6778666670663736,336,0.6549707602339181,347.74560020504964,-11.74560020504964,-90.74560020504964,0.9662235835676316,true,true,votes+seats,false,336,330,false,false,false,false,false
2022,5,29,UP,UNIÃO,"UP, PCdoB, PT, PSB, REDE, PDT, PV, SOLIDARIEDADE, CIDADANIA, AVANTE, MDB, PMN, PSDB, PSD, PMB, PODE, PROS, PRTB, AGIR, PTB, PP, DC, REPUBLICANOS, PSC, UNIÃO",25,84383203,109413508,0.7712320401974498,395,0.7699805068226121,395.64203662129177,-0.6420366212917656,-138.64203662129177,0.9983772284998463,true,true,votes+seats,false,395,336,false,false,false,false,false
2022,5,30,UP,PATRIOTA,"UP, PCdoB, PT, PSB, REDE, PDT, PV, SOLIDARIEDADE, CIDADANIA, AVANTE, MDB, PMN, PSDB, PSD, PMB, PODE, PROS, PRTB, AGIR, PTB, PP, DC, REPUBLICANOS, PSC, UNIÃO, PATRIOTA",26,85909773,109413508,0.7851843393961923,399,0.7777777777777778,402.79956611024664,-3.7995661102466443,-145.79956611024664,0.990567104758979,true,true,votes+seats,false,399,395,false,false,false,false,false
2022,5,31,UP,NOVO,"UP, PCdoB, PT, PSB, REDE, PDT, PV, SOLIDARIEDADE, CIDADANIA, AVANTE, MDB, PMN, PSDB, PSD, PMB, PODE, PROS, PRTB, AGIR, PTB, PP, DC, REPUBLICANOS, PSC, UNIÃO, PATRIOTA, NOVO",27,87264527,109413508,0.7975663023253033,402,0.783625730994152,409.15151309288063,-7.151513092880634,-152.15151309288063,0.9825211129275302,true,true,votes+seats,false,402,399,false,false,false,false,false
2022,5,32,UP,PL,"UP, PCdoB, PT, PSB, REDE, PDT, PV, SOLIDARIEDADE, CIDADANIA, AVANTE, MDB, PMN, PSDB, PSD, PMB, PODE, PROS, PRTB, AGIR, PTB, PP, DC, REPUBLICANOS, PSC, UNIÃO, PATRIOTA, NOVO, PL",28,105440448,109413508,0.9636876645980494,501,0.9766081871345029,494.3717719387994,6.628228061200616,-237.37177193879938,1.0134073756582145,true,true,votes+seats,false,501,402,false,false,false,false,false
2022,6,6,PCdoB,PCdoB,PCdoB,1,1154712,109413508,0.010553651199996256,6,0.011695906432748537,5.414023065598079,0.5859769344019208,251.5859769344019,1.1082331802620773,false,false,neither,false,0,0,false,false,false,false,false
2022,6,7,PCdoB,PT,"PCdoB, PT",2,14391410,109413508,0.13153229672519046,75,0.14619883040935672,67.47606822002271,7.523931779977289,189.5239317799773,1.1115051895946815,false,false,neither,false,69,6,false,false,false,false,false
2022,6,8,PCdoB,PSB,"PCdoB, PT, PSB",3,18566309,109413508,0.16968936778811625,89,0.17348927875243664,87.05064567530363,1.9493543246963725,169.94935432469637,1.0223933356217414,false,false,neither,false,83,75,false,false,false,false,false
2022,6,9,PCdoB,REDE,"PCdoB, PT, PSB, REDE",4,19349226,109413508,0.17684494678664356,91,0.17738791423001948,90.72145770154815,0.2785422984518533,166.27854229845184,1.0030703022802852,false,false,neither,false,85,89,false,false,false,false,false
2022,6,10,PCdoB,PDT,"PCdoB, PT, PSB, REDE, PDT",5,23177593,109413508,0.21183484035627484,108,0.21052631578947367,108.67127310276899,-0.6712731027689927,148.328726897231,0.9938229020089405,false,false,neither,false,102,91,false,false,false,false,false
2022,6,11,PCdoB,PV,"PCdoB, PT, PSB, REDE, PDT, PV",6,24132171,109413508,0.2205593389803387,114,0.2222222222222222,113.14694089691375,0.8530591030862524,143.85305910308625,1.0075393916647155,false,false,neither,false,108,108,false,false,false,false,false
2022,6,12,PCdoB,SOLIDARIEDADE,"PCdoB, PT, PSB, REDE, PDT, PV, SOLIDARIEDADE",7,25834690,109413508,0.2361197485780275,118,0.2300194931773879,121.12943102052812,-3.1294310205281164,135.8705689794719,0.9741645693027505,false,false,neither,false,112,114,false,false,false,false,false
2022,6,13,PCdoB,CIDADANIA,"PCdoB, PT, PSB, REDE, PDT, PV, SOLIDARIEDADE, CIDADANIA",8,27448796,109413508,0.25087209524440074,123,0.23976608187134502,128.69738486037758,-5.697384860377582,128.30261513962242,0.9557303758226431,false,false,neither,false,117,118,false,false,false,false,false
2022,6,14,PCdoB,AVANTE,"PCdoB, PT, PSB, REDE, PDT, PV, SOLIDARIEDADE, CIDADANIA, AVANTE",9,29641314,109413508,0.2709109189698954,130,0.253411306042885,138.97730143155633,-8.977301431556327,118.02269856844367,0.9354045492387296,false,false,neither,false,124,123,false,false,false,false,false
2022,6,15,PCdoB,MDB,"PCdoB, PT, PSB, REDE, PDT, PV, SOLIDARIEDADE, CIDADANIA, AVANTE, MDB",10,37592209,109413508,0.3435792315515558,172,0.33528265107212474,176.25614578594812,-4.256145785948121,80.74385421405188,0.97585249713155,false,false,neither,false,166,130,false,false,false,false,false
2022,6,16,PCdoB,PMN,"PCdoB, PT, PSB, REDE, PDT, PV, SOLIDARIEDADE, CIDADANIA, AVANTE, MDB, PMN",11,37848787,109413508,0.34592426192934056,172,0.33528265107212474,177.4591463697517,-5.459146369751693,79.54085363024831,0.9692371653902974,false,false,neither,false,166,172,false,false,false,false,false
2022,6,17,PCdoB,PSDB,"PCdoB, PT, PSB, REDE, PDT, PV, SOLIDARIEDADE, CIDADANIA, AVANTE, MDB, PMN, PSDB",12,41157848,109413508,0.37616788596157613,185,0.36062378167641324,192.97412549828854,-7.974125498288544,64.02587450171146,0.9586777477151502,false,false,neither,false,179,172,false,false,false,false,false
2022,6,18,PCdoB,PSD,"PCdoB, PT, PSB, REDE, PDT, PV, SOLIDARIEDADE, CIDADANIA, AVANTE, MDB, PMN, PSDB, PSD",13,49451804,109413508,0.4519716523484468,227,0.442495126705653,231.8614576547532,-4.861457654753195,25.138542345246805,0.9790329203312781,false,false,neither,false,221,185,false,false,false,false,false
2022,6,19,PCdoB,PMB,"PCdoB, PT, PSB, REDE, PDT, PV, SOLIDARIEDADE, CIDADANIA, AVANTE, MDB, PMN, PSDB, PSD, PMB",14,49534859,109413508,0.45273074509227873,227,0.442495126705653,232.250872232339,-5.250872232338992,24.749127767661008,0.977391377772368,false,false,neither,false,221,227,false,false,false,false,false
2022,6,20,PCdoB,PODE,"PCdoB, PT, PSB, REDE, PDT, PV, SOLIDARIEDADE, CIDADANIA, AVANTE, MDB, PMN, PSDB, PSD, PMB, PODE",15,53146925,109413508,0.4857437255370699,239,0.46588693957115007,249.18653120051687,-10.186531200516868,7.813468799483132,0.9591208595767967,false,false,neither,false,233,227,false,false,false,false,false
2022,6,21,PCdoB,PROS,"PCdoB, PT, PSB, REDE, PDT, PV, SOLIDARIEDADE, CIDADANIA, AVANTE, MDB, PMN, PSDB, PSD, PMB, PODE, PROS",16,53946586,109413508,0.4930523386563933,242,0.47173489278752434,252.93584973072976,-10.935849730729757,4.064150269270243,0.9567643347419046,false,false,neither,false,236,239,false,false,false,false,false
2022,6,22,PCdoB,PRTB,"PCdoB, PT, PSB, REDE, PDT, PV, SOLIDARIEDADE, CIDADANIA, AVANTE, MDB, PMN, PSDB, PSD, PMB, PODE, PROS, PRTB",17,54185433,109413508,0.4952353140893719,242,0.47173489278752434,254.05571612784777,-12.055716127847774,2.9442838721522264,0.9525469597315378,false,false,neither,false,236,242,false,false,false,false,false
2022,6,23,PCdoB,AGIR,"PCdoB, PT, PSB, REDE, PDT, PV, SOLIDARIEDADE, CIDADANIA, AVANTE, MDB, PMN, PSDB, PSD, PMB, PODE, PROS, PRTB, AGIR",18,54344301,109413508,0.4966873103090708,242,0.47173489278752434,254.80059018855334,-12.800590188553343,2.1994098114466567,0.9497623212760973,false,false,neither,false,236,242,false,false,false,false,false
2022,6,24,PCdoB,PTB,"PCdoB, PT, PSB, REDE, PDT, PV, SOLIDARIEDADE, CIDADANIA, AVANTE, MDB, PMN, PSDB, PSD, PMB, PODE, PROS, PRTB, AGIR, PTB",19,55766953,109413508,0.5096898364688206,243,0.47368421052631576,261.47088610850494,-18.470886108504942,-4.470886108504942,0.9293577714008285,true,false,votes_only,false,237,242,false,false,false,false,false
2022,6,25,PCdoB,PP,"PCdoB, PT, PSB, REDE, PDT, PV, SOLIDARIEDADE, CIDADANIA, AVANTE, MDB, PMN, PSDB, PSD, PMB, PODE, PROS, PRTB, AGIR, PTB, PP",20,64459871,109413508,0.5891399716386024,290,0.5653021442495126,302.22880545060303,-12.228805450603033,-45.22880545060303,0.9595379221634063,true,true,votes+seats,false,284,243,false,false,false,false,true
2022,6,26,PCdoB,DC,"PCdoB, PT, PSB, REDE, PDT, PV, SOLIDARIEDADE, CIDADANIA, AVANTE, MDB, PMN, PSDB, PSD, PMB, PODE, PROS, PRTB, AGIR, PTB, PP, DC",21,64557612,109413508,0.5900332891255072,290,0.5653021442495126,302.68707732138523,-12.687077321385232,-45.68707732138523,0.9580851702237871,true,true,votes+seats,false,284,290,false,false,false,false,false
2022,6,27,PCdoB,REPUBLICANOS,"PCdoB, PT, PSB, REDE, PDT, PV, SOLIDARIEDADE, CIDADANIA, AVANTE, MDB, PMN, PSDB, PSD, PMB, PODE, PROS, PRTB, AGIR, PTB, PP, DC, REPUBLICANOS",22,72168506,109413508,0.6595941151982806,330,0.6432748538011696,338.37178109671794,-8.371781096717939,-81.37178109671794,0.9752586309958129,true,true,votes+seats,false,324,290,false,false,false,false,false
2022,6,28,PCdoB,PSC,"PCdoB, PT, PSB, REDE, PDT, PV, SOLIDARIEDADE, CIDADANIA, AVANTE, MDB, PMN, PSDB, PSD, PMB, PODE, PROS, PRTB, AGIR, PTB, PP, DC, REPUBLICANOS, PSC",23,74113184,109413508,0.6773677707143801,336,0.6549707602339181,347.48966637647703,-11.489666376477032,-90.48966637647703,0.9669352286176219,true,true,votes+seats,false,330,330,false,false,false,false,false
2022,6,29,PCdoB,UNIÃO,"PCdoB, PT, PSB, REDE, PDT, PV, SOLIDARIEDADE, CIDADANIA, AVANTE, MDB, PMN, PSDB, PSD, PMB, PODE, PROS, PRTB, AGIR, PTB, PP, DC, REPUBLICANOS, PSC, UNIÃO",24,84328617,109413508,0.7707331438454564,395,0.7699805068226121,395.38610279271916,-0.38610279271915715,-138.38610279271916,0.9990234791005753,true,true,votes+seats,false,389,336,false,false,false,false,false
2022,6,30,PCdoB,PATRIOTA,"PCdoB, PT, PSB, REDE, PDT, PV, SOLIDARIEDADE, CIDADANIA, AVANTE, MDB, PMN, PSDB, PSD, PMB, PODE, PROS, PRTB, AGIR, PTB, PP, DC, REPUBLICANOS, PSC, UNIÃO, PATRIOTA",25,85855187,109413508,0.7846854430441988,399,0.7777777777777778,402.54363228167404,-3.5436322816740358,-145.54363228167404,0.9911968989259916,true,true,votes+seats,false,393,395,false,false,false,false,false
2022,6,31,PCdoB,NOVO,"PCdoB, PT, PSB, REDE, PDT, PV, SOLIDARIEDADE, CIDADANIA, AVANTE, MDB, PMN, PSDB, PSD, PMB, PODE, PROS, PRTB, AGIR, PTB, PP, DC, REPUBLICANOS, PSC, UNIÃO, PATRIOTA, NOVO",26,87209941,109413508,0.7970674059733099,402,0.783625730994152,408.895579264308,-6.895579264308026,-151.89557926430803,0.9831360875147765,true,true,votes+seats,false,396,399,false,false,false,false,false
2022,6,32,PCdoB,PL,"PCdoB, PT, PSB, REDE, PDT, PV, SOLIDARIEDADE, CIDADANIA, AVANTE, MDB, PMN, PSDB, PSD, PMB, PODE, PROS, PRTB, AGIR, PTB, PP, DC, REPUBLICANOS, PSC, UNIÃO, PATRIOTA, NOVO, PL",27,105385862,109413508,0.963188768246056,501,0.9766081871345029,494.1158381102268,6.884161889773225,-237.11583811022678,1.013932283401605,true,true,votes+seats,false,495,402,false,false,false,false,false
2022,7,7,PT,PT,PT,1,13236698,109413508,0.1209786455251942,69,0.13450292397660818,62.062045154424624,6.937954845575376,194.93795484557538,1.111790625467017,false,false,neither,false,0,0,false,false,false,false,false
2022,7,8,PT,PSB,"PT, PSB",2,17411597,109413508,0.15913571658812,83,0.1617933723196881,81.63662260970557,1.3633773902944313,175.36337739029443,1.0167005609334498,false,false,neither,false,14,69,false,false,false,false,false
2022,7,9,PT,REDE,"PT, PSB, REDE",3,18194514,109413508,0.16629129558664732,85,0.16569200779727095,85.30743463595007,-0.3074346359500737,171.69256536404993,0.9963961565921886,false,false,neither,false,16,83,false,false,false,false,false
2022,7,10,PT,PDT,"PT, PSB, REDE, PDT",4,22022881,109413508,0.20128118915627857,102,0.19883040935672514,103.2572500371709,-1.2572500371709054,153.7427499628291,0.9878240991628354,false,false,neither,false,33,85,false,false,false,false,false
2022,7,11,PT,PV,"PT, PSB, REDE, PDT, PV",5,22977459,109413508,0.21000568778034245,108,0.21052631578947367,107.73291783131567,0.26708216868432544,149.26708216868434,1.0024791138498867,false,false,neither,false,39,102,false,false,false,false,false
2022,7,12,PT,SOLIDARIEDADE,"PT, PSB, REDE, PDT, PV, SOLIDARIEDADE",6,24679978,109413508,0.22556609737803124,112,0.21832358674463936,115.71540795493003,-3.715407954930029,141.28459204506999,0.9678918475888955,false,false,neither,false,43,108,false,false,false,false,false
2022,7,13,PT,CIDADANIA,"PT, PSB, REDE, PDT, PV, SOLIDARIEDADE, CIDADANIA",7,26294084,109413508,0.24031844404440447,117,0.22807017543859648,123.2833617947795,-6.283361794779495,133.7166382052205,0.9490331728198739,false,false,neither,false,48,112,false,false,false,false,false
2022,7,14,PT,AVANTE,"PT, PSB, REDE, PDT, PV, SOLIDARIEDADE, CIDADANIA, AVANTE",8,28486602,109413508,0.26035726776989915,124,0.24171539961013644,133.56327836595827,-9.563278365958269,123.43672163404173,0.9283988946441157,false,false,neither,false,55,117,false,false,false,false,false
2022,7,15,PT,MDB,"PT, PSB, REDE, PDT, PV, SOLIDARIEDADE, CIDADANIA, AVANTE, MDB",9,36437497,109413508,0.3330255803515595,166,0.3235867446393762,170.84212272035,-4.842122720350005,86.15787727965,0.9716573252354396,false,false,neither,false,97,124,false,false,false,false,false
2022,7,16,PT,PMN,"PT, PSB, REDE, PDT, PV, SOLIDARIEDADE, CIDADANIA, AVANTE, MDB, PMN",10,36694075,109413508,0.3353706107293443,166,0.3235867446393762,172.04512330415363,-6.045123304153634,84.95487669584637,0.9648631522471774,false,false,neither,false,97,166,false,false,false,false,false
2022,7,17,PT,PSDB,"PT, PSB, REDE, PDT, PV, SOLIDARIEDADE, CIDADANIA, AVANTE, MDB, PMN, PSDB",11,40003136,109413508,0.3656142347615799,179,0.3489278752436647,187.56010243269048,-8.560102432690485,69.43989756730952,0.9543607498521044,false,false,neither,false,110,166,false,false,false,false,false
2022,7,18,PT,PSD,"PT, PSB, REDE, PDT, PV, SOLIDARIEDADE, CIDADANIA, AVANTE, MDB, PMN, PSDB, PSD",12,48297092,109413508,0.44141800114845053,221,0.43079922027290446,226.44743458915514,-5.447434589155137,30.552565410844863,0.9759439333060299,false,false,neither,false,152,179,false,false,false,false,false
2022,7,19,PT,PMB,"PT, PSB, REDE, PDT, PV, SOLIDARIEDADE, CIDADANIA, AVANTE, MDB, PMN, PSDB, PSD, PMB",13,48380147,109413508,0.4421770938922825,221,0.43079922027290446,226.8368491667409,-5.836849166740905,30.163150833259095,0.9742685141846138,false,false,neither,false,152,221,false,false,false,false,false
2022,7,20,PT,PODE,"PT, PSB, REDE, PDT, PV, SOLIDARIEDADE, CIDADANIA, AVANTE, MDB, PMN, PSDB, PSD, PMB, PODE",14,51992213,109413508,0.4751900743370736,233,0.45419103313840153,243.77250813491875,-10.772508134918752,13.227491865081248,0.9558091754589628,false,false,neither,false,164,221,false,false,false,false,false
2022,7,21,PT,PROS,"PT, PSB, REDE, PDT, PV, SOLIDARIEDADE, CIDADANIA, AVANTE, MDB, PMN, PSDB, PSD, PMB, PODE, PROS",15,52791874,109413508,0.48249868745639707,236,0.4600389863547758,247.5218266651317,-11.521826665131698,9.478173334868302,0.9534512700541783,false,false,neither,false,167,233,false,false,false,false,false
2022,7,22,PT,PRTB,"PT, PSB, REDE, PDT, PV, SOLIDARIEDADE, CIDADANIA, AVANTE, MDB, PMN, PSDB, PSD, PMB, PODE, PROS, PRTB",16,53030721,109413508,0.4846816628893756,236,0.4600389863547758,248.6416930622497,-12.641693062249686,8.358306937750314,0.9491569860768092,false,false,neither,false,167,236,false,false,false,false,false
2022,7,23,PT,AGIR,"PT, PSB, REDE, PDT, PV, SOLIDARIEDADE, CIDADANIA, AVANTE, MDB, PMN, PSDB, PSD, PMB, PODE, PROS, PRTB, AGIR",17,53189589,109413508,0.4861336591090745,236,0.4600389863547758,249.38656712295523,-13.386567122955228,7.613432877044772,0.9463220201577447,false,false,neither,false,167,236,false,false,false,false,false
2022,7,24,PT,PTB,"PT, PSB, REDE, PDT, PV, SOLIDARIEDADE, CIDADANIA, AVANTE, MDB, PMN, PSDB, PSD, PMB, PODE, PROS, PRTB, AGIR, PTB",18,54612241,109413508,0.4991361852688244,237,0.4619883040935672,256.0568630429069,-19.05686304290691,0.9431369570930883,0.9255756599669286,false,false,neither,false,168,236,false,false,false,false,false
2022,7,25,PT,PP,"PT, PSB, REDE, PDT, PV, SOLIDARIEDADE, CIDADANIA, AVANTE, MDB, PMN, PSDB, PSD, PMB, PODE, PROS, PRTB, AGIR, PTB, PP",19,63305159,109413508,0.5785863204386061,284,0.5536062378167641,296.81478238500495,-12.814782385004946,-39.814782385004946,0.9568256598204647,true,true,votes+seats,false,215,237,true,false,true,false,true
2022,7,26,PT,DC,"PT, PSB, REDE, PDT, PV, SOLIDARIEDADE, CIDADANIA, AVANTE, MDB, PMN, PSDB, PSD, PMB, PODE, PROS, PRTB, AGIR, PTB, PP, DC",20,63402900,109413508,0.5794796379255109,284,0.5536062378167641,297.2730542557871,-13.273054255787088,-40.27305425578709,0.9553506311259333,true,true,votes+seats,false,215,284,false,false,false,false,false
2022,7,27,PT,REPUBLICANOS,"PT, PSB, REDE, PDT, PV, SOLIDARIEDADE, CIDADANIA, AVANTE, MDB, PMN, PSDB, PSD, PMB, PODE, PROS, PRTB, AGIR, PTB, PP, DC, REPUBLICANOS",21,71013794,109413508,0.6490404639982844,324,0.631578947368421,332.9577580311199,-8.957758031119909,-75.95775803111991,0.9730964129381161,true,true,votes+seats,false,255,284,false,false,false,false,false
2022,7,28,PT,PSC,"PT, PSB, REDE, PDT, PV, SOLIDARIEDADE, CIDADANIA, AVANTE, MDB, PMN, PSDB, PSD, PMB, PODE, PROS, PRTB, AGIR, PTB, PP, DC, REPUBLICANOS, PSC",22,72958472,109413508,0.666814119514384,330,0.6432748538011696,342.07564331087895,-12.075643310878945,-85.07564331087895,0.9646989092997055,true,true,votes+seats,false,261,324,false,false,false,false,false
2022,7,29,PT,UNIÃO,"PT, PSB, REDE, PDT, PV, SOLIDARIEDADE, CIDADANIA, AVANTE, MDB, PMN, PSDB, PSD, PMB, PODE, PROS, PRTB, AGIR, PTB, PP, DC, REPUBLICANOS, PSC, UNIÃO",23,83173905,109413508,0.7601794926454601,389,0.7582846003898636,389.97207972712107,-0.9720797271210699,-132.97207972712107,0.9975073094263536,true,true,votes+seats,false,320,330,false,false,false,false,false
2022,7,30,PT,PATRIOTA,"PT, PSB, REDE, PDT, PV, SOLIDARIEDADE, CIDADANIA, AVANTE, MDB, PMN, PSDB, PSD, PMB, PODE, PROS, PRTB, AGIR, PTB, PP, DC, REPUBLICANOS, PSC, UNIÃO, PATRIOTA",24,84700475,109413508,0.7741317918442027,393,0.7660818713450293,397.12960921607595,-4.1296092160759486,-140.12960921607595,0.989601356533884,true,true,votes+seats,false,324,389,false,false,false,false,false
2022,7,31,PT,NOVO,"PT, PSB, REDE, PDT, PV, SOLIDARIEDADE, CIDADANIA, AVANTE, MDB, PMN, PSDB, PSD, PMB, PODE, PROS, PRTB, AGIR, PTB, PP, DC, REPUBLICANOS, PSC, UNIÃO, PATRIOTA, NOVO",25,86055229,109413508,0.7865137547733138,396,0.7719298245614035,403.48155619870994,-7.481556198709939,-146.48155619870994,0.9814575013807437,true,true,votes+seats,false,327,393,false,false,false,false,false
2022,7,32,PT,PL,"PT, PSB, REDE, PDT, PV, SOLIDARIEDADE, CIDADANIA, AVANTE, MDB, PMN, PSDB, PSD, PMB, PODE, PROS, PRTB, AGIR, PTB, PP, DC, REPUBLICANOS, PSC, UNIÃO, PATRIOTA, NOVO, PL",26,104231150,109413508,0.9526351170460597,495,0.9649122807017544,488.70181504462863,6.298184955371369,-231.70181504462863,1.012887582491987,true,true,votes+seats,false,426,396,false,false,false,false,false
2022,8,8,PSB,PSB,PSB,1,4174899,109413508,0.0381570710629258,14,0.02729044834307992,19.574577455280934,-5.574577455280934,237.42542254471905,0.7152133951286395,false,false,neither,false,0,0,false,false,false,false,false
2022,8,9,PSB,REDE,"PSB, REDE",2,4957816,109413508,0.04531265006145311,16,0.031189083820662766,23.245389481525446,-7.2453894815254465,233.75461051847455,0.6883085358804675,false,false,neither,false,2,14,false,false,false,false,false
2022,8,10,PSB,PDT,"PSB, REDE, PDT",3,8786183,109413508,0.08030254363108438,33,0.06432748538011696,41.19520488274629,-8.195204882746289,215.80479511725372,0.8010641067067815,false,false,neither,false,19,16,false,false,false,false,false
2022,8,11,PSB,PV,"PSB, REDE, PDT, PV",4,9740761,109413508,0.08902704225514824,39,0.07602339181286549,45.670872676891044,-6.670872676891044,211.32912732310896,0.8539359489781234,false,false,neither,false,25,33,false,false,false,false,false
2022,8,12,PSB,SOLIDARIEDADE,"PSB, REDE, PDT, PV, SOLIDARIEDADE",5,11443280,109413508,0.10458745185283704,43,0.08382066276803118,53.6533628005054,-10.653362800505398,203.3466371994946,0.801440911725946,false,false,neither,false,29,39,false,false,false,false,false
2022,8,13,PSB,CIDADANIA,"PSB, REDE, PDT, PV, SOLIDARIEDADE, CIDADANIA",6,13057386,109413508,0.11933979851921026,48,0.0935672514619883,61.221316640354864,-13.221316640354864,195.77868335964513,0.7840406354207702,false,false,neither,false,34,43,false,false,false,false,false
2022,8,14,PSB,AVANTE,"PSB, REDE, PDT, PV, SOLIDARIEDADE, CIDADANIA, AVANTE",7,15249904,109413508,0.13937862224470493,55,0.10721247563352826,71.50123321153363,-16.50123321153363,185.49876678846636,0.7692175019874781,false,false,neither,false,41,48,false,false,false,false,false
2022,8,15,PSB,MDB,"PSB, REDE, PDT, PV, SOLIDARIEDADE, CIDADANIA, AVANTE, MDB",8,23200799,109413508,0.2120469348263653,97,0.18908382066276802,108.7800775659254,-11.780077565925396,148.2199224340746,0.8917073987303772,false,false,neither,false,83,55,false,false,false,false,false
2022,8,16,PSB,PMN,"PSB, REDE, PDT, PV, SOLIDARIEDADE, CIDADANIA, AVANTE, MDB, PMN",9,23457377,109413508,0.2143919652041501,97,0.18908382066276802,109.983078149729,-12.983078149728996,147.016921850271,0.8819538571919758,false,false,neither,false,83,97,false,false,false,false,false
2022,8,17,PSB,PSDB,"PSB, REDE, PDT, PV, SOLIDARIEDADE, CIDADANIA, AVANTE, MDB, PMN, PSDB",10,26766438,109413508,0.2446355892363857,110,0.21442495126705652,125.49805727826586,-15.498057278265861,131.50194272173414,0.8765075921143374,false,false,neither,false,96,97,false,false,false,false,false
2022,8,18,PSB,PSD,"PSB, REDE, PDT, PV, SOLIDARIEDADE, CIDADANIA, AVANTE, MDB, PMN, PSDB, PSD",11,35060394,109413508,0.3204393556232563,152,0.2962962962962963,164.38538943473048,-12.385389434730484,92.61461056526952,0.9246563853556576,false,false,neither,false,138,110,false,false,false,false,false
2022,8,19,PSB,PMB,"PSB, REDE, PDT, PV, SOLIDARIEDADE, CIDADANIA, AVANTE, MDB, PMN, PSDB, PSD, PMB",12,35143449,109413508,0.3211984483670883,152,0.2962962962962963,164.77480401231628,-12.774804012316281,92.22519598768372,0.9224711321073007,false,false,neither,false,138,152,false,false,false,false,false
2022,8,20,PSB,PODE,"PSB, REDE, PDT, PV, SOLIDARIEDADE, CIDADANIA, AVANTE, MDB, PMN, PSDB, PSD, PMB, PODE",13,38755515,109413508,0.35421142881187945,164,0.31968810916179335,181.71046298049416,-17.710462980494157,75.28953701950584,0.902534709944604,false,false,neither,false,150,152,false,false,false,false,false
2022,8,21,PSB,PROS,"PSB, REDE, PDT, PV, SOLIDARIEDADE, CIDADANIA, AVANTE, MDB, PMN, PSDB, PSD, PMB, PODE, PROS",14,39555176,109413508,0.36152004193120285,167,0.3255360623781676,185.45978151070707,-18.459781510707074,71.54021848929293,0.9004647726836594,false,false,neither,false,153,164,false,false,false,false,false
2022,8,22,PSB,PRTB,"PSB, REDE, PDT, PV, SOLIDARIEDADE, CIDADANIA, AVANTE, MDB, PMN, PSDB, PSD, PMB, PODE, PROS, PRTB",15,39794023,109413508,0.36370301736418137,167,0.3255360623781676,186.57964790782503,-19.579647907825034,70.42035209217497,0.8950601090345188,false,false,neither,false,153,167,false,false,false,false,false
2022,8,23,PSB,AGIR,"PSB, REDE, PDT, PV, SOLIDARIEDADE, CIDADANIA, AVANTE, MDB, PMN, PSDB, PSD, PMB, PODE, PROS, PRTB, AGIR",16,39952891,109413508,0.36515501358388036,167,0.3255360623781676,187.32452196853063,-20.324521968530632,69.67547803146937,0.8915010071562065,false,false,neither,false,153,167,false,false,false,false,false
2022,8,24,PSB,PTB,"PSB, REDE, PDT, PV, SOLIDARIEDADE, CIDADANIA, AVANTE, MDB, PMN, PSDB, PSD, PMB, PODE, PROS, PRTB, AGIR, PTB",17,41375543,109413508,0.3781575397436302,168,0.32748538011695905,193.9948178884823,-25.994817888482288,63.00518211151771,0.866002514028878,false,false,neither,false,154,167,false,false,false,false,false
2022,8,25,PSB,PP,"PSB, REDE, PDT, PV, SOLIDARIEDADE, CIDADANIA, AVANTE, MDB, PMN, PSDB, PSD, PMB, PODE, PROS, PRTB, AGIR, PTB, PP",18,50068461,109413508,0.457607674913412,215,0.4191033138401559,234.75273723058035,-19.75273723058035,22.24726276941965,0.9158572655483941,false,false,neither,false,201,168,false,false,false,false,false
2022,8,26,PSB,DC,"PSB, REDE, PDT, PV, SOLIDARIEDADE, CIDADANIA, AVANTE, MDB, PMN, PSDB, PSD, PMB, PODE, PROS, PRTB, AGIR, PTB, PP, DC",19,50166202,109413508,0.4585009924003168,215,0.4191033138401559,235.2110091013625,-20.211009101362492,21.788990898637508,0.9140728608810453,false,false,neither,false,201,215,false,false,false,false,false
2022,8,27,PSB,REPUBLICANOS,"PSB, REDE, PDT, PV, SOLIDARIEDADE, CIDADANIA, AVANTE, MDB, PMN, PSDB, PSD, PMB, PODE, PROS, PRTB, AGIR, PTB, PP, DC, REPUBLICANOS",20,57777096,109413508,0.5280618184730902,255,0.49707602339181284,270.89571287669526,-15.895712876695256,-13.895712876695256,0.9413216521299081,true,false,votes_only,false,241,215,false,false,false,false,false
2022,8,28,PSB,PSC,"PSB, REDE, PDT, PV, SOLIDARIEDADE, CIDADANIA, AVANTE, MDB, PMN, PSDB, PSD, PMB, PODE, PROS, PRTB, AGIR, PTB, PP, DC, REPUBLICANOS, PSC",21,59721774,109413508,0.5458354739891897,261,0.5087719298245614,280.01359815645435,-19.01359815645435,-23.01359815645435,0.9320975899683603,true,true,votes+seats,false,247,255,true,false,true,false,true
2022,8,29,PSB,UNIÃO,"PSB, REDE, PDT, PV, SOLIDARIEDADE, CIDADANIA, AVANTE, MDB, PMN, PSDB, PSD, PMB, PODE, PROS, PRTB, AGIR, PTB, PP, DC, REPUBLICANOS, PSC, UNIÃO",22,69937207,109413508,0.639200847120266,320,0.6237816764132553,327.9100345726965,-7.910034572696475,-70.91003457269647,0.97587742448015,true,true,votes+seats,false,306,261,false,false,false,false,false
2022,8,30,PSB,PATRIOTA,"PSB, REDE, PDT, PV, SOLIDARIEDADE, CIDADANIA, AVANTE, MDB, PMN, PSDB, PSD, PMB, PODE, PROS, PRTB, AGIR, PTB, PP, DC, REPUBLICANOS, PSC, UNIÃO, PATRIOTA",23,71463777,109413508,0.6531531463190084,324,0.631578947368421,335.06756406165135,-11.067564061651353,-78.06756406165135,0.9669691571231438,true,true,votes+seats,false,310,320,false,false,false,false,false
2022,8,31,PSB,NOVO,"PSB, REDE, PDT, PV, SOLIDARIEDADE, CIDADANIA, AVANTE, MDB, PMN, PSDB, PSD, PMB, PODE, PROS, PRTB, AGIR, PTB, PP, DC, REPUBLICANOS, PSC, UNIÃO, PATRIOTA, NOVO",24,72818531,109413508,0.6655351092481195,327,0.6374269005847953,341.41951104428534,-14.419511044285343,-84.41951104428534,0.9577660017139003,true,true,votes+seats,false,313,324,false,false,false,false,false
2022,8,32,PSB,PL,"PSB, REDE, PDT, PV, SOLIDARIEDADE, CIDADANIA, AVANTE, MDB, PMN, PSDB, PSD, PMB, PODE, PROS, PRTB, AGIR, PTB, PP, DC, REPUBLICANOS, PSC, UNIÃO, PATRIOTA, NOVO, PL",25,90994452,109413508,0.8316564715208656,426,0.8304093567251462,426.6397698902041,-0.6397698902040929,-169.6397698902041,0.9985004447888935,true,true,votes+seats,false,412,327,false,false,false,false,false
2022,9,9,REDE,REDE,REDE,1,782917,109413508,0.007155578998527311,2,0.003898635477582846,3.6708120262445108,-1.6708120262445108,253.3291879737555,0.5448385767783744,false,false,neither,false,0,0,false,false,false,false,false
2022,9,10,REDE,PDT,"REDE, PDT",2,4611284,109413508,0.042145472568158586,19,0.037037037037037035,21.620627427465354,-2.6206274274653545,235.37937257253463,0.8787904080833339,false,false,neither,false,17,2,false,false,false,false,false
2022,9,11,REDE,PV,"REDE, PDT, PV",3,5565862,109413508,0.050869971192222446,25,0.04873294346978557,26.096295221610116,-1.0962952216101165,230.90370477838988,0.9579903885857988,false,false,neither,false,23,19,false,false,false,false,false
2022,9,12,REDE,SOLIDARIEDADE,"REDE, PDT, PV, SOLIDARIEDADE",4,7268381,109413508,0.06643038078991124,29,0.056530214424951264,34.07878534522447,-5.078785345224468,222.92121465477553,0.8509692967699576,false,false,neither,false,27,25,false,false,false,false,false
2022,9,13,REDE,CIDADANIA,"REDE, PDT, PV, SOLIDARIEDADE, CIDADANIA",5,8882487,109413508,0.08118272745628446,34,0.06627680311890838,41.64673918507393,-7.646739185073933,215.35326081492607,0.816390446534299,false,false,neither,false,32,29,false,false,false,false,false
2022,9,14,REDE,AVANTE,"REDE, PDT, PV, SOLIDARIEDADE, CIDADANIA, AVANTE",6,11075005,109413508,0.10122155118177913,41,0.07992202729044834,51.92665575625269,-10.926655756252693,205.0733442437473,0.7895752076247088,false,false,neither,false,39,34,false,false,false,false,false
2022,9,15,REDE,MDB,"REDE, PDT, PV, SOLIDARIEDADE, CIDADANIA, AVANTE, MDB",7,19025900,109413508,0.1738898637634395,83,0.1617933723196881,89.20550011064446,-6.205500110644465,167.79449988935554,0.9304359024617587,false,false,neither,false,81,41,false,false,false,false,false
2022,9,16,REDE,PMN,"REDE, PDT, PV, SOLIDARIEDADE, CIDADANIA, AVANTE, MDB, PMN",8,19282478,109413508,0.1762348941412243,83,0.1617933723196881,90.40850069444808,-7.40850069444808,166.5914993055519,0.9180552642999086,false,false,neither,false,81,83,false,false,false,false,false
2022,9,17,REDE,PSDB,"REDE, PDT, PV, SOLIDARIEDADE, CIDADANIA, AVANTE, MDB, PMN, PSDB",9,22591539,109413508,0.20647851817345989,96,0.1871345029239766,105.92347982298492,-9.923479822984916,151.07652017701508,0.9063146354371228,false,false,neither,false,94,83,false,false,false,false,false
2022,9,18,REDE,PSD,"REDE, PDT, PV, SOLIDARIEDADE, CIDADANIA, AVANTE, MDB, PMN, PSDB, PSD",10,30885495,109413508,0.2822822845603305,138,0.26900584795321636,144.81081197944954,-6.810811979449539,112.18918802055046,0.9529675175054189,false,false,neither,false,136,96,false,false,false,false,false
2022,9,19,REDE,PMB,"REDE, PDT, PV, SOLIDARIEDADE, CIDADANIA, AVANTE, MDB, PMN, PSDB, PSD, PMB",11,30968550,109413508,0.28304137730416246,138,0.26900584795321636,145.20022655703534,-7.200226557035336,111.79977344296466,0.9504117402034008,false,false,neither,false,136,138,false,false,false,false,false
2022,9,20,REDE,PODE,"REDE, PDT, PV, SOLIDARIEDADE, CIDADANIA, AVANTE, MDB, PMN, PSDB, PSD, PMB, PODE",12,34580616,109413508,0.31605435774895363,150,0.29239766081871343,162.1358855252132,-12.135885525213212,94.86411447478679,0.9251499106080004,false,false,neither,false,148,138,false,false,false,false,false
2022,9,21,REDE,PROS,"REDE, PDT, PV, SOLIDARIEDADE, CIDADANIA, AVANTE, MDB, PMN, PSDB, PSD, PMB, PODE, PROS",13,35380277,109413508,0.3233629708682771,153,0.2982456140350877,165.88520405542616,-12.885204055426158,91.11479594457384,0.9223245730154396,false,false,neither,false,151,150,false,false,false,false,false
2022,9,22,REDE,PRTB,"REDE, PDT, PV, SOLIDARIEDADE, CIDADANIA, AVANTE, MDB, PMN, PSDB, PSD, PMB, PODE, PROS, PRTB",14,35619124,109413508,0.3255459463012556,153,0.2982456140350877,167.00507045254412,-14.005070452544118,89.99492954745588,0.916139848840555,false,false,neither,false,151,153,false,false,false,false,false
2022,9,23,REDE,AGIR,"REDE, PDT, PV, SOLIDARIEDADE, CIDADANIA, AVANTE, MDB, PMN, PSDB, PSD, PMB, PODE, PROS, PRTB, AGIR",15,35777992,109413508,0.32699794252095454,153,0.2982456140350877,167.7499445132497,-14.749944513249687,89.25005548675031,0.9120718367088064,false,false,neither,false,151,153,false,false,false,false,false
2022,9,24,REDE,PTB,"REDE, PDT, PV, SOLIDARIEDADE, CIDADANIA, AVANTE, MDB, PMN, PSDB, PSD, PMB, PODE, PROS, PRTB, AGIR, PTB",16,37200644,109413508,0.3400004686807044,154,0.3001949317738791,174.42024043320134,-20.420240433201343,82.57975956679866,0.8829250528351279,false,false,neither,false,152,153,false,false,false,false,false
2022,9,25,REDE,PP,"REDE, PDT, PV, SOLIDARIEDADE, CIDADANIA, AVANTE, MDB, PMN, PSDB, PSD, PMB, PODE, PROS, PRTB, AGIR, PTB, PP",17,45893562,109413508,0.41945060385048616,201,0.391812865497076,215.1781597752994,-14.178159775299406,41.821840224700594,0.9341096708415715,false,false,neither,false,199,154,false,false,false,false,false
2022,9,26,REDE,DC,"REDE, PDT, PV, SOLIDARIEDADE, CIDADANIA, AVANTE, MDB, PMN, PSDB, PSD, PMB, PODE, PROS, PRTB, AGIR, PTB, PP, DC",18,45991303,109413508,0.420343921337391,201,0.391812865497076,215.63643164608158,-14.636431646081576,41.363568353918424,0.9321244952239612,false,false,neither,false,199,201,false,false,false,false,false
2022,9,27,REDE,REPUBLICANOS,"REDE, PDT, PV, SOLIDARIEDADE, CIDADANIA, AVANTE, MDB, PMN, PSDB, PSD, PMB, PODE, PROS, PRTB, AGIR, PTB, PP, DC, REPUBLICANOS",19,53602197,109413508,0.4899047474101644,241,0.4697855750487329,251.3211354214143,-10.321135421414311,5.678864578585689,0.9589324813286878,false,false,neither,false,239,201,false,false,false,false,false
2022,9,28,REDE,PSC,"REDE, PDT, PV, SOLIDARIEDADE, CIDADANIA, AVANTE, MDB, PMN, PSDB, PSD, PMB, PODE, PROS, PRTB, AGIR, PTB, PP, DC, REPUBLICANOS, PSC",20,55546875,109413508,0.5076784029262639,247,0.48148148148148145,260.4390207011734,-13.439020701173376,-3.4390207011733764,0.9483985899463458,true,false,votes_only,false,245,241,false,false,false,false,false
2022,9,29,REDE,UNIÃO,"REDE, PDT, PV, SOLIDARIEDADE, CIDADANIA, AVANTE, MDB, PMN, PSDB, PSD, PMB, PODE, PROS, PRTB, AGIR, PTB, PP, DC, REPUBLICANOS, PSC, UNIÃO",21,65762308,109413508,0.6010437760573402,306,0.5964912280701754,308.3354571174155,-2.335457117415501,-51.3354571174155,0.992425596656157,true,true,votes+seats,false,304,247,false,false,false,false,true
2022,9,30,REDE,PATRIOTA,"REDE, PDT, PV, SOLIDARIEDADE, CIDADANIA, AVANTE, MDB, PMN, PSDB, PSD, PMB, PODE, PROS, PRTB, AGIR, PTB, PP, DC, REPUBLICANOS, PSC, UNIÃO, PATRIOTA",22,67288878,109413508,0.6149960752560827,310,0.6042884990253411,315.49298660637044,-5.492986606370437,-58.49298660637044,0.9825891958313995,true,true,votes+seats,false,308,306,false,false,false,false,false
2022,9,31,REDE,NOVO,"REDE, PDT, PV, SOLIDARIEDADE, CIDADANIA, AVANTE, MDB, PMN, PSDB, PSD, PMB, PODE, PROS, PRTB, AGIR, PTB, PP, DC, REPUBLICANOS, PSC, UNIÃO, PATRIOTA, NOVO",23,68643632,109413508,0.6273780381851938,313,0.6101364522417154,321.8449335890044,-8.844933589004427,-64.84493358900443,0.9725180275781523,true,true,votes+seats,false,311,310,false,false,false,false,false
2022,9,32,REDE,PL,"REDE, PDT, PV, SOLIDARIEDADE, CIDADANIA, AVANTE, MDB, PMN, PSDB, PSD, PMB, PODE, PROS, PRTB, AGIR, PTB, PP, DC, REPUBLICANOS, PSC, UNIÃO, PATRIOTA, NOVO, PL",24,86819553,109413508,0.7934994004579398,412,0.8031189083820662,407.0651924349231,4.934807565076881,-150.06519243492312,1.0121228924918846,true,true,votes+seats,false,410,313,false,false,false,false,false
2022,10,10,PDT,PDT,PDT,1,3828367,109413508,0.034989893569631274,17,0.03313840155945419,17.949815401220842,-0.9498154012208424,239.05018459877917,0.9470849487869251,false,false,neither,false,0,0,false,false,false,false,false
2022,10,11,PDT,PV,"PDT, PV",2,4782945,109413508,0.043714392193695134,23,0.04483430799220273,22.425483195365604,0.5745168046343956,234.57451680463438,1.0256189264520785,false,false,neither,false,6,17,false,false,false,false,false
2022,10,12,PDT,SOLIDARIEDADE,"PDT, PV, SOLIDARIEDADE",3,6485464,109413508,0.05927480179138393,27,0.05263157894736842,30.40797331897996,-3.407973318979959,226.59202668102003,0.8879250095614633,false,false,neither,false,10,23,false,false,false,false,false
2022,10,13,PDT,CIDADANIA,"PDT, PV, SOLIDARIEDADE, CIDADANIA",4,8099570,109413508,0.07402714845775715,32,0.06237816764132553,37.97592715882942,-5.975927158829421,219.02407284117058,0.8426390714876855,false,false,neither,false,15,27,false,false,false,false,false
2022,10,14,PDT,AVANTE,"PDT, PV, SOLIDARIEDADE, CIDADANIA, AVANTE",5,10292088,109413508,0.09406597218325181,39,0.07602339181286549,48.25584373000818,-9.25584373000818,208.74415626999183,0.8081922723847769,false,false,neither,false,22,32,false,false,false,false,false
2022,10,15,PDT,MDB,"PDT, PV, SOLIDARIEDADE, CIDADANIA, AVANTE, MDB",6,18242983,109413508,0.1667342847649122,81,0.15789473684210525,85.53468808439996,-4.53468808439996,171.46531191560004,0.9469842214199059,false,false,neither,false,64,39,false,false,false,false,false
2022,10,16,PDT,PMN,"PDT, PV, SOLIDARIEDADE, CIDADANIA, AVANTE, MDB, PMN",7,18499561,109413508,0.169079315142697,81,0.15789473684210525,86.73768866820356,-5.73768866820356,170.26231133179644,0.9338501088015861,false,false,neither,false,64,81,false,false,false,false,false
2022,10,17,PDT,PSDB,"PDT, PV, SOLIDARIEDADE, CIDADANIA, AVANTE, MDB, PMN, PSDB",8,21808622,109413508,0.1993229391749326,94,0.18323586744639375,102.25266779674043,-8.252667796740425,154.7473322032596,0.9192914182626001,false,false,neither,false,77,81,false,false,false,false,false
2022,10,18,PDT,PSD,"PDT, PV, SOLIDARIEDADE, CIDADANIA, AVANTE, MDB, PMN, PSDB, PSD",9,30102578,109413508,0.2751267055618032,136,0.2651072124756335,141.13999995320503,-5.1399999532050344,115.86000004679497,0.9635822590696528,false,false,neither,false,119,94,false,false,false,false,false
2022,10,19,PDT,PMB,"PDT, PV, SOLIDARIEDADE, CIDADANIA, AVANTE, MDB, PMN, PSDB, PSD, PMB",10,30185633,109413508,0.27588579830563514,136,0.2651072124756335,141.52941453079083,-5.529414530790831,115.47058546920917,0.9609309870381194,false,false,neither,false,119,136,false,false,false,false,false
2022,10,20,PDT,PODE,"PDT, PV, SOLIDARIEDADE, CIDADANIA, AVANTE, MDB, PMN, PSDB, PSD, PMB, PODE",11,33797699,109413508,0.3088987787504263,148,0.2884990253411306,158.4650734989687,-10.465073498968707,98.5349265010313,0.9339597472938614,false,false,neither,false,131,136,false,false,false,false,false
2022,10,21,PDT,PROS,"PDT, PV, SOLIDARIEDADE, CIDADANIA, AVANTE, MDB, PMN, PSDB, PSD, PMB, PODE, PROS",12,34597360,109413508,0.3162073918697498,151,0.29434697855750486,162.21439202918162,-11.214392029181624,94.78560797081838,0.9308668491809025,false,false,neither,false,134,148,false,false,false,false,false
2022,10,22,PDT,PRTB,"PDT, PV, SOLIDARIEDADE, CIDADANIA, AVANTE, MDB, PMN, PSDB, PSD, PMB, PODE, PROS, PRTB",13,34836207,109413508,0.3183903673027283,151,0.29434697855750486,163.3342584262996,-12.334258426299613,93.66574157370039,0.9244845597908345,false,false,neither,false,134,151,false,false,false,false,false
2022,10,23,PDT,AGIR,"PDT, PV, SOLIDARIEDADE, CIDADANIA, AVANTE, MDB, PMN, PSDB, PSD, PMB, PODE, PROS, PRTB, AGIR",14,34995075,109413508,0.31984236352242723,151,0.29434697855750486,164.07913248700518,-13.079132487005182,92.92086751299482,0.9202876545678895,false,false,neither,false,134,151,false,false,false,false,false
2022,10,24,PDT,PTB,"PDT, PV, SOLIDARIEDADE, CIDADANIA, AVANTE, MDB, PMN, PSDB, PSD, PMB, PODE, PROS, PRTB, AGIR, PTB",15,36417727,109413508,0.33284488968217707,152,0.2962962962962963,170.74942840695684,-18.749428406956838,86.25057159304316,0.8901933167104358,false,false,neither,false,135,151,false,false,false,false,false
2022,10,25,PDT,PP,"PDT, PV, SOLIDARIEDADE, CIDADANIA, AVANTE, MDB, PMN, PSDB, PSD, PMB, PODE, PROS, PRTB, AGIR, PTB, PP",16,45110645,109413508,0.41229502485195885,199,0.38791423001949316,211.5073477490549,-12.507347749054901,45.4926522509451,0.9408656584172462,false,false,neither,false,182,152,false,false,false,false,false
2022,10,26,PDT,DC,"PDT, PV, SOLIDARIEDADE, CIDADANIA, AVANTE, MDB, PMN, PSDB, PSD, PMB, PODE, PROS, PRTB, AGIR, PTB, PP, DC",17,45208386,109413508,0.4131883423388637,199,0.38791423001949316,211.96561961983707,-12.96561961983707,45.03438038016293,0.9388314970932972,false,false,neither,false,182,199,false,false,false,false,false
2022,10,27,PDT,REPUBLICANOS,"PDT, PV, SOLIDARIEDADE, CIDADANIA, AVANTE, MDB, PMN, PSDB, PSD, PMB, PODE, PROS, PRTB, AGIR, PTB, PP, DC, REPUBLICANOS",18,52819280,109413508,0.48274916841163706,239,0.46588693957115007,247.6503233951698,-8.650323395169806,9.349676604830194,0.9650704134903685,false,false,neither,false,222,199,false,false,false,false,false
2022,10,28,PDT,PSC,"PDT, PV, SOLIDARIEDADE, CIDADANIA, AVANTE, MDB, PMN, PSDB, PSD, PMB, PODE, PROS, PRTB, AGIR, PTB, PP, DC, REPUBLICANOS, PSC",19,54763958,109413508,0.5005228239277366,245,0.4775828460038986,256.76820867492887,-11.768208674928871,0.23179132507112854,0.9541679683179644,true,false,votes_only,false,228,239,false,false,false,false,false
2022,10,29,PDT,UNIÃO,"PDT, PV, SOLIDARIEDADE, CIDADANIA, AVANTE, MDB, PMN, PSDB, PSD, PMB, PODE, PROS, PRTB, AGIR, PTB, PP, DC, REPUBLICANOS, PSC, UNIÃO",20,64979391,109413508,0.5938881970588129,304,0.5925925925925926,304.664645091171,-0.6646450911709962,-47.664645091170996,0.9978184370852348,true,true,votes+seats,false,287,245,false,false,false,false,true
2022,10,30,PDT,PATRIOTA,"PDT, PV, SOLIDARIEDADE, CIDADANIA, AVANTE, MDB, PMN, PSDB, PSD, PMB, PODE, PROS, PRTB, AGIR, PTB, PP, DC, REPUBLICANOS, PSC, UNIÃO, PATRIOTA",21,66505961,109413508,0.6078404962575553,308,0.6003898635477583,311.8221745801259,-3.822174580125875,-54.822174580125875,0.9877424542200294,true,true,votes+seats,false,291,304,false,false,false,false,false
2022,10,31,PDT,NOVO,"PDT, PV, SOLIDARIEDADE, CIDADANIA, AVANTE, MDB, PMN, PSDB, PSD, PMB, PODE, PROS, PRTB, AGIR, PTB, PP, DC, REPUBLICANOS, PSC, UNIÃO, PATRIOTA, NOVO",22,67860715,109413508,0.6202224591866664,311,0.6062378167641326,318.17412156275986,-7.174121562759865,-61.174121562759865,0.9774522153859557,true,true,votes+seats,false,294,308,false,false,false,false,false
2022,10,32,PDT,PL,"PDT, PV, SOLIDARIEDADE, CIDADANIA, AVANTE, MDB, PMN, PSDB, PSD, PMB, PODE, PROS, PRTB, AGIR, PTB, PP, DC, REPUBLICANOS, PSC, UNIÃO, PATRIOTA, NOVO, PL",23,86036636,109413508,0.7863438214594125,410,0.7992202729044834,403.3943804086786,6.6056195913213855,-146.39438040867861,1.0163750907601372,true,true,votes+seats,false,393,311,false,false,false,false,false
2022,11,11,PV,PV,PV,1,954578,109413508,0.008724498624063859,6,0.011695906432748537,4.475667794144759,1.5243322058552407,252.52433220585525,1.3405820708698333,false,false,neither,false,0,0,false,false,false,false,false
2022,11,12,PV,SOLIDARIEDADE,"PV, SOLIDARIEDADE",2,2657097,109413508,0.024284908221752655,10,0.01949317738791423,12.458157917759111,-2.4581579177591113,244.5418420822409,0.8026868872600333,false,false,neither,false,4,6,false,false,false,false,false
2022,11,13,PV,CIDADANIA,"PV, SOLIDARIEDADE, CIDADANIA",3,4271203,109413508,0.03903725488812588,15,0.029239766081871343,20.026111757608575,-5.026111757608575,236.9738882423914,0.7490220858425505,false,false,neither,false,9,10,false,false,false,false,false
2022,11,14,PV,AVANTE,"PV, SOLIDARIEDADE, CIDADANIA, AVANTE",4,6463721,109413508,0.05907607861362054,22,0.042884990253411304,30.306028328787338,-8.306028328787338,226.69397167121267,0.7259281804043739,false,false,neither,false,16,15,false,false,false,false,false
2022,11,15,PV,MDB,"PV, SOLIDARIEDADE, CIDADANIA, AVANTE, MDB",5,14414616,109413508,0.13174439119528095,64,0.12475633528265107,67.58487268317913,-3.584872683179128,189.41512731682087,0.9469574693144114,false,false,neither,false,58,22,false,false,false,false,false
2022,11,16,PV,PMN,"PV, SOLIDARIEDADE, CIDADANIA, AVANTE, MDB, PMN",6,14671194,109413508,0.13408942157306572,64,0.12475633528265107,68.78787326698271,-4.787873266982714,188.21212673301727,0.9303965504442943,false,false,neither,false,58,64,false,false,false,false,false
2022,11,17,PV,PSDB,"PV, SOLIDARIEDADE, CIDADANIA, AVANTE, MDB, PMN, PSDB",7,17980255,109413508,0.16433304560530132,77,0.15009746588693956,84.30285239551958,-7.302852395519579,172.69714760448042,0.9133736025768483,false,false,neither,false,71,64,false,false,false,false,false
2022,11,18,PV,PSD,"PV, SOLIDARIEDADE, CIDADANIA, AVANTE, MDB, PMN, PSDB, PSD",8,26274211,109413508,0.24013681199217193,119,0.23196881091617932,123.1901845519842,-4.190184551984203,133.8098154480158,0.9659860518334071,false,false,neither,false,113,77,false,false,false,false,false
2022,11,19,PV,PMB,"PV, SOLIDARIEDADE, CIDADANIA, AVANTE, MDB, PMN, PSDB, PSD, PMB",9,26357266,109413508,0.2408959047360039,119,0.23196881091617932,123.57959912957,-4.579599129569999,133.42040087043,0.9629421104953706,false,false,neither,false,113,119,false,false,false,false,false
2022,11,20,PV,PODE,"PV, SOLIDARIEDADE, CIDADANIA, AVANTE, MDB, PMN, PSDB, PSD, PMB, PODE",10,29969332,109413508,0.27390888518079504,131,0.2553606237816764,140.51525809774785,-9.515258097747846,116.48474190225215,0.9322830970347101,false,false,neither,false,125,119,false,false,false,false,false
2022,11,21,PV,PROS,"PV, SOLIDARIEDADE, CIDADANIA, AVANTE, MDB, PMN, PSDB, PSD, PMB, PODE, PROS",11,30768993,109413508,0.2812174983001185,134,0.26120857699805067,144.2645766279608,-10.264576627960793,112.73542337203921,0.9288489463741901,false,false,neither,false,128,131,false,false,false,false,false
2022,11,22,PV,PRTB,"PV, SOLIDARIEDADE, CIDADANIA, AVANTE, MDB, PMN, PSDB, PSD, PMB, PODE, PROS, PRTB",12,31007840,109413508,0.283400473733097,134,0.26120857699805067,145.38444302507878,-11.384443025078781,111.61555697492122,0.9216942144001269,false,false,neither,false,128,134,false,false,false,false,false
2022,11,23,PV,AGIR,"PV, SOLIDARIEDADE, CIDADANIA, AVANTE, MDB, PMN, PSDB, PSD, PMB, PODE, PROS, PRTB, AGIR",13,31166708,109413508,0.28485246995279595,134,0.26120857699805067,146.12931708578432,-12.129317085784322,110.87068291421568,0.9169960051297312,false,false,neither,false,128,134,false,false,false,false,false
2022,11,24,PV,PTB,"PV, SOLIDARIEDADE, CIDADANIA, AVANTE, MDB, PMN, PSDB, PSD, PMB, PODE, PROS, PRTB, AGIR, PTB",14,32589360,109413508,0.2978549961125458,135,0.2631578947368421,152.79961300573598,-17.799613005735978,104.20038699426402,0.8835100910558733,false,false,neither,false,129,134,false,false,false,false,false
2022,11,25,PV,PP,"PV, SOLIDARIEDADE, CIDADANIA, AVANTE, MDB, PMN, PSDB, PSD, PMB, PODE, PROS, PRTB, AGIR, PTB, PP",15,41282278,109413508,0.37730513128232757,182,0.35477582846003897,193.55753234783404,-11.55753234783404,63.44246765216596,0.940288904246493,false,false,neither,false,176,135,false,false,false,false,false
2022,11,26,PV,DC,"PV, SOLIDARIEDADE, CIDADANIA, AVANTE, MDB, PMN, PSDB, PSD, PMB, PODE, PROS, PRTB, AGIR, PTB, PP, DC",16,41380019,109413508,0.3781984487692324,182,0.35477582846003897,194.01580421861624,-12.015804218616239,62.98419578138376,0.9380679101529437,false,false,neither,false,176,182,false,false,false,false,false
2022,11,27,PV,REPUBLICANOS,"PV, SOLIDARIEDADE, CIDADANIA, AVANTE, MDB, PMN, PSDB, PSD, PMB, PODE, PROS, PRTB, AGIR, PTB, PP, DC, REPUBLICANOS",17,48990913,109413508,0.4477592748420058,222,0.4327485380116959,229.70050799394897,-7.700507993948975,27.299492006051025,0.9664758773883433,false,false,neither,false,216,182,false,false,false,false,false
2022,11,28,PV,PSC,"PV, SOLIDARIEDADE, CIDADANIA, AVANTE, MDB, PMN, PSDB, PSD, PMB, PODE, PROS, PRTB, AGIR, PTB, PP, DC, REPUBLICANOS, PSC",18,50935591,109413508,0.46553293035810533,228,0.4444444444444444,238.81839327370804,-10.81839327370804,18.18160672629196,0.9547003347379983,false,false,neither,false,222,222,false,false,false,false,false
2022,11,29,PV,UNIÃO,"PV, SOLIDARIEDADE, CIDADANIA, AVANTE, MDB, PMN, PSDB, PSD, PMB, PODE, PROS, PRTB, AGIR, PTB, PP, DC, REPUBLICANOS, PSC, UNIÃO",19,61151024,109413508,0.5588983034891816,287,0.5594541910331384,286.71482968995014,0.28517031004986393,-29.714829689950136,1.0009946130458556,true,true,votes+seats,false,281,228,false,false,false,false,true
2022,11,30,PV,PATRIOTA,"PV, SOLIDARIEDADE, CIDADANIA, AVANTE, MDB, PMN, PSDB, PSD, PMB, PODE, PROS, PRTB, AGIR, PTB, PP, DC, REPUBLICANOS, PSC, UNIÃO, PATRIOTA",20,62677594,109413508,0.5728506026879241,291,0.5672514619883041,293.87235917890507,-2.8723591789050715,-36.87235917890507,0.9902258273390169,true,true,votes+seats,false,285,287,false,false,false,false,false
2022,11,31,PV,NOVO,"PV, SOLIDARIEDADE, CIDADANIA, AVANTE, MDB, PMN, PSDB, PSD, PMB, PODE, PROS, PRTB, AGIR, PTB, PP, DC, REPUBLICANOS, PSC, UNIÃO, PATRIOTA, NOVO",21,64032348,109413508,0.5852325656170352,294,0.5730994152046783,300.22430616153906,-6.224306161539062,-43.22430616153906,0.9792678139850876,true,true,votes+seats,false,288,291,false,false,false,false,false
2022,11,32,PV,PL,"PV, SOLIDARIEDADE, CIDADANIA, AVANTE, MDB, PMN, PSDB, PSD, PMB, PODE, PROS, PRTB, AGIR, PTB, PP, DC, REPUBLICANOS, PSC, UNIÃO, PATRIOTA, NOVO, PL",22,82208269,109413508,0.7513539278897812,393,0.7660818713450293,385.44456500745775,7.555434992542246,-128.44456500745775,1.0196018719122322,true,true,votes+seats,false,387,294,false,false,false,false,false
2022,12,12,SOLIDARIEDADE,SOLIDARIEDADE,SOLIDARIEDADE,1,1702519,109413508,0.015560409597688797,4,0.007797270955165692,7.982490123614353,-3.982490123614353,249.01750987638565,0.501096767807695,false,false,neither,false,0,0,false,false,false,false,false
2022,12,13,SOLIDARIEDADE,CIDADANIA,"SOLIDARIEDADE, CIDADANIA",2,3316625,109413508,0.030312756264062022,9,0.017543859649122806,15.550443963463817,-6.550443963463817,241.4495560365362,0.578761610996171,false,false,neither,false,5,4,false,false,false,false,false
2022,12,14,SOLIDARIEDADE,AVANTE,"SOLIDARIEDADE, CIDADANIA, AVANTE",3,5509143,109413508,0.05035157998955668,16,0.031189083820662766,25.830360534642576,-9.830360534642576,231.16963946535742,0.6194261198383771,false,false,neither,false,12,9,false,false,false,false,false
2022,12,15,SOLIDARIEDADE,MDB,"SOLIDARIEDADE, CIDADANIA, AVANTE, MDB",4,13460038,109413508,0.12301989257121708,58,0.11306042884990253,63.10920488903436,-5.109204889034359,193.89079511096566,0.9190418434518716,false,false,neither,false,54,16,false,false,false,false,false
2022,12,16,SOLIDARIEDADE,PMN,"SOLIDARIEDADE, CIDADANIA, AVANTE, MDB, PMN",5,13716616,109413508,0.12536492294900187,58,0.11306042884990253,64.31220547283796,-6.3122054728379595,192.68779452716205,0.9018505830047471,false,false,neither,false,54,58,false,false,false,false,false
2022,12,17,SOLIDARIEDADE,PSDB,"SOLIDARIEDADE, CIDADANIA, AVANTE, MDB, PMN, PSDB",6,17025677,109413508,0.15560854698123747,71,0.13840155945419103,79.82718460137482,-8.827184601374825,177.17281539862518,0.8894213212522242,false,false,neither,false,67,58,false,false,false,false,false
2022,12,18,SOLIDARIEDADE,PSD,"SOLIDARIEDADE, CIDADANIA, AVANTE, MDB, PMN, PSDB, PSD",7,25319633,109413508,0.23141231336810808,113,0.2202729044834308,118.71451675783945,-5.714516757839448,138.28548324216055,0.9518633700923347,false,false,neither,false,109,71,false,false,false,false,false
2022,12,19,SOLIDARIEDADE,PMB,"SOLIDARIEDADE, CIDADANIA, AVANTE, MDB, PMN, PSDB, PSD, PMB",8,25402688,109413508,0.23217140611194004,113,0.2202729044834308,119.10393133542524,-6.103931335425244,137.89606866457476,0.9487512186458807,false,false,neither,false,109,113,false,false,false,false,false
2022,12,20,SOLIDARIEDADE,PODE,"SOLIDARIEDADE, CIDADANIA, AVANTE, MDB, PMN, PSDB, PSD, PMB, PODE",9,29014754,109413508,0.2651843865567312,125,0.24366471734892786,136.03959030360312,-11.03959030360312,120.96040969639688,0.9188501650220662,false,false,neither,false,121,113,false,false,false,false,false
2022,12,21,SOLIDARIEDADE,PROS,"SOLIDARIEDADE, CIDADANIA, AVANTE, MDB, PMN, PSDB, PSD, PMB, PODE, PROS",10,29814415,109413508,0.2724929996760546,128,0.24951267056530213,139.788908833816,-11.78890883381601,117.21109116618399,0.91566635055553,false,false,neither,false,124,125,false,false,false,false,false
2022,12,22,SOLIDARIEDADE,PRTB,"SOLIDARIEDADE, CIDADANIA, AVANTE, MDB, PMN, PSDB, PSD, PMB, PODE, PROS, PRTB",11,30053262,109413508,0.27467597510903313,128,0.24951267056530213,140.908775230934,-12.908775230933998,116.091224769066,0.9083891318352747,false,false,neither,false,124,128,false,false,false,false,false
2022,12,23,SOLIDARIEDADE,AGIR,"SOLIDARIEDADE, CIDADANIA, AVANTE, MDB, PMN, PSDB, PSD, PMB, PODE, PROS, PRTB, AGIR",12,30212130,109413508,0.2761279713287321,128,0.24951267056530213,141.65364929163957,-13.653649291639567,115.34635070836043,0.9036124423202883,false,false,neither,false,124,128,false,false,false,false,false
2022,12,24,SOLIDARIEDADE,PTB,"SOLIDARIEDADE, CIDADANIA, AVANTE, MDB, PMN, PSDB, PSD, PMB, PODE, PROS, PRTB, AGIR, PTB",13,31634782,109413508,0.28913049748848196,129,0.25146198830409355,148.32394521159125,-19.32394521159125,108.67605478840875,0.8697179664144942,false,false,neither,false,125,128,false,false,false,false,false
2022,12,25,SOLIDARIEDADE,PP,"SOLIDARIEDADE, CIDADANIA, AVANTE, MDB, PMN, PSDB, PSD, PMB, PODE, PROS, PRTB, AGIR, PTB, PP",14,40327700,109413508,0.36858063265826374,176,0.34307992202729043,189.0818645536893,-13.081864553689286,67.91813544631071,0.9308137531615321,false,false,neither,false,172,129,false,false,false,false,false
2022,12,26,SOLIDARIEDADE,DC,"SOLIDARIEDADE, CIDADANIA, AVANTE, MDB, PMN, PSDB, PSD, PMB, PODE, PROS, PRTB, AGIR, PTB, PP, DC",15,40425441,109413508,0.36947395014516854,176,0.34307992202729043,189.54013642447146,-13.540136424471456,67.45986357552854,0.9285632231785009,false,false,neither,false,172,176,false,false,false,false,false
2022,12,27,SOLIDARIEDADE,REPUBLICANOS,"SOLIDARIEDADE, CIDADANIA, AVANTE, MDB, PMN, PSDB, PSD, PMB, PODE, PROS, PRTB, AGIR, PTB, PP, DC, REPUBLICANOS",16,48036335,109413508,0.43903477621794196,216,0.42105263157894735,225.22484019980422,-9.22484019980422,31.77515980019578,0.9590416394940249,false,false,neither,false,212,176,false,false,false,false,false
2022,12,28,SOLIDARIEDADE,PSC,"SOLIDARIEDADE, CIDADANIA, AVANTE, MDB, PMN, PSDB, PSD, PMB, PODE, PROS, PRTB, AGIR, PTB, PP, DC, REPUBLICANOS, PSC",17,49981013,109413508,0.45680843173404145,222,0.4327485380116959,234.34272547956326,-12.342725479563256,22.657274520436744,0.947330451780379,false,false,neither,false,218,216,false,false,false,false,false
2022,12,29,SOLIDARIEDADE,UNIÃO,"SOLIDARIEDADE, CIDADANIA, AVANTE, MDB, PMN, PSDB, PSD, PMB, PODE, PROS, PRTB, AGIR, PTB, PP, DC, REPUBLICANOS, PSC, UNIÃO",18,60196446,109413508,0.5501738048651178,281,0.5477582846003899,282.2391618958054,-1.2391618958054096,-25.23916189580541,0.9956095323998203,true,true,votes+seats,false,277,222,false,false,false,false,true
2022,12,30,SOLIDARIEDADE,PATRIOTA,"SOLIDARIEDADE, CIDADANIA, AVANTE, MDB, PMN, PSDB, PSD, PMB, PODE, PROS, PRTB, AGIR, PTB, PP, DC, REPUBLICANOS, PSC, UNIÃO, PATRIOTA",19,61723016,109413508,0.5641261040638602,285,0.5555555555555556,289.3966913847603,-4.396691384760288,-32.39669138476029,0.984807388903715,true,true,votes+seats,false,281,281,false,false,false,false,false
2022,12,31,SOLIDARIEDADE,NOVO,"SOLIDARIEDADE, CIDADANIA, AVANTE, MDB, PMN, PSDB, PSD, PMB, PODE, PROS, PRTB, AGIR, PTB, PP, DC, REPUBLICANOS, PSC, UNIÃO, PATRIOTA, NOVO",20,63077770,109413508,0.5765080669929713,288,0.5614035087719298,295.7486383673943,-7.748638367394278,-38.74863836739428,0.9737999187074243,true,true,votes+seats,false,284,285,false,false,false,false,false
2022,12,32,SOLIDARIEDADE,PL,"SOLIDARIEDADE, CIDADANIA, AVANTE, MDB, PMN, PSDB, PSD, PMB, PODE, PROS, PRTB, AGIR, PTB, PP, DC, REPUBLICANOS, PSC, UNIÃO, PATRIOTA, NOVO, PL",21,81253691,109413508,0.7426294292657174,387,0.7543859649122807,380.968897213313,6.031102786686972,-123.96889721331303,1.0158309584609213,true,true,votes+seats,false,383,288,false,false,false,false,false
2022,13,13,CIDADANIA,CIDADANIA,CIDADANIA,1,1614106,109413508,0.014752346666373223,5,0.009746588693957114,7.567953839849464,-2.567953839849464,249.43204616015055,0.6606805625150928,false,false,neither,false,0,0,false,false,false,false,false
2022,13,14,CIDADANIA,AVANTE,"CIDADANIA, AVANTE",2,3806624,109413508,0.03479117039186789,12,0.023391812865497075,17.847870411028225,-5.847870411028225,239.15212958897177,0.6723491219762097,false,false,neither,false,7,5,false,false,false,false,false
2022,13,15,CIDADANIA,MDB,"CIDADANIA, AVANTE, MDB",3,11757519,109413508,0.10745948297352828,54,0.10526315789473684,55.12671476542001,-1.1267147654200116,201.87328523457998,0.979561365660651,false,false,neither,false,49,12,false,false,false,false,false
2022,13,16,CIDADANIA,PMN,"CIDADANIA, AVANTE, MDB, PMN",4,12014097,109413508,0.10980451335131308,54,0.10526315789473684,56.32971534922361,-2.329715349223612,200.67028465077638,0.9586414499917099,false,false,neither,false,49,54,false,false,false,false,false
2022,13,17,CIDADANIA,PSDB,"CIDADANIA, AVANTE, MDB, PMN, PSDB",5,15323158,109413508,0.14004813738354865,67,0.13060428849902533,71.84469447776046,-4.844694477760456,185.15530552223953,0.932567122555443,false,false,neither,false,62,54,false,false,false,false,false
2022,13,18,CIDADANIA,PSD,"CIDADANIA, AVANTE, MDB, PMN, PSDB, PSD",6,23617114,109413508,0.21585190377041927,109,0.2124756335282651,110.73202663422508,-1.732026634225079,146.26797336577494,0.9843583948847393,false,false,neither,false,104,67,false,false,false,false,false
2022,13,19,CIDADANIA,PMB,"CIDADANIA, AVANTE, MDB, PMN, PSDB, PSD, PMB",7,23700169,109413508,0.21661099651425123,109,0.2124756335282651,111.12144121181088,-2.1214412118108754,145.87855878818914,0.9809088040194948,false,false,neither,false,104,109,false,false,false,false,false
2022,13,20,CIDADANIA,PODE,"CIDADANIA, AVANTE, MDB, PMN, PSDB, PSD, PMB, PODE",8,27312235,109413508,0.2496239769590424,121,0.23586744639376217,128.05710017998874,-7.057100179988737,128.94289982001126,0.9448909887068367,false,false,neither,false,116,109,false,false,false,false,false
2022,13,21,CIDADANIA,PROS,"CIDADANIA, AVANTE, MDB, PMN, PSDB, PSD, PMB, PODE, PROS",9,28111896,109413508,0.25693259007836583,124,0.24171539961013644,131.80641871020168,-7.806418710201683,125.19358128979832,0.9407736073357292,false,false,neither,false,119,121,false,false,false,false,false
2022,13,22,CIDADANIA,PRTB,"CIDADANIA, AVANTE, MDB, PMN, PSDB, PSD, PMB, PODE, PROS, PRTB",10,28350743,109413508,0.25911556551134435,124,0.24171539961013644,132.92628510731964,-8.926285107319643,124.07371489268036,0.93284785548537,false,false,neither,false,119,124,false,false,false,false,false
2022,13,23,CIDADANIA,AGIR,"CIDADANIA, AVANTE, MDB, PMN, PSDB, PSD, PMB, PODE, PROS, PRTB, AGIR",11,28509611,109413508,0.2605675617310433,124,0.24171539961013644,133.6711591680252,-9.671159168025213,123.32884083197479,0.9276496199463002,false,false,neither,false,119,124,false,false,false,false,false
2022,13,24,CIDADANIA,PTB,"CIDADANIA, AVANTE, MDB, PMN, PSDB, PSD, PMB, PODE, PROS, PRTB, AGIR, PTB",12,29932263,109413508,0.2735700878907932,125,0.24366471734892786,140.3414550879769,-15.341455087976897,116.6585449120231,0.8906847938952914,false,false,neither,false,120,124,false,false,false,false,false
2022,13,25,CIDADANIA,PP,"CIDADANIA, AVANTE, MDB, PMN, PSDB, PSD, PMB, PODE, PROS, PRTB, AGIR, PTB, PP",13,38625181,109413508,0.35302022306057496,172,0.33528265107212474,181.09937443007496,-9.09937443007496,75.90062556992504,0.9497547992161157,false,false,neither,false,167,125,false,false,false,false,false
2022,13,26,CIDADANIA,DC,"CIDADANIA, AVANTE, MDB, PMN, PSDB, PSD, PMB, PODE, PROS, PRTB, AGIR, PTB, PP, DC",14,38722922,109413508,0.35391354054747975,172,0.33528265107212474,181.5576463008571,-9.557646300857101,75.4423536991429,0.9473575115364778,false,false,neither,false,167,172,false,false,false,false,false
2022,13,27,CIDADANIA,REPUBLICANOS,"CIDADANIA, AVANTE, MDB, PMN, PSDB, PSD, PMB, PODE, PROS, PRTB, AGIR, PTB, PP, DC, REPUBLICANOS",15,46333816,109413508,0.4234743666202531,212,0.41325536062378165,217.24235007618984,-5.242350076189837,39.75764992381016,0.9758686551017733,false,false,neither,false,207,172,false,false,false,false,false
2022,13,28,CIDADANIA,PSC,"CIDADANIA, AVANTE, MDB, PMN, PSDB, PSD, PMB, PODE, PROS, PRTB, AGIR, PTB, PP, DC, REPUBLICANOS, PSC",16,48278494,109413508,0.44124802213635267,218,0.4249512670565302,226.36023535594893,-8.36023535594893,30.63976464405107,0.9630666784614244,false,false,neither,false,213,212,false,false,false,false,false
2022,13,29,CIDADANIA,UNIÃO,"CIDADANIA, AVANTE, MDB, PMN, PSDB, PSD, PMB, PODE, PROS, PRTB, AGIR, PTB, PP, DC, REPUBLICANOS, PSC, UNIÃO",17,58493927,109413508,0.5346133952674289,277,0.5399610136452242,274.25667177219105,2.743328227808945,-17.256671772191055,1.0100027766328605,true,true,votes+seats,false,272,218,false,false,false,false,true
2022,13,30,CIDADANIA,PATRIOTA,"CIDADANIA, AVANTE, MDB, PMN, PSDB, PSD, PMB, PODE, PROS, PRTB, AGIR, PTB, PP, DC, REPUBLICANOS, PSC, UNIÃO, PATRIOTA",18,60020497,109413508,0.5485656944661714,281,0.5477582846003899,281.41420126114593,-0.4142012611459336,-24.414201261145934,0.9985281437138221,true,true,votes+seats,false,276,277,false,false,false,false,false
2022,13,31,CIDADANIA,NOVO,"CIDADANIA, AVANTE, MDB, PMN, PSDB, PSD, PMB, PODE, PROS, PRTB, AGIR, PTB, PP, DC, REPUBLICANOS, PSC, UNIÃO, PATRIOTA, NOVO",19,61375251,109413508,0.5609476573952825,284,0.5536062378167641,287.7661482437799,-3.7661482437799236,-30.766148243779924,0.9869124694938425,true,true,votes+seats,false,279,281,false,false,false,false,false
2022,13,32,CIDADANIA,PL,"CIDADANIA, AVANTE, MDB, PMN, PSDB, PSD, PMB, PODE, PROS, PRTB, AGIR, PTB, PP, DC, REPUBLICANOS, PSC, UNIÃO, PATRIOTA, NOVO, PL",20,79551172,109413508,0.7270690196680285,383,0.746588693957115,372.9864070896986,10.013592910301384,-115.98640708969862,1.0268470719574863,true,true,votes+seats,false,378,284,false,false,false,false,false
2022,14,14,AVANTE,AVANTE,AVANTE,1,2192518,109413508,0.02003882372549466,7,0.01364522417153996,10.279916571178761,-3.2799165711787612,246.72008342882123,0.6809393784017194,false,false,neither,false,0,0,false,false,false,false,false
2022,14,15,AVANTE,MDB,"AVANTE, MDB",2,10143413,109413508,0.09270713630715506,49,0.09551656920077972,47.558760925570546,1.441239074429454,209.44123907442946,1.0303043865395272,false,false,neither,false,42,7,false,false,false,false,false
2022,14,16,AVANTE,PMN,"AVANTE, MDB, PMN",3,10399991,109413508,0.09505216668493985,49,0.09551656920077972,48.76176150937414,0.23823849062586078,208.23823849062586,1.0048857646494183,false,false,neither,false,42,49,false,false,false,false,false
2022,14,17,AVANTE,PSDB,"AVANTE, MDB, PMN, PSDB",4,13709052,109413508,0.12529579071717542,62,0.12085769980506822,64.27674063791099,-2.27674063791099,192.723259362089,0.9645790901138483,false,false,neither,false,55,49,false,false,false,false,false
2022,14,18,AVANTE,PSD,"AVANTE, MDB, PMN, PSDB, PSD",5,22003008,109413508,0.20109955710404606,104,0.20272904483430798,103.16407279437563,0.8359272056243725,153.8359272056244,1.0081028906961682,false,false,neither,false,97,62,false,false,false,false,false
2022,14,19,AVANTE,PMB,"AVANTE, MDB, PMN, PSDB, PSD, PMB",6,22086063,109413508,0.20185864984787802,104,0.20272904483430798,103.55348737196142,0.44651262803857605,153.4465126280386,1.0043119033397176,false,false,neither,false,97,104,false,false,false,false,false
2022,14,20,AVANTE,PODE,"AVANTE, MDB, PMN, PSDB, PSD, PMB, PODE",7,25698129,109413508,0.23487163029266916,116,0.22612085769980506,120.48914634013929,-4.4891463401392855,136.51085365986071,0.9627423176568412,false,false,neither,false,109,104,false,false,false,false,false
2022,14,21,AVANTE,PROS,"AVANTE, MDB, PMN, PSDB, PSD, PMB, PODE, PROS",8,26497790,109413508,0.2421802434119926,119,0.23196881091617932,124.2384648703522,-5.238464870352203,132.7615351296478,0.9578354024591438,false,false,neither,false,112,116,false,false,false,false,false
2022,14,22,AVANTE,PRTB,"AVANTE, MDB, PMN, PSDB, PSD, PMB, PODE, PROS, PRTB",9,26736637,109413508,0.24436321884497114,119,0.23196881091617932,125.35833126747019,-6.3583312674701915,131.6416687325298,0.9492787499388152,false,false,neither,false,112,119,false,false,false,false,false
2022,14,23,AVANTE,AGIR,"AVANTE, MDB, PMN, PSDB, PSD, PMB, PODE, PROS, PRTB, AGIR",10,26895505,109413508,0.24581521506467008,119,0.23196881091617932,126.10320532817575,-7.103205328175747,130.89679467182424,0.9436714926500869,false,false,neither,false,112,119,false,false,false,false,false
2022,14,24,AVANTE,PTB,"AVANTE, MDB, PMN, PSDB, PSD, PMB, PODE, PROS, PRTB, AGIR, PTB",11,28318157,109413508,0.2588177412244199,120,0.23391812865497075,132.77350124812742,-12.773501248127417,124.22649875187258,0.9037947999559319,false,false,neither,false,113,119,false,false,false,false,false
2022,14,25,AVANTE,PP,"AVANTE, MDB, PMN, PSDB, PSD, PMB, PODE, PROS, PRTB, AGIR, PTB, PP",12,37011075,109413508,0.3382678763942017,167,0.3255360623781676,173.53142059022548,-6.53142059022548,83.46857940977452,0.9623617407844043,false,false,neither,false,160,120,false,false,false,false,false
2022,14,26,AVANTE,DC,"AVANTE, MDB, PMN, PSDB, PSD, PMB, PODE, PROS, PRTB, AGIR, PTB, PP, DC",13,37108816,109413508,0.33916119388110655,167,0.3255360623781676,173.98969246100765,-6.98969246100765,83.01030753899235,0.9598269738733282,false,false,neither,false,160,167,false,false,false,false,false
2022,14,27,AVANTE,REPUBLICANOS,"AVANTE, MDB, PMN, PSDB, PSD, PMB, PODE, PROS, PRTB, AGIR, PTB, PP, DC, REPUBLICANOS",14,44719710,109413508,0.4087220199538799,207,0.40350877192982454,209.67439623634039,-2.6743962363403853,47.325603763659615,0.9872450032796285,false,false,neither,false,200,167,false,false,false,false,false
2022,14,28,AVANTE,PSC,"AVANTE, MDB, PMN, PSDB, PSD, PMB, PODE, PROS, PRTB, AGIR, PTB, PP, DC, REPUBLICANOS, PSC",15,46664388,109413508,0.42649567546997946,213,0.4152046783625731,218.79228151609945,-5.79228151609945,38.20771848390055,0.9735261158393596,false,false,neither,false,206,207,false,false,false,false,false
2022,14,29,AVANTE,UNIÃO,"AVANTE, MDB, PMN, PSDB, PSD, PMB, PODE, PROS, PRTB, AGIR, PTB, PP, DC, REPUBLICANOS, PSC, UNIÃO",16,56879821,109413508,0.5198610486010558,272,0.530214424951267,266.6887179323416,5.3112820676583965,-9.688717932341604,1.0199156608829845,true,true,votes+seats,false,265,213,false,false,false,false,true
2022,14,30,AVANTE,PATRIOTA,"AVANTE, MDB, PMN, PSDB, PSD, PMB, PODE, PROS, PRTB, AGIR, PTB, PP, DC, REPUBLICANOS, PSC, UNIÃO, PATRIOTA",17,58406391,109413508,0.5338133477997982,276,0.5380116959064327,273.8462474212965,2.153752578703518,-16.846247421296482,1.0078648241448789,true,true,votes+seats,false,269,272,false,false,false,false,false
2022,14,31,AVANTE,NOVO,"AVANTE, MDB, PMN, PSDB, PSD, PMB, PODE, PROS, PRTB, AGIR, PTB, PP, DC, REPUBLICANOS, PSC, UNIÃO, PATRIOTA, NOVO",18,59761145,109413508,0.5461953107289093,279,0.543859649122807,280.1981944039305,-1.1981944039304722,-23.198194403930472,0.995723761152425,true,true,votes+seats,false,272,276,false,false,false,false,false
2022,14,32,AVANTE,PL,"AVANTE, MDB, PMN, PSDB, PSD, PMB, PODE, PROS, PRTB, AGIR, PTB, PP, DC, REPUBLICANOS, PSC, UNIÃO, PATRIOTA, NOVO, PL",19,77937066,109413508,0.7123166730016554,378,0.7368421052631579,365.4184532498492,12.581546750150778,-108.41845324984922,1.0344305183229165,true,true,votes+seats,false,371,279,false,false,false,false,false
2022,15,15,MDB,MDB,MDB,1,7950895,109413508,0.0726683125816604,42,0.08187134502923976,37.27884435439179,4.7211556456082135,219.7211556456082,1.1266443669961035,false,false,neither,false,0,0,false,false,false,false,false
2022,15,16,MDB,PMN,"MDB, PMN",2,8207473,109413508,0.07501334295944519,42,0.08187134502923976,38.48184493819538,3.5181550618046202,218.51815506180463,1.0914237627498118,false,false,neither,false,0,42,false,false,false,false,false
2022,15,17,MDB,PSDB,"MDB, PMN, PSDB",3,11516534,109413508,0.10525696699168077,55,0.10721247563352826,53.99682406673224,1.0031759332677623,203.00317593326776,1.0185784247612042,false,false,neither,false,13,42,false,false,false,false,false
2022,15,18,MDB,PSD,"MDB, PMN, PSDB, PSD",4,19810490,109413508,0.1810607333785514,97,0.18908382066276802,92.88415622319687,4.115843776803132,164.11584377680313,1.0443115806199814,false,false,neither,false,55,55,false,false,false,false,false
2022,15,19,MDB,PMB,"MDB, PMN, PSDB, PSD, PMB",5,19893545,109413508,0.18181982612238334,97,0.18908382066276802,93.27357080078265,3.7264291992173497,163.72642919921736,1.0399516086628269,false,false,neither,false,55,97,false,false,false,false,false
2022,15,20,MDB,PODE,"MDB, PMN, PSDB, PSD, PMB, PODE",6,23505611,109413508,0.2148328065671745,109,0.2124756335282651,110.20922976896051,-1.2092297689605118,146.7907702310395,0.9890278720621176,false,false,neither,false,67,97,false,false,false,false,false
2022,15,21,MDB,PROS,"MDB, PMN, PSDB, PSD, PMB, PODE, PROS",7,24305272,109413508,0.22214141968649795,112,0.21832358674463936,113.95854829917344,-1.9585482991734438,143.04145170082654,0.9828135025550545,false,false,neither,false,70,109,false,false,false,false,false
2022,15,22,MDB,PRTB,"MDB, PMN, PSDB, PSD, PMB, PODE, PROS, PRTB",8,24544119,109413508,0.22432439511947647,112,0.21832358674463936,115.07841469629143,-3.078414696291432,141.92158530370858,0.973249416891814,false,false,neither,false,70,112,false,false,false,false,false
2022,15,23,MDB,AGIR,"MDB, PMN, PSDB, PSD, PMB, PODE, PROS, PRTB, AGIR",9,24702987,109413508,0.2257763913391754,112,0.21832358674463936,115.82328875699699,-3.8232887569969876,141.176711243003,0.9669903281280638,false,false,neither,false,70,112,false,false,false,false,false
2022,15,24,MDB,PTB,"MDB, PMN, PSDB, PSD, PMB, PODE, PROS, PRTB, AGIR, PTB",10,26125639,109413508,0.23877891749892527,113,0.2202729044834308,122.49358467694866,-9.493584676948657,134.50641532305133,0.9224972907602793,false,false,neither,false,71,112,false,false,false,false,false
2022,15,25,MDB,PP,"MDB, PMN, PSDB, PSD, PMB, PODE, PROS, PRTB, AGIR, PTB, PP",11,34818557,109413508,0.31822905266870705,160,0.31189083820662766,163.2515040190467,-3.251504019046706,93.7484959809533,0.980082854129985,false,false,neither,false,118,113,false,false,false,false,false
2022,15,26,MDB,DC,"MDB, PMN, PSDB, PSD, PMB, PODE, PROS, PRTB, AGIR, PTB, PP, DC",12,34916298,109413508,0.31912237015561185,160,0.31189083820662766,163.70977588982888,-3.709775889828876,93.29022411017112,0.97733931361359,false,false,neither,false,118,160,false,false,false,false,false
2022,15,27,MDB,REPUBLICANOS,"MDB, PMN, PSDB, PSD, PMB, PODE, PROS, PRTB, AGIR, PTB, PP, DC, REPUBLICANOS",13,42527192,109413508,0.38868319622838526,200,0.3898635477582846,199.39447966516164,0.60552033483836,57.60552033483836,1.0030367958824897,false,false,neither,false,158,160,false,false,false,false,false
2022,15,28,MDB,PSC,"MDB, PMN, PSDB, PSD, PMB, PODE, PROS, PRTB, AGIR, PTB, PP, DC, REPUBLICANOS, PSC",14,44471870,109413508,0.40645685174448476,206,0.4015594541910331,208.51236494492068,-2.5123649449206766,48.48763505507932,0.9879510025912165,false,false,neither,false,164,200,false,false,false,false,false
2022,15,29,MDB,UNIÃO,"MDB, PMN, PSDB, PSD, PMB, PODE, PROS, PRTB, AGIR, PTB, PP, DC, REPUBLICANOS, PSC, UNIÃO",15,54687303,109413508,0.49982222487556105,265,0.5165692007797271,256.40880136116283,8.59119863883717,0.5911986388371702,1.0335058648269102,false,true,seats_only,true,223,206,true,true,true,true,true
2022,15,30,MDB,PATRIOTA,"MDB, PMN, PSDB, PSD, PMB, PODE, PROS, PRTB, AGIR, PTB, PP, DC, REPUBLICANOS, PSC, UNIÃO, PATRIOTA",16,56213873,109413508,0.5137745240743035,269,0.5243664717348928,263.56633085011765,5.433669149882348,-6.566330850117652,1.0206159456420567,true,true,votes+seats,false,227,265,false,false,false,false,false
2022,15,31,MDB,NOVO,"MDB, PMN, PSDB, PSD, PMB, PODE, PROS, PRTB, AGIR, PTB, PP, DC, REPUBLICANOS, PSC, UNIÃO, PATRIOTA, NOVO",17,57568627,109413508,0.5261564870034146,272,0.530214424951267,269.91827783275164,2.0817221672483583,-12.918277832751642,1.0077124164542064,true,true,votes+seats,false,230,269,false,false,false,false,false
2022,15,32,MDB,PL,"MDB, PMN, PSDB, PSD, PMB, PODE, PROS, PRTB, AGIR, PTB, PP, DC, REPUBLICANOS, PSC, UNIÃO, PATRIOTA, NOVO, PL",18,75744548,109413508,0.6922778492761607,371,0.723196881091618,355.1385366786704,15.861463321329609,-98.13853667867039,1.0446627489927434,true,true,votes+seats,false,329,272,false,false,false,false,false
2022,16,16,PMN,PMN,PMN,1,256578,109413508,0.002345030377784798,0,0.0,1.2030005838036013,-1.2030005838036013,255.7969994161964,0.0,false,false,neither,false,0,0,false,false,false,false,false
2022,16,17,PMN,PSDB,"PMN, PSDB",2,3565639,109413508,0.03258865441002038,13,0.025341130604288498,16.717979712340455,-3.7179797123404548,240.28202028765955,0.7776059203136841,false,false,neither,false,13,0,false,false,false,false,false
2022,16,18,PMN,PSD,"PMN, PSDB, PSD",3,11859595,109413508,0.108392420796891,55,0.10721247563352826,55.60531186880508,-0.6053118688050816,201.39468813119493,0.9891141358898723,false,false,neither,false,55,13,false,false,false,false,false
2022,16,19,PMN,PMB,"PMN, PSDB, PSD, PMB",4,11942650,109413508,0.10915151354072296,55,0.10721247563352826,55.99472644639088,-0.994726446390878,201.00527355360913,0.9822353548357232,false,false,neither,false,55,55,false,false,false,false,false
2022,16,20,PMN,PODE,"PMN, PSDB, PSD, PMB, PODE",5,15554716,109413508,0.14216449398551412,67,0.13060428849902533,72.93038541456875,-5.930385414568747,184.06961458543125,0.9186842989947496,false,false,neither,false,67,55,false,false,false,false,false
2022,16,21,PMN,PROS,"PMN, PSDB, PSD, PMB, PODE, PROS",6,16354377,109413508,0.14947310710483755,70,0.1364522417153996,76.67970394478166,-6.679703944781664,180.32029605521834,0.9128882402885667,false,false,neither,false,70,67,false,false,false,false,false
2022,16,22,PMN,PRTB,"PMN, PSDB, PSD, PMB, PODE, PROS, PRTB",7,16593224,109413508,0.15165608253781607,70,0.1364522417153996,77.79957034189964,-7.7995703418996385,179.20042965810035,0.8997478995369321,false,false,neither,false,70,70,false,false,false,false,false
2022,16,23,PMN,AGIR,"PMN, PSDB, PSD, PMB, PODE, PROS, PRTB, AGIR",8,16752092,109413508,0.15310807875751503,70,0.1364522417153996,78.54444440260521,-8.544444402605208,178.45555559739478,0.8912151652788087,false,false,neither,false,70,70,false,false,false,false,false
2022,16,24,PMN,PTB,"PMN, PSDB, PSD, PMB, PODE, PROS, PRTB, AGIR, PTB",9,18174744,109413508,0.16611060491726487,71,0.13840155945419103,85.21474032255688,-14.214740322556878,171.78525967744312,0.8331891845383685,false,false,neither,false,71,70,false,false,false,false,false
2022,16,25,PMN,PP,"PMN, PSDB, PSD, PMB, PODE, PROS, PRTB, AGIR, PTB, PP",10,26867662,109413508,0.24556074008704665,118,0.2300194931773879,125.97265966465493,-7.972659664654927,131.02734033534506,0.9367111904608626,false,false,neither,false,118,71,false,false,false,false,false
2022,16,26,PMN,DC,"PMN, PSDB, PSD, PMB, PODE, PROS, PRTB, AGIR, PTB, PP, DC",11,26965403,109413508,0.24645405757395147,118,0.2300194931773879,126.43093153543711,-8.43093153543711,130.5690684645629,0.933315910647435,false,false,neither,false,118,118,false,false,false,false,false
2022,16,27,PMN,REPUBLICANOS,"PMN, PSDB, PSD, PMB, PODE, PROS, PRTB, AGIR, PTB, PP, DC, REPUBLICANOS",12,34576297,109413508,0.31601488364672486,158,0.3079922027290448,162.11563531076985,-4.1156353107698465,94.88436468923015,0.9746129649809513,false,false,neither,false,158,118,false,false,false,false,false
2022,16,28,PMN,PSC,"PMN, PSDB, PSD, PMB, PODE, PROS, PRTB, AGIR, PTB, PP, DC, REPUBLICANOS, PSC",13,36520975,109413508,0.3337885391628244,164,0.31968810916179335,171.2335205905289,-7.2335205905289115,85.76647940947109,0.957756398597758,false,false,neither,false,164,158,false,false,false,false,false
2022,16,29,PMN,UNIÃO,"PMN, PSDB, PSD, PMB, PODE, PROS, PRTB, AGIR, PTB, PP, DC, REPUBLICANOS, PSC, UNIÃO",14,46736408,109413508,0.42715391229390065,223,0.4346978557504873,219.12995700677104,3.8700429932289637,37.870042993228964,1.017660948991604,false,false,neither,false,223,164,false,false,false,false,false
2022,16,30,PMN,PATRIOTA,"PMN, PSDB, PSD, PMB, PODE, PROS, PRTB, AGIR, PTB, PP, DC, REPUBLICANOS, PSC, UNIÃO, PATRIOTA",15,48262978,109413508,0.4411062114926431,227,0.442495126705653,226.28748649572591,0.7125135042740851,30.712513504274085,1.003148709260543,false,false,neither,false,227,223,false,false,false,false,false
2022,16,31,PMN,NOVO,"PMN, PSDB, PSD, PMB, PODE, PROS, PRTB, AGIR, PTB, PP, DC, REPUBLICANOS, PSC, UNIÃO, PATRIOTA, NOVO",16,49617732,109413508,0.4534881744217542,230,0.44834307992202727,232.6394334783599,-2.639433478359905,24.360566521640095,0.988654402055164,false,false,neither,false,230,227,false,false,false,false,false
2022,16,32,PMN,PL,"PMN, PSDB, PSD, PMB, PODE, PROS, PRTB, AGIR, PTB, PP, DC, REPUBLICANOS, PSC, UNIÃO, PATRIOTA, NOVO, PL",17,67793653,109413508,0.6196095366945003,329,0.6413255360623782,317.8596923242786,11.140307675721374,-60.859692324278626,1.035047877867937,true,true,votes+seats,false,329,230,false,false,false,false,true
2022,17,17,PSDB,PSDB,PSDB,1,3309061,109413508,0.030243624032235582,13,0.025341130604288498,15.514979128536854,-2.5149791285368543,241.48502087146315,0.8378999347855371,false,false,neither,false,0,0,false,false,false,false,false
2022,17,18,PSDB,PSD,"PSDB, PSD",2,11603017,109413508,0.1060473904191062,55,0.10721247563352826,54.40231128500148,0.5976887149985188,202.59768871499853,1.0109864581279895,false,false,neither,false,42,13,false,false,false,false,false
2022,17,19,PSDB,PMB,"PSDB, PSD, PMB",3,11686072,109413508,0.10680648316293816,55,0.10721247563352826,54.79172586258728,0.20827413741272238,202.20827413741273,1.0038011968802563,false,false,neither,false,42,55,false,false,false,false,false
2022,17,20,PSDB,PODE,"PSDB, PSD, PMB, PODE",4,15298138,109413508,0.13981946360772932,67,0.13060428849902533,71.72738483076515,-4.727384830765146,185.27261516923485,0.9340923297019817,false,false,neither,false,54,55,false,false,false,false,false
2022,17,21,PSDB,PROS,"PSDB, PSD, PMB, PODE, PROS",5,16097799,109413508,0.14712807672705275,70,0.1364522417153996,75.47670336097806,-5.476703360978064,181.52329663902194,0.9274384927123148,false,false,neither,false,57,67,false,false,false,false,false
2022,17,22,PSDB,PRTB,"PSDB, PSD, PMB, PODE, PROS, PRTB",6,16336646,109413508,0.1493110521600313,70,0.1364522417153996,76.59656975809605,-6.596569758096052,180.40343024190395,0.913879044728386,false,false,neither,false,57,70,false,false,false,false,false
2022,17,23,PSDB,AGIR,"PSDB, PSD, PMB, PODE, PROS, PRTB, AGIR",7,16495514,109413508,0.15076304837973023,70,0.1364522417153996,77.34144381880161,-7.341443818801608,179.65855618119838,0.9050774920106042,false,false,neither,false,57,70,false,false,false,false,false
2022,17,24,PSDB,PTB,"PSDB, PSD, PMB, PODE, PROS, PRTB, AGIR, PTB",8,17918166,109413508,0.16376557453948007,71,0.13840155945419103,84.01173973875328,-13.011739738753278,172.98826026124672,0.8451199822880091,false,false,neither,false,58,70,false,false,false,false,false
2022,17,25,PSDB,PP,"PSDB, PSD, PMB, PODE, PROS, PRTB, AGIR, PTB, PP",9,26611084,109413508,0.24321570970926185,118,0.2300194931773879,124.76965908085133,-6.769659080851326,132.23034091914866,0.9457427460271848,false,false,neither,false,105,71,false,false,false,false,false
2022,17,26,PSDB,DC,"PSDB, PSD, PMB, PODE, PROS, PRTB, AGIR, PTB, PP, DC",10,26708825,109413508,0.24410902719616667,118,0.2300194931773879,125.2279309516335,-7.227930951633496,131.77206904836652,0.9422817985036811,false,false,neither,false,105,118,false,false,false,false,false
2022,17,27,PSDB,REPUBLICANOS,"PSDB, PSD, PMB, PODE, PROS, PRTB, AGIR, PTB, PP, DC, REPUBLICANOS",11,34319719,109413508,0.3136698532689401,158,0.3079922027290448,160.91263472696627,-2.9126347269662745,96.08736527303373,0.9818992788732321,false,false,neither,false,145,118,false,false,false,false,false
2022,17,28,PSDB,PSC,"PSDB, PSD, PMB, PODE, PROS, PRTB, AGIR, PTB, PP, DC, REPUBLICANOS, PSC",12,36264397,109413508,0.3314435087850396,164,0.31968810916179335,170.0305200067253,-6.030520006725311,86.96947999327469,0.9645327203228763,false,false,neither,false,151,158,false,false,false,false,false
2022,17,29,PSDB,UNIÃO,"PSDB, PSD, PMB, PODE, PROS, PRTB, AGIR, PTB, PP, DC, REPUBLICANOS, PSC, UNIÃO",13,46479830,109413508,0.4248088819161159,223,0.4346978557504873,217.92695642296744,5.073043577032564,39.073043577032564,1.0232786418913062,false,false,neither,false,210,164,false,false,false,false,false
2022,17,30,PSDB,PATRIOTA,"PSDB, PSD, PMB, PODE, PROS, PRTB, AGIR, PTB, PP, DC, REPUBLICANOS, PSC, UNIÃO, PATRIOTA",14,48006400,109413508,0.43876118111485835,227,0.442495126705653,225.08448591192234,1.915514088077657,31.915514088077657,1.0085102004268176,false,false,neither,false,214,223,false,false,false,false,false
2022,17,31,PSDB,NOVO,"PSDB, PSD, PMB, PODE, PROS, PRTB, AGIR, PTB, PP, DC, REPUBLICANOS, PSC, UNIÃO, PATRIOTA, NOVO",15,49361154,109413508,0.45114314404396944,230,0.44834307992202727,231.43643289455633,-1.436432894556333,25.563567105443667,0.9937934020301342,false,false,neither,false,217,227,false,false,false,false,false
2022,17,32,PSDB,PL,"PSDB, PSD, PMB, PODE, PROS, PRTB, AGIR, PTB, PP, DC, REPUBLICANOS, PSC, UNIÃO, PATRIOTA, NOVO, PL",16,67537075,109413508,0.6172645063167155,329,0.6413255360623782,316.656691740475,12.343308259524974,-59.656691740475026,1.0389800960519138,true,true,votes+seats,false,316,230,false,false,false,false,true
2022,18,18,PSD,PSD,PSD,1,8293956,109413508,0.07580376638687063,42,0.08187134502923976,38.88733215646463,3.1126678435353696,218.11266784353538,1.08004323441401,false,false,neither,false,0,0,false,false,false,false,false
2022,18,19,PSD,PMB,"PSD, PMB",2,8377011,109413508,0.07656285913070258,42,0.08187134502923976,39.27674673405043,2.723253265949573,217.72325326594958,1.069335000792942,false,false,neither,false,0,42,false,false,false,false,false
2022,18,20,PSD,PODE,"PSD, PMB, PODE",3,11989077,109413508,0.10957583957549373,54,0.10526315789473684,56.21240570222828,-2.2124057022282813,200.7875942977717,0.9606420384505874,false,false,neither,false,12,42,false,false,false,false,false
2022,18,21,PSD,PROS,"PSD, PMB, PODE, PROS",4,12788738,109413508,0.11688445269481718,57,0.1111111111111111,59.96172423244121,-2.961724232441213,197.0382757675588,0.9506064198394277,false,false,neither,false,15,54,false,false,false,false,false
2022,18,22,PSD,PRTB,"PSD, PMB, PODE, PROS, PRTB",5,13027585,109413508,0.11906742812779571,57,0.1111111111111111,61.0815906295592,-4.0815906295592015,195.9184093704408,0.9331780559823208,false,false,neither,false,15,57,false,false,false,false,false
2022,18,23,PSD,AGIR,"PSD, PMB, PODE, PROS, PRTB, AGIR",6,13186453,109413508,0.12051942434749464,57,0.1111111111111111,61.82646469026475,-4.82646469026475,195.17353530973526,0.9219352955980236,false,false,neither,false,15,57,false,false,false,false,false
2022,18,24,PSD,PTB,"PSD, PMB, PODE, PROS, PRTB, AGIR, PTB",7,14609105,109413508,0.1335219505072445,58,0.11306042884990253,68.49676061021643,-10.496760610216427,188.50323938978357,0.8467553718350468,false,false,neither,false,16,57,false,false,false,false,false
2022,18,25,PSD,PP,"PSD, PMB, PODE, PROS, PRTB, AGIR, PTB, PP",8,23302023,109413508,0.21297208567702627,105,0.2046783625730994,109.25467995231448,-4.254679952314476,147.74532004768554,0.9610572292722702,false,false,neither,false,63,58,false,false,false,false,false
2022,18,26,PSD,DC,"PSD, PMB, PODE, PROS, PRTB, AGIR, PTB, PP, DC",9,23399764,109413508,0.2138654031639311,105,0.2046783625730994,109.71295182309666,-4.71295182309666,147.28704817690334,0.9570428855957142,false,false,neither,false,63,105,false,false,false,false,false
2022,18,27,PSD,REPUBLICANOS,"PSD, PMB, PODE, PROS, PRTB, AGIR, PTB, PP, DC, REPUBLICANOS",10,31010658,109413508,0.28342622923670446,145,0.2826510721247563,145.3976555984294,-0.39765559842939524,111.6023444015706,0.9972650480725241,false,false,neither,false,103,105,false,false,false,false,false
2022,18,28,PSD,PSC,"PSD, PMB, PODE, PROS, PRTB, AGIR, PTB, PP, DC, REPUBLICANOS, PSC",11,32955336,109413508,0.301199884752804,151,0.29434697855750486,154.51554087818846,-3.5155408781884603,102.48445912181154,0.9772479786938718,false,false,neither,false,109,145,false,false,false,false,false
2022,18,29,PSD,UNIÃO,"PSD, PMB, PODE, PROS, PRTB, AGIR, PTB, PP, DC, REPUBLICANOS, PSC, UNIÃO",12,43170769,109413508,0.3945652578838803,210,0.4093567251461988,202.41197729443059,7.588022705569415,54.588022705569415,1.0374880123547818,false,false,neither,false,168,151,false,false,false,false,false
2022,18,30,PSD,PATRIOTA,"PSD, PMB, PODE, PROS, PRTB, AGIR, PTB, PP, DC, REPUBLICANOS, PSC, UNIÃO, PATRIOTA",13,44697339,109413508,0.4085175570826227,214,0.4171539961013645,209.56950678338546,4.430493216614536,47.430493216614536,1.0211409249590588,false,false,neither,false,172,210,false,false,false,false,false
2022,18,31,PSD,NOVO,"PSD, PMB, PODE, PROS, PRTB, AGIR, PTB, PP, DC, REPUBLICANOS, PSC, UNIÃO, PATRIOTA, NOVO",14,46052093,109413508,0.4208995200117338,217,0.42300194931773877,215.92145376601945,1.0785462339805463,41.078546233980546,1.004995086014701,false,false,neither,false,175,214,false,false,false,false,false
2022,18,32,PSD,PL,"PSD, PMB, PODE, PROS, PRTB, AGIR, PTB, PP, DC, REPUBLICANOS, PSC, UNIÃO, PATRIOTA, NOVO, PL",15,64228014,109413508,0.5870208822844799,316,0.6159844054580896,301.1417126119382,14.858287388061797,-44.1417126119382,1.049339851524351,true,true,votes+seats,false,274,217,false,false,false,false,true
2022,19,19,PMB,PMB,PMB,1,83055,109413508,0.0007590927438319591,0,0.0,0.389414577585795,-0.389414577585795,256.6105854224142,0.0,false,false,neither,false,0,0,false,false,false,false,false
2022,19,20,PMB,PODE,"PMB, PODE",2,3695121,109413508,0.03377207318862311,12,0.023391812865497075,17.325073545763654,-5.325073545763654,239.67492645423636,0.6926377523479116,false,false,neither,false,12,0,false,false,false,false,false
2022,19,21,PMB,PROS,"PMB, PODE, PROS",3,4494782,109413508,0.04108068630794655,15,0.029239766081871343,21.07439207597658,-6.074392075976579,235.9256079240234,0.7117643036118234,false,false,neither,false,15,12,false,false,false,false,false
2022,19,22,PMB,PRTB,"PMB, PODE, PROS, PRTB",4,4733629,109413508,0.04326366174092508,15,0.029239766081871343,22.194258473094568,-7.194258473094568,234.80574152690542,0.6758504690834366,false,false,neither,false,15,15,false,false,false,false,false
2022,19,23,PMB,AGIR,"PMB, PODE, PROS, PRTB, AGIR",5,4892497,109413508,0.044715657960624024,15,0.029239766081871343,22.939132533800123,-7.939132533800123,234.06086746619988,0.6539044132509348,false,false,neither,false,15,15,false,false,false,false,false
2022,19,24,PMB,PTB,"PMB, PODE, PROS, PRTB, AGIR, PTB",6,6315149,109413508,0.057718184120373876,16,0.031189083820662766,29.6094284537518,-13.6094284537518,227.3905715462482,0.5403684176137026,false,false,neither,false,16,15,false,false,false,false,false
2022,19,25,PMB,PP,"PMB, PODE, PROS, PRTB, AGIR, PTB, PP",7,15008067,109413508,0.13716831929015566,63,0.12280701754385964,70.36734779584985,-7.367347795849852,186.63265220415013,0.895301613225156,false,false,neither,false,63,16,false,false,false,false,false
2022,19,26,PMB,DC,"PMB, PODE, PROS, PRTB, AGIR, PTB, PP, DC",8,15105808,109413508,0.13806163677706046,63,0.12280701754385964,70.82561966663202,-7.825619666632022,186.174380333368,0.8895086311497689,false,false,neither,false,63,63,false,false,false,false,false
2022,19,27,PMB,REPUBLICANOS,"PMB, PODE, PROS, PRTB, AGIR, PTB, PP, DC, REPUBLICANOS",9,22716702,109413508,0.20762246284983385,103,0.20077972709551656,106.51032344196477,-3.510323441964772,150.48967655803523,0.9670424112092996,false,false,neither,false,103,63,false,false,false,false,false
2022,19,28,PMB,PSC,"PMB, PODE, PROS, PRTB, AGIR, PTB, PP, DC, REPUBLICANOS, PSC",10,24661380,109413508,0.2253961183659334,109,0.2124756335282651,115.62820872172384,-6.628208721723837,141.37179127827616,0.9426765423852964,false,false,neither,false,109,103,false,false,false,false,false
2022,19,29,PMB,UNIÃO,"PMB, PODE, PROS, PRTB, AGIR, PTB, PP, DC, REPUBLICANOS, PSC, UNIÃO",11,34876813,109413508,0.31876149149700966,168,0.32748538011695905,163.52464513796596,4.475354862034038,93.47535486203404,1.0273680756699284,false,false,neither,false,168,109,false,false,false,false,false
2022,19,30,PMB,PATRIOTA,"PMB, PODE, PROS, PRTB, AGIR, PTB, PP, DC, REPUBLICANOS, PSC, UNIÃO, PATRIOTA",12,36403383,109413508,0.33271379069575213,172,0.33528265107212474,170.68217462692084,1.3178253730791596,86.31782537307916,1.0077209314678564,false,false,neither,false,172,168,false,false,false,false,false
2022,19,31,PMB,NOVO,"PMB, PODE, PROS, PRTB, AGIR, PTB, PP, DC, REPUBLICANOS, PSC, UNIÃO, PATRIOTA, NOVO",13,37758137,109413508,0.3450957536248632,175,0.341130604288499,177.03412160955483,-2.0341216095548305,79.96587839044517,0.988510002529111,false,false,neither,false,175,172,false,false,false,false,false
2022,19,32,PMB,PL,"PMB, PODE, PROS, PRTB, AGIR, PTB, PP, DC, REPUBLICANOS, PSC, UNIÃO, PATRIOTA, NOVO, PL",14,55934058,109413508,0.5112171158976093,274,0.5341130604288499,262.2543804554736,11.745619544526392,-5.254380455473608,1.0447871243337368,true,true,votes+seats,false,274,175,false,false,false,false,true
2022,20,20,PODE,PODE,PODE,1,3612066,109413508,0.03301298044479115,12,0.023391812865497075,16.93565896817786,-4.9356589681778615,240.06434103182215,0.7085641026751911,false,false,neither,false,0,0,false,false,false,false,false
2022,20,21,PODE,PROS,"PODE, PROS",2,4411727,109413508,0.04032159356411459,15,0.029239766081871343,20.684977498390786,-5.684977498390786,236.3150225016092,0.7251639505610747,false,false,neither,false,3,12,false,false,false,false,false
2022,20,22,PODE,PRTB,"PODE, PROS, PRTB",3,4650574,109413508,0.04250456899709312,15,0.029239766081871343,21.80484389550877,-6.804843895508771,235.19515610449122,0.687920540586379,false,false,neither,false,3,15,false,false,false,false,false
2022,20,23,PODE,AGIR,"PODE, PROS, PRTB, AGIR",4,4809442,109413508,0.04395656521679206,15,0.029239766081871343,22.549717956214327,-7.549717956214327,234.45028204378568,0.6651967900053601,false,false,neither,false,3,15,false,false,false,false,false
2022,20,24,PODE,PTB,"PODE, PROS, PRTB, AGIR, PTB",5,6232094,109413508,0.05695909137654192,16,0.031189083820662766,29.220013876166004,-13.220013876166004,227.779986123834,0.5475698973931966,false,false,neither,false,4,15,false,false,false,false,false
2022,20,25,PODE,PP,"PODE, PROS, PRTB, AGIR, PTB, PP",6,14925012,109413508,0.1364092265463237,63,0.12280701754385964,69.97793321826406,-6.977933218264056,187.02206678173593,0.9002838052318637,false,false,neither,false,51,16,false,false,false,false,false
2022,20,26,PODE,DC,"PODE, PROS, PRTB, AGIR, PTB, PP, DC",7,15022753,109413508,0.1373025440332285,63,0.12280701754385964,70.43620508904623,-7.436205089046226,186.5637949109538,0.8944263808698198,false,false,neither,false,51,63,false,false,false,false,false
2022,20,27,PODE,REPUBLICANOS,"PODE, PROS, PRTB, AGIR, PTB, PP, DC, REPUBLICANOS",8,22633647,109413508,0.2068633701060019,103,0.20077972709551656,106.12090886437898,-3.1209088643789755,150.87909113562102,0.9705910088994106,false,false,neither,false,91,63,false,false,false,false,false
2022,20,28,PODE,PSC,"PODE, PROS, PRTB, AGIR, PTB, PP, DC, REPUBLICANOS, PSC",9,24578325,109413508,0.22463702562210144,109,0.2124756335282651,115.23879414413804,-6.238794144138041,141.76120585586196,0.9458620320485591,false,false,neither,false,97,103,false,false,false,false,false
2022,20,29,PODE,UNIÃO,"PODE, PROS, PRTB, AGIR, PTB, PP, DC, REPUBLICANOS, PSC, UNIÃO",10,34793758,109413508,0.3180023987531777,168,0.32748538011695905,163.13523056038017,4.864769439619835,93.86476943961983,1.029820471169281,false,false,neither,false,156,109,false,false,false,false,false
2022,20,30,PODE,PATRIOTA,"PODE, PROS, PRTB, AGIR, PTB, PP, DC, REPUBLICANOS, PSC, UNIÃO, PATRIOTA",11,36320328,109413508,0.3319546979519202,172,0.33528265107212474,170.29276004933504,1.707239950664956,86.70723995066496,1.0100253231562537,false,false,neither,false,160,168,false,false,false,false,false
2022,20,31,PODE,NOVO,"PODE, PROS, PRTB, AGIR, PTB, PP, DC, REPUBLICANOS, PSC, UNIÃO, PATRIOTA, NOVO",12,37675082,109413508,0.34433666088103126,175,0.341130604288499,176.64470703196903,-1.644707031969034,80.35529296803097,0.9906891802216786,false,false,neither,false,163,172,false,false,false,false,false
2022,20,32,PODE,PL,"PODE, PROS, PRTB, AGIR, PTB, PP, DC, REPUBLICANOS, PSC, UNIÃO, PATRIOTA, NOVO, PL",13,55851003,109413508,0.5104580231537773,274,0.5341130604288499,261.86496587788776,12.135034122112245,-4.864965877887755,1.0463408080627747,true,true,votes+seats,false,262,175,false,false,false,false,true
2022,21,21,PROS,PROS,PROS,1,799661,109413508,0.0073086131193234385,3,0.005847953216374269,3.749318530212924,-0.7493185302129239,253.25068146978708,0.8001454066453058,false,false,neither,false,0,0,false,false,false,false,false
2022,21,22,PROS,PRTB,"PROS, PRTB",2,1038508,109413508,0.00949158855230197,3,0.005847953216374269,4.8691849273309105,-1.8691849273309105,252.1308150726691,0.6161195445999375,false,false,neither,false,0,3,false,false,false,false,false
2022,21,23,PROS,AGIR,"PROS, PRTB, AGIR",3,1197376,109413508,0.010943584772000912,3,0.005847953216374269,5.614058988036468,-2.6140589880364677,251.38594101196352,0.5343727250449247,false,false,neither,false,0,3,false,false,false,false,false
2022,21,24,PROS,PTB,"PROS, PRTB, AGIR, PTB",4,2620028,109413508,0.023946110931750766,4,0.007797270955165692,12.284354907988144,-8.284354907988144,244.71564509201187,0.3256174239478315,false,false,neither,false,1,3,false,false,false,false,false
2022,21,25,PROS,PP,"PROS, PRTB, AGIR, PTB, PP",5,11312946,109413508,0.10339624610153254,51,0.09941520467836257,53.042274250086194,-2.0422742500861943,203.9577257499138,0.9614972344425281,false,false,neither,false,48,4,false,false,false,false,false
2022,21,26,PROS,DC,"PROS, PRTB, AGIR, PTB, PP, DC",6,11410687,109413508,0.10428956358843736,51,0.09941520467836257,53.500546120868364,-2.500546120868364,203.49945387913164,0.9532612972731319,false,false,neither,false,48,51,false,false,false,false,false
2022,21,27,PROS,REPUBLICANOS,"PROS, PRTB, AGIR, PTB, PP, DC, REPUBLICANOS",7,19021581,109413508,0.17385038966121075,91,0.17738791423001948,89.18524989620111,1.814750103798886,167.81475010379887,1.0203480968647953,false,false,neither,false,88,51,false,false,false,false,false
2022,21,28,PROS,PSC,"PROS, PRTB, AGIR, PTB, PP, DC, REPUBLICANOS, PSC",8,20966259,109413508,0.19162404517731027,97,0.18908382066276802,98.30313517596016,-1.3031351759601648,158.69686482403984,0.9867437068652227,false,false,neither,false,94,91,false,false,false,false,false
2022,21,29,PROS,UNIÃO,"PROS, PRTB, AGIR, PTB, PP, DC, REPUBLICANOS, PSC, UNIÃO",9,31181692,109413508,0.2849894183083866,156,0.30409356725146197,146.19957159220232,9.800428407797682,110.80042840779768,1.0670345904646987,false,false,neither,false,153,97,false,false,false,false,false
2022,21,30,PROS,PATRIOTA,"PROS, PRTB, AGIR, PTB, PP, DC, REPUBLICANOS, PSC, UNIÃO, PATRIOTA",10,32708262,109413508,0.298941717507129,160,0.31189083820662766,153.35710108115717,6.642898918842832,103.64289891884283,1.0433165394494994,false,false,neither,false,157,156,false,false,false,false,false
2022,21,31,PROS,NOVO,"PROS, PRTB, AGIR, PTB, PP, DC, REPUBLICANOS, PSC, UNIÃO, PATRIOTA, NOVO",11,34063016,109413508,0.3113236804362401,163,0.31773879142300193,159.70904806379116,3.2909519362088417,97.29095193620884,1.020605920429094,false,false,neither,false,160,160,false,false,false,false,false
2022,21,32,PROS,PL,"PROS, PRTB, AGIR, PTB, PP, DC, REPUBLICANOS, PSC, UNIÃO, PATRIOTA, NOVO, PL",12,52238937,109413508,0.4774450427089862,262,0.5107212475633528,244.9293069097099,17.070693090290092,12.070693090290092,1.0696964087543146,false,true,seats_only,true,259,163,false,false,false,false,true
2022,22,22,PRTB,PRTB,PRTB,1,238847,109413508,0.0021829754329785313,0,0.0,1.1198663971179865,-1.1198663971179865,255.880133602882,0.0,false,false,neither,false,0,0,false,false,false,false,false
2022,22,23,PRTB,AGIR,"PRTB, AGIR",2,397715,109413508,0.003634971652677474,0,0.0,1.8647404578235443,-1.8647404578235443,255.13525954217644,0.0,false,false,neither,false,0,0,false,false,false,false,false
2022,22,24,PRTB,PTB,"PRTB, AGIR, PTB",3,1820367,109413508,0.016637497812427328,1,0.001949317738791423,8.535036377775219,-7.535036377775219,248.4649636222248,0.11716411691037977,false,false,neither,false,1,0,false,false,false,false,false
2022,22,25,PRTB,PP,"PRTB, AGIR, PTB, PP",4,10513285,109413508,0.09608763298220911,48,0.0935672514619883,49.29295571987328,-1.2929557198732766,207.70704428012672,0.9737699697453525,false,false,neither,false,48,1,false,false,false,false,false
2022,22,26,PRTB,DC,"PRTB, AGIR, PTB, PP, DC",5,10611026,109413508,0.09698095046911392,48,0.0935672514619883,49.751227590655446,-1.7512275906554464,207.24877240934455,0.9648003139728683,false,false,neither,false,48,48,false,false,false,false,false
2022,22,27,PRTB,REPUBLICANOS,"PRTB, AGIR, PTB, PP, DC, REPUBLICANOS",6,18221920,109413508,0.16654177654188732,88,0.17153996101364521,85.4359313659882,2.5640686340118037,171.5640686340118,1.0300115957421698,false,false,neither,false,88,48,false,false,false,false,false
2022,22,28,PRTB,PSC,"PRTB, AGIR, PTB, PP, DC, REPUBLICANOS, PSC",7,20166598,109413508,0.18431543205798684,94,0.18323586744639375,94.55381664574725,-0.5538166457472471,162.44618335425275,0.9941428419772609,false,false,neither,false,94,88,false,false,false,false,false
2022,22,29,PRTB,UNIÃO,"PRTB, AGIR, PTB, PP, DC, REPUBLICANOS, PSC, UNIÃO",8,30382031,109413508,0.27768080518906313,153,0.2982456140350877,142.45025306198937,10.549746938010628,114.54974693801063,1.0740591659982504,false,false,neither,false,153,94,false,false,false,false,false
2022,22,30,PRTB,PATRIOTA,"PRTB, AGIR, PTB, PP, DC, REPUBLICANOS, PSC, UNIÃO, PATRIOTA",9,31908601,109413508,0.2916331043878056,157,0.3060428849902534,149.60778255094428,7.392217449055721,107.39221744905572,1.0494106477818996,false,false,neither,false,157,153,false,false,false,false,false
2022,22,31,PRTB,NOVO,"PRTB, AGIR, PTB, PP, DC, REPUBLICANOS, PSC, UNIÃO, PATRIOTA, NOVO",10,33263355,109413508,0.3040150673169167,160,0.31189083820662766,155.95972953357827,4.040270466421731,101.04027046642173,1.0259058570985267,false,false,neither,false,160,157,false,false,false,false,false
2022,22,32,PRTB,PL,"PRTB, AGIR, PTB, PP, DC, REPUBLICANOS, PSC, UNIÃO, PATRIOTA, NOVO, PL",11,51439276,109413508,0.47013642958966273,259,0.5048732943469786,241.179988379497,17.82001162050301,15.82001162050301,1.0738867753507941,false,true,seats_only,true,259,160,false,false,false,false,true
2022,23,23,AGIR,AGIR,AGIR,1,158868,109413508,0.0014519962196989425,0,0.0,0.7448740607055575,-0.7448740607055575,256.25512593929443,0.0,false,false,neither,false,0,0,false,false,false,false,false
2022,23,24,AGIR,PTB,"AGIR, PTB",2,1581520,109413508,0.014454522379448798,1,0.001949317738791423,7.415169980657233,-6.415169980657233,249.58483001934277,0.13485867520347342,false,false,neither,false,1,0,false,false,false,false,false
2022,23,25,AGIR,PP,"AGIR, PTB, PP",3,10274438,109413508,0.09390465754923058,48,0.0935672514619883,48.17308932275529,-0.17308932275528832,208.8269106772447,0.9964069291550807,false,false,neither,false,48,1,false,false,false,false,false
2022,23,26,AGIR,DC,"AGIR, PTB, PP, DC",4,10372179,109413508,0.09479797503613539,48,0.0935672514619883,48.63136119353746,-0.6313611935374581,208.36863880646254,0.9870174065039051,false,false,neither,false,48,48,false,false,false,false,false
2022,23,27,AGIR,REPUBLICANOS,"AGIR, PTB, PP, DC, REPUBLICANOS",5,17983073,109413508,0.16435880110890877,88,0.17153996101364521,84.3160649688702,3.6839350311298062,172.6839350311298,1.0436919705929104,false,false,neither,false,88,48,false,false,false,false,false
2022,23,28,AGIR,PSC,"AGIR, PTB, PP, DC, REPUBLICANOS, PSC",6,19927751,109413508,0.18213245662500832,94,0.18323586744639375,93.43395024862927,0.566049751370727,163.5660497513707,1.006058287698042,false,false,neither,false,94,88,false,false,false,false,false
2022,23,29,AGIR,UNIÃO,"AGIR, PTB, PP, DC, REPUBLICANOS, PSC, UNIÃO",7,30143184,109413508,0.2754978297560846,153,0.2982456140350877,141.3303866648714,11.669613335128588,115.66961333512859,1.0825697403828667,false,false,neither,false,153,94,false,false,false,false,false
2022,23,30,AGIR,PATRIOTA,"AGIR, PTB, PP, DC, REPUBLICANOS, PSC, UNIÃO, PATRIOTA",8,31669754,109413508,0.289450128954827,157,0.3060428849902534,148.48791615382626,8.512083846173738,108.51208384617374,1.0573250946383788,false,false,neither,false,157,153,false,false,false,false,false
2022,23,31,AGIR,NOVO,"AGIR, PTB, PP, DC, REPUBLICANOS, PSC, UNIÃO, PATRIOTA, NOVO",9,33024508,109413508,0.3018320918839381,160,0.31189083820662766,154.83986313646025,5.160136863539748,102.16013686353975,1.0333256356536051,false,false,neither,false,160,157,false,false,false,false,false
2022,23,32,AGIR,PL,"AGIR, PTB, PP, DC, REPUBLICANOS, PSC, UNIÃO, PATRIOTA, NOVO, PL",10,51200429,109413508,0.4679534541566842,259,0.5048732943469786,240.060121982379,18.939878017620998,16.939878017620998,1.0788963942083276,false,true,seats_only,true,259,160,false,false,false,false,true
2022,24,24,PTB,PTB,PTB,1,1422652,109413508,0.013002526159749854,1,0.001949317738791423,6.670295919951675,-5.670295919951675,250.32970408004832,0.14991838623064338,false,false,neither,false,0,0,false,false,false,false,false
2022,24,25,PTB,PP,"PTB, PP",2,10115570,109413508,0.09245266132953163,48,0.0935672514619883,47.428215262049726,0.5717847379502743,209.57178473795028,1.01205579283958,false,false,neither,false,47,1,false,false,false,false,false
2022,24,26,PTB,DC,"PTB, PP, DC",3,10213311,109413508,0.09334597881643646,48,0.0935672514619883,47.8864871328319,0.11351286716809739,209.11351286716808,1.0023704571783105,false,false,neither,false,47,48,false,false,false,false,false
2022,24,27,PTB,REPUBLICANOS,"PTB, PP, DC, REPUBLICANOS",4,17824205,109413508,0.16290680488920983,88,0.17153996101364521,83.57119090816464,4.428809091835362,173.42880909183538,1.0529944475327881,false,false,neither,false,87,48,false,false,false,false,false
2022,24,28,PTB,PSC,"PTB, PP, DC, REPUBLICANOS, PSC",5,19768883,109413508,0.18068046040530936,94,0.18323586744639375,92.6890761879237,1.3109238120762967,164.31092381207628,1.014143239591885,false,false,neither,false,93,88,false,false,false,false,false
2022,24,29,PTB,UNIÃO,"PTB, PP, DC, REPUBLICANOS, PSC, UNIÃO",6,29984316,109413508,0.2740458335363857,153,0.2982456140350877,140.58551260416584,12.414487395834158,116.41448739583416,1.0883055954050438,false,false,neither,false,152,94,false,false,false,false,false
2022,24,30,PTB,PATRIOTA,"PTB, PP, DC, REPUBLICANOS, PSC, UNIÃO, PATRIOTA",7,31510886,109413508,0.2879981327351281,157,0.3060428849902534,147.74304209312072,9.256957906879279,109.25695790687928,1.0626557960072647,false,false,neither,false,156,153,false,false,false,false,false
2022,24,31,PTB,NOVO,"PTB, PP, DC, REPUBLICANOS, PSC, UNIÃO, PATRIOTA, NOVO",8,32865640,109413508,0.3003800956642392,160,0.31189083820662766,154.0949890757547,5.905010924245289,102.90501092424529,1.0383205901740409,false,false,neither,false,159,157,false,false,false,false,false
2022,24,32,PTB,PL,"PTB, PP, DC, REPUBLICANOS, PSC, UNIÃO, PATRIOTA, NOVO, PL",9,51041561,109413508,0.4665014579369853,259,0.5048732943469786,239.31524792167346,19.68475207832654,17.68475207832654,1.0822544833615,false,true,seats_only,true,258,160,false,false,false,false,true
2022,25,25,PP,PP,PP,1,8692918,109413508,0.07945013516978178,47,0.09161793372319688,40.75791934209805,6.242080657901951,216.24208065790197,1.153150130297614,false,false,neither,false,0,0,false,false,false,false,false
2022,25,26,PP,DC,"PP, DC",2,8790659,109413508,0.08034345265668659,47,0.09161793372319688,41.21619121288022,5.783808787119781,215.78380878711977,1.1403285606194566,false,false,neither,false,0,47,false,false,false,false,false
2022,25,27,PP,REPUBLICANOS,"PP, DC, REPUBLICANOS",3,16401553,109413508,0.14990427872946,87,0.1695906432748538,76.90089498821298,10.099105011787017,180.099105011787,1.1313262350631286,false,false,neither,false,40,47,false,false,false,false,false
2022,25,28,PP,PSC,"PP, DC, REPUBLICANOS, PSC",4,18346231,109413508,0.16767793424555952,93,0.18128654970760233,86.01878026797203,6.9812197320279665,170.98121973202797,1.0811592504599525,false,false,neither,false,46,87,false,false,false,false,false
2022,25,29,PP,UNIÃO,"PP, DC, REPUBLICANOS, PSC, UNIÃO",5,28561664,109413508,0.2610433073766358,152,0.2962962962962963,133.91521668421416,18.08478331578584,123.08478331578584,1.1350465149784406,false,false,neither,false,105,93,false,false,false,false,false
2022,25,30,PP,PATRIOTA,"PP, DC, REPUBLICANOS, PSC, UNIÃO, PATRIOTA",6,30088234,109413508,0.27499560657537825,156,0.30409356725146197,141.07274617316904,14.927253826830963,115.92725382683096,1.1058124565641299,false,false,neither,false,109,152,false,false,false,false,false
2022,25,31,PP,NOVO,"PP, DC, REPUBLICANOS, PSC, UNIÃO, PATRIOTA, NOVO",7,31442988,109413508,0.28737756950448934,159,0.30994152046783624,147.42469315580303,11.575306844196973,109.57530684419697,1.0785167436771521,false,false,neither,false,112,156,false,false,false,false,false
2022,25,32,PP,PL,"PP, DC, REPUBLICANOS, PSC, UNIÃO, PATRIOTA, NOVO, PL",8,49618909,109413508,0.4534989317772354,258,0.5029239766081871,232.64495200172175,25.355047998278252,24.355047998278252,1.108986022607061,false,true,seats_only,true,211,159,true,true,true,true,true
2022,26,26,DC,DC,DC,1,97741,109413508,0.0008933174869048162,0,0.0,0.4582718707821707,-0.4582718707821707,256.5417281292178,0.0,false,false,neither,false,0,0,false,false,false,false,false
2022,26,27,DC,REPUBLICANOS,"DC, REPUBLICANOS",2,7708635,109413508,0.0704541435596782,40,0.07797270955165692,36.14297564611492,3.8570243538850804,220.8570243538851,1.10671573894884,false,false,neither,false,40,0,false,false,false,false,false
2022,26,28,DC,PSC,"DC, REPUBLICANOS, PSC",3,9653313,109413508,0.08822779907577774,46,0.08966861598440545,45.26086092587398,0.7391390741260224,211.73913907412603,1.016330645484993,false,false,neither,false,46,40,false,false,false,false,false
2022,26,29,DC,UNIÃO,"DC, REPUBLICANOS, PSC, UNIÃO",4,19868746,109413508,0.18159317220685403,105,0.2046783625730994,93.15729734211612,11.842702657883876,163.84270265788388,1.1271258720011172,false,false,neither,false,105,46,false,false,false,false,false
2022,26,30,DC,PATRIOTA,"DC, REPUBLICANOS, PSC, UNIÃO, PATRIOTA",5,21395316,109413508,0.19554547140559647,109,0.2124756335282651,100.31482683107099,8.685173168929012,156.685173168929,1.0865791572720824,false,false,neither,false,109,105,false,false,false,false,false
2022,26,31,DC,NOVO,"DC, REPUBLICANOS, PSC, UNIÃO, PATRIOTA, NOVO",6,22750070,109413508,0.20792743433470756,112,0.21832358674463936,106.66677381370498,5.333226186295022,150.333226186295,1.049998945272401,false,false,neither,false,112,109,false,false,false,false,false
2022,26,32,DC,PL,"DC, REPUBLICANOS, PSC, UNIÃO, PATRIOTA, NOVO, PL",7,40925991,109413508,0.3740487966074536,211,0.41130604288499023,191.88703265962369,19.112967340376315,65.11296734037631,1.0996053098297665,false,false,neither,false,211,112,false,false,false,false,false
2022,27,27,REPUBLICANOS,REPUBLICANOS,REPUBLICANOS,1,7610894,109413508,0.06956082607277339,40,0.07797270955165692,35.68470377533275,4.31529622466725,221.31529622466724,1.1209284586425576,false,false,neither,false,0,0,false,false,false,false,false
2022,27,28,REPUBLICANOS,PSC,"REPUBLICANOS, PSC",2,9555572,109413508,0.08733448158887291,46,0.08966861598440545,44.80258905509181,1.1974109449081922,212.1974109449082,1.026726378322373,false,false,neither,false,6,40,false,false,false,false,false
2022,27,29,REPUBLICANOS,UNIÃO,"REPUBLICANOS, PSC, UNIÃO",3,19771005,109413508,0.1806998547199492,105,0.2046783625730994,92.69902547133394,12.30097452866606,164.30097452866607,1.132697991873388,false,false,neither,false,65,46,false,false,false,false,false
2022,27,30,REPUBLICANOS,PATRIOTA,"REPUBLICANOS, PSC, UNIÃO, PATRIOTA",4,21297575,109413508,0.19465215391869164,109,0.2124756335282651,99.85655496028882,9.143445039711182,157.1434450397112,1.0915657969909673,false,false,neither,false,69,105,false,false,false,false,false
2022,27,31,REPUBLICANOS,NOVO,"REPUBLICANOS, PSC, UNIÃO, PATRIOTA, NOVO",5,22652329,109413508,0.20703411684780273,112,0.21832358674463936,106.20850194292281,5.791498057077192,150.7914980570772,1.0545295145975186,false,false,neither,false,72,109,false,false,false,false,false
2022,27,32,REPUBLICANOS,PL,"REPUBLICANOS, PSC, UNIÃO, PATRIOTA, NOVO, PL",6,40828250,109413508,0.3731554791205488,211,0.41130604288499023,191.42876078884154,19.571239211158456,65.57123921115846,1.102237715641626,false,false,neither,false,171,112,false,false,false,false,false
2022,28,28,PSC,PSC,PSC,1,1944678,109413508,0.01777365551609953,6,0.011695906432748537,9.11788527975906,-3.1178852797590597,247.88211472024093,0.658047323025603,false,false,neither,false,0,0,false,false,false,false,false
2022,28,29,PSC,UNIÃO,"PSC, UNIÃO",2,12160111,109413508,0.11113902864717581,65,0.1267056530214425,57.01432169600119,7.98567830399881,199.9856783039988,1.1400644270851494,false,false,neither,false,59,6,false,false,false,false,false
2022,28,30,PSC,PATRIOTA,"PSC, UNIÃO, PATRIOTA",3,13686681,109413508,0.12509132784591825,69,0.13450292397660818,64.17185118495607,4.828148815043932,192.82814881504393,1.0752377985968995,false,false,neither,false,63,65,false,false,false,false,false
2022,28,31,PSC,NOVO,"PSC, UNIÃO, PATRIOTA, NOVO",4,15041435,109413508,0.13747329077502934,72,0.14035087719298245,70.52379816759006,1.4762018324099415,186.47620183240994,1.0209319672332728,false,false,neither,false,66,69,false,false,false,false,false
2022,28,32,PSC,PL,"PSC, UNIÃO, PATRIOTA, NOVO, PL",5,33217356,109413508,0.30359465304777544,171,0.3333333333333333,155.7440570135088,15.255942986491192,101.25594298649119,1.0979552175475173,false,false,neither,false,165,72,false,false,false,false,false
2022,29,29,UNIÃO,UNIÃO,UNIÃO,1,10215433,109413508,0.09336537313107629,59,0.11500974658869395,47.89643641624214,11.103563583757861,209.10356358375788,1.2318244198224428,false,false,neither,false,0,0,false,false,false,false,false
2022,29,30,UNIÃO,PATRIOTA,"UNIÃO, PATRIOTA",2,11742003,109413508,0.10731767232981873,63,0.12280701754385964,55.05396590519701,7.9460340948029895,201.946034094803,1.1443317291343928,false,false,neither,false,4,59,false,false,false,false,false
2022,29,31,UNIÃO,NOVO,"UNIÃO, PATRIOTA, NOVO",3,13096757,109413508,0.11969963525892982,66,0.1286549707602339,61.405912887831,4.5940871121689995,195.594087112169,1.0748150608974893,false,false,neither,false,7,63,false,false,false,false,false
2022,29,32,UNIÃO,PL,"UNIÃO, PATRIOTA, NOVO, PL",4,31272678,109413508,0.2858209975316759,165,0.3216374269005848,146.62617173374974,18.373828266250257,110.37382826625026,1.125310700327185,false,false,neither,false,106,66,false,false,false,false,false
2022,30,30,PATRIOTA,PATRIOTA,PATRIOTA,1,1526570,109413508,0.013952299198742444,4,0.007797270955165692,7.157529488954874,-3.157529488954874,249.84247051104512,0.5588520461106854,false,false,neither,false,0,0,false,false,false,false,false
2022,30,31,PATRIOTA,NOVO,"PATRIOTA, NOVO",2,2881324,109413508,0.026334262127853537,7,0.01364522417153996,13.509476471588865,-6.509476471588865,243.49052352841113,0.518154794134426,false,false,neither,false,3,4,false,false,false,false,false
2022,30,32,PATRIOTA,PL,"PATRIOTA, NOVO, PL",3,21057245,109413508,0.1924556244005996,106,0.20662768031189083,98.72973531750759,7.27026468249241,158.2702646824924,1.0736380449021945,false,false,neither,false,102,7,false,false,false,false,false
2022,31,31,NOVO,NOVO,NOVO,1,1354754,109413508,0.012381962929111093,3,0.005847953216374269,6.351946982633991,-3.351946982633991,250.648053017366,0.4722961334850399,false,false,neither,false,0,0,false,false,false,false,false
2022,31,32,NOVO,PL,"NOVO, PL",2,19530675,109413508,0.17850332520185716,102,0.19883040935672514,91.57220582855273,10.427794171447275,165.42779417144726,1.1138751008244887,false,false,neither,false,99,3,false,false,false,false,false
2022,32,32,PL,PL,PL,1,18175921,109413508,0.16612136227274607,99,0.19298245614035087,85.22025884591874,13.779741154081265,171.77974115408125,1.1616956031428576,false,false,neither,false,0,0,false,false,false,false,false
